AC-ID,AC-TITLE,AAD-ID,AAD-TITLE,LABEL,SCORE
specifier-1.1,Décrire les types de données en entrée et sortie de chaque composant,BGD-CBD01,"Identifier les caractéristiques des données massives (volume, vélocité, variété, véracité)",0,0.0474793185
specifier-1.1,Décrire les types de données en entrée et sortie de chaque composant,BGD-CBD02,Expliquer les enjeux liés au traitement de données massives,0,0.1106187696
specifier-1.1,Décrire les types de données en entrée et sortie de chaque composant,BGD-CBD03,Expliquer les limites des systèmes de gestion de données traditionnels,0,0.1552210960
specifier-1.1,Décrire les types de données en entrée et sortie de chaque composant,BGD-ARC01,Décrire l'organisation générale d'un système Big Data,0,0.0930981901
specifier-1.1,Décrire les types de données en entrée et sortie de chaque composant,BGD-ARC02,"Expliquer le rôle des différentes couches (batch, temps réel, stockage)",0,0.0000693161
specifier-1.1,Décrire les types de données en entrée et sortie de chaque composant,BGD-ARC03,"Décrire les étapes de traitement des données (collecte, traitement, stockage)",0,0.2046326118
specifier-1.1,Décrire les types de données en entrée et sortie de chaque composant,BGD-STO01,Décrire les principes du stockage distribué des données,1,0.1701838461
specifier-1.1,Décrire les types de données en entrée et sortie de chaque composant,BGD-STO02,"Expliquer les mécanismes assurant la fiabilité des données (réplication, distribution)",0,0.0494719142
specifier-1.1,Décrire les types de données en entrée et sortie de chaque composant,BGD-STO03,Identifier différents types de bases de données adaptées au Big Data,0,0.2336996649
specifier-1.1,Décrire les types de données en entrée et sortie de chaque composant,BGD-STO04,"Manipuler des données dans une base NoSQL (requêtes, insertion, modification)",0,0.0224421111
specifier-1.1,Décrire les types de données en entrée et sortie de chaque composant,BGD-TRD01,Décrire le principe du traitement de données en mode batch,0,0.2293242497
specifier-1.1,Décrire les types de données en entrée et sortie de chaque composant,BGD-TRD02,Expliquer le fonctionnement du modèle MapReduce,0,-0.0001332530
specifier-1.1,Décrire les types de données en entrée et sortie de chaque composant,BGD-TRD03,Concevoir un traitement distribué à partir d'un problème donné,0,-0.0000618495
specifier-1.1,Décrire les types de données en entrée et sortie de chaque composant,BGD-TRD04,Identifier les limites des traitements batch pour certaines applications,0,0.0271405570
specifier-1.1,Décrire les types de données en entrée et sortie de chaque composant,BGD-TRT01,Expliquer les principes du traitement de données en flux,0,0.1854359448
specifier-1.1,Décrire les types de données en entrée et sortie de chaque composant,BGD-TRT02,Comparer les traitements batch et temps réel,0,0.0806629932
specifier-1.1,Décrire les types de données en entrée et sortie de chaque composant,BGD-TRT03,"Décrire les étapes d'un traitement de données en temps réel (collecte, traitement, stockage)",0,0.2280714125
specifier-1.1,Décrire les types de données en entrée et sortie de chaque composant,BGD-TRT04,Utiliser des outils de traitement de flux pour analyser des données en temps réel,0,0.1585418053
specifier-1.1,Décrire les types de données en entrée et sortie de chaque composant,BGD-COL01,Décrire les mécanismes de collecte de données dans un système distribué,1,0.2467141557
specifier-1.1,Décrire les types de données en entrée et sortie de chaque composant,BGD-COL02,Expliquer le principe d'échange de données entre producteurs et consommateurs,0,0.1077290150
specifier-1.1,Décrire les types de données en entrée et sortie de chaque composant,BGD-COL03,Interagir avec des services permettant d'accéder aux données (API),0,0.0227187022
specifier-1.1,Décrire les types de données en entrée et sortie de chaque composant,BGD-COL04,Mettre à disposition des données via une interface ou un service,0,0.0245301731
specifier-1.1,Décrire les types de données en entrée et sortie de chaque composant,BGD-SYS01,Mettre en place un environnement de travail pour le traitement de données,0,0.1721762714
specifier-1.1,Décrire les types de données en entrée et sortie de chaque composant,BGD-SYS02,Exécuter des traitements distribués sur un système Big Data,0,-0.0000219090
specifier-1.1,Décrire les types de données en entrée et sortie de chaque composant,BGD-SYS03,Interpréter les résultats produits par un traitement de données,0,0.1120538230
specifier-1.1,Décrire les types de données en entrée et sortie de chaque composant,BGD-PRJ01,Concevoir une architecture répondant à un besoin de traitement de données massives,0,0.1163012303
specifier-1.1,Décrire les types de données en entrée et sortie de chaque composant,BGD-PRJ02,Intégrer différents outils dans une chaîne de traitement cohérente,0,0.0471266811
specifier-1.1,Décrire les types de données en entrée et sortie de chaque composant,BGD-PRJ03,Exploiter et restituer les résultats d'un traitement de données,0,0.1747642185
specifier-1.2,Décomposer et organiser un processus,BGD-CBD01,"Identifier les caractéristiques des données massives (volume, vélocité, variété, véracité)",0,0.0000034517
specifier-1.2,Décomposer et organiser un processus,BGD-CBD02,Expliquer les enjeux liés au traitement de données massives,0,0.0000627861
specifier-1.2,Décomposer et organiser un processus,BGD-CBD03,Expliquer les limites des systèmes de gestion de données traditionnels,0,-0.0000128444
specifier-1.2,Décomposer et organiser un processus,BGD-ARC01,Décrire l'organisation générale d'un système Big Data,1,0.0523322256
specifier-1.2,Décomposer et organiser un processus,BGD-ARC02,"Expliquer le rôle des différentes couches (batch, temps réel, stockage)",1,-0.0000784014
specifier-1.2,Décomposer et organiser un processus,BGD-ARC03,"Décrire les étapes de traitement des données (collecte, traitement, stockage)",1,-0.0005123501
specifier-1.2,Décomposer et organiser un processus,BGD-STO01,Décrire les principes du stockage distribué des données,0,-0.0001201185
specifier-1.2,Décomposer et organiser un processus,BGD-STO02,"Expliquer les mécanismes assurant la fiabilité des données (réplication, distribution)",0,-0.0000185577
specifier-1.2,Décomposer et organiser un processus,BGD-STO03,Identifier différents types de bases de données adaptées au Big Data,0,0.0000141866
specifier-1.2,Décomposer et organiser un processus,BGD-STO04,"Manipuler des données dans une base NoSQL (requêtes, insertion, modification)",0,0.0000079591
specifier-1.2,Décomposer et organiser un processus,BGD-TRD01,Décrire le principe du traitement de données en mode batch,1,0.0000668904
specifier-1.2,Décomposer et organiser un processus,BGD-TRD02,Expliquer le fonctionnement du modèle MapReduce,0,-0.0001959138
specifier-1.2,Décomposer et organiser un processus,BGD-TRD03,Concevoir un traitement distribué à partir d'un problème donné,0,0.0999385918
specifier-1.2,Décomposer et organiser un processus,BGD-TRD04,Identifier les limites des traitements batch pour certaines applications,0,0.0001038958
specifier-1.2,Décomposer et organiser un processus,BGD-TRT01,Expliquer les principes du traitement de données en flux,0,0.0002734312
specifier-1.2,Décomposer et organiser un processus,BGD-TRT02,Comparer les traitements batch et temps réel,0,0.0684264726
specifier-1.2,Décomposer et organiser un processus,BGD-TRT03,"Décrire les étapes d'un traitement de données en temps réel (collecte, traitement, stockage)",1,0.0469438825
specifier-1.2,Décomposer et organiser un processus,BGD-TRT04,Utiliser des outils de traitement de flux pour analyser des données en temps réel,0,-0.0003251495
specifier-1.2,Décomposer et organiser un processus,BGD-COL01,Décrire les mécanismes de collecte de données dans un système distribué,0,0.0511476898
specifier-1.2,Décomposer et organiser un processus,BGD-COL02,Expliquer le principe d'échange de données entre producteurs et consommateurs,0,0.0539564819
specifier-1.2,Décomposer et organiser un processus,BGD-COL03,Interagir avec des services permettant d'accéder aux données (API),0,0.0000024217
specifier-1.2,Décomposer et organiser un processus,BGD-COL04,Mettre à disposition des données via une interface ou un service,0,0.0460515136
specifier-1.2,Décomposer et organiser un processus,BGD-SYS01,Mettre en place un environnement de travail pour le traitement de données,0,0.0482489820
specifier-1.2,Décomposer et organiser un processus,BGD-SYS02,Exécuter des traitements distribués sur un système Big Data,0,0.0462915744
specifier-1.2,Décomposer et organiser un processus,BGD-SYS03,Interpréter les résultats produits par un traitement de données,0,0.0539524786
specifier-1.2,Décomposer et organiser un processus,BGD-PRJ01,Concevoir une architecture répondant à un besoin de traitement de données massives,0,0.0464571947
specifier-1.2,Décomposer et organiser un processus,BGD-PRJ02,Intégrer différents outils dans une chaîne de traitement cohérente,0,-0.0001269738
specifier-1.2,Décomposer et organiser un processus,BGD-PRJ03,Exploiter et restituer les résultats d'un traitement de données,0,0.1310786557
specifier-1.3,Utiliser un langage formel,BGD-CBD01,"Identifier les caractéristiques des données massives (volume, vélocité, variété, véracité)",0,-0.0000084370
specifier-1.3,Utiliser un langage formel,BGD-CBD02,Expliquer les enjeux liés au traitement de données massives,0,0.0000430965
specifier-1.3,Utiliser un langage formel,BGD-CBD03,Expliquer les limites des systèmes de gestion de données traditionnels,0,-0.0000463133
specifier-1.3,Utiliser un langage formel,BGD-ARC01,Décrire l'organisation générale d'un système Big Data,0,0.0635564010
specifier-1.3,Utiliser un langage formel,BGD-ARC02,"Expliquer le rôle des différentes couches (batch, temps réel, stockage)",0,-0.0001992566
specifier-1.3,Utiliser un langage formel,BGD-ARC03,"Décrire les étapes de traitement des données (collecte, traitement, stockage)",0,-0.0019248581
specifier-1.3,Utiliser un langage formel,BGD-STO01,Décrire les principes du stockage distribué des données,0,-0.0001011964
specifier-1.3,Utiliser un langage formel,BGD-STO02,"Expliquer les mécanismes assurant la fiabilité des données (réplication, distribution)",0,0.0000198402
specifier-1.3,Utiliser un langage formel,BGD-STO03,Identifier différents types de bases de données adaptées au Big Data,0,-0.0000296270
specifier-1.3,Utiliser un langage formel,BGD-STO04,"Manipuler des données dans une base NoSQL (requêtes, insertion, modification)",0,0.0000120036
specifier-1.3,Utiliser un langage formel,BGD-TRD01,Décrire le principe du traitement de données en mode batch,0,0.0004226427
specifier-1.3,Utiliser un langage formel,BGD-TRD02,Expliquer le fonctionnement du modèle MapReduce,1,-0.0002032046
specifier-1.3,Utiliser un langage formel,BGD-TRD03,Concevoir un traitement distribué à partir d'un problème donné,0,0.1215577725
specifier-1.3,Utiliser un langage formel,BGD-TRD04,Identifier les limites des traitements batch pour certaines applications,0,0.0003454751
specifier-1.3,Utiliser un langage formel,BGD-TRT01,Expliquer les principes du traitement de données en flux,0,0.0004636270
specifier-1.3,Utiliser un langage formel,BGD-TRT02,Comparer les traitements batch et temps réel,0,-0.0011216994
specifier-1.3,Utiliser un langage formel,BGD-TRT03,"Décrire les étapes d'un traitement de données en temps réel (collecte, traitement, stockage)",0,0.0585418379
specifier-1.3,Utiliser un langage formel,BGD-TRT04,Utiliser des outils de traitement de flux pour analyser des données en temps réel,0,0.1151605630
specifier-1.3,Utiliser un langage formel,BGD-COL01,Décrire les mécanismes de collecte de données dans un système distribué,0,0.0620841917
specifier-1.3,Utiliser un langage formel,BGD-COL02,Expliquer le principe d'échange de données entre producteurs et consommateurs,0,-0.0000438202
specifier-1.3,Utiliser un langage formel,BGD-COL03,Interagir avec des services permettant d'accéder aux données (API),0,0.0000265078
specifier-1.3,Utiliser un langage formel,BGD-COL04,Mettre à disposition des données via une interface ou un service,0,0.0560096930
specifier-1.3,Utiliser un langage formel,BGD-SYS01,Mettre en place un environnement de travail pour le traitement de données,0,0.0586512600
specifier-1.3,Utiliser un langage formel,BGD-SYS02,Exécuter des traitements distribués sur un système Big Data,0,0.0564601794
specifier-1.3,Utiliser un langage formel,BGD-SYS03,Interpréter les résultats produits par un traitement de données,0,0.0655473577
specifier-1.3,Utiliser un langage formel,BGD-PRJ01,Concevoir une architecture répondant à un besoin de traitement de données massives,0,0.0566214109
specifier-1.3,Utiliser un langage formel,BGD-PRJ02,Intégrer différents outils dans une chaîne de traitement cohérente,0,0.0000561551
specifier-1.3,Utiliser un langage formel,BGD-PRJ03,Exploiter et restituer les résultats d'un traitement de données,0,0.0735806743
specifier-2.1,Analyser la demande,BGD-CBD01,"Identifier les caractéristiques des données massives (volume, vélocité, variété, véracité)",0,0.0000971475
specifier-2.1,Analyser la demande,BGD-CBD02,Expliquer les enjeux liés au traitement de données massives,1,-0.0003765759
specifier-2.1,Analyser la demande,BGD-CBD03,Expliquer les limites des systèmes de gestion de données traditionnels,1,0.0001782083
specifier-2.1,Analyser la demande,BGD-ARC01,Décrire l'organisation générale d'un système Big Data,0,0.0002178074
specifier-2.1,Analyser la demande,BGD-ARC02,"Expliquer le rôle des différentes couches (batch, temps réel, stockage)",0,0.0013344874
specifier-2.1,Analyser la demande,BGD-ARC03,"Décrire les étapes de traitement des données (collecte, traitement, stockage)",0,0.0029390748
specifier-2.1,Analyser la demande,BGD-STO01,Décrire les principes du stockage distribué des données,0,-0.0008855152
specifier-2.1,Analyser la demande,BGD-STO02,"Expliquer les mécanismes assurant la fiabilité des données (réplication, distribution)",0,0.1109046066
specifier-2.1,Analyser la demande,BGD-STO03,Identifier différents types de bases de données adaptées au Big Data,0,0.0000853618
specifier-2.1,Analyser la demande,BGD-STO04,"Manipuler des données dans une base NoSQL (requêtes, insertion, modification)",0,-0.0000164057
specifier-2.1,Analyser la demande,BGD-TRD01,Décrire le principe du traitement de données en mode batch,0,-0.0002440888
specifier-2.1,Analyser la demande,BGD-TRD02,Expliquer le fonctionnement du modèle MapReduce,0,-0.0010020594
specifier-2.1,Analyser la demande,BGD-TRD03,Concevoir un traitement distribué à partir d'un problème donné,0,0.0001403482
specifier-2.1,Analyser la demande,BGD-TRD04,Identifier les limites des traitements batch pour certaines applications,1,-0.0010715774
specifier-2.1,Analyser la demande,BGD-TRT01,Expliquer les principes du traitement de données en flux,1,0.0006370154
specifier-2.1,Analyser la demande,BGD-TRT02,Comparer les traitements batch et temps réel,0,0.0019806440
specifier-2.1,Analyser la demande,BGD-TRT03,"Décrire les étapes d'un traitement de données en temps réel (collecte, traitement, stockage)",0,-0.0030919382
specifier-2.1,Analyser la demande,BGD-TRT04,Utiliser des outils de traitement de flux pour analyser des données en temps réel,0,0.2074345868
specifier-2.1,Analyser la demande,BGD-COL01,Décrire les mécanismes de collecte de données dans un système distribué,0,0.0003209886
specifier-2.1,Analyser la demande,BGD-COL02,Expliquer le principe d'échange de données entre producteurs et consommateurs,0,-0.0000551520
specifier-2.1,Analyser la demande,BGD-COL03,Interagir avec des services permettant d'accéder aux données (API),0,0.0000192303
specifier-2.1,Analyser la demande,BGD-COL04,Mettre à disposition des données via une interface ou un service,0,-0.0000278207
specifier-2.1,Analyser la demande,BGD-SYS01,Mettre en place un environnement de travail pour le traitement de données,0,-0.0000141772
specifier-2.1,Analyser la demande,BGD-SYS02,Exécuter des traitements distribués sur un système Big Data,0,-0.0002175381
specifier-2.1,Analyser la demande,BGD-SYS03,Interpréter les résultats produits par un traitement de données,0,0.0001155286
specifier-2.1,Analyser la demande,BGD-PRJ01,Concevoir une architecture répondant à un besoin de traitement de données massives,0,0.0001007389
specifier-2.1,Analyser la demande,BGD-PRJ02,Intégrer différents outils dans une chaîne de traitement cohérente,0,-0.0001070430
specifier-2.1,Analyser la demande,BGD-PRJ03,Exploiter et restituer les résultats d'un traitement de données,0,-0.0006815153
specifier-2.2,Définir des cas d’utilisation,BGD-CBD01,"Identifier les caractéristiques des données massives (volume, vélocité, variété, véracité)",0,0.0410585411
specifier-2.2,Définir des cas d’utilisation,BGD-CBD02,Expliquer les enjeux liés au traitement de données massives,0,0.0003462916
specifier-2.2,Définir des cas d’utilisation,BGD-CBD03,Expliquer les limites des systèmes de gestion de données traditionnels,0,0.0477449780
specifier-2.2,Définir des cas d’utilisation,BGD-ARC01,Décrire l'organisation générale d'un système Big Data,0,0.0002108790
specifier-2.2,Définir des cas d’utilisation,BGD-ARC02,"Expliquer le rôle des différentes couches (batch, temps réel, stockage)",1,0.0427705578
specifier-2.2,Définir des cas d’utilisation,BGD-ARC03,"Décrire les étapes de traitement des données (collecte, traitement, stockage)",0,0.0516286636
specifier-2.2,Définir des cas d’utilisation,BGD-STO01,Décrire les principes du stockage distribué des données,0,0.0567479627
specifier-2.2,Définir des cas d’utilisation,BGD-STO02,"Expliquer les mécanismes assurant la fiabilité des données (réplication, distribution)",0,0.0429225377
specifier-2.2,Définir des cas d’utilisation,BGD-STO03,Identifier différents types de bases de données adaptées au Big Data,0,0.0000750220
specifier-2.2,Définir des cas d’utilisation,BGD-STO04,"Manipuler des données dans une base NoSQL (requêtes, insertion, modification)",0,0.0398275065
specifier-2.2,Définir des cas d’utilisation,BGD-TRD01,Décrire le principe du traitement de données en mode batch,0,-0.0005753202
specifier-2.2,Définir des cas d’utilisation,BGD-TRD02,Expliquer le fonctionnement du modèle MapReduce,0,0.0013583901
specifier-2.2,Définir des cas d’utilisation,BGD-TRD03,Concevoir un traitement distribué à partir d'un problème donné,0,0.0002182660
specifier-2.2,Définir des cas d’utilisation,BGD-TRD04,Identifier les limites des traitements batch pour certaines applications,0,0.0457918037
specifier-2.2,Définir des cas d’utilisation,BGD-TRT01,Expliquer les principes du traitement de données en flux,0,-0.0013223892
specifier-2.2,Définir des cas d’utilisation,BGD-TRT02,Comparer les traitements batch et temps réel,0,0.0006863926
specifier-2.2,Définir des cas d’utilisation,BGD-TRT03,"Décrire les étapes d'un traitement de données en temps réel (collecte, traitement, stockage)",0,-0.0015946952
specifier-2.2,Définir des cas d’utilisation,BGD-TRT04,Utiliser des outils de traitement de flux pour analyser des données en temps réel,0,0.0857699912
specifier-2.2,Définir des cas d’utilisation,BGD-COL01,Décrire les mécanismes de collecte de données dans un système distribué,0,-0.0000268066
specifier-2.2,Définir des cas d’utilisation,BGD-COL02,Expliquer le principe d'échange de données entre producteurs et consommateurs,0,0.0000889014
specifier-2.2,Définir des cas d’utilisation,BGD-COL03,Interagir avec des services permettant d'accéder aux données (API),0,0.0402075441
specifier-2.2,Définir des cas d’utilisation,BGD-COL04,Mettre à disposition des données via une interface ou un service,0,0.0434938901
specifier-2.2,Définir des cas d’utilisation,BGD-SYS01,Mettre en place un environnement de travail pour le traitement de données,0,0.0003828651
specifier-2.2,Définir des cas d’utilisation,BGD-SYS02,Exécuter des traitements distribués sur un système Big Data,0,0.0434829844
specifier-2.2,Définir des cas d’utilisation,BGD-SYS03,Interpréter les résultats produits par un traitement de données,0,0.0000823720
specifier-2.2,Définir des cas d’utilisation,BGD-PRJ01,Concevoir une architecture répondant à un besoin de traitement de données massives,0,-0.0002715415
specifier-2.2,Définir des cas d’utilisation,BGD-PRJ02,Intégrer différents outils dans une chaîne de traitement cohérente,0,-0.0005391189
specifier-2.2,Définir des cas d’utilisation,BGD-PRJ03,Exploiter et restituer les résultats d'un traitement de données,0,0.0010017594
specifier-2.3,Caractériser l’utilisation des données au regard du RGPD,BGD-CBD01,"Identifier les caractéristiques des données massives (volume, vélocité, variété, véracité)",0,0.0611303889
specifier-2.3,Caractériser l’utilisation des données au regard du RGPD,BGD-CBD02,Expliquer les enjeux liés au traitement de données massives,0,0.1420939147
specifier-2.3,Caractériser l’utilisation des données au regard du RGPD,BGD-CBD03,Expliquer les limites des systèmes de gestion de données traditionnels,0,0.0711437685
specifier-2.3,Caractériser l’utilisation des données au regard du RGPD,BGD-ARC01,Décrire l'organisation générale d'un système Big Data,0,-0.0004834771
specifier-2.3,Caractériser l’utilisation des données au regard du RGPD,BGD-ARC02,"Expliquer le rôle des différentes couches (batch, temps réel, stockage)",0,0.0357346621
specifier-2.3,Caractériser l’utilisation des données au regard du RGPD,BGD-ARC03,"Décrire les étapes de traitement des données (collecte, traitement, stockage)",0,0.0737214970
specifier-2.3,Caractériser l’utilisation des données au regard du RGPD,BGD-STO01,Décrire les principes du stockage distribué des données,0,0.1833725927
specifier-2.3,Caractériser l’utilisation des données au regard du RGPD,BGD-STO02,"Expliquer les mécanismes assurant la fiabilité des données (réplication, distribution)",0,0.0636932668
specifier-2.3,Caractériser l’utilisation des données au regard du RGPD,BGD-STO03,Identifier différents types de bases de données adaptées au Big Data,0,0.1162807576
specifier-2.3,Caractériser l’utilisation des données au regard du RGPD,BGD-STO04,"Manipuler des données dans une base NoSQL (requêtes, insertion, modification)",0,0.0591438888
specifier-2.3,Caractériser l’utilisation des données au regard du RGPD,BGD-TRD01,Décrire le principe du traitement de données en mode batch,0,0.1258137540
specifier-2.3,Caractériser l’utilisation des données au regard du RGPD,BGD-TRD02,Expliquer le fonctionnement du modèle MapReduce,0,0.1012907091
specifier-2.3,Caractériser l’utilisation des données au regard du RGPD,BGD-TRD03,Concevoir un traitement distribué à partir d'un problème donné,0,-0.0000574693
specifier-2.3,Caractériser l’utilisation des données au regard du RGPD,BGD-TRD04,Identifier les limites des traitements batch pour certaines applications,0,0.0359620292
specifier-2.3,Caractériser l’utilisation des données au regard du RGPD,BGD-TRT01,Expliquer les principes du traitement de données en flux,0,0.1401385702
specifier-2.3,Caractériser l’utilisation des données au regard du RGPD,BGD-TRT02,Comparer les traitements batch et temps réel,0,-0.0012354831
specifier-2.3,Caractériser l’utilisation des données au regard du RGPD,BGD-TRT03,"Décrire les étapes d'un traitement de données en temps réel (collecte, traitement, stockage)",0,0.0310705486
specifier-2.3,Caractériser l’utilisation des données au regard du RGPD,BGD-TRT04,Utiliser des outils de traitement de flux pour analyser des données en temps réel,0,0.0962144392
specifier-2.3,Caractériser l’utilisation des données au regard du RGPD,BGD-COL01,Décrire les mécanismes de collecte de données dans un système distribué,0,0.0325090891
specifier-2.3,Caractériser l’utilisation des données au regard du RGPD,BGD-COL02,Expliquer le principe d'échange de données entre producteurs et consommateurs,0,0.0297369959
specifier-2.3,Caractériser l’utilisation des données au regard du RGPD,BGD-COL03,Interagir avec des services permettant d'accéder aux données (API),0,0.0599323447
specifier-2.3,Caractériser l’utilisation des données au regard du RGPD,BGD-COL04,Mettre à disposition des données via une interface ou un service,0,0.0640348202
specifier-2.3,Caractériser l’utilisation des données au regard du RGPD,BGD-SYS01,Mettre en place un environnement de travail pour le traitement de données,0,0.0305456416
specifier-2.3,Caractériser l’utilisation des données au regard du RGPD,BGD-SYS02,Exécuter des traitements distribués sur un système Big Data,0,0.0350355175
specifier-2.3,Caractériser l’utilisation des données au regard du RGPD,BGD-SYS03,Interpréter les résultats produits par un traitement de données,0,0.0341487897
specifier-2.3,Caractériser l’utilisation des données au regard du RGPD,BGD-PRJ01,Concevoir une architecture répondant à un besoin de traitement de données massives,0,0.0303233120
specifier-2.3,Caractériser l’utilisation des données au regard du RGPD,BGD-PRJ02,Intégrer différents outils dans une chaîne de traitement cohérente,0,0.0000962505
specifier-2.3,Caractériser l’utilisation des données au regard du RGPD,BGD-PRJ03,Exploiter et restituer les résultats d'un traitement de données,0,0.0371719008
specifier-3.1,Discriminer et hiérarchiser les demandes,BGD-CBD01,"Identifier les caractéristiques des données massives (volume, vélocité, variété, véracité)",0,0.0349275033
specifier-3.1,Discriminer et hiérarchiser les demandes,BGD-CBD02,Expliquer les enjeux liés au traitement de données massives,0,0.0423076941
specifier-3.1,Discriminer et hiérarchiser les demandes,BGD-CBD03,Expliquer les limites des systèmes de gestion de données traditionnels,0,0.0406386974
specifier-3.1,Discriminer et hiérarchiser les demandes,BGD-ARC01,Décrire l'organisation générale d'un système Big Data,0,0.0000479148
specifier-3.1,Discriminer et hiérarchiser les demandes,BGD-ARC02,"Expliquer le rôle des différentes couches (batch, temps réel, stockage)",0,0.0009323949
specifier-3.1,Discriminer et hiérarchiser les demandes,BGD-ARC03,"Décrire les étapes de traitement des données (collecte, traitement, stockage)",0,0.0431287174
specifier-3.1,Discriminer et hiérarchiser les demandes,BGD-STO01,Décrire les principes du stockage distribué des données,0,0.0468523706
specifier-3.1,Discriminer et hiérarchiser les demandes,BGD-STO02,"Expliquer les mécanismes assurant la fiabilité des données (réplication, distribution)",0,0.0362718210
specifier-3.1,Discriminer et hiérarchiser les demandes,BGD-STO03,Identifier différents types de bases de données adaptées au Big Data,0,-0.0000245675
specifier-3.1,Discriminer et hiérarchiser les demandes,BGD-STO04,"Manipuler des données dans une base NoSQL (requêtes, insertion, modification)",0,0.0000125306
specifier-3.1,Discriminer et hiérarchiser les demandes,BGD-TRD01,Décrire le principe du traitement de données en mode batch,0,-0.0000480843
specifier-3.1,Discriminer et hiérarchiser les demandes,BGD-TRD02,Expliquer le fonctionnement du modèle MapReduce,0,-0.0009461658
specifier-3.1,Discriminer et hiérarchiser les demandes,BGD-TRD03,Concevoir un traitement distribué à partir d'un problème donné,0,-0.0000447709
specifier-3.1,Discriminer et hiérarchiser les demandes,BGD-TRD04,Identifier les limites des traitements batch pour certaines applications,0,0.0381979000
specifier-3.1,Discriminer et hiérarchiser les demandes,BGD-TRT01,Expliquer les principes du traitement de données en flux,0,0.0478814680
specifier-3.1,Discriminer et hiérarchiser les demandes,BGD-TRT02,Comparer les traitements batch et temps réel,0,0.1157812430
specifier-3.1,Discriminer et hiérarchiser les demandes,BGD-TRT03,"Décrire les étapes d'un traitement de données en temps réel (collecte, traitement, stockage)",0,0.0363692766
specifier-3.1,Discriminer et hiérarchiser les demandes,BGD-TRT04,Utiliser des outils de traitement de flux pour analyser des données en temps réel,0,-0.0005950435
specifier-3.1,Discriminer et hiérarchiser les demandes,BGD-COL01,Décrire les mécanismes de collecte de données dans un système distribué,0,0.0408769630
specifier-3.1,Discriminer et hiérarchiser les demandes,BGD-COL02,Expliquer le principe d'échange de données entre producteurs et consommateurs,0,0.0534169434
specifier-3.1,Discriminer et hiérarchiser les demandes,BGD-COL03,Interagir avec des services permettant d'accéder aux données (API),0,0.0000700363
specifier-3.1,Discriminer et hiérarchiser les demandes,BGD-COL04,Mettre à disposition des données via une interface ou un service,0,-0.0000201314
specifier-3.1,Discriminer et hiérarchiser les demandes,BGD-SYS01,Mettre en place un environnement de travail pour le traitement de données,0,-0.0001358387
specifier-3.1,Discriminer et hiérarchiser les demandes,BGD-SYS02,Exécuter des traitements distribués sur un système Big Data,0,-0.0000428706
specifier-3.1,Discriminer et hiérarchiser les demandes,BGD-SYS03,Interpréter les résultats produits par un traitement de données,0,0.0431482706
specifier-3.1,Discriminer et hiérarchiser les demandes,BGD-PRJ01,Concevoir une architecture répondant à un besoin de traitement de données massives,0,0.0001630286
specifier-3.1,Discriminer et hiérarchiser les demandes,BGD-PRJ02,Intégrer différents outils dans une chaîne de traitement cohérente,0,0.0002713506
specifier-3.1,Discriminer et hiérarchiser les demandes,BGD-PRJ03,Exploiter et restituer les résultats d'un traitement de données,0,0.1176269120
specifier-3.2,Définir la recette,BGD-CBD01,"Identifier les caractéristiques des données massives (volume, vélocité, variété, véracité)",0,0.0000437219
specifier-3.2,Définir la recette,BGD-CBD02,Expliquer les enjeux liés au traitement de données massives,0,-0.0001550567
specifier-3.2,Définir la recette,BGD-CBD03,Expliquer les limites des systèmes de gestion de données traditionnels,0,0.0000421895
specifier-3.2,Définir la recette,BGD-ARC01,Décrire l'organisation générale d'un système Big Data,0,-0.0001145853
specifier-3.2,Définir la recette,BGD-ARC02,"Expliquer le rôle des différentes couches (batch, temps réel, stockage)",0,0.0004382814
specifier-3.2,Définir la recette,BGD-ARC03,"Décrire les étapes de traitement des données (collecte, traitement, stockage)",0,-0.0010427598
specifier-3.2,Définir la recette,BGD-STO01,Décrire les principes du stockage distribué des données,0,-0.0003842173
specifier-3.2,Définir la recette,BGD-STO02,"Expliquer les mécanismes assurant la fiabilité des données (réplication, distribution)",0,0.1044160999
specifier-3.2,Définir la recette,BGD-STO03,Identifier différents types de bases de données adaptées au Big Data,0,-0.0000505861
specifier-3.2,Définir la recette,BGD-STO04,"Manipuler des données dans une base NoSQL (requêtes, insertion, modification)",0,0.0000212251
specifier-3.2,Définir la recette,BGD-TRD01,Décrire le principe du traitement de données en mode batch,0,0.0002674874
specifier-3.2,Définir la recette,BGD-TRD02,Expliquer le fonctionnement du modèle MapReduce,0,-0.0007641647
specifier-3.2,Définir la recette,BGD-TRD03,Concevoir un traitement distribué à partir d'un problème donné,0,-0.0001392535
specifier-3.2,Définir la recette,BGD-TRD04,Identifier les limites des traitements batch pour certaines applications,0,-0.0000003796
specifier-3.2,Définir la recette,BGD-TRT01,Expliquer les principes du traitement de données en flux,0,0.0007490171
specifier-3.2,Définir la recette,BGD-TRT02,Comparer les traitements batch et temps réel,0,-0.0004725510
specifier-3.2,Définir la recette,BGD-TRT03,"Décrire les étapes d'un traitement de données en temps réel (collecte, traitement, stockage)",0,0.0011291768
specifier-3.2,Définir la recette,BGD-TRT04,Utiliser des outils de traitement de flux pour analyser des données en temps réel,0,-0.0010447316
specifier-3.2,Définir la recette,BGD-COL01,Décrire les mécanismes de collecte de données dans un système distribué,0,0.0000582855
specifier-3.2,Définir la recette,BGD-COL02,Expliquer le principe d'échange de données entre producteurs et consommateurs,0,-0.0000400440
specifier-3.2,Définir la recette,BGD-COL03,Interagir avec des services permettant d'accéder aux données (API),0,0.0000727029
specifier-3.2,Définir la recette,BGD-COL04,Mettre à disposition des données via une interface ou un service,0,-0.0000391770
specifier-3.2,Définir la recette,BGD-SYS01,Mettre en place un environnement de travail pour le traitement de données,0,-0.0001995082
specifier-3.2,Définir la recette,BGD-SYS02,Exécuter des traitements distribués sur un système Big Data,0,0.0000788628
specifier-3.2,Définir la recette,BGD-SYS03,Interpréter les résultats produits par un traitement de données,0,-0.0000119045
specifier-3.2,Définir la recette,BGD-PRJ01,Concevoir une architecture répondant à un besoin de traitement de données massives,0,0.0001321609
specifier-3.2,Définir la recette,BGD-PRJ02,Intégrer différents outils dans une chaîne de traitement cohérente,0,0.0002944069
specifier-3.2,Définir la recette,BGD-PRJ03,Exploiter et restituer les résultats d'un traitement de données,0,-0.0004581937
specifier-3.3,Lister les tests fonctionnels,BGD-CBD01,"Identifier les caractéristiques des données massives (volume, vélocité, variété, véracité)",0,0.0368883748
specifier-3.3,Lister les tests fonctionnels,BGD-CBD02,Expliquer les enjeux liés au traitement de données massives,0,0.0447629618
specifier-3.3,Lister les tests fonctionnels,BGD-CBD03,Expliquer les limites des systèmes de gestion de données traditionnels,0,0.0429116684
specifier-3.3,Lister les tests fonctionnels,BGD-ARC01,Décrire l'organisation générale d'un système Big Data,0,-0.0000122810
specifier-3.3,Lister les tests fonctionnels,BGD-ARC02,"Expliquer le rôle des différentes couches (batch, temps réel, stockage)",0,0.0006964452
specifier-3.3,Lister les tests fonctionnels,BGD-ARC03,"Décrire les étapes de traitement des données (collecte, traitement, stockage)",0,0.0446465733
specifier-3.3,Lister les tests fonctionnels,BGD-STO01,Décrire les principes du stockage distribué des données,0,0.0498732849
specifier-3.3,Lister les tests fonctionnels,BGD-STO02,"Expliquer les mécanismes assurant la fiabilité des données (réplication, distribution)",0,0.0384183770
specifier-3.3,Lister les tests fonctionnels,BGD-STO03,Identifier différents types de bases de données adaptées au Big Data,0,-0.0000943565
specifier-3.3,Lister les tests fonctionnels,BGD-STO04,"Manipuler des données dans une base NoSQL (requêtes, insertion, modification)",0,0.0000273288
specifier-3.3,Lister les tests fonctionnels,BGD-TRD01,Décrire le principe du traitement de données en mode batch,0,-0.0000413441
specifier-3.3,Lister les tests fonctionnels,BGD-TRD02,Expliquer le fonctionnement du modèle MapReduce,0,-0.0007528622
specifier-3.3,Lister les tests fonctionnels,BGD-TRD03,Concevoir un traitement distribué à partir d'un problème donné,0,-0.0001170495
specifier-3.3,Lister les tests fonctionnels,BGD-TRD04,Identifier les limites des traitements batch pour certaines applications,0,0.0406991549
specifier-3.3,Lister les tests fonctionnels,BGD-TRT01,Expliquer les principes du traitement de données en flux,0,0.0503197283
specifier-3.3,Lister les tests fonctionnels,BGD-TRT02,Comparer les traitements batch et temps réel,0,0.0499006536
specifier-3.3,Lister les tests fonctionnels,BGD-TRT03,"Décrire les étapes d'un traitement de données en temps réel (collecte, traitement, stockage)",0,0.0393912476
specifier-3.3,Lister les tests fonctionnels,BGD-TRT04,Utiliser des outils de traitement de flux pour analyser des données en temps réel,0,-0.0008941528
specifier-3.3,Lister les tests fonctionnels,BGD-COL01,Décrire les mécanismes de collecte de données dans un système distribué,0,0.0429860488
specifier-3.3,Lister les tests fonctionnels,BGD-COL02,Expliquer le principe d'échange de données entre producteurs et consommateurs,0,0.0000099743
specifier-3.3,Lister les tests fonctionnels,BGD-COL03,Interagir avec des services permettant d'accéder aux données (API),0,0.0000960874
specifier-3.3,Lister les tests fonctionnels,BGD-COL04,Mettre à disposition des données via une interface ou un service,0,-0.0000261007
specifier-3.3,Lister les tests fonctionnels,BGD-SYS01,Mettre en place un environnement de travail pour le traitement de données,0,-0.0002498563
specifier-3.3,Lister les tests fonctionnels,BGD-SYS02,Exécuter des traitements distribués sur un système Big Data,0,0.0000362528
specifier-3.3,Lister les tests fonctionnels,BGD-SYS03,Interpréter les résultats produits par un traitement de données,0,0.0455902184
specifier-3.3,Lister les tests fonctionnels,BGD-PRJ01,Concevoir une architecture répondant à un besoin de traitement de données massives,0,0.0002278147
specifier-3.3,Lister les tests fonctionnels,BGD-PRJ02,Intégrer différents outils dans une chaîne de traitement cohérente,0,0.0005721209
specifier-3.3,Lister les tests fonctionnels,BGD-PRJ03,Exploiter et restituer les résultats d'un traitement de données,0,0.0507675698
specifier-4.1,Recueillir et reformuler les demandes du prescripteur en confrontant sa demande (fonctionnalités et données) à ses besoins réels pour prendre en compte le DDRS,BGD-CBD01,"Identifier les caractéristiques des données massives (volume, vélocité, variété, véracité)",0,0.0298722794
specifier-4.1,Recueillir et reformuler les demandes du prescripteur en confrontant sa demande (fonctionnalités et données) à ses besoins réels pour prendre en compte le DDRS,BGD-CBD02,Expliquer les enjeux liés au traitement de données massives,0,0.0367756876
specifier-4.1,Recueillir et reformuler les demandes du prescripteur en confrontant sa demande (fonctionnalités et données) à ses besoins réels pour prendre en compte le DDRS,BGD-CBD03,Expliquer les limites des systèmes de gestion de données traditionnels,0,0.0346592577
specifier-4.1,Recueillir et reformuler les demandes du prescripteur en confrontant sa demande (fonctionnalités et données) à ses besoins réels pour prendre en compte le DDRS,BGD-ARC01,Décrire l'organisation générale d'un système Big Data,0,0.0000204506
specifier-4.1,Recueillir et reformuler les demandes du prescripteur en confrontant sa demande (fonctionnalités et données) à ses besoins réels pour prendre en compte le DDRS,BGD-ARC02,"Expliquer le rôle des différentes couches (batch, temps réel, stockage)",0,0.0262210167
specifier-4.1,Recueillir et reformuler les demandes du prescripteur en confrontant sa demande (fonctionnalités et données) à ses besoins réels pour prendre en compte le DDRS,BGD-ARC03,"Décrire les étapes de traitement des données (collecte, traitement, stockage)",0,0.0345159252
specifier-4.1,Recueillir et reformuler les demandes du prescripteur en confrontant sa demande (fonctionnalités et données) à ses besoins réels pour prendre en compte le DDRS,BGD-STO01,Décrire les principes du stockage distribué des données,0,0.0935310873
specifier-4.1,Recueillir et reformuler les demandes du prescripteur en confrontant sa demande (fonctionnalités et données) à ses besoins réels pour prendre en compte le DDRS,BGD-STO02,"Expliquer les mécanismes assurant la fiabilité des données (réplication, distribution)",0,0.0312278710
specifier-4.1,Recueillir et reformuler les demandes du prescripteur en confrontant sa demande (fonctionnalités et données) à ses besoins réels pour prendre en compte le DDRS,BGD-STO03,Identifier différents types de bases de données adaptées au Big Data,0,0.0144078786
specifier-4.1,Recueillir et reformuler les demandes du prescripteur en confrontant sa demande (fonctionnalités et données) à ses besoins réels pour prendre en compte le DDRS,BGD-STO04,"Manipuler des données dans une base NoSQL (requêtes, insertion, modification)",0,0.0141608506
specifier-4.1,Recueillir et reformuler les demandes du prescripteur en confrontant sa demande (fonctionnalités et données) à ses besoins réels pour prendre en compte le DDRS,BGD-TRD01,Décrire le principe du traitement de données en mode batch,0,0.1650803468
specifier-4.1,Recueillir et reformuler les demandes du prescripteur en confrontant sa demande (fonctionnalités et données) à ses besoins réels pour prendre en compte le DDRS,BGD-TRD02,Expliquer le fonctionnement du modèle MapReduce,0,0.0875878989
specifier-4.1,Recueillir et reformuler les demandes du prescripteur en confrontant sa demande (fonctionnalités et données) à ses besoins réels pour prendre en compte le DDRS,BGD-TRD03,Concevoir un traitement distribué à partir d'un problème donné,0,-0.0001517255
specifier-4.1,Recueillir et reformuler les demandes du prescripteur en confrontant sa demande (fonctionnalités et données) à ses besoins réels pour prendre en compte le DDRS,BGD-TRD04,Identifier les limites des traitements batch pour certaines applications,0,0.0653878705
specifier-4.1,Recueillir et reformuler les demandes du prescripteur en confrontant sa demande (fonctionnalités et données) à ses besoins réels pour prendre en compte le DDRS,BGD-TRT01,Expliquer les principes du traitement de données en flux,0,0.1716965245
specifier-4.1,Recueillir et reformuler les demandes du prescripteur en confrontant sa demande (fonctionnalités et données) à ses besoins réels pour prendre en compte le DDRS,BGD-TRT02,Comparer les traitements batch et temps réel,0,0.0797538244
specifier-4.1,Recueillir et reformuler les demandes du prescripteur en confrontant sa demande (fonctionnalités et données) à ses besoins réels pour prendre en compte le DDRS,BGD-TRT03,"Décrire les étapes d'un traitement de données en temps réel (collecte, traitement, stockage)",0,0.0960585689
specifier-4.1,Recueillir et reformuler les demandes du prescripteur en confrontant sa demande (fonctionnalités et données) à ses besoins réels pour prendre en compte le DDRS,BGD-TRT04,Utiliser des outils de traitement de flux pour analyser des données en temps réel,0,0.1176616839
specifier-4.1,Recueillir et reformuler les demandes du prescripteur en confrontant sa demande (fonctionnalités et données) à ses besoins réels pour prendre en compte le DDRS,BGD-COL01,Décrire les mécanismes de collecte de données dans un système distribué,0,0.0350680709
specifier-4.1,Recueillir et reformuler les demandes du prescripteur en confrontant sa demande (fonctionnalités et données) à ses besoins réels pour prendre en compte le DDRS,BGD-COL02,Expliquer le principe d'échange de données entre producteurs et consommateurs,0,0.0894663081
specifier-4.1,Recueillir et reformuler les demandes du prescripteur en confrontant sa demande (fonctionnalités et données) à ses besoins réels pour prendre en compte le DDRS,BGD-COL03,Interagir avec des services permettant d'accéder aux données (API),0,0.0143200548
specifier-4.1,Recueillir et reformuler les demandes du prescripteur en confrontant sa demande (fonctionnalités et données) à ses besoins réels pour prendre en compte le DDRS,BGD-COL04,Mettre à disposition des données via une interface ou un service,0,0.0155292474
specifier-4.1,Recueillir et reformuler les demandes du prescripteur en confrontant sa demande (fonctionnalités et données) à ses besoins réels pour prendre en compte le DDRS,BGD-SYS01,Mettre en place un environnement de travail pour le traitement de données,0,0.1564176140
specifier-4.1,Recueillir et reformuler les demandes du prescripteur en confrontant sa demande (fonctionnalités et données) à ses besoins réels pour prendre en compte le DDRS,BGD-SYS02,Exécuter des traitements distribués sur un système Big Data,0,0.0000930593
specifier-4.1,Recueillir et reformuler les demandes du prescripteur en confrontant sa demande (fonctionnalités et données) à ses besoins réels pour prendre en compte le DDRS,BGD-SYS03,Interpréter les résultats produits par un traitement de données,0,0.0371719182
specifier-4.1,Recueillir et reformuler les demandes du prescripteur en confrontant sa demande (fonctionnalités et données) à ses besoins réels pour prendre en compte le DDRS,BGD-PRJ01,Concevoir une architecture répondant à un besoin de traitement de données massives,0,0.0154597152
specifier-4.1,Recueillir et reformuler les demandes du prescripteur en confrontant sa demande (fonctionnalités et données) à ses besoins réels pour prendre en compte le DDRS,BGD-PRJ02,Intégrer différents outils dans une chaîne de traitement cohérente,0,0.0002014814
specifier-4.1,Recueillir et reformuler les demandes du prescripteur en confrontant sa demande (fonctionnalités et données) à ses besoins réels pour prendre en compte le DDRS,BGD-PRJ03,Exploiter et restituer les résultats d'un traitement de données,0,0.1036743565
specifier-4.2,Prototyper des interfaces utilisateurs en prenant la RGAA,BGD-CBD01,"Identifier les caractéristiques des données massives (volume, vélocité, variété, véracité)",0,0.0286817714
specifier-4.2,Prototyper des interfaces utilisateurs en prenant la RGAA,BGD-CBD02,Expliquer les enjeux liés au traitement de données massives,0,0.0002433383
specifier-4.2,Prototyper des interfaces utilisateurs en prenant la RGAA,BGD-CBD03,Expliquer les limites des systèmes de gestion de données traditionnels,0,0.0333050522
specifier-4.2,Prototyper des interfaces utilisateurs en prenant la RGAA,BGD-ARC01,Décrire l'organisation générale d'un système Big Data,0,0.0000476331
specifier-4.2,Prototyper des interfaces utilisateurs en prenant la RGAA,BGD-ARC02,"Expliquer le rôle des différentes couches (batch, temps réel, stockage)",0,0.0298736833
specifier-4.2,Prototyper des interfaces utilisateurs en prenant la RGAA,BGD-ARC03,"Décrire les étapes de traitement des données (collecte, traitement, stockage)",0,0.0341333248
specifier-4.2,Prototyper des interfaces utilisateurs en prenant la RGAA,BGD-STO01,Décrire les principes du stockage distribué des données,0,0.0395427485
specifier-4.2,Prototyper des interfaces utilisateurs en prenant la RGAA,BGD-STO02,"Expliquer les mécanismes assurant la fiabilité des données (réplication, distribution)",0,0.0943262006
specifier-4.2,Prototyper des interfaces utilisateurs en prenant la RGAA,BGD-STO03,Identifier différents types de bases de données adaptées au Big Data,0,-0.0000403414
specifier-4.2,Prototyper des interfaces utilisateurs en prenant la RGAA,BGD-STO04,"Manipuler des données dans une base NoSQL (requêtes, insertion, modification)",0,0.0278420515
specifier-4.2,Prototyper des interfaces utilisateurs en prenant la RGAA,BGD-TRD01,Décrire le principe du traitement de données en mode batch,0,0.0594729019
specifier-4.2,Prototyper des interfaces utilisateurs en prenant la RGAA,BGD-TRD02,Expliquer le fonctionnement du modèle MapReduce,0,0.0004627268
specifier-4.2,Prototyper des interfaces utilisateurs en prenant la RGAA,BGD-TRD03,Concevoir un traitement distribué à partir d'un problème donné,0,-0.0000375772
specifier-4.2,Prototyper des interfaces utilisateurs en prenant la RGAA,BGD-TRD04,Identifier les limites des traitements batch pour certaines applications,0,0.0323601279
specifier-4.2,Prototyper des interfaces utilisateurs en prenant la RGAA,BGD-TRT01,Expliquer les principes du traitement de données en flux,0,0.0666077130
specifier-4.2,Prototyper des interfaces utilisateurs en prenant la RGAA,BGD-TRT02,Comparer les traitements batch et temps réel,0,-0.0003827362
specifier-4.2,Prototyper des interfaces utilisateurs en prenant la RGAA,BGD-TRT03,"Décrire les étapes d'un traitement de données en temps réel (collecte, traitement, stockage)",0,0.0534793971
specifier-4.2,Prototyper des interfaces utilisateurs en prenant la RGAA,BGD-TRT04,Utiliser des outils de traitement de flux pour analyser des données en temps réel,0,0.1090649886
specifier-4.2,Prototyper des interfaces utilisateurs en prenant la RGAA,BGD-COL01,Décrire les mécanismes de collecte de données dans un système distribué,0,0.0000999012
specifier-4.2,Prototyper des interfaces utilisateurs en prenant la RGAA,BGD-COL02,Expliquer le principe d'échange de données entre producteurs et consommateurs,0,0.0000700616
specifier-4.2,Prototyper des interfaces utilisateurs en prenant la RGAA,BGD-COL03,Interagir avec des services permettant d'accéder aux données (API),0,0.0281415927
specifier-4.2,Prototyper des interfaces utilisateurs en prenant la RGAA,BGD-COL04,Mettre à disposition des données via une interface ou un service,0,0.0304049727
specifier-4.2,Prototyper des interfaces utilisateurs en prenant la RGAA,BGD-SYS01,Mettre en place un environnement de travail pour le traitement de données,0,0.0548316346
specifier-4.2,Prototyper des interfaces utilisateurs en prenant la RGAA,BGD-SYS02,Exécuter des traitements distribués sur un système Big Data,0,0.0304743646
specifier-4.2,Prototyper des interfaces utilisateurs en prenant la RGAA,BGD-SYS03,Interpréter les résultats produits par un traitement de données,0,0.0001451982
specifier-4.2,Prototyper des interfaces utilisateurs en prenant la RGAA,BGD-PRJ01,Concevoir une architecture répondant à un besoin de traitement de données massives,0,-0.0001282469
specifier-4.2,Prototyper des interfaces utilisateurs en prenant la RGAA,BGD-PRJ02,Intégrer différents outils dans une chaîne de traitement cohérente,0,-0.0000716401
specifier-4.2,Prototyper des interfaces utilisateurs en prenant la RGAA,BGD-PRJ03,Exploiter et restituer les résultats d'un traitement de données,0,0.0007043863
specifier-4.3,Respecter un référentiel qualité,BGD-CBD01,"Identifier les caractéristiques des données massives (volume, vélocité, variété, véracité)",0,-0.0000014436
specifier-4.3,Respecter un référentiel qualité,BGD-CBD02,Expliquer les enjeux liés au traitement de données massives,0,0.0000160059
specifier-4.3,Respecter un référentiel qualité,BGD-CBD03,Expliquer les limites des systèmes de gestion de données traditionnels,0,-0.0000059075
specifier-4.3,Respecter un référentiel qualité,BGD-ARC01,Décrire l'organisation générale d'un système Big Data,0,0.0520943120
specifier-4.3,Respecter un référentiel qualité,BGD-ARC02,"Expliquer le rôle des différentes couches (batch, temps réel, stockage)",0,-0.0000889844
specifier-4.3,Respecter un référentiel qualité,BGD-ARC03,"Décrire les étapes de traitement des données (collecte, traitement, stockage)",0,-0.0006927840
specifier-4.3,Respecter un référentiel qualité,BGD-STO01,Décrire les principes du stockage distribué des données,0,0.0000038539
specifier-4.3,Respecter un référentiel qualité,BGD-STO02,"Expliquer les mécanismes assurant la fiabilité des données (réplication, distribution)",0,0.0000314518
specifier-4.3,Respecter un référentiel qualité,BGD-STO03,Identifier différents types de bases de données adaptées au Big Data,0,-0.0000119061
specifier-4.3,Respecter un référentiel qualité,BGD-STO04,"Manipuler des données dans une base NoSQL (requêtes, insertion, modification)",0,0.0000061873
specifier-4.3,Respecter un référentiel qualité,BGD-TRD01,Décrire le principe du traitement de données en mode batch,0,0.0002054615
specifier-4.3,Respecter un référentiel qualité,BGD-TRD02,Expliquer le fonctionnement du modèle MapReduce,0,-0.0000693773
specifier-4.3,Respecter un référentiel qualité,BGD-TRD03,Concevoir un traitement distribué à partir d'un problème donné,0,0.0995705367
specifier-4.3,Respecter un référentiel qualité,BGD-TRD04,Identifier les limites des traitements batch pour certaines applications,0,0.0001324699
specifier-4.3,Respecter un référentiel qualité,BGD-TRT01,Expliquer les principes du traitement de données en flux,0,0.0001254653
specifier-4.3,Respecter un référentiel qualité,BGD-TRT02,Comparer les traitements batch et temps réel,0,-0.0004667188
specifier-4.3,Respecter un référentiel qualité,BGD-TRT03,"Décrire les étapes d'un traitement de données en temps réel (collecte, traitement, stockage)",0,0.0469717090
specifier-4.3,Respecter un référentiel qualité,BGD-TRT04,Utiliser des outils de traitement de flux pour analyser des données en temps réel,0,-0.0002243361
specifier-4.3,Respecter un référentiel qualité,BGD-COL01,Décrire les mécanismes de collecte de données dans un système distribué,0,0.0507600863
specifier-4.3,Respecter un référentiel qualité,BGD-COL02,Expliquer le principe d'échange de données entre producteurs et consommateurs,0,-0.0000145158
specifier-4.3,Respecter un référentiel qualité,BGD-COL03,Interagir avec des services permettant d'accéder aux données (API),0,0.0000132682
specifier-4.3,Respecter un référentiel qualité,BGD-COL04,Mettre à disposition des données via une interface ou un service,0,0.0458456459
specifier-4.3,Respecter un référentiel qualité,BGD-SYS01,Mettre en place un environnement de travail pour le traitement de données,0,0.0480205762
specifier-4.3,Respecter un référentiel qualité,BGD-SYS02,Exécuter des traitements distribués sur un système Big Data,0,0.0461690851
specifier-4.3,Respecter un référentiel qualité,BGD-SYS03,Interpréter les résultats produits par un traitement de données,0,0.0536838800
specifier-4.3,Respecter un référentiel qualité,BGD-PRJ01,Concevoir une architecture répondant à un besoin de traitement de données massives,0,0.0463647494
specifier-4.3,Respecter un référentiel qualité,BGD-PRJ02,Intégrer différents outils dans une chaîne de traitement cohérente,0,0.0000586257
specifier-4.3,Respecter un référentiel qualité,BGD-PRJ03,Exploiter et restituer les résultats d'un traitement de données,0,0.0602992819
modeliser-1.1,Représenter une collection de données numériquement ou symboliquement,BGD-CBD01,"Identifier les caractéristiques des données massives (volume, vélocité, variété, véracité)",0,0.0271900421
modeliser-1.1,Représenter une collection de données numériquement ou symboliquement,BGD-CBD02,Expliquer les enjeux liés au traitement de données massives,0,0.0640861345
modeliser-1.1,Représenter une collection de données numériquement ou symboliquement,BGD-CBD03,Expliquer les limites des systèmes de gestion de données traditionnels,0,0.0904014577
modeliser-1.1,Représenter une collection de données numériquement ou symboliquement,BGD-ARC01,Décrire l'organisation générale d'un système Big Data,0,-0.0000129387
modeliser-1.1,Représenter une collection de données numériquement ou symboliquement,BGD-ARC02,"Expliquer le rôle des différentes couches (batch, temps réel, stockage)",0,0.0000336134
modeliser-1.1,Représenter une collection de données numériquement ou symboliquement,BGD-ARC03,"Décrire les étapes de traitement des données (collecte, traitement, stockage)",0,0.0638005530
modeliser-1.1,Représenter une collection de données numériquement ou symboliquement,BGD-STO01,Décrire les principes du stockage distribué des données,0,0.0370989792
modeliser-1.1,Représenter une collection de données numériquement ou symboliquement,BGD-STO02,"Expliquer les mécanismes assurant la fiabilité des données (réplication, distribution)",0,0.0283818955
modeliser-1.1,Représenter une collection de données numériquement ou symboliquement,BGD-STO03,Identifier différents types de bases de données adaptées au Big Data,0,0.0774259369
modeliser-1.1,Représenter une collection de données numériquement ou symboliquement,BGD-STO04,"Manipuler des données dans une base NoSQL (requêtes, insertion, modification)",0,0.0923857280
modeliser-1.1,Représenter une collection de données numériquement ou symboliquement,BGD-TRD01,Décrire le principe du traitement de données en mode batch,0,0.0634131144
modeliser-1.1,Représenter une collection de données numériquement ou symboliquement,BGD-TRD02,Expliquer le fonctionnement du modèle MapReduce,0,0.0000457864
modeliser-1.1,Représenter une collection de données numériquement ou symboliquement,BGD-TRD03,Concevoir un traitement distribué à partir d'un problème donné,0,-0.0000265613
modeliser-1.1,Représenter une collection de données numériquement ou symboliquement,BGD-TRD04,Identifier les limites des traitements batch pour certaines applications,0,0.0000377806
modeliser-1.1,Représenter une collection de données numériquement ou symboliquement,BGD-TRT01,Expliquer les principes du traitement de données en flux,0,0.0709189669
modeliser-1.1,Représenter une collection de données numériquement ou symboliquement,BGD-TRT02,Comparer les traitements batch et temps réel,0,-0.0001038821
modeliser-1.1,Représenter une collection de données numériquement ou symboliquement,BGD-TRT03,"Décrire les étapes d'un traitement de données en temps réel (collecte, traitement, stockage)",0,0.0559166349
modeliser-1.1,Représenter une collection de données numériquement ou symboliquement,BGD-TRT04,Utiliser des outils de traitement de flux pour analyser des données en temps réel,0,0.0794339733
modeliser-1.1,Représenter une collection de données numériquement ou symboliquement,BGD-COL01,Décrire les mécanismes de collecte de données dans un système distribué,0,0.0907084464
modeliser-1.1,Représenter une collection de données numériquement ou symboliquement,BGD-COL02,Expliquer le principe d'échange de données entre producteurs et consommateurs,0,0.0558027093
modeliser-1.1,Représenter une collection de données numériquement ou symboliquement,BGD-COL03,Interagir avec des services permettant d'accéder aux données (API),0,0.0266717905
modeliser-1.1,Représenter une collection de données numériquement ou symboliquement,BGD-COL04,Mettre à disposition des données via une interface ou un service,0,0.1965826225
modeliser-1.1,Représenter une collection de données numériquement ou symboliquement,BGD-SYS01,Mettre en place un environnement de travail pour le traitement de données,0,0.0859041464
modeliser-1.1,Représenter une collection de données numériquement ou symboliquement,BGD-SYS02,Exécuter des traitements distribués sur un système Big Data,0,0.0000264626
modeliser-1.1,Représenter une collection de données numériquement ou symboliquement,BGD-SYS03,Interpréter les résultats produits par un traitement de données,0,0.0648081955
modeliser-1.1,Représenter une collection de données numériquement ou symboliquement,BGD-PRJ01,Concevoir une architecture répondant à un besoin de traitement de données massives,0,0.1555049734
modeliser-1.1,Représenter une collection de données numériquement ou symboliquement,BGD-PRJ02,Intégrer différents outils dans une chaîne de traitement cohérente,0,0.1021547168
modeliser-1.1,Représenter une collection de données numériquement ou symboliquement,BGD-PRJ03,Exploiter et restituer les résultats d'un traitement de données,0,0.0728216251
modeliser-1.2,Déterminer les propriétés des entrées sorties d’un composant logiciel ou matériel,BGD-CBD01,"Identifier les caractéristiques des données massives (volume, vélocité, variété, véracité)",0,0.0488891683
modeliser-1.2,Déterminer les propriétés des entrées sorties d’un composant logiciel ou matériel,BGD-CBD02,Expliquer les enjeux liés au traitement de données massives,0,0.0281362861
modeliser-1.2,Déterminer les propriétés des entrées sorties d’un composant logiciel ou matériel,BGD-CBD03,Expliquer les limites des systèmes de gestion de données traditionnels,0,0.0568879588
modeliser-1.2,Déterminer les propriétés des entrées sorties d’un composant logiciel ou matériel,BGD-ARC01,Décrire l'organisation générale d'un système Big Data,0,0.0342297702
modeliser-1.2,Déterminer les propriétés des entrées sorties d’un composant logiciel ou matériel,BGD-ARC02,"Expliquer le rôle des différentes couches (batch, temps réel, stockage)",0,0.0276100424
modeliser-1.2,Déterminer les propriétés des entrées sorties d’un composant logiciel ou matériel,BGD-ARC03,"Décrire les étapes de traitement des données (collecte, traitement, stockage)",0,0.0591673517
modeliser-1.2,Déterminer les propriétés des entrées sorties d’un composant logiciel ou matériel,BGD-STO01,Décrire les principes du stockage distribué des données,0,0.0661322837
modeliser-1.2,Déterminer les propriétés des entrées sorties d’un composant logiciel ou matériel,BGD-STO02,"Expliquer les mécanismes assurant la fiabilité des données (réplication, distribution)",0,0.0509931156
modeliser-1.2,Déterminer les propriétés des entrées sorties d’un composant logiciel ou matériel,BGD-STO03,Identifier différents types de bases de données adaptées au Big Data,0,0.0000345356
modeliser-1.2,Déterminer les propriétés des entrées sorties d’un composant logiciel ou matériel,BGD-STO04,"Manipuler des données dans une base NoSQL (requêtes, insertion, modification)",0,0.0248880577
modeliser-1.2,Déterminer les propriétés des entrées sorties d’un composant logiciel ou matériel,BGD-TRD01,Décrire le principe du traitement de données en mode batch,0,0.0008420087
modeliser-1.2,Déterminer les propriétés des entrées sorties d’un composant logiciel ou matériel,BGD-TRD02,Expliquer le fonctionnement du modèle MapReduce,0,-0.0003014825
modeliser-1.2,Déterminer les propriétés des entrées sorties d’un composant logiciel ou matériel,BGD-TRD03,Concevoir un traitement distribué à partir d'un problème donné,0,0.0657713605
modeliser-1.2,Déterminer les propriétés des entrées sorties d’un composant logiciel ou matériel,BGD-TRD04,Identifier les limites des traitements batch pour certaines applications,0,0.0540091781
modeliser-1.2,Déterminer les propriétés des entrées sorties d’un composant logiciel ou matériel,BGD-TRT01,Expliquer les principes du traitement de données en flux,0,0.0318487015
modeliser-1.2,Déterminer les propriétés des entrées sorties d’un composant logiciel ou matériel,BGD-TRT02,Comparer les traitements batch et temps réel,0,0.0306860637
modeliser-1.2,Déterminer les propriétés des entrées sorties d’un composant logiciel ou matériel,BGD-TRT03,"Décrire les étapes d'un traitement de données en temps réel (collecte, traitement, stockage)",0,0.0557214120
modeliser-1.2,Déterminer les propriétés des entrées sorties d’un composant logiciel ou matériel,BGD-TRT04,Utiliser des outils de traitement de flux pour analyser des données en temps réel,0,0.0527002918
modeliser-1.2,Déterminer les propriétés des entrées sorties d’un composant logiciel ou matériel,BGD-COL01,Décrire les mécanismes de collecte de données dans un système distribué,0,0.0603603218
modeliser-1.2,Déterminer les propriétés des entrées sorties d’un composant logiciel ou matériel,BGD-COL02,Expliquer le principe d'échange de données entre producteurs et consommateurs,0,-0.0001081894
modeliser-1.2,Déterminer les propriétés des entrées sorties d’un composant logiciel ou matériel,BGD-COL03,Interagir avec des services permettant d'accéder aux données (API),0,0.0252235023
modeliser-1.2,Déterminer les propriétés des entrées sorties d’un composant logiciel ou matériel,BGD-COL04,Mettre à disposition des données via une interface ou un service,0,0.1350374479
modeliser-1.2,Déterminer les propriétés des entrées sorties d’un composant logiciel ou matériel,BGD-SYS01,Mettre en place un environnement de travail pour le traitement de données,0,0.0314807605
modeliser-1.2,Déterminer les propriétés des entrées sorties d’un composant logiciel ou matériel,BGD-SYS02,Exécuter des traitements distribués sur un système Big Data,0,0.0578008121
modeliser-1.2,Déterminer les propriétés des entrées sorties d’un composant logiciel ou matériel,BGD-SYS03,Interpréter les résultats produits par un traitement de données,0,0.0637930082
modeliser-1.2,Déterminer les propriétés des entrées sorties d’un composant logiciel ou matériel,BGD-PRJ01,Concevoir une architecture répondant à un besoin de traitement de données massives,0,0.0307530650
modeliser-1.2,Déterminer les propriétés des entrées sorties d’un composant logiciel ou matériel,BGD-PRJ02,Intégrer différents outils dans une chaîne de traitement cohérente,0,0.0001013128
modeliser-1.2,Déterminer les propriétés des entrées sorties d’un composant logiciel ou matériel,BGD-PRJ03,Exploiter et restituer les résultats d'un traitement de données,0,0.0711764789
modeliser-1.3,Déterminer la famille d’algorithmes à utiliser au regard des données numériques ou symboliques à traiter,BGD-CBD01,"Identifier les caractéristiques des données massives (volume, vélocité, variété, véracité)",0,0.0450165371
modeliser-1.3,Déterminer la famille d’algorithmes à utiliser au regard des données numériques ou symboliques à traiter,BGD-CBD02,Expliquer les enjeux liés au traitement de données massives,0,0.1055731302
modeliser-1.3,Déterminer la famille d’algorithmes à utiliser au regard des données numériques ou symboliques à traiter,BGD-CBD03,Expliquer les limites des systèmes de gestion de données traditionnels,0,0.0522875142
modeliser-1.3,Déterminer la famille d’algorithmes à utiliser au regard des données numériques ou symboliques à traiter,BGD-ARC01,Décrire l'organisation générale d'un système Big Data,0,0.0001436461
modeliser-1.3,Déterminer la famille d’algorithmes à utiliser au regard des données numériques ou symboliques à traiter,BGD-ARC02,"Expliquer le rôle des différentes couches (batch, temps réel, stockage)",0,0.0245446629
modeliser-1.3,Déterminer la famille d’algorithmes à utiliser au regard des données numériques ou symboliques à traiter,BGD-ARC03,"Décrire les étapes de traitement des données (collecte, traitement, stockage)",0,0.0538686871
modeliser-1.3,Déterminer la famille d’algorithmes à utiliser au regard des données numériques ou symboliques à traiter,BGD-STO01,Décrire les principes du stockage distribué des données,0,0.0625998676
modeliser-1.3,Déterminer la famille d’algorithmes à utiliser au regard des données numériques ou symboliques à traiter,BGD-STO02,"Expliquer les mécanismes assurant la fiabilité des données (réplication, distribution)",0,0.1015637454
modeliser-1.3,Déterminer la famille d’algorithmes à utiliser au regard des données numériques ou symboliques à traiter,BGD-STO03,Identifier différents types de bases de données adaptées au Big Data,0,0.0855900638
modeliser-1.3,Déterminer la famille d’algorithmes à utiliser au regard des données numériques ou symboliques à traiter,BGD-STO04,"Manipuler des données dans une base NoSQL (requêtes, insertion, modification)",0,0.0437206500
modeliser-1.3,Déterminer la famille d’algorithmes à utiliser au regard des données numériques ou symboliques à traiter,BGD-TRD01,Décrire le principe du traitement de données en mode batch,0,0.0243005063
modeliser-1.3,Déterminer la famille d’algorithmes à utiliser au regard des données numériques ou symboliques à traiter,BGD-TRD02,Expliquer le fonctionnement du modèle MapReduce,0,0.0011847141
modeliser-1.3,Déterminer la famille d’algorithmes à utiliser au regard des données numériques ou symboliques à traiter,BGD-TRD03,Concevoir un traitement distribué à partir d'un problème donné,0,-0.0000340476
modeliser-1.3,Déterminer la famille d’algorithmes à utiliser au regard des données numériques ou symboliques à traiter,BGD-TRD04,Identifier les limites des traitements batch pour certaines applications,0,0.0278600090
modeliser-1.3,Déterminer la famille d’algorithmes à utiliser au regard des données numériques ou symboliques à traiter,BGD-TRT01,Expliquer les principes du traitement de données en flux,0,0.0268656176
modeliser-1.3,Déterminer la famille d’algorithmes à utiliser au regard des données numériques ou symboliques à traiter,BGD-TRT02,Comparer les traitements batch et temps réel,0,-0.0004605093
modeliser-1.3,Déterminer la famille d’algorithmes à utiliser au regard des données numériques ou symboliques à traiter,BGD-TRT03,"Décrire les étapes d'un traitement de données en temps réel (collecte, traitement, stockage)",0,0.0231474649
modeliser-1.3,Déterminer la famille d’algorithmes à utiliser au regard des données numériques ou symboliques à traiter,BGD-TRT04,Utiliser des outils de traitement de flux pour analyser des données en temps réel,0,0.1301356738
modeliser-1.3,Déterminer la famille d’algorithmes à utiliser au regard des données numériques ou symboliques à traiter,BGD-COL01,Décrire les mécanismes de collecte de données dans un système distribué,0,0.0242385390
modeliser-1.3,Déterminer la famille d’algorithmes à utiliser au regard des données numériques ou symboliques à traiter,BGD-COL02,Expliquer le principe d'échange de données entre producteurs et consommateurs,0,0.0223093987
modeliser-1.3,Déterminer la famille d’algorithmes à utiliser au regard des données numériques ou symboliques à traiter,BGD-COL03,Interagir avec des services permettant d'accéder aux données (API),0,0.0441808916
modeliser-1.3,Déterminer la famille d’algorithmes à utiliser au regard des données numériques ou symboliques à traiter,BGD-COL04,Mettre à disposition des données via une interface ou un service,0,0.1212620659
modeliser-1.3,Déterminer la famille d’algorithmes à utiliser au regard des données numériques ou symboliques à traiter,BGD-SYS01,Mettre en place un environnement de travail pour le traitement de données,0,0.0233488135
modeliser-1.3,Déterminer la famille d’algorithmes à utiliser au regard des données numériques ou symboliques à traiter,BGD-SYS02,Exécuter des traitements distribués sur un système Big Data,0,0.0257926177
modeliser-1.3,Déterminer la famille d’algorithmes à utiliser au regard des données numériques ou symboliques à traiter,BGD-SYS03,Interpréter les résultats produits par un traitement de données,0,0.0259898956
modeliser-1.3,Déterminer la famille d’algorithmes à utiliser au regard des données numériques ou symboliques à traiter,BGD-PRJ01,Concevoir une architecture répondant à un besoin de traitement de données massives,0,0.0219807934
modeliser-1.3,Déterminer la famille d’algorithmes à utiliser au regard des données numériques ou symboliques à traiter,BGD-PRJ02,Intégrer différents outils dans une chaîne de traitement cohérente,0,0.0000866685
modeliser-1.3,Déterminer la famille d’algorithmes à utiliser au regard des données numériques ou symboliques à traiter,BGD-PRJ03,Exploiter et restituer les résultats d'un traitement de données,0,0.0304015330
modeliser-1.4,Identifier le rôle des composants d’un ordinateur ou des systèmes électroniques,BGD-CBD01,"Identifier les caractéristiques des données massives (volume, vélocité, variété, véracité)",0,0.1462284777
modeliser-1.4,Identifier le rôle des composants d’un ordinateur ou des systèmes électroniques,BGD-CBD02,Expliquer les enjeux liés au traitement de données massives,0,-0.0040042955
modeliser-1.4,Identifier le rôle des composants d’un ordinateur ou des systèmes électroniques,BGD-CBD03,Expliquer les limites des systèmes de gestion de données traditionnels,0,0.2028433143
modeliser-1.4,Identifier le rôle des composants d’un ordinateur ou des systèmes électroniques,BGD-ARC01,Décrire l'organisation générale d'un système Big Data,0,0.0384794531
modeliser-1.4,Identifier le rôle des composants d’un ordinateur ou des systèmes électroniques,BGD-ARC02,"Expliquer le rôle des différentes couches (batch, temps réel, stockage)",0,0.2604355141
modeliser-1.4,Identifier le rôle des composants d’un ordinateur ou des systèmes électroniques,BGD-ARC03,"Décrire les étapes de traitement des données (collecte, traitement, stockage)",0,0.0658903390
modeliser-1.4,Identifier le rôle des composants d’un ordinateur ou des systèmes électroniques,BGD-STO01,Décrire les principes du stockage distribué des données,1,0.0664530038
modeliser-1.4,Identifier le rôle des composants d’un ordinateur ou des systèmes électroniques,BGD-STO02,"Expliquer les mécanismes assurant la fiabilité des données (réplication, distribution)",0,0.0579802049
modeliser-1.4,Identifier le rôle des composants d’un ordinateur ou des systèmes électroniques,BGD-STO03,Identifier différents types de bases de données adaptées au Big Data,0,0.0868254703
modeliser-1.4,Identifier le rôle des composants d’un ordinateur ou des systèmes électroniques,BGD-STO04,"Manipuler des données dans une base NoSQL (requêtes, insertion, modification)",0,0.0556816761
modeliser-1.4,Identifier le rôle des composants d’un ordinateur ou des systèmes électroniques,BGD-TRD01,Décrire le principe du traitement de données en mode batch,0,0.0499874729
modeliser-1.4,Identifier le rôle des composants d’un ordinateur ou des systèmes électroniques,BGD-TRD02,Expliquer le fonctionnement du modèle MapReduce,0,0.0376048285
modeliser-1.4,Identifier le rôle des composants d’un ordinateur ou des systèmes électroniques,BGD-TRD03,Concevoir un traitement distribué à partir d'un problème donné,0,0.0708627526
modeliser-1.4,Identifier le rôle des composants d’un ordinateur ou des systèmes électroniques,BGD-TRD04,Identifier les limites des traitements batch pour certaines applications,0,0.1561970148
modeliser-1.4,Identifier le rôle des composants d’un ordinateur ou des systèmes électroniques,BGD-TRT01,Expliquer les principes du traitement de données en flux,0,0.0171009914
modeliser-1.4,Identifier le rôle des composants d’un ordinateur ou des systèmes électroniques,BGD-TRT02,Comparer les traitements batch et temps réel,0,0.0049181274
modeliser-1.4,Identifier le rôle des composants d’un ordinateur ou des systèmes électroniques,BGD-TRT03,"Décrire les étapes d'un traitement de données en temps réel (collecte, traitement, stockage)",0,0.0375849328
modeliser-1.4,Identifier le rôle des composants d’un ordinateur ou des systèmes électroniques,BGD-TRT04,Utiliser des outils de traitement de flux pour analyser des données en temps réel,0,0.0955847823
modeliser-1.4,Identifier le rôle des composants d’un ordinateur ou des systèmes électroniques,BGD-COL01,Décrire les mécanismes de collecte de données dans un système distribué,0,0.0426060378
modeliser-1.4,Identifier le rôle des composants d’un ordinateur ou des systèmes électroniques,BGD-COL02,Expliquer le principe d'échange de données entre producteurs et consommateurs,0,0.0444355627
modeliser-1.4,Identifier le rôle des composants d’un ordinateur ou des systèmes électroniques,BGD-COL03,Interagir avec des services permettant d'accéder aux données (API),0,0.0573631103
modeliser-1.4,Identifier le rôle des composants d’un ordinateur ou des systèmes électroniques,BGD-COL04,Mettre à disposition des données via une interface ou un service,0,0.1801175855
modeliser-1.4,Identifier le rôle des composants d’un ordinateur ou des systèmes électroniques,BGD-SYS01,Mettre en place un environnement de travail pour le traitement de données,0,0.0793782117
modeliser-1.4,Identifier le rôle des composants d’un ordinateur ou des systèmes électroniques,BGD-SYS02,Exécuter des traitements distribués sur un système Big Data,0,0.0939863474
modeliser-1.4,Identifier le rôle des composants d’un ordinateur ou des systèmes électroniques,BGD-SYS03,Interpréter les résultats produits par un traitement de données,0,0.0419484597
modeliser-1.4,Identifier le rôle des composants d’un ordinateur ou des systèmes électroniques,BGD-PRJ01,Concevoir une architecture répondant à un besoin de traitement de données massives,0,0.0361320194
modeliser-1.4,Identifier le rôle des composants d’un ordinateur ou des systèmes électroniques,BGD-PRJ02,Intégrer différents outils dans une chaîne de traitement cohérente,0,0.0043985265
modeliser-1.4,Identifier le rôle des composants d’un ordinateur ou des systèmes électroniques,BGD-PRJ03,Exploiter et restituer les résultats d'un traitement de données,0,0.0364723924
modeliser-2.1,Analyser les données numériques et symboliques du problème,BGD-CBD01,"Identifier les caractéristiques des données massives (volume, vélocité, variété, véracité)",0,0.0625340916
modeliser-2.1,Analyser les données numériques et symboliques du problème,BGD-CBD02,Expliquer les enjeux liés au traitement de données massives,0,0.0786716429
modeliser-2.1,Analyser les données numériques et symboliques du problème,BGD-CBD03,Expliquer les limites des systèmes de gestion de données traditionnels,1,0.0728853971
modeliser-2.1,Analyser les données numériques et symboliques du problème,BGD-ARC01,Décrire l'organisation générale d'un système Big Data,0,-0.0006622165
modeliser-2.1,Analyser les données numériques et symboliques du problème,BGD-ARC02,"Expliquer le rôle des différentes couches (batch, temps réel, stockage)",0,-0.0061489744
modeliser-2.1,Analyser les données numériques et symboliques du problème,BGD-ARC03,"Décrire les étapes de traitement des données (collecte, traitement, stockage)",0,0.0785584658
modeliser-2.1,Analyser les données numériques et symboliques du problème,BGD-STO01,Décrire les principes du stockage distribué des données,0,0.2009049583
modeliser-2.1,Analyser les données numériques et symboliques du problème,BGD-STO02,"Expliquer les mécanismes assurant la fiabilité des données (réplication, distribution)",0,0.0666091782
modeliser-2.1,Analyser les données numériques et symboliques du problème,BGD-STO03,Identifier différents types de bases de données adaptées au Big Data,0,0.0311435226
modeliser-2.1,Analyser les données numériques et symboliques du problème,BGD-STO04,"Manipuler des données dans une base NoSQL (requêtes, insertion, modification)",0,0.0295271120
modeliser-2.1,Analyser les données numériques et symboliques du problème,BGD-TRD01,Décrire le principe du traitement de données en mode batch,0,0.1378626111
modeliser-2.1,Analyser les données numériques et symboliques du problème,BGD-TRD02,Expliquer le fonctionnement du modèle MapReduce,0,0.1203429968
modeliser-2.1,Analyser les données numériques et symboliques du problème,BGD-TRD03,Concevoir un traitement distribué à partir d'un problème donné,0,0.1386563100
modeliser-2.1,Analyser les données numériques et symboliques du problème,BGD-TRD04,Identifier les limites des traitements batch pour certaines applications,0,0.0373402131
modeliser-2.1,Analyser les données numériques et symboliques du problème,BGD-TRT01,Expliquer les principes du traitement de données en flux,0,0.1882698146
modeliser-2.1,Analyser les données numériques et symboliques du problème,BGD-TRT02,Comparer les traitements batch et temps réel,0,0.1035376535
modeliser-2.1,Analyser les données numériques et symboliques du problème,BGD-TRT03,"Décrire les étapes d'un traitement de données en temps réel (collecte, traitement, stockage)",0,0.0657606307
modeliser-2.1,Analyser les données numériques et symboliques du problème,BGD-TRT04,Utiliser des outils de traitement de flux pour analyser des données en temps réel,0,0.1922627322
modeliser-2.1,Analyser les données numériques et symboliques du problème,BGD-COL01,Décrire les mécanismes de collecte de données dans un système distribué,0,0.0704986625
modeliser-2.1,Analyser les données numériques et symboliques du problème,BGD-COL02,Expliquer le principe d'échange de données entre producteurs et consommateurs,0,0.0823987734
modeliser-2.1,Analyser les données numériques et symboliques du problème,BGD-COL03,Interagir avec des services permettant d'accéder aux données (API),0,0.0294807506
modeliser-2.1,Analyser les données numériques et symboliques du problème,BGD-COL04,Mettre à disposition des données via une interface ou un service,0,0.0318330288
modeliser-2.1,Analyser les données numériques et symboliques du problème,BGD-SYS01,Mettre en place un environnement de travail pour le traitement de données,0,0.0346320563
modeliser-2.1,Analyser les données numériques et symboliques du problème,BGD-SYS02,Exécuter des traitements distribués sur un système Big Data,0,0.0002018404
modeliser-2.1,Analyser les données numériques et symboliques du problème,BGD-SYS03,Interpréter les résultats produits par un traitement de données,0,0.0760088341
modeliser-2.1,Analyser les données numériques et symboliques du problème,BGD-PRJ01,Concevoir une architecture répondant à un besoin de traitement de données massives,0,0.0320826084
modeliser-2.1,Analyser les données numériques et symboliques du problème,BGD-PRJ02,Intégrer différents outils dans une chaîne de traitement cohérente,0,-0.0018825941
modeliser-2.1,Analyser les données numériques et symboliques du problème,BGD-PRJ03,Exploiter et restituer les résultats d'un traitement de données,0,0.1541112549
modeliser-2.2,Comparer les différentes représentations numériques et symboliques des données,BGD-CBD01,"Identifier les caractéristiques des données massives (volume, vélocité, variété, véracité)",0,0.0890656005
modeliser-2.2,Comparer les différentes représentations numériques et symboliques des données,BGD-CBD02,Expliquer les enjeux liés au traitement de données massives,0,0.0665360536
modeliser-2.2,Comparer les différentes représentations numériques et symboliques des données,BGD-CBD03,Expliquer les limites des systèmes de gestion de données traditionnels,0,0.1035358679
modeliser-2.2,Comparer les différentes représentations numériques et symboliques des données,BGD-ARC01,Décrire l'organisation générale d'un système Big Data,0,0.0007898075
modeliser-2.2,Comparer les différentes représentations numériques et symboliques des données,BGD-ARC02,"Expliquer le rôle des différentes couches (batch, temps réel, stockage)",0,0.1813314031
modeliser-2.2,Comparer les différentes représentations numériques et symboliques des données,BGD-ARC03,"Décrire les étapes de traitement des données (collecte, traitement, stockage)",0,0.1110263269
modeliser-2.2,Comparer les différentes représentations numériques et symboliques des données,BGD-STO01,Décrire les principes du stockage distribué des données,0,0.1139500495
modeliser-2.2,Comparer les différentes représentations numériques et symboliques des données,BGD-STO02,"Expliquer les mécanismes assurant la fiabilité des données (réplication, distribution)",0,0.0910255000
modeliser-2.2,Comparer les différentes représentations numériques et symboliques des données,BGD-STO03,Identifier différents types de bases de données adaptées au Big Data,1,0.0271066520
modeliser-2.2,Comparer les différentes représentations numériques et symboliques des données,BGD-STO04,"Manipuler des données dans une base NoSQL (requêtes, insertion, modification)",0,0.0578088733
modeliser-2.2,Comparer les différentes représentations numériques et symboliques des données,BGD-TRD01,Décrire le principe du traitement de données en mode batch,0,0.0312878464
modeliser-2.2,Comparer les différentes représentations numériques et symboliques des données,BGD-TRD02,Expliquer le fonctionnement du modèle MapReduce,0,-0.0103007594
modeliser-2.2,Comparer les différentes représentations numériques et symboliques des données,BGD-TRD03,Concevoir un traitement distribué à partir d'un problème donné,0,-0.0006608020
modeliser-2.2,Comparer les différentes représentations numériques et symboliques des données,BGD-TRD04,Identifier les limites des traitements batch pour certaines applications,0,0.0640154038
modeliser-2.2,Comparer les différentes représentations numériques et symboliques des données,BGD-TRT01,Expliquer les principes du traitement de données en flux,0,0.0846694140
modeliser-2.2,Comparer les différentes représentations numériques et symboliques des données,BGD-TRT02,Comparer les traitements batch et temps réel,1,0.3027331967
modeliser-2.2,Comparer les différentes représentations numériques et symboliques des données,BGD-TRT03,"Décrire les étapes d'un traitement de données en temps réel (collecte, traitement, stockage)",0,0.0562200077
modeliser-2.2,Comparer les différentes représentations numériques et symboliques des données,BGD-TRT04,Utiliser des outils de traitement de flux pour analyser des données en temps réel,0,0.0842185892
modeliser-2.2,Comparer les différentes représentations numériques et symboliques des données,BGD-COL01,Décrire les mécanismes de collecte de données dans un système distribué,0,0.0692551421
modeliser-2.2,Comparer les différentes représentations numériques et symboliques des données,BGD-COL02,Expliquer le principe d'échange de données entre producteurs et consommateurs,0,0.0732027899
modeliser-2.2,Comparer les différentes représentations numériques et symboliques des données,BGD-COL03,Interagir avec des services permettant d'accéder aux données (API),0,0.0589809759
modeliser-2.2,Comparer les différentes représentations numériques et symboliques des données,BGD-COL04,Mettre à disposition des données via une interface ou un service,0,0.0630504323
modeliser-2.2,Comparer les différentes représentations numériques et symboliques des données,BGD-SYS01,Mettre en place un environnement de travail pour le traitement de données,0,0.0294028425
modeliser-2.2,Comparer les différentes représentations numériques et symboliques des données,BGD-SYS02,Exécuter des traitements distribués sur un système Big Data,0,0.0334277195
modeliser-2.2,Comparer les différentes représentations numériques et symboliques des données,BGD-SYS03,Interpréter les résultats produits par un traitement de données,0,0.0713162170
modeliser-2.2,Comparer les différentes représentations numériques et symboliques des données,BGD-PRJ01,Concevoir une architecture répondant à un besoin de traitement de données massives,0,0.0302249405
modeliser-2.2,Comparer les différentes représentations numériques et symboliques des données,BGD-PRJ02,Intégrer différents outils dans une chaîne de traitement cohérente,0,0.0016098217
modeliser-2.2,Comparer les différentes représentations numériques et symboliques des données,BGD-PRJ03,Exploiter et restituer les résultats d'un traitement de données,0,0.1322488197
modeliser-2.3,Représenter dans le paradigme de la programmation orienté objet aussi bien les données que les fonctionnalités du problème,BGD-CBD01,"Identifier les caractéristiques des données massives (volume, vélocité, variété, véracité)",0,0.0563304192
modeliser-2.3,Représenter dans le paradigme de la programmation orienté objet aussi bien les données que les fonctionnalités du problème,BGD-CBD02,Expliquer les enjeux liés au traitement de données massives,0,0.0888773952
modeliser-2.3,Représenter dans le paradigme de la programmation orienté objet aussi bien les données que les fonctionnalités du problème,BGD-CBD03,Expliquer les limites des systèmes de gestion de données traditionnels,0,0.1046679067
modeliser-2.3,Représenter dans le paradigme de la programmation orienté objet aussi bien les données que les fonctionnalités du problème,BGD-ARC01,Décrire l'organisation générale d'un système Big Data,0,0.0000025838
modeliser-2.3,Représenter dans le paradigme de la programmation orienté objet aussi bien les données que les fonctionnalités du problème,BGD-ARC02,"Expliquer le rôle des différentes couches (batch, temps réel, stockage)",0,0.0346966761
modeliser-2.3,Représenter dans le paradigme de la programmation orienté objet aussi bien les données que les fonctionnalités du problème,BGD-ARC03,"Décrire les étapes de traitement des données (collecte, traitement, stockage)",0,0.0887147736
modeliser-2.3,Représenter dans le paradigme de la programmation orienté objet aussi bien les données que les fonctionnalités du problème,BGD-STO01,Décrire les principes du stockage distribué des données,0,0.1406050249
modeliser-2.3,Représenter dans le paradigme de la programmation orienté objet aussi bien les données que les fonctionnalités du problème,BGD-STO02,"Expliquer les mécanismes assurant la fiabilité des données (réplication, distribution)",0,0.1058768378
modeliser-2.3,Représenter dans le paradigme de la programmation orienté objet aussi bien les données que les fonctionnalités du problème,BGD-STO03,Identifier différents types de bases de données adaptées au Big Data,0,0.0515320722
modeliser-2.3,Représenter dans le paradigme de la programmation orienté objet aussi bien les données que les fonctionnalités du problème,BGD-STO04,"Manipuler des données dans une base NoSQL (requêtes, insertion, modification)",0,0.0763715622
modeliser-2.3,Représenter dans le paradigme de la programmation orienté objet aussi bien les données que les fonctionnalités du problème,BGD-TRD01,Décrire le principe du traitement de données en mode batch,0,0.1379661195
modeliser-2.3,Représenter dans le paradigme de la programmation orienté objet aussi bien les données que les fonctionnalités du problème,BGD-TRD02,Expliquer le fonctionnement du modèle MapReduce,0,0.1068769730
modeliser-2.3,Représenter dans le paradigme de la programmation orienté objet aussi bien les données que les fonctionnalités du problème,BGD-TRD03,Concevoir un traitement distribué à partir d'un problème donné,0,0.0808397488
modeliser-2.3,Représenter dans le paradigme de la programmation orienté objet aussi bien les données que les fonctionnalités du problème,BGD-TRD04,Identifier les limites des traitements batch pour certaines applications,0,0.0418374179
modeliser-2.3,Représenter dans le paradigme de la programmation orienté objet aussi bien les données que les fonctionnalités du problème,BGD-TRT01,Expliquer les principes du traitement de données en flux,0,0.1650100400
modeliser-2.3,Représenter dans le paradigme de la programmation orienté objet aussi bien les données que les fonctionnalités du problème,BGD-TRT02,Comparer les traitements batch et temps réel,0,0.0518846955
modeliser-2.3,Représenter dans le paradigme de la programmation orienté objet aussi bien les données que les fonctionnalités du problème,BGD-TRT03,"Décrire les étapes d'un traitement de données en temps réel (collecte, traitement, stockage)",0,0.0780352948
modeliser-2.3,Représenter dans le paradigme de la programmation orienté objet aussi bien les données que les fonctionnalités du problème,BGD-TRT04,Utiliser des outils de traitement de flux pour analyser des données en temps réel,0,0.0511433733
modeliser-2.3,Représenter dans le paradigme de la programmation orienté objet aussi bien les données que les fonctionnalités du problème,BGD-COL01,Décrire les mécanismes de collecte de données dans un système distribué,0,0.1762749560
modeliser-2.3,Représenter dans le paradigme de la programmation orienté objet aussi bien les données que les fonctionnalités du problème,BGD-COL02,Expliquer le principe d'échange de données entre producteurs et consommateurs,0,0.0705075804
modeliser-2.3,Représenter dans le paradigme de la programmation orienté objet aussi bien les données que les fonctionnalités du problème,BGD-COL03,Interagir avec des services permettant d'accéder aux données (API),0,0.0178982452
modeliser-2.3,Représenter dans le paradigme de la programmation orienté objet aussi bien les données que les fonctionnalités du problème,BGD-COL04,Mettre à disposition des données via une interface ou un service,0,0.0190987141
modeliser-2.3,Représenter dans le paradigme de la programmation orienté objet aussi bien les données que les fonctionnalités du problème,BGD-SYS01,Mettre en place un environnement de travail pour le traitement de données,0,0.0916702295
modeliser-2.3,Représenter dans le paradigme de la programmation orienté objet aussi bien les données que les fonctionnalités du problème,BGD-SYS02,Exécuter des traitements distribués sur un système Big Data,0,0.0000072344
modeliser-2.3,Représenter dans le paradigme de la programmation orienté objet aussi bien les données que les fonctionnalités du problème,BGD-SYS03,Interpréter les résultats produits par un traitement de données,0,0.0904363511
modeliser-2.3,Représenter dans le paradigme de la programmation orienté objet aussi bien les données que les fonctionnalités du problème,BGD-PRJ01,Concevoir une architecture répondant à un besoin de traitement de données massives,0,0.0554490692
modeliser-2.3,Représenter dans le paradigme de la programmation orienté objet aussi bien les données que les fonctionnalités du problème,BGD-PRJ02,Intégrer différents outils dans une chaîne de traitement cohérente,0,0.0851345697
modeliser-2.3,Représenter dans le paradigme de la programmation orienté objet aussi bien les données que les fonctionnalités du problème,BGD-PRJ03,Exploiter et restituer les résultats d'un traitement de données,0,0.1006232935
modeliser-2.4,Identifier le fonctionnement et les différentes implantations des composants d’un ordinateur ou des systèmes électroniques,BGD-CBD01,"Identifier les caractéristiques des données massives (volume, vélocité, variété, véracité)",0,0.1463398714
modeliser-2.4,Identifier le fonctionnement et les différentes implantations des composants d’un ordinateur ou des systèmes électroniques,BGD-CBD02,Expliquer les enjeux liés au traitement de données massives,0,0.0313665433
modeliser-2.4,Identifier le fonctionnement et les différentes implantations des composants d’un ordinateur ou des systèmes électroniques,BGD-CBD03,Expliquer les limites des systèmes de gestion de données traditionnels,0,0.1988900231
modeliser-2.4,Identifier le fonctionnement et les différentes implantations des composants d’un ordinateur ou des systèmes électroniques,BGD-ARC01,Décrire l'organisation générale d'un système Big Data,0,0.0327432458
modeliser-2.4,Identifier le fonctionnement et les différentes implantations des composants d’un ordinateur ou des systèmes électroniques,BGD-ARC02,"Expliquer le rôle des différentes couches (batch, temps réel, stockage)",0,0.1829080293
modeliser-2.4,Identifier le fonctionnement et les différentes implantations des composants d’un ordinateur ou des systèmes électroniques,BGD-ARC03,"Décrire les étapes de traitement des données (collecte, traitement, stockage)",0,0.0920618638
modeliser-2.4,Identifier le fonctionnement et les différentes implantations des composants d’un ordinateur ou des systèmes électroniques,BGD-STO01,Décrire les principes du stockage distribué des données,0,0.1094827777
modeliser-2.4,Identifier le fonctionnement et les différentes implantations des composants d’un ordinateur ou des systèmes électroniques,BGD-STO02,"Expliquer les mécanismes assurant la fiabilité des données (réplication, distribution)",1,0.0762827097
modeliser-2.4,Identifier le fonctionnement et les différentes implantations des composants d’un ordinateur ou des systèmes électroniques,BGD-STO03,Identifier différents types de bases de données adaptées au Big Data,0,0.0767347572
modeliser-2.4,Identifier le fonctionnement et les différentes implantations des composants d’un ordinateur ou des systèmes électroniques,BGD-STO04,"Manipuler des données dans une base NoSQL (requêtes, insertion, modification)",0,0.0472819010
modeliser-2.4,Identifier le fonctionnement et les différentes implantations des composants d’un ordinateur ou des systèmes électroniques,BGD-TRD01,Décrire le principe du traitement de données en mode batch,0,0.0456403135
modeliser-2.4,Identifier le fonctionnement et les différentes implantations des composants d’un ordinateur ou des systèmes électroniques,BGD-TRD02,Expliquer le fonctionnement du modèle MapReduce,0,0.2293756355
modeliser-2.4,Identifier le fonctionnement et les différentes implantations des composants d’un ordinateur ou des systèmes électroniques,BGD-TRD03,Concevoir un traitement distribué à partir d'un problème donné,0,0.0653929445
modeliser-2.4,Identifier le fonctionnement et les différentes implantations des composants d’un ordinateur ou des systèmes électroniques,BGD-TRD04,Identifier les limites des traitements batch pour certaines applications,0,0.1684879834
modeliser-2.4,Identifier le fonctionnement et les différentes implantations des composants d’un ordinateur ou des systèmes électroniques,BGD-TRT01,Expliquer les principes du traitement de données en flux,0,0.0113920446
modeliser-2.4,Identifier le fonctionnement et les différentes implantations des composants d’un ordinateur ou des systèmes électroniques,BGD-TRT02,Comparer les traitements batch et temps réel,0,0.0684613784
modeliser-2.4,Identifier le fonctionnement et les différentes implantations des composants d’un ordinateur ou des systèmes électroniques,BGD-TRT03,"Décrire les étapes d'un traitement de données en temps réel (collecte, traitement, stockage)",0,0.0479773573
modeliser-2.4,Identifier le fonctionnement et les différentes implantations des composants d’un ordinateur ou des systèmes électroniques,BGD-TRT04,Utiliser des outils de traitement de flux pour analyser des données en temps réel,0,0.1243016917
modeliser-2.4,Identifier le fonctionnement et les différentes implantations des composants d’un ordinateur ou des systèmes électroniques,BGD-COL01,Décrire les mécanismes de collecte de données dans un système distribué,0,0.0520387565
modeliser-2.4,Identifier le fonctionnement et les différentes implantations des composants d’un ordinateur ou des systèmes électroniques,BGD-COL02,Expliquer le principe d'échange de données entre producteurs et consommateurs,0,0.0736391277
modeliser-2.4,Identifier le fonctionnement et les différentes implantations des composants d’un ordinateur ou des systèmes électroniques,BGD-COL03,Interagir avec des services permettant d'accéder aux données (API),0,0.0467760044
modeliser-2.4,Identifier le fonctionnement et les différentes implantations des composants d’un ordinateur ou des systèmes électroniques,BGD-COL04,Mettre à disposition des données via une interface ou un service,0,0.1554305394
modeliser-2.4,Identifier le fonctionnement et les différentes implantations des composants d’un ordinateur ou des systèmes électroniques,BGD-SYS01,Mettre en place un environnement de travail pour le traitement de données,0,0.0736433776
modeliser-2.4,Identifier le fonctionnement et les différentes implantations des composants d’un ordinateur ou des systèmes électroniques,BGD-SYS02,Exécuter des traitements distribués sur un système Big Data,0,0.0817053778
modeliser-2.4,Identifier le fonctionnement et les différentes implantations des composants d’un ordinateur ou des systèmes électroniques,BGD-SYS03,Interpréter les résultats produits par un traitement de données,0,0.0586145706
modeliser-2.4,Identifier le fonctionnement et les différentes implantations des composants d’un ordinateur ou des systèmes électroniques,BGD-PRJ01,Concevoir une architecture répondant à un besoin de traitement de données massives,0,0.0271164192
modeliser-2.4,Identifier le fonctionnement et les différentes implantations des composants d’un ordinateur ou des systèmes électroniques,BGD-PRJ02,Intégrer différents outils dans une chaîne de traitement cohérente,0,-0.0045060580
modeliser-2.4,Identifier le fonctionnement et les différentes implantations des composants d’un ordinateur ou des systèmes électroniques,BGD-PRJ03,Exploiter et restituer les résultats d'un traitement de données,0,0.1217524549
modeliser-3.1,Normaliser des données pour appliquer un modèle,BGD-CBD01,"Identifier les caractéristiques des données massives (volume, vélocité, variété, véracité)",0,0.0679708559
modeliser-3.1,Normaliser des données pour appliquer un modèle,BGD-CBD02,Expliquer les enjeux liés au traitement de données massives,0,0.0390896853
modeliser-3.1,Normaliser des données pour appliquer un modèle,BGD-CBD03,Expliquer les limites des systèmes de gestion de données traditionnels,0,0.0791527701
modeliser-3.1,Normaliser des données pour appliquer un modèle,BGD-ARC01,Décrire l'organisation générale d'un système Big Data,0,0.0489886349
modeliser-3.1,Normaliser des données pour appliquer un modèle,BGD-ARC02,"Expliquer le rôle des différentes couches (batch, temps réel, stockage)",0,0.0367486618
modeliser-3.1,Normaliser des données pour appliquer un modèle,BGD-ARC03,"Décrire les étapes de traitement des données (collecte, traitement, stockage)",0,0.0853307845
modeliser-3.1,Normaliser des données pour appliquer un modèle,BGD-STO01,Décrire les principes du stockage distribué des données,0,0.0940268725
modeliser-3.1,Normaliser des données pour appliquer un modèle,BGD-STO02,"Expliquer les mécanismes assurant la fiabilité des données (réplication, distribution)",0,0.0713279094
modeliser-3.1,Normaliser des données pour appliquer un modèle,BGD-STO03,Identifier différents types de bases de données adaptées au Big Data,0,0.0317072109
modeliser-3.1,Normaliser des données pour appliquer un modèle,BGD-STO04,"Manipuler des données dans une base NoSQL (requêtes, insertion, modification)",0,0.0659229281
modeliser-3.1,Normaliser des données pour appliquer un modèle,BGD-TRD01,Décrire le principe du traitement de données en mode batch,0,0.0392314473
modeliser-3.1,Normaliser des données pour appliquer un modèle,BGD-TRD02,Expliquer le fonctionnement du modèle MapReduce,0,0.1715568438
modeliser-3.1,Normaliser des données pour appliquer un modèle,BGD-TRD03,Concevoir un traitement distribué à partir d'un problème donné,0,0.0945039616
modeliser-3.1,Normaliser des données pour appliquer un modèle,BGD-TRD04,Identifier les limites des traitements batch pour certaines applications,0,0.1436839146
modeliser-3.1,Normaliser des données pour appliquer un modèle,BGD-TRT01,Expliquer les principes du traitement de données en flux,0,0.0401338316
modeliser-3.1,Normaliser des données pour appliquer un modèle,BGD-TRT02,Comparer les traitements batch et temps réel,0,-0.0006429229
modeliser-3.1,Normaliser des données pour appliquer un modèle,BGD-TRT03,"Décrire les étapes d'un traitement de données en temps réel (collecte, traitement, stockage)",0,0.0749302069
modeliser-3.1,Normaliser des données pour appliquer un modèle,BGD-TRT04,Utiliser des outils de traitement de flux pour analyser des données en temps réel,0,0.2074203263
modeliser-3.1,Normaliser des données pour appliquer un modèle,BGD-COL01,Décrire les mécanismes de collecte de données dans un système distribué,0,0.0836693534
modeliser-3.1,Normaliser des données pour appliquer un modèle,BGD-COL02,Expliquer le principe d'échange de données entre producteurs et consommateurs,0,0.0333781553
modeliser-3.1,Normaliser des données pour appliquer un modèle,BGD-COL03,Interagir avec des services permettant d'accéder aux données (API),0,0.0665182074
modeliser-3.1,Normaliser des données pour appliquer un modèle,BGD-COL04,Mettre à disposition des données via une interface ou un service,0,0.1148917476
modeliser-3.1,Normaliser des données pour appliquer un modèle,BGD-SYS01,Mettre en place un environnement de travail pour le traitement de données,0,0.1829891550
modeliser-3.1,Normaliser des données pour appliquer un modèle,BGD-SYS02,Exécuter des traitements distribués sur un système Big Data,0,0.0823935675
modeliser-3.1,Normaliser des données pour appliquer un modèle,BGD-SYS03,Interpréter les résultats produits par un traitement de données,0,0.0886941069
modeliser-3.1,Normaliser des données pour appliquer un modèle,BGD-PRJ01,Concevoir une architecture répondant à un besoin de traitement de données massives,0,0.0768034474
modeliser-3.1,Normaliser des données pour appliquer un modèle,BGD-PRJ02,Intégrer différents outils dans une chaîne de traitement cohérente,0,-0.0014200065
modeliser-3.1,Normaliser des données pour appliquer un modèle,BGD-PRJ03,Exploiter et restituer les résultats d'un traitement de données,0,0.1009719715
modeliser-3.2,Caractériser les données pour en déduire le modèle,BGD-CBD01,"Identifier les caractéristiques des données massives (volume, vélocité, variété, véracité)",0,0.0642250624
modeliser-3.2,Caractériser les données pour en déduire le modèle,BGD-CBD02,Expliquer les enjeux liés au traitement de données massives,0,0.0797415493
modeliser-3.2,Caractériser les données pour en déduire le modèle,BGD-CBD03,Expliquer les limites des systèmes de gestion de données traditionnels,0,0.0745779586
modeliser-3.2,Caractériser les données pour en déduire le modèle,BGD-ARC01,Décrire l'organisation générale d'un système Big Data,0,0.0003079703
modeliser-3.2,Caractériser les données pour en déduire le modèle,BGD-ARC02,"Expliquer le rôle des différentes couches (batch, temps réel, stockage)",0,0.0547761531
modeliser-3.2,Caractériser les données pour en déduire le modèle,BGD-ARC03,"Décrire les étapes de traitement des données (collecte, traitement, stockage)",0,0.0761611807
modeliser-3.2,Caractériser les données pour en déduire le modèle,BGD-STO01,Décrire les principes du stockage distribué des données,0,0.0906342843
modeliser-3.2,Caractériser les données pour en déduire le modèle,BGD-STO02,"Expliquer les mécanismes assurant la fiabilité des données (réplication, distribution)",0,0.0675513272
modeliser-3.2,Caractériser les données pour en déduire le modèle,BGD-STO03,Identifier différents types de bases de données adaptées au Big Data,0,0.0310139077
modeliser-3.2,Caractériser les données pour en déduire le modèle,BGD-STO04,"Manipuler des données dans une base NoSQL (requêtes, insertion, modification)",0,0.0305097039
modeliser-3.2,Caractériser les données pour en déduire le modèle,BGD-TRD01,Décrire le principe du traitement de données en mode batch,0,0.1780389172
modeliser-3.2,Caractériser les données pour en déduire le modèle,BGD-TRD02,Expliquer le fonctionnement du modèle MapReduce,0,0.2451597220
modeliser-3.2,Caractériser les données pour en déduire le modèle,BGD-TRD03,Concevoir un traitement distribué à partir d'un problème donné,0,-0.0000559134
modeliser-3.2,Caractériser les données pour en déduire le modèle,BGD-TRD04,Identifier les limites des traitements batch pour certaines applications,0,0.1413006482
modeliser-3.2,Caractériser les données pour en déduire le modèle,BGD-TRT01,Expliquer les principes du traitement de données en flux,0,0.1693616495
modeliser-3.2,Caractériser les données pour en déduire le modèle,BGD-TRT02,Comparer les traitements batch et temps réel,0,0.0435786360
modeliser-3.2,Caractériser les données pour en déduire le modèle,BGD-TRT03,"Décrire les étapes d'un traitement de données en temps réel (collecte, traitement, stockage)",0,0.1376025089
modeliser-3.2,Caractériser les données pour en déduire le modèle,BGD-TRT04,Utiliser des outils de traitement de flux pour analyser des données en temps réel,0,0.1915691221
modeliser-3.2,Caractériser les données pour en déduire le modèle,BGD-COL01,Décrire les mécanismes de collecte de données dans un système distribué,0,0.0748998293
modeliser-3.2,Caractériser les données pour en déduire le modèle,BGD-COL02,Expliquer le principe d'échange de données entre producteurs et consommateurs,0,0.0916204595
modeliser-3.2,Caractériser les données pour en déduire le modèle,BGD-COL03,Interagir avec des services permettant d'accéder aux données (API),0,0.0307227726
modeliser-3.2,Caractériser les données pour en déduire le modèle,BGD-COL04,Mettre à disposition des données via une interface ou un service,0,0.0336186308
modeliser-3.2,Caractériser les données pour en déduire le modèle,BGD-SYS01,Mettre en place un environnement de travail pour le traitement de données,0,0.2676206974
modeliser-3.2,Caractériser les données pour en déduire le modèle,BGD-SYS02,Exécuter des traitements distribués sur un système Big Data,0,0.0001387070
modeliser-3.2,Caractériser les données pour en déduire le modèle,BGD-SYS03,Interpréter les résultats produits par un traitement de données,0,0.0801549172
modeliser-3.2,Caractériser les données pour en déduire le modèle,BGD-PRJ01,Concevoir une architecture répondant à un besoin de traitement de données massives,0,0.0330171554
modeliser-3.2,Caractériser les données pour en déduire le modèle,BGD-PRJ02,Intégrer différents outils dans une chaîne de traitement cohérente,0,0.0002335943
modeliser-3.2,Caractériser les données pour en déduire le modèle,BGD-PRJ03,Exploiter et restituer les résultats d'un traitement de données,0,0.0929014452
modeliser-4.1,Transformer le modèle pour obtenir une résolution acceptable,BGD-CBD01,"Identifier les caractéristiques des données massives (volume, vélocité, variété, véracité)",0,-0.0002717070
modeliser-4.1,Transformer le modèle pour obtenir une résolution acceptable,BGD-CBD02,Expliquer les enjeux liés au traitement de données massives,0,-0.0016558916
modeliser-4.1,Transformer le modèle pour obtenir une résolution acceptable,BGD-CBD03,Expliquer les limites des systèmes de gestion de données traditionnels,0,-0.0004802905
modeliser-4.1,Transformer le modèle pour obtenir une résolution acceptable,BGD-ARC01,Décrire l'organisation générale d'un système Big Data,0,0.0000642087
modeliser-4.1,Transformer le modèle pour obtenir une résolution acceptable,BGD-ARC02,"Expliquer le rôle des différentes couches (batch, temps réel, stockage)",0,0.0519416778
modeliser-4.1,Transformer le modèle pour obtenir une résolution acceptable,BGD-ARC03,"Décrire les étapes de traitement des données (collecte, traitement, stockage)",0,0.0011082464
modeliser-4.1,Transformer le modèle pour obtenir une résolution acceptable,BGD-STO01,Décrire les principes du stockage distribué des données,0,-0.0020115042
modeliser-4.1,Transformer le modèle pour obtenir une résolution acceptable,BGD-STO02,"Expliquer les mécanismes assurant la fiabilité des données (réplication, distribution)",0,-0.0009394081
modeliser-4.1,Transformer le modèle pour obtenir une résolution acceptable,BGD-STO03,Identifier différents types de bases de données adaptées au Big Data,0,-0.0001162874
modeliser-4.1,Transformer le modèle pour obtenir une résolution acceptable,BGD-STO04,"Manipuler des données dans une base NoSQL (requêtes, insertion, modification)",0,0.0646088592
modeliser-4.1,Transformer le modèle pour obtenir une résolution acceptable,BGD-TRD01,Décrire le principe du traitement de données en mode batch,0,0.0567104626
modeliser-4.1,Transformer le modèle pour obtenir une résolution acceptable,BGD-TRD02,Expliquer le fonctionnement du modèle MapReduce,0,0.2084395887
modeliser-4.1,Transformer le modèle pour obtenir une résolution acceptable,BGD-TRD03,Concevoir un traitement distribué à partir d'un problème donné,0,0.0000280488
modeliser-4.1,Transformer le modèle pour obtenir une résolution acceptable,BGD-TRD04,Identifier les limites des traitements batch pour certaines applications,0,0.0856706352
modeliser-4.1,Transformer le modèle pour obtenir une résolution acceptable,BGD-TRT01,Expliquer les principes du traitement de données en flux,0,0.0008540085
modeliser-4.1,Transformer le modèle pour obtenir une résolution acceptable,BGD-TRT02,Comparer les traitements batch et temps réel,0,0.0010901263
modeliser-4.1,Transformer le modèle pour obtenir une résolution acceptable,BGD-TRT03,"Décrire les étapes d'un traitement de données en temps réel (collecte, traitement, stockage)",0,-0.0012245548
modeliser-4.1,Transformer le modèle pour obtenir une résolution acceptable,BGD-TRT04,Utiliser des outils de traitement de flux pour analyser des données en temps réel,0,0.0788713276
modeliser-4.1,Transformer le modèle pour obtenir une résolution acceptable,BGD-COL01,Décrire les mécanismes de collecte de données dans un système distribué,0,-0.0003656725
modeliser-4.1,Transformer le modèle pour obtenir une résolution acceptable,BGD-COL02,Expliquer le principe d'échange de données entre producteurs et consommateurs,0,0.0489750340
modeliser-4.1,Transformer le modèle pour obtenir une résolution acceptable,BGD-COL03,Interagir avec des services permettant d'accéder aux données (API),0,-0.0001733567
modeliser-4.1,Transformer le modèle pour obtenir une résolution acceptable,BGD-COL04,Mettre à disposition des données via une interface ou un service,0,0.0701782563
modeliser-4.1,Transformer le modèle pour obtenir une résolution acceptable,BGD-SYS01,Mettre en place un environnement de travail pour le traitement de données,0,0.1370820692
modeliser-4.1,Transformer le modèle pour obtenir une résolution acceptable,BGD-SYS02,Exécuter des traitements distribués sur un système Big Data,0,-0.0002496853
modeliser-4.1,Transformer le modèle pour obtenir une résolution acceptable,BGD-SYS03,Interpréter les résultats produits par un traitement de données,0,-0.0006712665
modeliser-4.1,Transformer le modèle pour obtenir une résolution acceptable,BGD-PRJ01,Concevoir une architecture répondant à un besoin de traitement de données massives,0,0.0721631808
modeliser-4.1,Transformer le modèle pour obtenir une résolution acceptable,BGD-PRJ02,Intégrer différents outils dans une chaîne de traitement cohérente,0,0.0741648965
modeliser-4.1,Transformer le modèle pour obtenir une résolution acceptable,BGD-PRJ03,Exploiter et restituer les résultats d'un traitement de données,0,-0.0028649886
modeliser-4.2,Transformer les données pour obtenir une résolution acceptable,BGD-CBD01,"Identifier les caractéristiques des données massives (volume, vélocité, variété, véracité)",0,0.0583482524
modeliser-4.2,Transformer les données pour obtenir une résolution acceptable,BGD-CBD02,Expliquer les enjeux liés au traitement de données massives,0,0.0724929941
modeliser-4.2,Transformer les données pour obtenir une résolution acceptable,BGD-CBD03,Expliquer les limites des systèmes de gestion de données traditionnels,0,0.0680410901
modeliser-4.2,Transformer les données pour obtenir une résolution acceptable,BGD-ARC01,Décrire l'organisation générale d'un système Big Data,0,-0.0000962160
modeliser-4.2,Transformer les données pour obtenir une résolution acceptable,BGD-ARC02,"Expliquer le rôle des différentes couches (batch, temps réel, stockage)",0,-0.0024376616
modeliser-4.2,Transformer les données pour obtenir une résolution acceptable,BGD-ARC03,"Décrire les étapes de traitement des données (collecte, traitement, stockage)",0,0.0702863772
modeliser-4.2,Transformer les données pour obtenir une résolution acceptable,BGD-STO01,Décrire les principes du stockage distribué des données,0,0.0809115969
modeliser-4.2,Transformer les données pour obtenir une résolution acceptable,BGD-STO02,"Expliquer les mécanismes assurant la fiabilité des données (réplication, distribution)",0,0.0614851685
modeliser-4.2,Transformer les données pour obtenir une résolution acceptable,BGD-STO03,Identifier différents types de bases de données adaptées au Big Data,0,0.0283462209
modeliser-4.2,Transformer les données pour obtenir une résolution acceptable,BGD-STO04,"Manipuler des données dans une base NoSQL (requêtes, insertion, modification)",0,0.0965461666
modeliser-4.2,Transformer les données pour obtenir une résolution acceptable,BGD-TRD01,Décrire le principe du traitement de données en mode batch,0,0.0337805659
modeliser-4.2,Transformer les données pour obtenir une résolution acceptable,BGD-TRD02,Expliquer le fonctionnement du modèle MapReduce,0,-0.0016262627
modeliser-4.2,Transformer les données pour obtenir une résolution acceptable,BGD-TRD03,Concevoir un traitement distribué à partir d'un problème donné,0,0.0000138963
modeliser-4.2,Transformer les données pour obtenir une résolution acceptable,BGD-TRD04,Identifier les limites des traitements batch pour certaines applications,0,0.1270691202
modeliser-4.2,Transformer les données pour obtenir une résolution acceptable,BGD-TRT01,Expliquer les principes du traitement de données en flux,0,0.0777419767
modeliser-4.2,Transformer les données pour obtenir une résolution acceptable,BGD-TRT02,Comparer les traitements batch et temps réel,0,0.0393485941
modeliser-4.2,Transformer les données pour obtenir une résolution acceptable,BGD-TRT03,"Décrire les étapes d'un traitement de données en temps réel (collecte, traitement, stockage)",0,0.0623725927
modeliser-4.2,Transformer les données pour obtenir une résolution acceptable,BGD-TRT04,Utiliser des outils de traitement de flux pour analyser des données en temps réel,0,0.1165079396
modeliser-4.2,Transformer les données pour obtenir une résolution acceptable,BGD-COL01,Décrire les mécanismes de collecte de données dans un système distribué,0,0.0680390213
modeliser-4.2,Transformer les données pour obtenir une résolution acceptable,BGD-COL02,Expliquer le principe d'échange de données entre producteurs et consommateurs,0,0.0303821316
modeliser-4.2,Transformer les données pour obtenir une résolution acceptable,BGD-COL03,Interagir avec des services permettant d'accéder aux données (API),0,0.0279177367
modeliser-4.2,Transformer les données pour obtenir une résolution acceptable,BGD-COL04,Mettre à disposition des données via une interface ou un service,0,0.1051836898
modeliser-4.2,Transformer les données pour obtenir une résolution acceptable,BGD-SYS01,Mettre en place un environnement de travail pour le traitement de données,0,0.1247350305
modeliser-4.2,Transformer les données pour obtenir une résolution acceptable,BGD-SYS02,Exécuter des traitements distribués sur un système Big Data,0,0.0002337884
modeliser-4.2,Transformer les données pour obtenir une résolution acceptable,BGD-SYS03,Interpréter les résultats produits par un traitement de données,0,0.0722849659
modeliser-4.2,Transformer les données pour obtenir une résolution acceptable,BGD-PRJ01,Concevoir une architecture répondant à un besoin de traitement de données massives,0,0.1051920241
modeliser-4.2,Transformer les données pour obtenir une résolution acceptable,BGD-PRJ02,Intégrer différents outils dans une chaîne de traitement cohérente,0,0.0765893877
modeliser-4.2,Transformer les données pour obtenir une résolution acceptable,BGD-PRJ03,Exploiter et restituer les résultats d'un traitement de données,0,0.0830956973
modeliser-4.3,Construire les modèles statistiques adaptés aux données,BGD-CBD01,"Identifier les caractéristiques des données massives (volume, vélocité, variété, véracité)",0,0.0562484060
modeliser-4.3,Construire les modèles statistiques adaptés aux données,BGD-CBD02,Expliquer les enjeux liés au traitement de données massives,0,0.0684672191
modeliser-4.3,Construire les modèles statistiques adaptés aux données,BGD-CBD03,Expliquer les limites des systèmes de gestion de données traditionnels,0,0.0653983881
modeliser-4.3,Construire les modèles statistiques adaptés aux données,BGD-ARC01,Décrire l'organisation générale d'un système Big Data,0,-0.0001720598
modeliser-4.3,Construire les modèles statistiques adaptés aux données,BGD-ARC02,"Expliquer le rôle des différentes couches (batch, temps réel, stockage)",0,0.0006073963
modeliser-4.3,Construire les modèles statistiques adaptés aux données,BGD-ARC03,"Décrire les étapes de traitement des données (collecte, traitement, stockage)",0,0.0672533816
modeliser-4.3,Construire les modèles statistiques adaptés aux données,BGD-STO01,Décrire les principes du stockage distribué des données,0,0.0758822390
modeliser-4.3,Construire les modèles statistiques adaptés aux données,BGD-STO02,"Expliquer les mécanismes assurant la fiabilité des données (réplication, distribution)",0,0.0585652575
modeliser-4.3,Construire les modèles statistiques adaptés aux données,BGD-STO03,Identifier différents types de bases de données adaptées au Big Data,0,0.0272560388
modeliser-4.3,Construire les modèles statistiques adaptés aux données,BGD-STO04,"Manipuler des données dans une base NoSQL (requêtes, insertion, modification)",0,0.0265509980
modeliser-4.3,Construire les modèles statistiques adaptés aux données,BGD-TRD01,Décrire le principe du traitement de données en mode batch,0,0.0335992391
modeliser-4.3,Construire les modèles statistiques adaptés aux données,BGD-TRD02,Expliquer le fonctionnement du modèle MapReduce,0,-0.0009143162
modeliser-4.3,Construire les modèles statistiques adaptés aux données,BGD-TRD03,Concevoir un traitement distribué à partir d'un problème donné,0,-0.0001640737
modeliser-4.3,Construire les modèles statistiques adaptés aux données,BGD-TRD04,Identifier les limites des traitements batch pour certaines applications,0,0.0318699658
modeliser-4.3,Construire les modèles statistiques adaptés aux données,BGD-TRT01,Expliquer les principes du traitement de données en flux,0,0.0771070669
modeliser-4.3,Construire les modèles statistiques adaptés aux données,BGD-TRT02,Comparer les traitements batch et temps réel,0,0.0383383336
modeliser-4.3,Construire les modèles statistiques adaptés aux données,BGD-TRT03,"Décrire les étapes d'un traitement de données en temps réel (collecte, traitement, stockage)",0,0.0611366474
modeliser-4.3,Construire les modèles statistiques adaptés aux données,BGD-TRT04,Utiliser des outils de traitement de flux pour analyser des données en temps réel,0,0.0267677856
modeliser-4.3,Construire les modèles statistiques adaptés aux données,BGD-COL01,Décrire les mécanismes de collecte de données dans un système distribué,0,0.0657249710
modeliser-4.3,Construire les modèles statistiques adaptés aux données,BGD-COL02,Expliquer le principe d'échange de données entre producteurs et consommateurs,0,0.0290548077
modeliser-4.3,Construire les modèles statistiques adaptés aux données,BGD-COL03,Interagir avec des services permettant d'accéder aux données (API),0,0.1548408706
modeliser-4.3,Construire les modèles statistiques adaptés aux données,BGD-COL04,Mettre à disposition des données via une interface ou un service,0,0.0288056107
modeliser-4.3,Construire les modèles statistiques adaptés aux données,BGD-SYS01,Mettre en place un environnement de travail pour le traitement de données,0,0.0300027651
modeliser-4.3,Construire les modèles statistiques adaptés aux données,BGD-SYS02,Exécuter des traitements distribués sur un système Big Data,0,0.0000955046
modeliser-4.3,Construire les modèles statistiques adaptés aux données,BGD-SYS03,Interpréter les résultats produits par un traitement de données,0,0.0693529241
modeliser-4.3,Construire les modèles statistiques adaptés aux données,BGD-PRJ01,Concevoir une architecture répondant à un besoin de traitement de données massives,0,0.0293574067
modeliser-4.3,Construire les modèles statistiques adaptés aux données,BGD-PRJ02,Intégrer différents outils dans une chaîne de traitement cohérente,0,0.0003102222
modeliser-4.3,Construire les modèles statistiques adaptés aux données,BGD-PRJ03,Exploiter et restituer les résultats d'un traitement de données,0,0.0772775239
modeliser-4.4,Évaluer les besoins en ressources,BGD-CBD01,"Identifier les caractéristiques des données massives (volume, vélocité, variété, véracité)",0,0.0365953240
modeliser-4.4,Évaluer les besoins en ressources,BGD-CBD02,Expliquer les enjeux liés au traitement de données massives,0,0.0444150882
modeliser-4.4,Évaluer les besoins en ressources,BGD-CBD03,Expliquer les limites des systèmes de gestion de données traditionnels,0,0.0424552750
modeliser-4.4,Évaluer les besoins en ressources,BGD-ARC01,Décrire l'organisation générale d'un système Big Data,0,-0.0000588708
modeliser-4.4,Évaluer les besoins en ressources,BGD-ARC02,"Expliquer le rôle des différentes couches (batch, temps réel, stockage)",0,0.0006528360
modeliser-4.4,Évaluer les besoins en ressources,BGD-ARC03,"Décrire les étapes de traitement des données (collecte, traitement, stockage)",0,0.0407949588
modeliser-4.4,Évaluer les besoins en ressources,BGD-STO01,Décrire les principes du stockage distribué des données,0,0.0494979177
modeliser-4.4,Évaluer les besoins en ressources,BGD-STO02,"Expliquer les mécanismes assurant la fiabilité des données (réplication, distribution)",0,0.0380894124
modeliser-4.4,Évaluer les besoins en ressources,BGD-STO03,Identifier différents types de bases de données adaptées au Big Data,0,-0.0003138228
modeliser-4.4,Évaluer les besoins en ressources,BGD-STO04,"Manipuler des données dans une base NoSQL (requêtes, insertion, modification)",0,0.0001087867
modeliser-4.4,Évaluer les besoins en ressources,BGD-TRD01,Décrire le principe du traitement de données en mode batch,0,0.0839548850
modeliser-4.4,Évaluer les besoins en ressources,BGD-TRD02,Expliquer le fonctionnement du modèle MapReduce,0,-0.0015084188
modeliser-4.4,Évaluer les besoins en ressources,BGD-TRD03,Concevoir un traitement distribué à partir d'un problème donné,0,-0.0004786161
modeliser-4.4,Évaluer les besoins en ressources,BGD-TRD04,Identifier les limites des traitements batch pour certaines applications,0,0.0411711361
modeliser-4.4,Évaluer les besoins en ressources,BGD-TRT01,Expliquer les principes du traitement de données en flux,0,0.1451554264
modeliser-4.4,Évaluer les besoins en ressources,BGD-TRT02,Comparer les traitements batch et temps réel,0,0.0482134610
modeliser-4.4,Évaluer les besoins en ressources,BGD-TRT03,"Décrire les étapes d'un traitement de données en temps réel (collecte, traitement, stockage)",0,0.1167925180
modeliser-4.4,Évaluer les besoins en ressources,BGD-TRT04,Utiliser des outils de traitement de flux pour analyser des données en temps réel,0,0.0676039242
modeliser-4.4,Évaluer les besoins en ressources,BGD-COL01,Décrire les mécanismes de collecte de données dans un système distribué,0,0.0429663143
modeliser-4.4,Évaluer les besoins en ressources,BGD-COL02,Expliquer le principe d'échange de données entre producteurs et consommateurs,0,0.0000861236
modeliser-4.4,Évaluer les besoins en ressources,BGD-COL03,Interagir avec des services permettant d'accéder aux données (API),0,0.0002323246
modeliser-4.4,Évaluer les besoins en ressources,BGD-COL04,Mettre à disposition des données via une interface ou un service,0,0.0001687788
modeliser-4.4,Évaluer les besoins en ressources,BGD-SYS01,Mettre en place un environnement de travail pour le traitement de données,0,0.0768772253
modeliser-4.4,Évaluer les besoins en ressources,BGD-SYS02,Exécuter des traitements distribués sur un système Big Data,0,0.0002177214
modeliser-4.4,Évaluer les besoins en ressources,BGD-SYS03,Interpréter les résultats produits par un traitement de données,0,0.0455443848
modeliser-4.4,Évaluer les besoins en ressources,BGD-PRJ01,Concevoir une architecture répondant à un besoin de traitement de données massives,1,0.0002964328
modeliser-4.4,Évaluer les besoins en ressources,BGD-PRJ02,Intégrer différents outils dans une chaîne de traitement cohérente,0,0.0011898198
modeliser-4.4,Évaluer les besoins en ressources,BGD-PRJ03,Exploiter et restituer les résultats d'un traitement de données,0,0.0507734256
concevoir-1.1,Transposer une expression formelle en algorithme et vice-versa,BGD-CBD01,"Identifier les caractéristiques des données massives (volume, vélocité, variété, véracité)",0,0.0000377144
concevoir-1.1,Transposer une expression formelle en algorithme et vice-versa,BGD-CBD02,Expliquer les enjeux liés au traitement de données massives,0,0.0000655358
concevoir-1.1,Transposer une expression formelle en algorithme et vice-versa,BGD-CBD03,Expliquer les limites des systèmes de gestion de données traditionnels,0,-0.0000022379
concevoir-1.1,Transposer une expression formelle en algorithme et vice-versa,BGD-ARC01,Décrire l'organisation générale d'un système Big Data,0,0.0001244152
concevoir-1.1,Transposer une expression formelle en algorithme et vice-versa,BGD-ARC02,"Expliquer le rôle des différentes couches (batch, temps réel, stockage)",0,0.0000345833
concevoir-1.1,Transposer une expression formelle en algorithme et vice-versa,BGD-ARC03,"Décrire les étapes de traitement des données (collecte, traitement, stockage)",0,-0.0008780838
concevoir-1.1,Transposer une expression formelle en algorithme et vice-versa,BGD-STO01,Décrire les principes du stockage distribué des données,0,0.0001689852
concevoir-1.1,Transposer une expression formelle en algorithme et vice-versa,BGD-STO02,"Expliquer les mécanismes assurant la fiabilité des données (réplication, distribution)",0,0.0000133981
concevoir-1.1,Transposer une expression formelle en algorithme et vice-versa,BGD-STO03,Identifier différents types de bases de données adaptées au Big Data,0,-0.0001156884
concevoir-1.1,Transposer une expression formelle en algorithme et vice-versa,BGD-STO04,"Manipuler des données dans une base NoSQL (requêtes, insertion, modification)",0,0.0584887911
concevoir-1.1,Transposer une expression formelle en algorithme et vice-versa,BGD-TRD01,Décrire le principe du traitement de données en mode batch,0,0.0578204917
concevoir-1.1,Transposer une expression formelle en algorithme et vice-versa,BGD-TRD02,Expliquer le fonctionnement du modèle MapReduce,1,-0.0004395235
concevoir-1.1,Transposer une expression formelle en algorithme et vice-versa,BGD-TRD03,Concevoir un traitement distribué à partir d'un problème donné,0,-0.0001353770
concevoir-1.1,Transposer une expression formelle en algorithme et vice-versa,BGD-TRD04,Identifier les limites des traitements batch pour certaines applications,0,0.0003473818
concevoir-1.1,Transposer une expression formelle en algorithme et vice-versa,BGD-TRT01,Expliquer les principes du traitement de données en flux,0,0.0656323006
concevoir-1.1,Transposer une expression formelle en algorithme et vice-versa,BGD-TRT02,Comparer les traitements batch et temps réel,0,0.0493862384
concevoir-1.1,Transposer une expression formelle en algorithme et vice-versa,BGD-TRT03,"Décrire les étapes d'un traitement de données en temps réel (collecte, traitement, stockage)",0,0.0522307821
concevoir-1.1,Transposer une expression formelle en algorithme et vice-versa,BGD-TRT04,Utiliser des outils de traitement de flux pour analyser des données en temps réel,0,0.0482266448
concevoir-1.1,Transposer une expression formelle en algorithme et vice-versa,BGD-COL01,Décrire les mécanismes de collecte de données dans un système distribué,0,0.0002956199
concevoir-1.1,Transposer une expression formelle en algorithme et vice-versa,BGD-COL02,Expliquer le principe d'échange de données entre producteurs et consommateurs,0,0.0388834394
concevoir-1.1,Transposer une expression formelle en algorithme et vice-versa,BGD-COL03,Interagir avec des services permettant d'accéder aux données (API),0,0.0000758180
concevoir-1.1,Transposer une expression formelle en algorithme et vice-versa,BGD-COL04,Mettre à disposition des données via une interface ou un service,0,0.0637837442
concevoir-1.1,Transposer une expression formelle en algorithme et vice-versa,BGD-SYS01,Mettre en place un environnement de travail pour le traitement de données,0,0.0535564110
concevoir-1.1,Transposer une expression formelle en algorithme et vice-versa,BGD-SYS02,Exécuter des traitements distribués sur un système Big Data,0,0.0000209730
concevoir-1.1,Transposer une expression formelle en algorithme et vice-versa,BGD-SYS03,Interpréter les résultats produits par un traitement de données,0,0.0003622554
concevoir-1.1,Transposer une expression formelle en algorithme et vice-versa,BGD-PRJ01,Concevoir une architecture répondant à un besoin de traitement de données massives,0,0.0642613848
concevoir-1.1,Transposer une expression formelle en algorithme et vice-versa,BGD-PRJ02,Intégrer différents outils dans une chaîne de traitement cohérente,0,0.0661202830
concevoir-1.1,Transposer une expression formelle en algorithme et vice-versa,BGD-PRJ03,Exploiter et restituer les résultats d'un traitement de données,0,0.0512187257
concevoir-1.2,Transposer une représentation formelle en structure de données et vice-versa,BGD-CBD01,"Identifier les caractéristiques des données massives (volume, vélocité, variété, véracité)",0,0.0232284745
concevoir-1.2,Transposer une représentation formelle en structure de données et vice-versa,BGD-CBD02,Expliquer les enjeux liés au traitement de données massives,0,0.0546226199
concevoir-1.2,Transposer une représentation formelle en structure de données et vice-versa,BGD-CBD03,Expliquer les limites des systèmes de gestion de données traditionnels,0,0.0771715162
concevoir-1.2,Transposer une représentation formelle en structure de données et vice-versa,BGD-ARC01,Décrire l'organisation générale d'un système Big Data,0,-0.0000214058
concevoir-1.2,Transposer une représentation formelle en structure de données et vice-versa,BGD-ARC02,"Expliquer le rôle des différentes couches (batch, temps réel, stockage)",0,0.0003358844
concevoir-1.2,Transposer une représentation formelle en structure de données et vice-versa,BGD-ARC03,"Décrire les étapes de traitement des données (collecte, traitement, stockage)",0,0.0542124686
concevoir-1.2,Transposer une représentation formelle en structure de données et vice-versa,BGD-STO01,Décrire les principes du stockage distribué des données,0,0.0312990361
concevoir-1.2,Transposer une représentation formelle en structure de données et vice-versa,BGD-STO02,"Expliquer les mécanismes assurant la fiabilité des données (réplication, distribution)",0,0.0241535252
concevoir-1.2,Transposer une représentation formelle en structure de données et vice-versa,BGD-STO03,Identifier différents types de bases de données adaptées au Big Data,0,0.0660904951
concevoir-1.2,Transposer une représentation formelle en structure de données et vice-versa,BGD-STO04,"Manipuler des données dans une base NoSQL (requêtes, insertion, modification)",0,0.0788590675
concevoir-1.2,Transposer une représentation formelle en structure de données et vice-versa,BGD-TRD01,Décrire le principe du traitement de données en mode batch,0,0.1105979477
concevoir-1.2,Transposer une représentation formelle en structure de données et vice-versa,BGD-TRD02,Expliquer le fonctionnement du modèle MapReduce,0,-0.0004184330
concevoir-1.2,Transposer une représentation formelle en structure de données et vice-versa,BGD-TRD03,Concevoir un traitement distribué à partir d'un problème donné,0,-0.0000693345
concevoir-1.2,Transposer une représentation formelle en structure de données et vice-versa,BGD-TRD04,Identifier les limites des traitements batch pour certaines applications,0,-0.0000619821
concevoir-1.2,Transposer une représentation formelle en structure de données et vice-versa,BGD-TRT01,Expliquer les principes du traitement de données en flux,0,0.1242424332
concevoir-1.2,Transposer une représentation formelle en structure de données et vice-versa,BGD-TRT02,Comparer les traitements batch et temps réel,0,0.0475389030
concevoir-1.2,Transposer une représentation formelle en structure de données et vice-versa,BGD-TRT03,"Décrire les étapes d'un traitement de données en temps réel (collecte, traitement, stockage)",0,0.0975943665
concevoir-1.2,Transposer une représentation formelle en structure de données et vice-versa,BGD-TRT04,Utiliser des outils de traitement de flux pour analyser des données en temps réel,0,0.1149589312
concevoir-1.2,Transposer une représentation formelle en structure de données et vice-versa,BGD-COL01,Décrire les mécanismes de collecte de données dans un système distribué,0,0.0776251091
concevoir-1.2,Transposer une représentation formelle en structure de données et vice-versa,BGD-COL02,Expliquer le principe d'échange de données entre producteurs et consommateurs,0,0.0850207858
concevoir-1.2,Transposer une représentation formelle en structure de données et vice-versa,BGD-COL03,Interagir avec des services permettant d'accéder aux données (API),0,0.0227863316
concevoir-1.2,Transposer une représentation formelle en structure de données et vice-versa,BGD-COL04,Mettre à disposition des données via une interface ou un service,0,0.0858278355
concevoir-1.2,Transposer une représentation formelle en structure de données et vice-versa,BGD-SYS01,Mettre en place un environnement de travail pour le traitement de données,0,0.1248228493
concevoir-1.2,Transposer une représentation formelle en structure de données et vice-versa,BGD-SYS02,Exécuter des traitements distribués sur un système Big Data,0,0.0000155297
concevoir-1.2,Transposer une représentation formelle en structure de données et vice-versa,BGD-SYS03,Interpréter les résultats produits par un traitement de données,0,0.0553562990
concevoir-1.2,Transposer une représentation formelle en structure de données et vice-versa,BGD-PRJ01,Concevoir une architecture répondant à un besoin de traitement de données massives,0,0.1327556108
concevoir-1.2,Transposer une représentation formelle en structure de données et vice-versa,BGD-PRJ02,Intégrer différents outils dans une chaîne de traitement cohérente,0,0.0871880274
concevoir-1.2,Transposer une représentation formelle en structure de données et vice-versa,BGD-PRJ03,Exploiter et restituer les résultats d'un traitement de données,0,0.1107803453
concevoir-1.3,Intégrer des composants logiciels ou physiques au sein d’un système,BGD-CBD01,"Identifier les caractéristiques des données massives (volume, vélocité, variété, véracité)",0,0.0278311494
concevoir-1.3,Intégrer des composants logiciels ou physiques au sein d’un système,BGD-CBD02,Expliquer les enjeux liés au traitement de données massives,0,0.0921506443
concevoir-1.3,Intégrer des composants logiciels ou physiques au sein d’un système,BGD-CBD03,Expliquer les limites des systèmes de gestion de données traditionnels,0,0.0322212556
concevoir-1.3,Intégrer des composants logiciels ou physiques au sein d’un système,BGD-ARC01,Décrire l'organisation générale d'un système Big Data,0,0.1336610213
concevoir-1.3,Intégrer des composants logiciels ou physiques au sein d’un système,BGD-ARC02,"Expliquer le rôle des différentes couches (batch, temps réel, stockage)",0,0.0288260838
concevoir-1.3,Intégrer des composants logiciels ou physiques au sein d’un système,BGD-ARC03,"Décrire les étapes de traitement des données (collecte, traitement, stockage)",0,0.0335147502
concevoir-1.3,Intégrer des composants logiciels ou physiques au sein d’un système,BGD-STO01,Décrire les principes du stockage distribué des données,0,0.0373554735
concevoir-1.3,Intégrer des composants logiciels ou physiques au sein d’un système,BGD-STO02,"Expliquer les mécanismes assurant la fiabilité des données (réplication, distribution)",0,0.0287514526
concevoir-1.3,Intégrer des composants logiciels ou physiques au sein d’un système,BGD-STO03,Identifier différents types de bases de données adaptées au Big Data,0,0.0749132233
concevoir-1.3,Intégrer des composants logiciels ou physiques au sein d’un système,BGD-STO04,"Manipuler des données dans une base NoSQL (requêtes, insertion, modification)",0,0.0270032008
concevoir-1.3,Intégrer des composants logiciels ou physiques au sein d’un système,BGD-TRD01,Décrire le principe du traitement de données en mode batch,0,-0.0003333671
concevoir-1.3,Intégrer des composants logiciels ou physiques au sein d’un système,BGD-TRD02,Expliquer le fonctionnement du modèle MapReduce,0,0.0001372980
concevoir-1.3,Intégrer des composants logiciels ou physiques au sein d’un système,BGD-TRD03,Concevoir un traitement distribué à partir d'un problème donné,0,0.0715287191
concevoir-1.3,Intégrer des composants logiciels ou physiques au sein d’un système,BGD-TRD04,Identifier les limites des traitements batch pour certaines applications,0,0.0312604300
concevoir-1.3,Intégrer des composants logiciels ou physiques au sein d’un système,BGD-TRT01,Expliquer les principes du traitement de données en flux,0,0.0007975873
concevoir-1.3,Intégrer des composants logiciels ou physiques au sein d’un système,BGD-TRT02,Comparer les traitements batch et temps réel,0,0.0001336345
concevoir-1.3,Intégrer des composants logiciels ou physiques au sein d’un système,BGD-TRT03,"Décrire les étapes d'un traitement de données en temps réel (collecte, traitement, stockage)",0,0.0337713994
concevoir-1.3,Intégrer des composants logiciels ou physiques au sein d’un système,BGD-TRT04,Utiliser des outils de traitement de flux pour analyser des données en temps réel,0,0.0564838055
concevoir-1.3,Intégrer des composants logiciels ou physiques au sein d’un système,BGD-COL01,Décrire les mécanismes de collecte de données dans un système distribué,0,0.1312758180
concevoir-1.3,Intégrer des composants logiciels ou physiques au sein d’un système,BGD-COL02,Expliquer le principe d'échange de données entre producteurs et consommateurs,0,-0.0000746341
concevoir-1.3,Intégrer des composants logiciels ou physiques au sein d’un système,BGD-COL03,Interagir avec des services permettant d'accéder aux données (API),0,0.0272010887
concevoir-1.3,Intégrer des composants logiciels ou physiques au sein d’un système,BGD-COL04,Mettre à disposition des données via une interface ou un service,0,0.1470142109
concevoir-1.3,Intégrer des composants logiciels ou physiques au sein d’un système,BGD-SYS01,Mettre en place un environnement de travail pour le traitement de données,0,0.0347865362
concevoir-1.3,Intégrer des composants logiciels ou physiques au sein d’un système,BGD-SYS02,Exécuter des traitements distribués sur un système Big Data,0,0.1474023668
concevoir-1.3,Intégrer des composants logiciels ou physiques au sein d’un système,BGD-SYS03,Interpréter les résultats produits par un traitement de données,0,0.0387666142
concevoir-1.3,Intégrer des composants logiciels ou physiques au sein d’un système,BGD-PRJ01,Concevoir une architecture répondant à un besoin de traitement de données massives,0,0.0326126789
concevoir-1.3,Intégrer des composants logiciels ou physiques au sein d’un système,BGD-PRJ02,Intégrer différents outils dans une chaîne de traitement cohérente,1,0.1226974059
concevoir-1.3,Intégrer des composants logiciels ou physiques au sein d’un système,BGD-PRJ03,Exploiter et restituer les résultats d'un traitement de données,0,0.0440156101
concevoir-2.1,Sélectionner les structures de données dont la complexité (en temps et en espace) est adaptée,BGD-CBD01,"Identifier les caractéristiques des données massives (volume, vélocité, variété, véracité)",0,0.0402204649
concevoir-2.1,Sélectionner les structures de données dont la complexité (en temps et en espace) est adaptée,BGD-CBD02,Expliquer les enjeux liés au traitement de données massives,0,0.0713027526
concevoir-2.1,Sélectionner les structures de données dont la complexité (en temps et en espace) est adaptée,BGD-CBD03,Expliquer les limites des systèmes de gestion de données traditionnels,0,0.0888881229
concevoir-2.1,Sélectionner les structures de données dont la complexité (en temps et en espace) est adaptée,BGD-ARC01,Décrire l'organisation générale d'un système Big Data,0,0.0000574443
concevoir-2.1,Sélectionner les structures de données dont la complexité (en temps et en espace) est adaptée,BGD-ARC02,"Expliquer le rôle des différentes couches (batch, temps réel, stockage)",0,0.0751200863
concevoir-2.1,Sélectionner les structures de données dont la complexité (en temps et en espace) est adaptée,BGD-ARC03,"Décrire les étapes de traitement des données (collecte, traitement, stockage)",0,0.0664198939
concevoir-2.1,Sélectionner les structures de données dont la complexité (en temps et en espace) est adaptée,BGD-STO01,Décrire les principes du stockage distribué des données,0,0.0545819119
concevoir-2.1,Sélectionner les structures de données dont la complexité (en temps et en espace) est adaptée,BGD-STO02,"Expliquer les mécanismes assurant la fiabilité des données (réplication, distribution)",0,0.0929771282
concevoir-2.1,Sélectionner les structures de données dont la complexité (en temps et en espace) est adaptée,BGD-STO03,Identifier différents types de bases de données adaptées au Big Data,0,0.0553596377
concevoir-2.1,Sélectionner les structures de données dont la complexité (en temps et en espace) est adaptée,BGD-STO04,"Manipuler des données dans une base NoSQL (requêtes, insertion, modification)",0,0.0191038233
concevoir-2.1,Sélectionner les structures de données dont la complexité (en temps et en espace) est adaptée,BGD-TRD01,Décrire le principe du traitement de données en mode batch,0,0.1396516504
concevoir-2.1,Sélectionner les structures de données dont la complexité (en temps et en espace) est adaptée,BGD-TRD02,Expliquer le fonctionnement du modèle MapReduce,0,-0.0017428265
concevoir-2.1,Sélectionner les structures de données dont la complexité (en temps et en espace) est adaptée,BGD-TRD03,Concevoir un traitement distribué à partir d'un problème donné,1,-0.0005652206
concevoir-2.1,Sélectionner les structures de données dont la complexité (en temps et en espace) est adaptée,BGD-TRD04,Identifier les limites des traitements batch pour certaines applications,0,0.0239513141
concevoir-2.1,Sélectionner les structures de données dont la complexité (en temps et en espace) est adaptée,BGD-TRT01,Expliquer les principes du traitement de données en flux,0,0.1867559678
concevoir-2.1,Sélectionner les structures de données dont la complexité (en temps et en espace) est adaptée,BGD-TRT02,Comparer les traitements batch et temps réel,0,0.1619924307
concevoir-2.1,Sélectionner les structures de données dont la complexité (en temps et en espace) est adaptée,BGD-TRT03,"Décrire les étapes d'un traitement de données en temps réel (collecte, traitement, stockage)",0,0.2251286536
concevoir-2.1,Sélectionner les structures de données dont la complexité (en temps et en espace) est adaptée,BGD-TRT04,Utiliser des outils de traitement de flux pour analyser des données en temps réel,0,0.2049213033
concevoir-2.1,Sélectionner les structures de données dont la complexité (en temps et en espace) est adaptée,BGD-COL01,Décrire les mécanismes de collecte de données dans un système distribué,0,0.0901238597
concevoir-2.1,Sélectionner les structures de données dont la complexité (en temps et en espace) est adaptée,BGD-COL02,Expliquer le principe d'échange de données entre producteurs et consommateurs,0,0.0718270084
concevoir-2.1,Sélectionner les structures de données dont la complexité (en temps et en espace) est adaptée,BGD-COL03,Interagir avec des services permettant d'accéder aux données (API),0,0.0194287001
concevoir-2.1,Sélectionner les structures de données dont la complexité (en temps et en espace) est adaptée,BGD-COL04,Mettre à disposition des données via une interface ou un service,0,0.0209962826
concevoir-2.1,Sélectionner les structures de données dont la complexité (en temps et en espace) est adaptée,BGD-SYS01,Mettre en place un environnement de travail pour le traitement de données,0,0.1486390431
concevoir-2.1,Sélectionner les structures de données dont la complexité (en temps et en espace) est adaptée,BGD-SYS02,Exécuter des traitements distribués sur un système Big Data,0,0.0002177759
concevoir-2.1,Sélectionner les structures de données dont la complexité (en temps et en espace) est adaptée,BGD-SYS03,Interpréter les résultats produits par un traitement de données,0,0.0728085717
concevoir-2.1,Sélectionner les structures de données dont la complexité (en temps et en espace) est adaptée,BGD-PRJ01,Concevoir une architecture répondant à un besoin de traitement de données massives,0,0.0597046110
concevoir-2.1,Sélectionner les structures de données dont la complexité (en temps et en espace) est adaptée,BGD-PRJ02,Intégrer différents outils dans une chaîne de traitement cohérente,0,0.0208957601
concevoir-2.1,Sélectionner les structures de données dont la complexité (en temps et en espace) est adaptée,BGD-PRJ03,Exploiter et restituer les résultats d'un traitement de données,0,0.1229675795
concevoir-2.2,Choisir les patrons de conception,BGD-CBD01,"Identifier les caractéristiques des données massives (volume, vélocité, variété, véracité)",0,0.0402875417
concevoir-2.2,Choisir les patrons de conception,BGD-CBD02,Expliquer les enjeux liés au traitement de données massives,0,0.0961402441
concevoir-2.2,Choisir les patrons de conception,BGD-CBD03,Expliquer les limites des systèmes de gestion de données traditionnels,0,0.1298744688
concevoir-2.2,Choisir les patrons de conception,BGD-ARC01,Décrire l'organisation générale d'un système Big Data,0,0.0010198698
concevoir-2.2,Choisir les patrons de conception,BGD-ARC02,"Expliquer le rôle des différentes couches (batch, temps réel, stockage)",0,-0.0036051225
concevoir-2.2,Choisir les patrons de conception,BGD-ARC03,"Décrire les étapes de traitement des données (collecte, traitement, stockage)",0,0.0943123685
concevoir-2.2,Choisir les patrons de conception,BGD-STO01,Décrire les principes du stockage distribué des données,0,0.0523215236
concevoir-2.2,Choisir les patrons de conception,BGD-STO02,"Expliquer les mécanismes assurant la fiabilité des données (réplication, distribution)",0,0.0406131868
concevoir-2.2,Choisir les patrons de conception,BGD-STO03,Identifier différents types de bases de données adaptées au Big Data,0,0.0728350577
concevoir-2.2,Choisir les patrons de conception,BGD-STO04,"Manipuler des données dans une base NoSQL (requêtes, insertion, modification)",0,-0.0002311413
concevoir-2.2,Choisir les patrons de conception,BGD-TRD01,Décrire le principe du traitement de données en mode batch,0,0.0412522067
concevoir-2.2,Choisir les patrons de conception,BGD-TRD02,Expliquer le fonctionnement du modèle MapReduce,0,0.0010303461
concevoir-2.2,Choisir les patrons de conception,BGD-TRD03,Concevoir un traitement distribué à partir d'un problème donné,0,0.0007073679
concevoir-2.2,Choisir les patrons de conception,BGD-TRD04,Identifier les limites des traitements batch pour certaines applications,0,0.0458331179
concevoir-2.2,Choisir les patrons de conception,BGD-TRT01,Expliquer les principes du traitement de données en flux,0,0.1069011770
concevoir-2.2,Choisir les patrons de conception,BGD-TRT02,Comparer les traitements batch et temps réel,0,0.0577323255
concevoir-2.2,Choisir les patrons de conception,BGD-TRT03,"Décrire les étapes d'un traitement de données en temps réel (collecte, traitement, stockage)",0,0.0808330425
concevoir-2.2,Choisir les patrons de conception,BGD-TRT04,Utiliser des outils de traitement de flux pour analyser des données en temps réel,0,0.0722336005
concevoir-2.2,Choisir les patrons de conception,BGD-COL01,Décrire les mécanismes de collecte de données dans un système distribué,0,0.1376154072
concevoir-2.2,Choisir les patrons de conception,BGD-COL02,Expliquer le principe d'échange de données entre producteurs et consommateurs,0,0.0379285277
concevoir-2.2,Choisir les patrons de conception,BGD-COL03,Interagir avec des services permettant d'accéder aux données (API),0,-0.0008759678
concevoir-2.2,Choisir les patrons de conception,BGD-COL04,Mettre à disposition des données via une interface ou un service,0,0.0010331099
concevoir-2.2,Choisir les patrons de conception,BGD-SYS01,Mettre en place un environnement de travail pour le traitement de données,0,0.0813033572
concevoir-2.2,Choisir les patrons de conception,BGD-SYS02,Exécuter des traitements distribués sur un système Big Data,0,-0.0010688830
concevoir-2.2,Choisir les patrons de conception,BGD-SYS03,Interpréter les résultats produits par un traitement de données,0,0.0959163425
concevoir-2.2,Choisir les patrons de conception,BGD-PRJ01,Concevoir une architecture répondant à un besoin de traitement de données massives,0,0.0735795265
concevoir-2.2,Choisir les patrons de conception,BGD-PRJ02,Intégrer différents outils dans une chaîne de traitement cohérente,0,0.0312442461
concevoir-2.2,Choisir les patrons de conception,BGD-PRJ03,Exploiter et restituer les résultats d'un traitement de données,0,0.1100288195
concevoir-2.3,Choisir le framework,BGD-CBD01,"Identifier les caractéristiques des données massives (volume, vélocité, variété, véracité)",0,0.0001496057
concevoir-2.3,Choisir le framework,BGD-CBD02,Expliquer les enjeux liés au traitement de données massives,0,-0.0008526651
concevoir-2.3,Choisir le framework,BGD-CBD03,Expliquer les limites des systèmes de gestion de données traditionnels,0,0.0003989978
concevoir-2.3,Choisir le framework,BGD-ARC01,Décrire l'organisation générale d'un système Big Data,0,-0.0002905743
concevoir-2.3,Choisir le framework,BGD-ARC02,"Expliquer le rôle des différentes couches (batch, temps réel, stockage)",0,0.0897790224
concevoir-2.3,Choisir le framework,BGD-ARC03,"Décrire les étapes de traitement des données (collecte, traitement, stockage)",0,-0.0023151929
concevoir-2.3,Choisir le framework,BGD-STO01,Décrire les principes du stockage distribué des données,0,0.0030338997
concevoir-2.3,Choisir le framework,BGD-STO02,"Expliquer les mécanismes assurant la fiabilité des données (réplication, distribution)",0,0.0010951346
concevoir-2.3,Choisir le framework,BGD-STO03,Identifier différents types de bases de données adaptées au Big Data,0,-0.0008355430
concevoir-2.3,Choisir le framework,BGD-STO04,"Manipuler des données dans une base NoSQL (requêtes, insertion, modification)",0,0.0001963288
concevoir-2.3,Choisir le framework,BGD-TRD01,Décrire le principe du traitement de données en mode batch,0,0.1011698178
concevoir-2.3,Choisir le framework,BGD-TRD02,Expliquer le fonctionnement du modèle MapReduce,0,0.1154558426
concevoir-2.3,Choisir le framework,BGD-TRD03,Concevoir un traitement distribué à partir d'un problème donné,0,-0.0005183865
concevoir-2.3,Choisir le framework,BGD-TRD04,Identifier les limites des traitements batch pour certaines applications,0,0.0008202479
concevoir-2.3,Choisir le framework,BGD-TRT01,Expliquer les principes du traitement de données en flux,0,-0.0029667820
concevoir-2.3,Choisir le framework,BGD-TRT02,Comparer les traitements batch et temps réel,0,-0.0018721389
concevoir-2.3,Choisir le framework,BGD-TRT03,"Décrire les étapes d'un traitement de données en temps réel (collecte, traitement, stockage)",0,0.0020716439
concevoir-2.3,Choisir le framework,BGD-TRT04,Utiliser des outils de traitement de flux pour analyser des données en temps réel,1,-0.0003920612
concevoir-2.3,Choisir le framework,BGD-COL01,Décrire les mécanismes de collecte de données dans un système distribué,0,-0.0031033975
concevoir-2.3,Choisir le framework,BGD-COL02,Expliquer le principe d'échange de données entre producteurs et consommateurs,0,0.0896163094
concevoir-2.3,Choisir le framework,BGD-COL03,Interagir avec des services permettant d'accéder aux données (API),1,0.0004927891
concevoir-2.3,Choisir le framework,BGD-COL04,Mettre à disposition des données via une interface ou un service,0,-0.0001784609
concevoir-2.3,Choisir le framework,BGD-SYS01,Mettre en place un environnement de travail pour le traitement de données,0,0.0921705841
concevoir-2.3,Choisir le framework,BGD-SYS02,Exécuter des traitements distribués sur un système Big Data,0,0.0006365592
concevoir-2.3,Choisir le framework,BGD-SYS03,Interpréter les résultats produits par un traitement de données,0,-0.0000976666
concevoir-2.3,Choisir le framework,BGD-PRJ01,Concevoir une architecture répondant à un besoin de traitement de données massives,0,0.0014673690
concevoir-2.3,Choisir le framework,BGD-PRJ02,Intégrer différents outils dans une chaîne de traitement cohérente,0,0.0046508968
concevoir-2.3,Choisir le framework,BGD-PRJ03,Exploiter et restituer les résultats d'un traitement de données,0,0.0000416462
concevoir-2.4,"Prétraiter, estimer et prédire un signal à l’aide d’un système linéaire",BGD-CBD01,"Identifier les caractéristiques des données massives (volume, vélocité, variété, véracité)",0,0.0001705381
concevoir-2.4,"Prétraiter, estimer et prédire un signal à l’aide d’un système linéaire",BGD-CBD02,Expliquer les enjeux liés au traitement de données massives,0,-0.0004583262
concevoir-2.4,"Prétraiter, estimer et prédire un signal à l’aide d’un système linéaire",BGD-CBD03,Expliquer les limites des systèmes de gestion de données traditionnels,0,0.0001608380
concevoir-2.4,"Prétraiter, estimer et prédire un signal à l’aide d’un système linéaire",BGD-ARC01,Décrire l'organisation générale d'un système Big Data,0,0.1695700522
concevoir-2.4,"Prétraiter, estimer et prédire un signal à l’aide d’un système linéaire",BGD-ARC02,"Expliquer le rôle des différentes couches (batch, temps réel, stockage)",0,0.0008629904
concevoir-2.4,"Prétraiter, estimer et prédire un signal à l’aide d’un système linéaire",BGD-ARC03,"Décrire les étapes de traitement des données (collecte, traitement, stockage)",0,-0.0007467084
concevoir-2.4,"Prétraiter, estimer et prédire un signal à l’aide d’un système linéaire",BGD-STO01,Décrire les principes du stockage distribué des données,0,-0.0004960817
concevoir-2.4,"Prétraiter, estimer et prédire un signal à l’aide d’un système linéaire",BGD-STO02,"Expliquer les mécanismes assurant la fiabilité des données (réplication, distribution)",0,-0.0000020888
concevoir-2.4,"Prétraiter, estimer et prédire un signal à l’aide d’un système linéaire",BGD-STO03,Identifier différents types de bases de données adaptées au Big Data,0,-0.0001013158
concevoir-2.4,"Prétraiter, estimer et prédire un signal à l’aide d’un système linéaire",BGD-STO04,"Manipuler des données dans une base NoSQL (requêtes, insertion, modification)",0,0.0000628142
concevoir-2.4,"Prétraiter, estimer et prédire un signal à l’aide d’un système linéaire",BGD-TRD01,Décrire le principe du traitement de données en mode batch,0,0.0004352654
concevoir-2.4,"Prétraiter, estimer et prédire un signal à l’aide d’un système linéaire",BGD-TRD02,Expliquer le fonctionnement du modèle MapReduce,0,-0.0007835599
concevoir-2.4,"Prétraiter, estimer et prédire un signal à l’aide d’un système linéaire",BGD-TRD03,Concevoir un traitement distribué à partir d'un problème donné,0,0.1416254498
concevoir-2.4,"Prétraiter, estimer et prédire un signal à l’aide d’un système linéaire",BGD-TRD04,Identifier les limites des traitements batch pour certaines applications,0,-0.0004806494
concevoir-2.4,"Prétraiter, estimer et prédire un signal à l’aide d’un système linéaire",BGD-TRT01,Expliquer les principes du traitement de données en flux,0,0.0007830250
concevoir-2.4,"Prétraiter, estimer et prédire un signal à l’aide d’un système linéaire",BGD-TRT02,Comparer les traitements batch et temps réel,0,0.0486006192
concevoir-2.4,"Prétraiter, estimer et prédire un signal à l’aide d’un système linéaire",BGD-TRT03,"Décrire les étapes d'un traitement de données en temps réel (collecte, traitement, stockage)",0,0.0664560575
concevoir-2.4,"Prétraiter, estimer et prédire un signal à l’aide d’un système linéaire",BGD-TRT04,Utiliser des outils de traitement de flux pour analyser des données en temps réel,0,-0.0005059560
concevoir-2.4,"Prétraiter, estimer et prédire un signal à l’aide d’un système linéaire",BGD-COL01,Décrire les mécanismes de collecte de données dans un système distribué,0,0.1652301163
concevoir-2.4,"Prétraiter, estimer et prédire un signal à l’aide d’un système linéaire",BGD-COL02,Expliquer le principe d'échange de données entre producteurs et consommateurs,0,0.0381231183
concevoir-2.4,"Prétraiter, estimer et prédire un signal à l’aide d’un système linéaire",BGD-COL03,Interagir avec des services permettant d'accéder aux données (API),0,0.0001220010
concevoir-2.4,"Prétraiter, estimer et prédire un signal à l’aide d’un système linéaire",BGD-COL04,Mettre à disposition des données via une interface ou un service,0,0.0655684320
concevoir-2.4,"Prétraiter, estimer et prédire un signal à l’aide d’un système linéaire",BGD-SYS01,Mettre en place un environnement de travail pour le traitement de données,0,0.0704805492
concevoir-2.4,"Prétraiter, estimer et prédire un signal à l’aide d’un système linéaire",BGD-SYS02,Exécuter des traitements distribués sur un système Big Data,0,0.1500955121
concevoir-2.4,"Prétraiter, estimer et prédire un signal à l’aide d’un système linéaire",BGD-SYS03,Interpréter les résultats produits par un traitement de données,0,0.0762297885
concevoir-2.4,"Prétraiter, estimer et prédire un signal à l’aide d’un système linéaire",BGD-PRJ01,Concevoir une architecture répondant à un besoin de traitement de données massives,0,0.0659750581
concevoir-2.4,"Prétraiter, estimer et prédire un signal à l’aide d’un système linéaire",BGD-PRJ02,Intégrer différents outils dans une chaîne de traitement cohérente,0,0.0000996119
concevoir-2.4,"Prétraiter, estimer et prédire un signal à l’aide d’un système linéaire",BGD-PRJ03,Exploiter et restituer les résultats d'un traitement de données,0,0.1349489443
concevoir-2.5,Identifier le paradigme de traitement de données statistique,BGD-CBD01,"Identifier les caractéristiques des données massives (volume, vélocité, variété, véracité)",0,0.1437925315
concevoir-2.5,Identifier le paradigme de traitement de données statistique,BGD-CBD02,Expliquer les enjeux liés au traitement de données massives,0,0.1931504226
concevoir-2.5,Identifier le paradigme de traitement de données statistique,BGD-CBD03,Expliquer les limites des systèmes de gestion de données traditionnels,0,0.1714012703
concevoir-2.5,Identifier le paradigme de traitement de données statistique,BGD-ARC01,Décrire l'organisation générale d'un système Big Data,0,0.0000354969
concevoir-2.5,Identifier le paradigme de traitement de données statistique,BGD-ARC02,"Expliquer le rôle des différentes couches (batch, temps réel, stockage)",0,0.0563309520
concevoir-2.5,Identifier le paradigme de traitement de données statistique,BGD-ARC03,"Décrire les étapes de traitement des données (collecte, traitement, stockage)",0,0.2751720153
concevoir-2.5,Identifier le paradigme de traitement de données statistique,BGD-STO01,Décrire les principes du stockage distribué des données,0,0.0434320665
concevoir-2.5,Identifier le paradigme de traitement de données statistique,BGD-STO02,"Expliquer les mécanismes assurant la fiabilité des données (réplication, distribution)",0,0.0326949644
concevoir-2.5,Identifier le paradigme de traitement de données statistique,BGD-STO03,Identifier différents types de bases de données adaptées au Big Data,0,0.2592281977
concevoir-2.5,Identifier le paradigme de traitement de données statistique,BGD-STO04,"Manipuler des données dans une base NoSQL (requêtes, insertion, modification)",0,0.0302804386
concevoir-2.5,Identifier le paradigme de traitement de données statistique,BGD-TRD01,Décrire le principe du traitement de données en mode batch,0,0.2558289547
concevoir-2.5,Identifier le paradigme de traitement de données statistique,BGD-TRD02,Expliquer le fonctionnement du modèle MapReduce,0,0.0755271883
concevoir-2.5,Identifier le paradigme de traitement de données statistique,BGD-TRD03,Concevoir un traitement distribué à partir d'un problème donné,0,0.0782751886
concevoir-2.5,Identifier le paradigme de traitement de données statistique,BGD-TRD04,Identifier les limites des traitements batch pour certaines applications,0,0.1255037230
concevoir-2.5,Identifier le paradigme de traitement de données statistique,BGD-TRT01,Expliquer les principes du traitement de données en flux,1,0.2123186604
concevoir-2.5,Identifier le paradigme de traitement de données statistique,BGD-TRT02,Comparer les traitements batch et temps réel,0,-0.0004643975
concevoir-2.5,Identifier le paradigme de traitement de données statistique,BGD-TRT03,"Décrire les étapes d'un traitement de données en temps réel (collecte, traitement, stockage)",0,0.2405229898
concevoir-2.5,Identifier le paradigme de traitement de données statistique,BGD-TRT04,Utiliser des outils de traitement de flux pour analyser des données en temps réel,0,0.2215684408
concevoir-2.5,Identifier le paradigme de traitement de données statistique,BGD-COL01,Décrire les mécanismes de collecte de données dans un système distribué,0,0.1721869352
concevoir-2.5,Identifier le paradigme de traitement de données statistique,BGD-COL02,Expliquer le principe d'échange de données entre producteurs et consommateurs,0,0.1527407349
concevoir-2.5,Identifier le paradigme de traitement de données statistique,BGD-COL03,Interagir avec des services permettant d'accéder aux données (API),0,0.0305642008
concevoir-2.5,Identifier le paradigme de traitement de données statistique,BGD-COL04,Mettre à disposition des données via une interface ou un service,0,0.0330606445
concevoir-2.5,Identifier le paradigme de traitement de données statistique,BGD-SYS01,Mettre en place un environnement de travail pour le traitement de données,0,0.2986927035
concevoir-2.5,Identifier le paradigme de traitement de données statistique,BGD-SYS02,Exécuter des traitements distribués sur un système Big Data,0,0.0000214805
concevoir-2.5,Identifier le paradigme de traitement de données statistique,BGD-SYS03,Interpréter les résultats produits par un traitement de données,0,0.1948225593
concevoir-2.5,Identifier le paradigme de traitement de données statistique,BGD-PRJ01,Concevoir une architecture répondant à un besoin de traitement de données massives,0,0.2296933590
concevoir-2.5,Identifier le paradigme de traitement de données statistique,BGD-PRJ02,Intégrer différents outils dans une chaîne de traitement cohérente,0,0.1376481643
concevoir-2.5,Identifier le paradigme de traitement de données statistique,BGD-PRJ03,Exploiter et restituer les résultats d'un traitement de données,0,0.2198754948
concevoir-3.1,Évaluer la complexité du traitement,BGD-CBD01,"Identifier les caractéristiques des données massives (volume, vélocité, variété, véracité)",0,-0.0001431340
concevoir-3.1,Évaluer la complexité du traitement,BGD-CBD02,Expliquer les enjeux liés au traitement de données massives,0,0.0968780929
concevoir-3.1,Évaluer la complexité du traitement,BGD-CBD03,Expliquer les limites des systèmes de gestion de données traditionnels,0,-0.0000851209
concevoir-3.1,Évaluer la complexité du traitement,BGD-ARC01,Décrire l'organisation générale d'un système Big Data,0,-0.0000293130
concevoir-3.1,Évaluer la complexité du traitement,BGD-ARC02,"Expliquer le rôle des différentes couches (batch, temps réel, stockage)",0,-0.0011690641
concevoir-3.1,Évaluer la complexité du traitement,BGD-ARC03,"Décrire les étapes de traitement des données (collecte, traitement, stockage)",0,0.1953776488
concevoir-3.1,Évaluer la complexité du traitement,BGD-STO01,Décrire les principes du stockage distribué des données,0,0.1305034024
concevoir-3.1,Évaluer la complexité du traitement,BGD-STO02,"Expliquer les mécanismes assurant la fiabilité des données (réplication, distribution)",0,0.0946323349
concevoir-3.1,Évaluer la complexité du traitement,BGD-STO03,Identifier différents types de bases de données adaptées au Big Data,0,0.0002538977
concevoir-3.1,Évaluer la complexité du traitement,BGD-STO04,"Manipuler des données dans une base NoSQL (requêtes, insertion, modification)",0,-0.0001126926
concevoir-3.1,Évaluer la complexité du traitement,BGD-TRD01,Décrire le principe du traitement de données en mode batch,0,0.2113863001
concevoir-3.1,Évaluer la complexité du traitement,BGD-TRD02,Expliquer le fonctionnement du modèle MapReduce,0,0.1328982268
concevoir-3.1,Évaluer la complexité du traitement,BGD-TRD03,Concevoir un traitement distribué à partir d'un problème donné,1,0.0908948863
concevoir-3.1,Évaluer la complexité du traitement,BGD-TRD04,Identifier les limites des traitements batch pour certaines applications,0,-0.0002743728
concevoir-3.1,Évaluer la complexité du traitement,BGD-TRT01,Expliquer les principes du traitement de données en flux,0,0.2343569075
concevoir-3.1,Évaluer la complexité du traitement,BGD-TRT02,Comparer les traitements batch et temps réel,0,0.0003791960
concevoir-3.1,Évaluer la complexité du traitement,BGD-TRT03,"Décrire les étapes d'un traitement de données en temps réel (collecte, traitement, stockage)",0,0.1651704977
concevoir-3.1,Évaluer la complexité du traitement,BGD-TRT04,Utiliser des outils de traitement de flux pour analyser des données en temps réel,0,0.0846099096
concevoir-3.1,Évaluer la complexité du traitement,BGD-COL01,Décrire les mécanismes de collecte de données dans un système distribué,0,-0.0006138860
concevoir-3.1,Évaluer la complexité du traitement,BGD-COL02,Expliquer le principe d'échange de données entre producteurs et consommateurs,0,-0.0000539063
concevoir-3.1,Évaluer la complexité du traitement,BGD-COL03,Interagir avec des services permettant d'accéder aux données (API),0,-0.0002417947
concevoir-3.1,Évaluer la complexité du traitement,BGD-COL04,Mettre à disposition des données via une interface ou un service,0,-0.0001846087
concevoir-3.1,Évaluer la complexité du traitement,BGD-SYS01,Mettre en place un environnement de travail pour le traitement de données,0,0.0876047599
concevoir-3.1,Évaluer la complexité du traitement,BGD-SYS02,Exécuter des traitements distribués sur un système Big Data,0,-0.0001225614
concevoir-3.1,Évaluer la complexité du traitement,BGD-SYS03,Interpréter les résultats produits par un traitement de données,0,0.0970813219
concevoir-3.1,Évaluer la complexité du traitement,BGD-PRJ01,Concevoir une architecture répondant à un besoin de traitement de données massives,0,0.0838952355
concevoir-3.1,Évaluer la complexité du traitement,BGD-PRJ02,Intégrer différents outils dans une chaîne de traitement cohérente,0,0.0852300780
concevoir-3.1,Évaluer la complexité du traitement,BGD-PRJ03,Exploiter et restituer les résultats d'un traitement de données,0,0.1098399122
concevoir-3.2,Intégrer des patrons de conception,BGD-CBD01,"Identifier les caractéristiques des données massives (volume, vélocité, variété, véracité)",0,0.0436755386
concevoir-3.2,Intégrer des patrons de conception,BGD-CBD02,Expliquer les enjeux liés au traitement de données massives,0,0.0405821961
concevoir-3.2,Intégrer des patrons de conception,BGD-CBD03,Expliquer les limites des systèmes de gestion de données traditionnels,0,0.1316737041
concevoir-3.2,Intégrer des patrons de conception,BGD-ARC01,Décrire l'organisation générale d'un système Big Data,0,-0.0006648698
concevoir-3.2,Intégrer des patrons de conception,BGD-ARC02,"Expliquer le rôle des différentes couches (batch, temps réel, stockage)",0,0.0483218004
concevoir-3.2,Intégrer des patrons de conception,BGD-ARC03,"Décrire les étapes de traitement des données (collecte, traitement, stockage)",0,0.0948870767
concevoir-3.2,Intégrer des patrons de conception,BGD-STO01,Décrire les principes du stockage distribué des données,0,0.0620131649
concevoir-3.2,Intégrer des patrons de conception,BGD-STO02,"Expliquer les mécanismes assurant la fiabilité des données (réplication, distribution)",0,0.0467180459
concevoir-3.2,Intégrer des patrons de conception,BGD-STO03,Identifier différents types de bases de données adaptées au Big Data,0,0.0680034525
concevoir-3.2,Intégrer des patrons de conception,BGD-STO04,"Manipuler des données dans une base NoSQL (requêtes, insertion, modification)",0,0.0422325549
concevoir-3.2,Intégrer des patrons de conception,BGD-TRD01,Décrire le principe du traitement de données en mode batch,0,0.0430666848
concevoir-3.2,Intégrer des patrons de conception,BGD-TRD02,Expliquer le fonctionnement du modèle MapReduce,0,-0.0000421903
concevoir-3.2,Intégrer des patrons de conception,BGD-TRD03,Concevoir un traitement distribué à partir d'un problème donné,0,-0.0004718791
concevoir-3.2,Intégrer des patrons de conception,BGD-TRD04,Identifier les limites des traitements batch pour certaines applications,0,0.0478427246
concevoir-3.2,Intégrer des patrons de conception,BGD-TRT01,Expliquer les principes du traitement de données en flux,0,0.0435462669
concevoir-3.2,Intégrer des patrons de conception,BGD-TRT02,Comparer les traitements batch et temps réel,0,-0.0018464388
concevoir-3.2,Intégrer des patrons de conception,BGD-TRT03,"Décrire les étapes d'un traitement de données en temps réel (collecte, traitement, stockage)",0,0.0367017539
concevoir-3.2,Intégrer des patrons de conception,BGD-TRT04,Utiliser des outils de traitement de flux pour analyser des données en temps réel,0,0.1611954077
concevoir-3.2,Intégrer des patrons de conception,BGD-COL01,Décrire les mécanismes de collecte de données dans un système distribué,0,0.0760648284
concevoir-3.2,Intégrer des patrons de conception,BGD-COL02,Expliquer le principe d'échange de données entre producteurs et consommateurs,0,0.0370950108
concevoir-3.2,Intégrer des patrons de conception,BGD-COL03,Interagir avec des services permettant d'accéder aux données (API),0,0.0431888816
concevoir-3.2,Intégrer des patrons de conception,BGD-COL04,Mettre à disposition des données via une interface ou un service,0,0.0450710831
concevoir-3.2,Intégrer des patrons de conception,BGD-SYS01,Mettre en place un environnement de travail pour le traitement de données,0,0.0752478069
concevoir-3.2,Intégrer des patrons de conception,BGD-SYS02,Exécuter des traitements distribués sur un système Big Data,0,0.0468009601
concevoir-3.2,Intégrer des patrons de conception,BGD-SYS03,Interpréter les résultats produits par un traitement de données,0,0.0418867538
concevoir-3.2,Intégrer des patrons de conception,BGD-PRJ01,Concevoir une architecture répondant à un besoin de traitement de données massives,0,0.0759075932
concevoir-3.2,Intégrer des patrons de conception,BGD-PRJ02,Intégrer différents outils dans une chaîne de traitement cohérente,0,0.2370599264
concevoir-3.2,Intégrer des patrons de conception,BGD-PRJ03,Exploiter et restituer les résultats d'un traitement de données,0,0.0459260025
concevoir-3.3,Adapter le framework,BGD-CBD01,"Identifier les caractéristiques des données massives (volume, vélocité, variété, véracité)",0,-0.0000812565
concevoir-3.3,Adapter le framework,BGD-CBD02,Expliquer les enjeux liés au traitement de données massives,0,0.0006583506
concevoir-3.3,Adapter le framework,BGD-CBD03,Expliquer les limites des systèmes de gestion de données traditionnels,0,-0.0002633569
concevoir-3.3,Adapter le framework,BGD-ARC01,Décrire l'organisation générale d'un système Big Data,0,0.0004212385
concevoir-3.3,Adapter le framework,BGD-ARC02,"Expliquer le rôle des différentes couches (batch, temps réel, stockage)",0,0.0817442023
concevoir-3.3,Adapter le framework,BGD-ARC03,"Décrire les étapes de traitement des données (collecte, traitement, stockage)",0,0.0012123760
concevoir-3.3,Adapter le framework,BGD-STO01,Décrire les principes du stockage distribué des données,0,-0.0009794235
concevoir-3.3,Adapter le framework,BGD-STO02,"Expliquer les mécanismes assurant la fiabilité des données (réplication, distribution)",0,-0.0005550194
concevoir-3.3,Adapter le framework,BGD-STO03,Identifier différents types de bases de données adaptées au Big Data,0,0.0003427695
concevoir-3.3,Adapter le framework,BGD-STO04,"Manipuler des données dans une base NoSQL (requêtes, insertion, modification)",0,-0.0000570374
concevoir-3.3,Adapter le framework,BGD-TRD01,Décrire le principe du traitement de données en mode batch,0,0.0929489375
concevoir-3.3,Adapter le framework,BGD-TRD02,Expliquer le fonctionnement du modèle MapReduce,0,0.1065179798
concevoir-3.3,Adapter le framework,BGD-TRD03,Concevoir un traitement distribué à partir d'un problème donné,0,0.0002507001
concevoir-3.3,Adapter le framework,BGD-TRD04,Identifier les limites des traitements batch pour certaines applications,0,-0.0000276140
concevoir-3.3,Adapter le framework,BGD-TRT01,Expliquer les principes du traitement de données en flux,0,0.0009228367
concevoir-3.3,Adapter le framework,BGD-TRT02,Comparer les traitements batch et temps réel,0,0.0015103869
concevoir-3.3,Adapter le framework,BGD-TRT03,"Décrire les étapes d'un traitement de données en temps réel (collecte, traitement, stockage)",0,-0.0012371382
concevoir-3.3,Adapter le framework,BGD-TRT04,Utiliser des outils de traitement de flux pour analyser des données en temps réel,0,-0.0002329462
concevoir-3.3,Adapter le framework,BGD-COL01,Décrire les mécanismes de collecte de données dans un système distribué,0,0.0018929756
concevoir-3.3,Adapter le framework,BGD-COL02,Expliquer le principe d'échange de données entre producteurs et consommateurs,0,0.0825360187
concevoir-3.3,Adapter le framework,BGD-COL03,Interagir avec des services permettant d'accéder aux données (API),0,-0.0002438226
concevoir-3.3,Adapter le framework,BGD-COL04,Mettre à disposition des données via une interface ou un service,0,0.0003564830
concevoir-3.3,Adapter le framework,BGD-SYS01,Mettre en place un environnement de travail pour le traitement de données,0,0.0865078417
concevoir-3.3,Adapter le framework,BGD-SYS02,Exécuter des traitements distribués sur un système Big Data,0,-0.0003846162
concevoir-3.3,Adapter le framework,BGD-SYS03,Interpréter les résultats produits par un traitement de données,0,0.0004779612
concevoir-3.3,Adapter le framework,BGD-PRJ01,Concevoir une architecture répondant à un besoin de traitement de données massives,0,-0.0008952518
concevoir-3.3,Adapter le framework,BGD-PRJ02,Intégrer différents outils dans une chaîne de traitement cohérente,0,-0.0023559154
concevoir-3.3,Adapter le framework,BGD-PRJ03,Exploiter et restituer les résultats d'un traitement de données,0,0.0011188152
concevoir-3.4,Échanger de manière adaptée et sécurisée les données,BGD-CBD01,"Identifier les caractéristiques des données massives (volume, vélocité, variété, véracité)",0,0.0627363668
concevoir-3.4,Échanger de manière adaptée et sécurisée les données,BGD-CBD02,Expliquer les enjeux liés au traitement de données massives,0,0.1125122877
concevoir-3.4,Échanger de manière adaptée et sécurisée les données,BGD-CBD03,Expliquer les limites des systèmes de gestion de données traditionnels,0,0.1386773971
concevoir-3.4,Échanger de manière adaptée et sécurisée les données,BGD-ARC01,Décrire l'organisation générale d'un système Big Data,0,-0.0010298048
concevoir-3.4,Échanger de manière adaptée et sécurisée les données,BGD-ARC02,"Expliquer le rôle des différentes couches (batch, temps réel, stockage)",0,-0.0028586117
concevoir-3.4,Échanger de manière adaptée et sécurisée les données,BGD-ARC03,"Décrire les étapes de traitement des données (collecte, traitement, stockage)",0,0.0939331083
concevoir-3.4,Échanger de manière adaptée et sécurisée les données,BGD-STO01,Décrire les principes du stockage distribué des données,0,0.0867644392
concevoir-3.4,Échanger de manière adaptée et sécurisée les données,BGD-STO02,"Expliquer les mécanismes assurant la fiabilité des données (réplication, distribution)",0,0.0659743457
concevoir-3.4,Échanger de manière adaptée et sécurisée les données,BGD-STO03,Identifier différents types de bases de données adaptées au Big Data,0,0.0864217060
concevoir-3.4,Échanger de manière adaptée et sécurisée les données,BGD-STO04,"Manipuler des données dans une base NoSQL (requêtes, insertion, modification)",0,0.0299627953
concevoir-3.4,Échanger de manière adaptée et sécurisée les données,BGD-TRD01,Décrire le principe du traitement de données en mode batch,0,0.0719262980
concevoir-3.4,Échanger de manière adaptée et sécurisée les données,BGD-TRD02,Expliquer le fonctionnement du modèle MapReduce,0,-0.0018270991
concevoir-3.4,Échanger de manière adaptée et sécurisée les données,BGD-TRD03,Concevoir un traitement distribué à partir d'un problème donné,0,-0.0014967728
concevoir-3.4,Échanger de manière adaptée et sécurisée les données,BGD-TRD04,Identifier les limites des traitements batch pour certaines applications,0,0.0405643816
concevoir-3.4,Échanger de manière adaptée et sécurisée les données,BGD-TRT01,Expliquer les principes du traitement de données en flux,0,0.1258947413
concevoir-3.4,Échanger de manière adaptée et sécurisée les données,BGD-TRT02,Comparer les traitements batch et temps réel,0,0.0967955586
concevoir-3.4,Échanger de manière adaptée et sécurisée les données,BGD-TRT03,"Décrire les étapes d'un traitement de données en temps réel (collecte, traitement, stockage)",0,0.1149719626
concevoir-3.4,Échanger de manière adaptée et sécurisée les données,BGD-TRT04,Utiliser des outils de traitement de flux pour analyser des données en temps réel,0,0.0790089971
concevoir-3.4,Échanger de manière adaptée et sécurisée les données,BGD-COL01,Décrire les mécanismes de collecte de données dans un système distribué,0,0.1402181996
concevoir-3.4,Échanger de manière adaptée et sécurisée les données,BGD-COL02,Expliquer le principe d'échange de données entre producteurs et consommateurs,1,0.1123228667
concevoir-3.4,Échanger de manière adaptée et sécurisée les données,BGD-COL03,Interagir avec des services permettant d'accéder aux données (API),0,0.0304394465
concevoir-3.4,Échanger de manière adaptée et sécurisée les données,BGD-COL04,Mettre à disposition des données via une interface ou un service,1,0.0327104509
concevoir-3.4,Échanger de manière adaptée et sécurisée les données,BGD-SYS01,Mettre en place un environnement de travail pour le traitement de données,0,0.0961303961
concevoir-3.4,Échanger de manière adaptée et sécurisée les données,BGD-SYS02,Exécuter des traitements distribués sur un système Big Data,0,0.0011907536
concevoir-3.4,Échanger de manière adaptée et sécurisée les données,BGD-SYS03,Interpréter les résultats produits par un traitement de données,0,0.1132451318
concevoir-3.4,Échanger de manière adaptée et sécurisée les données,BGD-PRJ01,Concevoir une architecture répondant à un besoin de traitement de données massives,0,0.0932513639
concevoir-3.4,Échanger de manière adaptée et sécurisée les données,BGD-PRJ02,Intégrer différents outils dans une chaîne de traitement cohérente,0,0.0330049215
concevoir-3.4,Échanger de manière adaptée et sécurisée les données,BGD-PRJ03,Exploiter et restituer les résultats d'un traitement de données,0,0.1929228528
concevoir-4.1,Aligner des structures de données issues de différents paradigmes,BGD-CBD01,"Identifier les caractéristiques des données massives (volume, vélocité, variété, véracité)",0,0.0551105521
concevoir-4.1,Aligner des structures de données issues de différents paradigmes,BGD-CBD02,Expliquer les enjeux liés au traitement de données massives,0,0.0889367477
concevoir-4.1,Aligner des structures de données issues de différents paradigmes,BGD-CBD03,Expliquer les limites des systèmes de gestion de données traditionnels,0,0.1741898693
concevoir-4.1,Aligner des structures de données issues de différents paradigmes,BGD-ARC01,Décrire l'organisation générale d'un système Big Data,0,0.0000115481
concevoir-4.1,Aligner des structures de données issues de différents paradigmes,BGD-ARC02,"Expliquer le rôle des différentes couches (batch, temps réel, stockage)",0,0.0313889111
concevoir-4.1,Aligner des structures de données issues de différents paradigmes,BGD-ARC03,"Décrire les étapes de traitement des données (collecte, traitement, stockage)",0,0.1266676758
concevoir-4.1,Aligner des structures de données issues de différents paradigmes,BGD-STO01,Décrire les principes du stockage distribué des données,0,0.0752295549
concevoir-4.1,Aligner des structures de données issues de différents paradigmes,BGD-STO02,"Expliquer les mécanismes assurant la fiabilité des données (réplication, distribution)",0,0.0575286203
concevoir-4.1,Aligner des structures de données issues de différents paradigmes,BGD-STO03,Identifier différents types de bases de données adaptées au Big Data,0,0.2405393108
concevoir-4.1,Aligner des structures de données issues de différents paradigmes,BGD-STO04,"Manipuler des données dans une base NoSQL (requêtes, insertion, modification)",0,0.0533768731
concevoir-4.1,Aligner des structures de données issues de différents paradigmes,BGD-TRD01,Décrire le principe du traitement de données en mode batch,0,0.0882043253
concevoir-4.1,Aligner des structures de données issues de différents paradigmes,BGD-TRD02,Expliquer le fonctionnement du modèle MapReduce,0,0.0008211996
concevoir-4.1,Aligner des structures de données issues de différents paradigmes,BGD-TRD03,Concevoir un traitement distribué à partir d'un problème donné,0,0.0002001216
concevoir-4.1,Aligner des structures de données issues de différents paradigmes,BGD-TRD04,Identifier les limites des traitements batch pour certaines applications,0,0.0326002205
concevoir-4.1,Aligner des structures de données issues de différents paradigmes,BGD-TRT01,Expliquer les principes du traitement de données en flux,0,0.0977942968
concevoir-4.1,Aligner des structures de données issues de différents paradigmes,BGD-TRT02,Comparer les traitements batch et temps réel,0,0.0004840808
concevoir-4.1,Aligner des structures de données issues de différents paradigmes,BGD-TRT03,"Décrire les étapes d'un traitement de données en temps réel (collecte, traitement, stockage)",0,0.0755669436
concevoir-4.1,Aligner des structures de données issues de différents paradigmes,BGD-TRT04,Utiliser des outils de traitement de flux pour analyser des données en temps réel,0,0.1853441268
concevoir-4.1,Aligner des structures de données issues de différents paradigmes,BGD-COL01,Décrire les mécanismes de collecte de données dans un système distribué,0,0.1399612348
concevoir-4.1,Aligner des structures de données issues de différents paradigmes,BGD-COL02,Expliquer le principe d'échange de données entre producteurs et consommateurs,0,0.0773530244
concevoir-4.1,Aligner des structures de données issues de différents paradigmes,BGD-COL03,Interagir avec des services permettant d'accéder aux données (API),0,0.0539834587
concevoir-4.1,Aligner des structures de données issues de différents paradigmes,BGD-COL04,Mettre à disposition des données via une interface ou un service,0,0.0580487421
concevoir-4.1,Aligner des structures de données issues de différents paradigmes,BGD-SYS01,Mettre en place un environnement de travail pour le traitement de données,0,0.1327762682
concevoir-4.1,Aligner des structures de données issues de différents paradigmes,BGD-SYS02,Exécuter des traitements distribués sur un système Big Data,0,0.0314106805
concevoir-4.1,Aligner des structures de données issues de différents paradigmes,BGD-SYS03,Interpréter les résultats produits par un traitement de données,0,0.0896593043
concevoir-4.1,Aligner des structures de données issues de différents paradigmes,BGD-PRJ01,Concevoir une architecture répondant à un besoin de traitement de données massives,0,0.1279047992
concevoir-4.1,Aligner des structures de données issues de différents paradigmes,BGD-PRJ02,Intégrer différents outils dans une chaîne de traitement cohérente,0,0.1836234480
concevoir-4.1,Aligner des structures de données issues de différents paradigmes,BGD-PRJ03,Exploiter et restituer les résultats d'un traitement de données,0,0.1008633472
concevoir-4.2,Choisir le paradigme de programmation le mieux adapté aux traitements,BGD-CBD01,"Identifier les caractéristiques des données massives (volume, vélocité, variété, véracité)",0,-0.0000046837
concevoir-4.2,Choisir le paradigme de programmation le mieux adapté aux traitements,BGD-CBD02,Expliquer les enjeux liés au traitement de données massives,0,0.0264864431
concevoir-4.2,Choisir le paradigme de programmation le mieux adapté aux traitements,BGD-CBD03,Expliquer les limites des systèmes de gestion de données traditionnels,0,0.0500579806
concevoir-4.2,Choisir le paradigme de programmation le mieux adapté aux traitements,BGD-ARC01,Décrire l'organisation générale d'un système Big Data,0,0.0003505368
concevoir-4.2,Choisir le paradigme de programmation le mieux adapté aux traitements,BGD-ARC02,"Expliquer le rôle des différentes couches (batch, temps réel, stockage)",0,0.0850224573
concevoir-4.2,Choisir le paradigme de programmation le mieux adapté aux traitements,BGD-ARC03,"Décrire les étapes de traitement des données (collecte, traitement, stockage)",0,0.0279627595
concevoir-4.2,Choisir le paradigme de programmation le mieux adapté aux traitements,BGD-STO01,Décrire les principes du stockage distribué des données,0,0.0004524597
concevoir-4.2,Choisir le paradigme de programmation le mieux adapté aux traitements,BGD-STO02,"Expliquer les mécanismes assurant la fiabilité des données (réplication, distribution)",0,-0.0000307019
concevoir-4.2,Choisir le paradigme de programmation le mieux adapté aux traitements,BGD-STO03,Identifier différents types de bases de données adaptées au Big Data,0,0.0429074712
concevoir-4.2,Choisir le paradigme de programmation le mieux adapté aux traitements,BGD-STO04,"Manipuler des données dans une base NoSQL (requêtes, insertion, modification)",0,0.0000134560
concevoir-4.2,Choisir le paradigme de programmation le mieux adapté aux traitements,BGD-TRD01,Décrire le principe du traitement de données en mode batch,0,0.1219746315
concevoir-4.2,Choisir le paradigme de programmation le mieux adapté aux traitements,BGD-TRD02,Expliquer le fonctionnement du modèle MapReduce,0,0.1104567338
concevoir-4.2,Choisir le paradigme de programmation le mieux adapté aux traitements,BGD-TRD03,Concevoir un traitement distribué à partir d'un problème donné,0,0.0001357380
concevoir-4.2,Choisir le paradigme de programmation le mieux adapté aux traitements,BGD-TRD04,Identifier les limites des traitements batch pour certaines applications,0,0.1099184064
concevoir-4.2,Choisir le paradigme de programmation le mieux adapté aux traitements,BGD-TRT01,Expliquer les principes du traitement de données en flux,0,0.0283295550
concevoir-4.2,Choisir le paradigme de programmation le mieux adapté aux traitements,BGD-TRT02,Comparer les traitements batch et temps réel,0,0.1354884174
concevoir-4.2,Choisir le paradigme de programmation le mieux adapté aux traitements,BGD-TRT03,"Décrire les étapes d'un traitement de données en temps réel (collecte, traitement, stockage)",0,0.0209513669
concevoir-4.2,Choisir le paradigme de programmation le mieux adapté aux traitements,BGD-TRT04,Utiliser des outils de traitement de flux pour analyser des données en temps réel,0,0.0446717742
concevoir-4.2,Choisir le paradigme de programmation le mieux adapté aux traitements,BGD-COL01,Décrire les mécanismes de collecte de données dans un système distribué,0,0.0505716605
concevoir-4.2,Choisir le paradigme de programmation le mieux adapté aux traitements,BGD-COL02,Expliquer le principe d'échange de données entre producteurs et consommateurs,0,0.1083632460
concevoir-4.2,Choisir le paradigme de programmation le mieux adapté aux traitements,BGD-COL03,Interagir avec des services permettant d'accéder aux données (API),0,0.1080884743
concevoir-4.2,Choisir le paradigme de programmation le mieux adapté aux traitements,BGD-COL04,Mettre à disposition des données via une interface ou un service,0,0.0002085610
concevoir-4.2,Choisir le paradigme de programmation le mieux adapté aux traitements,BGD-SYS01,Mettre en place un environnement de travail pour le traitement de données,0,0.1366665286
concevoir-4.2,Choisir le paradigme de programmation le mieux adapté aux traitements,BGD-SYS02,Exécuter des traitements distribués sur un système Big Data,0,0.1049113547
concevoir-4.2,Choisir le paradigme de programmation le mieux adapté aux traitements,BGD-SYS03,Interpréter les résultats produits par un traitement de données,0,0.0269659425
concevoir-4.2,Choisir le paradigme de programmation le mieux adapté aux traitements,BGD-PRJ01,Concevoir une architecture répondant à un besoin de traitement de données massives,1,0.0457079855
concevoir-4.2,Choisir le paradigme de programmation le mieux adapté aux traitements,BGD-PRJ02,Intégrer différents outils dans une chaîne de traitement cohérente,0,0.0232800189
concevoir-4.2,Choisir le paradigme de programmation le mieux adapté aux traitements,BGD-PRJ03,Exploiter et restituer les résultats d'un traitement de données,0,0.0308726724
concevoir-4.3,Choisir les patrons d'architecture,BGD-CBD01,"Identifier les caractéristiques des données massives (volume, vélocité, variété, véracité)",0,0.0420544437
concevoir-4.3,Choisir les patrons d'architecture,BGD-CBD02,Expliquer les enjeux liés au traitement de données massives,0,0.0501337748
concevoir-4.3,Choisir les patrons d'architecture,BGD-CBD03,Expliquer les limites des systèmes de gestion de données traditionnels,0,0.0491129857
concevoir-4.3,Choisir les patrons d'architecture,BGD-ARC01,Décrire l'organisation générale d'un système Big Data,0,-0.0004831480
concevoir-4.3,Choisir les patrons d'architecture,BGD-ARC02,"Expliquer le rôle des différentes couches (batch, temps réel, stockage)",0,0.0021502640
concevoir-4.3,Choisir les patrons d'architecture,BGD-ARC03,"Décrire les étapes de traitement des données (collecte, traitement, stockage)",0,0.0514641420
concevoir-4.3,Choisir les patrons d'architecture,BGD-STO01,Décrire les principes du stockage distribué des données,0,0.0564033052
concevoir-4.3,Choisir les patrons d'architecture,BGD-STO02,"Expliquer les mécanismes assurant la fiabilité des données (réplication, distribution)",0,0.0439755920
concevoir-4.3,Choisir les patrons d'architecture,BGD-STO03,Identifier différents types de bases de données adaptées au Big Data,0,-0.0001696934
concevoir-4.3,Choisir les patrons d'architecture,BGD-STO04,"Manipuler des données dans une base NoSQL (requêtes, insertion, modification)",0,0.0000038326
concevoir-4.3,Choisir les patrons d'architecture,BGD-TRD01,Décrire le principe du traitement de données en mode batch,0,0.0016663780
concevoir-4.3,Choisir les patrons d'architecture,BGD-TRD02,Expliquer le fonctionnement du modèle MapReduce,0,-0.0014557718
concevoir-4.3,Choisir les patrons d'architecture,BGD-TRD03,Concevoir un traitement distribué à partir d'un problème donné,0,-0.0001765813
concevoir-4.3,Choisir les patrons d'architecture,BGD-TRD04,Identifier les limites des traitements batch pour certaines applications,0,0.0454015542
concevoir-4.3,Choisir les patrons d'architecture,BGD-TRT01,Expliquer les principes du traitement de données en flux,0,0.0574377322
concevoir-4.3,Choisir les patrons d'architecture,BGD-TRT02,Comparer les traitements batch et temps réel,0,0.0560825501
concevoir-4.3,Choisir les patrons d'architecture,BGD-TRT03,"Décrire les étapes d'un traitement de données en temps réel (collecte, traitement, stockage)",0,0.0442370824
concevoir-4.3,Choisir les patrons d'architecture,BGD-TRT04,Utiliser des outils de traitement de flux pour analyser des données en temps réel,0,0.0001753994
concevoir-4.3,Choisir les patrons d'architecture,BGD-COL01,Décrire les mécanismes de collecte de données dans un système distribué,0,0.0474842733
concevoir-4.3,Choisir les patrons d'architecture,BGD-COL02,Expliquer le principe d'échange de données entre producteurs et consommateurs,0,-0.0001425551
concevoir-4.3,Choisir les patrons d'architecture,BGD-COL03,Interagir avec des services permettant d'accéder aux données (API),0,0.0002369423
concevoir-4.3,Choisir les patrons d'architecture,BGD-COL04,Mettre à disposition des données via une interface ou un service,0,-0.0005400996
concevoir-4.3,Choisir les patrons d'architecture,BGD-SYS01,Mettre en place un environnement de travail pour le traitement de données,0,-0.0008868666
concevoir-4.3,Choisir les patrons d'architecture,BGD-SYS02,Exécuter des traitements distribués sur un système Big Data,0,0.0002523779
concevoir-4.3,Choisir les patrons d'architecture,BGD-SYS03,Interpréter les résultats produits par un traitement de données,0,0.0510788394
concevoir-4.3,Choisir les patrons d'architecture,BGD-PRJ01,Concevoir une architecture répondant à un besoin de traitement de données massives,1,0.2031264419
concevoir-4.3,Choisir les patrons d'architecture,BGD-PRJ02,Intégrer différents outils dans une chaîne de traitement cohérente,0,0.0019068601
concevoir-4.3,Choisir les patrons d'architecture,BGD-PRJ03,Exploiter et restituer les résultats d'un traitement de données,0,0.0555234165
concevoir-4.4,"Prétraiter, estimer et prédire un signal à l’aide d’un système non linéaire",BGD-CBD01,"Identifier les caractéristiques des données massives (volume, vélocité, variété, véracité)",0,-0.0001008234
concevoir-4.4,"Prétraiter, estimer et prédire un signal à l’aide d’un système non linéaire",BGD-CBD02,Expliquer les enjeux liés au traitement de données massives,0,0.0002271540
concevoir-4.4,"Prétraiter, estimer et prédire un signal à l’aide d’un système non linéaire",BGD-CBD03,Expliquer les limites des systèmes de gestion de données traditionnels,0,-0.0000817221
concevoir-4.4,"Prétraiter, estimer et prédire un signal à l’aide d’un système non linéaire",BGD-ARC01,Décrire l'organisation générale d'un système Big Data,0,0.1594184103
concevoir-4.4,"Prétraiter, estimer et prédire un signal à l’aide d’un système non linéaire",BGD-ARC02,"Expliquer le rôle des différentes couches (batch, temps réel, stockage)",0,-0.0002367999
concevoir-4.4,"Prétraiter, estimer et prédire un signal à l’aide d’un système non linéaire",BGD-ARC03,"Décrire les étapes de traitement des données (collecte, traitement, stockage)",0,-0.0008011539
concevoir-4.4,"Prétraiter, estimer et prédire un signal à l’aide d’un système non linéaire",BGD-STO01,Décrire les principes du stockage distribué des données,0,0.0000458330
concevoir-4.4,"Prétraiter, estimer et prédire un signal à l’aide d’un système non linéaire",BGD-STO02,"Expliquer les mécanismes assurant la fiabilité des données (réplication, distribution)",0,0.0000301252
concevoir-4.4,"Prétraiter, estimer et prédire un signal à l’aide d’un système non linéaire",BGD-STO03,Identifier différents types de bases de données adaptées au Big Data,0,0.0000101809
concevoir-4.4,"Prétraiter, estimer et prédire un signal à l’aide d’un système non linéaire",BGD-STO04,"Manipuler des données dans une base NoSQL (requêtes, insertion, modification)",0,-0.0000239367
concevoir-4.4,"Prétraiter, estimer et prédire un signal à l’aide d’un système non linéaire",BGD-TRD01,Décrire le principe du traitement de données en mode batch,0,-0.0000522923
concevoir-4.4,"Prétraiter, estimer et prédire un signal à l’aide d’un système non linéaire",BGD-TRD02,Expliquer le fonctionnement du modèle MapReduce,0,-0.0003134169
concevoir-4.4,"Prétraiter, estimer et prédire un signal à l’aide d’un système non linéaire",BGD-TRD03,Concevoir un traitement distribué à partir d'un problème donné,0,0.1332907607
concevoir-4.4,"Prétraiter, estimer et prédire un signal à l’aide d’un système non linéaire",BGD-TRD04,Identifier les limites des traitements batch pour certaines applications,0,0.0005074328
concevoir-4.4,"Prétraiter, estimer et prédire un signal à l’aide d’un système non linéaire",BGD-TRT01,Expliquer les principes du traitement de données en flux,0,0.0001945820
concevoir-4.4,"Prétraiter, estimer et prédire un signal à l’aide d’un système non linéaire",BGD-TRT02,Comparer les traitements batch et temps réel,0,0.0451576802
concevoir-4.4,"Prétraiter, estimer et prédire un signal à l’aide d’un système non linéaire",BGD-TRT03,"Décrire les étapes d'un traitement de données en temps réel (collecte, traitement, stockage)",0,0.0628535324
concevoir-4.4,"Prétraiter, estimer et prédire un signal à l’aide d’un système non linéaire",BGD-TRT04,Utiliser des outils de traitement de flux pour analyser des données en temps réel,0,-0.0009423130
concevoir-4.4,"Prétraiter, estimer et prédire un signal à l’aide d’un système non linéaire",BGD-COL01,Décrire les mécanismes de collecte de données dans un système distribué,0,0.1553484435
concevoir-4.4,"Prétraiter, estimer et prédire un signal à l’aide d’un système non linéaire",BGD-COL02,Expliquer le principe d'échange de données entre producteurs et consommateurs,0,0.0361004614
concevoir-4.4,"Prétraiter, estimer et prédire un signal à l’aide d’un système non linéaire",BGD-COL03,Interagir avec des services permettant d'accéder aux données (API),0,-0.0000033525
concevoir-4.4,"Prétraiter, estimer et prédire un signal à l’aide d’un système non linéaire",BGD-COL04,Mettre à disposition des données via une interface ou un service,0,0.0610590822
concevoir-4.4,"Prétraiter, estimer et prédire un signal à l’aide d’un système non linéaire",BGD-SYS01,Mettre en place un environnement de travail pour le traitement de données,0,0.0620127611
concevoir-4.4,"Prétraiter, estimer et prédire un signal à l’aide d’un système non linéaire",BGD-SYS02,Exécuter des traitements distribués sur un système Big Data,0,0.1409004238
concevoir-4.4,"Prétraiter, estimer et prédire un signal à l’aide d’un système non linéaire",BGD-SYS03,Interpréter les résultats produits par un traitement de données,0,0.0721830859
concevoir-4.4,"Prétraiter, estimer et prédire un signal à l’aide d’un système non linéaire",BGD-PRJ01,Concevoir une architecture répondant à un besoin de traitement de données massives,0,0.0622443704
concevoir-4.4,"Prétraiter, estimer et prédire un signal à l’aide d’un système non linéaire",BGD-PRJ02,Intégrer différents outils dans une chaîne de traitement cohérente,0,0.0004361779
concevoir-4.4,"Prétraiter, estimer et prédire un signal à l’aide d’un système non linéaire",BGD-PRJ03,Exploiter et restituer les résultats d'un traitement de données,0,0.1281645747
concevoir-4.5,Échanger de manière adaptée et sécurisée les données en temps réel,BGD-CBD01,"Identifier les caractéristiques des données massives (volume, vélocité, variété, véracité)",0,0.0535922584
concevoir-4.5,Échanger de manière adaptée et sécurisée les données en temps réel,BGD-CBD02,Expliquer les enjeux liés au traitement de données massives,0,0.0936016048
concevoir-4.5,Échanger de manière adaptée et sécurisée les données en temps réel,BGD-CBD03,Expliquer les limites des systèmes de gestion de données traditionnels,0,0.1191690950
concevoir-4.5,Échanger de manière adaptée et sécurisée les données en temps réel,BGD-ARC01,Décrire l'organisation générale d'un système Big Data,0,0.0011770676
concevoir-4.5,Échanger de manière adaptée et sécurisée les données en temps réel,BGD-ARC02,"Expliquer le rôle des différentes couches (batch, temps réel, stockage)",0,0.2119977840
concevoir-4.5,Échanger de manière adaptée et sécurisée les données en temps réel,BGD-ARC03,"Décrire les étapes de traitement des données (collecte, traitement, stockage)",0,0.1141003789
concevoir-4.5,Échanger de manière adaptée et sécurisée les données en temps réel,BGD-STO01,Décrire les principes du stockage distribué des données,0,0.0707292502
concevoir-4.5,Échanger de manière adaptée et sécurisée les données en temps réel,BGD-STO02,"Expliquer les mécanismes assurant la fiabilité des données (réplication, distribution)",0,0.0551167754
concevoir-4.5,Échanger de manière adaptée et sécurisée les données en temps réel,BGD-STO03,Identifier différents types de bases de données adaptées au Big Data,0,0.0750772312
concevoir-4.5,Échanger de manière adaptée et sécurisée les données en temps réel,BGD-STO04,"Manipuler des données dans une base NoSQL (requêtes, insertion, modification)",0,0.0249154089
concevoir-4.5,Échanger de manière adaptée et sécurisée les données en temps réel,BGD-TRD01,Décrire le principe du traitement de données en mode batch,0,0.1235321720
concevoir-4.5,Échanger de manière adaptée et sécurisée les données en temps réel,BGD-TRD02,Expliquer le fonctionnement du modèle MapReduce,0,0.0011051169
concevoir-4.5,Échanger de manière adaptée et sécurisée les données en temps réel,BGD-TRD03,Concevoir un traitement distribué à partir d'un problème donné,0,0.0015778246
concevoir-4.5,Échanger de manière adaptée et sécurisée les données en temps réel,BGD-TRD04,Identifier les limites des traitements batch pour certaines applications,0,0.0246413122
concevoir-4.5,Échanger de manière adaptée et sécurisée les données en temps réel,BGD-TRT01,Expliquer les principes du traitement de données en flux,0,0.1742750863
concevoir-4.5,Échanger de manière adaptée et sécurisée les données en temps réel,BGD-TRT02,Comparer les traitements batch et temps réel,0,0.3664371157
concevoir-4.5,Échanger de manière adaptée et sécurisée les données en temps réel,BGD-TRT03,"Décrire les étapes d'un traitement de données en temps réel (collecte, traitement, stockage)",1,0.3261627542
concevoir-4.5,Échanger de manière adaptée et sécurisée les données en temps réel,BGD-TRT04,Utiliser des outils de traitement de flux pour analyser des données en temps réel,0,0.3409248383
concevoir-4.5,Échanger de manière adaptée et sécurisée les données en temps réel,BGD-COL01,Décrire les mécanismes de collecte de données dans un système distribué,0,0.1188516677
concevoir-4.5,Échanger de manière adaptée et sécurisée les données en temps réel,BGD-COL02,Expliquer le principe d'échange de données entre producteurs et consommateurs,0,0.0952946232
concevoir-4.5,Échanger de manière adaptée et sécurisée les données en temps réel,BGD-COL03,Interagir avec des services permettant d'accéder aux données (API),0,0.0251438728
concevoir-4.5,Échanger de manière adaptée et sécurisée les données en temps réel,BGD-COL04,Mettre à disposition des données via une interface ou un service,0,0.0269950515
concevoir-4.5,Échanger de manière adaptée et sécurisée les données en temps réel,BGD-SYS01,Mettre en place un environnement de travail pour le traitement de données,0,0.1408372837
concevoir-4.5,Échanger de manière adaptée et sécurisée les données en temps réel,BGD-SYS02,Exécuter des traitements distribués sur un système Big Data,0,-0.0013448424
concevoir-4.5,Échanger de manière adaptée et sécurisée les données en temps réel,BGD-SYS03,Interpréter les résultats produits par un traitement de données,0,0.0955215835
concevoir-4.5,Échanger de manière adaptée et sécurisée les données en temps réel,BGD-PRJ01,Concevoir une architecture répondant à un besoin de traitement de données massives,0,0.0795228965
concevoir-4.5,Échanger de manière adaptée et sécurisée les données en temps réel,BGD-PRJ02,Intégrer différents outils dans une chaîne de traitement cohérente,0,0.0245614015
concevoir-4.5,Échanger de manière adaptée et sécurisée les données en temps réel,BGD-PRJ03,Exploiter et restituer les résultats d'un traitement de données,0,0.1602218062
concevoir-4.6,Choisir un modèle optimal d'un problème de traitement de données et évaluer ses performances,BGD-CBD01,"Identifier les caractéristiques des données massives (volume, vélocité, variété, véracité)",0,0.0218730480
concevoir-4.6,Choisir un modèle optimal d'un problème de traitement de données et évaluer ses performances,BGD-CBD02,Expliquer les enjeux liés au traitement de données massives,0,0.1338878826
concevoir-4.6,Choisir un modèle optimal d'un problème de traitement de données et évaluer ses performances,BGD-CBD03,Expliquer les limites des systèmes de gestion de données traditionnels,0,0.1196157555
concevoir-4.6,Choisir un modèle optimal d'un problème de traitement de données et évaluer ses performances,BGD-ARC01,Décrire l'organisation générale d'un système Big Data,0,0.0679336090
concevoir-4.6,Choisir un modèle optimal d'un problème de traitement de données et évaluer ses performances,BGD-ARC02,"Expliquer le rôle des différentes couches (batch, temps réel, stockage)",0,0.0009644706
concevoir-4.6,Choisir un modèle optimal d'un problème de traitement de données et évaluer ses performances,BGD-ARC03,"Décrire les étapes de traitement des données (collecte, traitement, stockage)",0,0.1929056592
concevoir-4.6,Choisir un modèle optimal d'un problème de traitement de données et évaluer ses performances,BGD-STO01,Décrire les principes du stockage distribué des données,0,0.0286929178
concevoir-4.6,Choisir un modèle optimal d'un problème de traitement de données et évaluer ses performances,BGD-STO02,"Expliquer les mécanismes assurant la fiabilité des données (réplication, distribution)",0,0.0226932600
concevoir-4.6,Choisir un modèle optimal d'un problème de traitement de données et évaluer ses performances,BGD-STO03,Identifier différents types de bases de données adaptées au Big Data,0,0.1024161063
concevoir-4.6,Choisir un modèle optimal d'un problème de traitement de données et évaluer ses performances,BGD-STO04,"Manipuler des données dans une base NoSQL (requêtes, insertion, modification)",0,0.0210894574
concevoir-4.6,Choisir un modèle optimal d'un problème de traitement de données et évaluer ses performances,BGD-TRD01,Décrire le principe du traitement de données en mode batch,0,0.1334156856
concevoir-4.6,Choisir un modèle optimal d'un problème de traitement de données et évaluer ses performances,BGD-TRD02,Expliquer le fonctionnement du modèle MapReduce,0,0.1150550392
concevoir-4.6,Choisir un modèle optimal d'un problème de traitement de données et évaluer ses performances,BGD-TRD03,Concevoir un traitement distribué à partir d'un problème donné,0,0.2817442436
concevoir-4.6,Choisir un modèle optimal d'un problème de traitement de données et évaluer ses performances,BGD-TRD04,Identifier les limites des traitements batch pour certaines applications,0,-0.0007269857
concevoir-4.6,Choisir un modèle optimal d'un problème de traitement de données et évaluer ses performances,BGD-TRT01,Expliquer les principes du traitement de données en flux,0,0.1496489390
concevoir-4.6,Choisir un modèle optimal d'un problème de traitement de données et évaluer ses performances,BGD-TRT02,Comparer les traitements batch et temps réel,0,0.0449984417
concevoir-4.6,Choisir un modèle optimal d'un problème de traitement de données et évaluer ses performances,BGD-TRT03,"Décrire les étapes d'un traitement de données en temps réel (collecte, traitement, stockage)",0,0.2264053878
concevoir-4.6,Choisir un modèle optimal d'un problème de traitement de données et évaluer ses performances,BGD-TRT04,Utiliser des outils de traitement de flux pour analyser des données en temps réel,0,0.1540322891
concevoir-4.6,Choisir un modèle optimal d'un problème de traitement de données et évaluer ses performances,BGD-COL01,Décrire les mécanismes de collecte de données dans un système distribué,0,0.1862822415
concevoir-4.6,Choisir un modèle optimal d'un problème de traitement de données et évaluer ses performances,BGD-COL02,Expliquer le principe d'échange de données entre producteurs et consommateurs,0,0.1011107725
concevoir-4.6,Choisir un modèle optimal d'un problème de traitement de données et évaluer ses performances,BGD-COL03,Interagir avec des services permettant d'accéder aux données (API),0,0.0213887146
concevoir-4.6,Choisir un modèle optimal d'un problème de traitement de données et évaluer ses performances,BGD-COL04,Mettre à disposition des données via une interface ou un service,0,0.0826251643
concevoir-4.6,Choisir un modèle optimal d'un problème de traitement de données et évaluer ses performances,BGD-SYS01,Mettre en place un environnement de travail pour le traitement de données,0,0.2285489954
concevoir-4.6,Choisir un modèle optimal d'un problème de traitement de données et évaluer ses performances,BGD-SYS02,Exécuter des traitements distribués sur un système Big Data,0,0.0601509015
concevoir-4.6,Choisir un modèle optimal d'un problème de traitement de données et évaluer ses performances,BGD-SYS03,Interpréter les résultats produits par un traitement de données,0,0.2055110996
concevoir-4.6,Choisir un modèle optimal d'un problème de traitement de données et évaluer ses performances,BGD-PRJ01,Concevoir une architecture répondant à un besoin de traitement de données massives,0,0.2206286960
concevoir-4.6,Choisir un modèle optimal d'un problème de traitement de données et évaluer ses performances,BGD-PRJ02,Intégrer différents outils dans une chaîne de traitement cohérente,0,0.0959236613
concevoir-4.6,Choisir un modèle optimal d'un problème de traitement de données et évaluer ses performances,BGD-PRJ03,Exploiter et restituer les résultats d'un traitement de données,0,0.2757954475
developper-1.1,Implémenter efficacement un algorithme dans un langage de la programmation structurée,BGD-CBD01,"Identifier les caractéristiques des données massives (volume, vélocité, variété, véracité)",0,0.0000049876
developper-1.1,Implémenter efficacement un algorithme dans un langage de la programmation structurée,BGD-CBD02,Expliquer les enjeux liés au traitement de données massives,0,0.0258028138
developper-1.1,Implémenter efficacement un algorithme dans un langage de la programmation structurée,BGD-CBD03,Expliquer les limites des systèmes de gestion de données traditionnels,0,0.0491855801
developper-1.1,Implémenter efficacement un algorithme dans un langage de la programmation structurée,BGD-ARC01,Décrire l'organisation générale d'un système Big Data,0,0.0708954003
developper-1.1,Implémenter efficacement un algorithme dans un langage de la programmation structurée,BGD-ARC02,"Expliquer le rôle des différentes couches (batch, temps réel, stockage)",0,-0.0000200850
developper-1.1,Implémenter efficacement un algorithme dans un langage de la programmation structurée,BGD-ARC03,"Décrire les étapes de traitement des données (collecte, traitement, stockage)",0,0.0242422014
developper-1.1,Implémenter efficacement un algorithme dans un langage de la programmation structurée,BGD-STO01,Décrire les principes du stockage distribué des données,0,-0.0002292555
developper-1.1,Implémenter efficacement un algorithme dans un langage de la programmation structurée,BGD-STO02,"Expliquer les mécanismes assurant la fiabilité des données (réplication, distribution)",0,0.0595330233
developper-1.1,Implémenter efficacement un algorithme dans un langage de la programmation structurée,BGD-STO03,Identifier différents types de bases de données adaptées au Big Data,0,0.0421383568
developper-1.1,Implémenter efficacement un algorithme dans un langage de la programmation structurée,BGD-STO04,"Manipuler des données dans une base NoSQL (requêtes, insertion, modification)",0,0.0738045208
developper-1.1,Implémenter efficacement un algorithme dans un langage de la programmation structurée,BGD-TRD01,Décrire le principe du traitement de données en mode batch,0,0.0263356581
developper-1.1,Implémenter efficacement un algorithme dans un langage de la programmation structurée,BGD-TRD02,Expliquer le fonctionnement du modèle MapReduce,0,-0.0003545013
developper-1.1,Implémenter efficacement un algorithme dans un langage de la programmation structurée,BGD-TRD03,Concevoir un traitement distribué à partir d'un problème donné,0,0.1357602273
developper-1.1,Implémenter efficacement un algorithme dans un langage de la programmation structurée,BGD-TRD04,Identifier les limites des traitements batch pour certaines applications,0,0.0001544022
developper-1.1,Implémenter efficacement un algorithme dans un langage de la programmation structurée,BGD-TRT01,Expliquer les principes du traitement de données en flux,0,0.0291735817
developper-1.1,Implémenter efficacement un algorithme dans un langage de la programmation structurée,BGD-TRT02,Comparer les traitements batch et temps réel,0,-0.0011814051
developper-1.1,Implémenter efficacement un algorithme dans un langage de la programmation structurée,BGD-TRT03,"Décrire les étapes d'un traitement de données en temps réel (collecte, traitement, stockage)",0,0.0872266698
developper-1.1,Implémenter efficacement un algorithme dans un langage de la programmation structurée,BGD-TRT04,Utiliser des outils de traitement de flux pour analyser des données en temps réel,0,0.0428029775
developper-1.1,Implémenter efficacement un algorithme dans un langage de la programmation structurée,BGD-COL01,Décrire les mécanismes de collecte de données dans un système distribué,0,0.2075373098
developper-1.1,Implémenter efficacement un algorithme dans un langage de la programmation structurée,BGD-COL02,Expliquer le principe d'échange de données entre producteurs et consommateurs,0,0.0224023324
developper-1.1,Implémenter efficacement un algorithme dans un langage de la programmation structurée,BGD-COL03,Interagir avec des services permettant d'accéder aux données (API),0,0.0000316627
developper-1.1,Implémenter efficacement un algorithme dans un langage de la programmation structurée,BGD-COL04,Mettre à disposition des données via une interface ou un service,0,0.0624317992
developper-1.1,Implémenter efficacement un algorithme dans un langage de la programmation structurée,BGD-SYS01,Mettre en place un environnement de travail pour le traitement de données,0,0.1120805189
developper-1.1,Implémenter efficacement un algorithme dans un langage de la programmation structurée,BGD-SYS02,Exécuter des traitements distribués sur un système Big Data,0,0.0630364579
developper-1.1,Implémenter efficacement un algorithme dans un langage de la programmation structurée,BGD-SYS03,Interpréter les résultats produits par un traitement de données,0,0.0991705841
developper-1.1,Implémenter efficacement un algorithme dans un langage de la programmation structurée,BGD-PRJ01,Concevoir une architecture répondant à un besoin de traitement de données massives,0,0.1083479799
developper-1.1,Implémenter efficacement un algorithme dans un langage de la programmation structurée,BGD-PRJ02,Intégrer différents outils dans une chaîne de traitement cohérente,0,0.1063204952
developper-1.1,Implémenter efficacement un algorithme dans un langage de la programmation structurée,BGD-PRJ03,Exploiter et restituer les résultats d'un traitement de données,0,0.1111361563
developper-1.2,Utiliser un logiciel de suivi de version,BGD-CBD01,"Identifier les caractéristiques des données massives (volume, vélocité, variété, véracité)",0,-0.0000157315
developper-1.2,Utiliser un logiciel de suivi de version,BGD-CBD02,Expliquer les enjeux liés au traitement de données massives,0,0.0682541163
developper-1.2,Utiliser un logiciel de suivi de version,BGD-CBD03,Expliquer les limites des systèmes de gestion de données traditionnels,0,0.1297542235
developper-1.2,Utiliser un logiciel de suivi de version,BGD-ARC01,Décrire l'organisation générale d'un système Big Data,0,0.0470053198
developper-1.2,Utiliser un logiciel de suivi de version,BGD-ARC02,"Expliquer le rôle des différentes couches (batch, temps réel, stockage)",0,-0.0001971416
developper-1.2,Utiliser un logiciel de suivi de version,BGD-ARC03,"Décrire les étapes de traitement des données (collecte, traitement, stockage)",0,0.0685900668
developper-1.2,Utiliser un logiciel de suivi de version,BGD-STO01,Décrire les principes du stockage distribué des données,0,0.0002802047
developper-1.2,Utiliser un logiciel de suivi de version,BGD-STO02,"Expliquer les mécanismes assurant la fiabilité des données (réplication, distribution)",0,0.0000370386
developper-1.2,Utiliser un logiciel de suivi de version,BGD-STO03,Identifier différents types de bases de données adaptées au Big Data,0,0.1111975041
developper-1.2,Utiliser un logiciel de suivi de version,BGD-STO04,"Manipuler des données dans une base NoSQL (requêtes, insertion, modification)",0,-0.0000050350
developper-1.2,Utiliser un logiciel de suivi de version,BGD-TRD01,Décrire le principe du traitement de données en mode batch,0,0.0672969640
developper-1.2,Utiliser un logiciel de suivi de version,BGD-TRD02,Expliquer le fonctionnement du modèle MapReduce,0,0.0004043746
developper-1.2,Utiliser un logiciel de suivi de version,BGD-TRD03,Concevoir un traitement distribué à partir d'un problème donné,0,0.0896964448
developper-1.2,Utiliser un logiciel de suivi de version,BGD-TRD04,Identifier les limites des traitements batch pour certaines applications,0,0.0000000644
developper-1.2,Utiliser un logiciel de suivi de version,BGD-TRT01,Expliquer les principes du traitement de données en flux,0,0.0750363397
developper-1.2,Utiliser un logiciel de suivi de version,BGD-TRT02,Comparer les traitements batch et temps réel,0,0.0002369345
developper-1.2,Utiliser un logiciel de suivi de version,BGD-TRT03,"Décrire les étapes d'un traitement de données en temps réel (collecte, traitement, stockage)",0,0.1002609965
developper-1.2,Utiliser un logiciel de suivi de version,BGD-TRT04,Utiliser des outils de traitement de flux pour analyser des données en temps réel,0,0.2001992852
developper-1.2,Utiliser un logiciel de suivi de version,BGD-COL01,Décrire les mécanismes de collecte de données dans un système distribué,0,0.1759706801
developper-1.2,Utiliser un logiciel de suivi de version,BGD-COL02,Expliquer le principe d'échange de données entre producteurs et consommateurs,0,0.0593619492
developper-1.2,Utiliser un logiciel de suivi de version,BGD-COL03,Interagir avec des services permettant d'accéder aux données (API),0,-0.0000245652
developper-1.2,Utiliser un logiciel de suivi de version,BGD-COL04,Mettre à disposition des données via une interface ou un service,0,0.0412893313
developper-1.2,Utiliser un logiciel de suivi de version,BGD-SYS01,Mettre en place un environnement de travail pour le traitement de données,0,0.1667021957
developper-1.2,Utiliser un logiciel de suivi de version,BGD-SYS02,Exécuter des traitements distribués sur un système Big Data,0,0.0414608471
developper-1.2,Utiliser un logiciel de suivi de version,BGD-SYS03,Interpréter les résultats produits par un traitement de données,0,0.1172872144
developper-1.2,Utiliser un logiciel de suivi de version,BGD-PRJ01,Concevoir une architecture répondant à un besoin de traitement de données massives,0,0.1605460416
developper-1.2,Utiliser un logiciel de suivi de version,BGD-PRJ02,Intégrer différents outils dans une chaîne de traitement cohérente,0,0.0608435888
developper-1.2,Utiliser un logiciel de suivi de version,BGD-PRJ03,Exploiter et restituer les résultats d'un traitement de données,0,0.1320279722
developper-1.3,Caractériser le matériel et le système au regard des besoins,BGD-CBD01,"Identifier les caractéristiques des données massives (volume, vélocité, variété, véracité)",0,0.0297232023
developper-1.3,Caractériser le matériel et le système au regard des besoins,BGD-CBD02,Expliquer les enjeux liés au traitement de données massives,0,0.0979932688
developper-1.3,Caractériser le matériel et le système au regard des besoins,BGD-CBD03,Expliquer les limites des systèmes de gestion de données traditionnels,0,0.0345658471
developper-1.3,Caractériser le matériel et le système au regard des besoins,BGD-ARC01,Décrire l'organisation générale d'un système Big Data,0,0.1030379023
developper-1.3,Caractériser le matériel et le système au regard des besoins,BGD-ARC02,"Expliquer le rôle des différentes couches (batch, temps réel, stockage)",0,0.1249802244
developper-1.3,Caractériser le matériel et le système au regard des besoins,BGD-ARC03,"Décrire les étapes de traitement des données (collecte, traitement, stockage)",0,0.0404699552
developper-1.3,Caractériser le matériel et le système au regard des besoins,BGD-STO01,Décrire les principes du stockage distribué des données,0,0.0409513764
developper-1.3,Caractériser le matériel et le système au regard des besoins,BGD-STO02,"Expliquer les mécanismes assurant la fiabilité des données (réplication, distribution)",0,0.0308702773
developper-1.3,Caractériser le matériel et le système au regard des besoins,BGD-STO03,Identifier différents types de bases de données adaptées au Big Data,0,0.0797344446
developper-1.3,Caractériser le matériel et le système au regard des besoins,BGD-STO04,"Manipuler des données dans une base NoSQL (requêtes, insertion, modification)",0,0.0288027661
developper-1.3,Caractériser le matériel et le système au regard des besoins,BGD-TRD01,Décrire le principe du traitement de données en mode batch,0,0.1050741279
developper-1.3,Caractériser le matériel et le système au regard des besoins,BGD-TRD02,Expliquer le fonctionnement du modèle MapReduce,0,0.1219587359
developper-1.3,Caractériser le matériel et le système au regard des besoins,BGD-TRD03,Concevoir un traitement distribué à partir d'un problème donné,0,0.0003852654
developper-1.3,Caractériser le matériel et le système au regard des besoins,BGD-TRD04,Identifier les limites des traitements batch pour certaines applications,0,0.0326154837
developper-1.3,Caractériser le matériel et le système au regard des besoins,BGD-TRT01,Expliquer les principes du traitement de données en flux,0,-0.0013109799
developper-1.3,Caractériser le matériel et le système au regard des besoins,BGD-TRT02,Comparer les traitements batch et temps réel,0,0.0551749533
developper-1.3,Caractériser le matériel et le système au regard des besoins,BGD-TRT03,"Décrire les étapes d'un traitement de données en temps réel (collecte, traitement, stockage)",0,-0.0045719882
developper-1.3,Caractériser le matériel et le système au regard des besoins,BGD-TRT04,Utiliser des outils de traitement de flux pour analyser des données en temps réel,0,0.0628250293
developper-1.3,Caractériser le matériel et le système au regard des besoins,BGD-COL01,Décrire les mécanismes de collecte de données dans un système distribué,0,0.1003804024
developper-1.3,Caractériser le matériel et le système au regard des besoins,BGD-COL02,Expliquer le principe d'échange de données entre producteurs et consommateurs,0,0.1351606306
developper-1.3,Caractériser le matériel et le système au regard des besoins,BGD-COL03,Interagir avec des services permettant d'accéder aux données (API),0,0.0290151164
developper-1.3,Caractériser le matériel et le système au regard des besoins,BGD-COL04,Mettre à disposition des données via une interface ou un service,0,0.0316936345
developper-1.3,Caractériser le matériel et le système au regard des besoins,BGD-SYS01,Mettre en place un environnement de travail pour le traitement de données,1,0.0983422765
developper-1.3,Caractériser le matériel et le système au regard des besoins,BGD-SYS02,Exécuter des traitements distribués sur un système Big Data,0,0.1216148473
developper-1.3,Caractériser le matériel et le système au regard des besoins,BGD-SYS03,Interpréter les résultats produits par un traitement de données,0,0.0005405688
developper-1.3,Caractériser le matériel et le système au regard des besoins,BGD-PRJ01,Concevoir une architecture répondant à un besoin de traitement de données massives,0,-0.0004421809
developper-1.3,Caractériser le matériel et le système au regard des besoins,BGD-PRJ02,Intégrer différents outils dans une chaîne de traitement cohérente,0,-0.0009833113
developper-1.3,Caractériser le matériel et le système au regard des besoins,BGD-PRJ03,Exploiter et restituer les résultats d'un traitement de données,0,0.0551999621
developper-2.1,Implémenter dans un langage de la programmation orientée objet à partir de diagrammes UML,BGD-CBD01,"Identifier les caractéristiques des données massives (volume, vélocité, variété, véracité)",0,-0.0000296483
developper-2.1,Implémenter dans un langage de la programmation orientée objet à partir de diagrammes UML,BGD-CBD02,Expliquer les enjeux liés au traitement de données massives,0,0.0464590575
developper-2.1,Implémenter dans un langage de la programmation orientée objet à partir de diagrammes UML,BGD-CBD03,Expliquer les limites des systèmes de gestion de données traditionnels,0,0.0882060804
developper-2.1,Implémenter dans un langage de la programmation orientée objet à partir de diagrammes UML,BGD-ARC01,Décrire l'organisation générale d'un système Big Data,0,0.0319250533
developper-2.1,Implémenter dans un langage de la programmation orientée objet à partir de diagrammes UML,BGD-ARC02,"Expliquer le rôle des différentes couches (batch, temps réel, stockage)",0,-0.0003050726
developper-2.1,Implémenter dans un langage de la programmation orientée objet à partir de diagrammes UML,BGD-ARC03,"Décrire les étapes de traitement des données (collecte, traitement, stockage)",0,0.0467320067
developper-2.1,Implémenter dans un langage de la programmation orientée objet à partir de diagrammes UML,BGD-STO01,Décrire les principes du stockage distribué des données,0,0.0002170815
developper-2.1,Implémenter dans un langage de la programmation orientée objet à partir de diagrammes UML,BGD-STO02,"Expliquer les mécanismes assurant la fiabilité des données (réplication, distribution)",0,0.0533819040
developper-2.1,Implémenter dans un langage de la programmation orientée objet à partir de diagrammes UML,BGD-STO03,Identifier différents types de bases de données adaptées au Big Data,0,0.0756423134
developper-2.1,Implémenter dans un langage de la programmation orientée objet à partir de diagrammes UML,BGD-STO04,"Manipuler des données dans une base NoSQL (requêtes, insertion, modification)",0,0.0661877989
developper-2.1,Implémenter dans un langage de la programmation orientée objet à partir de diagrammes UML,BGD-TRD01,Décrire le principe du traitement de données en mode batch,0,0.0459079516
developper-2.1,Implémenter dans un langage de la programmation orientée objet à partir de diagrammes UML,BGD-TRD02,Expliquer le fonctionnement du modèle MapReduce,0,0.0004708664
developper-2.1,Implémenter dans un langage de la programmation orientée objet à partir de diagrammes UML,BGD-TRD03,Concevoir un traitement distribué à partir d'un problème donné,0,0.1876850770
developper-2.1,Implémenter dans un langage de la programmation orientée objet à partir de diagrammes UML,BGD-TRD04,Identifier les limites des traitements batch pour certaines applications,0,0.0000071439
developper-2.1,Implémenter dans un langage de la programmation orientée objet à partir de diagrammes UML,BGD-TRT01,Expliquer les principes du traitement de données en flux,0,0.0509259017
developper-2.1,Implémenter dans un langage de la programmation orientée objet à partir de diagrammes UML,BGD-TRT02,Comparer les traitements batch et temps réel,0,0.0000468601
developper-2.1,Implémenter dans un langage de la programmation orientée objet à partir de diagrammes UML,BGD-TRT03,"Décrire les étapes d'un traitement de données en temps réel (collecte, traitement, stockage)",0,0.0680917745
developper-2.1,Implémenter dans un langage de la programmation orientée objet à partir de diagrammes UML,BGD-TRT04,Utiliser des outils de traitement de flux pour analyser des données en temps réel,0,0.0783581290
developper-2.1,Implémenter dans un langage de la programmation orientée objet à partir de diagrammes UML,BGD-COL01,Décrire les mécanismes de collecte de données dans un système distribué,0,0.1994401850
developper-2.1,Implémenter dans un langage de la programmation orientée objet à partir de diagrammes UML,BGD-COL02,Expliquer le principe d'échange de données entre producteurs et consommateurs,0,0.0403436048
developper-2.1,Implémenter dans un langage de la programmation orientée objet à partir de diagrammes UML,BGD-COL03,Interagir avec des services permettant d'accéder aux données (API),0,-0.0000457082
developper-2.1,Implémenter dans un langage de la programmation orientée objet à partir de diagrammes UML,BGD-COL04,Mettre à disposition des données via une interface ou un service,0,0.0280408857
developper-2.1,Implémenter dans un langage de la programmation orientée objet à partir de diagrammes UML,BGD-SYS01,Mettre en place un environnement de travail pour le traitement de données,0,0.1133411827
developper-2.1,Implémenter dans un langage de la programmation orientée objet à partir de diagrammes UML,BGD-SYS02,Exécuter des traitements distribués sur un système Big Data,0,0.0281892123
developper-2.1,Implémenter dans un langage de la programmation orientée objet à partir de diagrammes UML,BGD-SYS03,Interpréter les résultats produits par un traitement de données,0,0.0796642198
developper-2.1,Implémenter dans un langage de la programmation orientée objet à partir de diagrammes UML,BGD-PRJ01,Concevoir une architecture répondant à un besoin de traitement de données massives,0,0.1091173905
developper-2.1,Implémenter dans un langage de la programmation orientée objet à partir de diagrammes UML,BGD-PRJ02,Intégrer différents outils dans une chaîne de traitement cohérente,0,0.1157960212
developper-2.1,Implémenter dans un langage de la programmation orientée objet à partir de diagrammes UML,BGD-PRJ03,Exploiter et restituer les résultats d'un traitement de données,0,0.0897422805
developper-2.2,Exploiter une documentation,BGD-CBD01,"Identifier les caractéristiques des données massives (volume, vélocité, variété, véracité)",0,-0.0000314263
developper-2.2,Exploiter une documentation,BGD-CBD02,Expliquer les enjeux liés au traitement de données massives,0,0.0002988481
developper-2.2,Exploiter une documentation,BGD-CBD03,Expliquer les limites des systèmes de gestion de données traditionnels,0,-0.0000934181
developper-2.2,Exploiter une documentation,BGD-ARC01,Décrire l'organisation générale d'un système Big Data,0,0.0000899302
developper-2.2,Exploiter une documentation,BGD-ARC02,"Expliquer le rôle des différentes couches (batch, temps réel, stockage)",0,-0.0007784092
developper-2.2,Exploiter une documentation,BGD-ARC03,"Décrire les étapes de traitement des données (collecte, traitement, stockage)",0,-0.0012906820
developper-2.2,Exploiter une documentation,BGD-STO01,Décrire les principes du stockage distribué des données,0,0.0007815505
developper-2.2,Exploiter une documentation,BGD-STO02,"Expliquer les mécanismes assurant la fiabilité des données (réplication, distribution)",0,0.0000993030
developper-2.2,Exploiter une documentation,BGD-STO03,Identifier différents types de bases de données adaptées au Big Data,0,-0.0001097702
developper-2.2,Exploiter une documentation,BGD-STO04,"Manipuler des données dans une base NoSQL (requêtes, insertion, modification)",1,0.0970688949
developper-2.2,Exploiter une documentation,BGD-TRD01,Décrire le principe du traitement de données en mode batch,0,-0.0006432964
developper-2.2,Exploiter une documentation,BGD-TRD02,Expliquer le fonctionnement du modèle MapReduce,0,0.0005114450
developper-2.2,Exploiter une documentation,BGD-TRD03,Concevoir un traitement distribué à partir d'un problème donné,0,-0.0000888512
developper-2.2,Exploiter une documentation,BGD-TRD04,Identifier les limites des traitements batch pour certaines applications,0,0.0007356735
developper-2.2,Exploiter une documentation,BGD-TRT01,Expliquer les principes du traitement de données en flux,0,-0.0006405721
developper-2.2,Exploiter une documentation,BGD-TRT02,Comparer les traitements batch et temps réel,0,-0.0004721531
developper-2.2,Exploiter une documentation,BGD-TRT03,"Décrire les étapes d'un traitement de données en temps réel (collecte, traitement, stockage)",0,0.0012559482
developper-2.2,Exploiter une documentation,BGD-TRT04,Utiliser des outils de traitement de flux pour analyser des données en temps réel,0,-0.0006055799
developper-2.2,Exploiter une documentation,BGD-COL01,Décrire les mécanismes de collecte de données dans un système distribué,0,0.0000540873
developper-2.2,Exploiter une documentation,BGD-COL02,Expliquer le principe d'échange de données entre producteurs et consommateurs,0,0.0001353419
developper-2.2,Exploiter une documentation,BGD-COL03,Interagir avec des services permettant d'accéder aux données (API),1,0.0000170422
developper-2.2,Exploiter une documentation,BGD-COL04,Mettre à disposition des données via une interface ou un service,0,0.1058031792
developper-2.2,Exploiter une documentation,BGD-SYS01,Mettre en place un environnement de travail pour le traitement de données,0,0.0002062862
developper-2.2,Exploiter une documentation,BGD-SYS02,Exécuter des traitements distribués sur un système Big Data,0,0.0000619767
developper-2.2,Exploiter une documentation,BGD-SYS03,Interpréter les résultats produits par un traitement de données,0,0.0002718894
developper-2.2,Exploiter une documentation,BGD-PRJ01,Concevoir une architecture répondant à un besoin de traitement de données massives,0,0.1065930827
developper-2.2,Exploiter une documentation,BGD-PRJ02,Intégrer différents outils dans une chaîne de traitement cohérente,0,0.1094529720
developper-2.2,Exploiter une documentation,BGD-PRJ03,Exploiter et restituer les résultats d'un traitement de données,0,0.3016990104
developper-3.1,Caractériser et représenter l’information,BGD-CBD01,"Identifier les caractéristiques des données massives (volume, vélocité, variété, véracité)",0,0.0000898720
developper-3.1,Caractériser et représenter l’information,BGD-CBD02,Expliquer les enjeux liés au traitement de données massives,0,-0.0003630999
developper-3.1,Caractériser et représenter l’information,BGD-CBD03,Expliquer les limites des systèmes de gestion de données traditionnels,0,0.0001109511
developper-3.1,Caractériser et représenter l’information,BGD-ARC01,Décrire l'organisation générale d'un système Big Data,0,-0.0001363693
developper-3.1,Caractériser et représenter l’information,BGD-ARC02,"Expliquer le rôle des différentes couches (batch, temps réel, stockage)",0,0.0011629464
developper-3.1,Caractériser et représenter l’information,BGD-ARC03,"Décrire les étapes de traitement des données (collecte, traitement, stockage)",0,-0.0003942301
developper-3.1,Caractériser et représenter l’information,BGD-STO01,Décrire les principes du stockage distribué des données,0,-0.0011888277
developper-3.1,Caractériser et représenter l’information,BGD-STO02,"Expliquer les mécanismes assurant la fiabilité des données (réplication, distribution)",0,-0.0001421906
developper-3.1,Caractériser et représenter l’information,BGD-STO03,Identifier différents types de bases de données adaptées au Big Data,0,0.0000220872
developper-3.1,Caractériser et représenter l’information,BGD-STO04,"Manipuler des données dans une base NoSQL (requêtes, insertion, modification)",0,0.0000034698
developper-3.1,Caractériser et représenter l’information,BGD-TRD01,Décrire le principe du traitement de données en mode batch,0,0.0005586543
developper-3.1,Caractériser et représenter l’information,BGD-TRD02,Expliquer le fonctionnement du modèle MapReduce,0,-0.0015747113
developper-3.1,Caractériser et représenter l’information,BGD-TRD03,Concevoir un traitement distribué à partir d'un problème donné,0,-0.0001241647
developper-3.1,Caractériser et représenter l’information,BGD-TRD04,Identifier les limites des traitements batch pour certaines applications,0,-0.0005100107
developper-3.1,Caractériser et représenter l’information,BGD-TRT01,Expliquer les principes du traitement de données en flux,0,0.0016422046
developper-3.1,Caractériser et représenter l’information,BGD-TRT02,Comparer les traitements batch et temps réel,0,0.0772827733
developper-3.1,Caractériser et représenter l’information,BGD-TRT03,"Décrire les étapes d'un traitement de données en temps réel (collecte, traitement, stockage)",0,0.0005136765
developper-3.1,Caractériser et représenter l’information,BGD-TRT04,Utiliser des outils de traitement de flux pour analyser des données en temps réel,0,-0.0012731246
developper-3.1,Caractériser et représenter l’information,BGD-COL01,Décrire les mécanismes de collecte de données dans un système distribué,0,0.0003172855
developper-3.1,Caractériser et représenter l’information,BGD-COL02,Expliquer le principe d'échange de données entre producteurs et consommateurs,0,0.0606280588
developper-3.1,Caractériser et représenter l’information,BGD-COL03,Interagir avec des services permettant d'accéder aux données (API),0,0.0000824642
developper-3.1,Caractériser et représenter l’information,BGD-COL04,Mettre à disposition des données via une interface ou un service,0,-0.0001135966
developper-3.1,Caractériser et représenter l’information,BGD-SYS01,Mettre en place un environnement de travail pour le traitement de données,0,-0.0003375912
developper-3.1,Caractériser et représenter l’information,BGD-SYS02,Exécuter des traitements distribués sur un système Big Data,0,0.0000169967
developper-3.1,Caractériser et représenter l’information,BGD-SYS03,Interpréter les résultats produits par un traitement de données,0,-0.0000687611
developper-3.1,Caractériser et représenter l’information,BGD-PRJ01,Concevoir une architecture répondant à un besoin de traitement de données massives,0,0.0001744618
developper-3.1,Caractériser et représenter l’information,BGD-PRJ02,Intégrer différents outils dans une chaîne de traitement cohérente,0,0.0001158825
developper-3.1,Caractériser et représenter l’information,BGD-PRJ03,Exploiter et restituer les résultats d'un traitement de données,0,0.0781572400
developper-3.2,Optimiser et sécuriser l’échange de données,BGD-CBD01,"Identifier les caractéristiques des données massives (volume, vélocité, variété, véracité)",0,0.0324933311
developper-3.2,Optimiser et sécuriser l’échange de données,BGD-CBD02,Expliquer les enjeux liés au traitement de données massives,0,0.0764630737
developper-3.2,Optimiser et sécuriser l’échange de données,BGD-CBD03,Expliquer les limites des systèmes de gestion de données traditionnels,0,0.1079752057
developper-3.2,Optimiser et sécuriser l’échange de données,BGD-ARC01,Décrire l'organisation générale d'un système Big Data,0,0.0001029768
developper-3.2,Optimiser et sécuriser l’échange de données,BGD-ARC02,"Expliquer le rôle des différentes couches (batch, temps réel, stockage)",0,0.0004216022
developper-3.2,Optimiser et sécuriser l’échange de données,BGD-ARC03,"Décrire les étapes de traitement des données (collecte, traitement, stockage)",0,0.0770349425
developper-3.2,Optimiser et sécuriser l’échange de données,BGD-STO01,Décrire les principes du stockage distribué des données,0,0.0439249087
developper-3.2,Optimiser et sécuriser l’échange de données,BGD-STO02,"Expliquer les mécanismes assurant la fiabilité des données (réplication, distribution)",0,0.0337789014
developper-3.2,Optimiser et sécuriser l’échange de données,BGD-STO03,Identifier différents types de bases de données adaptées au Big Data,0,0.0924953284
developper-3.2,Optimiser et sécuriser l’échange de données,BGD-STO04,"Manipuler des données dans une base NoSQL (requêtes, insertion, modification)",0,0.0314518453
developper-3.2,Optimiser et sécuriser l’échange de données,BGD-TRD01,Décrire le principe du traitement de données en mode batch,0,0.0754840702
developper-3.2,Optimiser et sécuriser l’échange de données,BGD-TRD02,Expliquer le fonctionnement du modèle MapReduce,0,-0.0003225995
developper-3.2,Optimiser et sécuriser l’échange de données,BGD-TRD03,Concevoir un traitement distribué à partir d'un problème donné,0,0.0000090678
developper-3.2,Optimiser et sécuriser l’échange de données,BGD-TRD04,Identifier les limites des traitements batch pour certaines applications,0,-0.0002450507
developper-3.2,Optimiser et sécuriser l’échange de données,BGD-TRT01,Expliquer les principes du traitement de données en flux,0,0.0850348684
developper-3.2,Optimiser et sécuriser l’échange de données,BGD-TRT02,Comparer les traitements batch et temps réel,0,0.0672105191
developper-3.2,Optimiser et sécuriser l’échange de données,BGD-TRT03,"Décrire les étapes d'un traitement de données en temps réel (collecte, traitement, stockage)",0,0.0658700259
developper-3.2,Optimiser et sécuriser l’échange de données,BGD-TRT04,Utiliser des outils de traitement de flux pour analyser des données en temps réel,0,0.0947179600
developper-3.2,Optimiser et sécuriser l’échange de données,BGD-COL01,Décrire les mécanismes de collecte de données dans un système distribué,0,0.1086372919
developper-3.2,Optimiser et sécuriser l’échange de données,BGD-COL02,Expliquer le principe d'échange de données entre producteurs et consommateurs,1,0.3061529447
developper-3.2,Optimiser et sécuriser l’échange de données,BGD-COL03,Interagir avec des services permettant d'accéder aux données (API),0,0.0318442340
developper-3.2,Optimiser et sécuriser l’échange de données,BGD-COL04,Mettre à disposition des données via une interface ou un service,0,0.0342704036
developper-3.2,Optimiser et sécuriser l’échange de données,BGD-SYS01,Mettre en place un environnement de travail pour le traitement de données,0,0.1026059451
developper-3.2,Optimiser et sécuriser l’échange de données,BGD-SYS02,Exécuter des traitements distribués sur un système Big Data,0,-0.0000674933
developper-3.2,Optimiser et sécuriser l’échange de données,BGD-SYS03,Interpréter les résultats produits par un traitement de données,0,0.0775168717
developper-3.2,Optimiser et sécuriser l’échange de données,BGD-PRJ01,Concevoir une architecture répondant à un besoin de traitement de données massives,0,0.0989236867
developper-3.2,Optimiser et sécuriser l’échange de données,BGD-PRJ02,Intégrer différents outils dans une chaîne de traitement cohérente,0,0.0329639159
developper-3.2,Optimiser et sécuriser l’échange de données,BGD-PRJ03,Exploiter et restituer les résultats d'un traitement de données,0,0.1552426496
developper-3.3,Utiliser et paramétrer des frameworks adaptés,BGD-CBD01,"Identifier les caractéristiques des données massives (volume, vélocité, variété, véracité)",0,0.0361955585
developper-3.3,Utiliser et paramétrer des frameworks adaptés,BGD-CBD02,Expliquer les enjeux liés au traitement de données massives,0,0.0001664533
developper-3.3,Utiliser et paramétrer des frameworks adaptés,BGD-CBD03,Expliquer les limites des systèmes de gestion de données traditionnels,0,0.0421193151
developper-3.3,Utiliser et paramétrer des frameworks adaptés,BGD-ARC01,Décrire l'organisation générale d'un système Big Data,0,0.0002385774
developper-3.3,Utiliser et paramétrer des frameworks adaptés,BGD-ARC02,"Expliquer le rôle des différentes couches (batch, temps réel, stockage)",0,0.0380467595
developper-3.3,Utiliser et paramétrer des frameworks adaptés,BGD-ARC03,"Décrire les étapes de traitement des données (collecte, traitement, stockage)",0,0.0465658283
developper-3.3,Utiliser et paramétrer des frameworks adaptés,BGD-STO01,Décrire les principes du stockage distribué des données,0,0.0498485847
developper-3.3,Utiliser et paramétrer des frameworks adaptés,BGD-STO02,"Expliquer les mécanismes assurant la fiabilité des données (réplication, distribution)",0,0.0377915154
developper-3.3,Utiliser et paramétrer des frameworks adaptés,BGD-STO03,Identifier différents types de bases de données adaptées au Big Data,0,0.0000899418
developper-3.3,Utiliser et paramétrer des frameworks adaptés,BGD-STO04,"Manipuler des données dans une base NoSQL (requêtes, insertion, modification)",1,0.0350796466
developper-3.3,Utiliser et paramétrer des frameworks adaptés,BGD-TRD01,Décrire le principe du traitement de données en mode batch,0,-0.0005134556
developper-3.3,Utiliser et paramétrer des frameworks adaptés,BGD-TRD02,Expliquer le fonctionnement du modèle MapReduce,0,0.0011499417
developper-3.3,Utiliser et paramétrer des frameworks adaptés,BGD-TRD03,Concevoir un traitement distribué à partir d'un problème donné,1,0.0002594411
developper-3.3,Utiliser et paramétrer des frameworks adaptés,BGD-TRD04,Identifier les limites des traitements batch pour certaines applications,0,0.0400027894
developper-3.3,Utiliser et paramétrer des frameworks adaptés,BGD-TRT01,Expliquer les principes du traitement de données en flux,0,-0.0011943580
developper-3.3,Utiliser et paramétrer des frameworks adaptés,BGD-TRT02,Comparer les traitements batch et temps réel,0,0.0649014948
developper-3.3,Utiliser et paramétrer des frameworks adaptés,BGD-TRT03,"Décrire les étapes d'un traitement de données en temps réel (collecte, traitement, stockage)",0,-0.0025335264
developper-3.3,Utiliser et paramétrer des frameworks adaptés,BGD-TRT04,Utiliser des outils de traitement de flux pour analyser des données en temps réel,1,0.1644650234
developper-3.3,Utiliser et paramétrer des frameworks adaptés,BGD-COL01,Décrire les mécanismes de collecte de données dans un système distribué,0,-0.0000772245
developper-3.3,Utiliser et paramétrer des frameworks adaptés,BGD-COL02,Expliquer le principe d'échange de données entre producteurs et consommateurs,0,0.0501469893
developper-3.3,Utiliser et paramétrer des frameworks adaptés,BGD-COL03,Interagir avec des services permettant d'accéder aux données (API),0,0.0354253012
developper-3.3,Utiliser et paramétrer des frameworks adaptés,BGD-COL04,Mettre à disposition des données via une interface ou un service,1,0.0382852698
developper-3.3,Utiliser et paramétrer des frameworks adaptés,BGD-SYS01,Mettre en place un environnement de travail pour le traitement de données,0,0.0003099807
developper-3.3,Utiliser et paramétrer des frameworks adaptés,BGD-SYS02,Exécuter des traitements distribués sur un système Big Data,1,0.0382564041
developper-3.3,Utiliser et paramétrer des frameworks adaptés,BGD-SYS03,Interpréter les résultats produits par un traitement de données,0,0.0000402335
developper-3.3,Utiliser et paramétrer des frameworks adaptés,BGD-PRJ01,Concevoir une architecture répondant à un besoin de traitement de données massives,0,-0.0001808565
developper-3.3,Utiliser et paramétrer des frameworks adaptés,BGD-PRJ02,Intégrer différents outils dans une chaîne de traitement cohérente,0,-0.0004516542
developper-3.3,Utiliser et paramétrer des frameworks adaptés,BGD-PRJ03,Exploiter et restituer les résultats d'un traitement de données,0,0.0660248112
developper-4.1,Automatiser les tâches de validation et de déploiement,BGD-CBD01,"Identifier les caractéristiques des données massives (volume, vélocité, variété, véracité)",0,0.0286132521
developper-4.1,Automatiser les tâches de validation et de déploiement,BGD-CBD02,Expliquer les enjeux liés au traitement de données massives,0,0.0965903169
developper-4.1,Automatiser les tâches de validation et de déploiement,BGD-CBD03,Expliquer les limites des systèmes de gestion de données traditionnels,0,0.1508276857
developper-4.1,Automatiser les tâches de validation et de déploiement,BGD-ARC01,Décrire l'organisation générale d'un système Big Data,0,0.0000247839
developper-4.1,Automatiser les tâches de validation et de déploiement,BGD-ARC02,"Expliquer le rôle des différentes couches (batch, temps réel, stockage)",0,0.0003725931
developper-4.1,Automatiser les tâches de validation et de déploiement,BGD-ARC03,"Décrire les étapes de traitement des données (collecte, traitement, stockage)",0,0.0970293019
developper-4.1,Automatiser les tâches de validation et de déploiement,BGD-STO01,Décrire les principes du stockage distribué des données,0,0.0386990641
developper-4.1,Automatiser les tâches de validation et de déploiement,BGD-STO02,"Expliquer les mécanismes assurant la fiabilité des données (réplication, distribution)",0,0.0297903987
developper-4.1,Automatiser les tâches de validation et de déploiement,BGD-STO03,Identifier différents types de bases de données adaptées au Big Data,0,0.1007146124
developper-4.1,Automatiser les tâches de validation et de déploiement,BGD-STO04,"Manipuler des données dans une base NoSQL (requêtes, insertion, modification)",0,0.0000031699
developper-4.1,Automatiser les tâches de validation et de déploiement,BGD-TRD01,Décrire le principe du traitement de données en mode batch,0,0.0610818943
developper-4.1,Automatiser les tâches de validation et de déploiement,BGD-TRD02,Expliquer le fonctionnement du modèle MapReduce,0,-0.0003297124
developper-4.1,Automatiser les tâches de validation et de déploiement,BGD-TRD03,Concevoir un traitement distribué à partir d'un problème donné,0,0.0000084992
developper-4.1,Automatiser les tâches de validation et de déploiement,BGD-TRD04,Identifier les limites des traitements batch pour certaines applications,0,0.0314604891
developper-4.1,Automatiser les tâches de validation et de déploiement,BGD-TRT01,Expliquer les principes du traitement de données en flux,0,0.1072735301
developper-4.1,Automatiser les tâches de validation et de déploiement,BGD-TRT02,Comparer les traitements batch et temps réel,0,0.0947884316
developper-4.1,Automatiser les tâches de validation et de déploiement,BGD-TRT03,"Décrire les étapes d'un traitement de données en temps réel (collecte, traitement, stockage)",0,0.0834903683
developper-4.1,Automatiser les tâches de validation et de déploiement,BGD-TRT04,Utiliser des outils de traitement de flux pour analyser des données en temps réel,0,0.1034145433
developper-4.1,Automatiser les tâches de validation et de déploiement,BGD-COL01,Décrire les mécanismes de collecte de données dans un système distribué,0,0.1514839603
developper-4.1,Automatiser les tâches de validation et de déploiement,BGD-COL02,Expliquer le principe d'échange de données entre producteurs et consommateurs,0,0.0975588696
developper-4.1,Automatiser les tâches de validation et de déploiement,BGD-COL03,Interagir avec des services permettant d'accéder aux données (API),0,0.0000227816
developper-4.1,Automatiser les tâches de validation et de déploiement,BGD-COL04,Mettre à disposition des données via une interface ou un service,0,-0.0000185305
developper-4.1,Automatiser les tâches de validation et de déploiement,BGD-SYS01,Mettre en place un environnement de travail pour le traitement de données,0,0.1116770093
developper-4.1,Automatiser les tâches de validation et de déploiement,BGD-SYS02,Exécuter des traitements distribués sur un système Big Data,0,-0.0000269930
developper-4.1,Automatiser les tâches de validation et de déploiement,BGD-SYS03,Interpréter les résultats produits par un traitement de données,0,0.0977612434
developper-4.1,Automatiser les tâches de validation et de déploiement,BGD-PRJ01,Concevoir une architecture répondant à un besoin de traitement de données massives,0,0.1077430132
developper-4.1,Automatiser les tâches de validation et de déploiement,BGD-PRJ02,Intégrer différents outils dans une chaîne de traitement cohérente,0,0.0552355649
developper-4.1,Automatiser les tâches de validation et de déploiement,BGD-PRJ03,Exploiter et restituer les résultats d'un traitement de données,0,0.1668341398
developper-4.2,Mettre en œuvre l’architecture matérielle et logicielle,BGD-CBD01,"Identifier les caractéristiques des données massives (volume, vélocité, variété, véracité)",0,0.0000028005
developper-4.2,Mettre en œuvre l’architecture matérielle et logicielle,BGD-CBD02,Expliquer les enjeux liés au traitement de données massives,0,0.0003153315
developper-4.2,Mettre en œuvre l’architecture matérielle et logicielle,BGD-CBD03,Expliquer les limites des systèmes de gestion de données traditionnels,0,-0.0001112868
developper-4.2,Mettre en œuvre l’architecture matérielle et logicielle,BGD-ARC01,Décrire l'organisation générale d'un système Big Data,0,0.0002409995
developper-4.2,Mettre en œuvre l’architecture matérielle et logicielle,BGD-ARC02,"Expliquer le rôle des différentes couches (batch, temps réel, stockage)",0,-0.0003882993
developper-4.2,Mettre en œuvre l’architecture matérielle et logicielle,BGD-ARC03,"Décrire les étapes de traitement des données (collecte, traitement, stockage)",0,-0.0012659931
developper-4.2,Mettre en œuvre l’architecture matérielle et logicielle,BGD-STO01,Décrire les principes du stockage distribué des données,0,0.0001396145
developper-4.2,Mettre en œuvre l’architecture matérielle et logicielle,BGD-STO02,"Expliquer les mécanismes assurant la fiabilité des données (réplication, distribution)",0,-0.0001030917
developper-4.2,Mettre en œuvre l’architecture matérielle et logicielle,BGD-STO03,Identifier différents types de bases de données adaptées au Big Data,0,-0.0000765360
developper-4.2,Mettre en œuvre l’architecture matérielle et logicielle,BGD-STO04,"Manipuler des données dans une base NoSQL (requêtes, insertion, modification)",0,0.0000597157
developper-4.2,Mettre en œuvre l’architecture matérielle et logicielle,BGD-TRD01,Décrire le principe du traitement de données en mode batch,0,0.0641284526
developper-4.2,Mettre en œuvre l’architecture matérielle et logicielle,BGD-TRD02,Expliquer le fonctionnement du modèle MapReduce,0,-0.0003023042
developper-4.2,Mettre en œuvre l’architecture matérielle et logicielle,BGD-TRD03,Concevoir un traitement distribué à partir d'un problème donné,0,-0.0001263832
developper-4.2,Mettre en œuvre l’architecture matérielle et logicielle,BGD-TRD04,Identifier les limites des traitements batch pour certaines applications,0,0.0006214297
developper-4.2,Mettre en œuvre l’architecture matérielle et logicielle,BGD-TRT01,Expliquer les principes du traitement de données en flux,0,0.0732810794
developper-4.2,Mettre en œuvre l’architecture matérielle et logicielle,BGD-TRT02,Comparer les traitements batch et temps réel,0,0.0551621708
developper-4.2,Mettre en œuvre l’architecture matérielle et logicielle,BGD-TRT03,"Décrire les étapes d'un traitement de données en temps réel (collecte, traitement, stockage)",0,0.0585353859
developper-4.2,Mettre en œuvre l’architecture matérielle et logicielle,BGD-TRT04,Utiliser des outils de traitement de flux pour analyser des données en temps réel,0,0.0534422986
developper-4.2,Mettre en œuvre l’architecture matérielle et logicielle,BGD-COL01,Décrire les mécanismes de collecte de données dans un système distribué,0,0.0007985008
developper-4.2,Mettre en œuvre l’architecture matérielle et logicielle,BGD-COL02,Expliquer le principe d'échange de données entre producteurs et consommateurs,0,0.0433700374
developper-4.2,Mettre en œuvre l’architecture matérielle et logicielle,BGD-COL03,Interagir avec des services permettant d'accéder aux données (API),0,0.0000258576
developper-4.2,Mettre en œuvre l’architecture matérielle et logicielle,BGD-COL04,Mettre à disposition des données via une interface ou un service,0,0.1213860896
developper-4.2,Mettre en œuvre l’architecture matérielle et logicielle,BGD-SYS01,Mettre en place un environnement de travail pour le traitement de données,1,0.1867483864
developper-4.2,Mettre en œuvre l’architecture matérielle et logicielle,BGD-SYS02,Exécuter des traitements distribués sur un système Big Data,1,-0.0000438202
developper-4.2,Mettre en œuvre l’architecture matérielle et logicielle,BGD-SYS03,Interpréter les résultats produits par un traitement de données,0,0.0005737058
developper-4.2,Mettre en œuvre l’architecture matérielle et logicielle,BGD-PRJ01,Concevoir une architecture répondant à un besoin de traitement de données massives,0,0.1358451657
developper-4.2,Mettre en œuvre l’architecture matérielle et logicielle,BGD-PRJ02,Intégrer différents outils dans une chaîne de traitement cohérente,1,-0.0001852511
developper-4.2,Mettre en œuvre l’architecture matérielle et logicielle,BGD-PRJ03,Exploiter et restituer les résultats d'un traitement de données,0,0.0576400628
gerer-1.1,Utiliser une forge pour la gestion des tickets,BGD-CBD01,"Identifier les caractéristiques des données massives (volume, vélocité, variété, véracité)",0,0.0320900294
gerer-1.1,Utiliser une forge pour la gestion des tickets,BGD-CBD02,Expliquer les enjeux liés au traitement de données massives,0,-0.0000189419
gerer-1.1,Utiliser une forge pour la gestion des tickets,BGD-CBD03,Expliquer les limites des systèmes de gestion de données traditionnels,0,0.2110229294
gerer-1.1,Utiliser une forge pour la gestion des tickets,BGD-ARC01,Décrire l'organisation générale d'un système Big Data,0,0.0000330234
gerer-1.1,Utiliser une forge pour la gestion des tickets,BGD-ARC02,"Expliquer le rôle des différentes couches (batch, temps réel, stockage)",0,0.0339355461
gerer-1.1,Utiliser une forge pour la gestion des tickets,BGD-ARC03,"Décrire les étapes de traitement des données (collecte, traitement, stockage)",0,0.0413792638
gerer-1.1,Utiliser une forge pour la gestion des tickets,BGD-STO01,Décrire les principes du stockage distribué des données,0,0.0440149080
gerer-1.1,Utiliser une forge pour la gestion des tickets,BGD-STO02,"Expliquer les mécanismes assurant la fiabilité des données (réplication, distribution)",0,0.1055613732
gerer-1.1,Utiliser une forge pour la gestion des tickets,BGD-STO03,Identifier différents types de bases de données adaptées au Big Data,0,0.0001154053
gerer-1.1,Utiliser une forge pour la gestion des tickets,BGD-STO04,"Manipuler des données dans une base NoSQL (requêtes, insertion, modification)",0,0.0979756172
gerer-1.1,Utiliser une forge pour la gestion des tickets,BGD-TRD01,Décrire le principe du traitement de données en mode batch,0,0.0002365626
gerer-1.1,Utiliser une forge pour la gestion des tickets,BGD-TRD02,Expliquer le fonctionnement du modèle MapReduce,0,0.0010638881
gerer-1.1,Utiliser une forge pour la gestion des tickets,BGD-TRD03,Concevoir un traitement distribué à partir d'un problème donné,0,0.0002523329
gerer-1.1,Utiliser une forge pour la gestion des tickets,BGD-TRD04,Identifier les limites des traitements batch pour certaines applications,0,0.1252561550
gerer-1.1,Utiliser une forge pour la gestion des tickets,BGD-TRT01,Expliquer les principes du traitement de données en flux,0,-0.0009601223
gerer-1.1,Utiliser une forge pour la gestion des tickets,BGD-TRT02,Comparer les traitements batch et temps réel,0,0.0006708053
gerer-1.1,Utiliser une forge pour la gestion des tickets,BGD-TRT03,"Décrire les étapes d'un traitement de données en temps réel (collecte, traitement, stockage)",0,-0.0022617593
gerer-1.1,Utiliser une forge pour la gestion des tickets,BGD-TRT04,Utiliser des outils de traitement de flux pour analyser des données en temps réel,0,0.2294265811
gerer-1.1,Utiliser une forge pour la gestion des tickets,BGD-COL01,Décrire les mécanismes de collecte de données dans un système distribué,0,-0.0004350323
gerer-1.1,Utiliser une forge pour la gestion des tickets,BGD-COL02,Expliquer le principe d'échange de données entre producteurs et consommateurs,0,-0.0000279663
gerer-1.1,Utiliser une forge pour la gestion des tickets,BGD-COL03,Interagir avec des services permettant d'accéder aux données (API),0,0.0314046176
gerer-1.1,Utiliser une forge pour la gestion des tickets,BGD-COL04,Mettre à disposition des données via une interface ou un service,0,0.1065931836
gerer-1.1,Utiliser une forge pour la gestion des tickets,BGD-SYS01,Mettre en place un environnement de travail pour le traitement de données,0,0.0898197017
gerer-1.1,Utiliser une forge pour la gestion des tickets,BGD-SYS02,Exécuter des traitements distribués sur un système Big Data,0,0.0339755654
gerer-1.1,Utiliser une forge pour la gestion des tickets,BGD-SYS03,Interpréter les résultats produits par un traitement de données,0,-0.0002885244
gerer-1.1,Utiliser une forge pour la gestion des tickets,BGD-PRJ01,Concevoir une architecture répondant à un besoin de traitement de données massives,0,0.0735398723
gerer-1.1,Utiliser une forge pour la gestion des tickets,BGD-PRJ02,Intégrer différents outils dans une chaîne de traitement cohérente,0,0.0750529861
gerer-1.1,Utiliser une forge pour la gestion des tickets,BGD-PRJ03,Exploiter et restituer les résultats d'un traitement de données,0,-0.0001485099
gerer-1.2,Utiliser le cycle de développement en V,BGD-CBD01,"Identifier les caractéristiques des données massives (volume, vélocité, variété, véracité)",0,-0.0001716276
gerer-1.2,Utiliser le cycle de développement en V,BGD-CBD02,Expliquer les enjeux liés au traitement de données massives,0,0.0416569738
gerer-1.2,Utiliser le cycle de développement en V,BGD-CBD03,Expliquer les limites des systèmes de gestion de données traditionnels,0,0.0820205065
gerer-1.2,Utiliser le cycle de développement en V,BGD-ARC01,Décrire l'organisation générale d'un système Big Data,0,-0.0033934696
gerer-1.2,Utiliser le cycle de développement en V,BGD-ARC02,"Expliquer le rôle des différentes couches (batch, temps réel, stockage)",0,0.0700747857
gerer-1.2,Utiliser le cycle de développement en V,BGD-ARC03,"Décrire les étapes de traitement des données (collecte, traitement, stockage)",0,0.0460144095
gerer-1.2,Utiliser le cycle de développement en V,BGD-STO01,Décrire les principes du stockage distribué des données,0,-0.0049306689
gerer-1.2,Utiliser le cycle de développement en V,BGD-STO02,"Expliquer les mécanismes assurant la fiabilité des données (réplication, distribution)",0,0.0002885531
gerer-1.2,Utiliser le cycle de développement en V,BGD-STO03,Identifier différents types de bases de données adaptées au Big Data,0,0.0714398131
gerer-1.2,Utiliser le cycle de développement en V,BGD-STO04,"Manipuler des données dans une base NoSQL (requêtes, insertion, modification)",0,-0.0006160632
gerer-1.2,Utiliser le cycle de développement en V,BGD-TRD01,Décrire le principe du traitement de données en mode batch,0,0.2265264003
gerer-1.2,Utiliser le cycle de développement en V,BGD-TRD02,Expliquer le fonctionnement du modèle MapReduce,0,0.0894452722
gerer-1.2,Utiliser le cycle de développement en V,BGD-TRD03,Concevoir un traitement distribué à partir d'un problème donné,0,0.0010010296
gerer-1.2,Utiliser le cycle de développement en V,BGD-TRD04,Identifier les limites des traitements batch pour certaines applications,0,-0.0041977485
gerer-1.2,Utiliser le cycle de développement en V,BGD-TRT01,Expliquer les principes du traitement de données en flux,0,0.1537023535
gerer-1.2,Utiliser le cycle de développement en V,BGD-TRT02,Comparer les traitements batch et temps réel,0,-0.0070007841
gerer-1.2,Utiliser le cycle de développement en V,BGD-TRT03,"Décrire les étapes d'un traitement de données en temps réel (collecte, traitement, stockage)",0,0.1161986700
gerer-1.2,Utiliser le cycle de développement en V,BGD-TRT04,Utiliser des outils de traitement de flux pour analyser des données en temps réel,0,0.2694530997
gerer-1.2,Utiliser le cycle de développement en V,BGD-COL01,Décrire les mécanismes de collecte de données dans un système distribué,0,0.0775677238
gerer-1.2,Utiliser le cycle de développement en V,BGD-COL02,Expliquer le principe d'échange de données entre producteurs et consommateurs,0,0.1048271307
gerer-1.2,Utiliser le cycle de développement en V,BGD-COL03,Interagir avec des services permettant d'accéder aux données (API),0,-0.0005959823
gerer-1.2,Utiliser le cycle de développement en V,BGD-COL04,Mettre à disposition des données via une interface ou un service,0,-0.0031720679
gerer-1.2,Utiliser le cycle de développement en V,BGD-SYS01,Mettre en place un environnement de travail pour le traitement de données,0,0.2305911495
gerer-1.2,Utiliser le cycle de développement en V,BGD-SYS02,Exécuter des traitements distribués sur un système Big Data,0,0.0005978020
gerer-1.2,Utiliser le cycle de développement en V,BGD-SYS03,Interpréter les résultats produits par un traitement de données,0,0.0372697839
gerer-1.2,Utiliser le cycle de développement en V,BGD-PRJ01,Concevoir une architecture répondant à un besoin de traitement de données massives,0,0.0751742595
gerer-1.2,Utiliser le cycle de développement en V,BGD-PRJ02,Intégrer différents outils dans une chaîne de traitement cohérente,0,0.0347792072
gerer-1.2,Utiliser le cycle de développement en V,BGD-PRJ03,Exploiter et restituer les résultats d'un traitement de données,0,0.0366160412
gerer-2.1,Utiliser un framework de tests unitaires,BGD-CBD01,"Identifier les caractéristiques des données massives (volume, vélocité, variété, véracité)",0,-0.0000520114
gerer-2.1,Utiliser un framework de tests unitaires,BGD-CBD02,Expliquer les enjeux liés au traitement de données massives,0,0.0380485317
gerer-2.1,Utiliser un framework de tests unitaires,BGD-CBD03,Expliquer les limites des systèmes de gestion de données traditionnels,0,0.0722592272
gerer-2.1,Utiliser un framework de tests unitaires,BGD-ARC01,Décrire l'organisation générale d'un système Big Data,0,0.0522513784
gerer-2.1,Utiliser un framework de tests unitaires,BGD-ARC02,"Expliquer le rôle des différentes couches (batch, temps réel, stockage)",0,-0.0000404049
gerer-2.1,Utiliser un framework de tests unitaires,BGD-ARC03,"Décrire les étapes de traitement des données (collecte, traitement, stockage)",0,0.0393518532
gerer-2.1,Utiliser un framework de tests unitaires,BGD-STO01,Décrire les principes du stockage distribué des données,0,-0.0006725131
gerer-2.1,Utiliser un framework de tests unitaires,BGD-STO02,"Expliquer les mécanismes assurant la fiabilité des données (réplication, distribution)",0,-0.0001764783
gerer-2.1,Utiliser un framework de tests unitaires,BGD-STO03,Identifier différents types de bases de données adaptées au Big Data,0,0.0621963727
gerer-2.1,Utiliser un framework de tests unitaires,BGD-STO04,"Manipuler des données dans une base NoSQL (requêtes, insertion, modification)",0,-0.0000864268
gerer-2.1,Utiliser un framework de tests unitaires,BGD-TRD01,Décrire le principe du traitement de données en mode batch,0,0.0382216149
gerer-2.1,Utiliser un framework de tests unitaires,BGD-TRD02,Expliquer le fonctionnement du modèle MapReduce,0,0.0002158756
gerer-2.1,Utiliser un framework de tests unitaires,BGD-TRD03,Concevoir un traitement distribué à partir d'un problème donné,0,0.1000982476
gerer-2.1,Utiliser un framework de tests unitaires,BGD-TRD04,Identifier les limites des traitements batch pour certaines applications,0,-0.0005248798
gerer-2.1,Utiliser un framework de tests unitaires,BGD-TRT01,Expliquer les principes du traitement de données en flux,0,0.0424224175
gerer-2.1,Utiliser un framework de tests unitaires,BGD-TRT02,Comparer les traitements batch et temps réel,0,0.0003899682
gerer-2.1,Utiliser un framework de tests unitaires,BGD-TRT03,"Décrire les étapes d'un traitement de données en temps réel (collecte, traitement, stockage)",0,0.0780018501
gerer-2.1,Utiliser un framework de tests unitaires,BGD-TRT04,Utiliser des outils de traitement de flux pour analyser des données en temps réel,0,0.1601486677
gerer-2.1,Utiliser un framework de tests unitaires,BGD-COL01,Décrire les mécanismes de collecte de données dans un système distribué,0,0.1237760613
gerer-2.1,Utiliser un framework de tests unitaires,BGD-COL02,Expliquer le principe d'échange de données entre producteurs et consommateurs,0,0.0329028374
gerer-2.1,Utiliser un framework de tests unitaires,BGD-COL03,Interagir avec des services permettant d'accéder aux données (API),0,-0.0001425343
gerer-2.1,Utiliser un framework de tests unitaires,BGD-COL04,Mettre à disposition des données via une interface ou un service,0,0.0458184930
gerer-2.1,Utiliser un framework de tests unitaires,BGD-SYS01,Mettre en place un environnement de travail pour le traitement de données,0,0.1167787603
gerer-2.1,Utiliser un framework de tests unitaires,BGD-SYS02,Exécuter des traitements distribués sur un système Big Data,0,0.0460929534
gerer-2.1,Utiliser un framework de tests unitaires,BGD-SYS03,Interpréter les résultats produits par un traitement de données,0,0.0919789135
gerer-2.1,Utiliser un framework de tests unitaires,BGD-PRJ01,Concevoir une architecture répondant à un besoin de traitement de données massives,0,0.1124994746
gerer-2.1,Utiliser un framework de tests unitaires,BGD-PRJ02,Intégrer différents outils dans une chaîne de traitement cohérente,0,0.0329543885
gerer-2.1,Utiliser un framework de tests unitaires,BGD-PRJ03,Exploiter et restituer les résultats d'un traitement de données,0,0.1031062787
gerer-2.2,Utiliser un logiciel d’audit de code statique,BGD-CBD01,"Identifier les caractéristiques des données massives (volume, vélocité, variété, véracité)",0,-0.0000013615
gerer-2.2,Utiliser un logiciel d’audit de code statique,BGD-CBD02,Expliquer les enjeux liés au traitement de données massives,0,0.0324289963
gerer-2.2,Utiliser un logiciel d’audit de code statique,BGD-CBD03,Expliquer les limites des systèmes de gestion de données traditionnels,0,0.0617859889
gerer-2.2,Utiliser un logiciel d’audit de code statique,BGD-ARC01,Décrire l'organisation générale d'un système Big Data,0,0.0447693651
gerer-2.2,Utiliser un logiciel d’audit de code statique,BGD-ARC02,"Expliquer le rôle des différentes couches (batch, temps réel, stockage)",0,-0.0000436669
gerer-2.2,Utiliser un logiciel d’audit de code statique,BGD-ARC03,"Décrire les étapes de traitement des données (collecte, traitement, stockage)",0,0.0329163099
gerer-2.2,Utiliser un logiciel d’audit de code statique,BGD-STO01,Décrire les principes du stockage distribué des données,0,0.0004398609
gerer-2.2,Utiliser un logiciel d’audit de code statique,BGD-STO02,"Expliquer les mécanismes assurant la fiabilité des données (réplication, distribution)",0,0.0000869604
gerer-2.2,Utiliser un logiciel d’audit de code statique,BGD-STO03,Identifier différents types de bases de données adaptées au Big Data,0,0.0528661637
gerer-2.2,Utiliser un logiciel d’audit de code statique,BGD-STO04,"Manipuler des données dans une base NoSQL (requêtes, insertion, modification)",0,0.0000083487
gerer-2.2,Utiliser un logiciel d’audit de code statique,BGD-TRD01,Décrire le principe du traitement de données en mode batch,0,0.0318299926
gerer-2.2,Utiliser un logiciel d’audit de code statique,BGD-TRD02,Expliquer le fonctionnement du modèle MapReduce,0,0.0003808262
gerer-2.2,Utiliser un logiciel d’audit de code statique,BGD-TRD03,Concevoir un traitement distribué à partir d'un problème donné,0,0.0853543292
gerer-2.2,Utiliser un logiciel d’audit de code statique,BGD-TRD04,Identifier les limites des traitements batch pour certaines applications,0,0.0000120992
gerer-2.2,Utiliser un logiciel d’audit de code statique,BGD-TRT01,Expliquer les principes du traitement de données en flux,0,0.0353033379
gerer-2.2,Utiliser un logiciel d’audit de code statique,BGD-TRT02,Comparer les traitements batch et temps réel,0,0.0002801765
gerer-2.2,Utiliser un logiciel d’audit de code statique,BGD-TRT03,"Décrire les étapes d'un traitement de données en temps réel (collecte, traitement, stockage)",0,0.0671798866
gerer-2.2,Utiliser un logiciel d’audit de code statique,BGD-TRT04,Utiliser des outils de traitement de flux pour analyser des données en temps réel,0,0.1361218329
gerer-2.2,Utiliser un logiciel d’audit de code statique,BGD-COL01,Décrire les mécanismes de collecte de données dans un système distribué,0,0.1053103563
gerer-2.2,Utiliser un logiciel d’audit de code statique,BGD-COL02,Expliquer le principe d'échange de données entre producteurs et consommateurs,0,0.0283087516
gerer-2.2,Utiliser un logiciel d’audit de code statique,BGD-COL03,Interagir avec des services permettant d'accéder aux données (API),0,0.0000136535
gerer-2.2,Utiliser un logiciel d’audit de code statique,BGD-COL04,Mettre à disposition des données via une interface ou un service,0,0.0393118094
gerer-2.2,Utiliser un logiciel d’audit de code statique,BGD-SYS01,Mettre en place un environnement de travail pour le traitement de données,0,0.0999553442
gerer-2.2,Utiliser un logiciel d’audit de code statique,BGD-SYS02,Exécuter des traitements distribués sur un système Big Data,0,0.0394919240
gerer-2.2,Utiliser un logiciel d’audit de code statique,BGD-SYS03,Interpréter les résultats produits par un traitement de données,0,0.0788884429
gerer-2.2,Utiliser un logiciel d’audit de code statique,BGD-PRJ01,Concevoir une architecture répondant à un besoin de traitement de données massives,0,0.0963590931
gerer-2.2,Utiliser un logiciel d’audit de code statique,BGD-PRJ02,Intégrer différents outils dans une chaîne de traitement cohérente,0,0.0292888504
gerer-2.2,Utiliser un logiciel d’audit de code statique,BGD-PRJ03,Exploiter et restituer les résultats d'un traitement de données,0,0.0888538144
gerer-2.3,Mettre en place des tests de non régression,BGD-CBD01,"Identifier les caractéristiques des données massives (volume, vélocité, variété, véracité)",0,0.0320007131
gerer-2.3,Mettre en place des tests de non régression,BGD-CBD02,Expliquer les enjeux liés au traitement de données massives,0,0.0314999299
gerer-2.3,Mettre en place des tests de non régression,BGD-CBD03,Expliquer les limites des systèmes de gestion de données traditionnels,0,0.0965159054
gerer-2.3,Mettre en place des tests de non régression,BGD-ARC01,Décrire l'organisation générale d'un système Big Data,0,0.0001399109
gerer-2.3,Mettre en place des tests de non régression,BGD-ARC02,"Expliquer le rôle des différentes couches (batch, temps réel, stockage)",0,0.0330822214
gerer-2.3,Mettre en place des tests de non régression,BGD-ARC03,"Décrire les étapes de traitement des données (collecte, traitement, stockage)",0,0.0699864632
gerer-2.3,Mettre en place des tests de non régression,BGD-STO01,Décrire les principes du stockage distribué des données,0,0.0444993298
gerer-2.3,Mettre en place des tests de non régression,BGD-STO02,"Expliquer les mécanismes assurant la fiabilité des données (réplication, distribution)",0,0.0335002368
gerer-2.3,Mettre en place des tests de non régression,BGD-STO03,Identifier différents types de bases de données adaptées au Big Data,0,0.0508109566
gerer-2.3,Mettre en place des tests de non régression,BGD-STO04,"Manipuler des données dans une base NoSQL (requêtes, insertion, modification)",0,0.0310632490
gerer-2.3,Mettre en place des tests de non régression,BGD-TRD01,Décrire le principe du traitement de données en mode batch,0,0.0970183161
gerer-2.3,Mettre en place des tests de non régression,BGD-TRD02,Expliquer le fonctionnement du modèle MapReduce,0,0.0010959626
gerer-2.3,Mettre en place des tests de non régression,BGD-TRD03,Concevoir un traitement distribué à partir d'un problème donné,0,0.0000407397
gerer-2.3,Mettre en place des tests de non régression,BGD-TRD04,Identifier les limites des traitements batch pour certaines applications,0,0.0360330023
gerer-2.3,Mettre en place des tests de non régression,BGD-TRT01,Expliquer les principes du traitement de données en flux,0,0.1081758738
gerer-2.3,Mettre en place des tests de non régression,BGD-TRT02,Comparer les traitements batch et temps réel,0,-0.0000597027
gerer-2.3,Mettre en place des tests de non régression,BGD-TRT03,"Décrire les étapes d'un traitement de données en temps réel (collecte, traitement, stockage)",0,0.0858693423
gerer-2.3,Mettre en place des tests de non régression,BGD-TRT04,Utiliser des outils de traitement de flux pour analyser des données en temps réel,0,0.1748072428
gerer-2.3,Mettre en place des tests de non régression,BGD-COL01,Décrire les mécanismes de collecte de données dans un système distribué,0,0.0595823878
gerer-2.3,Mettre en place des tests de non régression,BGD-COL02,Expliquer le principe d'échange de données entre producteurs et consommateurs,0,0.0272350617
gerer-2.3,Mettre en place des tests de non régression,BGD-COL03,Interagir avec des services permettant d'accéder aux données (API),0,0.0313673983
gerer-2.3,Mettre en place des tests de non régression,BGD-COL04,Mettre à disposition des données via une interface ou un service,0,0.1579305030
gerer-2.3,Mettre en place des tests de non régression,BGD-SYS01,Mettre en place un environnement de travail pour le traitement de données,0,0.4126467404
gerer-2.3,Mettre en place des tests de non régression,BGD-SYS02,Exécuter des traitements distribués sur un système Big Data,0,0.0339883282
gerer-2.3,Mettre en place des tests de non régression,BGD-SYS03,Interpréter les résultats produits par un traitement de données,0,0.0316384660
gerer-2.3,Mettre en place des tests de non régression,BGD-PRJ01,Concevoir une architecture répondant à un besoin de traitement de données massives,0,0.0541384751
gerer-2.3,Mettre en place des tests de non régression,BGD-PRJ02,Intégrer différents outils dans une chaîne de traitement cohérente,0,0.0276350455
gerer-2.3,Mettre en place des tests de non régression,BGD-PRJ03,Exploiter et restituer les résultats d'un traitement de données,0,0.0364683879
gerer-3.1,Utiliser un cycle de développement Agile,BGD-CBD01,"Identifier les caractéristiques des données massives (volume, vélocité, variété, véracité)",0,0.0001095067
gerer-3.1,Utiliser un cycle de développement Agile,BGD-CBD02,Expliquer les enjeux liés au traitement de données massives,0,0.0394567634
gerer-3.1,Utiliser un cycle de développement Agile,BGD-CBD03,Expliquer les limites des systèmes de gestion de données traditionnels,0,0.0723219040
gerer-3.1,Utiliser un cycle de développement Agile,BGD-ARC01,Décrire l'organisation générale d'un système Big Data,0,0.0556722846
gerer-3.1,Utiliser un cycle de développement Agile,BGD-ARC02,"Expliquer le rôle des différentes couches (batch, temps réel, stockage)",0,-0.0012053058
gerer-3.1,Utiliser un cycle de développement Agile,BGD-ARC03,"Décrire les étapes de traitement des données (collecte, traitement, stockage)",0,0.0353518607
gerer-3.1,Utiliser un cycle de développement Agile,BGD-STO01,Décrire les principes du stockage distribué des données,0,0.0048096468
gerer-3.1,Utiliser un cycle de développement Agile,BGD-STO02,"Expliquer les mécanismes assurant la fiabilité des données (réplication, distribution)",0,-0.0001612006
gerer-3.1,Utiliser un cycle de développement Agile,BGD-STO03,Identifier différents types de bases de données adaptées au Big Data,0,0.0610012637
gerer-3.1,Utiliser un cycle de développement Agile,BGD-STO04,"Manipuler des données dans une base NoSQL (requêtes, insertion, modification)",0,0.0005331160
gerer-3.1,Utiliser un cycle de développement Agile,BGD-TRD01,Décrire le principe du traitement de données en mode batch,0,0.0259040783
gerer-3.1,Utiliser un cycle de développement Agile,BGD-TRD02,Expliquer le fonctionnement du modèle MapReduce,0,0.0006973159
gerer-3.1,Utiliser un cycle de développement Agile,BGD-TRD03,Concevoir un traitement distribué à partir d'un problème donné,0,0.0998289636
gerer-3.1,Utiliser un cycle de développement Agile,BGD-TRD04,Identifier les limites des traitements batch pour certaines applications,0,0.0038854501
gerer-3.1,Utiliser un cycle de développement Agile,BGD-TRT01,Expliquer les principes du traitement de données en flux,0,0.0384547767
gerer-3.1,Utiliser un cycle de développement Agile,BGD-TRT02,Comparer les traitements batch et temps réel,0,0.0058895879
gerer-3.1,Utiliser un cycle de développement Agile,BGD-TRT03,"Décrire les étapes d'un traitement de données en temps réel (collecte, traitement, stockage)",0,0.0812569852
gerer-3.1,Utiliser un cycle de développement Agile,BGD-TRT04,Utiliser des outils de traitement de flux pour analyser des données en temps réel,0,0.1494315724
gerer-3.1,Utiliser un cycle de développement Agile,BGD-COL01,Décrire les mécanismes de collecte de données dans un système distribué,0,0.1280240044
gerer-3.1,Utiliser un cycle de développement Agile,BGD-COL02,Expliquer le principe d'échange de données entre producteurs et consommateurs,0,0.0349487485
gerer-3.1,Utiliser un cycle de développement Agile,BGD-COL03,Interagir avec des services permettant d'accéder aux données (API),0,0.0004819498
gerer-3.1,Utiliser un cycle de développement Agile,BGD-COL04,Mettre à disposition des données via une interface ou un service,0,0.0491181643
gerer-3.1,Utiliser un cycle de développement Agile,BGD-SYS01,Mettre en place un environnement de travail pour le traitement de données,0,0.1203251690
gerer-3.1,Utiliser un cycle de développement Agile,BGD-SYS02,Exécuter des traitements distribués sur un système Big Data,0,0.0460860226
gerer-3.1,Utiliser un cycle de développement Agile,BGD-SYS03,Interpréter les résultats produits par un traitement de données,0,0.0981718500
gerer-3.1,Utiliser un cycle de développement Agile,BGD-PRJ01,Concevoir une architecture répondant à un besoin de traitement de données massives,0,0.1130241709
gerer-3.1,Utiliser un cycle de développement Agile,BGD-PRJ02,Intégrer différents outils dans une chaîne de traitement cohérente,0,0.0371168848
gerer-3.1,Utiliser un cycle de développement Agile,BGD-PRJ03,Exploiter et restituer les résultats d'un traitement de données,0,0.1153470752
gerer-3.2,Suivre des procédures,BGD-CBD01,"Identifier les caractéristiques des données massives (volume, vélocité, variété, véracité)",0,0.0489077067
gerer-3.2,Suivre des procédures,BGD-CBD02,Expliquer les enjeux liés au traitement de données massives,0,0.0001140589
gerer-3.2,Suivre des procédures,BGD-CBD03,Expliquer les limites des systèmes de gestion de données traditionnels,0,0.0568868492
gerer-3.2,Suivre des procédures,BGD-ARC01,Décrire l'organisation générale d'un système Big Data,0,0.0000278872
gerer-3.2,Suivre des procédures,BGD-ARC02,"Expliquer le rôle des différentes couches (batch, temps réel, stockage)",0,0.0516142659
gerer-3.2,Suivre des procédures,BGD-ARC03,"Décrire les étapes de traitement des données (collecte, traitement, stockage)",0,0.0604497196
gerer-3.2,Suivre des procédures,BGD-STO01,Décrire les principes du stockage distribué des données,0,0.0668512367
gerer-3.2,Suivre des procédures,BGD-STO02,"Expliquer les mécanismes assurant la fiabilité des données (réplication, distribution)",0,0.0510528979
gerer-3.2,Suivre des procédures,BGD-STO03,Identifier différents types de bases de données adaptées au Big Data,0,0.0000657123
gerer-3.2,Suivre des procédures,BGD-STO04,"Manipuler des données dans une base NoSQL (requêtes, insertion, modification)",0,0.0473933871
gerer-3.2,Suivre des procédures,BGD-TRD01,Décrire le principe du traitement de données en mode batch,0,0.0000246815
gerer-3.2,Suivre des procédures,BGD-TRD02,Expliquer le fonctionnement du modèle MapReduce,0,0.0006648107
gerer-3.2,Suivre des procédures,BGD-TRD03,Concevoir un traitement distribué à partir d'un problème donné,0,0.0001213093
gerer-3.2,Suivre des procédures,BGD-TRD04,Identifier les limites des traitements batch pour certaines applications,0,0.0542665900
gerer-3.2,Suivre des procédures,BGD-TRT01,Expliquer les principes du traitement de données en flux,0,-0.0005305931
gerer-3.2,Suivre des procédures,BGD-TRT02,Comparer les traitements batch et temps réel,0,0.0001779258
gerer-3.2,Suivre des procédures,BGD-TRT03,"Décrire les étapes d'un traitement de données en temps réel (collecte, traitement, stockage)",0,-0.0007730896
gerer-3.2,Suivre des procédures,BGD-TRT04,Utiliser des outils de traitement de flux pour analyser des données en temps réel,0,0.1011375426
gerer-3.2,Suivre des procédures,BGD-COL01,Décrire les mécanismes de collecte de données dans un système distribué,0,-0.0001092139
gerer-3.2,Suivre des procédures,BGD-COL02,Expliquer le principe d'échange de données entre producteurs et consommateurs,0,-0.0000002301
gerer-3.2,Suivre des procédures,BGD-COL03,Interagir avec des services permettant d'accéder aux données (API),0,0.0479200843
gerer-3.2,Suivre des procédures,BGD-COL04,Mettre à disposition des données via une interface ou un service,0,0.0516003667
gerer-3.2,Suivre des procédures,BGD-SYS01,Mettre en place un environnement de travail pour le traitement de données,0,0.0000967692
gerer-3.2,Suivre des procédures,BGD-SYS02,Exécuter des traitements distribués sur un système Big Data,0,0.0518429359
gerer-3.2,Suivre des procédures,BGD-SYS03,Interpréter les résultats produits par un traitement de données,0,-0.0000952139
gerer-3.2,Suivre des procédures,BGD-PRJ01,Concevoir une architecture répondant à un besoin de traitement de données massives,0,-0.0001035372
gerer-3.2,Suivre des procédures,BGD-PRJ02,Intégrer différents outils dans une chaîne de traitement cohérente,0,-0.0003019342
gerer-3.2,Suivre des procédures,BGD-PRJ03,Exploiter et restituer les résultats d'un traitement de données,0,0.0001806534
gerer-3.3,Rédiger des procédures,BGD-CBD01,"Identifier les caractéristiques des données massives (volume, vélocité, variété, véracité)",0,0.0523726625
gerer-3.3,Rédiger des procédures,BGD-CBD02,Expliquer les enjeux liés au traitement de données massives,0,0.0000991811
gerer-3.3,Rédiger des procédures,BGD-CBD03,Expliquer les limites des systèmes de gestion de données traditionnels,0,0.0609123824
gerer-3.3,Rédiger des procédures,BGD-ARC01,Décrire l'organisation générale d'un système Big Data,0,-0.0000126053
gerer-3.3,Rédiger des procédures,BGD-ARC02,"Expliquer le rôle des différentes couches (batch, temps réel, stockage)",0,0.0553415829
gerer-3.3,Rédiger des procédures,BGD-ARC03,"Décrire les étapes de traitement des données (collecte, traitement, stockage)",0,0.0643759619
gerer-3.3,Rédiger des procédures,BGD-STO01,Décrire les principes du stockage distribué des données,0,0.0714425253
gerer-3.3,Rédiger des procédures,BGD-STO02,"Expliquer les mécanismes assurant la fiabilité des données (réplication, distribution)",0,0.0546519221
gerer-3.3,Rédiger des procédures,BGD-STO03,Identifier différents types de bases de données adaptées au Big Data,0,0.0000672843
gerer-3.3,Rédiger des procédures,BGD-STO04,"Manipuler des données dans une base NoSQL (requêtes, insertion, modification)",0,0.0507461971
gerer-3.3,Rédiger des procédures,BGD-TRD01,Décrire le principe du traitement de données en mode batch,0,0.0001391038
gerer-3.3,Rédiger des procédures,BGD-TRD02,Expliquer le fonctionnement du modèle MapReduce,0,0.0004973901
gerer-3.3,Rédiger des procédures,BGD-TRD03,Concevoir un traitement distribué à partir d'un problème donné,0,0.0000937533
gerer-3.3,Rédiger des procédures,BGD-TRD04,Identifier les limites des traitements batch pour certaines applications,0,0.0581133548
gerer-3.3,Rédiger des procédures,BGD-TRT01,Expliquer les principes du traitement de données en flux,0,-0.0003219096
gerer-3.3,Rédiger des procédures,BGD-TRT02,Comparer les traitements batch et temps réel,0,0.0000091272
gerer-3.3,Rédiger des procédures,BGD-TRT03,"Décrire les étapes d'un traitement de données en temps réel (collecte, traitement, stockage)",0,-0.0004475404
gerer-3.3,Rédiger des procédures,BGD-TRT04,Utiliser des outils de traitement de flux pour analyser des données en temps réel,0,0.1080021502
gerer-3.3,Rédiger des procédures,BGD-COL01,Décrire les mécanismes de collecte de données dans un système distribué,0,-0.0000769390
gerer-3.3,Rédiger des procédures,BGD-COL02,Expliquer le principe d'échange de données entre producteurs et consommateurs,0,-0.0000187133
gerer-3.3,Rédiger des procédures,BGD-COL03,Interagir avec des services permettant d'accéder aux données (API),0,0.0513201182
gerer-3.3,Rédiger des procédures,BGD-COL04,Mettre à disposition des données via une interface ou un service,0,0.0552333883
gerer-3.3,Rédiger des procédures,BGD-SYS01,Mettre en place un environnement de travail pour le traitement de données,0,0.0000544957
gerer-3.3,Rédiger des procédures,BGD-SYS02,Exécuter des traitements distribués sur un système Big Data,0,0.0555286486
gerer-3.3,Rédiger des procédures,BGD-SYS03,Interpréter les résultats produits par un traitement de données,0,-0.0001170619
gerer-3.3,Rédiger des procédures,BGD-PRJ01,Concevoir une architecture répondant à un besoin de traitement de données massives,0,-0.0000938641
gerer-3.3,Rédiger des procédures,BGD-PRJ02,Intégrer différents outils dans une chaîne de traitement cohérente,0,-0.0003014899
gerer-3.3,Rédiger des procédures,BGD-PRJ03,Exploiter et restituer les résultats d'un traitement de données,0,0.0000597013
gerer-4.1,Auditer des projets,BGD-CBD01,"Identifier les caractéristiques des données massives (volume, vélocité, variété, véracité)",0,0.0471066561
gerer-4.1,Auditer des projets,BGD-CBD02,Expliquer les enjeux liés au traitement de données massives,0,0.0001660308
gerer-4.1,Auditer des projets,BGD-CBD03,Expliquer les limites des systèmes de gestion de données traditionnels,0,0.0547967900
gerer-4.1,Auditer des projets,BGD-ARC01,Décrire l'organisation générale d'un système Big Data,0,0.0000181963
gerer-4.1,Auditer des projets,BGD-ARC02,"Expliquer le rôle des différentes couches (batch, temps réel, stockage)",0,0.0495491573
gerer-4.1,Auditer des projets,BGD-ARC03,"Décrire les étapes de traitement des données (collecte, traitement, stockage)",0,0.0584961405
gerer-4.1,Auditer des projets,BGD-STO01,Décrire les principes du stockage distribué des données,0,0.0644890711
gerer-4.1,Auditer des projets,BGD-STO02,"Expliquer les mécanismes assurant la fiabilité des données (réplication, distribution)",0,0.0491956668
gerer-4.1,Auditer des projets,BGD-STO03,Identifier différents types de bases de données adaptées au Big Data,0,0.0001006412
gerer-4.1,Auditer des projets,BGD-STO04,"Manipuler des données dans une base NoSQL (requêtes, insertion, modification)",0,0.0456542076
gerer-4.1,Auditer des projets,BGD-TRD01,Décrire le principe du traitement de données en mode batch,0,0.0001055657
gerer-4.1,Auditer des projets,BGD-TRD02,Expliquer le fonctionnement du modèle MapReduce,0,0.0009248626
gerer-4.1,Auditer des projets,BGD-TRD03,Concevoir un traitement distribué à partir d'un problème donné,0,0.0001692413
gerer-4.1,Auditer des projets,BGD-TRD04,Identifier les limites des traitements batch pour certaines applications,0,0.0522852720
gerer-4.1,Auditer des projets,BGD-TRT01,Expliquer les principes du traitement de données en flux,0,-0.0006979225
gerer-4.1,Auditer des projets,BGD-TRT02,Comparer les traitements batch et temps réel,0,0.0001684592
gerer-4.1,Auditer des projets,BGD-TRT03,"Décrire les étapes d'un traitement de données en temps réel (collecte, traitement, stockage)",0,-0.0009876256
gerer-4.1,Auditer des projets,BGD-TRT04,Utiliser des outils de traitement de flux pour analyser des données en temps réel,0,0.0978937127
gerer-4.1,Auditer des projets,BGD-COL01,Décrire les mécanismes de collecte de données dans un système distribué,0,-0.0001539005
gerer-4.1,Auditer des projets,BGD-COL02,Expliquer le principe d'échange de données entre producteurs et consommateurs,0,-0.0000105470
gerer-4.1,Auditer des projets,BGD-COL03,Interagir avec des services permettant d'accéder aux données (API),0,0.0461421470
gerer-4.1,Auditer des projets,BGD-COL04,Mettre à disposition des données via une interface ou un service,0,0.0497026714
gerer-4.1,Auditer des projets,BGD-SYS01,Mettre en place un environnement de travail pour le traitement de données,0,0.0001238801
gerer-4.1,Auditer des projets,BGD-SYS02,Exécuter des traitements distribués sur un système Big Data,0,0.0499429431
gerer-4.1,Auditer des projets,BGD-SYS03,Interpréter les résultats produits par un traitement de données,0,-0.0001596025
gerer-4.1,Auditer des projets,BGD-PRJ01,Concevoir une architecture répondant à un besoin de traitement de données massives,0,-0.0001516004
gerer-4.1,Auditer des projets,BGD-PRJ02,Intégrer différents outils dans une chaîne de traitement cohérente,0,-0.0004572331
gerer-4.1,Auditer des projets,BGD-PRJ03,Exploiter et restituer les résultats d'un traitement de données,0,0.0002074991
gerer-4.2,Passer des audits,BGD-CBD01,"Identifier les caractéristiques des données massives (volume, vélocité, variété, véracité)",0,0.0471066561
gerer-4.2,Passer des audits,BGD-CBD02,Expliquer les enjeux liés au traitement de données massives,0,0.0001660308
gerer-4.2,Passer des audits,BGD-CBD03,Expliquer les limites des systèmes de gestion de données traditionnels,0,0.0547967900
gerer-4.2,Passer des audits,BGD-ARC01,Décrire l'organisation générale d'un système Big Data,0,0.0000181963
gerer-4.2,Passer des audits,BGD-ARC02,"Expliquer le rôle des différentes couches (batch, temps réel, stockage)",0,0.0495491573
gerer-4.2,Passer des audits,BGD-ARC03,"Décrire les étapes de traitement des données (collecte, traitement, stockage)",0,0.0584961405
gerer-4.2,Passer des audits,BGD-STO01,Décrire les principes du stockage distribué des données,0,0.0644890711
gerer-4.2,Passer des audits,BGD-STO02,"Expliquer les mécanismes assurant la fiabilité des données (réplication, distribution)",0,0.0491956668
gerer-4.2,Passer des audits,BGD-STO03,Identifier différents types de bases de données adaptées au Big Data,0,0.0001006412
gerer-4.2,Passer des audits,BGD-STO04,"Manipuler des données dans une base NoSQL (requêtes, insertion, modification)",0,0.0456542076
gerer-4.2,Passer des audits,BGD-TRD01,Décrire le principe du traitement de données en mode batch,0,0.0001055657
gerer-4.2,Passer des audits,BGD-TRD02,Expliquer le fonctionnement du modèle MapReduce,0,0.0009248626
gerer-4.2,Passer des audits,BGD-TRD03,Concevoir un traitement distribué à partir d'un problème donné,0,0.0001692413
gerer-4.2,Passer des audits,BGD-TRD04,Identifier les limites des traitements batch pour certaines applications,0,0.0522852720
gerer-4.2,Passer des audits,BGD-TRT01,Expliquer les principes du traitement de données en flux,0,-0.0006979225
gerer-4.2,Passer des audits,BGD-TRT02,Comparer les traitements batch et temps réel,0,0.0001684592
gerer-4.2,Passer des audits,BGD-TRT03,"Décrire les étapes d'un traitement de données en temps réel (collecte, traitement, stockage)",0,-0.0009876256
gerer-4.2,Passer des audits,BGD-TRT04,Utiliser des outils de traitement de flux pour analyser des données en temps réel,0,0.0978937127
gerer-4.2,Passer des audits,BGD-COL01,Décrire les mécanismes de collecte de données dans un système distribué,0,-0.0001539005
gerer-4.2,Passer des audits,BGD-COL02,Expliquer le principe d'échange de données entre producteurs et consommateurs,0,-0.0000105470
gerer-4.2,Passer des audits,BGD-COL03,Interagir avec des services permettant d'accéder aux données (API),0,0.0461421470
gerer-4.2,Passer des audits,BGD-COL04,Mettre à disposition des données via une interface ou un service,0,0.0497026714
gerer-4.2,Passer des audits,BGD-SYS01,Mettre en place un environnement de travail pour le traitement de données,0,0.0001238801
gerer-4.2,Passer des audits,BGD-SYS02,Exécuter des traitements distribués sur un système Big Data,0,0.0499429431
gerer-4.2,Passer des audits,BGD-SYS03,Interpréter les résultats produits par un traitement de données,0,-0.0001596025
gerer-4.2,Passer des audits,BGD-PRJ01,Concevoir une architecture répondant à un besoin de traitement de données massives,0,-0.0001516004
gerer-4.2,Passer des audits,BGD-PRJ02,Intégrer différents outils dans une chaîne de traitement cohérente,0,-0.0004572331
gerer-4.2,Passer des audits,BGD-PRJ03,Exploiter et restituer les résultats d'un traitement de données,0,0.0002074991
gerer-4.3,Organiser les rôles et les tâches,BGD-CBD01,"Identifier les caractéristiques des données massives (volume, vélocité, variété, véracité)",0,0.0674619388
gerer-4.3,Organiser les rôles et les tâches,BGD-CBD02,Expliquer les enjeux liés au traitement de données massives,0,0.0818196532
gerer-4.3,Organiser les rôles et les tâches,BGD-CBD03,Expliquer les limites des systèmes de gestion de données traditionnels,0,0.0784676746
gerer-4.3,Organiser les rôles et les tâches,BGD-ARC01,Décrire l'organisation générale d'un système Big Data,0,0.0001140828
gerer-4.3,Organiser les rôles et les tâches,BGD-ARC02,"Expliquer le rôle des différentes couches (batch, temps réel, stockage)",0,0.0015473554
gerer-4.3,Organiser les rôles et les tâches,BGD-ARC03,"Décrire les étapes de traitement des données (collecte, traitement, stockage)",0,0.0829207823
gerer-4.3,Organiser les rôles et les tâches,BGD-STO01,Décrire les principes du stockage distribué des données,0,0.0907597476
gerer-4.3,Organiser les rôles et les tâches,BGD-STO02,"Expliquer les mécanismes assurant la fiabilité des données (réplication, distribution)",0,0.0700924083
gerer-4.3,Organiser les rôles et les tâches,BGD-STO03,Identifier différents types de bases de données adaptées au Big Data,0,-0.0000792419
gerer-4.3,Organiser les rôles et les tâches,BGD-STO04,"Manipuler des données dans une base NoSQL (requêtes, insertion, modification)",0,0.0000234331
gerer-4.3,Organiser les rôles et les tâches,BGD-TRD01,Décrire le principe du traitement de données en mode batch,0,-0.0002464383
gerer-4.3,Organiser les rôles et les tâches,BGD-TRD02,Expliquer le fonctionnement du modèle MapReduce,0,-0.0015009870
gerer-4.3,Organiser les rôles et les tâches,BGD-TRD03,Concevoir un traitement distribué à partir d'un problème donné,0,-0.0001054575
gerer-4.3,Organiser les rôles et les tâches,BGD-TRD04,Identifier les limites des traitements batch pour certaines applications,0,0.0740206990
gerer-4.3,Organiser les rôles et les tâches,BGD-TRT01,Expliquer les principes du traitement de données en flux,0,0.0922802195
gerer-4.3,Organiser les rôles et les tâches,BGD-TRT02,Comparer les traitements batch et temps réel,0,0.1578433292
gerer-4.3,Organiser les rôles et les tâches,BGD-TRT03,"Décrire les étapes d'un traitement de données en temps réel (collecte, traitement, stockage)",0,0.0706829794
gerer-4.3,Organiser les rôles et les tâches,BGD-TRT04,Utiliser des outils de traitement de flux pour analyser des données en temps réel,0,-0.0013132525
gerer-4.3,Organiser les rôles et les tâches,BGD-COL01,Décrire les mécanismes de collecte de données dans un système distribué,0,0.0789728450
gerer-4.3,Organiser les rôles et les tâches,BGD-COL02,Expliquer le principe d'échange de données entre producteurs et consommateurs,0,0.0516105638
gerer-4.3,Organiser les rôles et les tâches,BGD-COL03,Interagir avec des services permettant d'accéder aux données (API),0,0.0001248775
gerer-4.3,Organiser les rôles et les tâches,BGD-COL04,Mettre à disposition des données via une interface ou un service,0,0.0000008299
gerer-4.3,Organiser les rôles et les tâches,BGD-SYS01,Mettre en place un environnement de travail pour le traitement de données,0,-0.0002245571
gerer-4.3,Organiser les rôles et les tâches,BGD-SYS02,Exécuter des traitements distribués sur un système Big Data,0,-0.0000677543
gerer-4.3,Organiser les rôles et les tâches,BGD-SYS03,Interpréter les résultats produits par un traitement de données,0,0.0834185246
gerer-4.3,Organiser les rôles et les tâches,BGD-PRJ01,Concevoir une architecture répondant à un besoin de traitement de données massives,0,0.0002846717
gerer-4.3,Organiser les rôles et les tâches,BGD-PRJ02,Intégrer différents outils dans une chaîne de traitement cohérente,0,0.0005632260
gerer-4.3,Organiser les rôles et les tâches,BGD-PRJ03,Exploiter et restituer les résultats d'un traitement de données,0,0.1601529599
communiquer-1.1,Documenter le code à l’aide d’un framework,BGD-CBD01,"Identifier les caractéristiques des données massives (volume, vélocité, variété, véracité)",0,-0.0000317265
communiquer-1.1,Documenter le code à l’aide d’un framework,BGD-CBD02,Expliquer les enjeux liés au traitement de données massives,0,0.0002485630
communiquer-1.1,Documenter le code à l’aide d’un framework,BGD-CBD03,Expliquer les limites des systèmes de gestion de données traditionnels,0,-0.0001076512
communiquer-1.1,Documenter le code à l’aide d’un framework,BGD-ARC01,Décrire l'organisation générale d'un système Big Data,0,0.0488048909
communiquer-1.1,Documenter le code à l’aide d’un framework,BGD-ARC02,"Expliquer le rôle des différentes couches (batch, temps réel, stockage)",0,0.0571329740
communiquer-1.1,Documenter le code à l’aide d’un framework,BGD-ARC03,"Décrire les étapes de traitement des données (collecte, traitement, stockage)",0,-0.0012159618
communiquer-1.1,Documenter le code à l’aide d’un framework,BGD-STO01,Décrire les principes du stockage distribué des données,0,-0.0005831121
communiquer-1.1,Documenter le code à l’aide d’un framework,BGD-STO02,"Expliquer les mécanismes assurant la fiabilité des données (réplication, distribution)",0,-0.0001654977
communiquer-1.1,Documenter le code à l’aide d’un framework,BGD-STO03,Identifier différents types de bases de données adaptées au Big Data,0,0.0001306732
communiquer-1.1,Documenter le code à l’aide d’un framework,BGD-STO04,"Manipuler des données dans une base NoSQL (requêtes, insertion, modification)",0,-0.0000171800
communiquer-1.1,Documenter le code à l’aide d’un framework,BGD-TRD01,Décrire le principe du traitement de données en mode batch,0,0.0658050315
communiquer-1.1,Documenter le code à l’aide d’un framework,BGD-TRD02,Expliquer le fonctionnement du modèle MapReduce,0,0.0739124182
communiquer-1.1,Documenter le code à l’aide d’un framework,BGD-TRD03,Concevoir un traitement distribué à partir d'un problème donné,0,0.0933414685
communiquer-1.1,Documenter le code à l’aide d’un framework,BGD-TRD04,Identifier les limites des traitements batch pour certaines applications,0,0.0002091378
communiquer-1.1,Documenter le code à l’aide d’un framework,BGD-TRT01,Expliquer les principes du traitement de données en flux,0,0.0009096966
communiquer-1.1,Documenter le code à l’aide d’un framework,BGD-TRT02,Comparer les traitements batch et temps réel,0,-0.0006244028
communiquer-1.1,Documenter le code à l’aide d’un framework,BGD-TRT03,"Décrire les étapes d'un traitement de données en temps réel (collecte, traitement, stockage)",0,0.0447060105
communiquer-1.1,Documenter le code à l’aide d’un framework,BGD-TRT04,Utiliser des outils de traitement de flux pour analyser des données en temps réel,0,-0.0006553810
communiquer-1.1,Documenter le code à l’aide d’un framework,BGD-COL01,Décrire les mécanismes de collecte de données dans un système distribué,0,0.0482300110
communiquer-1.1,Documenter le code à l’aide d’un framework,BGD-COL02,Expliquer le principe d'échange de données entre producteurs et consommateurs,0,0.0574889207
communiquer-1.1,Documenter le code à l’aide d’un framework,BGD-COL03,Interagir avec des services permettant d'accéder aux données (API),0,-0.0000659142
communiquer-1.1,Documenter le code à l’aide d’un framework,BGD-COL04,Mettre à disposition des données via une interface ou un service,0,0.0430165330
communiquer-1.1,Documenter le code à l’aide d’un framework,BGD-SYS01,Mettre en place un environnement de travail pour le traitement de données,0,0.1049423151
communiquer-1.1,Documenter le code à l’aide d’un framework,BGD-SYS02,Exécuter des traitements distribués sur un système Big Data,0,0.0432093570
communiquer-1.1,Documenter le code à l’aide d’un framework,BGD-SYS03,Interpréter les résultats produits par un traitement de données,0,0.0503335549
communiquer-1.1,Documenter le code à l’aide d’un framework,BGD-PRJ01,Concevoir une architecture répondant à un besoin de traitement de données massives,0,0.0431479476
communiquer-1.1,Documenter le code à l’aide d’un framework,BGD-PRJ02,Intégrer différents outils dans une chaîne de traitement cohérente,0,-0.0008334322
communiquer-1.1,Documenter le code à l’aide d’un framework,BGD-PRJ03,Exploiter et restituer les résultats d'un traitement de données,0,0.0565454047
communiquer-1.2,Rédiger un rapport cohérent retraçant toutes les étapes du cycle de vie du projet,BGD-CBD01,"Identifier les caractéristiques des données massives (volume, vélocité, variété, véracité)",0,0.0195389146
communiquer-1.2,Rédiger un rapport cohérent retraçant toutes les étapes du cycle de vie du projet,BGD-CBD02,Expliquer les enjeux liés au traitement de données massives,0,0.0447603951
communiquer-1.2,Rédiger un rapport cohérent retraçant toutes les étapes du cycle de vie du projet,BGD-CBD03,Expliquer les limites des systèmes de gestion de données traditionnels,0,0.0627533653
communiquer-1.2,Rédiger un rapport cohérent retraçant toutes les étapes du cycle de vie du projet,BGD-ARC01,Décrire l'organisation générale d'un système Big Data,0,0.0290390096
communiquer-1.2,Rédiger un rapport cohérent retraçant toutes les étapes du cycle de vie du projet,BGD-ARC02,"Expliquer le rôle des différentes couches (batch, temps réel, stockage)",0,0.0004131400
communiquer-1.2,Rédiger un rapport cohérent retraçant toutes les étapes du cycle de vie du projet,BGD-ARC03,"Décrire les étapes de traitement des données (collecte, traitement, stockage)",0,0.1514270598
communiquer-1.2,Rédiger un rapport cohérent retraçant toutes les étapes du cycle de vie du projet,BGD-STO01,Décrire les principes du stockage distribué des données,0,0.1594768616
communiquer-1.2,Rédiger un rapport cohérent retraçant toutes les étapes du cycle de vie du projet,BGD-STO02,"Expliquer les mécanismes assurant la fiabilité des données (réplication, distribution)",0,0.0203201222
communiquer-1.2,Rédiger un rapport cohérent retraçant toutes les étapes du cycle de vie du projet,BGD-STO03,Identifier différents types de bases de données adaptées au Big Data,0,0.0342020428
communiquer-1.2,Rédiger un rapport cohérent retraçant toutes les étapes du cycle de vie du projet,BGD-STO04,"Manipuler des données dans une base NoSQL (requêtes, insertion, modification)",0,0.0000503100
communiquer-1.2,Rédiger un rapport cohérent retraçant toutes les étapes du cycle de vie du projet,BGD-TRD01,Décrire le principe du traitement de données en mode batch,0,0.1386309120
communiquer-1.2,Rédiger un rapport cohérent retraçant toutes les étapes du cycle de vie du projet,BGD-TRD02,Expliquer le fonctionnement du modèle MapReduce,0,0.1332661412
communiquer-1.2,Rédiger un rapport cohérent retraçant toutes les étapes du cycle de vie du projet,BGD-TRD03,Concevoir un traitement distribué à partir d'un problème donné,0,0.0551781908
communiquer-1.2,Rédiger un rapport cohérent retraçant toutes les étapes du cycle de vie du projet,BGD-TRD04,Identifier les limites des traitements batch pour certaines applications,0,0.0217656393
communiquer-1.2,Rédiger un rapport cohérent retraçant toutes les étapes du cycle de vie du projet,BGD-TRT01,Expliquer les principes du traitement de données en flux,0,0.1824682847
communiquer-1.2,Rédiger un rapport cohérent retraçant toutes les étapes du cycle de vie du projet,BGD-TRT02,Comparer les traitements batch et temps réel,0,0.0262935801
communiquer-1.2,Rédiger un rapport cohérent retraçant toutes les étapes du cycle de vie du projet,BGD-TRT03,"Décrire les étapes d'un traitement de données en temps réel (collecte, traitement, stockage)",0,0.1593992191
communiquer-1.2,Rédiger un rapport cohérent retraçant toutes les étapes du cycle de vie du projet,BGD-TRT04,Utiliser des outils de traitement de flux pour analyser des données en temps réel,0,0.0338108640
communiquer-1.2,Rédiger un rapport cohérent retraçant toutes les étapes du cycle de vie du projet,BGD-COL01,Décrire les mécanismes de collecte de données dans un système distribué,0,0.0914273061
communiquer-1.2,Rédiger un rapport cohérent retraçant toutes les étapes du cycle de vie du projet,BGD-COL02,Expliquer le principe d'échange de données entre producteurs et consommateurs,0,0.0183696727
communiquer-1.2,Rédiger un rapport cohérent retraçant toutes les étapes du cycle de vie du projet,BGD-COL03,Interagir avec des services permettant d'accéder aux données (API),0,0.0001013625
communiquer-1.2,Rédiger un rapport cohérent retraçant toutes les étapes du cycle de vie du projet,BGD-COL04,Mettre à disposition des données via une interface ou un service,0,0.0255835297
communiquer-1.2,Rédiger un rapport cohérent retraçant toutes les étapes du cycle de vie du projet,BGD-SYS01,Mettre en place un environnement de travail pour le traitement de données,0,0.0647261932
communiquer-1.2,Rédiger un rapport cohérent retraçant toutes les étapes du cycle de vie du projet,BGD-SYS02,Exécuter des traitements distribués sur un système Big Data,0,0.0256666444
communiquer-1.2,Rédiger un rapport cohérent retraçant toutes les étapes du cycle de vie du projet,BGD-SYS03,Interpréter les résultats produits par un traitement de données,0,0.0754657123
communiquer-1.2,Rédiger un rapport cohérent retraçant toutes les étapes du cycle de vie du projet,BGD-PRJ01,Concevoir une architecture répondant à un besoin de traitement de données massives,0,0.0625768347
communiquer-1.2,Rédiger un rapport cohérent retraçant toutes les étapes du cycle de vie du projet,BGD-PRJ02,Intégrer différents outils dans une chaîne de traitement cohérente,0,0.0192917723
communiquer-1.2,Rédiger un rapport cohérent retraçant toutes les étapes du cycle de vie du projet,BGD-PRJ03,Exploiter et restituer les résultats d'un traitement de données,0,0.0846153116
communiquer-1.3,Représenter les modèles à l’aide de langage formel,BGD-CBD01,"Identifier les caractéristiques des données massives (volume, vélocité, variété, véracité)",0,0.0316345538
communiquer-1.3,Représenter les modèles à l’aide de langage formel,BGD-CBD02,Expliquer les enjeux liés au traitement de données massives,0,0.0728645515
communiquer-1.3,Représenter les modèles à l’aide de langage formel,BGD-CBD03,Expliquer les limites des systèmes de gestion de données traditionnels,0,0.1019022152
communiquer-1.3,Représenter les modèles à l’aide de langage formel,BGD-ARC01,Décrire l'organisation générale d'un système Big Data,0,0.0003067399
communiquer-1.3,Représenter les modèles à l’aide de langage formel,BGD-ARC02,"Expliquer le rôle des différentes couches (batch, temps réel, stockage)",0,0.0000181897
communiquer-1.3,Représenter les modèles à l’aide de langage formel,BGD-ARC03,"Décrire les étapes de traitement des données (collecte, traitement, stockage)",0,0.0753671188
communiquer-1.3,Représenter les modèles à l’aide de langage formel,BGD-STO01,Décrire les principes du stockage distribué des données,0,0.0436494461
communiquer-1.3,Représenter les modèles à l’aide de langage formel,BGD-STO02,"Expliquer les mécanismes assurant la fiabilité des données (réplication, distribution)",0,0.0330390635
communiquer-1.3,Représenter les modèles à l’aide de langage formel,BGD-STO03,Identifier différents types de bases de données adaptées au Big Data,0,0.0557450264
communiquer-1.3,Représenter les modèles à l’aide de langage formel,BGD-STO04,"Manipuler des données dans une base NoSQL (requêtes, insertion, modification)",0,-0.0000111827
communiquer-1.3,Représenter les modèles à l’aide de langage formel,BGD-TRD01,Décrire le principe du traitement de données en mode batch,0,0.0330120111
communiquer-1.3,Représenter les modèles à l’aide de langage formel,BGD-TRD02,Expliquer le fonctionnement du modèle MapReduce,0,0.0007651352
communiquer-1.3,Représenter les modèles à l’aide de langage formel,BGD-TRD03,Concevoir un traitement distribué à partir d'un problème donné,0,0.0002006125
communiquer-1.3,Représenter les modèles à l’aide de langage formel,BGD-TRD04,Identifier les limites des traitements batch pour certaines applications,0,0.0347809589
communiquer-1.3,Représenter les modèles à l’aide de langage formel,BGD-TRT01,Expliquer les principes du traitement de données en flux,0,0.0794731253
communiquer-1.3,Représenter les modèles à l’aide de langage formel,BGD-TRT02,Comparer les traitements batch et temps réel,0,0.0443553697
communiquer-1.3,Représenter les modèles à l’aide de langage formel,BGD-TRT03,"Décrire les étapes d'un traitement de données en temps réel (collecte, traitement, stockage)",0,0.0604182277
communiquer-1.3,Représenter les modèles à l’aide de langage formel,BGD-TRT04,Utiliser des outils de traitement de flux pour analyser des données en temps réel,0,0.0586951715
communiquer-1.3,Représenter les modèles à l’aide de langage formel,BGD-COL01,Décrire les mécanismes de collecte de données dans un système distribué,0,0.1021403808
communiquer-1.3,Représenter les modèles à l’aide de langage formel,BGD-COL02,Expliquer le principe d'échange de données entre producteurs et consommateurs,0,0.0298681407
communiquer-1.3,Représenter les modèles à l’aide de langage formel,BGD-COL03,Interagir avec des services permettant d'accéder aux données (API),0,-0.0000391964
communiquer-1.3,Représenter les modèles à l’aide de langage formel,BGD-COL04,Mettre à disposition des données via une interface ou un service,0,0.0000748243
communiquer-1.3,Représenter les modèles à l’aide de langage formel,BGD-SYS01,Mettre en place un environnement de travail pour le traitement de données,0,0.0620537029
communiquer-1.3,Représenter les modèles à l’aide de langage formel,BGD-SYS02,Exécuter des traitements distribués sur un système Big Data,0,-0.0001665160
communiquer-1.3,Représenter les modèles à l’aide de langage formel,BGD-SYS03,Interpréter les résultats produits par un traitement de données,0,0.0738392661
communiquer-1.3,Représenter les modèles à l’aide de langage formel,BGD-PRJ01,Concevoir une architecture répondant à un besoin de traitement de données massives,0,0.0596123745
communiquer-1.3,Représenter les modèles à l’aide de langage formel,BGD-PRJ02,Intégrer différents outils dans une chaîne de traitement cohérente,0,0.0306228352
communiquer-1.3,Représenter les modèles à l’aide de langage formel,BGD-PRJ03,Exploiter et restituer les résultats d'un traitement de données,0,0.0833849108
communiquer-2.1,Rédiger des supports de présentation,BGD-CBD01,"Identifier les caractéristiques des données massives (volume, vélocité, variété, véracité)",0,0.0397333633
communiquer-2.1,Rédiger des supports de présentation,BGD-CBD02,Expliquer les enjeux liés au traitement de données massives,0,0.0388260968
communiquer-2.1,Rédiger des supports de présentation,BGD-CBD03,Expliquer les limites des systèmes de gestion de données traditionnels,0,0.1199149908
communiquer-2.1,Rédiger des supports de présentation,BGD-ARC01,Décrire l'organisation générale d'un système Big Data,0,0.0000182273
communiquer-2.1,Rédiger des supports de présentation,BGD-ARC02,"Expliquer le rôle des différentes couches (batch, temps réel, stockage)",0,0.0418931255
communiquer-2.1,Rédiger des supports de présentation,BGD-ARC03,"Décrire les étapes de traitement des données (collecte, traitement, stockage)",0,0.0882197631
communiquer-2.1,Rédiger des supports de présentation,BGD-STO01,Décrire les principes du stockage distribué des données,0,0.0543380369
communiquer-2.1,Rédiger des supports de présentation,BGD-STO02,"Expliquer les mécanismes assurant la fiabilité des données (réplication, distribution)",0,0.0414889026
communiquer-2.1,Rédiger des supports de présentation,BGD-STO03,Identifier différents types de bases de données adaptées au Big Data,0,0.0632286316
communiquer-2.1,Rédiger des supports de présentation,BGD-STO04,"Manipuler des données dans une base NoSQL (requêtes, insertion, modification)",0,0.0384983011
communiquer-2.1,Rédiger des supports de présentation,BGD-TRD01,Décrire le principe du traitement de données en mode batch,0,0.0384117141
communiquer-2.1,Rédiger des supports de présentation,BGD-TRD02,Expliquer le fonctionnement du modèle MapReduce,0,0.0007133985
communiquer-2.1,Rédiger des supports de présentation,BGD-TRD03,Concevoir un traitement distribué à partir d'un problème donné,0,0.0001548620
communiquer-2.1,Rédiger des supports de présentation,BGD-TRD04,Identifier les limites des traitements batch pour certaines applications,0,0.0439974318
communiquer-2.1,Rédiger des supports de présentation,BGD-TRT01,Expliquer les principes du traitement de données en flux,0,0.0423079143
communiquer-2.1,Rédiger des supports de présentation,BGD-TRT02,Comparer les traitements batch et temps réel,0,0.0002636822
communiquer-2.1,Rédiger des supports de présentation,BGD-TRT03,"Décrire les étapes d'un traitement de données en temps réel (collecte, traitement, stockage)",0,0.0325640491
communiquer-2.1,Rédiger des supports de présentation,BGD-TRT04,Utiliser des outils de traitement de flux pour analyser des données en temps réel,0,0.1474882160
communiquer-2.1,Rédiger des supports de présentation,BGD-COL01,Décrire les mécanismes de collecte de données dans un système distribué,0,0.0738659985
communiquer-2.1,Rédiger des supports de présentation,BGD-COL02,Expliquer le principe d'échange de données entre producteurs et consommateurs,0,0.0336764011
communiquer-2.1,Rédiger des supports de présentation,BGD-COL03,Interagir avec des services permettant d'accéder aux données (API),0,0.0389150636
communiquer-2.1,Rédiger des supports de présentation,BGD-COL04,Mettre à disposition des données via une interface ou un service,0,0.0418981865
communiquer-2.1,Rédiger des supports de présentation,BGD-SYS01,Mettre en place un environnement de travail pour le traitement de données,0,0.0701308806
communiquer-2.1,Rédiger des supports de présentation,BGD-SYS02,Exécuter des traitements distribués sur un système Big Data,0,0.0421071983
communiquer-2.1,Rédiger des supports de présentation,BGD-SYS03,Interpréter les résultats produits par un traitement de données,0,0.0389923237
communiquer-2.1,Rédiger des supports de présentation,BGD-PRJ01,Concevoir une architecture répondant à un besoin de traitement de données massives,0,0.0674014158
communiquer-2.1,Rédiger des supports de présentation,BGD-PRJ02,Intégrer différents outils dans une chaîne de traitement cohérente,0,0.0342129300
communiquer-2.1,Rédiger des supports de présentation,BGD-PRJ03,Exploiter et restituer les résultats d'un traitement de données,0,0.0440682584
communiquer-2.2,Restituer oralement le travail réalisé,BGD-CBD01,"Identifier les caractéristiques des données massives (volume, vélocité, variété, véracité)",0,-0.0000957115
communiquer-2.2,Restituer oralement le travail réalisé,BGD-CBD02,Expliquer les enjeux liés au traitement de données massives,0,0.0005800420
communiquer-2.2,Restituer oralement le travail réalisé,BGD-CBD03,Expliquer les limites des systèmes de gestion de données traditionnels,0,-0.0001879712
communiquer-2.2,Restituer oralement le travail réalisé,BGD-ARC01,Décrire l'organisation générale d'un système Big Data,0,0.0002129942
communiquer-2.2,Restituer oralement le travail réalisé,BGD-ARC02,"Expliquer le rôle des différentes couches (batch, temps réel, stockage)",0,0.0555971605
communiquer-2.2,Restituer oralement le travail réalisé,BGD-ARC03,"Décrire les étapes de traitement des données (collecte, traitement, stockage)",0,-0.0008066858
communiquer-2.2,Restituer oralement le travail réalisé,BGD-STO01,Décrire les principes du stockage distribué des données,0,0.0013462811
communiquer-2.2,Restituer oralement le travail réalisé,BGD-STO02,"Expliquer les mécanismes assurant la fiabilité des données (réplication, distribution)",0,0.0001143358
communiquer-2.2,Restituer oralement le travail réalisé,BGD-STO03,Identifier différents types de bases de données adaptées au Big Data,0,-0.0000715023
communiquer-2.2,Restituer oralement le travail réalisé,BGD-STO04,"Manipuler des données dans une base NoSQL (requêtes, insertion, modification)",0,0.0000334779
communiquer-2.2,Restituer oralement le travail réalisé,BGD-TRD01,Décrire le principe du traitement de données en mode batch,0,0.0640031890
communiquer-2.2,Restituer oralement le travail réalisé,BGD-TRD02,Expliquer le fonctionnement du modèle MapReduce,0,0.0752149225
communiquer-2.2,Restituer oralement le travail réalisé,BGD-TRD03,Concevoir un traitement distribué à partir d'un problème donné,0,0.0000278759
communiquer-2.2,Restituer oralement le travail réalisé,BGD-TRD04,Identifier les limites des traitements batch pour certaines applications,0,0.0009887061
communiquer-2.2,Restituer oralement le travail réalisé,BGD-TRT01,Expliquer les principes du traitement de données en flux,0,-0.0015137729
communiquer-2.2,Restituer oralement le travail réalisé,BGD-TRT02,Comparer les traitements batch et temps réel,0,-0.0002561746
communiquer-2.2,Restituer oralement le travail réalisé,BGD-TRT03,"Décrire les étapes d'un traitement de données en temps réel (collecte, traitement, stockage)",0,0.0006994230
communiquer-2.2,Restituer oralement le travail réalisé,BGD-TRT04,Utiliser des outils de traitement de flux pour analyser des données en temps réel,0,0.0002461042
communiquer-2.2,Restituer oralement le travail réalisé,BGD-COL01,Décrire les mécanismes de collecte de données dans un système distribué,0,0.0000679297
communiquer-2.2,Restituer oralement le travail réalisé,BGD-COL02,Expliquer le principe d'échange de données entre producteurs et consommateurs,0,0.0574119987
communiquer-2.2,Restituer oralement le travail réalisé,BGD-COL03,Interagir avec des services permettant d'accéder aux données (API),0,-0.0000672198
communiquer-2.2,Restituer oralement le travail réalisé,BGD-COL04,Mettre à disposition des données via une interface ou un service,0,0.0002889357
communiquer-2.2,Restituer oralement le travail réalisé,BGD-SYS01,Mettre en place un environnement de travail pour le traitement de données,0,0.2234256311
communiquer-2.2,Restituer oralement le travail réalisé,BGD-SYS02,Exécuter des traitements distribués sur un système Big Data,0,0.0000032039
communiquer-2.2,Restituer oralement le travail réalisé,BGD-SYS03,Interpréter les résultats produits par un traitement de données,0,0.0003356251
communiquer-2.2,Restituer oralement le travail réalisé,BGD-PRJ01,Concevoir une architecture répondant à un besoin de traitement de données massives,0,-0.0003189219
communiquer-2.2,Restituer oralement le travail réalisé,BGD-PRJ02,Intégrer différents outils dans une chaîne de traitement cohérente,0,-0.0002189410
communiquer-2.2,Restituer oralement le travail réalisé,BGD-PRJ03,Exploiter et restituer les résultats d'un traitement de données,1,0.2355688318
communiquer-2.3,Synthétiser le travail réalisé,BGD-CBD01,"Identifier les caractéristiques des données massives (volume, vélocité, variété, véracité)",0,0.0000490554
communiquer-2.3,Synthétiser le travail réalisé,BGD-CBD02,Expliquer les enjeux liés au traitement de données massives,0,-0.0002015508
communiquer-2.3,Synthétiser le travail réalisé,BGD-CBD03,Expliquer les limites des systèmes de gestion de données traditionnels,0,0.0000809864
communiquer-2.3,Synthétiser le travail réalisé,BGD-ARC01,Décrire l'organisation générale d'un système Big Data,0,-0.0000216317
communiquer-2.3,Synthétiser le travail réalisé,BGD-ARC02,"Expliquer le rôle des différentes couches (batch, temps réel, stockage)",0,0.0656375673
communiquer-2.3,Synthétiser le travail réalisé,BGD-ARC03,"Décrire les étapes de traitement des données (collecte, traitement, stockage)",0,0.0005473381
communiquer-2.3,Synthétiser le travail réalisé,BGD-STO01,Décrire les principes du stockage distribué des données,0,-0.0005429989
communiquer-2.3,Synthétiser le travail réalisé,BGD-STO02,"Expliquer les mécanismes assurant la fiabilité des données (réplication, distribution)",0,-0.0000636414
communiquer-2.3,Synthétiser le travail réalisé,BGD-STO03,Identifier différents types de bases de données adaptées au Big Data,0,0.0000321630
communiquer-2.3,Synthétiser le travail réalisé,BGD-STO04,"Manipuler des données dans une base NoSQL (requêtes, insertion, modification)",0,-0.0000048076
communiquer-2.3,Synthétiser le travail réalisé,BGD-TRD01,Décrire le principe du traitement de données en mode batch,0,0.0742100122
communiquer-2.3,Synthétiser le travail réalisé,BGD-TRD02,Expliquer le fonctionnement du modèle MapReduce,0,0.0832198450
communiquer-2.3,Synthétiser le travail réalisé,BGD-TRD03,Concevoir un traitement distribué à partir d'un problème donné,0,0.0000002339
communiquer-2.3,Synthétiser le travail réalisé,BGD-TRD04,Identifier les limites des traitements batch pour certaines applications,0,-0.0004110609
communiquer-2.3,Synthétiser le travail réalisé,BGD-TRT01,Expliquer les principes du traitement de données en flux,0,0.0006072151
communiquer-2.3,Synthétiser le travail réalisé,BGD-TRT02,Comparer les traitements batch et temps réel,0,0.0003526490
communiquer-2.3,Synthétiser le travail réalisé,BGD-TRT03,"Décrire les étapes d'un traitement de données en temps réel (collecte, traitement, stockage)",0,-0.0005373275
communiquer-2.3,Synthétiser le travail réalisé,BGD-TRT04,Utiliser des outils de traitement de flux pour analyser des données en temps réel,0,-0.0001253817
communiquer-2.3,Synthétiser le travail réalisé,BGD-COL01,Décrire les mécanismes de collecte de données dans un système distribué,0,0.0000991133
communiquer-2.3,Synthétiser le travail réalisé,BGD-COL02,Expliquer le principe d'échange de données entre producteurs et consommateurs,0,0.0650247633
communiquer-2.3,Synthétiser le travail réalisé,BGD-COL03,Interagir avec des services permettant d'accéder aux données (API),0,0.0000269575
communiquer-2.3,Synthétiser le travail réalisé,BGD-COL04,Mettre à disposition des données via une interface ou un service,0,-0.0000584790
communiquer-2.3,Synthétiser le travail réalisé,BGD-SYS01,Mettre en place un environnement de travail pour le traitement de données,0,0.2535376100
communiquer-2.3,Synthétiser le travail réalisé,BGD-SYS02,Exécuter des traitements distribués sur un système Big Data,0,-0.0000295782
communiquer-2.3,Synthétiser le travail réalisé,BGD-SYS03,Interpréter les résultats produits par un traitement de données,0,-0.0000507427
communiquer-2.3,Synthétiser le travail réalisé,BGD-PRJ01,Concevoir une architecture répondant à un besoin de traitement de données massives,0,0.0000815491
communiquer-2.3,Synthétiser le travail réalisé,BGD-PRJ02,Intégrer différents outils dans une chaîne de traitement cohérente,0,0.0000060670
communiquer-2.3,Synthétiser le travail réalisé,BGD-PRJ03,Exploiter et restituer les résultats d'un traitement de données,0,-0.0005840761
communiquer-3.1,Interpréter les résultats dans le contexte du problème,BGD-CBD01,"Identifier les caractéristiques des données massives (volume, vélocité, variété, véracité)",0,0.0300692016
communiquer-3.1,Interpréter les résultats dans le contexte du problème,BGD-CBD02,Expliquer les enjeux liés au traitement de données massives,0,0.0363569211
communiquer-3.1,Interpréter les résultats dans le contexte du problème,BGD-CBD03,Expliquer les limites des systèmes de gestion de données traditionnels,0,0.0348181032
communiquer-3.1,Interpréter les résultats dans le contexte du problème,BGD-ARC01,Décrire l'organisation générale d'un système Big Data,0,0.0005006422
communiquer-3.1,Interpréter les résultats dans le contexte du problème,BGD-ARC02,"Expliquer le rôle des différentes couches (batch, temps réel, stockage)",0,0.0536714849
communiquer-3.1,Interpréter les résultats dans le contexte du problème,BGD-ARC03,"Décrire les étapes de traitement des données (collecte, traitement, stockage)",0,0.0348352617
communiquer-3.1,Interpréter les résultats dans le contexte du problème,BGD-STO01,Décrire les principes du stockage distribué des données,0,0.1419952634
communiquer-3.1,Interpréter les résultats dans le contexte du problème,BGD-STO02,"Expliquer les mécanismes assurant la fiabilité des données (réplication, distribution)",0,0.0309379498
communiquer-3.1,Interpréter les résultats dans le contexte du problème,BGD-STO03,Identifier différents types de bases de données adaptées au Big Data,0,-0.0003105503
communiquer-3.1,Interpréter les résultats dans le contexte du problème,BGD-STO04,"Manipuler des données dans une base NoSQL (requêtes, insertion, modification)",0,0.0923537817
communiquer-3.1,Interpréter les résultats dans le contexte du problème,BGD-TRD01,Décrire le principe du traitement de données en mode batch,0,0.1479741021
communiquer-3.1,Interpréter les résultats dans le contexte du problème,BGD-TRD02,Expliquer le fonctionnement du modèle MapReduce,0,0.1675168743
communiquer-3.1,Interpréter les résultats dans le contexte du problème,BGD-TRD03,Concevoir un traitement distribué à partir d'un problème donné,0,0.1266286555
communiquer-3.1,Interpréter les résultats dans le contexte du problème,BGD-TRD04,Identifier les limites des traitements batch pour certaines applications,0,0.0334470463
communiquer-3.1,Interpréter les résultats dans le contexte du problème,BGD-TRT01,Expliquer les principes du traitement de données en flux,0,0.1436481987
communiquer-3.1,Interpréter les résultats dans le contexte du problème,BGD-TRT02,Comparer les traitements batch et temps réel,0,0.0416772185
communiquer-3.1,Interpréter les résultats dans le contexte du problème,BGD-TRT03,"Décrire les étapes d'un traitement de données en temps réel (collecte, traitement, stockage)",0,0.0331591002
communiquer-3.1,Interpréter les résultats dans le contexte du problème,BGD-TRT04,Utiliser des outils de traitement de flux pour analyser des données en temps réel,0,-0.0048045482
communiquer-3.1,Interpréter les résultats dans le contexte du problème,BGD-COL01,Décrire les mécanismes de collecte de données dans un système distribué,0,0.1475622837
communiquer-3.1,Interpréter les résultats dans le contexte du problème,BGD-COL02,Expliquer le principe d'échange de données entre producteurs et consommateurs,0,0.0525477241
communiquer-3.1,Interpréter les résultats dans le contexte du problème,BGD-COL03,Interagir avec des services permettant d'accéder aux données (API),0,0.0002718182
communiquer-3.1,Interpréter les résultats dans le contexte du problème,BGD-COL04,Mettre à disposition des données via une interface ou un service,0,0.0005548835
communiquer-3.1,Interpréter les résultats dans le contexte du problème,BGD-SYS01,Mettre en place un environnement de travail pour le traitement de données,0,0.0545441981
communiquer-3.1,Interpréter les résultats dans le contexte du problème,BGD-SYS02,Exécuter des traitements distribués sur un système Big Data,0,-0.0000735134
communiquer-3.1,Interpréter les résultats dans le contexte du problème,BGD-SYS03,Interpréter les résultats produits par un traitement de données,1,0.3655531415
communiquer-3.1,Interpréter les résultats dans le contexte du problème,BGD-PRJ01,Concevoir une architecture répondant à un besoin de traitement de données massives,0,0.0000859020
communiquer-3.1,Interpréter les résultats dans le contexte du problème,BGD-PRJ02,Intégrer différents outils dans une chaîne de traitement cohérente,0,0.1046686260
communiquer-3.1,Interpréter les résultats dans le contexte du problème,BGD-PRJ03,Exploiter et restituer les résultats d'un traitement de données,1,0.1965388075
communiquer-3.2,Critiquer les résultats,BGD-CBD01,"Identifier les caractéristiques des données massives (volume, vélocité, variété, véracité)",0,0.0471302520
communiquer-3.2,Critiquer les résultats,BGD-CBD02,Expliquer les enjeux liés au traitement de données massives,0,0.0577136440
communiquer-3.2,Critiquer les résultats,BGD-CBD03,Expliquer les limites des systèmes de gestion de données traditionnels,0,0.0548049682
communiquer-3.2,Critiquer les résultats,BGD-ARC01,Décrire l'organisation générale d'un système Big Data,0,0.0000209276
communiquer-3.2,Critiquer les résultats,BGD-ARC02,"Expliquer le rôle des différentes couches (batch, temps réel, stockage)",0,-0.0002974399
communiquer-3.2,Critiquer les résultats,BGD-ARC03,"Décrire les étapes de traitement des données (collecte, traitement, stockage)",0,0.0573858169
communiquer-3.2,Critiquer les résultats,BGD-STO01,Décrire les principes du stockage distribué des données,0,0.0645545604
communiquer-3.2,Critiquer les résultats,BGD-STO02,"Expliquer les mécanismes assurant la fiabilité des données (réplication, distribution)",0,0.0492313102
communiquer-3.2,Critiquer les résultats,BGD-STO03,Identifier différents types de bases de données adaptées au Big Data,0,-0.0000342114
communiquer-3.2,Critiquer les résultats,BGD-STO04,"Manipuler des données dans une base NoSQL (requêtes, insertion, modification)",0,0.0000033607
communiquer-3.2,Critiquer les résultats,BGD-TRD01,Décrire le principe du traitement de données en mode batch,0,-0.0001466094
communiquer-3.2,Critiquer les résultats,BGD-TRD02,Expliquer le fonctionnement du modèle MapReduce,0,0.0004308670
communiquer-3.2,Critiquer les résultats,BGD-TRD03,Concevoir un traitement distribué à partir d'un problème donné,0,0.0000054890
communiquer-3.2,Critiquer les résultats,BGD-TRD04,Identifier les limites des traitements batch pour certaines applications,1,0.0524896012
communiquer-3.2,Critiquer les résultats,BGD-TRT01,Expliquer les principes du traitement de données en flux,0,0.0633536103
communiquer-3.2,Critiquer les résultats,BGD-TRT02,Comparer les traitements batch et temps réel,1,0.0636761898
communiquer-3.2,Critiquer les résultats,BGD-TRT03,"Décrire les étapes d'un traitement de données en temps réel (collecte, traitement, stockage)",0,0.0501948334
communiquer-3.2,Critiquer les résultats,BGD-TRT04,Utiliser des outils de traitement de flux pour analyser des données en temps réel,0,0.0001979745
communiquer-3.2,Critiquer les résultats,BGD-COL01,Décrire les mécanismes de collecte de données dans un système distribué,0,0.0549385497
communiquer-3.2,Critiquer les résultats,BGD-COL02,Expliquer le principe d'échange de données entre producteurs et consommateurs,0,0.0000464694
communiquer-3.2,Critiquer les résultats,BGD-COL03,Interagir avec des services permettant d'accéder aux données (API),0,-0.0000077746
communiquer-3.2,Critiquer les résultats,BGD-COL04,Mettre à disposition des données via une interface ou un service,0,0.0000261069
communiquer-3.2,Critiquer les résultats,BGD-SYS01,Mettre en place un environnement de travail pour le traitement de données,0,0.0000567711
communiquer-3.2,Critiquer les résultats,BGD-SYS02,Exécuter des traitements distribués sur un système Big Data,0,0.0000193165
communiquer-3.2,Critiquer les résultats,BGD-SYS03,Interpréter les résultats produits par un traitement de données,1,0.2746778608
communiquer-3.2,Critiquer les résultats,BGD-PRJ01,Concevoir une architecture répondant à un besoin de traitement de données massives,0,-0.0000059477
communiquer-3.2,Critiquer les résultats,BGD-PRJ02,Intégrer différents outils dans une chaîne de traitement cohérente,0,0.0001054717
communiquer-3.2,Critiquer les résultats,BGD-PRJ03,Exploiter et restituer les résultats d'un traitement de données,0,0.3089507467
communiquer-3.3,Proposer des perspectives,BGD-CBD01,"Identifier les caractéristiques des données massives (volume, vélocité, variété, véracité)",0,0.0471066561
communiquer-3.3,Proposer des perspectives,BGD-CBD02,Expliquer les enjeux liés au traitement de données massives,0,0.0001660308
communiquer-3.3,Proposer des perspectives,BGD-CBD03,Expliquer les limites des systèmes de gestion de données traditionnels,0,0.0547967900
communiquer-3.3,Proposer des perspectives,BGD-ARC01,Décrire l'organisation générale d'un système Big Data,0,0.0000181963
communiquer-3.3,Proposer des perspectives,BGD-ARC02,"Expliquer le rôle des différentes couches (batch, temps réel, stockage)",0,0.0495491573
communiquer-3.3,Proposer des perspectives,BGD-ARC03,"Décrire les étapes de traitement des données (collecte, traitement, stockage)",0,0.0584961405
communiquer-3.3,Proposer des perspectives,BGD-STO01,Décrire les principes du stockage distribué des données,0,0.0644890711
communiquer-3.3,Proposer des perspectives,BGD-STO02,"Expliquer les mécanismes assurant la fiabilité des données (réplication, distribution)",0,0.0491956668
communiquer-3.3,Proposer des perspectives,BGD-STO03,Identifier différents types de bases de données adaptées au Big Data,0,0.0001006412
communiquer-3.3,Proposer des perspectives,BGD-STO04,"Manipuler des données dans une base NoSQL (requêtes, insertion, modification)",0,0.0456542076
communiquer-3.3,Proposer des perspectives,BGD-TRD01,Décrire le principe du traitement de données en mode batch,0,0.0001055657
communiquer-3.3,Proposer des perspectives,BGD-TRD02,Expliquer le fonctionnement du modèle MapReduce,0,0.0009248626
communiquer-3.3,Proposer des perspectives,BGD-TRD03,Concevoir un traitement distribué à partir d'un problème donné,0,0.0001692413
communiquer-3.3,Proposer des perspectives,BGD-TRD04,Identifier les limites des traitements batch pour certaines applications,0,0.0522852720
communiquer-3.3,Proposer des perspectives,BGD-TRT01,Expliquer les principes du traitement de données en flux,0,-0.0006979225
communiquer-3.3,Proposer des perspectives,BGD-TRT02,Comparer les traitements batch et temps réel,0,0.0001684592
communiquer-3.3,Proposer des perspectives,BGD-TRT03,"Décrire les étapes d'un traitement de données en temps réel (collecte, traitement, stockage)",0,-0.0009876256
communiquer-3.3,Proposer des perspectives,BGD-TRT04,Utiliser des outils de traitement de flux pour analyser des données en temps réel,0,0.0978937127
communiquer-3.3,Proposer des perspectives,BGD-COL01,Décrire les mécanismes de collecte de données dans un système distribué,0,-0.0001539005
communiquer-3.3,Proposer des perspectives,BGD-COL02,Expliquer le principe d'échange de données entre producteurs et consommateurs,0,-0.0000105470
communiquer-3.3,Proposer des perspectives,BGD-COL03,Interagir avec des services permettant d'accéder aux données (API),0,0.0461421470
communiquer-3.3,Proposer des perspectives,BGD-COL04,Mettre à disposition des données via une interface ou un service,0,0.0497026714
communiquer-3.3,Proposer des perspectives,BGD-SYS01,Mettre en place un environnement de travail pour le traitement de données,0,0.0001238801
communiquer-3.3,Proposer des perspectives,BGD-SYS02,Exécuter des traitements distribués sur un système Big Data,0,0.0499429431
communiquer-3.3,Proposer des perspectives,BGD-SYS03,Interpréter les résultats produits par un traitement de données,0,-0.0001596025
communiquer-3.3,Proposer des perspectives,BGD-PRJ01,Concevoir une architecture répondant à un besoin de traitement de données massives,0,-0.0001516004
communiquer-3.3,Proposer des perspectives,BGD-PRJ02,Intégrer différents outils dans une chaîne de traitement cohérente,0,-0.0004572331
communiquer-3.3,Proposer des perspectives,BGD-PRJ03,Exploiter et restituer les résultats d'un traitement de données,0,0.0002074991
communiquer-3.4,Représenter de manière humainement compréhensible (graphiquement) les résultats,BGD-CBD01,"Identifier les caractéristiques des données massives (volume, vélocité, variété, véracité)",0,0.0272972838
communiquer-3.4,Représenter de manière humainement compréhensible (graphiquement) les résultats,BGD-CBD02,Expliquer les enjeux liés au traitement de données massives,0,0.0631983266
communiquer-3.4,Représenter de manière humainement compréhensible (graphiquement) les résultats,BGD-CBD03,Expliquer les limites des systèmes de gestion de données traditionnels,0,0.0879865636
communiquer-3.4,Représenter de manière humainement compréhensible (graphiquement) les résultats,BGD-ARC01,Décrire l'organisation générale d'un système Big Data,0,-0.0000038525
communiquer-3.4,Représenter de manière humainement compréhensible (graphiquement) les résultats,BGD-ARC02,"Expliquer le rôle des différentes couches (batch, temps réel, stockage)",0,-0.0006713014
communiquer-3.4,Représenter de manière humainement compréhensible (graphiquement) les résultats,BGD-ARC03,"Décrire les étapes de traitement des données (collecte, traitement, stockage)",0,0.0629263370
communiquer-3.4,Représenter de manière humainement compréhensible (graphiquement) les résultats,BGD-STO01,Décrire les principes du stockage distribué des données,0,0.0377347668
communiquer-3.4,Représenter de manière humainement compréhensible (graphiquement) les résultats,BGD-STO02,"Expliquer les mécanismes assurant la fiabilité des données (réplication, distribution)",0,0.0285941435
communiquer-3.4,Représenter de manière humainement compréhensible (graphiquement) les résultats,BGD-STO03,Identifier différents types de bases de données adaptées au Big Data,0,0.0482197372
communiquer-3.4,Représenter de manière humainement compréhensible (graphiquement) les résultats,BGD-STO04,"Manipuler des données dans une base NoSQL (requêtes, insertion, modification)",0,-0.0000133359
communiquer-3.4,Représenter de manière humainement compréhensible (graphiquement) les résultats,BGD-TRD01,Décrire le principe du traitement de données en mode batch,0,0.0292189075
communiquer-3.4,Représenter de manière humainement compréhensible (graphiquement) les résultats,BGD-TRD02,Expliquer le fonctionnement du modèle MapReduce,0,0.0008265962
communiquer-3.4,Représenter de manière humainement compréhensible (graphiquement) les résultats,BGD-TRD03,Concevoir un traitement distribué à partir d'un problème donné,0,0.0000776558
communiquer-3.4,Représenter de manière humainement compréhensible (graphiquement) les résultats,BGD-TRD04,Identifier les limites des traitements batch pour certaines applications,0,0.0305772279
communiquer-3.4,Représenter de manière humainement compréhensible (graphiquement) les résultats,BGD-TRT01,Expliquer les principes du traitement de données en flux,0,0.0690193808
communiquer-3.4,Représenter de manière humainement compréhensible (graphiquement) les résultats,BGD-TRT02,Comparer les traitements batch et temps réel,0,0.0367871775
communiquer-3.4,Représenter de manière humainement compréhensible (graphiquement) les résultats,BGD-TRT03,"Décrire les étapes d'un traitement de données en temps réel (collecte, traitement, stockage)",0,0.0546676490
communiquer-3.4,Représenter de manière humainement compréhensible (graphiquement) les résultats,BGD-TRT04,Utiliser des outils de traitement de flux pour analyser des données en temps réel,0,0.0503152121
communiquer-3.4,Représenter de manière humainement compréhensible (graphiquement) les résultats,BGD-COL01,Décrire les mécanismes de collecte de données dans un système distribué,0,0.0882597422
communiquer-3.4,Représenter de manière humainement compréhensible (graphiquement) les résultats,BGD-COL02,Expliquer le principe d'échange de données entre producteurs et consommateurs,0,0.0257469339
communiquer-3.4,Représenter de manière humainement compréhensible (graphiquement) les résultats,BGD-COL03,Interagir avec des services permettant d'accéder aux données (API),0,-0.0000602686
communiquer-3.4,Représenter de manière humainement compréhensible (graphiquement) les résultats,BGD-COL04,Mettre à disposition des données via une interface ou un service,1,0.0000076764
communiquer-3.4,Représenter de manière humainement compréhensible (graphiquement) les résultats,BGD-SYS01,Mettre en place un environnement de travail pour le traitement de données,0,0.0535959238
communiquer-3.4,Représenter de manière humainement compréhensible (graphiquement) les résultats,BGD-SYS02,Exécuter des traitements distribués sur un système Big Data,0,0.0000075926
communiquer-3.4,Représenter de manière humainement compréhensible (graphiquement) les résultats,BGD-SYS03,Interpréter les résultats produits par un traitement de données,0,0.1891172974
communiquer-3.4,Représenter de manière humainement compréhensible (graphiquement) les résultats,BGD-PRJ01,Concevoir une architecture répondant à un besoin de traitement de données massives,0,0.0514117764
communiquer-3.4,Représenter de manière humainement compréhensible (graphiquement) les résultats,BGD-PRJ02,Intégrer différents outils dans une chaîne de traitement cohérente,0,0.0261887071
communiquer-3.4,Représenter de manière humainement compréhensible (graphiquement) les résultats,BGD-PRJ03,Exploiter et restituer les résultats d'un traitement de données,1,0.2130199212
communiquer-4.1,Résumer une méthode de l’état de l’art,BGD-CBD01,"Identifier les caractéristiques des données massives (volume, vélocité, variété, véracité)",0,0.0000365922
communiquer-4.1,Résumer une méthode de l’état de l’art,BGD-CBD02,Expliquer les enjeux liés au traitement de données massives,0,0.0607216421
communiquer-4.1,Résumer une méthode de l’état de l’art,BGD-CBD03,Expliquer les limites des systèmes de gestion de données traditionnels,0,0.1158456921
communiquer-4.1,Résumer une méthode de l’état de l’art,BGD-ARC01,Décrire l'organisation générale d'un système Big Data,0,-0.0000191476
communiquer-4.1,Résumer une méthode de l’état de l’art,BGD-ARC02,"Expliquer le rôle des différentes couches (batch, temps réel, stockage)",0,0.0003802712
communiquer-4.1,Résumer une méthode de l’état de l’art,BGD-ARC03,"Décrire les étapes de traitement des données (collecte, traitement, stockage)",0,0.0607982691
communiquer-4.1,Résumer une méthode de l’état de l’art,BGD-STO01,Décrire les principes du stockage distribué des données,0,-0.0001956294
communiquer-4.1,Résumer une méthode de l’état de l’art,BGD-STO02,"Expliquer les mécanismes assurant la fiabilité des données (réplication, distribution)",0,0.0000052667
communiquer-4.1,Résumer une méthode de l’état de l’art,BGD-STO03,Identifier différents types de bases de données adaptées au Big Data,0,0.0991951353
communiquer-4.1,Résumer une méthode de l’état de l’art,BGD-STO04,"Manipuler des données dans une base NoSQL (requêtes, insertion, modification)",0,0.0650567201
communiquer-4.1,Résumer une méthode de l’état de l’art,BGD-TRD01,Décrire le principe du traitement de données en mode batch,0,0.0602518322
communiquer-4.1,Résumer une méthode de l’état de l’art,BGD-TRD02,Expliquer le fonctionnement du modèle MapReduce,0,-0.0004258256
communiquer-4.1,Résumer une méthode de l’état de l’art,BGD-TRD03,Concevoir un traitement distribué à partir d'un problème donné,0,-0.0000363189
communiquer-4.1,Résumer une méthode de l’état de l’art,BGD-TRD04,Identifier les limites des traitements batch pour certaines applications,0,-0.0001566313
communiquer-4.1,Résumer une méthode de l’état de l’art,BGD-TRT01,Expliquer les principes du traitement de données en flux,0,0.0676696896
communiquer-4.1,Résumer une méthode de l’état de l’art,BGD-TRT02,Comparer les traitements batch et temps réel,0,0.0000951893
communiquer-4.1,Résumer une méthode de l’état de l’art,BGD-TRT03,"Décrire les étapes d'un traitement de données en temps réel (collecte, traitement, stockage)",0,0.0528128362
communiquer-4.1,Résumer une méthode de l’état de l’art,BGD-TRT04,Utiliser des outils de traitement de flux pour analyser des données en temps réel,0,0.1016117208
communiquer-4.1,Résumer une méthode de l’état de l’art,BGD-COL01,Décrire les mécanismes de collecte de données dans un système distribué,0,0.1163035248
communiquer-4.1,Résumer une méthode de l’état de l’art,BGD-COL02,Expliquer le principe d'échange de données entre producteurs et consommateurs,0,0.0529283679
communiquer-4.1,Résumer une méthode de l’état de l’art,BGD-COL03,Interagir avec des services permettant d'accéder aux données (API),0,0.0000415119
communiquer-4.1,Résumer une méthode de l’état de l’art,BGD-COL04,Mettre à disposition des données via une interface ou un service,0,0.0707777025
communiquer-4.1,Résumer une méthode de l’état de l’art,BGD-SYS01,Mettre en place un environnement de travail pour le traitement de données,0,0.1099675283
communiquer-4.1,Résumer une méthode de l’état de l’art,BGD-SYS02,Exécuter des traitements distribués sur un système Big Data,0,0.0000111344
communiquer-4.1,Résumer une méthode de l’état de l’art,BGD-SYS03,Interpréter les résultats produits par un traitement de données,0,0.0615100783
communiquer-4.1,Résumer une méthode de l’état de l’art,BGD-PRJ01,Concevoir une architecture répondant à un besoin de traitement de données massives,0,0.1777131943
communiquer-4.1,Résumer une méthode de l’état de l’art,BGD-PRJ02,Intégrer différents outils dans une chaîne de traitement cohérente,0,0.1277987076
communiquer-4.1,Résumer une méthode de l’état de l’art,BGD-PRJ03,Exploiter et restituer les résultats d'un traitement de données,0,0.0688352093
communiquer-4.2,Adapter son discours au public,BGD-CBD01,"Identifier les caractéristiques des données massives (volume, vélocité, variété, véracité)",0,0.0000392932
communiquer-4.2,Adapter son discours au public,BGD-CBD02,Expliquer les enjeux liés au traitement de données massives,0,0.1116624437
communiquer-4.2,Adapter son discours au public,BGD-CBD03,Expliquer les limites des systèmes de gestion de données traditionnels,0,0.0001201469
communiquer-4.2,Adapter son discours au public,BGD-ARC01,Décrire l'organisation générale d'un système Big Data,0,-0.0001925139
communiquer-4.2,Adapter son discours au public,BGD-ARC02,"Expliquer le rôle des différentes couches (batch, temps réel, stockage)",0,0.0003431136
communiquer-4.2,Adapter son discours au public,BGD-ARC03,"Décrire les étapes de traitement des données (collecte, traitement, stockage)",0,-0.0005841336
communiquer-4.2,Adapter son discours au public,BGD-STO01,Décrire les principes du stockage distribué des données,0,0.0004074574
communiquer-4.2,Adapter son discours au public,BGD-STO02,"Expliquer les mécanismes assurant la fiabilité des données (réplication, distribution)",0,0.0002452686
communiquer-4.2,Adapter son discours au public,BGD-STO03,Identifier différents types de bases de données adaptées au Big Data,0,0.0911109969
communiquer-4.2,Adapter son discours au public,BGD-STO04,"Manipuler des données dans une base NoSQL (requêtes, insertion, modification)",0,0.0000273917
communiquer-4.2,Adapter son discours au public,BGD-TRD01,Décrire le principe du traitement de données en mode batch,0,0.0004382167
communiquer-4.2,Adapter son discours au public,BGD-TRD02,Expliquer le fonctionnement du modèle MapReduce,0,-0.0000813215
communiquer-4.2,Adapter son discours au public,BGD-TRD03,Concevoir un traitement distribué à partir d'un problème donné,0,-0.0001153660
communiquer-4.2,Adapter son discours au public,BGD-TRD04,Identifier les limites des traitements batch pour certaines applications,0,0.0000153693
communiquer-4.2,Adapter son discours au public,BGD-TRT01,Expliquer les principes du traitement de données en flux,0,-0.0003577815
communiquer-4.2,Adapter son discours au public,BGD-TRT02,Comparer les traitements batch et temps réel,0,-0.0006909406
communiquer-4.2,Adapter son discours au public,BGD-TRT03,"Décrire les étapes d'un traitement de données en temps réel (collecte, traitement, stockage)",0,0.0006022727
communiquer-4.2,Adapter son discours au public,BGD-TRT04,Utiliser des outils de traitement de flux pour analyser des données en temps réel,0,0.0000680301
communiquer-4.2,Adapter son discours au public,BGD-COL01,Décrire les mécanismes de collecte de données dans un système distribué,0,-0.0008187557
communiquer-4.2,Adapter son discours au public,BGD-COL02,Expliquer le principe d'échange de données entre producteurs et consommateurs,0,0.0000291125
communiquer-4.2,Adapter son discours au public,BGD-COL03,Interagir avec des services permettant d'accéder aux données (API),0,0.0001101163
communiquer-4.2,Adapter son discours au public,BGD-COL04,Mettre à disposition des données via une interface ou un service,0,-0.0001564849
communiquer-4.2,Adapter son discours au public,BGD-SYS01,Mettre en place un environnement de travail pour le traitement de données,0,-0.0002837890
communiquer-4.2,Adapter son discours au public,BGD-SYS02,Exécuter des traitements distribués sur un système Big Data,0,0.0001728870
communiquer-4.2,Adapter son discours au public,BGD-SYS03,Interpréter les résultats produits par un traitement de données,0,-0.0002105153
communiquer-4.2,Adapter son discours au public,BGD-PRJ01,Concevoir une architecture répondant à un besoin de traitement de données massives,0,0.0003917403
communiquer-4.2,Adapter son discours au public,BGD-PRJ02,Intégrer différents outils dans une chaîne de traitement cohérente,0,0.0010272110
communiquer-4.2,Adapter son discours au public,BGD-PRJ03,Exploiter et restituer les résultats d'un traitement de données,0,-0.0005085736
communiquer-4.3,Organiser la parole au sein d’un groupe,BGD-CBD01,"Identifier les caractéristiques des données massives (volume, vélocité, variété, véracité)",0,-0.0000184167
communiquer-4.3,Organiser la parole au sein d’un groupe,BGD-CBD02,Expliquer les enjeux liés au traitement de données massives,0,0.1059209901
communiquer-4.3,Organiser la parole au sein d’un groupe,BGD-CBD03,Expliquer les limites des systèmes de gestion de données traditionnels,0,-0.0000002576
communiquer-4.3,Organiser la parole au sein d’un groupe,BGD-ARC01,Décrire l'organisation générale d'un système Big Data,0,0.0430748842
communiquer-4.3,Organiser la parole au sein d’un groupe,BGD-ARC02,"Expliquer le rôle des différentes couches (batch, temps réel, stockage)",0,-0.0004119520
communiquer-4.3,Organiser la parole au sein d’un groupe,BGD-ARC03,"Décrire les étapes de traitement des données (collecte, traitement, stockage)",0,-0.0009784048
communiquer-4.3,Organiser la parole au sein d’un groupe,BGD-STO01,Décrire les principes du stockage distribué des données,0,0.0004949070
communiquer-4.3,Organiser la parole au sein d’un groupe,BGD-STO02,"Expliquer les mécanismes assurant la fiabilité des données (réplication, distribution)",0,0.0724298858
communiquer-4.3,Organiser la parole au sein d’un groupe,BGD-STO03,Identifier différents types de bases de données adaptées au Big Data,0,0.0862435036
communiquer-4.3,Organiser la parole au sein d’un groupe,BGD-STO04,"Manipuler des données dans une base NoSQL (requêtes, insertion, modification)",0,0.0000139454
communiquer-4.3,Organiser la parole au sein d’un groupe,BGD-TRD01,Décrire le principe du traitement de données en mode batch,0,0.0003263997
communiquer-4.3,Organiser la parole au sein d’un groupe,BGD-TRD02,Expliquer le fonctionnement du modèle MapReduce,0,0.0003820962
communiquer-4.3,Organiser la parole au sein d’un groupe,BGD-TRD03,Concevoir un traitement distribué à partir d'un problème donné,0,0.0824820461
communiquer-4.3,Organiser la parole au sein d’un groupe,BGD-TRD04,Identifier les limites des traitements batch pour certaines applications,0,0.0003341629
communiquer-4.3,Organiser la parole au sein d’un groupe,BGD-TRT01,Expliquer les principes du traitement de données en flux,0,-0.0004510956
communiquer-4.3,Organiser la parole au sein d’un groupe,BGD-TRT02,Comparer les traitements batch et temps réel,0,-0.0008979630
communiquer-4.3,Organiser la parole au sein d’un groupe,BGD-TRT03,"Décrire les étapes d'un traitement de données en temps réel (collecte, traitement, stockage)",0,0.0393345177
communiquer-4.3,Organiser la parole au sein d’un groupe,BGD-TRT04,Utiliser des outils de traitement de flux pour analyser des données en temps réel,0,0.0002372291
communiquer-4.3,Organiser la parole au sein d’un groupe,BGD-COL01,Décrire les mécanismes de collecte de données dans un système distribué,0,0.0416430802
communiquer-4.3,Organiser la parole au sein d’un groupe,BGD-COL02,Expliquer le principe d'échange de données entre producteurs et consommateurs,0,0.0000226459
communiquer-4.3,Organiser la parole au sein d’un groupe,BGD-COL03,Interagir avec des services permettant d'accéder aux données (API),0,0.0000214829
communiquer-4.3,Organiser la parole au sein d’un groupe,BGD-COL04,Mettre à disposition des données via une interface ou un service,0,0.0379414594
communiquer-4.3,Organiser la parole au sein d’un groupe,BGD-SYS01,Mettre en place un environnement de travail pour le traitement de données,0,0.0397739933
communiquer-4.3,Organiser la parole au sein d’un groupe,BGD-SYS02,Exécuter des traitements distribués sur un système Big Data,0,0.0383366954
communiquer-4.3,Organiser la parole au sein d’un groupe,BGD-SYS03,Interpréter les résultats produits par un traitement de données,0,0.0443641464
communiquer-4.3,Organiser la parole au sein d’un groupe,BGD-PRJ01,Concevoir une architecture répondant à un besoin de traitement de données massives,0,0.0384841384
communiquer-4.3,Organiser la parole au sein d’un groupe,BGD-PRJ02,Intégrer différents outils dans une chaîne de traitement cohérente,0,0.0003194697
communiquer-4.3,Organiser la parole au sein d’un groupe,BGD-PRJ03,Exploiter et restituer les résultats d'un traitement de données,0,0.0500700614
communiquer-4.4,Convaincre son interlocuteur,BGD-CBD01,"Identifier les caractéristiques des données massives (volume, vélocité, variété, véracité)",0,-0.0000116331
communiquer-4.4,Convaincre son interlocuteur,BGD-CBD02,Expliquer les enjeux liés au traitement de données massives,0,0.0000824421
communiquer-4.4,Convaincre son interlocuteur,BGD-CBD03,Expliquer les limites des systèmes de gestion de données traditionnels,0,-0.0000343201
communiquer-4.4,Convaincre son interlocuteur,BGD-ARC01,Décrire l'organisation générale d'un système Big Data,0,0.0000542646
communiquer-4.4,Convaincre son interlocuteur,BGD-ARC02,"Expliquer le rôle des différentes couches (batch, temps réel, stockage)",0,-0.0001051425
communiquer-4.4,Convaincre son interlocuteur,BGD-ARC03,"Décrire les étapes de traitement des données (collecte, traitement, stockage)",0,0.0001594429
communiquer-4.4,Convaincre son interlocuteur,BGD-STO01,Décrire les principes du stockage distribué des données,0,-0.0001019794
communiquer-4.4,Convaincre son interlocuteur,BGD-STO02,"Expliquer les mécanismes assurant la fiabilité des données (réplication, distribution)",0,-0.0000664927
communiquer-4.4,Convaincre son interlocuteur,BGD-STO03,Identifier différents types de bases de données adaptées au Big Data,0,0.0000405889
communiquer-4.4,Convaincre son interlocuteur,BGD-STO04,"Manipuler des données dans une base NoSQL (requêtes, insertion, modification)",0,-0.0000074941
communiquer-4.4,Convaincre son interlocuteur,BGD-TRD01,Décrire le principe du traitement de données en mode batch,0,-0.0001264731
communiquer-4.4,Convaincre son interlocuteur,BGD-TRD02,Expliquer le fonctionnement du modèle MapReduce,0,0.0000353385
communiquer-4.4,Convaincre son interlocuteur,BGD-TRD03,Concevoir un traitement distribué à partir d'un problème donné,0,0.0000324214
communiquer-4.4,Convaincre son interlocuteur,BGD-TRD04,Identifier les limites des traitements batch pour certaines applications,0,0.0000015404
communiquer-4.4,Convaincre son interlocuteur,BGD-TRT01,Expliquer les principes du traitement de données en flux,0,0.0000854679
communiquer-4.4,Convaincre son interlocuteur,BGD-TRT02,Comparer les traitements batch et temps réel,0,0.0001890207
communiquer-4.4,Convaincre son interlocuteur,BGD-TRT03,"Décrire les étapes d'un traitement de données en temps réel (collecte, traitement, stockage)",0,-0.0001653055
communiquer-4.4,Convaincre son interlocuteur,BGD-TRT04,Utiliser des outils de traitement de flux pour analyser des données en temps réel,0,-0.0000119993
communiquer-4.4,Convaincre son interlocuteur,BGD-COL01,Décrire les mécanismes de collecte de données dans un système distribué,0,0.0002238197
communiquer-4.4,Convaincre son interlocuteur,BGD-COL02,Expliquer le principe d'échange de données entre producteurs et consommateurs,0,-0.0000067106
communiquer-4.4,Convaincre son interlocuteur,BGD-COL03,Interagir avec des services permettant d'accéder aux données (API),0,-0.0000309548
communiquer-4.4,Convaincre son interlocuteur,BGD-COL04,Mettre à disposition des données via une interface ou un service,0,0.0000444321
communiquer-4.4,Convaincre son interlocuteur,BGD-SYS01,Mettre en place un environnement de travail pour le traitement de données,0,0.0000809032
communiquer-4.4,Convaincre son interlocuteur,BGD-SYS02,Exécuter des traitements distribués sur un système Big Data,0,-0.0000476373
communiquer-4.4,Convaincre son interlocuteur,BGD-SYS03,Interpréter les résultats produits par un traitement de données,0,0.0000592451
communiquer-4.4,Convaincre son interlocuteur,BGD-PRJ01,Concevoir une architecture répondant à un besoin de traitement de données massives,0,-0.0001095994
communiquer-4.4,Convaincre son interlocuteur,BGD-PRJ02,Intégrer différents outils dans une chaîne de traitement cohérente,0,-0.0002837778
communiquer-4.4,Convaincre son interlocuteur,BGD-PRJ03,Exploiter et restituer les résultats d'un traitement de données,0,0.0001514567
