AC-ID,AC-TITLE,AAD-ID,AAD-TITLE,LABEL,SCORE
specifier-1.1,Décrire les types de données en entrée et sortie de chaque composant,CAPT-Capt01,"Définir et classer les différents types de capteurs en fonction de leurs caractéristiques : actif/passif, nature du mesurande ou du signal de sortie, analogique/numérique/logique, mesure directe/indirecte",1,0.2892242036
specifier-1.1,Décrire les types de données en entrée et sortie de chaque composant,CAPT-Capt02,Décrire les signaux/données d'entrée/sortie,1,0.5583918254
specifier-1.1,Décrire les types de données en entrée et sortie de chaque composant,CAPT-Capt03,Définir les caractéristiques métrologiques des capteurs,1,0.0643790978
specifier-1.1,Décrire les types de données en entrée et sortie de chaque composant,CAPT-Capt04,Caractériser les erreurs de mesures liées aux capteurs.,1,0.0966759682
specifier-1.1,Décrire les types de données en entrée et sortie de chaque composant,CAPT-Capt05,"Interpréter la position dans différents repères de référence (géocentrique, terrestre, local, ENU, NED)",0,0.0663642244
specifier-1.1,Décrire les types de données en entrée et sortie de chaque composant,CAPT-Capt06,Analyser des trames NMEA pour extraire les données utiles,0,0.0916631220
specifier-1.1,Décrire les types de données en entrée et sortie de chaque composant,CAPT-Capt07,"Comparer différentes représentations de l’orientation (angles, matrices)",0,0.0750128743
specifier-1.1,Décrire les types de données en entrée et sortie de chaque composant,CAPT-Capt08,"Décrire les principes physiques (semi-conducteur, laser) associés à des capteurs de perception",0,0.1783011652
specifier-1.1,Décrire les types de données en entrée et sortie de chaque composant,CAPT-Capt09,"Comparer les performances des capteurs (portée, résolution, fréquence)",0,0.0634704480
specifier-1.1,Décrire les types de données en entrée et sortie de chaque composant,CAPT-Capt10,Interpréter les résultats de détection ou de mesure de distance,0,0.1819668961
specifier-1.1,Décrire les types de données en entrée et sortie de chaque composant,CAPT-Capt11,Appliquer un filtrage simple pour réduire le bruit sur un signal mesuré,0,0.0129549742
specifier-1.1,Décrire les types de données en entrée et sortie de chaque composant,CAPT-Capt12,"Synchroniser les données issues de capteurs différents (IMU, GPS)",0,0.1406031997
specifier-1.1,Décrire les types de données en entrée et sortie de chaque composant,CAPT-Capt13,Prétraiter les données pour compenser les dérives ou biais,0,0.1072120058
specifier-1.1,Décrire les types de données en entrée et sortie de chaque composant,CAPT-Capt14,Mettre en œuvre un filtre de Kalman linéaire,0,0.1165083178
specifier-1.1,Décrire les types de données en entrée et sortie de chaque composant,CAPT-Capt15,Présenter les limites du modèle linéaire et expliquer le filtre de Kalman étendu,0,0.1023404982
specifier-1.1,Décrire les types de données en entrée et sortie de chaque composant,CAPT-Capt16,Expliquer les intérêts d’une fusion multi-capteurs pour la robustesse,0,0.0502065763
specifier-1.1,Décrire les types de données en entrée et sortie de chaque composant,CAPT-Capt17,Interpréter les résultats de la fusion dans le contexte de la navigation,0,0.1293412799
specifier-1.1,Décrire les types de données en entrée et sortie de chaque composant,CAPT-Capt18,Utiliser un capteur avec une carte raspberry,0,0.0253614664
specifier-1.1,Décrire les types de données en entrée et sortie de chaque composant,CAPT-Capt19,"Développer un programme python pour utiliser les capteurs ou pour traiter les données (filtre, kalman…)",0,0.0887624228
specifier-1.2,Décomposer et organiser un processus,CAPT-Capt01,"Définir et classer les différents types de capteurs en fonction de leurs caractéristiques : actif/passif, nature du mesurande ou du signal de sortie, analogique/numérique/logique, mesure directe/indirecte",0,0.0521808093
specifier-1.2,Décomposer et organiser un processus,CAPT-Capt02,Décrire les signaux/données d'entrée/sortie,0,0.0339505136
specifier-1.2,Décomposer et organiser un processus,CAPT-Capt03,Définir les caractéristiques métrologiques des capteurs,0,0.0273812294
specifier-1.2,Décomposer et organiser un processus,CAPT-Capt04,Caractériser les erreurs de mesures liées aux capteurs.,0,0.0131487206
specifier-1.2,Décomposer et organiser un processus,CAPT-Capt05,"Interpréter la position dans différents repères de référence (géocentrique, terrestre, local, ENU, NED)",0,0.0253465980
specifier-1.2,Décomposer et organiser un processus,CAPT-Capt06,Analyser des trames NMEA pour extraire les données utiles,0,0.0312338293
specifier-1.2,Décomposer et organiser un processus,CAPT-Capt07,"Comparer différentes représentations de l’orientation (angles, matrices)",0,0.0295733899
specifier-1.2,Décomposer et organiser un processus,CAPT-Capt08,"Décrire les principes physiques (semi-conducteur, laser) associés à des capteurs de perception",0,0.0293428689
specifier-1.2,Décomposer et organiser un processus,CAPT-Capt09,"Comparer les performances des capteurs (portée, résolution, fréquence)",0,0.0295700043
specifier-1.2,Décomposer et organiser un processus,CAPT-Capt10,Interpréter les résultats de détection ou de mesure de distance,0,0.0291434407
specifier-1.2,Décomposer et organiser un processus,CAPT-Capt11,Appliquer un filtrage simple pour réduire le bruit sur un signal mesuré,0,0.1012826103
specifier-1.2,Décomposer et organiser un processus,CAPT-Capt12,"Synchroniser les données issues de capteurs différents (IMU, GPS)",0,0.0266044348
specifier-1.2,Décomposer et organiser un processus,CAPT-Capt13,Prétraiter les données pour compenser les dérives ou biais,0,0.0223288104
specifier-1.2,Décomposer et organiser un processus,CAPT-Capt14,Mettre en œuvre un filtre de Kalman linéaire,0,0.0937368778
specifier-1.2,Décomposer et organiser un processus,CAPT-Capt15,Présenter les limites du modèle linéaire et expliquer le filtre de Kalman étendu,0,0.0705206940
specifier-1.2,Décomposer et organiser un processus,CAPT-Capt16,Expliquer les intérêts d’une fusion multi-capteurs pour la robustesse,0,0.0281420976
specifier-1.2,Décomposer et organiser un processus,CAPT-Capt17,Interpréter les résultats de la fusion dans le contexte de la navigation,0,0.0363627315
specifier-1.2,Décomposer et organiser un processus,CAPT-Capt18,Utiliser un capteur avec une carte raspberry,0,0.0611709310
specifier-1.2,Décomposer et organiser un processus,CAPT-Capt19,"Développer un programme python pour utiliser les capteurs ou pour traiter les données (filtre, kalman…)",0,0.0642622098
specifier-1.3,Utiliser un langage formel,CAPT-Capt01,"Définir et classer les différents types de capteurs en fonction de leurs caractéristiques : actif/passif, nature du mesurande ou du signal de sortie, analogique/numérique/logique, mesure directe/indirecte",0,0.0163807601
specifier-1.3,Utiliser un langage formel,CAPT-Capt02,Décrire les signaux/données d'entrée/sortie,0,0.0341878653
specifier-1.3,Utiliser un langage formel,CAPT-Capt03,Définir les caractéristiques métrologiques des capteurs,0,0.0194135889
specifier-1.3,Utiliser un langage formel,CAPT-Capt04,Caractériser les erreurs de mesures liées aux capteurs.,0,0.0133067757
specifier-1.3,Utiliser un langage formel,CAPT-Capt05,"Interpréter la position dans différents repères de référence (géocentrique, terrestre, local, ENU, NED)",0,0.0256654561
specifier-1.3,Utiliser un langage formel,CAPT-Capt06,Analyser des trames NMEA pour extraire les données utiles,0,0.0154852271
specifier-1.3,Utiliser un langage formel,CAPT-Capt07,"Comparer différentes représentations de l’orientation (angles, matrices)",0,0.0190246865
specifier-1.3,Utiliser un langage formel,CAPT-Capt08,"Décrire les principes physiques (semi-conducteur, laser) associés à des capteurs de perception",0,0.0232809618
specifier-1.3,Utiliser un langage formel,CAPT-Capt09,"Comparer les performances des capteurs (portée, résolution, fréquence)",0,0.0171363324
specifier-1.3,Utiliser un langage formel,CAPT-Capt10,Interpréter les résultats de détection ou de mesure de distance,0,0.0149754390
specifier-1.3,Utiliser un langage formel,CAPT-Capt11,Appliquer un filtrage simple pour réduire le bruit sur un signal mesuré,0,0.1125985960
specifier-1.3,Utiliser un langage formel,CAPT-Capt12,"Synchroniser les données issues de capteurs différents (IMU, GPS)",0,0.0140468880
specifier-1.3,Utiliser un langage formel,CAPT-Capt13,Prétraiter les données pour compenser les dérives ou biais,0,0.0138734460
specifier-1.3,Utiliser un langage formel,CAPT-Capt14,Mettre en œuvre un filtre de Kalman linéaire,0,0.0862475769
specifier-1.3,Utiliser un langage formel,CAPT-Capt15,Présenter les limites du modèle linéaire et expliquer le filtre de Kalman étendu,0,0.0215386182
specifier-1.3,Utiliser un langage formel,CAPT-Capt16,Expliquer les intérêts d’une fusion multi-capteurs pour la robustesse,0,0.0171110555
specifier-1.3,Utiliser un langage formel,CAPT-Capt17,Interpréter les résultats de la fusion dans le contexte de la navigation,0,0.0149359524
specifier-1.3,Utiliser un langage formel,CAPT-Capt18,Utiliser un capteur avec une carte raspberry,0,0.1759099664
specifier-1.3,Utiliser un langage formel,CAPT-Capt19,"Développer un programme python pour utiliser les capteurs ou pour traiter les données (filtre, kalman…)",1,0.1390025052
specifier-2.1,Analyser la demande,CAPT-Capt01,"Définir et classer les différents types de capteurs en fonction de leurs caractéristiques : actif/passif, nature du mesurande ou du signal de sortie, analogique/numérique/logique, mesure directe/indirecte",0,0.0259244978
specifier-2.1,Analyser la demande,CAPT-Capt02,Décrire les signaux/données d'entrée/sortie,0,0.0249755174
specifier-2.1,Analyser la demande,CAPT-Capt03,Définir les caractéristiques métrologiques des capteurs,0,0.0281764418
specifier-2.1,Analyser la demande,CAPT-Capt04,Caractériser les erreurs de mesures liées aux capteurs.,0,0.0215928078
specifier-2.1,Analyser la demande,CAPT-Capt05,"Interpréter la position dans différents repères de référence (géocentrique, terrestre, local, ENU, NED)",1,0.0927164462
specifier-2.1,Analyser la demande,CAPT-Capt06,Analyser des trames NMEA pour extraire les données utiles,0,0.2346873885
specifier-2.1,Analyser la demande,CAPT-Capt07,"Comparer différentes représentations de l’orientation (angles, matrices)",0,0.0250885785
specifier-2.1,Analyser la demande,CAPT-Capt08,"Décrire les principes physiques (semi-conducteur, laser) associés à des capteurs de perception",0,0.0174100488
specifier-2.1,Analyser la demande,CAPT-Capt09,"Comparer les performances des capteurs (portée, résolution, fréquence)",0,0.0268586308
specifier-2.1,Analyser la demande,CAPT-Capt10,Interpréter les résultats de détection ou de mesure de distance,1,0.0349701077
specifier-2.1,Analyser la demande,CAPT-Capt11,Appliquer un filtrage simple pour réduire le bruit sur un signal mesuré,0,0.0098682783
specifier-2.1,Analyser la demande,CAPT-Capt12,"Synchroniser les données issues de capteurs différents (IMU, GPS)",0,0.0182195857
specifier-2.1,Analyser la demande,CAPT-Capt13,Prétraiter les données pour compenser les dérives ou biais,0,0.0233715773
specifier-2.1,Analyser la demande,CAPT-Capt14,Mettre en œuvre un filtre de Kalman linéaire,0,0.0084486730
specifier-2.1,Analyser la demande,CAPT-Capt15,Présenter les limites du modèle linéaire et expliquer le filtre de Kalman étendu,0,0.0123335078
specifier-2.1,Analyser la demande,CAPT-Capt16,Expliquer les intérêts d’une fusion multi-capteurs pour la robustesse,0,0.1031781589
specifier-2.1,Analyser la demande,CAPT-Capt17,Interpréter les résultats de la fusion dans le contexte de la navigation,1,0.1918089040
specifier-2.1,Analyser la demande,CAPT-Capt18,Utiliser un capteur avec une carte raspberry,0,0.0179398164
specifier-2.1,Analyser la demande,CAPT-Capt19,"Développer un programme python pour utiliser les capteurs ou pour traiter les données (filtre, kalman…)",0,0.0160682768
specifier-2.2,Définir des cas d’utilisation,CAPT-Capt01,"Définir et classer les différents types de capteurs en fonction de leurs caractéristiques : actif/passif, nature du mesurande ou du signal de sortie, analogique/numérique/logique, mesure directe/indirecte",0,0.1098521117
specifier-2.2,Définir des cas d’utilisation,CAPT-Capt02,Décrire les signaux/données d'entrée/sortie,0,0.0299986660
specifier-2.2,Définir des cas d’utilisation,CAPT-Capt03,Définir les caractéristiques métrologiques des capteurs,0,0.3004583586
specifier-2.2,Définir des cas d’utilisation,CAPT-Capt04,Caractériser les erreurs de mesures liées aux capteurs.,0,0.0296088070
specifier-2.2,Définir des cas d’utilisation,CAPT-Capt05,"Interpréter la position dans différents repères de référence (géocentrique, terrestre, local, ENU, NED)",0,0.0318192095
specifier-2.2,Définir des cas d’utilisation,CAPT-Capt06,Analyser des trames NMEA pour extraire les données utiles,0,0.0792794466
specifier-2.2,Définir des cas d’utilisation,CAPT-Capt07,"Comparer différentes représentations de l’orientation (angles, matrices)",0,0.0275062114
specifier-2.2,Définir des cas d’utilisation,CAPT-Capt08,"Décrire les principes physiques (semi-conducteur, laser) associés à des capteurs de perception",0,0.0669037182
specifier-2.2,Définir des cas d’utilisation,CAPT-Capt09,"Comparer les performances des capteurs (portée, résolution, fréquence)",0,0.0745238985
specifier-2.2,Définir des cas d’utilisation,CAPT-Capt10,Interpréter les résultats de détection ou de mesure de distance,0,0.0249822989
specifier-2.2,Définir des cas d’utilisation,CAPT-Capt11,Appliquer un filtrage simple pour réduire le bruit sur un signal mesuré,0,0.0123225987
specifier-2.2,Définir des cas d’utilisation,CAPT-Capt12,"Synchroniser les données issues de capteurs différents (IMU, GPS)",0,0.0206023633
specifier-2.2,Définir des cas d’utilisation,CAPT-Capt13,Prétraiter les données pour compenser les dérives ou biais,0,0.0274631232
specifier-2.2,Définir des cas d’utilisation,CAPT-Capt14,Mettre en œuvre un filtre de Kalman linéaire,0,0.0234696358
specifier-2.2,Définir des cas d’utilisation,CAPT-Capt15,Présenter les limites du modèle linéaire et expliquer le filtre de Kalman étendu,0,0.0279186904
specifier-2.2,Définir des cas d’utilisation,CAPT-Capt16,Expliquer les intérêts d’une fusion multi-capteurs pour la robustesse,0,0.0245126426
specifier-2.2,Définir des cas d’utilisation,CAPT-Capt17,Interpréter les résultats de la fusion dans le contexte de la navigation,0,0.0276296765
specifier-2.2,Définir des cas d’utilisation,CAPT-Capt18,Utiliser un capteur avec une carte raspberry,0,0.0196861029
specifier-2.2,Définir des cas d’utilisation,CAPT-Capt19,"Développer un programme python pour utiliser les capteurs ou pour traiter les données (filtre, kalman…)",0,0.0258197069
specifier-2.3,Caractériser l’utilisation des données au regard du RGPD,CAPT-Capt01,"Définir et classer les différents types de capteurs en fonction de leurs caractéristiques : actif/passif, nature du mesurande ou du signal de sortie, analogique/numérique/logique, mesure directe/indirecte",0,0.1070531643
specifier-2.3,Caractériser l’utilisation des données au regard du RGPD,CAPT-Capt02,Décrire les signaux/données d'entrée/sortie,0,0.0820583777
specifier-2.3,Caractériser l’utilisation des données au regard du RGPD,CAPT-Capt03,Définir les caractéristiques métrologiques des capteurs,0,0.0820487886
specifier-2.3,Caractériser l’utilisation des données au regard du RGPD,CAPT-Capt04,Caractériser les erreurs de mesures liées aux capteurs.,0,0.1295131724
specifier-2.3,Caractériser l’utilisation des données au regard du RGPD,CAPT-Capt05,"Interpréter la position dans différents repères de référence (géocentrique, terrestre, local, ENU, NED)",0,0.0291965961
specifier-2.3,Caractériser l’utilisation des données au regard du RGPD,CAPT-Capt06,Analyser des trames NMEA pour extraire les données utiles,0,0.1093345741
specifier-2.3,Caractériser l’utilisation des données au regard du RGPD,CAPT-Capt07,"Comparer différentes représentations de l’orientation (angles, matrices)",0,0.0170374364
specifier-2.3,Caractériser l’utilisation des données au regard du RGPD,CAPT-Capt08,"Décrire les principes physiques (semi-conducteur, laser) associés à des capteurs de perception",0,0.0512314629
specifier-2.3,Caractériser l’utilisation des données au regard du RGPD,CAPT-Capt09,"Comparer les performances des capteurs (portée, résolution, fréquence)",0,0.0653424785
specifier-2.3,Caractériser l’utilisation des données au regard du RGPD,CAPT-Capt10,Interpréter les résultats de détection ou de mesure de distance,0,0.0244830266
specifier-2.3,Caractériser l’utilisation des données au regard du RGPD,CAPT-Capt11,Appliquer un filtrage simple pour réduire le bruit sur un signal mesuré,0,0.0159107059
specifier-2.3,Caractériser l’utilisation des données au regard du RGPD,CAPT-Capt12,"Synchroniser les données issues de capteurs différents (IMU, GPS)",0,0.0597978574
specifier-2.3,Caractériser l’utilisation des données au regard du RGPD,CAPT-Capt13,Prétraiter les données pour compenser les dérives ou biais,0,0.0726331412
specifier-2.3,Caractériser l’utilisation des données au regard du RGPD,CAPT-Capt14,Mettre en œuvre un filtre de Kalman linéaire,0,0.0179993078
specifier-2.3,Caractériser l’utilisation des données au regard du RGPD,CAPT-Capt15,Présenter les limites du modèle linéaire et expliquer le filtre de Kalman étendu,0,0.0829886048
specifier-2.3,Caractériser l’utilisation des données au regard du RGPD,CAPT-Capt16,Expliquer les intérêts d’une fusion multi-capteurs pour la robustesse,0,0.0217297226
specifier-2.3,Caractériser l’utilisation des données au regard du RGPD,CAPT-Capt17,Interpréter les résultats de la fusion dans le contexte de la navigation,0,0.0258549154
specifier-2.3,Caractériser l’utilisation des données au regard du RGPD,CAPT-Capt18,Utiliser un capteur avec une carte raspberry,0,0.0241760790
specifier-2.3,Caractériser l’utilisation des données au regard du RGPD,CAPT-Capt19,"Développer un programme python pour utiliser les capteurs ou pour traiter les données (filtre, kalman…)",0,0.0521560271
specifier-3.1,Discriminer et hiérarchiser les demandes,CAPT-Capt01,"Définir et classer les différents types de capteurs en fonction de leurs caractéristiques : actif/passif, nature du mesurande ou du signal de sortie, analogique/numérique/logique, mesure directe/indirecte",0,0.0699158989
specifier-3.1,Discriminer et hiérarchiser les demandes,CAPT-Capt02,Décrire les signaux/données d'entrée/sortie,0,0.0635947235
specifier-3.1,Discriminer et hiérarchiser les demandes,CAPT-Capt03,Définir les caractéristiques métrologiques des capteurs,0,0.0636201508
specifier-3.1,Discriminer et hiérarchiser les demandes,CAPT-Capt04,Caractériser les erreurs de mesures liées aux capteurs.,0,0.0543763825
specifier-3.1,Discriminer et hiérarchiser les demandes,CAPT-Capt05,"Interpréter la position dans différents repères de référence (géocentrique, terrestre, local, ENU, NED)",0,0.0272810638
specifier-3.1,Discriminer et hiérarchiser les demandes,CAPT-Capt06,Analyser des trames NMEA pour extraire les données utiles,0,0.0465229652
specifier-3.1,Discriminer et hiérarchiser les demandes,CAPT-Capt07,"Comparer différentes représentations de l’orientation (angles, matrices)",0,0.0373705268
specifier-3.1,Discriminer et hiérarchiser les demandes,CAPT-Capt08,"Décrire les principes physiques (semi-conducteur, laser) associés à des capteurs de perception",0,0.0417180602
specifier-3.1,Discriminer et hiérarchiser les demandes,CAPT-Capt09,"Comparer les performances des capteurs (portée, résolution, fréquence)",0,0.0572326308
specifier-3.1,Discriminer et hiérarchiser les demandes,CAPT-Capt10,Interpréter les résultats de détection ou de mesure de distance,0,0.0537824067
specifier-3.1,Discriminer et hiérarchiser les demandes,CAPT-Capt11,Appliquer un filtrage simple pour réduire le bruit sur un signal mesuré,0,0.0193937197
specifier-3.1,Discriminer et hiérarchiser les demandes,CAPT-Capt12,"Synchroniser les données issues de capteurs différents (IMU, GPS)",0,0.0458061839
specifier-3.1,Discriminer et hiérarchiser les demandes,CAPT-Capt13,Prétraiter les données pour compenser les dérives ou biais,0,0.0844739157
specifier-3.1,Discriminer et hiérarchiser les demandes,CAPT-Capt14,Mettre en œuvre un filtre de Kalman linéaire,0,0.0227619573
specifier-3.1,Discriminer et hiérarchiser les demandes,CAPT-Capt15,Présenter les limites du modèle linéaire et expliquer le filtre de Kalman étendu,0,0.0910095529
specifier-3.1,Discriminer et hiérarchiser les demandes,CAPT-Capt16,Expliquer les intérêts d’une fusion multi-capteurs pour la robustesse,0,0.0485578780
specifier-3.1,Discriminer et hiérarchiser les demandes,CAPT-Capt17,Interpréter les résultats de la fusion dans le contexte de la navigation,0,0.0492876523
specifier-3.1,Discriminer et hiérarchiser les demandes,CAPT-Capt18,Utiliser un capteur avec une carte raspberry,0,0.0097369775
specifier-3.1,Discriminer et hiérarchiser les demandes,CAPT-Capt19,"Développer un programme python pour utiliser les capteurs ou pour traiter les données (filtre, kalman…)",0,0.0639858518
specifier-3.2,Définir la recette,CAPT-Capt01,"Définir et classer les différents types de capteurs en fonction de leurs caractéristiques : actif/passif, nature du mesurande ou du signal de sortie, analogique/numérique/logique, mesure directe/indirecte",0,0.1061675249
specifier-3.2,Définir la recette,CAPT-Capt02,Décrire les signaux/données d'entrée/sortie,0,0.0170351669
specifier-3.2,Définir la recette,CAPT-Capt03,Définir les caractéristiques métrologiques des capteurs,0,0.2553926550
specifier-3.2,Définir la recette,CAPT-Capt04,Caractériser les erreurs de mesures liées aux capteurs.,0,0.0149971724
specifier-3.2,Définir la recette,CAPT-Capt05,"Interpréter la position dans différents repères de référence (géocentrique, terrestre, local, ENU, NED)",0,0.0826865187
specifier-3.2,Définir la recette,CAPT-Capt06,Analyser des trames NMEA pour extraire les données utiles,0,0.0137233496
specifier-3.2,Définir la recette,CAPT-Capt07,"Comparer différentes représentations de l’orientation (angles, matrices)",0,0.0139850050
specifier-3.2,Définir la recette,CAPT-Capt08,"Décrire les principes physiques (semi-conducteur, laser) associés à des capteurs de perception",0,0.0194161996
specifier-3.2,Définir la recette,CAPT-Capt09,"Comparer les performances des capteurs (portée, résolution, fréquence)",0,0.0155710980
specifier-3.2,Définir la recette,CAPT-Capt10,Interpréter les résultats de détection ou de mesure de distance,0,0.0127493158
specifier-3.2,Définir la recette,CAPT-Capt11,Appliquer un filtrage simple pour réduire le bruit sur un signal mesuré,0,0.0085532777
specifier-3.2,Définir la recette,CAPT-Capt12,"Synchroniser les données issues de capteurs différents (IMU, GPS)",0,0.0066911064
specifier-3.2,Définir la recette,CAPT-Capt13,Prétraiter les données pour compenser les dérives ou biais,0,0.0187189668
specifier-3.2,Définir la recette,CAPT-Capt14,Mettre en œuvre un filtre de Kalman linéaire,0,0.0179209158
specifier-3.2,Définir la recette,CAPT-Capt15,Présenter les limites du modèle linéaire et expliquer le filtre de Kalman étendu,0,0.0129893288
specifier-3.2,Définir la recette,CAPT-Capt16,Expliquer les intérêts d’une fusion multi-capteurs pour la robustesse,0,0.1012955748
specifier-3.2,Définir la recette,CAPT-Capt17,Interpréter les résultats de la fusion dans le contexte de la navigation,0,0.1823303224
specifier-3.2,Définir la recette,CAPT-Capt18,Utiliser un capteur avec une carte raspberry,0,0.0148990944
specifier-3.2,Définir la recette,CAPT-Capt19,"Développer un programme python pour utiliser les capteurs ou pour traiter les données (filtre, kalman…)",0,0.0173907280
specifier-3.3,Lister les tests fonctionnels,CAPT-Capt01,"Définir et classer les différents types de capteurs en fonction de leurs caractéristiques : actif/passif, nature du mesurande ou du signal de sortie, analogique/numérique/logique, mesure directe/indirecte",0,0.0543696382
specifier-3.3,Lister les tests fonctionnels,CAPT-Capt02,Décrire les signaux/données d'entrée/sortie,0,0.0729120986
specifier-3.3,Lister les tests fonctionnels,CAPT-Capt03,Définir les caractéristiques métrologiques des capteurs,0,0.0970128918
specifier-3.3,Lister les tests fonctionnels,CAPT-Capt04,Caractériser les erreurs de mesures liées aux capteurs.,0,0.0755040529
specifier-3.3,Lister les tests fonctionnels,CAPT-Capt05,"Interpréter la position dans différents repères de référence (géocentrique, terrestre, local, ENU, NED)",0,0.0259884894
specifier-3.3,Lister les tests fonctionnels,CAPT-Capt06,Analyser des trames NMEA pour extraire les données utiles,0,0.0614933434
specifier-3.3,Lister les tests fonctionnels,CAPT-Capt07,"Comparer différentes représentations de l’orientation (angles, matrices)",0,0.0241684139
specifier-3.3,Lister les tests fonctionnels,CAPT-Capt08,"Décrire les principes physiques (semi-conducteur, laser) associés à des capteurs de perception",0,0.0516051286
specifier-3.3,Lister les tests fonctionnels,CAPT-Capt09,"Comparer les performances des capteurs (portée, résolution, fréquence)",0,0.0804299243
specifier-3.3,Lister les tests fonctionnels,CAPT-Capt10,Interpréter les résultats de détection ou de mesure de distance,0,0.0636606893
specifier-3.3,Lister les tests fonctionnels,CAPT-Capt11,Appliquer un filtrage simple pour réduire le bruit sur un signal mesuré,0,0.0186698958
specifier-3.3,Lister les tests fonctionnels,CAPT-Capt12,"Synchroniser les données issues de capteurs différents (IMU, GPS)",0,0.0575471198
specifier-3.3,Lister les tests fonctionnels,CAPT-Capt13,Prétraiter les données pour compenser les dérives ou biais,0,0.0938307649
specifier-3.3,Lister les tests fonctionnels,CAPT-Capt14,Mettre en œuvre un filtre de Kalman linéaire,0,0.0235497281
specifier-3.3,Lister les tests fonctionnels,CAPT-Capt15,Présenter les limites du modèle linéaire et expliquer le filtre de Kalman étendu,0,0.0477248361
specifier-3.3,Lister les tests fonctionnels,CAPT-Capt16,Expliquer les intérêts d’une fusion multi-capteurs pour la robustesse,0,0.0684338679
specifier-3.3,Lister les tests fonctionnels,CAPT-Capt17,Interpréter les résultats de la fusion dans le contexte de la navigation,0,0.0519321474
specifier-3.3,Lister les tests fonctionnels,CAPT-Capt18,Utiliser un capteur avec une carte raspberry,0,0.0247955576
specifier-3.3,Lister les tests fonctionnels,CAPT-Capt19,"Développer un programme python pour utiliser les capteurs ou pour traiter les données (filtre, kalman…)",0,0.0816653338
specifier-4.1,Recueillir et reformuler les demandes du prescripteur en confrontant sa demande (fonctionnalités et données) à ses besoins réels pour prendre en compte le DDRS,CAPT-Capt01,"Définir et classer les différents types de capteurs en fonction de leurs caractéristiques : actif/passif, nature du mesurande ou du signal de sortie, analogique/numérique/logique, mesure directe/indirecte",0,0.1289297268
specifier-4.1,Recueillir et reformuler les demandes du prescripteur en confrontant sa demande (fonctionnalités et données) à ses besoins réels pour prendre en compte le DDRS,CAPT-Capt02,Décrire les signaux/données d'entrée/sortie,0,0.0745451856
specifier-4.1,Recueillir et reformuler les demandes du prescripteur en confrontant sa demande (fonctionnalités et données) à ses besoins réels pour prendre en compte le DDRS,CAPT-Capt03,Définir les caractéristiques métrologiques des capteurs,0,0.0499801244
specifier-4.1,Recueillir et reformuler les demandes du prescripteur en confrontant sa demande (fonctionnalités et données) à ses besoins réels pour prendre en compte le DDRS,CAPT-Capt04,Caractériser les erreurs de mesures liées aux capteurs.,0,0.0380105231
specifier-4.1,Recueillir et reformuler les demandes du prescripteur en confrontant sa demande (fonctionnalités et données) à ses besoins réels pour prendre en compte le DDRS,CAPT-Capt05,"Interpréter la position dans différents repères de référence (géocentrique, terrestre, local, ENU, NED)",0,0.0356540382
specifier-4.1,Recueillir et reformuler les demandes du prescripteur en confrontant sa demande (fonctionnalités et données) à ses besoins réels pour prendre en compte le DDRS,CAPT-Capt06,Analyser des trames NMEA pour extraire les données utiles,0,0.0988052916
specifier-4.1,Recueillir et reformuler les demandes du prescripteur en confrontant sa demande (fonctionnalités et données) à ses besoins réels pour prendre en compte le DDRS,CAPT-Capt07,"Comparer différentes représentations de l’orientation (angles, matrices)",0,0.0249999076
specifier-4.1,Recueillir et reformuler les demandes du prescripteur en confrontant sa demande (fonctionnalités et données) à ses besoins réels pour prendre en compte le DDRS,CAPT-Capt08,"Décrire les principes physiques (semi-conducteur, laser) associés à des capteurs de perception",0,0.0411543838
specifier-4.1,Recueillir et reformuler les demandes du prescripteur en confrontant sa demande (fonctionnalités et données) à ses besoins réels pour prendre en compte le DDRS,CAPT-Capt09,"Comparer les performances des capteurs (portée, résolution, fréquence)",0,0.0438969971
specifier-4.1,Recueillir et reformuler les demandes du prescripteur en confrontant sa demande (fonctionnalités et données) à ses besoins réels pour prendre en compte le DDRS,CAPT-Capt10,Interpréter les résultats de détection ou de mesure de distance,0,0.0405051290
specifier-4.1,Recueillir et reformuler les demandes du prescripteur en confrontant sa demande (fonctionnalités et données) à ses besoins réels pour prendre en compte le DDRS,CAPT-Capt11,Appliquer un filtrage simple pour réduire le bruit sur un signal mesuré,0,0.0673501403
specifier-4.1,Recueillir et reformuler les demandes du prescripteur en confrontant sa demande (fonctionnalités et données) à ses besoins réels pour prendre en compte le DDRS,CAPT-Capt12,"Synchroniser les données issues de capteurs différents (IMU, GPS)",0,0.0572788927
specifier-4.1,Recueillir et reformuler les demandes du prescripteur en confrontant sa demande (fonctionnalités et données) à ses besoins réels pour prendre en compte le DDRS,CAPT-Capt13,Prétraiter les données pour compenser les dérives ou biais,0,0.1224355860
specifier-4.1,Recueillir et reformuler les demandes du prescripteur en confrontant sa demande (fonctionnalités et données) à ses besoins réels pour prendre en compte le DDRS,CAPT-Capt14,Mettre en œuvre un filtre de Kalman linéaire,0,0.0897504221
specifier-4.1,Recueillir et reformuler les demandes du prescripteur en confrontant sa demande (fonctionnalités et données) à ses besoins réels pour prendre en compte le DDRS,CAPT-Capt15,Présenter les limites du modèle linéaire et expliquer le filtre de Kalman étendu,0,0.1292086699
specifier-4.1,Recueillir et reformuler les demandes du prescripteur en confrontant sa demande (fonctionnalités et données) à ses besoins réels pour prendre en compte le DDRS,CAPT-Capt16,Expliquer les intérêts d’une fusion multi-capteurs pour la robustesse,0,0.0695782686
specifier-4.1,Recueillir et reformuler les demandes du prescripteur en confrontant sa demande (fonctionnalités et données) à ses besoins réels pour prendre en compte le DDRS,CAPT-Capt17,Interpréter les résultats de la fusion dans le contexte de la navigation,0,0.0605630708
specifier-4.1,Recueillir et reformuler les demandes du prescripteur en confrontant sa demande (fonctionnalités et données) à ses besoins réels pour prendre en compte le DDRS,CAPT-Capt18,Utiliser un capteur avec une carte raspberry,0,0.0264692366
specifier-4.1,Recueillir et reformuler les demandes du prescripteur en confrontant sa demande (fonctionnalités et données) à ses besoins réels pour prendre en compte le DDRS,CAPT-Capt19,"Développer un programme python pour utiliser les capteurs ou pour traiter les données (filtre, kalman…)",0,0.1191350413
specifier-4.2,Prototyper des interfaces utilisateurs en prenant la RGAA,CAPT-Capt01,"Définir et classer les différents types de capteurs en fonction de leurs caractéristiques : actif/passif, nature du mesurande ou du signal de sortie, analogique/numérique/logique, mesure directe/indirecte",0,0.0531331456
specifier-4.2,Prototyper des interfaces utilisateurs en prenant la RGAA,CAPT-Capt02,Décrire les signaux/données d'entrée/sortie,0,0.0223743483
specifier-4.2,Prototyper des interfaces utilisateurs en prenant la RGAA,CAPT-Capt03,Définir les caractéristiques métrologiques des capteurs,0,0.0686126539
specifier-4.2,Prototyper des interfaces utilisateurs en prenant la RGAA,CAPT-Capt04,Caractériser les erreurs de mesures liées aux capteurs.,0,0.0219328016
specifier-4.2,Prototyper des interfaces utilisateurs en prenant la RGAA,CAPT-Capt05,"Interpréter la position dans différents repères de référence (géocentrique, terrestre, local, ENU, NED)",0,0.0672955590
specifier-4.2,Prototyper des interfaces utilisateurs en prenant la RGAA,CAPT-Capt06,Analyser des trames NMEA pour extraire les données utiles,0,0.0630762834
specifier-4.2,Prototyper des interfaces utilisateurs en prenant la RGAA,CAPT-Capt07,"Comparer différentes représentations de l’orientation (angles, matrices)",0,0.0306582212
specifier-4.2,Prototyper des interfaces utilisateurs en prenant la RGAA,CAPT-Capt08,"Décrire les principes physiques (semi-conducteur, laser) associés à des capteurs de perception",0,0.0528155756
specifier-4.2,Prototyper des interfaces utilisateurs en prenant la RGAA,CAPT-Capt09,"Comparer les performances des capteurs (portée, résolution, fréquence)",0,0.0607069139
specifier-4.2,Prototyper des interfaces utilisateurs en prenant la RGAA,CAPT-Capt10,Interpréter les résultats de détection ou de mesure de distance,0,0.0186763182
specifier-4.2,Prototyper des interfaces utilisateurs en prenant la RGAA,CAPT-Capt11,Appliquer un filtrage simple pour réduire le bruit sur un signal mesuré,0,0.0196038514
specifier-4.2,Prototyper des interfaces utilisateurs en prenant la RGAA,CAPT-Capt12,"Synchroniser les données issues de capteurs différents (IMU, GPS)",0,0.0271295041
specifier-4.2,Prototyper des interfaces utilisateurs en prenant la RGAA,CAPT-Capt13,Prétraiter les données pour compenser les dérives ou biais,0,0.0243892744
specifier-4.2,Prototyper des interfaces utilisateurs en prenant la RGAA,CAPT-Capt14,Mettre en œuvre un filtre de Kalman linéaire,0,0.0917136619
specifier-4.2,Prototyper des interfaces utilisateurs en prenant la RGAA,CAPT-Capt15,Présenter les limites du modèle linéaire et expliquer le filtre de Kalman étendu,0,0.0266917318
specifier-4.2,Prototyper des interfaces utilisateurs en prenant la RGAA,CAPT-Capt16,Expliquer les intérêts d’une fusion multi-capteurs pour la robustesse,0,0.0753920183
specifier-4.2,Prototyper des interfaces utilisateurs en prenant la RGAA,CAPT-Capt17,Interpréter les résultats de la fusion dans le contexte de la navigation,0,0.1325966671
specifier-4.2,Prototyper des interfaces utilisateurs en prenant la RGAA,CAPT-Capt18,Utiliser un capteur avec une carte raspberry,0,0.0282673955
specifier-4.2,Prototyper des interfaces utilisateurs en prenant la RGAA,CAPT-Capt19,"Développer un programme python pour utiliser les capteurs ou pour traiter les données (filtre, kalman…)",0,0.0329228491
specifier-4.3,Respecter un référentiel qualité,CAPT-Capt01,"Définir et classer les différents types de capteurs en fonction de leurs caractéristiques : actif/passif, nature du mesurande ou du signal de sortie, analogique/numérique/logique, mesure directe/indirecte",0,0.0181604445
specifier-4.3,Respecter un référentiel qualité,CAPT-Capt02,Décrire les signaux/données d'entrée/sortie,0,0.0203699708
specifier-4.3,Respecter un référentiel qualité,CAPT-Capt03,Définir les caractéristiques métrologiques des capteurs,0,0.0357199430
specifier-4.3,Respecter un référentiel qualité,CAPT-Capt04,Caractériser les erreurs de mesures liées aux capteurs.,0,0.0224300712
specifier-4.3,Respecter un référentiel qualité,CAPT-Capt05,"Interpréter la position dans différents repères de référence (géocentrique, terrestre, local, ENU, NED)",0,0.0189971909
specifier-4.3,Respecter un référentiel qualité,CAPT-Capt06,Analyser des trames NMEA pour extraire les données utiles,0,0.0128248066
specifier-4.3,Respecter un référentiel qualité,CAPT-Capt07,"Comparer différentes représentations de l’orientation (angles, matrices)",0,0.0169040784
specifier-4.3,Respecter un référentiel qualité,CAPT-Capt08,"Décrire les principes physiques (semi-conducteur, laser) associés à des capteurs de perception",0,0.0116572216
specifier-4.3,Respecter un référentiel qualité,CAPT-Capt09,"Comparer les performances des capteurs (portée, résolution, fréquence)",0,0.0237929746
specifier-4.3,Respecter un référentiel qualité,CAPT-Capt10,Interpréter les résultats de détection ou de mesure de distance,0,0.0173265278
specifier-4.3,Respecter un référentiel qualité,CAPT-Capt11,Appliquer un filtrage simple pour réduire le bruit sur un signal mesuré,0,0.0917872731
specifier-4.3,Respecter un référentiel qualité,CAPT-Capt12,"Synchroniser les données issues de capteurs différents (IMU, GPS)",0,0.0140592515
specifier-4.3,Respecter un référentiel qualité,CAPT-Capt13,Prétraiter les données pour compenser les dérives ou biais,0,0.0112162858
specifier-4.3,Respecter un référentiel qualité,CAPT-Capt14,Mettre en œuvre un filtre de Kalman linéaire,0,0.0739740784
specifier-4.3,Respecter un référentiel qualité,CAPT-Capt15,Présenter les limites du modèle linéaire et expliquer le filtre de Kalman étendu,0,0.0096214399
specifier-4.3,Respecter un référentiel qualité,CAPT-Capt16,Expliquer les intérêts d’une fusion multi-capteurs pour la robustesse,0,0.0281155348
specifier-4.3,Respecter un référentiel qualité,CAPT-Capt17,Interpréter les résultats de la fusion dans le contexte de la navigation,0,0.0082677752
specifier-4.3,Respecter un référentiel qualité,CAPT-Capt18,Utiliser un capteur avec une carte raspberry,0,0.0631640716
specifier-4.3,Respecter un référentiel qualité,CAPT-Capt19,"Développer un programme python pour utiliser les capteurs ou pour traiter les données (filtre, kalman…)",0,0.0461840383
modeliser-1.1,Représenter une collection de données numériquement ou symboliquement,CAPT-Capt01,"Définir et classer les différents types de capteurs en fonction de leurs caractéristiques : actif/passif, nature du mesurande ou du signal de sortie, analogique/numérique/logique, mesure directe/indirecte",0,0.1110811584
modeliser-1.1,Représenter une collection de données numériquement ou symboliquement,CAPT-Capt02,Décrire les signaux/données d'entrée/sortie,0,0.0920221037
modeliser-1.1,Représenter une collection de données numériquement ou symboliquement,CAPT-Capt03,Définir les caractéristiques métrologiques des capteurs,0,0.0264174253
modeliser-1.1,Représenter une collection de données numériquement ou symboliquement,CAPT-Capt04,Caractériser les erreurs de mesures liées aux capteurs.,0,0.0499993097
modeliser-1.1,Représenter une collection de données numériquement ou symboliquement,CAPT-Capt05,"Interpréter la position dans différents repères de référence (géocentrique, terrestre, local, ENU, NED)",0,0.0545083645
modeliser-1.1,Représenter une collection de données numériquement ou symboliquement,CAPT-Capt06,Analyser des trames NMEA pour extraire les données utiles,0,0.0777042708
modeliser-1.1,Représenter une collection de données numériquement ou symboliquement,CAPT-Capt07,"Comparer différentes représentations de l’orientation (angles, matrices)",0,0.0601284096
modeliser-1.1,Représenter une collection de données numériquement ou symboliquement,CAPT-Capt08,"Décrire les principes physiques (semi-conducteur, laser) associés à des capteurs de perception",0,0.0509475106
modeliser-1.1,Représenter une collection de données numériquement ou symboliquement,CAPT-Capt09,"Comparer les performances des capteurs (portée, résolution, fréquence)",0,0.0290934324
modeliser-1.1,Représenter une collection de données numériquement ou symboliquement,CAPT-Capt10,Interpréter les résultats de détection ou de mesure de distance,0,0.1791437723
modeliser-1.1,Représenter une collection de données numériquement ou symboliquement,CAPT-Capt11,Appliquer un filtrage simple pour réduire le bruit sur un signal mesuré,0,0.0153016388
modeliser-1.1,Représenter une collection de données numériquement ou symboliquement,CAPT-Capt12,"Synchroniser les données issues de capteurs différents (IMU, GPS)",0,0.0960855754
modeliser-1.1,Représenter une collection de données numériquement ou symboliquement,CAPT-Capt13,Prétraiter les données pour compenser les dérives ou biais,0,0.1431578168
modeliser-1.1,Représenter une collection de données numériquement ou symboliquement,CAPT-Capt14,Mettre en œuvre un filtre de Kalman linéaire,0,0.0398016952
modeliser-1.1,Représenter une collection de données numériquement ou symboliquement,CAPT-Capt15,Présenter les limites du modèle linéaire et expliquer le filtre de Kalman étendu,0,0.0351235813
modeliser-1.1,Représenter une collection de données numériquement ou symboliquement,CAPT-Capt16,Expliquer les intérêts d’une fusion multi-capteurs pour la robustesse,0,0.0847578736
modeliser-1.1,Représenter une collection de données numériquement ou symboliquement,CAPT-Capt17,Interpréter les résultats de la fusion dans le contexte de la navigation,0,0.0760679575
modeliser-1.1,Représenter une collection de données numériquement ou symboliquement,CAPT-Capt18,Utiliser un capteur avec une carte raspberry,0,0.0975631129
modeliser-1.1,Représenter une collection de données numériquement ou symboliquement,CAPT-Capt19,"Développer un programme python pour utiliser les capteurs ou pour traiter les données (filtre, kalman…)",0,0.1214385227
modeliser-1.2,Déterminer les propriétés des entrées sorties d’un composant logiciel ou matériel,CAPT-Capt01,"Définir et classer les différents types de capteurs en fonction de leurs caractéristiques : actif/passif, nature du mesurande ou du signal de sortie, analogique/numérique/logique, mesure directe/indirecte",1,0.0951007928
modeliser-1.2,Déterminer les propriétés des entrées sorties d’un composant logiciel ou matériel,CAPT-Capt02,Décrire les signaux/données d'entrée/sortie,1,0.0819878227
modeliser-1.2,Déterminer les propriétés des entrées sorties d’un composant logiciel ou matériel,CAPT-Capt03,Définir les caractéristiques métrologiques des capteurs,1,0.1204733798
modeliser-1.2,Déterminer les propriétés des entrées sorties d’un composant logiciel ou matériel,CAPT-Capt04,Caractériser les erreurs de mesures liées aux capteurs.,0,0.0626672758
modeliser-1.2,Déterminer les propriétés des entrées sorties d’un composant logiciel ou matériel,CAPT-Capt05,"Interpréter la position dans différents repères de référence (géocentrique, terrestre, local, ENU, NED)",0,0.0335527927
modeliser-1.2,Déterminer les propriétés des entrées sorties d’un composant logiciel ou matériel,CAPT-Capt06,Analyser des trames NMEA pour extraire les données utiles,0,0.0943826751
modeliser-1.2,Déterminer les propriétés des entrées sorties d’un composant logiciel ou matériel,CAPT-Capt07,"Comparer différentes représentations de l’orientation (angles, matrices)",0,0.0380083322
modeliser-1.2,Déterminer les propriétés des entrées sorties d’un composant logiciel ou matériel,CAPT-Capt08,"Décrire les principes physiques (semi-conducteur, laser) associés à des capteurs de perception",0,0.0847184026
modeliser-1.2,Déterminer les propriétés des entrées sorties d’un composant logiciel ou matériel,CAPT-Capt09,"Comparer les performances des capteurs (portée, résolution, fréquence)",1,0.1061228189
modeliser-1.2,Déterminer les propriétés des entrées sorties d’un composant logiciel ou matériel,CAPT-Capt10,Interpréter les résultats de détection ou de mesure de distance,0,0.1236467258
modeliser-1.2,Déterminer les propriétés des entrées sorties d’un composant logiciel ou matériel,CAPT-Capt11,Appliquer un filtrage simple pour réduire le bruit sur un signal mesuré,0,0.0788824782
modeliser-1.2,Déterminer les propriétés des entrées sorties d’un composant logiciel ou matériel,CAPT-Capt12,"Synchroniser les données issues de capteurs différents (IMU, GPS)",0,0.0548805602
modeliser-1.2,Déterminer les propriétés des entrées sorties d’un composant logiciel ou matériel,CAPT-Capt13,Prétraiter les données pour compenser les dérives ou biais,0,0.1389303080
modeliser-1.2,Déterminer les propriétés des entrées sorties d’un composant logiciel ou matériel,CAPT-Capt14,Mettre en œuvre un filtre de Kalman linéaire,0,0.0581368240
modeliser-1.2,Déterminer les propriétés des entrées sorties d’un composant logiciel ou matériel,CAPT-Capt15,Présenter les limites du modèle linéaire et expliquer le filtre de Kalman étendu,0,0.0422194389
modeliser-1.2,Déterminer les propriétés des entrées sorties d’un composant logiciel ou matériel,CAPT-Capt16,Expliquer les intérêts d’une fusion multi-capteurs pour la robustesse,0,0.0570751198
modeliser-1.2,Déterminer les propriétés des entrées sorties d’un composant logiciel ou matériel,CAPT-Capt17,Interpréter les résultats de la fusion dans le contexte de la navigation,0,0.0589115061
modeliser-1.2,Déterminer les propriétés des entrées sorties d’un composant logiciel ou matériel,CAPT-Capt18,Utiliser un capteur avec une carte raspberry,0,0.0704596190
modeliser-1.2,Déterminer les propriétés des entrées sorties d’un composant logiciel ou matériel,CAPT-Capt19,"Développer un programme python pour utiliser les capteurs ou pour traiter les données (filtre, kalman…)",0,0.1460227372
modeliser-1.3,Déterminer la famille d’algorithmes à utiliser au regard des données numériques ou symboliques à traiter,CAPT-Capt01,"Définir et classer les différents types de capteurs en fonction de leurs caractéristiques : actif/passif, nature du mesurande ou du signal de sortie, analogique/numérique/logique, mesure directe/indirecte",0,0.0614265315
modeliser-1.3,Déterminer la famille d’algorithmes à utiliser au regard des données numériques ou symboliques à traiter,CAPT-Capt02,Décrire les signaux/données d'entrée/sortie,0,0.0606676914
modeliser-1.3,Déterminer la famille d’algorithmes à utiliser au regard des données numériques ou symboliques à traiter,CAPT-Capt03,Définir les caractéristiques métrologiques des capteurs,0,0.0611402079
modeliser-1.3,Déterminer la famille d’algorithmes à utiliser au regard des données numériques ou symboliques à traiter,CAPT-Capt04,Caractériser les erreurs de mesures liées aux capteurs.,0,0.0187459812
modeliser-1.3,Déterminer la famille d’algorithmes à utiliser au regard des données numériques ou symboliques à traiter,CAPT-Capt05,"Interpréter la position dans différents repères de référence (géocentrique, terrestre, local, ENU, NED)",0,0.0538640604
modeliser-1.3,Déterminer la famille d’algorithmes à utiliser au regard des données numériques ou symboliques à traiter,CAPT-Capt06,Analyser des trames NMEA pour extraire les données utiles,0,0.0947595734
modeliser-1.3,Déterminer la famille d’algorithmes à utiliser au regard des données numériques ou symboliques à traiter,CAPT-Capt07,"Comparer différentes représentations de l’orientation (angles, matrices)",0,0.0354394168
modeliser-1.3,Déterminer la famille d’algorithmes à utiliser au regard des données numériques ou symboliques à traiter,CAPT-Capt08,"Décrire les principes physiques (semi-conducteur, laser) associés à des capteurs de perception",0,0.0479709428
modeliser-1.3,Déterminer la famille d’algorithmes à utiliser au regard des données numériques ou symboliques à traiter,CAPT-Capt09,"Comparer les performances des capteurs (portée, résolution, fréquence)",0,0.0556061248
modeliser-1.3,Déterminer la famille d’algorithmes à utiliser au regard des données numériques ou symboliques à traiter,CAPT-Capt10,Interpréter les résultats de détection ou de mesure de distance,0,0.0806120993
modeliser-1.3,Déterminer la famille d’algorithmes à utiliser au regard des données numériques ou symboliques à traiter,CAPT-Capt11,Appliquer un filtrage simple pour réduire le bruit sur un signal mesuré,0,0.0251173705
modeliser-1.3,Déterminer la famille d’algorithmes à utiliser au regard des données numériques ou symboliques à traiter,CAPT-Capt12,"Synchroniser les données issues de capteurs différents (IMU, GPS)",0,0.0496624770
modeliser-1.3,Déterminer la famille d’algorithmes à utiliser au regard des données numériques ou symboliques à traiter,CAPT-Capt13,Prétraiter les données pour compenser les dérives ou biais,0,0.1233815344
modeliser-1.3,Déterminer la famille d’algorithmes à utiliser au regard des données numériques ou symboliques à traiter,CAPT-Capt14,Mettre en œuvre un filtre de Kalman linéaire,0,0.0410922408
modeliser-1.3,Déterminer la famille d’algorithmes à utiliser au regard des données numériques ou symboliques à traiter,CAPT-Capt15,Présenter les limites du modèle linéaire et expliquer le filtre de Kalman étendu,0,0.0321638524
modeliser-1.3,Déterminer la famille d’algorithmes à utiliser au regard des données numériques ou symboliques à traiter,CAPT-Capt16,Expliquer les intérêts d’une fusion multi-capteurs pour la robustesse,0,0.0630302265
modeliser-1.3,Déterminer la famille d’algorithmes à utiliser au regard des données numériques ou symboliques à traiter,CAPT-Capt17,Interpréter les résultats de la fusion dans le contexte de la navigation,0,0.1169364978
modeliser-1.3,Déterminer la famille d’algorithmes à utiliser au regard des données numériques ou symboliques à traiter,CAPT-Capt18,Utiliser un capteur avec une carte raspberry,0,0.0755648112
modeliser-1.3,Déterminer la famille d’algorithmes à utiliser au regard des données numériques ou symboliques à traiter,CAPT-Capt19,"Développer un programme python pour utiliser les capteurs ou pour traiter les données (filtre, kalman…)",0,0.2472030605
modeliser-1.4,Identifier le rôle des composants d’un ordinateur ou des systèmes électroniques,CAPT-Capt01,"Définir et classer les différents types de capteurs en fonction de leurs caractéristiques : actif/passif, nature du mesurande ou du signal de sortie, analogique/numérique/logique, mesure directe/indirecte",0,0.0691089864
modeliser-1.4,Identifier le rôle des composants d’un ordinateur ou des systèmes électroniques,CAPT-Capt02,Décrire les signaux/données d'entrée/sortie,0,0.0272111684
modeliser-1.4,Identifier le rôle des composants d’un ordinateur ou des systèmes électroniques,CAPT-Capt03,Définir les caractéristiques métrologiques des capteurs,0,0.1169163230
modeliser-1.4,Identifier le rôle des composants d’un ordinateur ou des systèmes électroniques,CAPT-Capt04,Caractériser les erreurs de mesures liées aux capteurs.,0,0.0266570151
modeliser-1.4,Identifier le rôle des composants d’un ordinateur ou des systèmes électroniques,CAPT-Capt05,"Interpréter la position dans différents repères de référence (géocentrique, terrestre, local, ENU, NED)",0,0.0259923965
modeliser-1.4,Identifier le rôle des composants d’un ordinateur ou des systèmes électroniques,CAPT-Capt06,Analyser des trames NMEA pour extraire les données utiles,0,0.0901657835
modeliser-1.4,Identifier le rôle des composants d’un ordinateur ou des systèmes électroniques,CAPT-Capt07,"Comparer différentes représentations de l’orientation (angles, matrices)",0,0.0276198477
modeliser-1.4,Identifier le rôle des composants d’un ordinateur ou des systèmes électroniques,CAPT-Capt08,"Décrire les principes physiques (semi-conducteur, laser) associés à des capteurs de perception",0,0.0904220830
modeliser-1.4,Identifier le rôle des composants d’un ordinateur ou des systèmes électroniques,CAPT-Capt09,"Comparer les performances des capteurs (portée, résolution, fréquence)",0,0.0969077652
modeliser-1.4,Identifier le rôle des composants d’un ordinateur ou des systèmes électroniques,CAPT-Capt10,Interpréter les résultats de détection ou de mesure de distance,0,0.0891046775
modeliser-1.4,Identifier le rôle des composants d’un ordinateur ou des systèmes électroniques,CAPT-Capt11,Appliquer un filtrage simple pour réduire le bruit sur un signal mesuré,0,0.1006620718
modeliser-1.4,Identifier le rôle des composants d’un ordinateur ou des systèmes électroniques,CAPT-Capt12,"Synchroniser les données issues de capteurs différents (IMU, GPS)",0,0.0290697068
modeliser-1.4,Identifier le rôle des composants d’un ordinateur ou des systèmes électroniques,CAPT-Capt13,Prétraiter les données pour compenser les dérives ou biais,0,0.0841357695
modeliser-1.4,Identifier le rôle des composants d’un ordinateur ou des systèmes électroniques,CAPT-Capt14,Mettre en œuvre un filtre de Kalman linéaire,0,0.0429540987
modeliser-1.4,Identifier le rôle des composants d’un ordinateur ou des systèmes électroniques,CAPT-Capt15,Présenter les limites du modèle linéaire et expliquer le filtre de Kalman étendu,0,0.0457491902
modeliser-1.4,Identifier le rôle des composants d’un ordinateur ou des systèmes électroniques,CAPT-Capt16,Expliquer les intérêts d’une fusion multi-capteurs pour la robustesse,0,0.0349950820
modeliser-1.4,Identifier le rôle des composants d’un ordinateur ou des systèmes électroniques,CAPT-Capt17,Interpréter les résultats de la fusion dans le contexte de la navigation,0,0.0623766315
modeliser-1.4,Identifier le rôle des composants d’un ordinateur ou des systèmes électroniques,CAPT-Capt18,Utiliser un capteur avec une carte raspberry,0,0.0736141192
modeliser-1.4,Identifier le rôle des composants d’un ordinateur ou des systèmes électroniques,CAPT-Capt19,"Développer un programme python pour utiliser les capteurs ou pour traiter les données (filtre, kalman…)",0,0.1040449660
modeliser-2.1,Analyser les données numériques et symboliques du problème,CAPT-Capt01,"Définir et classer les différents types de capteurs en fonction de leurs caractéristiques : actif/passif, nature du mesurande ou du signal de sortie, analogique/numérique/logique, mesure directe/indirecte",0,0.1616435545
modeliser-2.1,Analyser les données numériques et symboliques du problème,CAPT-Capt02,Décrire les signaux/données d'entrée/sortie,0,0.1314800825
modeliser-2.1,Analyser les données numériques et symboliques du problème,CAPT-Capt03,Définir les caractéristiques métrologiques des capteurs,0,0.0751982766
modeliser-2.1,Analyser les données numériques et symboliques du problème,CAPT-Capt04,Caractériser les erreurs de mesures liées aux capteurs.,0,0.0665276867
modeliser-2.1,Analyser les données numériques et symboliques du problème,CAPT-Capt05,"Interpréter la position dans différents repères de référence (géocentrique, terrestre, local, ENU, NED)",1,0.0402238250
modeliser-2.1,Analyser les données numériques et symboliques du problème,CAPT-Capt06,Analyser des trames NMEA pour extraire les données utiles,1,0.2565028601
modeliser-2.1,Analyser les données numériques et symboliques du problème,CAPT-Capt07,"Comparer différentes représentations de l’orientation (angles, matrices)",1,0.0425124645
modeliser-2.1,Analyser les données numériques et symboliques du problème,CAPT-Capt08,"Décrire les principes physiques (semi-conducteur, laser) associés à des capteurs de perception",0,0.0570603541
modeliser-2.1,Analyser les données numériques et symboliques du problème,CAPT-Capt09,"Comparer les performances des capteurs (portée, résolution, fréquence)",0,0.0700500652
modeliser-2.1,Analyser les données numériques et symboliques du problème,CAPT-Capt10,Interpréter les résultats de détection ou de mesure de distance,1,0.0700262081
modeliser-2.1,Analyser les données numériques et symboliques du problème,CAPT-Capt11,Appliquer un filtrage simple pour réduire le bruit sur un signal mesuré,0,0.0249659449
modeliser-2.1,Analyser les données numériques et symboliques du problème,CAPT-Capt12,"Synchroniser les données issues de capteurs différents (IMU, GPS)",0,0.1018034200
modeliser-2.1,Analyser les données numériques et symboliques du problème,CAPT-Capt13,Prétraiter les données pour compenser les dérives ou biais,0,0.1406731755
modeliser-2.1,Analyser les données numériques et symboliques du problème,CAPT-Capt14,Mettre en œuvre un filtre de Kalman linéaire,0,0.0125530988
modeliser-2.1,Analyser les données numériques et symboliques du problème,CAPT-Capt15,Présenter les limites du modèle linéaire et expliquer le filtre de Kalman étendu,0,0.1554099610
modeliser-2.1,Analyser les données numériques et symboliques du problème,CAPT-Capt16,Expliquer les intérêts d’une fusion multi-capteurs pour la robustesse,0,0.0465550610
modeliser-2.1,Analyser les données numériques et symboliques du problème,CAPT-Capt17,Interpréter les résultats de la fusion dans le contexte de la navigation,0,0.0578562439
modeliser-2.1,Analyser les données numériques et symboliques du problème,CAPT-Capt18,Utiliser un capteur avec une carte raspberry,0,0.0241576672
modeliser-2.1,Analyser les données numériques et symboliques du problème,CAPT-Capt19,"Développer un programme python pour utiliser les capteurs ou pour traiter les données (filtre, kalman…)",0,0.1095960557
modeliser-2.2,Comparer les différentes représentations numériques et symboliques des données,CAPT-Capt01,"Définir et classer les différents types de capteurs en fonction de leurs caractéristiques : actif/passif, nature du mesurande ou du signal de sortie, analogique/numérique/logique, mesure directe/indirecte",0,0.0790689497
modeliser-2.2,Comparer les différentes représentations numériques et symboliques des données,CAPT-Capt02,Décrire les signaux/données d'entrée/sortie,0,0.1267558348
modeliser-2.2,Comparer les différentes représentations numériques et symboliques des données,CAPT-Capt03,Définir les caractéristiques métrologiques des capteurs,0,0.1215377608
modeliser-2.2,Comparer les différentes représentations numériques et symboliques des données,CAPT-Capt04,Caractériser les erreurs de mesures liées aux capteurs.,0,0.0575382352
modeliser-2.2,Comparer les différentes représentations numériques et symboliques des données,CAPT-Capt05,"Interpréter la position dans différents repères de référence (géocentrique, terrestre, local, ENU, NED)",1,0.0460456878
modeliser-2.2,Comparer les différentes représentations numériques et symboliques des données,CAPT-Capt06,Analyser des trames NMEA pour extraire les données utiles,1,0.1465676334
modeliser-2.2,Comparer les différentes représentations numériques et symboliques des données,CAPT-Capt07,"Comparer différentes représentations de l’orientation (angles, matrices)",1,0.4706765633
modeliser-2.2,Comparer les différentes représentations numériques et symboliques des données,CAPT-Capt08,"Décrire les principes physiques (semi-conducteur, laser) associés à des capteurs de perception",0,0.0878513915
modeliser-2.2,Comparer les différentes représentations numériques et symboliques des données,CAPT-Capt09,"Comparer les performances des capteurs (portée, résolution, fréquence)",0,0.2559487509
modeliser-2.2,Comparer les différentes représentations numériques et symboliques des données,CAPT-Capt10,Interpréter les résultats de détection ou de mesure de distance,0,0.0686825922
modeliser-2.2,Comparer les différentes représentations numériques et symboliques des données,CAPT-Capt11,Appliquer un filtrage simple pour réduire le bruit sur un signal mesuré,0,0.0149534613
modeliser-2.2,Comparer les différentes représentations numériques et symboliques des données,CAPT-Capt12,"Synchroniser les données issues de capteurs différents (IMU, GPS)",0,0.1039121691
modeliser-2.2,Comparer les différentes représentations numériques et symboliques des données,CAPT-Capt13,Prétraiter les données pour compenser les dérives ou biais,0,0.1275475351
modeliser-2.2,Comparer les différentes représentations numériques et symboliques des données,CAPT-Capt14,Mettre en œuvre un filtre de Kalman linéaire,0,0.0089111261
modeliser-2.2,Comparer les différentes représentations numériques et symboliques des données,CAPT-Capt15,Présenter les limites du modèle linéaire et expliquer le filtre de Kalman étendu,0,0.0746312743
modeliser-2.2,Comparer les différentes représentations numériques et symboliques des données,CAPT-Capt16,Expliquer les intérêts d’une fusion multi-capteurs pour la robustesse,0,0.0455388886
modeliser-2.2,Comparer les différentes représentations numériques et symboliques des données,CAPT-Capt17,Interpréter les résultats de la fusion dans le contexte de la navigation,0,0.0574422966
modeliser-2.2,Comparer les différentes représentations numériques et symboliques des données,CAPT-Capt18,Utiliser un capteur avec une carte raspberry,0,0.0191499442
modeliser-2.2,Comparer les différentes représentations numériques et symboliques des données,CAPT-Capt19,"Développer un programme python pour utiliser les capteurs ou pour traiter les données (filtre, kalman…)",0,0.0989146502
modeliser-2.3,Représenter dans le paradigme de la programmation orienté objet aussi bien les données que les fonctionnalités du problème,CAPT-Capt01,"Définir et classer les différents types de capteurs en fonction de leurs caractéristiques : actif/passif, nature du mesurande ou du signal de sortie, analogique/numérique/logique, mesure directe/indirecte",0,0.1285060411
modeliser-2.3,Représenter dans le paradigme de la programmation orienté objet aussi bien les données que les fonctionnalités du problème,CAPT-Capt02,Décrire les signaux/données d'entrée/sortie,0,0.1013117897
modeliser-2.3,Représenter dans le paradigme de la programmation orienté objet aussi bien les données que les fonctionnalités du problème,CAPT-Capt03,Définir les caractéristiques métrologiques des capteurs,0,0.0715919720
modeliser-2.3,Représenter dans le paradigme de la programmation orienté objet aussi bien les données que les fonctionnalités du problème,CAPT-Capt04,Caractériser les erreurs de mesures liées aux capteurs.,0,0.0788220282
modeliser-2.3,Représenter dans le paradigme de la programmation orienté objet aussi bien les données que les fonctionnalités du problème,CAPT-Capt05,"Interpréter la position dans différents repères de référence (géocentrique, terrestre, local, ENU, NED)",0,0.1141010512
modeliser-2.3,Représenter dans le paradigme de la programmation orienté objet aussi bien les données que les fonctionnalités du problème,CAPT-Capt06,Analyser des trames NMEA pour extraire les données utiles,0,0.0891508038
modeliser-2.3,Représenter dans le paradigme de la programmation orienté objet aussi bien les données que les fonctionnalités du problème,CAPT-Capt07,"Comparer différentes représentations de l’orientation (angles, matrices)",0,0.0529540151
modeliser-2.3,Représenter dans le paradigme de la programmation orienté objet aussi bien les données que les fonctionnalités du problème,CAPT-Capt08,"Décrire les principes physiques (semi-conducteur, laser) associés à des capteurs de perception",0,0.0724773474
modeliser-2.3,Représenter dans le paradigme de la programmation orienté objet aussi bien les données que les fonctionnalités du problème,CAPT-Capt09,"Comparer les performances des capteurs (portée, résolution, fréquence)",0,0.0631329937
modeliser-2.3,Représenter dans le paradigme de la programmation orienté objet aussi bien les données que les fonctionnalités du problème,CAPT-Capt10,Interpréter les résultats de détection ou de mesure de distance,0,0.1042222898
modeliser-2.3,Représenter dans le paradigme de la programmation orienté objet aussi bien les données que les fonctionnalités du problème,CAPT-Capt11,Appliquer un filtrage simple pour réduire le bruit sur un signal mesuré,0,0.0449616239
modeliser-2.3,Représenter dans le paradigme de la programmation orienté objet aussi bien les données que les fonctionnalités du problème,CAPT-Capt12,"Synchroniser les données issues de capteurs différents (IMU, GPS)",0,0.1172891414
modeliser-2.3,Représenter dans le paradigme de la programmation orienté objet aussi bien les données que les fonctionnalités du problème,CAPT-Capt13,Prétraiter les données pour compenser les dérives ou biais,0,0.1260075356
modeliser-2.3,Représenter dans le paradigme de la programmation orienté objet aussi bien les données que les fonctionnalités du problème,CAPT-Capt14,Mettre en œuvre un filtre de Kalman linéaire,0,0.0380532229
modeliser-2.3,Représenter dans le paradigme de la programmation orienté objet aussi bien les données que les fonctionnalités du problème,CAPT-Capt15,Présenter les limites du modèle linéaire et expliquer le filtre de Kalman étendu,0,0.1385047322
modeliser-2.3,Représenter dans le paradigme de la programmation orienté objet aussi bien les données que les fonctionnalités du problème,CAPT-Capt16,Expliquer les intérêts d’une fusion multi-capteurs pour la robustesse,0,0.0953398204
modeliser-2.3,Représenter dans le paradigme de la programmation orienté objet aussi bien les données que les fonctionnalités du problème,CAPT-Capt17,Interpréter les résultats de la fusion dans le contexte de la navigation,0,0.2539190613
modeliser-2.3,Représenter dans le paradigme de la programmation orienté objet aussi bien les données que les fonctionnalités du problème,CAPT-Capt18,Utiliser un capteur avec une carte raspberry,0,0.0293883592
modeliser-2.3,Représenter dans le paradigme de la programmation orienté objet aussi bien les données que les fonctionnalités du problème,CAPT-Capt19,"Développer un programme python pour utiliser les capteurs ou pour traiter les données (filtre, kalman…)",0,0.1144134946
modeliser-2.4,Identifier le fonctionnement et les différentes implantations des composants d’un ordinateur ou des systèmes électroniques,CAPT-Capt01,"Définir et classer les différents types de capteurs en fonction de leurs caractéristiques : actif/passif, nature du mesurande ou du signal de sortie, analogique/numérique/logique, mesure directe/indirecte",0,0.0902155243
modeliser-2.4,Identifier le fonctionnement et les différentes implantations des composants d’un ordinateur ou des systèmes électroniques,CAPT-Capt02,Décrire les signaux/données d'entrée/sortie,0,0.0514319025
modeliser-2.4,Identifier le fonctionnement et les différentes implantations des composants d’un ordinateur ou des systèmes électroniques,CAPT-Capt03,Définir les caractéristiques métrologiques des capteurs,0,0.1289349032
modeliser-2.4,Identifier le fonctionnement et les différentes implantations des composants d’un ordinateur ou des systèmes électroniques,CAPT-Capt04,Caractériser les erreurs de mesures liées aux capteurs.,0,0.0454456581
modeliser-2.4,Identifier le fonctionnement et les différentes implantations des composants d’un ordinateur ou des systèmes électroniques,CAPT-Capt05,"Interpréter la position dans différents repères de référence (géocentrique, terrestre, local, ENU, NED)",0,0.0310787618
modeliser-2.4,Identifier le fonctionnement et les différentes implantations des composants d’un ordinateur ou des systèmes électroniques,CAPT-Capt06,Analyser des trames NMEA pour extraire les données utiles,0,0.1015560553
modeliser-2.4,Identifier le fonctionnement et les différentes implantations des composants d’un ordinateur ou des systèmes électroniques,CAPT-Capt07,"Comparer différentes représentations de l’orientation (angles, matrices)",0,0.1316010782
modeliser-2.4,Identifier le fonctionnement et les différentes implantations des composants d’un ordinateur ou des systèmes électroniques,CAPT-Capt08,"Décrire les principes physiques (semi-conducteur, laser) associés à des capteurs de perception",0,0.0999857153
modeliser-2.4,Identifier le fonctionnement et les différentes implantations des composants d’un ordinateur ou des systèmes électroniques,CAPT-Capt09,"Comparer les performances des capteurs (portée, résolution, fréquence)",0,0.1110992350
modeliser-2.4,Identifier le fonctionnement et les différentes implantations des composants d’un ordinateur ou des systèmes électroniques,CAPT-Capt10,Interpréter les résultats de détection ou de mesure de distance,0,0.0996856105
modeliser-2.4,Identifier le fonctionnement et les différentes implantations des composants d’un ordinateur ou des systèmes électroniques,CAPT-Capt11,Appliquer un filtrage simple pour réduire le bruit sur un signal mesuré,0,0.0877007627
modeliser-2.4,Identifier le fonctionnement et les différentes implantations des composants d’un ordinateur ou des systèmes électroniques,CAPT-Capt12,"Synchroniser les données issues de capteurs différents (IMU, GPS)",0,0.0527593640
modeliser-2.4,Identifier le fonctionnement et les différentes implantations des composants d’un ordinateur ou des systèmes électroniques,CAPT-Capt13,Prétraiter les données pour compenser les dérives ou biais,0,0.1167440144
modeliser-2.4,Identifier le fonctionnement et les différentes implantations des composants d’un ordinateur ou des systèmes électroniques,CAPT-Capt14,Mettre en œuvre un filtre de Kalman linéaire,0,0.0444743237
modeliser-2.4,Identifier le fonctionnement et les différentes implantations des composants d’un ordinateur ou des systèmes électroniques,CAPT-Capt15,Présenter les limites du modèle linéaire et expliquer le filtre de Kalman étendu,0,0.0881978321
modeliser-2.4,Identifier le fonctionnement et les différentes implantations des composants d’un ordinateur ou des systèmes électroniques,CAPT-Capt16,Expliquer les intérêts d’une fusion multi-capteurs pour la robustesse,0,0.0493714575
modeliser-2.4,Identifier le fonctionnement et les différentes implantations des composants d’un ordinateur ou des systèmes électroniques,CAPT-Capt17,Interpréter les résultats de la fusion dans le contexte de la navigation,0,0.0768359813
modeliser-2.4,Identifier le fonctionnement et les différentes implantations des composants d’un ordinateur ou des systèmes électroniques,CAPT-Capt18,Utiliser un capteur avec une carte raspberry,0,0.0664179540
modeliser-2.4,Identifier le fonctionnement et les différentes implantations des composants d’un ordinateur ou des systèmes électroniques,CAPT-Capt19,"Développer un programme python pour utiliser les capteurs ou pour traiter les données (filtre, kalman…)",0,0.1243030486
modeliser-3.1,Normaliser des données pour appliquer un modèle,CAPT-Capt01,"Définir et classer les différents types de capteurs en fonction de leurs caractéristiques : actif/passif, nature du mesurande ou du signal de sortie, analogique/numérique/logique, mesure directe/indirecte",0,0.0323421746
modeliser-3.1,Normaliser des données pour appliquer un modèle,CAPT-Capt02,Décrire les signaux/données d'entrée/sortie,0,0.0947071981
modeliser-3.1,Normaliser des données pour appliquer un modèle,CAPT-Capt03,Définir les caractéristiques métrologiques des capteurs,0,0.1066049154
modeliser-3.1,Normaliser des données pour appliquer un modèle,CAPT-Capt04,Caractériser les erreurs de mesures liées aux capteurs.,0,0.0319100916
modeliser-3.1,Normaliser des données pour appliquer un modèle,CAPT-Capt05,"Interpréter la position dans différents repères de référence (géocentrique, terrestre, local, ENU, NED)",0,0.0376936436
modeliser-3.1,Normaliser des données pour appliquer un modèle,CAPT-Capt06,Analyser des trames NMEA pour extraire les données utiles,0,0.2130092776
modeliser-3.1,Normaliser des données pour appliquer un modèle,CAPT-Capt07,"Comparer différentes représentations de l’orientation (angles, matrices)",0,0.0454608142
modeliser-3.1,Normaliser des données pour appliquer un modèle,CAPT-Capt08,"Décrire les principes physiques (semi-conducteur, laser) associés à des capteurs de perception",0,0.0697198713
modeliser-3.1,Normaliser des données pour appliquer un modèle,CAPT-Capt09,"Comparer les performances des capteurs (portée, résolution, fréquence)",0,0.0870746364
modeliser-3.1,Normaliser des données pour appliquer un modèle,CAPT-Capt10,Interpréter les résultats de détection ou de mesure de distance,0,0.0287837863
modeliser-3.1,Normaliser des données pour appliquer un modèle,CAPT-Capt11,Appliquer un filtrage simple pour réduire le bruit sur un signal mesuré,0,0.2926270751
modeliser-3.1,Normaliser des données pour appliquer un modèle,CAPT-Capt12,"Synchroniser les données issues de capteurs différents (IMU, GPS)",0,0.0944169790
modeliser-3.1,Normaliser des données pour appliquer un modèle,CAPT-Capt13,Prétraiter les données pour compenser les dérives ou biais,0,0.1663637359
modeliser-3.1,Normaliser des données pour appliquer un modèle,CAPT-Capt14,Mettre en œuvre un filtre de Kalman linéaire,0,0.0774253586
modeliser-3.1,Normaliser des données pour appliquer un modèle,CAPT-Capt15,Présenter les limites du modèle linéaire et expliquer le filtre de Kalman étendu,0,0.1281585425
modeliser-3.1,Normaliser des données pour appliquer un modèle,CAPT-Capt16,Expliquer les intérêts d’une fusion multi-capteurs pour la robustesse,0,0.0965941942
modeliser-3.1,Normaliser des données pour appliquer un modèle,CAPT-Capt17,Interpréter les résultats de la fusion dans le contexte de la navigation,0,0.0269510418
modeliser-3.1,Normaliser des données pour appliquer un modèle,CAPT-Capt18,Utiliser un capteur avec une carte raspberry,0,0.0708264035
modeliser-3.1,Normaliser des données pour appliquer un modèle,CAPT-Capt19,"Développer un programme python pour utiliser les capteurs ou pour traiter les données (filtre, kalman…)",0,0.2301198020
modeliser-3.2,Caractériser les données pour en déduire le modèle,CAPT-Capt01,"Définir et classer les différents types de capteurs en fonction de leurs caractéristiques : actif/passif, nature du mesurande ou du signal de sortie, analogique/numérique/logique, mesure directe/indirecte",0,0.0851994271
modeliser-3.2,Caractériser les données pour en déduire le modèle,CAPT-Capt02,Décrire les signaux/données d'entrée/sortie,0,0.1279993847
modeliser-3.2,Caractériser les données pour en déduire le modèle,CAPT-Capt03,Définir les caractéristiques métrologiques des capteurs,0,0.0834681879
modeliser-3.2,Caractériser les données pour en déduire le modèle,CAPT-Capt04,Caractériser les erreurs de mesures liées aux capteurs.,0,0.1879021824
modeliser-3.2,Caractériser les données pour en déduire le modèle,CAPT-Capt05,"Interpréter la position dans différents repères de référence (géocentrique, terrestre, local, ENU, NED)",0,0.0316597372
modeliser-3.2,Caractériser les données pour en déduire le modèle,CAPT-Capt06,Analyser des trames NMEA pour extraire les données utiles,0,0.2036553628
modeliser-3.2,Caractériser les données pour en déduire le modèle,CAPT-Capt07,"Comparer différentes représentations de l’orientation (angles, matrices)",0,0.0445827901
modeliser-3.2,Caractériser les données pour en déduire le modèle,CAPT-Capt08,"Décrire les principes physiques (semi-conducteur, laser) associés à des capteurs de perception",0,0.0616002654
modeliser-3.2,Caractériser les données pour en déduire le modèle,CAPT-Capt09,"Comparer les performances des capteurs (portée, résolution, fréquence)",0,0.0715746690
modeliser-3.2,Caractériser les données pour en déduire le modèle,CAPT-Capt10,Interpréter les résultats de détection ou de mesure de distance,0,0.0681051917
modeliser-3.2,Caractériser les données pour en déduire le modèle,CAPT-Capt11,Appliquer un filtrage simple pour réduire le bruit sur un signal mesuré,0,0.1308155485
modeliser-3.2,Caractériser les données pour en déduire le modèle,CAPT-Capt12,"Synchroniser les données issues de capteurs différents (IMU, GPS)",0,0.1095279716
modeliser-3.2,Caractériser les données pour en déduire le modèle,CAPT-Capt13,Prétraiter les données pour compenser les dérives ou biais,0,0.2329059069
modeliser-3.2,Caractériser les données pour en déduire le modèle,CAPT-Capt14,Mettre en œuvre un filtre de Kalman linéaire,0,0.1081909064
modeliser-3.2,Caractériser les données pour en déduire le modèle,CAPT-Capt15,Présenter les limites du modèle linéaire et expliquer le filtre de Kalman étendu,0,0.2091266147
modeliser-3.2,Caractériser les données pour en déduire le modèle,CAPT-Capt16,Expliquer les intérêts d’une fusion multi-capteurs pour la robustesse,0,0.1259042408
modeliser-3.2,Caractériser les données pour en déduire le modèle,CAPT-Capt17,Interpréter les résultats de la fusion dans le contexte de la navigation,0,0.1114404963
modeliser-3.2,Caractériser les données pour en déduire le modèle,CAPT-Capt18,Utiliser un capteur avec une carte raspberry,0,0.0253598630
modeliser-3.2,Caractériser les données pour en déduire le modèle,CAPT-Capt19,"Développer un programme python pour utiliser les capteurs ou pour traiter les données (filtre, kalman…)",0,0.2451612241
modeliser-4.1,Transformer le modèle pour obtenir une résolution acceptable,CAPT-Capt01,"Définir et classer les différents types de capteurs en fonction de leurs caractéristiques : actif/passif, nature du mesurande ou du signal de sortie, analogique/numérique/logique, mesure directe/indirecte",0,0.0246459693
modeliser-4.1,Transformer le modèle pour obtenir une résolution acceptable,CAPT-Capt02,Décrire les signaux/données d'entrée/sortie,0,0.0205943942
modeliser-4.1,Transformer le modèle pour obtenir une résolution acceptable,CAPT-Capt03,Définir les caractéristiques métrologiques des capteurs,0,0.0314414561
modeliser-4.1,Transformer le modèle pour obtenir une résolution acceptable,CAPT-Capt04,Caractériser les erreurs de mesures liées aux capteurs.,0,0.0323294729
modeliser-4.1,Transformer le modèle pour obtenir une résolution acceptable,CAPT-Capt05,"Interpréter la position dans différents repères de référence (géocentrique, terrestre, local, ENU, NED)",0,0.0290424585
modeliser-4.1,Transformer le modèle pour obtenir une résolution acceptable,CAPT-Capt06,Analyser des trames NMEA pour extraire les données utiles,0,0.0918018315
modeliser-4.1,Transformer le modèle pour obtenir une résolution acceptable,CAPT-Capt07,"Comparer différentes représentations de l’orientation (angles, matrices)",0,0.0434927702
modeliser-4.1,Transformer le modèle pour obtenir une résolution acceptable,CAPT-Capt08,"Décrire les principes physiques (semi-conducteur, laser) associés à des capteurs de perception",0,0.0332229108
modeliser-4.1,Transformer le modèle pour obtenir une résolution acceptable,CAPT-Capt09,"Comparer les performances des capteurs (portée, résolution, fréquence)",0,0.1634799706
modeliser-4.1,Transformer le modèle pour obtenir une résolution acceptable,CAPT-Capt10,Interpréter les résultats de détection ou de mesure de distance,0,0.0267382860
modeliser-4.1,Transformer le modèle pour obtenir une résolution acceptable,CAPT-Capt11,Appliquer un filtrage simple pour réduire le bruit sur un signal mesuré,0,0.1213883203
modeliser-4.1,Transformer le modèle pour obtenir une résolution acceptable,CAPT-Capt12,"Synchroniser les données issues de capteurs différents (IMU, GPS)",0,0.0250969946
modeliser-4.1,Transformer le modèle pour obtenir une résolution acceptable,CAPT-Capt13,Prétraiter les données pour compenser les dérives ou biais,0,0.1098331917
modeliser-4.1,Transformer le modèle pour obtenir une résolution acceptable,CAPT-Capt14,Mettre en œuvre un filtre de Kalman linéaire,0,0.0299761891
modeliser-4.1,Transformer le modèle pour obtenir une résolution acceptable,CAPT-Capt15,Présenter les limites du modèle linéaire et expliquer le filtre de Kalman étendu,0,0.1610082559
modeliser-4.1,Transformer le modèle pour obtenir une résolution acceptable,CAPT-Capt16,Expliquer les intérêts d’une fusion multi-capteurs pour la robustesse,0,0.1540446958
modeliser-4.1,Transformer le modèle pour obtenir une résolution acceptable,CAPT-Capt17,Interpréter les résultats de la fusion dans le contexte de la navigation,0,0.0733421991
modeliser-4.1,Transformer le modèle pour obtenir une résolution acceptable,CAPT-Capt18,Utiliser un capteur avec une carte raspberry,0,0.0960397130
modeliser-4.1,Transformer le modèle pour obtenir une résolution acceptable,CAPT-Capt19,"Développer un programme python pour utiliser les capteurs ou pour traiter les données (filtre, kalman…)",0,0.1342312549
modeliser-4.2,Transformer les données pour obtenir une résolution acceptable,CAPT-Capt01,"Définir et classer les différents types de capteurs en fonction de leurs caractéristiques : actif/passif, nature du mesurande ou du signal de sortie, analogique/numérique/logique, mesure directe/indirecte",0,0.0447020281
modeliser-4.2,Transformer les données pour obtenir une résolution acceptable,CAPT-Capt02,Décrire les signaux/données d'entrée/sortie,0,0.1229933457
modeliser-4.2,Transformer les données pour obtenir une résolution acceptable,CAPT-Capt03,Définir les caractéristiques métrologiques des capteurs,0,0.0747171482
modeliser-4.2,Transformer les données pour obtenir une résolution acceptable,CAPT-Capt04,Caractériser les erreurs de mesures liées aux capteurs.,0,0.0669469728
modeliser-4.2,Transformer les données pour obtenir une résolution acceptable,CAPT-Capt05,"Interpréter la position dans différents repères de référence (géocentrique, terrestre, local, ENU, NED)",0,0.0308180302
modeliser-4.2,Transformer les données pour obtenir une résolution acceptable,CAPT-Capt06,Analyser des trames NMEA pour extraire les données utiles,0,0.1806138007
modeliser-4.2,Transformer les données pour obtenir une résolution acceptable,CAPT-Capt07,"Comparer différentes représentations de l’orientation (angles, matrices)",0,0.0358427614
modeliser-4.2,Transformer les données pour obtenir une résolution acceptable,CAPT-Capt08,"Décrire les principes physiques (semi-conducteur, laser) associés à des capteurs de perception",0,0.0626493930
modeliser-4.2,Transformer les données pour obtenir une résolution acceptable,CAPT-Capt09,"Comparer les performances des capteurs (portée, résolution, fréquence)",0,0.2130734871
modeliser-4.2,Transformer les données pour obtenir une résolution acceptable,CAPT-Capt10,Interpréter les résultats de détection ou de mesure de distance,0,0.0589427009
modeliser-4.2,Transformer les données pour obtenir une résolution acceptable,CAPT-Capt11,Appliquer un filtrage simple pour réduire le bruit sur un signal mesuré,0,0.0924817477
modeliser-4.2,Transformer les données pour obtenir une résolution acceptable,CAPT-Capt12,"Synchroniser les données issues de capteurs différents (IMU, GPS)",0,0.1012099766
modeliser-4.2,Transformer les données pour obtenir une résolution acceptable,CAPT-Capt13,Prétraiter les données pour compenser les dérives ou biais,0,0.2196604310
modeliser-4.2,Transformer les données pour obtenir une résolution acceptable,CAPT-Capt14,Mettre en œuvre un filtre de Kalman linéaire,0,0.0215317145
modeliser-4.2,Transformer les données pour obtenir une résolution acceptable,CAPT-Capt15,Présenter les limites du modèle linéaire et expliquer le filtre de Kalman étendu,0,0.0460117801
modeliser-4.2,Transformer les données pour obtenir une résolution acceptable,CAPT-Capt16,Expliquer les intérêts d’une fusion multi-capteurs pour la robustesse,0,0.1901325242
modeliser-4.2,Transformer les données pour obtenir une résolution acceptable,CAPT-Capt17,Interpréter les résultats de la fusion dans le contexte de la navigation,0,0.0567641710
modeliser-4.2,Transformer les données pour obtenir une résolution acceptable,CAPT-Capt18,Utiliser un capteur avec une carte raspberry,0,0.1052976399
modeliser-4.2,Transformer les données pour obtenir une résolution acceptable,CAPT-Capt19,"Développer un programme python pour utiliser les capteurs ou pour traiter les données (filtre, kalman…)",0,0.2229105693
modeliser-4.3,Construire les modèles statistiques adaptés aux données,CAPT-Capt01,"Définir et classer les différents types de capteurs en fonction de leurs caractéristiques : actif/passif, nature du mesurande ou du signal de sortie, analogique/numérique/logique, mesure directe/indirecte",0,0.0436926056
modeliser-4.3,Construire les modèles statistiques adaptés aux données,CAPT-Capt02,Décrire les signaux/données d'entrée/sortie,0,0.1140398958
modeliser-4.3,Construire les modèles statistiques adaptés aux données,CAPT-Capt03,Définir les caractéristiques métrologiques des capteurs,0,0.0759319414
modeliser-4.3,Construire les modèles statistiques adaptés aux données,CAPT-Capt04,Caractériser les erreurs de mesures liées aux capteurs.,0,0.1911501941
modeliser-4.3,Construire les modèles statistiques adaptés aux données,CAPT-Capt05,"Interpréter la position dans différents repères de référence (géocentrique, terrestre, local, ENU, NED)",0,0.0313767254
modeliser-4.3,Construire les modèles statistiques adaptés aux données,CAPT-Capt06,Analyser des trames NMEA pour extraire les données utiles,0,0.1101824243
modeliser-4.3,Construire les modèles statistiques adaptés aux données,CAPT-Capt07,"Comparer différentes représentations de l’orientation (angles, matrices)",0,0.0382972747
modeliser-4.3,Construire les modèles statistiques adaptés aux données,CAPT-Capt08,"Décrire les principes physiques (semi-conducteur, laser) associés à des capteurs de perception",0,0.0537506793
modeliser-4.3,Construire les modèles statistiques adaptés aux données,CAPT-Capt09,"Comparer les performances des capteurs (portée, résolution, fréquence)",0,0.0627221523
modeliser-4.3,Construire les modèles statistiques adaptés aux données,CAPT-Capt10,Interpréter les résultats de détection ou de mesure de distance,0,0.0569894601
modeliser-4.3,Construire les modèles statistiques adaptés aux données,CAPT-Capt11,Appliquer un filtrage simple pour réduire le bruit sur un signal mesuré,0,0.0205966920
modeliser-4.3,Construire les modèles statistiques adaptés aux données,CAPT-Capt12,"Synchroniser les données issues de capteurs différents (IMU, GPS)",0,0.0985789983
modeliser-4.3,Construire les modèles statistiques adaptés aux données,CAPT-Capt13,Prétraiter les données pour compenser les dérives ou biais,0,0.1389286896
modeliser-4.3,Construire les modèles statistiques adaptés aux données,CAPT-Capt14,Mettre en œuvre un filtre de Kalman linéaire,0,0.0200967506
modeliser-4.3,Construire les modèles statistiques adaptés aux données,CAPT-Capt15,Présenter les limites du modèle linéaire et expliquer le filtre de Kalman étendu,0,0.0484815161
modeliser-4.3,Construire les modèles statistiques adaptés aux données,CAPT-Capt16,Expliquer les intérêts d’une fusion multi-capteurs pour la robustesse,0,0.0454213083
modeliser-4.3,Construire les modèles statistiques adaptés aux données,CAPT-Capt17,Interpréter les résultats de la fusion dans le contexte de la navigation,0,0.0523015866
modeliser-4.3,Construire les modèles statistiques adaptés aux données,CAPT-Capt18,Utiliser un capteur avec une carte raspberry,0,0.0209289357
modeliser-4.3,Construire les modèles statistiques adaptés aux données,CAPT-Capt19,"Développer un programme python pour utiliser les capteurs ou pour traiter les données (filtre, kalman…)",0,0.1062069384
modeliser-4.4,Évaluer les besoins en ressources,CAPT-Capt01,"Définir et classer les différents types de capteurs en fonction de leurs caractéristiques : actif/passif, nature du mesurande ou du signal de sortie, analogique/numérique/logique, mesure directe/indirecte",0,0.0807870308
modeliser-4.4,Évaluer les besoins en ressources,CAPT-Capt02,Décrire les signaux/données d'entrée/sortie,0,0.0681043609
modeliser-4.4,Évaluer les besoins en ressources,CAPT-Capt03,Définir les caractéristiques métrologiques des capteurs,0,0.0811470796
modeliser-4.4,Évaluer les besoins en ressources,CAPT-Capt04,Caractériser les erreurs de mesures liées aux capteurs.,0,0.0600853486
modeliser-4.4,Évaluer les besoins en ressources,CAPT-Capt05,"Interpréter la position dans différents repères de référence (géocentrique, terrestre, local, ENU, NED)",0,0.0353874564
modeliser-4.4,Évaluer les besoins en ressources,CAPT-Capt06,Analyser des trames NMEA pour extraire les données utiles,0,0.0643916697
modeliser-4.4,Évaluer les besoins en ressources,CAPT-Capt07,"Comparer différentes représentations de l’orientation (angles, matrices)",0,0.0283117086
modeliser-4.4,Évaluer les besoins en ressources,CAPT-Capt08,"Décrire les principes physiques (semi-conducteur, laser) associés à des capteurs de perception",0,0.0508528930
modeliser-4.4,Évaluer les besoins en ressources,CAPT-Capt09,"Comparer les performances des capteurs (portée, résolution, fréquence)",0,0.0629307666
modeliser-4.4,Évaluer les besoins en ressources,CAPT-Capt10,Interpréter les résultats de détection ou de mesure de distance,0,0.0687984051
modeliser-4.4,Évaluer les besoins en ressources,CAPT-Capt11,Appliquer un filtrage simple pour réduire le bruit sur un signal mesuré,0,0.0195303783
modeliser-4.4,Évaluer les besoins en ressources,CAPT-Capt12,"Synchroniser les données issues de capteurs différents (IMU, GPS)",0,0.0519926186
modeliser-4.4,Évaluer les besoins en ressources,CAPT-Capt13,Prétraiter les données pour compenser les dérives ou biais,0,0.0957778216
modeliser-4.4,Évaluer les besoins en ressources,CAPT-Capt14,Mettre en œuvre un filtre de Kalman linéaire,0,0.1009695698
modeliser-4.4,Évaluer les besoins en ressources,CAPT-Capt15,Présenter les limites du modèle linéaire et expliquer le filtre de Kalman étendu,0,0.0439043744
modeliser-4.4,Évaluer les besoins en ressources,CAPT-Capt16,Expliquer les intérêts d’une fusion multi-capteurs pour la robustesse,0,0.0524659579
modeliser-4.4,Évaluer les besoins en ressources,CAPT-Capt17,Interpréter les résultats de la fusion dans le contexte de la navigation,0,0.0491339903
modeliser-4.4,Évaluer les besoins en ressources,CAPT-Capt18,Utiliser un capteur avec une carte raspberry,0,0.0214354783
modeliser-4.4,Évaluer les besoins en ressources,CAPT-Capt19,"Développer un programme python pour utiliser les capteurs ou pour traiter les données (filtre, kalman…)",0,0.0718824888
concevoir-1.1,Transposer une expression formelle en algorithme et vice-versa,CAPT-Capt01,"Définir et classer les différents types de capteurs en fonction de leurs caractéristiques : actif/passif, nature du mesurande ou du signal de sortie, analogique/numérique/logique, mesure directe/indirecte",0,0.0699950286
concevoir-1.1,Transposer une expression formelle en algorithme et vice-versa,CAPT-Capt02,Décrire les signaux/données d'entrée/sortie,0,0.0359816223
concevoir-1.1,Transposer une expression formelle en algorithme et vice-versa,CAPT-Capt03,Définir les caractéristiques métrologiques des capteurs,0,0.0218655556
concevoir-1.1,Transposer une expression formelle en algorithme et vice-versa,CAPT-Capt04,Caractériser les erreurs de mesures liées aux capteurs.,0,0.0218533188
concevoir-1.1,Transposer une expression formelle en algorithme et vice-versa,CAPT-Capt05,"Interpréter la position dans différents repères de référence (géocentrique, terrestre, local, ENU, NED)",0,0.0194264352
concevoir-1.1,Transposer une expression formelle en algorithme et vice-versa,CAPT-Capt06,Analyser des trames NMEA pour extraire les données utiles,0,0.0310979009
concevoir-1.1,Transposer une expression formelle en algorithme et vice-versa,CAPT-Capt07,"Comparer différentes représentations de l’orientation (angles, matrices)",0,0.0305464834
concevoir-1.1,Transposer une expression formelle en algorithme et vice-versa,CAPT-Capt08,"Décrire les principes physiques (semi-conducteur, laser) associés à des capteurs de perception",0,0.0269087374
concevoir-1.1,Transposer une expression formelle en algorithme et vice-versa,CAPT-Capt09,"Comparer les performances des capteurs (portée, résolution, fréquence)",0,0.0222203612
concevoir-1.1,Transposer une expression formelle en algorithme et vice-versa,CAPT-Capt10,Interpréter les résultats de détection ou de mesure de distance,0,0.0157529473
concevoir-1.1,Transposer une expression formelle en algorithme et vice-versa,CAPT-Capt11,Appliquer un filtrage simple pour réduire le bruit sur un signal mesuré,0,0.0218784153
concevoir-1.1,Transposer une expression formelle en algorithme et vice-versa,CAPT-Capt12,"Synchroniser les données issues de capteurs différents (IMU, GPS)",0,0.0214745611
concevoir-1.1,Transposer une expression formelle en algorithme et vice-versa,CAPT-Capt13,Prétraiter les données pour compenser les dérives ou biais,0,0.0306736976
concevoir-1.1,Transposer une expression formelle en algorithme et vice-versa,CAPT-Capt14,Mettre en œuvre un filtre de Kalman linéaire,0,0.1003243990
concevoir-1.1,Transposer une expression formelle en algorithme et vice-versa,CAPT-Capt15,Présenter les limites du modèle linéaire et expliquer le filtre de Kalman étendu,0,0.0647974763
concevoir-1.1,Transposer une expression formelle en algorithme et vice-versa,CAPT-Capt16,Expliquer les intérêts d’une fusion multi-capteurs pour la robustesse,0,0.0861094078
concevoir-1.1,Transposer une expression formelle en algorithme et vice-versa,CAPT-Capt17,Interpréter les résultats de la fusion dans le contexte de la navigation,0,0.0299828112
concevoir-1.1,Transposer une expression formelle en algorithme et vice-versa,CAPT-Capt18,Utiliser un capteur avec une carte raspberry,0,0.0844317292
concevoir-1.1,Transposer une expression formelle en algorithme et vice-versa,CAPT-Capt19,"Développer un programme python pour utiliser les capteurs ou pour traiter les données (filtre, kalman…)",0,0.0384809762
concevoir-1.2,Transposer une représentation formelle en structure de données et vice-versa,CAPT-Capt01,"Définir et classer les différents types de capteurs en fonction de leurs caractéristiques : actif/passif, nature du mesurande ou du signal de sortie, analogique/numérique/logique, mesure directe/indirecte",0,0.1085476321
concevoir-1.2,Transposer une représentation formelle en structure de données et vice-versa,CAPT-Capt02,Décrire les signaux/données d'entrée/sortie,0,0.0883632386
concevoir-1.2,Transposer une représentation formelle en structure de données et vice-versa,CAPT-Capt03,Définir les caractéristiques métrologiques des capteurs,0,0.0239484549
concevoir-1.2,Transposer une représentation formelle en structure de données et vice-versa,CAPT-Capt04,Caractériser les erreurs de mesures liées aux capteurs.,0,0.0435954070
concevoir-1.2,Transposer une représentation formelle en structure de données et vice-versa,CAPT-Capt05,"Interpréter la position dans différents repères de référence (géocentrique, terrestre, local, ENU, NED)",0,0.0489729013
concevoir-1.2,Transposer une représentation formelle en structure de données et vice-versa,CAPT-Capt06,Analyser des trames NMEA pour extraire les données utiles,0,0.0765717231
concevoir-1.2,Transposer une représentation formelle en structure de données et vice-versa,CAPT-Capt07,"Comparer différentes représentations de l’orientation (angles, matrices)",0,0.0620213510
concevoir-1.2,Transposer une représentation formelle en structure de données et vice-versa,CAPT-Capt08,"Décrire les principes physiques (semi-conducteur, laser) associés à des capteurs de perception",0,0.0510323734
concevoir-1.2,Transposer une représentation formelle en structure de données et vice-versa,CAPT-Capt09,"Comparer les performances des capteurs (portée, résolution, fréquence)",0,0.0294579089
concevoir-1.2,Transposer une représentation formelle en structure de données et vice-versa,CAPT-Capt10,Interpréter les résultats de détection ou de mesure de distance,0,0.0881118048
concevoir-1.2,Transposer une représentation formelle en structure de données et vice-versa,CAPT-Capt11,Appliquer un filtrage simple pour réduire le bruit sur un signal mesuré,0,0.0129910380
concevoir-1.2,Transposer une représentation formelle en structure de données et vice-versa,CAPT-Capt12,"Synchroniser les données issues de capteurs différents (IMU, GPS)",0,0.0903871338
concevoir-1.2,Transposer une représentation formelle en structure de données et vice-versa,CAPT-Capt13,Prétraiter les données pour compenser les dérives ou biais,0,0.0657474508
concevoir-1.2,Transposer une représentation formelle en structure de données et vice-versa,CAPT-Capt14,Mettre en œuvre un filtre de Kalman linéaire,0,0.1074447543
concevoir-1.2,Transposer une représentation formelle en structure de données et vice-versa,CAPT-Capt15,Présenter les limites du modèle linéaire et expliquer le filtre de Kalman étendu,0,0.0766435092
concevoir-1.2,Transposer une représentation formelle en structure de données et vice-versa,CAPT-Capt16,Expliquer les intérêts d’une fusion multi-capteurs pour la robustesse,0,0.0872183647
concevoir-1.2,Transposer une représentation formelle en structure de données et vice-versa,CAPT-Capt17,Interpréter les résultats de la fusion dans le contexte de la navigation,0,0.0703693436
concevoir-1.2,Transposer une représentation formelle en structure de données et vice-versa,CAPT-Capt18,Utiliser un capteur avec une carte raspberry,0,0.0843393038
concevoir-1.2,Transposer une représentation formelle en structure de données et vice-versa,CAPT-Capt19,"Développer un programme python pour utiliser les capteurs ou pour traiter les données (filtre, kalman…)",0,0.0558169742
concevoir-1.3,Intégrer des composants logiciels ou physiques au sein d’un système,CAPT-Capt01,"Définir et classer les différents types de capteurs en fonction de leurs caractéristiques : actif/passif, nature du mesurande ou du signal de sortie, analogique/numérique/logique, mesure directe/indirecte",0,0.0647006993
concevoir-1.3,Intégrer des composants logiciels ou physiques au sein d’un système,CAPT-Capt02,Décrire les signaux/données d'entrée/sortie,0,0.0218376920
concevoir-1.3,Intégrer des composants logiciels ou physiques au sein d’un système,CAPT-Capt03,Définir les caractéristiques métrologiques des capteurs,0,0.0710217880
concevoir-1.3,Intégrer des composants logiciels ou physiques au sein d’un système,CAPT-Capt04,Caractériser les erreurs de mesures liées aux capteurs.,0,0.0222263277
concevoir-1.3,Intégrer des composants logiciels ou physiques au sein d’un système,CAPT-Capt05,"Interpréter la position dans différents repères de référence (géocentrique, terrestre, local, ENU, NED)",0,0.0164268658
concevoir-1.3,Intégrer des composants logiciels ou physiques au sein d’un système,CAPT-Capt06,Analyser des trames NMEA pour extraire les données utiles,0,0.0518654406
concevoir-1.3,Intégrer des composants logiciels ou physiques au sein d’un système,CAPT-Capt07,"Comparer différentes représentations de l’orientation (angles, matrices)",0,0.0212608471
concevoir-1.3,Intégrer des composants logiciels ou physiques au sein d’un système,CAPT-Capt08,"Décrire les principes physiques (semi-conducteur, laser) associés à des capteurs de perception",0,0.1659018465
concevoir-1.3,Intégrer des composants logiciels ou physiques au sein d’un système,CAPT-Capt09,"Comparer les performances des capteurs (portée, résolution, fréquence)",0,0.0612503976
concevoir-1.3,Intégrer des composants logiciels ou physiques au sein d’un système,CAPT-Capt10,Interpréter les résultats de détection ou de mesure de distance,0,0.0780074218
concevoir-1.3,Intégrer des composants logiciels ou physiques au sein d’un système,CAPT-Capt11,Appliquer un filtrage simple pour réduire le bruit sur un signal mesuré,0,0.0729947997
concevoir-1.3,Intégrer des composants logiciels ou physiques au sein d’un système,CAPT-Capt12,"Synchroniser les données issues de capteurs différents (IMU, GPS)",0,0.0379436701
concevoir-1.3,Intégrer des composants logiciels ou physiques au sein d’un système,CAPT-Capt13,Prétraiter les données pour compenser les dérives ou biais,0,0.0895820382
concevoir-1.3,Intégrer des composants logiciels ou physiques au sein d’un système,CAPT-Capt14,Mettre en œuvre un filtre de Kalman linéaire,0,0.0572342872
concevoir-1.3,Intégrer des composants logiciels ou physiques au sein d’un système,CAPT-Capt15,Présenter les limites du modèle linéaire et expliquer le filtre de Kalman étendu,0,0.0144968957
concevoir-1.3,Intégrer des composants logiciels ou physiques au sein d’un système,CAPT-Capt16,Expliquer les intérêts d’une fusion multi-capteurs pour la robustesse,0,0.0354771227
concevoir-1.3,Intégrer des composants logiciels ou physiques au sein d’un système,CAPT-Capt17,Interpréter les résultats de la fusion dans le contexte de la navigation,0,0.0293058753
concevoir-1.3,Intégrer des composants logiciels ou physiques au sein d’un système,CAPT-Capt18,Utiliser un capteur avec une carte raspberry,0,0.0743422924
concevoir-1.3,Intégrer des composants logiciels ou physiques au sein d’un système,CAPT-Capt19,"Développer un programme python pour utiliser les capteurs ou pour traiter les données (filtre, kalman…)",0,0.1181553788
concevoir-2.1,Sélectionner les structures de données dont la complexité (en temps et en espace) est adaptée,CAPT-Capt01,"Définir et classer les différents types de capteurs en fonction de leurs caractéristiques : actif/passif, nature du mesurande ou du signal de sortie, analogique/numérique/logique, mesure directe/indirecte",0,0.1360324804
concevoir-2.1,Sélectionner les structures de données dont la complexité (en temps et en espace) est adaptée,CAPT-Capt02,Décrire les signaux/données d'entrée/sortie,0,0.0873684809
concevoir-2.1,Sélectionner les structures de données dont la complexité (en temps et en espace) est adaptée,CAPT-Capt03,Définir les caractéristiques métrologiques des capteurs,0,0.0606730092
concevoir-2.1,Sélectionner les structures de données dont la complexité (en temps et en espace) est adaptée,CAPT-Capt04,Caractériser les erreurs de mesures liées aux capteurs.,0,0.0649345446
concevoir-2.1,Sélectionner les structures de données dont la complexité (en temps et en espace) est adaptée,CAPT-Capt05,"Interpréter la position dans différents repères de référence (géocentrique, terrestre, local, ENU, NED)",0,0.0849777825
concevoir-2.1,Sélectionner les structures de données dont la complexité (en temps et en espace) est adaptée,CAPT-Capt06,Analyser des trames NMEA pour extraire les données utiles,0,0.0780180172
concevoir-2.1,Sélectionner les structures de données dont la complexité (en temps et en espace) est adaptée,CAPT-Capt07,"Comparer différentes représentations de l’orientation (angles, matrices)",0,0.0562082974
concevoir-2.1,Sélectionner les structures de données dont la complexité (en temps et en espace) est adaptée,CAPT-Capt08,"Décrire les principes physiques (semi-conducteur, laser) associés à des capteurs de perception",0,0.0659743516
concevoir-2.1,Sélectionner les structures de données dont la complexité (en temps et en espace) est adaptée,CAPT-Capt09,"Comparer les performances des capteurs (portée, résolution, fréquence)",0,0.0605510869
concevoir-2.1,Sélectionner les structures de données dont la complexité (en temps et en espace) est adaptée,CAPT-Capt10,Interpréter les résultats de détection ou de mesure de distance,0,0.1082305567
concevoir-2.1,Sélectionner les structures de données dont la complexité (en temps et en espace) est adaptée,CAPT-Capt11,Appliquer un filtrage simple pour réduire le bruit sur un signal mesuré,0,0.0250058442
concevoir-2.1,Sélectionner les structures de données dont la complexité (en temps et en espace) est adaptée,CAPT-Capt12,"Synchroniser les données issues de capteurs différents (IMU, GPS)",0,0.1048046609
concevoir-2.1,Sélectionner les structures de données dont la complexité (en temps et en espace) est adaptée,CAPT-Capt13,Prétraiter les données pour compenser les dérives ou biais,0,0.1042923543
concevoir-2.1,Sélectionner les structures de données dont la complexité (en temps et en espace) est adaptée,CAPT-Capt14,Mettre en œuvre un filtre de Kalman linéaire,0,0.1408867960
concevoir-2.1,Sélectionner les structures de données dont la complexité (en temps et en espace) est adaptée,CAPT-Capt15,Présenter les limites du modèle linéaire et expliquer le filtre de Kalman étendu,0,0.0839289738
concevoir-2.1,Sélectionner les structures de données dont la complexité (en temps et en espace) est adaptée,CAPT-Capt16,Expliquer les intérêts d’une fusion multi-capteurs pour la robustesse,0,0.0821605246
concevoir-2.1,Sélectionner les structures de données dont la complexité (en temps et en espace) est adaptée,CAPT-Capt17,Interpréter les résultats de la fusion dans le contexte de la navigation,0,0.1488938533
concevoir-2.1,Sélectionner les structures de données dont la complexité (en temps et en espace) est adaptée,CAPT-Capt18,Utiliser un capteur avec une carte raspberry,0,0.0181040481
concevoir-2.1,Sélectionner les structures de données dont la complexité (en temps et en espace) est adaptée,CAPT-Capt19,"Développer un programme python pour utiliser les capteurs ou pour traiter les données (filtre, kalman…)",0,0.0836833864
concevoir-2.2,Choisir les patrons de conception,CAPT-Capt01,"Définir et classer les différents types de capteurs en fonction de leurs caractéristiques : actif/passif, nature du mesurande ou du signal de sortie, analogique/numérique/logique, mesure directe/indirecte",0,0.0974564129
concevoir-2.2,Choisir les patrons de conception,CAPT-Capt02,Décrire les signaux/données d'entrée/sortie,0,0.0609086857
concevoir-2.2,Choisir les patrons de conception,CAPT-Capt03,Définir les caractéristiques métrologiques des capteurs,0,0.0770275117
concevoir-2.2,Choisir les patrons de conception,CAPT-Capt04,Caractériser les erreurs de mesures liées aux capteurs.,0,0.1005550494
concevoir-2.2,Choisir les patrons de conception,CAPT-Capt05,"Interpréter la position dans différents repères de référence (géocentrique, terrestre, local, ENU, NED)",0,0.0532017577
concevoir-2.2,Choisir les patrons de conception,CAPT-Capt06,Analyser des trames NMEA pour extraire les données utiles,0,0.0585567988
concevoir-2.2,Choisir les patrons de conception,CAPT-Capt07,"Comparer différentes représentations de l’orientation (angles, matrices)",0,0.0794654788
concevoir-2.2,Choisir les patrons de conception,CAPT-Capt08,"Décrire les principes physiques (semi-conducteur, laser) associés à des capteurs de perception",0,0.0846024692
concevoir-2.2,Choisir les patrons de conception,CAPT-Capt09,"Comparer les performances des capteurs (portée, résolution, fréquence)",0,0.0592131831
concevoir-2.2,Choisir les patrons de conception,CAPT-Capt10,Interpréter les résultats de détection ou de mesure de distance,0,0.1651132987
concevoir-2.2,Choisir les patrons de conception,CAPT-Capt11,Appliquer un filtrage simple pour réduire le bruit sur un signal mesuré,0,0.0141752541
concevoir-2.2,Choisir les patrons de conception,CAPT-Capt12,"Synchroniser les données issues de capteurs différents (IMU, GPS)",0,0.0924322850
concevoir-2.2,Choisir les patrons de conception,CAPT-Capt13,Prétraiter les données pour compenser les dérives ou biais,0,0.1020360549
concevoir-2.2,Choisir les patrons de conception,CAPT-Capt14,Mettre en œuvre un filtre de Kalman linéaire,0,0.0590392751
concevoir-2.2,Choisir les patrons de conception,CAPT-Capt15,Présenter les limites du modèle linéaire et expliquer le filtre de Kalman étendu,0,0.0786931960
concevoir-2.2,Choisir les patrons de conception,CAPT-Capt16,Expliquer les intérêts d’une fusion multi-capteurs pour la robustesse,0,0.0491445037
concevoir-2.2,Choisir les patrons de conception,CAPT-Capt17,Interpréter les résultats de la fusion dans le contexte de la navigation,0,0.1207328002
concevoir-2.2,Choisir les patrons de conception,CAPT-Capt18,Utiliser un capteur avec une carte raspberry,0,0.0130578399
concevoir-2.2,Choisir les patrons de conception,CAPT-Capt19,"Développer un programme python pour utiliser les capteurs ou pour traiter les données (filtre, kalman…)",0,0.0748749500
concevoir-2.3,Choisir le framework,CAPT-Capt01,"Définir et classer les différents types de capteurs en fonction de leurs caractéristiques : actif/passif, nature du mesurande ou du signal de sortie, analogique/numérique/logique, mesure directe/indirecte",0,0.0278583854
concevoir-2.3,Choisir le framework,CAPT-Capt02,Décrire les signaux/données d'entrée/sortie,0,0.0252637953
concevoir-2.3,Choisir le framework,CAPT-Capt03,Définir les caractéristiques métrologiques des capteurs,0,0.0354560673
concevoir-2.3,Choisir le framework,CAPT-Capt04,Caractériser les erreurs de mesures liées aux capteurs.,0,0.0258735061
concevoir-2.3,Choisir le framework,CAPT-Capt05,"Interpréter la position dans différents repères de référence (géocentrique, terrestre, local, ENU, NED)",0,0.0354721308
concevoir-2.3,Choisir le framework,CAPT-Capt06,Analyser des trames NMEA pour extraire les données utiles,0,0.0292467564
concevoir-2.3,Choisir le framework,CAPT-Capt07,"Comparer différentes représentations de l’orientation (angles, matrices)",0,0.0335273802
concevoir-2.3,Choisir le framework,CAPT-Capt08,"Décrire les principes physiques (semi-conducteur, laser) associés à des capteurs de perception",0,0.0294372439
concevoir-2.3,Choisir le framework,CAPT-Capt09,"Comparer les performances des capteurs (portée, résolution, fréquence)",0,0.0302614748
concevoir-2.3,Choisir le framework,CAPT-Capt10,Interpréter les résultats de détection ou de mesure de distance,0,0.0313734740
concevoir-2.3,Choisir le framework,CAPT-Capt11,Appliquer un filtrage simple pour réduire le bruit sur un signal mesuré,0,0.0880702755
concevoir-2.3,Choisir le framework,CAPT-Capt12,"Synchroniser les données issues de capteurs différents (IMU, GPS)",0,0.0214655921
concevoir-2.3,Choisir le framework,CAPT-Capt13,Prétraiter les données pour compenser les dérives ou biais,0,0.0265232146
concevoir-2.3,Choisir le framework,CAPT-Capt14,Mettre en œuvre un filtre de Kalman linéaire,0,0.0356273442
concevoir-2.3,Choisir le framework,CAPT-Capt15,Présenter les limites du modèle linéaire et expliquer le filtre de Kalman étendu,0,0.1077987492
concevoir-2.3,Choisir le framework,CAPT-Capt16,Expliquer les intérêts d’une fusion multi-capteurs pour la robustesse,0,0.0238617316
concevoir-2.3,Choisir le framework,CAPT-Capt17,Interpréter les résultats de la fusion dans le contexte de la navigation,0,0.1120733087
concevoir-2.3,Choisir le framework,CAPT-Capt18,Utiliser un capteur avec une carte raspberry,0,0.0188772038
concevoir-2.3,Choisir le framework,CAPT-Capt19,"Développer un programme python pour utiliser les capteurs ou pour traiter les données (filtre, kalman…)",0,0.0268924713
concevoir-2.4,"Prétraiter, estimer et prédire un signal à l’aide d’un système linéaire",CAPT-Capt01,"Définir et classer les différents types de capteurs en fonction de leurs caractéristiques : actif/passif, nature du mesurande ou du signal de sortie, analogique/numérique/logique, mesure directe/indirecte",0,0.1070554018
concevoir-2.4,"Prétraiter, estimer et prédire un signal à l’aide d’un système linéaire",CAPT-Capt02,Décrire les signaux/données d'entrée/sortie,0,0.0424380839
concevoir-2.4,"Prétraiter, estimer et prédire un signal à l’aide d’un système linéaire",CAPT-Capt03,Définir les caractéristiques métrologiques des capteurs,0,0.0438017368
concevoir-2.4,"Prétraiter, estimer et prédire un signal à l’aide d’un système linéaire",CAPT-Capt04,Caractériser les erreurs de mesures liées aux capteurs.,0,0.0325106561
concevoir-2.4,"Prétraiter, estimer et prédire un signal à l’aide d’un système linéaire",CAPT-Capt05,"Interpréter la position dans différents repères de référence (géocentrique, terrestre, local, ENU, NED)",0,0.0378368050
concevoir-2.4,"Prétraiter, estimer et prédire un signal à l’aide d’un système linéaire",CAPT-Capt06,Analyser des trames NMEA pour extraire les données utiles,0,0.0350241542
concevoir-2.4,"Prétraiter, estimer et prédire un signal à l’aide d’un système linéaire",CAPT-Capt07,"Comparer différentes représentations de l’orientation (angles, matrices)",0,0.0383481711
concevoir-2.4,"Prétraiter, estimer et prédire un signal à l’aide d’un système linéaire",CAPT-Capt08,"Décrire les principes physiques (semi-conducteur, laser) associés à des capteurs de perception",0,0.0431219667
concevoir-2.4,"Prétraiter, estimer et prédire un signal à l’aide d’un système linéaire",CAPT-Capt09,"Comparer les performances des capteurs (portée, résolution, fréquence)",0,0.0448306322
concevoir-2.4,"Prétraiter, estimer et prédire un signal à l’aide d’un système linéaire",CAPT-Capt10,Interpréter les résultats de détection ou de mesure de distance,0,0.0487544954
concevoir-2.4,"Prétraiter, estimer et prédire un signal à l’aide d’un système linéaire",CAPT-Capt11,Appliquer un filtrage simple pour réduire le bruit sur un signal mesuré,1,0.2232527587
concevoir-2.4,"Prétraiter, estimer et prédire un signal à l’aide d’un système linéaire",CAPT-Capt12,"Synchroniser les données issues de capteurs différents (IMU, GPS)",1,0.0374328315
concevoir-2.4,"Prétraiter, estimer et prédire un signal à l’aide d’un système linéaire",CAPT-Capt13,Prétraiter les données pour compenser les dérives ou biais,1,0.1521074905
concevoir-2.4,"Prétraiter, estimer et prédire un signal à l’aide d’un système linéaire",CAPT-Capt14,Mettre en œuvre un filtre de Kalman linéaire,1,0.2292543215
concevoir-2.4,"Prétraiter, estimer et prédire un signal à l’aide d’un système linéaire",CAPT-Capt15,Présenter les limites du modèle linéaire et expliquer le filtre de Kalman étendu,0,0.1463285864
concevoir-2.4,"Prétraiter, estimer et prédire un signal à l’aide d’un système linéaire",CAPT-Capt16,Expliquer les intérêts d’une fusion multi-capteurs pour la robustesse,0,0.0274564087
concevoir-2.4,"Prétraiter, estimer et prédire un signal à l’aide d’un système linéaire",CAPT-Capt17,Interpréter les résultats de la fusion dans le contexte de la navigation,0,0.0327004671
concevoir-2.4,"Prétraiter, estimer et prédire un signal à l’aide d’un système linéaire",CAPT-Capt18,Utiliser un capteur avec une carte raspberry,0,0.0993362385
concevoir-2.4,"Prétraiter, estimer et prédire un signal à l’aide d’un système linéaire",CAPT-Capt19,"Développer un programme python pour utiliser les capteurs ou pour traiter les données (filtre, kalman…)",1,0.0996498383
concevoir-2.5,Identifier le paradigme de traitement de données statistique,CAPT-Capt01,"Définir et classer les différents types de capteurs en fonction de leurs caractéristiques : actif/passif, nature du mesurande ou du signal de sortie, analogique/numérique/logique, mesure directe/indirecte",0,0.1225765129
concevoir-2.5,Identifier le paradigme de traitement de données statistique,CAPT-Capt02,Décrire les signaux/données d'entrée/sortie,0,0.0826475555
concevoir-2.5,Identifier le paradigme de traitement de données statistique,CAPT-Capt03,Définir les caractéristiques métrologiques des capteurs,0,0.0409780323
concevoir-2.5,Identifier le paradigme de traitement de données statistique,CAPT-Capt04,Caractériser les erreurs de mesures liées aux capteurs.,0,0.0851822983
concevoir-2.5,Identifier le paradigme de traitement de données statistique,CAPT-Capt05,"Interpréter la position dans différents repères de référence (géocentrique, terrestre, local, ENU, NED)",0,0.0792322507
concevoir-2.5,Identifier le paradigme de traitement de données statistique,CAPT-Capt06,Analyser des trames NMEA pour extraire les données utiles,0,0.0887644713
concevoir-2.5,Identifier le paradigme de traitement de données statistique,CAPT-Capt07,"Comparer différentes représentations de l’orientation (angles, matrices)",0,0.0963850447
concevoir-2.5,Identifier le paradigme de traitement de données statistique,CAPT-Capt08,"Décrire les principes physiques (semi-conducteur, laser) associés à des capteurs de perception",0,0.0814170371
concevoir-2.5,Identifier le paradigme de traitement de données statistique,CAPT-Capt09,"Comparer les performances des capteurs (portée, résolution, fréquence)",0,0.0344699919
concevoir-2.5,Identifier le paradigme de traitement de données statistique,CAPT-Capt10,Interpréter les résultats de détection ou de mesure de distance,0,0.2039437663
concevoir-2.5,Identifier le paradigme de traitement de données statistique,CAPT-Capt11,Appliquer un filtrage simple pour réduire le bruit sur un signal mesuré,0,0.0664129435
concevoir-2.5,Identifier le paradigme de traitement de données statistique,CAPT-Capt12,"Synchroniser les données issues de capteurs différents (IMU, GPS)",0,0.1288184545
concevoir-2.5,Identifier le paradigme de traitement de données statistique,CAPT-Capt13,Prétraiter les données pour compenser les dérives ou biais,0,0.0772813408
concevoir-2.5,Identifier le paradigme de traitement de données statistique,CAPT-Capt14,Mettre en œuvre un filtre de Kalman linéaire,0,0.0930319600
concevoir-2.5,Identifier le paradigme de traitement de données statistique,CAPT-Capt15,Présenter les limites du modèle linéaire et expliquer le filtre de Kalman étendu,0,0.1208053174
concevoir-2.5,Identifier le paradigme de traitement de données statistique,CAPT-Capt16,Expliquer les intérêts d’une fusion multi-capteurs pour la robustesse,0,0.0189041227
concevoir-2.5,Identifier le paradigme de traitement de données statistique,CAPT-Capt17,Interpréter les résultats de la fusion dans le contexte de la navigation,0,0.1833111336
concevoir-2.5,Identifier le paradigme de traitement de données statistique,CAPT-Capt18,Utiliser un capteur avec une carte raspberry,0,0.0194812864
concevoir-2.5,Identifier le paradigme de traitement de données statistique,CAPT-Capt19,"Développer un programme python pour utiliser les capteurs ou pour traiter les données (filtre, kalman…)",0,0.0651044738
concevoir-3.1,Évaluer la complexité du traitement,CAPT-Capt01,"Définir et classer les différents types de capteurs en fonction de leurs caractéristiques : actif/passif, nature du mesurande ou du signal de sortie, analogique/numérique/logique, mesure directe/indirecte",0,0.1245196557
concevoir-3.1,Évaluer la complexité du traitement,CAPT-Capt02,Décrire les signaux/données d'entrée/sortie,0,0.0209189072
concevoir-3.1,Évaluer la complexité du traitement,CAPT-Capt03,Définir les caractéristiques métrologiques des capteurs,0,0.0363835752
concevoir-3.1,Évaluer la complexité du traitement,CAPT-Capt04,Caractériser les erreurs de mesures liées aux capteurs.,0,0.0308236062
concevoir-3.1,Évaluer la complexité du traitement,CAPT-Capt05,"Interpréter la position dans différents repères de référence (géocentrique, terrestre, local, ENU, NED)",0,0.0832072226
concevoir-3.1,Évaluer la complexité du traitement,CAPT-Capt06,Analyser des trames NMEA pour extraire les données utiles,0,0.0174550563
concevoir-3.1,Évaluer la complexité du traitement,CAPT-Capt07,"Comparer différentes représentations de l’orientation (angles, matrices)",0,0.0248707429
concevoir-3.1,Évaluer la complexité du traitement,CAPT-Capt08,"Décrire les principes physiques (semi-conducteur, laser) associés à des capteurs de perception",0,0.0303167015
concevoir-3.1,Évaluer la complexité du traitement,CAPT-Capt09,"Comparer les performances des capteurs (portée, résolution, fréquence)",0,0.0358696371
concevoir-3.1,Évaluer la complexité du traitement,CAPT-Capt10,Interpréter les résultats de détection ou de mesure de distance,0,0.0428916484
concevoir-3.1,Évaluer la complexité du traitement,CAPT-Capt11,Appliquer un filtrage simple pour réduire le bruit sur un signal mesuré,0,0.0283628225
concevoir-3.1,Évaluer la complexité du traitement,CAPT-Capt12,"Synchroniser les données issues de capteurs différents (IMU, GPS)",0,0.0202150941
concevoir-3.1,Évaluer la complexité du traitement,CAPT-Capt13,Prétraiter les données pour compenser les dérives ou biais,0,0.0282916009
concevoir-3.1,Évaluer la complexité du traitement,CAPT-Capt14,Mettre en œuvre un filtre de Kalman linéaire,0,0.0275518537
concevoir-3.1,Évaluer la complexité du traitement,CAPT-Capt15,Présenter les limites du modèle linéaire et expliquer le filtre de Kalman étendu,0,0.1115540685
concevoir-3.1,Évaluer la complexité du traitement,CAPT-Capt16,Expliquer les intérêts d’une fusion multi-capteurs pour la robustesse,0,0.0981411856
concevoir-3.1,Évaluer la complexité du traitement,CAPT-Capt17,Interpréter les résultats de la fusion dans le contexte de la navigation,0,0.1592400001
concevoir-3.1,Évaluer la complexité du traitement,CAPT-Capt18,Utiliser un capteur avec une carte raspberry,0,0.0228195012
concevoir-3.1,Évaluer la complexité du traitement,CAPT-Capt19,"Développer un programme python pour utiliser les capteurs ou pour traiter les données (filtre, kalman…)",0,0.0261704773
concevoir-3.2,Intégrer des patrons de conception,CAPT-Capt01,"Définir et classer les différents types de capteurs en fonction de leurs caractéristiques : actif/passif, nature du mesurande ou du signal de sortie, analogique/numérique/logique, mesure directe/indirecte",0,0.0735454253
concevoir-3.2,Intégrer des patrons de conception,CAPT-Capt02,Décrire les signaux/données d'entrée/sortie,0,0.0228299543
concevoir-3.2,Intégrer des patrons de conception,CAPT-Capt03,Définir les caractéristiques métrologiques des capteurs,0,0.0940909133
concevoir-3.2,Intégrer des patrons de conception,CAPT-Capt04,Caractériser les erreurs de mesures liées aux capteurs.,0,0.0601111041
concevoir-3.2,Intégrer des patrons de conception,CAPT-Capt05,"Interpréter la position dans différents repères de référence (géocentrique, terrestre, local, ENU, NED)",0,0.0504472403
concevoir-3.2,Intégrer des patrons de conception,CAPT-Capt06,Analyser des trames NMEA pour extraire les données utiles,0,0.0757958771
concevoir-3.2,Intégrer des patrons de conception,CAPT-Capt07,"Comparer différentes représentations de l’orientation (angles, matrices)",0,0.0743178936
concevoir-3.2,Intégrer des patrons de conception,CAPT-Capt08,"Décrire les principes physiques (semi-conducteur, laser) associés à des capteurs de perception",0,0.0971785879
concevoir-3.2,Intégrer des patrons de conception,CAPT-Capt09,"Comparer les performances des capteurs (portée, résolution, fréquence)",0,0.0747057980
concevoir-3.2,Intégrer des patrons de conception,CAPT-Capt10,Interpréter les résultats de détection ou de mesure de distance,0,0.1231843639
concevoir-3.2,Intégrer des patrons de conception,CAPT-Capt11,Appliquer un filtrage simple pour réduire le bruit sur un signal mesuré,0,0.0148787752
concevoir-3.2,Intégrer des patrons de conception,CAPT-Capt12,"Synchroniser les données issues de capteurs différents (IMU, GPS)",0,0.0614707844
concevoir-3.2,Intégrer des patrons de conception,CAPT-Capt13,Prétraiter les données pour compenser les dérives ou biais,0,0.0306019783
concevoir-3.2,Intégrer des patrons de conception,CAPT-Capt14,Mettre en œuvre un filtre de Kalman linéaire,0,0.0589447613
concevoir-3.2,Intégrer des patrons de conception,CAPT-Capt15,Présenter les limites du modèle linéaire et expliquer le filtre de Kalman étendu,0,0.0476196950
concevoir-3.2,Intégrer des patrons de conception,CAPT-Capt16,Expliquer les intérêts d’une fusion multi-capteurs pour la robustesse,0,0.0267562866
concevoir-3.2,Intégrer des patrons de conception,CAPT-Capt17,Interpréter les résultats de la fusion dans le contexte de la navigation,0,0.0910269037
concevoir-3.2,Intégrer des patrons de conception,CAPT-Capt18,Utiliser un capteur avec une carte raspberry,0,0.0157918855
concevoir-3.2,Intégrer des patrons de conception,CAPT-Capt19,"Développer un programme python pour utiliser les capteurs ou pour traiter les données (filtre, kalman…)",0,0.0212302282
concevoir-3.3,Adapter le framework,CAPT-Capt01,"Définir et classer les différents types de capteurs en fonction de leurs caractéristiques : actif/passif, nature du mesurande ou du signal de sortie, analogique/numérique/logique, mesure directe/indirecte",0,0.0257884681
concevoir-3.3,Adapter le framework,CAPT-Capt02,Décrire les signaux/données d'entrée/sortie,0,0.0204761356
concevoir-3.3,Adapter le framework,CAPT-Capt03,Définir les caractéristiques métrologiques des capteurs,0,0.0309333414
concevoir-3.3,Adapter le framework,CAPT-Capt04,Caractériser les erreurs de mesures liées aux capteurs.,0,0.0292942017
concevoir-3.3,Adapter le framework,CAPT-Capt05,"Interpréter la position dans différents repères de référence (géocentrique, terrestre, local, ENU, NED)",0,0.0302209914
concevoir-3.3,Adapter le framework,CAPT-Capt06,Analyser des trames NMEA pour extraire les données utiles,0,0.0237858981
concevoir-3.3,Adapter le framework,CAPT-Capt07,"Comparer différentes représentations de l’orientation (angles, matrices)",0,0.0266861409
concevoir-3.3,Adapter le framework,CAPT-Capt08,"Décrire les principes physiques (semi-conducteur, laser) associés à des capteurs de perception",0,0.0262234807
concevoir-3.3,Adapter le framework,CAPT-Capt09,"Comparer les performances des capteurs (portée, résolution, fréquence)",0,0.0288219660
concevoir-3.3,Adapter le framework,CAPT-Capt10,Interpréter les résultats de détection ou de mesure de distance,0,0.0229807824
concevoir-3.3,Adapter le framework,CAPT-Capt11,Appliquer un filtrage simple pour réduire le bruit sur un signal mesuré,0,0.0862162751
concevoir-3.3,Adapter le framework,CAPT-Capt12,"Synchroniser les données issues de capteurs différents (IMU, GPS)",0,0.0224875301
concevoir-3.3,Adapter le framework,CAPT-Capt13,Prétraiter les données pour compenser les dérives ou biais,0,0.0330906331
concevoir-3.3,Adapter le framework,CAPT-Capt14,Mettre en œuvre un filtre de Kalman linéaire,0,0.0300003231
concevoir-3.3,Adapter le framework,CAPT-Capt15,Présenter les limites du modèle linéaire et expliquer le filtre de Kalman étendu,0,0.0939076382
concevoir-3.3,Adapter le framework,CAPT-Capt16,Expliquer les intérêts d’une fusion multi-capteurs pour la robustesse,0,0.0241788506
concevoir-3.3,Adapter le framework,CAPT-Capt17,Interpréter les résultats de la fusion dans le contexte de la navigation,0,0.0999052466
concevoir-3.3,Adapter le framework,CAPT-Capt18,Utiliser un capteur avec une carte raspberry,0,0.0194922030
concevoir-3.3,Adapter le framework,CAPT-Capt19,"Développer un programme python pour utiliser les capteurs ou pour traiter les données (filtre, kalman…)",0,0.0295627505
concevoir-3.4,Échanger de manière adaptée et sécurisée les données,CAPT-Capt01,"Définir et classer les différents types de capteurs en fonction de leurs caractéristiques : actif/passif, nature du mesurande ou du signal de sortie, analogique/numérique/logique, mesure directe/indirecte",0,0.1102735682
concevoir-3.4,Échanger de manière adaptée et sécurisée les données,CAPT-Capt02,Décrire les signaux/données d'entrée/sortie,0,0.1298912141
concevoir-3.4,Échanger de manière adaptée et sécurisée les données,CAPT-Capt03,Définir les caractéristiques métrologiques des capteurs,0,0.0667284817
concevoir-3.4,Échanger de manière adaptée et sécurisée les données,CAPT-Capt04,Caractériser les erreurs de mesures liées aux capteurs.,0,0.0855011022
concevoir-3.4,Échanger de manière adaptée et sécurisée les données,CAPT-Capt05,"Interpréter la position dans différents repères de référence (géocentrique, terrestre, local, ENU, NED)",0,0.0466841953
concevoir-3.4,Échanger de manière adaptée et sécurisée les données,CAPT-Capt06,Analyser des trames NMEA pour extraire les données utiles,0,0.1073726193
concevoir-3.4,Échanger de manière adaptée et sécurisée les données,CAPT-Capt07,"Comparer différentes représentations de l’orientation (angles, matrices)",0,0.0490542767
concevoir-3.4,Échanger de manière adaptée et sécurisée les données,CAPT-Capt08,"Décrire les principes physiques (semi-conducteur, laser) associés à des capteurs de perception",0,0.0760855214
concevoir-3.4,Échanger de manière adaptée et sécurisée les données,CAPT-Capt09,"Comparer les performances des capteurs (portée, résolution, fréquence)",0,0.0597857101
concevoir-3.4,Échanger de manière adaptée et sécurisée les données,CAPT-Capt10,Interpréter les résultats de détection ou de mesure de distance,0,0.1366091200
concevoir-3.4,Échanger de manière adaptée et sécurisée les données,CAPT-Capt11,Appliquer un filtrage simple pour réduire le bruit sur un signal mesuré,0,0.0188997179
concevoir-3.4,Échanger de manière adaptée et sécurisée les données,CAPT-Capt12,"Synchroniser les données issues de capteurs différents (IMU, GPS)",0,0.1395702534
concevoir-3.4,Échanger de manière adaptée et sécurisée les données,CAPT-Capt13,Prétraiter les données pour compenser les dérives ou biais,0,0.1304255555
concevoir-3.4,Échanger de manière adaptée et sécurisée les données,CAPT-Capt14,Mettre en œuvre un filtre de Kalman linéaire,0,0.0453461887
concevoir-3.4,Échanger de manière adaptée et sécurisée les données,CAPT-Capt15,Présenter les limites du modèle linéaire et expliquer le filtre de Kalman étendu,0,0.0985077435
concevoir-3.4,Échanger de manière adaptée et sécurisée les données,CAPT-Capt16,Expliquer les intérêts d’une fusion multi-capteurs pour la robustesse,0,0.0514961404
concevoir-3.4,Échanger de manière adaptée et sécurisée les données,CAPT-Capt17,Interpréter les résultats de la fusion dans le contexte de la navigation,0,0.1008769114
concevoir-3.4,Échanger de manière adaptée et sécurisée les données,CAPT-Capt18,Utiliser un capteur avec une carte raspberry,0,0.0186005771
concevoir-3.4,Échanger de manière adaptée et sécurisée les données,CAPT-Capt19,"Développer un programme python pour utiliser les capteurs ou pour traiter les données (filtre, kalman…)",0,0.1037744554
concevoir-4.1,Aligner des structures de données issues de différents paradigmes,CAPT-Capt01,"Définir et classer les différents types de capteurs en fonction de leurs caractéristiques : actif/passif, nature du mesurande ou du signal de sortie, analogique/numérique/logique, mesure directe/indirecte",0,0.1655828397
concevoir-4.1,Aligner des structures de données issues de différents paradigmes,CAPT-Capt02,Décrire les signaux/données d'entrée/sortie,0,0.0774541652
concevoir-4.1,Aligner des structures de données issues de différents paradigmes,CAPT-Capt03,Définir les caractéristiques métrologiques des capteurs,0,0.0756418899
concevoir-4.1,Aligner des structures de données issues de différents paradigmes,CAPT-Capt04,Caractériser les erreurs de mesures liées aux capteurs.,0,0.0764720201
concevoir-4.1,Aligner des structures de données issues de différents paradigmes,CAPT-Capt05,"Interpréter la position dans différents repères de référence (géocentrique, terrestre, local, ENU, NED)",0,0.1570654508
concevoir-4.1,Aligner des structures de données issues de différents paradigmes,CAPT-Capt06,Analyser des trames NMEA pour extraire les données utiles,0,0.1119202452
concevoir-4.1,Aligner des structures de données issues de différents paradigmes,CAPT-Capt07,"Comparer différentes représentations de l’orientation (angles, matrices)",0,0.1022461691
concevoir-4.1,Aligner des structures de données issues de différents paradigmes,CAPT-Capt08,"Décrire les principes physiques (semi-conducteur, laser) associés à des capteurs de perception",0,0.1035367662
concevoir-4.1,Aligner des structures de données issues de différents paradigmes,CAPT-Capt09,"Comparer les performances des capteurs (portée, résolution, fréquence)",0,0.0737557978
concevoir-4.1,Aligner des structures de données issues de différents paradigmes,CAPT-Capt10,Interpréter les résultats de détection ou de mesure de distance,0,0.1748468159
concevoir-4.1,Aligner des structures de données issues de différents paradigmes,CAPT-Capt11,Appliquer un filtrage simple pour réduire le bruit sur un signal mesuré,0,0.0157940343
concevoir-4.1,Aligner des structures de données issues de différents paradigmes,CAPT-Capt12,"Synchroniser les données issues de capteurs différents (IMU, GPS)",0,0.3869103468
concevoir-4.1,Aligner des structures de données issues de différents paradigmes,CAPT-Capt13,Prétraiter les données pour compenser les dérives ou biais,0,0.0653068496
concevoir-4.1,Aligner des structures de données issues de différents paradigmes,CAPT-Capt14,Mettre en œuvre un filtre de Kalman linéaire,0,0.0807223996
concevoir-4.1,Aligner des structures de données issues de différents paradigmes,CAPT-Capt15,Présenter les limites du modèle linéaire et expliquer le filtre de Kalman étendu,0,0.0722352416
concevoir-4.1,Aligner des structures de données issues de différents paradigmes,CAPT-Capt16,Expliquer les intérêts d’une fusion multi-capteurs pour la robustesse,0,0.0314124227
concevoir-4.1,Aligner des structures de données issues de différents paradigmes,CAPT-Capt17,Interpréter les résultats de la fusion dans le contexte de la navigation,0,0.1224685213
concevoir-4.1,Aligner des structures de données issues de différents paradigmes,CAPT-Capt18,Utiliser un capteur avec une carte raspberry,0,0.0139057815
concevoir-4.1,Aligner des structures de données issues de différents paradigmes,CAPT-Capt19,"Développer un programme python pour utiliser les capteurs ou pour traiter les données (filtre, kalman…)",0,0.0549444397
concevoir-4.2,Choisir le paradigme de programmation le mieux adapté aux traitements,CAPT-Capt01,"Définir et classer les différents types de capteurs en fonction de leurs caractéristiques : actif/passif, nature du mesurande ou du signal de sortie, analogique/numérique/logique, mesure directe/indirecte",0,0.0653238541
concevoir-4.2,Choisir le paradigme de programmation le mieux adapté aux traitements,CAPT-Capt02,Décrire les signaux/données d'entrée/sortie,0,0.0162593305
concevoir-4.2,Choisir le paradigme de programmation le mieux adapté aux traitements,CAPT-Capt03,Définir les caractéristiques métrologiques des capteurs,0,0.0324293107
concevoir-4.2,Choisir le paradigme de programmation le mieux adapté aux traitements,CAPT-Capt04,Caractériser les erreurs de mesures liées aux capteurs.,0,0.1579957591
concevoir-4.2,Choisir le paradigme de programmation le mieux adapté aux traitements,CAPT-Capt05,"Interpréter la position dans différents repères de référence (géocentrique, terrestre, local, ENU, NED)",0,0.0369920668
concevoir-4.2,Choisir le paradigme de programmation le mieux adapté aux traitements,CAPT-Capt06,Analyser des trames NMEA pour extraire les données utiles,0,0.0268563807
concevoir-4.2,Choisir le paradigme de programmation le mieux adapté aux traitements,CAPT-Capt07,"Comparer différentes représentations de l’orientation (angles, matrices)",0,0.0516180160
concevoir-4.2,Choisir le paradigme de programmation le mieux adapté aux traitements,CAPT-Capt08,"Décrire les principes physiques (semi-conducteur, laser) associés à des capteurs de perception",0,0.0471835413
concevoir-4.2,Choisir le paradigme de programmation le mieux adapté aux traitements,CAPT-Capt09,"Comparer les performances des capteurs (portée, résolution, fréquence)",0,0.0255234808
concevoir-4.2,Choisir le paradigme de programmation le mieux adapté aux traitements,CAPT-Capt10,Interpréter les résultats de détection ou de mesure de distance,0,0.0865140946
concevoir-4.2,Choisir le paradigme de programmation le mieux adapté aux traitements,CAPT-Capt11,Appliquer un filtrage simple pour réduire le bruit sur un signal mesuré,0,0.0903355256
concevoir-4.2,Choisir le paradigme de programmation le mieux adapté aux traitements,CAPT-Capt12,"Synchroniser les données issues de capteurs différents (IMU, GPS)",0,0.0447055209
concevoir-4.2,Choisir le paradigme de programmation le mieux adapté aux traitements,CAPT-Capt13,Prétraiter les données pour compenser les dérives ou biais,0,0.0365813017
concevoir-4.2,Choisir le paradigme de programmation le mieux adapté aux traitements,CAPT-Capt14,Mettre en œuvre un filtre de Kalman linéaire,0,0.0620827609
concevoir-4.2,Choisir le paradigme de programmation le mieux adapté aux traitements,CAPT-Capt15,Présenter les limites du modèle linéaire et expliquer le filtre de Kalman étendu,0,0.1147718246
concevoir-4.2,Choisir le paradigme de programmation le mieux adapté aux traitements,CAPT-Capt16,Expliquer les intérêts d’une fusion multi-capteurs pour la robustesse,0,0.0216062352
concevoir-4.2,Choisir le paradigme de programmation le mieux adapté aux traitements,CAPT-Capt17,Interpréter les résultats de la fusion dans le contexte de la navigation,0,0.1450354240
concevoir-4.2,Choisir le paradigme de programmation le mieux adapté aux traitements,CAPT-Capt18,Utiliser un capteur avec une carte raspberry,0,0.0262874424
concevoir-4.2,Choisir le paradigme de programmation le mieux adapté aux traitements,CAPT-Capt19,"Développer un programme python pour utiliser les capteurs ou pour traiter les données (filtre, kalman…)",0,0.0500609755
concevoir-4.3,Choisir les patrons d'architecture,CAPT-Capt01,"Définir et classer les différents types de capteurs en fonction de leurs caractéristiques : actif/passif, nature du mesurande ou du signal de sortie, analogique/numérique/logique, mesure directe/indirecte",0,0.0388227751
concevoir-4.3,Choisir les patrons d'architecture,CAPT-Capt02,Décrire les signaux/données d'entrée/sortie,0,0.0608805684
concevoir-4.3,Choisir les patrons d'architecture,CAPT-Capt03,Définir les caractéristiques métrologiques des capteurs,0,0.0707836364
concevoir-4.3,Choisir les patrons d'architecture,CAPT-Capt04,Caractériser les erreurs de mesures liées aux capteurs.,0,0.0581602447
concevoir-4.3,Choisir les patrons d'architecture,CAPT-Capt05,"Interpréter la position dans différents repères de référence (géocentrique, terrestre, local, ENU, NED)",0,0.0245985836
concevoir-4.3,Choisir les patrons d'architecture,CAPT-Capt06,Analyser des trames NMEA pour extraire les données utiles,0,0.0557558387
concevoir-4.3,Choisir les patrons d'architecture,CAPT-Capt07,"Comparer différentes représentations de l’orientation (angles, matrices)",0,0.0433816552
concevoir-4.3,Choisir les patrons d'architecture,CAPT-Capt08,"Décrire les principes physiques (semi-conducteur, laser) associés à des capteurs de perception",0,0.0500799710
concevoir-4.3,Choisir les patrons d'architecture,CAPT-Capt09,"Comparer les performances des capteurs (portée, résolution, fréquence)",0,0.0576713045
concevoir-4.3,Choisir les patrons d'architecture,CAPT-Capt10,Interpréter les résultats de détection ou de mesure de distance,0,0.0576036756
concevoir-4.3,Choisir les patrons d'architecture,CAPT-Capt11,Appliquer un filtrage simple pour réduire le bruit sur un signal mesuré,0,0.0101767845
concevoir-4.3,Choisir les patrons d'architecture,CAPT-Capt12,"Synchroniser les données issues de capteurs différents (IMU, GPS)",0,0.0528686491
concevoir-4.3,Choisir les patrons d'architecture,CAPT-Capt13,Prétraiter les données pour compenser les dérives ou biais,0,0.0979085618
concevoir-4.3,Choisir les patrons d'architecture,CAPT-Capt14,Mettre en œuvre un filtre de Kalman linéaire,0,0.0117150456
concevoir-4.3,Choisir les patrons d'architecture,CAPT-Capt15,Présenter les limites du modèle linéaire et expliquer le filtre de Kalman étendu,0,0.0433042560
concevoir-4.3,Choisir les patrons d'architecture,CAPT-Capt16,Expliquer les intérêts d’une fusion multi-capteurs pour la robustesse,0,0.0486383932
concevoir-4.3,Choisir les patrons d'architecture,CAPT-Capt17,Interpréter les résultats de la fusion dans le contexte de la navigation,0,0.0481162172
concevoir-4.3,Choisir les patrons d'architecture,CAPT-Capt18,Utiliser un capteur avec une carte raspberry,0,0.0091722101
concevoir-4.3,Choisir les patrons d'architecture,CAPT-Capt19,"Développer un programme python pour utiliser les capteurs ou pour traiter les données (filtre, kalman…)",0,0.0740710694
concevoir-4.4,"Prétraiter, estimer et prédire un signal à l’aide d’un système non linéaire",CAPT-Capt01,"Définir et classer les différents types de capteurs en fonction de leurs caractéristiques : actif/passif, nature du mesurande ou du signal de sortie, analogique/numérique/logique, mesure directe/indirecte",0,0.1072914735
concevoir-4.4,"Prétraiter, estimer et prédire un signal à l’aide d’un système non linéaire",CAPT-Capt02,Décrire les signaux/données d'entrée/sortie,0,0.0336792707
concevoir-4.4,"Prétraiter, estimer et prédire un signal à l’aide d’un système non linéaire",CAPT-Capt03,Définir les caractéristiques métrologiques des capteurs,0,0.0387200057
concevoir-4.4,"Prétraiter, estimer et prédire un signal à l’aide d’un système non linéaire",CAPT-Capt04,Caractériser les erreurs de mesures liées aux capteurs.,0,0.0363546848
concevoir-4.4,"Prétraiter, estimer et prédire un signal à l’aide d’un système non linéaire",CAPT-Capt05,"Interpréter la position dans différents repères de référence (géocentrique, terrestre, local, ENU, NED)",0,0.0418953657
concevoir-4.4,"Prétraiter, estimer et prédire un signal à l’aide d’un système non linéaire",CAPT-Capt06,Analyser des trames NMEA pour extraire les données utiles,0,0.0281091541
concevoir-4.4,"Prétraiter, estimer et prédire un signal à l’aide d’un système non linéaire",CAPT-Capt07,"Comparer différentes représentations de l’orientation (angles, matrices)",0,0.0337006837
concevoir-4.4,"Prétraiter, estimer et prédire un signal à l’aide d’un système non linéaire",CAPT-Capt08,"Décrire les principes physiques (semi-conducteur, laser) associés à des capteurs de perception",0,0.0375958264
concevoir-4.4,"Prétraiter, estimer et prédire un signal à l’aide d’un système non linéaire",CAPT-Capt09,"Comparer les performances des capteurs (portée, résolution, fréquence)",0,0.0406671703
concevoir-4.4,"Prétraiter, estimer et prédire un signal à l’aide d’un système non linéaire",CAPT-Capt10,Interpréter les résultats de détection ou de mesure de distance,0,0.0490478486
concevoir-4.4,"Prétraiter, estimer et prédire un signal à l’aide d’un système non linéaire",CAPT-Capt11,Appliquer un filtrage simple pour réduire le bruit sur un signal mesuré,0,0.2149191464
concevoir-4.4,"Prétraiter, estimer et prédire un signal à l’aide d’un système non linéaire",CAPT-Capt12,"Synchroniser les données issues de capteurs différents (IMU, GPS)",0,0.0294709206
concevoir-4.4,"Prétraiter, estimer et prédire un signal à l’aide d’un système non linéaire",CAPT-Capt13,Prétraiter les données pour compenser les dérives ou biais,0,0.1469276817
concevoir-4.4,"Prétraiter, estimer et prédire un signal à l’aide d’un système non linéaire",CAPT-Capt14,Mettre en œuvre un filtre de Kalman linéaire,0,0.2081736688
concevoir-4.4,"Prétraiter, estimer et prédire un signal à l’aide d’un système non linéaire",CAPT-Capt15,Présenter les limites du modèle linéaire et expliquer le filtre de Kalman étendu,0,0.1366016767
concevoir-4.4,"Prétraiter, estimer et prédire un signal à l’aide d’un système non linéaire",CAPT-Capt16,Expliquer les intérêts d’une fusion multi-capteurs pour la robustesse,0,0.0215700984
concevoir-4.4,"Prétraiter, estimer et prédire un signal à l’aide d’un système non linéaire",CAPT-Capt17,Interpréter les résultats de la fusion dans le contexte de la navigation,0,0.0278858662
concevoir-4.4,"Prétraiter, estimer et prédire un signal à l’aide d’un système non linéaire",CAPT-Capt18,Utiliser un capteur avec une carte raspberry,0,0.0960002848
concevoir-4.4,"Prétraiter, estimer et prédire un signal à l’aide d’un système non linéaire",CAPT-Capt19,"Développer un programme python pour utiliser les capteurs ou pour traiter les données (filtre, kalman…)",0,0.0941154734
concevoir-4.5,Échanger de manière adaptée et sécurisée les données en temps réel,CAPT-Capt01,"Définir et classer les différents types de capteurs en fonction de leurs caractéristiques : actif/passif, nature du mesurande ou du signal de sortie, analogique/numérique/logique, mesure directe/indirecte",0,0.1250744557
concevoir-4.5,Échanger de manière adaptée et sécurisée les données en temps réel,CAPT-Capt02,Décrire les signaux/données d'entrée/sortie,0,0.1178643477
concevoir-4.5,Échanger de manière adaptée et sécurisée les données en temps réel,CAPT-Capt03,Définir les caractéristiques métrologiques des capteurs,0,0.0626659143
concevoir-4.5,Échanger de manière adaptée et sécurisée les données en temps réel,CAPT-Capt04,Caractériser les erreurs de mesures liées aux capteurs.,0,0.0761266633
concevoir-4.5,Échanger de manière adaptée et sécurisée les données en temps réel,CAPT-Capt05,"Interpréter la position dans différents repères de référence (géocentrique, terrestre, local, ENU, NED)",0,0.0471728590
concevoir-4.5,Échanger de manière adaptée et sécurisée les données en temps réel,CAPT-Capt06,Analyser des trames NMEA pour extraire les données utiles,0,0.0971863765
concevoir-4.5,Échanger de manière adaptée et sécurisée les données en temps réel,CAPT-Capt07,"Comparer différentes représentations de l’orientation (angles, matrices)",0,0.0450738051
concevoir-4.5,Échanger de manière adaptée et sécurisée les données en temps réel,CAPT-Capt08,"Décrire les principes physiques (semi-conducteur, laser) associés à des capteurs de perception",0,0.0690927421
concevoir-4.5,Échanger de manière adaptée et sécurisée les données en temps réel,CAPT-Capt09,"Comparer les performances des capteurs (portée, résolution, fréquence)",0,0.0626093426
concevoir-4.5,Échanger de manière adaptée et sécurisée les données en temps réel,CAPT-Capt10,Interpréter les résultats de détection ou de mesure de distance,0,0.1207947539
concevoir-4.5,Échanger de manière adaptée et sécurisée les données en temps réel,CAPT-Capt11,Appliquer un filtrage simple pour réduire le bruit sur un signal mesuré,0,0.0195351034
concevoir-4.5,Échanger de manière adaptée et sécurisée les données en temps réel,CAPT-Capt12,"Synchroniser les données issues de capteurs différents (IMU, GPS)",0,0.1276955788
concevoir-4.5,Échanger de manière adaptée et sécurisée les données en temps réel,CAPT-Capt13,Prétraiter les données pour compenser les dérives ou biais,0,0.1086948995
concevoir-4.5,Échanger de manière adaptée et sécurisée les données en temps réel,CAPT-Capt14,Mettre en œuvre un filtre de Kalman linéaire,0,0.0988405140
concevoir-4.5,Échanger de manière adaptée et sécurisée les données en temps réel,CAPT-Capt15,Présenter les limites du modèle linéaire et expliquer le filtre de Kalman étendu,0,0.0802768218
concevoir-4.5,Échanger de manière adaptée et sécurisée les données en temps réel,CAPT-Capt16,Expliquer les intérêts d’une fusion multi-capteurs pour la robustesse,0,0.0497802699
concevoir-4.5,Échanger de manière adaptée et sécurisée les données en temps réel,CAPT-Capt17,Interpréter les résultats de la fusion dans le contexte de la navigation,0,0.0896051438
concevoir-4.5,Échanger de manière adaptée et sécurisée les données en temps réel,CAPT-Capt18,Utiliser un capteur avec une carte raspberry,0,0.0212968141
concevoir-4.5,Échanger de manière adaptée et sécurisée les données en temps réel,CAPT-Capt19,"Développer un programme python pour utiliser les capteurs ou pour traiter les données (filtre, kalman…)",0,0.0893418119
concevoir-4.6,Choisir un modèle optimal d'un problème de traitement de données et évaluer ses performances,CAPT-Capt01,"Définir et classer les différents types de capteurs en fonction de leurs caractéristiques : actif/passif, nature du mesurande ou du signal de sortie, analogique/numérique/logique, mesure directe/indirecte",0,0.1133057878
concevoir-4.6,Choisir un modèle optimal d'un problème de traitement de données et évaluer ses performances,CAPT-Capt02,Décrire les signaux/données d'entrée/sortie,0,0.0629145343
concevoir-4.6,Choisir un modèle optimal d'un problème de traitement de données et évaluer ses performances,CAPT-Capt03,Définir les caractéristiques métrologiques des capteurs,0,0.0423632592
concevoir-4.6,Choisir un modèle optimal d'un problème de traitement de données et évaluer ses performances,CAPT-Capt04,Caractériser les erreurs de mesures liées aux capteurs.,0,0.0759039076
concevoir-4.6,Choisir un modèle optimal d'un problème de traitement de données et évaluer ses performances,CAPT-Capt05,"Interpréter la position dans différents repères de référence (géocentrique, terrestre, local, ENU, NED)",0,0.0637715514
concevoir-4.6,Choisir un modèle optimal d'un problème de traitement de données et évaluer ses performances,CAPT-Capt06,Analyser des trames NMEA pour extraire les données utiles,0,0.0683692179
concevoir-4.6,Choisir un modèle optimal d'un problème de traitement de données et évaluer ses performances,CAPT-Capt07,"Comparer différentes représentations de l’orientation (angles, matrices)",0,0.0844319088
concevoir-4.6,Choisir un modèle optimal d'un problème de traitement de données et évaluer ses performances,CAPT-Capt08,"Décrire les principes physiques (semi-conducteur, laser) associés à des capteurs de perception",0,0.0690876158
concevoir-4.6,Choisir un modèle optimal d'un problème de traitement de données et évaluer ses performances,CAPT-Capt09,"Comparer les performances des capteurs (portée, résolution, fréquence)",0,0.1631241496
concevoir-4.6,Choisir un modèle optimal d'un problème de traitement de données et évaluer ses performances,CAPT-Capt10,Interpréter les résultats de détection ou de mesure de distance,0,0.1571016425
concevoir-4.6,Choisir un modèle optimal d'un problème de traitement de données et évaluer ses performances,CAPT-Capt11,Appliquer un filtrage simple pour réduire le bruit sur un signal mesuré,0,0.1269444230
concevoir-4.6,Choisir un modèle optimal d'un problème de traitement de données et évaluer ses performances,CAPT-Capt12,"Synchroniser les données issues de capteurs différents (IMU, GPS)",0,0.1054568628
concevoir-4.6,Choisir un modèle optimal d'un problème de traitement de données et évaluer ses performances,CAPT-Capt13,Prétraiter les données pour compenser les dérives ou biais,0,0.0747298937
concevoir-4.6,Choisir un modèle optimal d'un problème de traitement de données et évaluer ses performances,CAPT-Capt14,Mettre en œuvre un filtre de Kalman linéaire,0,0.1477556789
concevoir-4.6,Choisir un modèle optimal d'un problème de traitement de données et évaluer ses performances,CAPT-Capt15,Présenter les limites du modèle linéaire et expliquer le filtre de Kalman étendu,0,0.1620945277
concevoir-4.6,Choisir un modèle optimal d'un problème de traitement de données et évaluer ses performances,CAPT-Capt16,Expliquer les intérêts d’une fusion multi-capteurs pour la robustesse,0,0.0265808552
concevoir-4.6,Choisir un modèle optimal d'un problème de traitement de données et évaluer ses performances,CAPT-Capt17,Interpréter les résultats de la fusion dans le contexte de la navigation,0,0.1089282594
concevoir-4.6,Choisir un modèle optimal d'un problème de traitement de données et évaluer ses performances,CAPT-Capt18,Utiliser un capteur avec une carte raspberry,0,0.0919307556
concevoir-4.6,Choisir un modèle optimal d'un problème de traitement de données et évaluer ses performances,CAPT-Capt19,"Développer un programme python pour utiliser les capteurs ou pour traiter les données (filtre, kalman…)",0,0.1090710368
developper-1.1,Implémenter efficacement un algorithme dans un langage de la programmation structurée,CAPT-Capt01,"Définir et classer les différents types de capteurs en fonction de leurs caractéristiques : actif/passif, nature du mesurande ou du signal de sortie, analogique/numérique/logique, mesure directe/indirecte",0,0.0567066442
developper-1.1,Implémenter efficacement un algorithme dans un langage de la programmation structurée,CAPT-Capt02,Décrire les signaux/données d'entrée/sortie,0,0.0249244928
developper-1.1,Implémenter efficacement un algorithme dans un langage de la programmation structurée,CAPT-Capt03,Définir les caractéristiques métrologiques des capteurs,0,0.0232197270
developper-1.1,Implémenter efficacement un algorithme dans un langage de la programmation structurée,CAPT-Capt04,Caractériser les erreurs de mesures liées aux capteurs.,0,0.0430706234
developper-1.1,Implémenter efficacement un algorithme dans un langage de la programmation structurée,CAPT-Capt05,"Interpréter la position dans différents repères de référence (géocentrique, terrestre, local, ENU, NED)",0,0.1257413824
developper-1.1,Implémenter efficacement un algorithme dans un langage de la programmation structurée,CAPT-Capt06,Analyser des trames NMEA pour extraire les données utiles,0,0.0302953064
developper-1.1,Implémenter efficacement un algorithme dans un langage de la programmation structurée,CAPT-Capt07,"Comparer différentes représentations de l’orientation (angles, matrices)",0,0.0425111564
developper-1.1,Implémenter efficacement un algorithme dans un langage de la programmation structurée,CAPT-Capt08,"Décrire les principes physiques (semi-conducteur, laser) associés à des capteurs de perception",0,0.0407683170
developper-1.1,Implémenter efficacement un algorithme dans un langage de la programmation structurée,CAPT-Capt09,"Comparer les performances des capteurs (portée, résolution, fréquence)",0,0.0182469085
developper-1.1,Implémenter efficacement un algorithme dans un langage de la programmation structurée,CAPT-Capt10,Interpréter les résultats de détection ou de mesure de distance,0,0.0798290068
developper-1.1,Implémenter efficacement un algorithme dans un langage de la programmation structurée,CAPT-Capt11,Appliquer un filtrage simple pour réduire le bruit sur un signal mesuré,0,0.1334674196
developper-1.1,Implémenter efficacement un algorithme dans un langage de la programmation structurée,CAPT-Capt12,"Synchroniser les données issues de capteurs différents (IMU, GPS)",0,0.0469162501
developper-1.1,Implémenter efficacement un algorithme dans un langage de la programmation structurée,CAPT-Capt13,Prétraiter les données pour compenser les dérives ou biais,0,0.0281499863
developper-1.1,Implémenter efficacement un algorithme dans un langage de la programmation structurée,CAPT-Capt14,Mettre en œuvre un filtre de Kalman linéaire,0,0.1378377327
developper-1.1,Implémenter efficacement un algorithme dans un langage de la programmation structurée,CAPT-Capt15,Présenter les limites du modèle linéaire et expliquer le filtre de Kalman étendu,0,0.0446070605
developper-1.1,Implémenter efficacement un algorithme dans un langage de la programmation structurée,CAPT-Capt16,Expliquer les intérêts d’une fusion multi-capteurs pour la robustesse,0,0.0705167416
developper-1.1,Implémenter efficacement un algorithme dans un langage de la programmation structurée,CAPT-Capt17,Interpréter les résultats de la fusion dans le contexte de la navigation,0,0.2256919821
developper-1.1,Implémenter efficacement un algorithme dans un langage de la programmation structurée,CAPT-Capt18,Utiliser un capteur avec une carte raspberry,0,0.0919593788
developper-1.1,Implémenter efficacement un algorithme dans un langage de la programmation structurée,CAPT-Capt19,"Développer un programme python pour utiliser les capteurs ou pour traiter les données (filtre, kalman…)",0,0.0966030026
developper-1.2,Utiliser un logiciel de suivi de version,CAPT-Capt01,"Définir et classer les différents types de capteurs en fonction de leurs caractéristiques : actif/passif, nature du mesurande ou du signal de sortie, analogique/numérique/logique, mesure directe/indirecte",0,0.1128156045
developper-1.2,Utiliser un logiciel de suivi de version,CAPT-Capt02,Décrire les signaux/données d'entrée/sortie,0,0.0281192660
developper-1.2,Utiliser un logiciel de suivi de version,CAPT-Capt03,Définir les caractéristiques métrologiques des capteurs,0,0.0311453223
developper-1.2,Utiliser un logiciel de suivi de version,CAPT-Capt04,Caractériser les erreurs de mesures liées aux capteurs.,0,0.0794313254
developper-1.2,Utiliser un logiciel de suivi de version,CAPT-Capt05,"Interpréter la position dans différents repères de référence (géocentrique, terrestre, local, ENU, NED)",0,0.0713080719
developper-1.2,Utiliser un logiciel de suivi de version,CAPT-Capt06,Analyser des trames NMEA pour extraire les données utiles,0,0.0307479829
developper-1.2,Utiliser un logiciel de suivi de version,CAPT-Capt07,"Comparer différentes représentations de l’orientation (angles, matrices)",0,0.0767072620
developper-1.2,Utiliser un logiciel de suivi de version,CAPT-Capt08,"Décrire les principes physiques (semi-conducteur, laser) associés à des capteurs de perception",0,0.0613460180
developper-1.2,Utiliser un logiciel de suivi de version,CAPT-Capt09,"Comparer les performances des capteurs (portée, résolution, fréquence)",0,0.0218868166
developper-1.2,Utiliser un logiciel de suivi de version,CAPT-Capt10,Interpréter les résultats de détection ou de mesure de distance,0,0.1966168831
developper-1.2,Utiliser un logiciel de suivi de version,CAPT-Capt11,Appliquer un filtrage simple pour réduire le bruit sur un signal mesuré,0,0.0814226057
developper-1.2,Utiliser un logiciel de suivi de version,CAPT-Capt12,"Synchroniser les données issues de capteurs différents (IMU, GPS)",0,0.0872106097
developper-1.2,Utiliser un logiciel de suivi de version,CAPT-Capt13,Prétraiter les données pour compenser les dérives ou biais,0,0.0142902687
developper-1.2,Utiliser un logiciel de suivi de version,CAPT-Capt14,Mettre en œuvre un filtre de Kalman linéaire,0,0.1334559195
developper-1.2,Utiliser un logiciel de suivi de version,CAPT-Capt15,Présenter les limites du modèle linéaire et expliquer le filtre de Kalman étendu,0,0.0583924968
developper-1.2,Utiliser un logiciel de suivi de version,CAPT-Capt16,Expliquer les intérêts d’une fusion multi-capteurs pour la robustesse,0,0.0214378521
developper-1.2,Utiliser un logiciel de suivi de version,CAPT-Capt17,Interpréter les résultats de la fusion dans le contexte de la navigation,0,0.1340494781
developper-1.2,Utiliser un logiciel de suivi de version,CAPT-Capt18,Utiliser un capteur avec une carte raspberry,0,0.1379931192
developper-1.2,Utiliser un logiciel de suivi de version,CAPT-Capt19,"Développer un programme python pour utiliser les capteurs ou pour traiter les données (filtre, kalman…)",0,0.1109395169
developper-1.3,Caractériser le matériel et le système au regard des besoins,CAPT-Capt01,"Définir et classer les différents types de capteurs en fonction de leurs caractéristiques : actif/passif, nature du mesurande ou du signal de sortie, analogique/numérique/logique, mesure directe/indirecte",1,0.0650905121
developper-1.3,Caractériser le matériel et le système au regard des besoins,CAPT-Capt02,Décrire les signaux/données d'entrée/sortie,0,0.0298499435
developper-1.3,Caractériser le matériel et le système au regard des besoins,CAPT-Capt03,Définir les caractéristiques métrologiques des capteurs,0,0.0963352450
developper-1.3,Caractériser le matériel et le système au regard des besoins,CAPT-Capt04,Caractériser les erreurs de mesures liées aux capteurs.,0,0.1326876179
developper-1.3,Caractériser le matériel et le système au regard des besoins,CAPT-Capt05,"Interpréter la position dans différents repères de référence (géocentrique, terrestre, local, ENU, NED)",0,0.0308680892
developper-1.3,Caractériser le matériel et le système au regard des besoins,CAPT-Capt06,Analyser des trames NMEA pour extraire les données utiles,0,0.0702799998
developper-1.3,Caractériser le matériel et le système au regard des besoins,CAPT-Capt07,"Comparer différentes représentations de l’orientation (angles, matrices)",0,0.0278855979
developper-1.3,Caractériser le matériel et le système au regard des besoins,CAPT-Capt08,"Décrire les principes physiques (semi-conducteur, laser) associés à des capteurs de perception",1,0.0638474651
developper-1.3,Caractériser le matériel et le système au regard des besoins,CAPT-Capt09,"Comparer les performances des capteurs (portée, résolution, fréquence)",1,0.0780905938
developper-1.3,Caractériser le matériel et le système au regard des besoins,CAPT-Capt10,Interpréter les résultats de détection ou de mesure de distance,0,0.0365953177
developper-1.3,Caractériser le matériel et le système au regard des besoins,CAPT-Capt11,Appliquer un filtrage simple pour réduire le bruit sur un signal mesuré,0,0.0932360437
developper-1.3,Caractériser le matériel et le système au regard des besoins,CAPT-Capt12,"Synchroniser les données issues de capteurs différents (IMU, GPS)",0,0.0260954618
developper-1.3,Caractériser le matériel et le système au regard des besoins,CAPT-Capt13,Prétraiter les données pour compenser les dérives ou biais,0,0.0249041662
developper-1.3,Caractériser le matériel et le système au regard des besoins,CAPT-Capt14,Mettre en œuvre un filtre de Kalman linéaire,0,0.0154844701
developper-1.3,Caractériser le matériel et le système au regard des besoins,CAPT-Capt15,Présenter les limites du modèle linéaire et expliquer le filtre de Kalman étendu,0,0.1273809473
developper-1.3,Caractériser le matériel et le système au regard des besoins,CAPT-Capt16,Expliquer les intérêts d’une fusion multi-capteurs pour la robustesse,0,0.0338386416
developper-1.3,Caractériser le matériel et le système au regard des besoins,CAPT-Capt17,Interpréter les résultats de la fusion dans le contexte de la navigation,0,0.1048878686
developper-1.3,Caractériser le matériel et le système au regard des besoins,CAPT-Capt18,Utiliser un capteur avec une carte raspberry,1,0.0314083189
developper-1.3,Caractériser le matériel et le système au regard des besoins,CAPT-Capt19,"Développer un programme python pour utiliser les capteurs ou pour traiter les données (filtre, kalman…)",0,0.0275624394
developper-2.1,Implémenter dans un langage de la programmation orientée objet à partir de diagrammes UML,CAPT-Capt01,"Définir et classer les différents types de capteurs en fonction de leurs caractéristiques : actif/passif, nature du mesurande ou du signal de sortie, analogique/numérique/logique, mesure directe/indirecte",0,0.0810117134
developper-2.1,Implémenter dans un langage de la programmation orientée objet à partir de diagrammes UML,CAPT-Capt02,Décrire les signaux/données d'entrée/sortie,0,0.0207133561
developper-2.1,Implémenter dans un langage de la programmation orientée objet à partir de diagrammes UML,CAPT-Capt03,Définir les caractéristiques métrologiques des capteurs,0,0.0240501374
developper-2.1,Implémenter dans un langage de la programmation orientée objet à partir de diagrammes UML,CAPT-Capt04,Caractériser les erreurs de mesures liées aux capteurs.,0,0.0592293093
developper-2.1,Implémenter dans un langage de la programmation orientée objet à partir de diagrammes UML,CAPT-Capt05,"Interpréter la position dans différents repères de référence (géocentrique, terrestre, local, ENU, NED)",0,0.1375790962
developper-2.1,Implémenter dans un langage de la programmation orientée objet à partir de diagrammes UML,CAPT-Capt06,Analyser des trames NMEA pour extraire les données utiles,0,0.0277700901
developper-2.1,Implémenter dans un langage de la programmation orientée objet à partir de diagrammes UML,CAPT-Capt07,"Comparer différentes représentations de l’orientation (angles, matrices)",0,0.0756148314
developper-2.1,Implémenter dans un langage de la programmation orientée objet à partir de diagrammes UML,CAPT-Capt08,"Décrire les principes physiques (semi-conducteur, laser) associés à des capteurs de perception",0,0.0642665915
developper-2.1,Implémenter dans un langage de la programmation orientée objet à partir de diagrammes UML,CAPT-Capt09,"Comparer les performances des capteurs (portée, résolution, fréquence)",0,0.0186134905
developper-2.1,Implémenter dans un langage de la programmation orientée objet à partir de diagrammes UML,CAPT-Capt10,Interpréter les résultats de détection ou de mesure de distance,0,0.1344236379
developper-2.1,Implémenter dans un langage de la programmation orientée objet à partir de diagrammes UML,CAPT-Capt11,Appliquer un filtrage simple pour réduire le bruit sur un signal mesuré,0,0.0672316416
developper-2.1,Implémenter dans un langage de la programmation orientée objet à partir de diagrammes UML,CAPT-Capt12,"Synchroniser les données issues de capteurs différents (IMU, GPS)",0,0.0743659199
developper-2.1,Implémenter dans un langage de la programmation orientée objet à partir de diagrammes UML,CAPT-Capt13,Prétraiter les données pour compenser les dérives ou biais,0,0.0199937284
developper-2.1,Implémenter dans un langage de la programmation orientée objet à partir de diagrammes UML,CAPT-Capt14,Mettre en œuvre un filtre de Kalman linéaire,0,0.1086955827
developper-2.1,Implémenter dans un langage de la programmation orientée objet à partir de diagrammes UML,CAPT-Capt15,Présenter les limites du modèle linéaire et expliquer le filtre de Kalman étendu,0,0.0643871271
developper-2.1,Implémenter dans un langage de la programmation orientée objet à partir de diagrammes UML,CAPT-Capt16,Expliquer les intérêts d’une fusion multi-capteurs pour la robustesse,0,0.0624386166
developper-2.1,Implémenter dans un langage de la programmation orientée objet à partir de diagrammes UML,CAPT-Capt17,Interpréter les résultats de la fusion dans le contexte de la navigation,0,0.2465659734
developper-2.1,Implémenter dans un langage de la programmation orientée objet à partir de diagrammes UML,CAPT-Capt18,Utiliser un capteur avec une carte raspberry,0,0.0511468382
developper-2.1,Implémenter dans un langage de la programmation orientée objet à partir de diagrammes UML,CAPT-Capt19,"Développer un programme python pour utiliser les capteurs ou pour traiter les données (filtre, kalman…)",0,0.0596500306
developper-2.2,Exploiter une documentation,CAPT-Capt01,"Définir et classer les différents types de capteurs en fonction de leurs caractéristiques : actif/passif, nature du mesurande ou du signal de sortie, analogique/numérique/logique, mesure directe/indirecte",0,0.0169708192
developper-2.2,Exploiter une documentation,CAPT-Capt02,Décrire les signaux/données d'entrée/sortie,0,0.0394707143
developper-2.2,Exploiter une documentation,CAPT-Capt03,Définir les caractéristiques métrologiques des capteurs,0,0.0226070791
developper-2.2,Exploiter une documentation,CAPT-Capt04,Caractériser les erreurs de mesures liées aux capteurs.,0,0.0204209015
developper-2.2,Exploiter une documentation,CAPT-Capt05,"Interpréter la position dans différents repères de référence (géocentrique, terrestre, local, ENU, NED)",0,0.0301133841
developper-2.2,Exploiter une documentation,CAPT-Capt06,Analyser des trames NMEA pour extraire les données utiles,0,0.0500546277
developper-2.2,Exploiter une documentation,CAPT-Capt07,"Comparer différentes représentations de l’orientation (angles, matrices)",0,0.0309696287
developper-2.2,Exploiter une documentation,CAPT-Capt08,"Décrire les principes physiques (semi-conducteur, laser) associés à des capteurs de perception",0,0.0210275143
developper-2.2,Exploiter une documentation,CAPT-Capt09,"Comparer les performances des capteurs (portée, résolution, fréquence)",0,0.0248847127
developper-2.2,Exploiter une documentation,CAPT-Capt10,Interpréter les résultats de détection ou de mesure de distance,0,0.0339169294
developper-2.2,Exploiter une documentation,CAPT-Capt11,Appliquer un filtrage simple pour réduire le bruit sur un signal mesuré,0,0.0123449437
developper-2.2,Exploiter une documentation,CAPT-Capt12,"Synchroniser les données issues de capteurs différents (IMU, GPS)",0,0.0237045884
developper-2.2,Exploiter une documentation,CAPT-Capt13,Prétraiter les données pour compenser les dérives ou biais,0,0.0254360557
developper-2.2,Exploiter une documentation,CAPT-Capt14,Mettre en œuvre un filtre de Kalman linéaire,0,0.0085033022
developper-2.2,Exploiter une documentation,CAPT-Capt15,Présenter les limites du modèle linéaire et expliquer le filtre de Kalman étendu,0,0.0107800946
developper-2.2,Exploiter une documentation,CAPT-Capt16,Expliquer les intérêts d’une fusion multi-capteurs pour la robustesse,0,0.1167537204
developper-2.2,Exploiter une documentation,CAPT-Capt17,Interpréter les résultats de la fusion dans le contexte de la navigation,0,0.0288420945
developper-2.2,Exploiter une documentation,CAPT-Capt18,Utiliser un capteur avec une carte raspberry,0,0.1221864982
developper-2.2,Exploiter une documentation,CAPT-Capt19,"Développer un programme python pour utiliser les capteurs ou pour traiter les données (filtre, kalman…)",0,0.0142735600
developper-3.1,Caractériser et représenter l’information,CAPT-Capt01,"Définir et classer les différents types de capteurs en fonction de leurs caractéristiques : actif/passif, nature du mesurande ou du signal de sortie, analogique/numérique/logique, mesure directe/indirecte",0,0.0641781455
developper-3.1,Caractériser et représenter l’information,CAPT-Capt02,Décrire les signaux/données d'entrée/sortie,0,0.0553318858
developper-3.1,Caractériser et représenter l’information,CAPT-Capt03,Définir les caractéristiques métrologiques des capteurs,0,0.0361228853
developper-3.1,Caractériser et représenter l’information,CAPT-Capt04,Caractériser les erreurs de mesures liées aux capteurs.,0,0.1828252151
developper-3.1,Caractériser et représenter l’information,CAPT-Capt05,"Interpréter la position dans différents repères de référence (géocentrique, terrestre, local, ENU, NED)",0,0.0377484918
developper-3.1,Caractériser et représenter l’information,CAPT-Capt06,Analyser des trames NMEA pour extraire les données utiles,0,0.0426121533
developper-3.1,Caractériser et représenter l’information,CAPT-Capt07,"Comparer différentes représentations de l’orientation (angles, matrices)",0,0.0376730829
developper-3.1,Caractériser et représenter l’information,CAPT-Capt08,"Décrire les principes physiques (semi-conducteur, laser) associés à des capteurs de perception",0,0.0312641829
developper-3.1,Caractériser et représenter l’information,CAPT-Capt09,"Comparer les performances des capteurs (portée, résolution, fréquence)",0,0.0365084261
developper-3.1,Caractériser et représenter l’information,CAPT-Capt10,Interpréter les résultats de détection ou de mesure de distance,0,0.0377873599
developper-3.1,Caractériser et représenter l’information,CAPT-Capt11,Appliquer un filtrage simple pour réduire le bruit sur un signal mesuré,0,0.0184187978
developper-3.1,Caractériser et représenter l’information,CAPT-Capt12,"Synchroniser les données issues de capteurs différents (IMU, GPS)",0,0.0301083237
developper-3.1,Caractériser et représenter l’information,CAPT-Capt13,Prétraiter les données pour compenser les dérives ou biais,0,0.0255203187
developper-3.1,Caractériser et représenter l’information,CAPT-Capt14,Mettre en œuvre un filtre de Kalman linéaire,0,0.0109661840
developper-3.1,Caractériser et représenter l’information,CAPT-Capt15,Présenter les limites du modèle linéaire et expliquer le filtre de Kalman étendu,0,0.0627247483
developper-3.1,Caractériser et représenter l’information,CAPT-Capt16,Expliquer les intérêts d’une fusion multi-capteurs pour la robustesse,0,0.0263821512
developper-3.1,Caractériser et représenter l’information,CAPT-Capt17,Interpréter les résultats de la fusion dans le contexte de la navigation,0,0.0332057714
developper-3.1,Caractériser et représenter l’information,CAPT-Capt18,Utiliser un capteur avec une carte raspberry,0,0.0184900805
developper-3.1,Caractériser et représenter l’information,CAPT-Capt19,"Développer un programme python pour utiliser les capteurs ou pour traiter les données (filtre, kalman…)",0,0.0223927304
developper-3.2,Optimiser et sécuriser l’échange de données,CAPT-Capt01,"Définir et classer les différents types de capteurs en fonction de leurs caractéristiques : actif/passif, nature du mesurande ou du signal de sortie, analogique/numérique/logique, mesure directe/indirecte",0,0.0879623181
developper-3.2,Optimiser et sécuriser l’échange de données,CAPT-Capt02,Décrire les signaux/données d'entrée/sortie,0,0.0921606006
developper-3.2,Optimiser et sécuriser l’échange de données,CAPT-Capt03,Définir les caractéristiques métrologiques des capteurs,0,0.0248863459
developper-3.2,Optimiser et sécuriser l’échange de données,CAPT-Capt04,Caractériser les erreurs de mesures liées aux capteurs.,0,0.0549915411
developper-3.2,Optimiser et sécuriser l’échange de données,CAPT-Capt05,"Interpréter la position dans différents repères de référence (géocentrique, terrestre, local, ENU, NED)",0,0.0426045502
developper-3.2,Optimiser et sécuriser l’échange de données,CAPT-Capt06,Analyser des trames NMEA pour extraire les données utiles,0,0.0809462685
developper-3.2,Optimiser et sécuriser l’échange de données,CAPT-Capt07,"Comparer différentes représentations de l’orientation (angles, matrices)",0,0.0517346682
developper-3.2,Optimiser et sécuriser l’échange de données,CAPT-Capt08,"Décrire les principes physiques (semi-conducteur, laser) associés à des capteurs de perception",0,0.0500582580
developper-3.2,Optimiser et sécuriser l’échange de données,CAPT-Capt09,"Comparer les performances des capteurs (portée, résolution, fréquence)",0,0.0268884838
developper-3.2,Optimiser et sécuriser l’échange de données,CAPT-Capt10,Interpréter les résultats de détection ou de mesure de distance,0,0.1118908572
developper-3.2,Optimiser et sécuriser l’échange de données,CAPT-Capt11,Appliquer un filtrage simple pour réduire le bruit sur un signal mesuré,0,0.0195584908
developper-3.2,Optimiser et sécuriser l’échange de données,CAPT-Capt12,"Synchroniser les données issues de capteurs différents (IMU, GPS)",0,0.1161754240
developper-3.2,Optimiser et sécuriser l’échange de données,CAPT-Capt13,Prétraiter les données pour compenser les dérives ou biais,0,0.0704540039
developper-3.2,Optimiser et sécuriser l’échange de données,CAPT-Capt14,Mettre en œuvre un filtre de Kalman linéaire,0,0.0466122716
developper-3.2,Optimiser et sécuriser l’échange de données,CAPT-Capt15,Présenter les limites du modèle linéaire et expliquer le filtre de Kalman étendu,0,0.0718070904
developper-3.2,Optimiser et sécuriser l’échange de données,CAPT-Capt16,Expliquer les intérêts d’une fusion multi-capteurs pour la robustesse,0,0.0325115561
developper-3.2,Optimiser et sécuriser l’échange de données,CAPT-Capt17,Interpréter les résultats de la fusion dans le contexte de la navigation,0,0.0829323430
developper-3.2,Optimiser et sécuriser l’échange de données,CAPT-Capt18,Utiliser un capteur avec une carte raspberry,0,0.0163842812
developper-3.2,Optimiser et sécuriser l’échange de données,CAPT-Capt19,"Développer un programme python pour utiliser les capteurs ou pour traiter les données (filtre, kalman…)",0,0.0579939579
developper-3.3,Utiliser et paramétrer des frameworks adaptés,CAPT-Capt01,"Définir et classer les différents types de capteurs en fonction de leurs caractéristiques : actif/passif, nature du mesurande ou du signal de sortie, analogique/numérique/logique, mesure directe/indirecte",0,0.0546303266
developper-3.3,Utiliser et paramétrer des frameworks adaptés,CAPT-Capt02,Décrire les signaux/données d'entrée/sortie,0,0.0216000244
developper-3.3,Utiliser et paramétrer des frameworks adaptés,CAPT-Capt03,Définir les caractéristiques métrologiques des capteurs,0,0.0936932563
developper-3.3,Utiliser et paramétrer des frameworks adaptés,CAPT-Capt04,Caractériser les erreurs de mesures liées aux capteurs.,0,0.0277591318
developper-3.3,Utiliser et paramétrer des frameworks adaptés,CAPT-Capt05,"Interpréter la position dans différents repères de référence (géocentrique, terrestre, local, ENU, NED)",0,0.0229658514
developper-3.3,Utiliser et paramétrer des frameworks adaptés,CAPT-Capt06,Analyser des trames NMEA pour extraire les données utiles,0,0.0719868490
developper-3.3,Utiliser et paramétrer des frameworks adaptés,CAPT-Capt07,"Comparer différentes représentations de l’orientation (angles, matrices)",0,0.0256142914
developper-3.3,Utiliser et paramétrer des frameworks adaptés,CAPT-Capt08,"Décrire les principes physiques (semi-conducteur, laser) associés à des capteurs de perception",0,0.0664764644
developper-3.3,Utiliser et paramétrer des frameworks adaptés,CAPT-Capt09,"Comparer les performances des capteurs (portée, résolution, fréquence)",0,0.0750601572
developper-3.3,Utiliser et paramétrer des frameworks adaptés,CAPT-Capt10,Interpréter les résultats de détection ou de mesure de distance,0,0.0205969304
developper-3.3,Utiliser et paramétrer des frameworks adaptés,CAPT-Capt11,Appliquer un filtrage simple pour réduire le bruit sur un signal mesuré,0,0.0273187458
developper-3.3,Utiliser et paramétrer des frameworks adaptés,CAPT-Capt12,"Synchroniser les données issues de capteurs différents (IMU, GPS)",0,0.0329057157
developper-3.3,Utiliser et paramétrer des frameworks adaptés,CAPT-Capt13,Prétraiter les données pour compenser les dérives ou biais,0,0.0316598028
developper-3.3,Utiliser et paramétrer des frameworks adaptés,CAPT-Capt14,Mettre en œuvre un filtre de Kalman linéaire,0,0.0297978193
developper-3.3,Utiliser et paramétrer des frameworks adaptés,CAPT-Capt15,Présenter les limites du modèle linéaire et expliquer le filtre de Kalman étendu,0,0.0637661286
developper-3.3,Utiliser et paramétrer des frameworks adaptés,CAPT-Capt16,Expliquer les intérêts d’une fusion multi-capteurs pour la robustesse,0,0.0249120414
developper-3.3,Utiliser et paramétrer des frameworks adaptés,CAPT-Capt17,Interpréter les résultats de la fusion dans le contexte de la navigation,0,0.0308357060
developper-3.3,Utiliser et paramétrer des frameworks adaptés,CAPT-Capt18,Utiliser un capteur avec une carte raspberry,0,0.1117023769
developper-3.3,Utiliser et paramétrer des frameworks adaptés,CAPT-Capt19,"Développer un programme python pour utiliser les capteurs ou pour traiter les données (filtre, kalman…)",0,0.1051092957
developper-4.1,Automatiser les tâches de validation et de déploiement,CAPT-Capt01,"Définir et classer les différents types de capteurs en fonction de leurs caractéristiques : actif/passif, nature du mesurande ou du signal de sortie, analogique/numérique/logique, mesure directe/indirecte",0,0.1374330456
developper-4.1,Automatiser les tâches de validation et de déploiement,CAPT-Capt02,Décrire les signaux/données d'entrée/sortie,0,0.0558759702
developper-4.1,Automatiser les tâches de validation et de déploiement,CAPT-Capt03,Définir les caractéristiques métrologiques des capteurs,0,0.0725176587
developper-4.1,Automatiser les tâches de validation et de déploiement,CAPT-Capt04,Caractériser les erreurs de mesures liées aux capteurs.,0,0.1084713584
developper-4.1,Automatiser les tâches de validation et de déploiement,CAPT-Capt05,"Interpréter la position dans différents repères de référence (géocentrique, terrestre, local, ENU, NED)",0,0.0556618134
developper-4.1,Automatiser les tâches de validation et de déploiement,CAPT-Capt06,Analyser des trames NMEA pour extraire les données utiles,0,0.0470122676
developper-4.1,Automatiser les tâches de validation et de déploiement,CAPT-Capt07,"Comparer différentes représentations de l’orientation (angles, matrices)",0,0.0692762870
developper-4.1,Automatiser les tâches de validation et de déploiement,CAPT-Capt08,"Décrire les principes physiques (semi-conducteur, laser) associés à des capteurs de perception",0,0.0891676523
developper-4.1,Automatiser les tâches de validation et de déploiement,CAPT-Capt09,"Comparer les performances des capteurs (portée, résolution, fréquence)",0,0.0547896664
developper-4.1,Automatiser les tâches de validation et de déploiement,CAPT-Capt10,Interpréter les résultats de détection ou de mesure de distance,0,0.2004333477
developper-4.1,Automatiser les tâches de validation et de déploiement,CAPT-Capt11,Appliquer un filtrage simple pour réduire le bruit sur un signal mesuré,0,0.0191596299
developper-4.1,Automatiser les tâches de validation et de déploiement,CAPT-Capt12,"Synchroniser les données issues de capteurs différents (IMU, GPS)",0,0.1159296258
developper-4.1,Automatiser les tâches de validation et de déploiement,CAPT-Capt13,Prétraiter les données pour compenser les dérives ou biais,0,0.0736881123
developper-4.1,Automatiser les tâches de validation et de déploiement,CAPT-Capt14,Mettre en œuvre un filtre de Kalman linéaire,0,0.0915258032
developper-4.1,Automatiser les tâches de validation et de déploiement,CAPT-Capt15,Présenter les limites du modèle linéaire et expliquer le filtre de Kalman étendu,0,0.1174399900
developper-4.1,Automatiser les tâches de validation et de déploiement,CAPT-Capt16,Expliquer les intérêts d’une fusion multi-capteurs pour la robustesse,0,0.0629914578
developper-4.1,Automatiser les tâches de validation et de déploiement,CAPT-Capt17,Interpréter les résultats de la fusion dans le contexte de la navigation,0,0.1478563636
developper-4.1,Automatiser les tâches de validation et de déploiement,CAPT-Capt18,Utiliser un capteur avec une carte raspberry,0,0.0268068612
developper-4.1,Automatiser les tâches de validation et de déploiement,CAPT-Capt19,"Développer un programme python pour utiliser les capteurs ou pour traiter les données (filtre, kalman…)",0,0.0758070098
developper-4.2,Mettre en œuvre l’architecture matérielle et logicielle,CAPT-Capt01,"Définir et classer les différents types de capteurs en fonction de leurs caractéristiques : actif/passif, nature du mesurande ou du signal de sortie, analogique/numérique/logique, mesure directe/indirecte",0,0.0708805949
developper-4.2,Mettre en œuvre l’architecture matérielle et logicielle,CAPT-Capt02,Décrire les signaux/données d'entrée/sortie,0,0.0183126405
developper-4.2,Mettre en œuvre l’architecture matérielle et logicielle,CAPT-Capt03,Définir les caractéristiques métrologiques des capteurs,0,0.0269904852
developper-4.2,Mettre en œuvre l’architecture matérielle et logicielle,CAPT-Capt04,Caractériser les erreurs de mesures liées aux capteurs.,0,0.0130747244
developper-4.2,Mettre en œuvre l’architecture matérielle et logicielle,CAPT-Capt05,"Interpréter la position dans différents repères de référence (géocentrique, terrestre, local, ENU, NED)",0,0.0142269552
developper-4.2,Mettre en œuvre l’architecture matérielle et logicielle,CAPT-Capt06,Analyser des trames NMEA pour extraire les données utiles,0,0.0181852534
developper-4.2,Mettre en œuvre l’architecture matérielle et logicielle,CAPT-Capt07,"Comparer différentes représentations de l’orientation (angles, matrices)",0,0.0173180848
developper-4.2,Mettre en œuvre l’architecture matérielle et logicielle,CAPT-Capt08,"Décrire les principes physiques (semi-conducteur, laser) associés à des capteurs de perception",0,0.0284963846
developper-4.2,Mettre en œuvre l’architecture matérielle et logicielle,CAPT-Capt09,"Comparer les performances des capteurs (portée, résolution, fréquence)",0,0.0199517995
developper-4.2,Mettre en œuvre l’architecture matérielle et logicielle,CAPT-Capt10,Interpréter les résultats de détection ou de mesure de distance,0,0.0166219130
developper-4.2,Mettre en œuvre l’architecture matérielle et logicielle,CAPT-Capt11,Appliquer un filtrage simple pour réduire le bruit sur un signal mesuré,0,0.0163332328
developper-4.2,Mettre en œuvre l’architecture matérielle et logicielle,CAPT-Capt12,"Synchroniser les données issues de capteurs différents (IMU, GPS)",0,0.0304576695
developper-4.2,Mettre en œuvre l’architecture matérielle et logicielle,CAPT-Capt13,Prétraiter les données pour compenser les dérives ou biais,0,0.0181398153
developper-4.2,Mettre en œuvre l’architecture matérielle et logicielle,CAPT-Capt14,Mettre en œuvre un filtre de Kalman linéaire,0,0.3852357142
developper-4.2,Mettre en œuvre l’architecture matérielle et logicielle,CAPT-Capt15,Présenter les limites du modèle linéaire et expliquer le filtre de Kalman étendu,0,0.0425775179
developper-4.2,Mettre en œuvre l’architecture matérielle et logicielle,CAPT-Capt16,Expliquer les intérêts d’une fusion multi-capteurs pour la robustesse,0,0.0309851617
developper-4.2,Mettre en œuvre l’architecture matérielle et logicielle,CAPT-Capt17,Interpréter les résultats de la fusion dans le contexte de la navigation,0,0.0253050536
developper-4.2,Mettre en œuvre l’architecture matérielle et logicielle,CAPT-Capt18,Utiliser un capteur avec une carte raspberry,0,0.0260934293
developper-4.2,Mettre en œuvre l’architecture matérielle et logicielle,CAPT-Capt19,"Développer un programme python pour utiliser les capteurs ou pour traiter les données (filtre, kalman…)",0,0.0342198551
gerer-1.1,Utiliser une forge pour la gestion des tickets,CAPT-Capt01,"Définir et classer les différents types de capteurs en fonction de leurs caractéristiques : actif/passif, nature du mesurande ou du signal de sortie, analogique/numérique/logique, mesure directe/indirecte",0,0.0133397996
gerer-1.1,Utiliser une forge pour la gestion des tickets,CAPT-Capt02,Décrire les signaux/données d'entrée/sortie,0,0.0198155746
gerer-1.1,Utiliser une forge pour la gestion des tickets,CAPT-Capt03,Définir les caractéristiques métrologiques des capteurs,0,0.0621007940
gerer-1.1,Utiliser une forge pour la gestion des tickets,CAPT-Capt04,Caractériser les erreurs de mesures liées aux capteurs.,0,0.0138848543
gerer-1.1,Utiliser une forge pour la gestion des tickets,CAPT-Capt05,"Interpréter la position dans différents repères de référence (géocentrique, terrestre, local, ENU, NED)",0,0.0527941508
gerer-1.1,Utiliser une forge pour la gestion des tickets,CAPT-Capt06,Analyser des trames NMEA pour extraire les données utiles,0,0.1232068423
gerer-1.1,Utiliser une forge pour la gestion des tickets,CAPT-Capt07,"Comparer différentes représentations de l’orientation (angles, matrices)",0,0.0116267212
gerer-1.1,Utiliser une forge pour la gestion des tickets,CAPT-Capt08,"Décrire les principes physiques (semi-conducteur, laser) associés à des capteurs de perception",0,0.0422594445
gerer-1.1,Utiliser une forge pour la gestion des tickets,CAPT-Capt09,"Comparer les performances des capteurs (portée, résolution, fréquence)",0,0.0493697852
gerer-1.1,Utiliser une forge pour la gestion des tickets,CAPT-Capt10,Interpréter les résultats de détection ou de mesure de distance,0,0.0106478885
gerer-1.1,Utiliser une forge pour la gestion des tickets,CAPT-Capt11,Appliquer un filtrage simple pour réduire le bruit sur un signal mesuré,0,0.0685190693
gerer-1.1,Utiliser une forge pour la gestion des tickets,CAPT-Capt12,"Synchroniser les données issues de capteurs différents (IMU, GPS)",0,0.0145780057
gerer-1.1,Utiliser une forge pour la gestion des tickets,CAPT-Capt13,Prétraiter les données pour compenser les dérives ou biais,0,0.0870325288
gerer-1.1,Utiliser une forge pour la gestion des tickets,CAPT-Capt14,Mettre en œuvre un filtre de Kalman linéaire,0,0.0242444023
gerer-1.1,Utiliser une forge pour la gestion des tickets,CAPT-Capt15,Présenter les limites du modèle linéaire et expliquer le filtre de Kalman étendu,0,0.0126778066
gerer-1.1,Utiliser une forge pour la gestion des tickets,CAPT-Capt16,Expliquer les intérêts d’une fusion multi-capteurs pour la robustesse,0,0.2158723121
gerer-1.1,Utiliser une forge pour la gestion des tickets,CAPT-Capt17,Interpréter les résultats de la fusion dans le contexte de la navigation,0,0.1308423181
gerer-1.1,Utiliser une forge pour la gestion des tickets,CAPT-Capt18,Utiliser un capteur avec une carte raspberry,0,0.1590121386
gerer-1.1,Utiliser une forge pour la gestion des tickets,CAPT-Capt19,"Développer un programme python pour utiliser les capteurs ou pour traiter les données (filtre, kalman…)",0,0.1851966583
gerer-1.2,Utiliser le cycle de développement en V,CAPT-Capt01,"Définir et classer les différents types de capteurs en fonction de leurs caractéristiques : actif/passif, nature du mesurande ou du signal de sortie, analogique/numérique/logique, mesure directe/indirecte",0,0.1034234727
gerer-1.2,Utiliser le cycle de développement en V,CAPT-Capt02,Décrire les signaux/données d'entrée/sortie,0,0.0113697439
gerer-1.2,Utiliser le cycle de développement en V,CAPT-Capt03,Définir les caractéristiques métrologiques des capteurs,0,0.0134020790
gerer-1.2,Utiliser le cycle de développement en V,CAPT-Capt04,Caractériser les erreurs de mesures liées aux capteurs.,0,0.0429484574
gerer-1.2,Utiliser le cycle de développement en V,CAPT-Capt05,"Interpréter la position dans différents repères de référence (géocentrique, terrestre, local, ENU, NED)",0,0.0383511609
gerer-1.2,Utiliser le cycle de développement en V,CAPT-Capt06,Analyser des trames NMEA pour extraire les données utiles,0,0.0131129891
gerer-1.2,Utiliser le cycle de développement en V,CAPT-Capt07,"Comparer différentes représentations de l’orientation (angles, matrices)",0,0.0556008444
gerer-1.2,Utiliser le cycle de développement en V,CAPT-Capt08,"Décrire les principes physiques (semi-conducteur, laser) associés à des capteurs de perception",0,0.0384081784
gerer-1.2,Utiliser le cycle de développement en V,CAPT-Capt09,"Comparer les performances des capteurs (portée, résolution, fréquence)",0,0.0124089047
gerer-1.2,Utiliser le cycle de développement en V,CAPT-Capt10,Interpréter les résultats de détection ou de mesure de distance,0,0.1111693247
gerer-1.2,Utiliser le cycle de développement en V,CAPT-Capt11,Appliquer un filtrage simple pour réduire le bruit sur un signal mesuré,0,0.0605891798
gerer-1.2,Utiliser le cycle de développement en V,CAPT-Capt12,"Synchroniser les données issues de capteurs différents (IMU, GPS)",0,0.0453846754
gerer-1.2,Utiliser le cycle de développement en V,CAPT-Capt13,Prétraiter les données pour compenser les dérives ou biais,0,0.0145806953
gerer-1.2,Utiliser le cycle de développement en V,CAPT-Capt14,Mettre en œuvre un filtre de Kalman linéaire,0,0.1636066266
gerer-1.2,Utiliser le cycle de développement en V,CAPT-Capt15,Présenter les limites du modèle linéaire et expliquer le filtre de Kalman étendu,0,0.1122825573
gerer-1.2,Utiliser le cycle de développement en V,CAPT-Capt16,Expliquer les intérêts d’une fusion multi-capteurs pour la robustesse,0,0.0225179166
gerer-1.2,Utiliser le cycle de développement en V,CAPT-Capt17,Interpréter les résultats de la fusion dans le contexte de la navigation,0,0.1447968385
gerer-1.2,Utiliser le cycle de développement en V,CAPT-Capt18,Utiliser un capteur avec une carte raspberry,0,0.1005719581
gerer-1.2,Utiliser le cycle de développement en V,CAPT-Capt19,"Développer un programme python pour utiliser les capteurs ou pour traiter les données (filtre, kalman…)",0,0.0816134105
gerer-2.1,Utiliser un framework de tests unitaires,CAPT-Capt01,"Définir et classer les différents types de capteurs en fonction de leurs caractéristiques : actif/passif, nature du mesurande ou du signal de sortie, analogique/numérique/logique, mesure directe/indirecte",0,0.0786241707
gerer-2.1,Utiliser un framework de tests unitaires,CAPT-Capt02,Décrire les signaux/données d'entrée/sortie,0,0.0192559749
gerer-2.1,Utiliser un framework de tests unitaires,CAPT-Capt03,Définir les caractéristiques métrologiques des capteurs,0,0.0367283553
gerer-2.1,Utiliser un framework de tests unitaires,CAPT-Capt04,Caractériser les erreurs de mesures liées aux capteurs.,0,0.0661107936
gerer-2.1,Utiliser un framework de tests unitaires,CAPT-Capt05,"Interpréter la position dans différents repères de référence (géocentrique, terrestre, local, ENU, NED)",0,0.0447808189
gerer-2.1,Utiliser un framework de tests unitaires,CAPT-Capt06,Analyser des trames NMEA pour extraire les données utiles,0,0.0232098877
gerer-2.1,Utiliser un framework de tests unitaires,CAPT-Capt07,"Comparer différentes représentations de l’orientation (angles, matrices)",0,0.0499301139
gerer-2.1,Utiliser un framework de tests unitaires,CAPT-Capt08,"Décrire les principes physiques (semi-conducteur, laser) associés à des capteurs de perception",0,0.0496806080
gerer-2.1,Utiliser un framework de tests unitaires,CAPT-Capt09,"Comparer les performances des capteurs (portée, résolution, fréquence)",0,0.0360003114
gerer-2.1,Utiliser un framework de tests unitaires,CAPT-Capt10,Interpréter les résultats de détection ou de mesure de distance,0,0.1115298456
gerer-2.1,Utiliser un framework de tests unitaires,CAPT-Capt11,Appliquer un filtrage simple pour réduire le bruit sur un signal mesuré,0,0.1007713176
gerer-2.1,Utiliser un framework de tests unitaires,CAPT-Capt12,"Synchroniser les données issues de capteurs différents (IMU, GPS)",0,0.0627625873
gerer-2.1,Utiliser un framework de tests unitaires,CAPT-Capt13,Prétraiter les données pour compenser les dérives ou biais,0,0.0219840497
gerer-2.1,Utiliser un framework de tests unitaires,CAPT-Capt14,Mettre en œuvre un filtre de Kalman linéaire,0,0.1251785140
gerer-2.1,Utiliser un framework de tests unitaires,CAPT-Capt15,Présenter les limites du modèle linéaire et expliquer le filtre de Kalman étendu,0,0.0517810925
gerer-2.1,Utiliser un framework de tests unitaires,CAPT-Capt16,Expliquer les intérêts d’une fusion multi-capteurs pour la robustesse,0,0.0328686058
gerer-2.1,Utiliser un framework de tests unitaires,CAPT-Capt17,Interpréter les résultats de la fusion dans le contexte de la navigation,0,0.0802151955
gerer-2.1,Utiliser un framework de tests unitaires,CAPT-Capt18,Utiliser un capteur avec une carte raspberry,0,0.1749868491
gerer-2.1,Utiliser un framework de tests unitaires,CAPT-Capt19,"Développer un programme python pour utiliser les capteurs ou pour traiter les données (filtre, kalman…)",0,0.1435897261
gerer-2.2,Utiliser un logiciel d’audit de code statique,CAPT-Capt01,"Définir et classer les différents types de capteurs en fonction de leurs caractéristiques : actif/passif, nature du mesurande ou du signal de sortie, analogique/numérique/logique, mesure directe/indirecte",0,0.0674787800
gerer-2.2,Utiliser un logiciel d’audit de code statique,CAPT-Capt02,Décrire les signaux/données d'entrée/sortie,0,0.0146679610
gerer-2.2,Utiliser un logiciel d’audit de code statique,CAPT-Capt03,Définir les caractéristiques métrologiques des capteurs,0,0.0354402393
gerer-2.2,Utiliser un logiciel d’audit de code statique,CAPT-Capt04,Caractériser les erreurs de mesures liées aux capteurs.,0,0.0561611888
gerer-2.2,Utiliser un logiciel d’audit de code statique,CAPT-Capt05,"Interpréter la position dans différents repères de référence (géocentrique, terrestre, local, ENU, NED)",0,0.0392523083
gerer-2.2,Utiliser un logiciel d’audit de code statique,CAPT-Capt06,Analyser des trames NMEA pour extraire les données utiles,0,0.0317131817
gerer-2.2,Utiliser un logiciel d’audit de code statique,CAPT-Capt07,"Comparer différentes représentations de l’orientation (angles, matrices)",0,0.0452735617
gerer-2.2,Utiliser un logiciel d’audit de code statique,CAPT-Capt08,"Décrire les principes physiques (semi-conducteur, laser) associés à des capteurs de perception",0,0.0389501312
gerer-2.2,Utiliser un logiciel d’audit de code statique,CAPT-Capt09,"Comparer les performances des capteurs (portée, résolution, fréquence)",0,0.0242951021
gerer-2.2,Utiliser un logiciel d’audit de code statique,CAPT-Capt10,Interpréter les résultats de détection ou de mesure de distance,0,0.1123717125
gerer-2.2,Utiliser un logiciel d’audit de code statique,CAPT-Capt11,Appliquer un filtrage simple pour réduire le bruit sur un signal mesuré,0,0.0875239209
gerer-2.2,Utiliser un logiciel d’audit de code statique,CAPT-Capt12,"Synchroniser les données issues de capteurs différents (IMU, GPS)",0,0.0478353889
gerer-2.2,Utiliser un logiciel d’audit de code statique,CAPT-Capt13,Prétraiter les données pour compenser les dérives ou biais,0,0.0232719794
gerer-2.2,Utiliser un logiciel d’audit de code statique,CAPT-Capt14,Mettre en œuvre un filtre de Kalman linéaire,0,0.0959891639
gerer-2.2,Utiliser un logiciel d’audit de code statique,CAPT-Capt15,Présenter les limites du modèle linéaire et expliquer le filtre de Kalman étendu,0,0.0319271883
gerer-2.2,Utiliser un logiciel d’audit de code statique,CAPT-Capt16,Expliquer les intérêts d’une fusion multi-capteurs pour la robustesse,0,0.0216165289
gerer-2.2,Utiliser un logiciel d’audit de code statique,CAPT-Capt17,Interpréter les résultats de la fusion dans le contexte de la navigation,0,0.0622837529
gerer-2.2,Utiliser un logiciel d’audit de code statique,CAPT-Capt18,Utiliser un capteur avec une carte raspberry,0,0.1461474908
gerer-2.2,Utiliser un logiciel d’audit de code statique,CAPT-Capt19,"Développer un programme python pour utiliser les capteurs ou pour traiter les données (filtre, kalman…)",0,0.1192685162
gerer-2.3,Mettre en place des tests de non régression,CAPT-Capt01,"Définir et classer les différents types de capteurs en fonction de leurs caractéristiques : actif/passif, nature du mesurande ou du signal de sortie, analogique/numérique/logique, mesure directe/indirecte",0,0.0933733539
gerer-2.3,Mettre en place des tests de non régression,CAPT-Capt02,Décrire les signaux/données d'entrée/sortie,0,0.0191659301
gerer-2.3,Mettre en place des tests de non régression,CAPT-Capt03,Définir les caractéristiques métrologiques des capteurs,0,0.0858725368
gerer-2.3,Mettre en place des tests de non régression,CAPT-Capt04,Caractériser les erreurs de mesures liées aux capteurs.,0,0.0612835546
gerer-2.3,Mettre en place des tests de non régression,CAPT-Capt05,"Interpréter la position dans différents repères de référence (géocentrique, terrestre, local, ENU, NED)",0,0.0436108280
gerer-2.3,Mettre en place des tests de non régression,CAPT-Capt06,Analyser des trames NMEA pour extraire les données utiles,0,0.0591138808
gerer-2.3,Mettre en place des tests de non régression,CAPT-Capt07,"Comparer différentes représentations de l’orientation (angles, matrices)",0,0.0524820938
gerer-2.3,Mettre en place des tests de non régression,CAPT-Capt08,"Décrire les principes physiques (semi-conducteur, laser) associés à des capteurs de perception",0,0.0669962432
gerer-2.3,Mettre en place des tests de non régression,CAPT-Capt09,"Comparer les performances des capteurs (portée, résolution, fréquence)",0,0.0686262207
gerer-2.3,Mettre en place des tests de non régression,CAPT-Capt10,Interpréter les résultats de détection ou de mesure de distance,0,0.1015126357
gerer-2.3,Mettre en place des tests de non régression,CAPT-Capt11,Appliquer un filtrage simple pour réduire le bruit sur un signal mesuré,0,0.0222801819
gerer-2.3,Mettre en place des tests de non régression,CAPT-Capt12,"Synchroniser les données issues de capteurs différents (IMU, GPS)",0,0.0388928595
gerer-2.3,Mettre en place des tests de non régression,CAPT-Capt13,Prétraiter les données pour compenser les dérives ou biais,0,0.0219981223
gerer-2.3,Mettre en place des tests de non régression,CAPT-Capt14,Mettre en œuvre un filtre de Kalman linéaire,0,0.2577040363
gerer-2.3,Mettre en place des tests de non régression,CAPT-Capt15,Présenter les limites du modèle linéaire et expliquer le filtre de Kalman étendu,0,0.0432518818
gerer-2.3,Mettre en place des tests de non régression,CAPT-Capt16,Expliquer les intérêts d’une fusion multi-capteurs pour la robustesse,0,0.0279146224
gerer-2.3,Mettre en place des tests de non régression,CAPT-Capt17,Interpréter les résultats de la fusion dans le contexte de la navigation,0,0.0589974299
gerer-2.3,Mettre en place des tests de non régression,CAPT-Capt18,Utiliser un capteur avec une carte raspberry,0,0.0142824739
gerer-2.3,Mettre en place des tests de non régression,CAPT-Capt19,"Développer un programme python pour utiliser les capteurs ou pour traiter les données (filtre, kalman…)",0,0.0154215366
gerer-3.1,Utiliser un cycle de développement Agile,CAPT-Capt01,"Définir et classer les différents types de capteurs en fonction de leurs caractéristiques : actif/passif, nature du mesurande ou du signal de sortie, analogique/numérique/logique, mesure directe/indirecte",0,0.0639170318
gerer-3.1,Utiliser un cycle de développement Agile,CAPT-Capt02,Décrire les signaux/données d'entrée/sortie,0,0.0131050482
gerer-3.1,Utiliser un cycle de développement Agile,CAPT-Capt03,Définir les caractéristiques métrologiques des capteurs,0,0.0188071817
gerer-3.1,Utiliser un cycle de développement Agile,CAPT-Capt04,Caractériser les erreurs de mesures liées aux capteurs.,0,0.0432507839
gerer-3.1,Utiliser un cycle de développement Agile,CAPT-Capt05,"Interpréter la position dans différents repères de référence (géocentrique, terrestre, local, ENU, NED)",0,0.0339746574
gerer-3.1,Utiliser un cycle de développement Agile,CAPT-Capt06,Analyser des trames NMEA pour extraire les données utiles,0,0.0193951890
gerer-3.1,Utiliser un cycle de développement Agile,CAPT-Capt07,"Comparer différentes représentations de l’orientation (angles, matrices)",0,0.0431324227
gerer-3.1,Utiliser un cycle de développement Agile,CAPT-Capt08,"Décrire les principes physiques (semi-conducteur, laser) associés à des capteurs de perception",0,0.0390209354
gerer-3.1,Utiliser un cycle de développement Agile,CAPT-Capt09,"Comparer les performances des capteurs (portée, résolution, fréquence)",0,0.0169239700
gerer-3.1,Utiliser un cycle de développement Agile,CAPT-Capt10,Interpréter les résultats de détection ou de mesure de distance,0,0.1037325885
gerer-3.1,Utiliser un cycle de développement Agile,CAPT-Capt11,Appliquer un filtrage simple pour réduire le bruit sur un signal mesuré,0,0.0960975293
gerer-3.1,Utiliser un cycle de développement Agile,CAPT-Capt12,"Synchroniser les données issues de capteurs différents (IMU, GPS)",0,0.0441820112
gerer-3.1,Utiliser un cycle de développement Agile,CAPT-Capt13,Prétraiter les données pour compenser les dérives ou biais,0,0.0134328172
gerer-3.1,Utiliser un cycle de développement Agile,CAPT-Capt14,Mettre en œuvre un filtre de Kalman linéaire,0,0.1249310720
gerer-3.1,Utiliser un cycle de développement Agile,CAPT-Capt15,Présenter les limites du modèle linéaire et expliquer le filtre de Kalman étendu,0,0.0525272985
gerer-3.1,Utiliser un cycle de développement Agile,CAPT-Capt16,Expliquer les intérêts d’une fusion multi-capteurs pour la robustesse,0,0.0176366061
gerer-3.1,Utiliser un cycle de développement Agile,CAPT-Capt17,Interpréter les résultats de la fusion dans le contexte de la navigation,0,0.0793491156
gerer-3.1,Utiliser un cycle de développement Agile,CAPT-Capt18,Utiliser un capteur avec une carte raspberry,0,0.1534471989
gerer-3.1,Utiliser un cycle de développement Agile,CAPT-Capt19,"Développer un programme python pour utiliser les capteurs ou pour traiter les données (filtre, kalman…)",0,0.1214221716
gerer-3.2,Suivre des procédures,CAPT-Capt01,"Définir et classer les différents types de capteurs en fonction de leurs caractéristiques : actif/passif, nature du mesurande ou du signal de sortie, analogique/numérique/logique, mesure directe/indirecte",0,0.0194107011
gerer-3.2,Suivre des procédures,CAPT-Capt02,Décrire les signaux/données d'entrée/sortie,0,0.0349911064
gerer-3.2,Suivre des procédures,CAPT-Capt03,Définir les caractéristiques métrologiques des capteurs,0,0.1115521480
gerer-3.2,Suivre des procédures,CAPT-Capt04,Caractériser les erreurs de mesures liées aux capteurs.,0,0.0238705590
gerer-3.2,Suivre des procédures,CAPT-Capt05,"Interpréter la position dans différents repères de référence (géocentrique, terrestre, local, ENU, NED)",0,0.0236301824
gerer-3.2,Suivre des procédures,CAPT-Capt06,Analyser des trames NMEA pour extraire les données utiles,0,0.0813463218
gerer-3.2,Suivre des procédures,CAPT-Capt07,"Comparer différentes représentations de l’orientation (angles, matrices)",0,0.0219159931
gerer-3.2,Suivre des procédures,CAPT-Capt08,"Décrire les principes physiques (semi-conducteur, laser) associés à des capteurs de perception",0,0.0690318782
gerer-3.2,Suivre des procédures,CAPT-Capt09,"Comparer les performances des capteurs (portée, résolution, fréquence)",0,0.0847373946
gerer-3.2,Suivre des procédures,CAPT-Capt10,Interpréter les résultats de détection ou de mesure de distance,0,0.0218085438
gerer-3.2,Suivre des procédures,CAPT-Capt11,Appliquer un filtrage simple pour réduire le bruit sur un signal mesuré,0,0.0207246527
gerer-3.2,Suivre des procédures,CAPT-Capt12,"Synchroniser les données issues de capteurs différents (IMU, GPS)",0,0.0229045927
gerer-3.2,Suivre des procédures,CAPT-Capt13,Prétraiter les données pour compenser les dérives ou biais,0,0.0178302839
gerer-3.2,Suivre des procédures,CAPT-Capt14,Mettre en œuvre un filtre de Kalman linéaire,0,0.0329741210
gerer-3.2,Suivre des procédures,CAPT-Capt15,Présenter les limites du modèle linéaire et expliquer le filtre de Kalman étendu,0,0.0186811447
gerer-3.2,Suivre des procédures,CAPT-Capt16,Expliquer les intérêts d’une fusion multi-capteurs pour la robustesse,0,0.0253421873
gerer-3.2,Suivre des procédures,CAPT-Capt17,Interpréter les résultats de la fusion dans le contexte de la navigation,0,0.0206213608
gerer-3.2,Suivre des procédures,CAPT-Capt18,Utiliser un capteur avec une carte raspberry,0,0.0088370085
gerer-3.2,Suivre des procédures,CAPT-Capt19,"Développer un programme python pour utiliser les capteurs ou pour traiter les données (filtre, kalman…)",0,0.0196667030
gerer-3.3,Rédiger des procédures,CAPT-Capt01,"Définir et classer les différents types de capteurs en fonction de leurs caractéristiques : actif/passif, nature du mesurande ou du signal de sortie, analogique/numérique/logique, mesure directe/indirecte",0,0.0148155019
gerer-3.3,Rédiger des procédures,CAPT-Capt02,Décrire les signaux/données d'entrée/sortie,0,0.0395245820
gerer-3.3,Rédiger des procédures,CAPT-Capt03,Définir les caractéristiques métrologiques des capteurs,0,0.1107203530
gerer-3.3,Rédiger des procédures,CAPT-Capt04,Caractériser les erreurs de mesures liées aux capteurs.,0,0.0199979320
gerer-3.3,Rédiger des procédures,CAPT-Capt05,"Interpréter la position dans différents repères de référence (géocentrique, terrestre, local, ENU, NED)",0,0.0228060365
gerer-3.3,Rédiger des procédures,CAPT-Capt06,Analyser des trames NMEA pour extraire les données utiles,0,0.0902510525
gerer-3.3,Rédiger des procédures,CAPT-Capt07,"Comparer différentes représentations de l’orientation (angles, matrices)",0,0.0180506274
gerer-3.3,Rédiger des procédures,CAPT-Capt08,"Décrire les principes physiques (semi-conducteur, laser) associés à des capteurs de perception",0,0.0731669199
gerer-3.3,Rédiger des procédures,CAPT-Capt09,"Comparer les performances des capteurs (portée, résolution, fréquence)",0,0.0830056152
gerer-3.3,Rédiger des procédures,CAPT-Capt10,Interpréter les résultats de détection ou de mesure de distance,0,0.0194516092
gerer-3.3,Rédiger des procédures,CAPT-Capt11,Appliquer un filtrage simple pour réduire le bruit sur un signal mesuré,0,0.0187710494
gerer-3.3,Rédiger des procédures,CAPT-Capt12,"Synchroniser les données issues de capteurs différents (IMU, GPS)",0,0.0193212658
gerer-3.3,Rédiger des procédures,CAPT-Capt13,Prétraiter les données pour compenser les dérives ou biais,0,0.0195862591
gerer-3.3,Rédiger des procédures,CAPT-Capt14,Mettre en œuvre un filtre de Kalman linéaire,0,0.0218061656
gerer-3.3,Rédiger des procédures,CAPT-Capt15,Présenter les limites du modèle linéaire et expliquer le filtre de Kalman étendu,0,0.0112504661
gerer-3.3,Rédiger des procédures,CAPT-Capt16,Expliquer les intérêts d’une fusion multi-capteurs pour la robustesse,0,0.0244028091
gerer-3.3,Rédiger des procédures,CAPT-Capt17,Interpréter les résultats de la fusion dans le contexte de la navigation,0,0.0205428854
gerer-3.3,Rédiger des procédures,CAPT-Capt18,Utiliser un capteur avec une carte raspberry,0,0.0077871874
gerer-3.3,Rédiger des procédures,CAPT-Capt19,"Développer un programme python pour utiliser les capteurs ou pour traiter les données (filtre, kalman…)",0,0.0206033230
gerer-4.1,Auditer des projets,CAPT-Capt01,"Définir et classer les différents types de capteurs en fonction de leurs caractéristiques : actif/passif, nature du mesurande ou du signal de sortie, analogique/numérique/logique, mesure directe/indirecte",0,0.0237326354
gerer-4.1,Auditer des projets,CAPT-Capt02,Décrire les signaux/données d'entrée/sortie,0,0.0188163891
gerer-4.1,Auditer des projets,CAPT-Capt03,Définir les caractéristiques métrologiques des capteurs,0,0.1104362507
gerer-4.1,Auditer des projets,CAPT-Capt04,Caractériser les erreurs de mesures liées aux capteurs.,0,0.0296183050
gerer-4.1,Auditer des projets,CAPT-Capt05,"Interpréter la position dans différents repères de référence (géocentrique, terrestre, local, ENU, NED)",0,0.0200227052
gerer-4.1,Auditer des projets,CAPT-Capt06,Analyser des trames NMEA pour extraire les données utiles,0,0.0809079194
gerer-4.1,Auditer des projets,CAPT-Capt07,"Comparer différentes représentations de l’orientation (angles, matrices)",0,0.0204136223
gerer-4.1,Auditer des projets,CAPT-Capt08,"Décrire les principes physiques (semi-conducteur, laser) associés à des capteurs de perception",0,0.0656459477
gerer-4.1,Auditer des projets,CAPT-Capt09,"Comparer les performances des capteurs (portée, résolution, fréquence)",0,0.0878710062
gerer-4.1,Auditer des projets,CAPT-Capt10,Interpréter les résultats de détection ou de mesure de distance,0,0.0366578311
gerer-4.1,Auditer des projets,CAPT-Capt11,Appliquer un filtrage simple pour réduire le bruit sur un signal mesuré,0,0.0188375056
gerer-4.1,Auditer des projets,CAPT-Capt12,"Synchroniser les données issues de capteurs différents (IMU, GPS)",0,0.0112556457
gerer-4.1,Auditer des projets,CAPT-Capt13,Prétraiter les données pour compenser les dérives ou biais,0,0.0217291444
gerer-4.1,Auditer des projets,CAPT-Capt14,Mettre en œuvre un filtre de Kalman linéaire,0,0.0092940234
gerer-4.1,Auditer des projets,CAPT-Capt15,Présenter les limites du modèle linéaire et expliquer le filtre de Kalman étendu,0,0.0102863617
gerer-4.1,Auditer des projets,CAPT-Capt16,Expliquer les intérêts d’une fusion multi-capteurs pour la robustesse,0,0.0324013174
gerer-4.1,Auditer des projets,CAPT-Capt17,Interpréter les résultats de la fusion dans le contexte de la navigation,0,0.0226904318
gerer-4.1,Auditer des projets,CAPT-Capt18,Utiliser un capteur avec une carte raspberry,0,0.0211821645
gerer-4.1,Auditer des projets,CAPT-Capt19,"Développer un programme python pour utiliser les capteurs ou pour traiter les données (filtre, kalman…)",0,0.0172607422
gerer-4.2,Passer des audits,CAPT-Capt01,"Définir et classer les différents types de capteurs en fonction de leurs caractéristiques : actif/passif, nature du mesurande ou du signal de sortie, analogique/numérique/logique, mesure directe/indirecte",0,0.0212909639
gerer-4.2,Passer des audits,CAPT-Capt02,Décrire les signaux/données d'entrée/sortie,0,0.0270727634
gerer-4.2,Passer des audits,CAPT-Capt03,Définir les caractéristiques métrologiques des capteurs,0,0.1109981168
gerer-4.2,Passer des audits,CAPT-Capt04,Caractériser les erreurs de mesures liées aux capteurs.,0,0.0319145083
gerer-4.2,Passer des audits,CAPT-Capt05,"Interpréter la position dans différents repères de référence (géocentrique, terrestre, local, ENU, NED)",0,0.0173034564
gerer-4.2,Passer des audits,CAPT-Capt06,Analyser des trames NMEA pour extraire les données utiles,0,0.0799804831
gerer-4.2,Passer des audits,CAPT-Capt07,"Comparer différentes représentations de l’orientation (angles, matrices)",0,0.0210889846
gerer-4.2,Passer des audits,CAPT-Capt08,"Décrire les principes physiques (semi-conducteur, laser) associés à des capteurs de perception",0,0.0610360440
gerer-4.2,Passer des audits,CAPT-Capt09,"Comparer les performances des capteurs (portée, résolution, fréquence)",0,0.0874533327
gerer-4.2,Passer des audits,CAPT-Capt10,Interpréter les résultats de détection ou de mesure de distance,0,0.0308898002
gerer-4.2,Passer des audits,CAPT-Capt11,Appliquer un filtrage simple pour réduire le bruit sur un signal mesuré,0,0.0239841610
gerer-4.2,Passer des audits,CAPT-Capt12,"Synchroniser les données issues de capteurs différents (IMU, GPS)",0,0.0111202180
gerer-4.2,Passer des audits,CAPT-Capt13,Prétraiter les données pour compenser les dérives ou biais,0,0.0199202284
gerer-4.2,Passer des audits,CAPT-Capt14,Mettre en œuvre un filtre de Kalman linéaire,0,0.0175904408
gerer-4.2,Passer des audits,CAPT-Capt15,Présenter les limites du modèle linéaire et expliquer le filtre de Kalman étendu,0,0.0138928056
gerer-4.2,Passer des audits,CAPT-Capt16,Expliquer les intérêts d’une fusion multi-capteurs pour la robustesse,0,0.0319936067
gerer-4.2,Passer des audits,CAPT-Capt17,Interpréter les résultats de la fusion dans le contexte de la navigation,0,0.0166041478
gerer-4.2,Passer des audits,CAPT-Capt18,Utiliser un capteur avec une carte raspberry,0,0.0188700303
gerer-4.2,Passer des audits,CAPT-Capt19,"Développer un programme python pour utiliser les capteurs ou pour traiter les données (filtre, kalman…)",0,0.0147168353
gerer-4.3,Organiser les rôles et les tâches,CAPT-Capt01,"Définir et classer les différents types de capteurs en fonction de leurs caractéristiques : actif/passif, nature du mesurande ou du signal de sortie, analogique/numérique/logique, mesure directe/indirecte",0,0.0774298192
gerer-4.3,Organiser les rôles et les tâches,CAPT-Capt02,Décrire les signaux/données d'entrée/sortie,0,0.1000886738
gerer-4.3,Organiser les rôles et les tâches,CAPT-Capt03,Définir les caractéristiques métrologiques des capteurs,0,0.1020265976
gerer-4.3,Organiser les rôles et les tâches,CAPT-Capt04,Caractériser les erreurs de mesures liées aux capteurs.,0,0.0754332566
gerer-4.3,Organiser les rôles et les tâches,CAPT-Capt05,"Interpréter la position dans différents repères de référence (géocentrique, terrestre, local, ENU, NED)",0,0.0227289095
gerer-4.3,Organiser les rôles et les tâches,CAPT-Capt06,Analyser des trames NMEA pour extraire les données utiles,0,0.0776018599
gerer-4.3,Organiser les rôles et les tâches,CAPT-Capt07,"Comparer différentes représentations de l’orientation (angles, matrices)",0,0.0215343624
gerer-4.3,Organiser les rôles et les tâches,CAPT-Capt08,"Décrire les principes physiques (semi-conducteur, laser) associés à des capteurs de perception",0,0.0676288725
gerer-4.3,Organiser les rôles et les tâches,CAPT-Capt09,"Comparer les performances des capteurs (portée, résolution, fréquence)",0,0.0810461300
gerer-4.3,Organiser les rôles et les tâches,CAPT-Capt10,Interpréter les résultats de détection ou de mesure de distance,0,0.0763573253
gerer-4.3,Organiser les rôles et les tâches,CAPT-Capt11,Appliquer un filtrage simple pour réduire le bruit sur un signal mesuré,0,0.0098069221
gerer-4.3,Organiser les rôles et les tâches,CAPT-Capt12,"Synchroniser les données issues de capteurs différents (IMU, GPS)",0,0.0824328790
gerer-4.3,Organiser les rôles et les tâches,CAPT-Capt13,Prétraiter les données pour compenser les dérives ou biais,0,0.1396246651
gerer-4.3,Organiser les rôles et les tâches,CAPT-Capt14,Mettre en œuvre un filtre de Kalman linéaire,0,0.0154397815
gerer-4.3,Organiser les rôles et les tâches,CAPT-Capt15,Présenter les limites du modèle linéaire et expliquer le filtre de Kalman étendu,0,0.1024352178
gerer-4.3,Organiser les rôles et les tâches,CAPT-Capt16,Expliquer les intérêts d’une fusion multi-capteurs pour la robustesse,0,0.0775330738
gerer-4.3,Organiser les rôles et les tâches,CAPT-Capt17,Interpréter les résultats de la fusion dans le contexte de la navigation,0,0.0760857352
gerer-4.3,Organiser les rôles et les tâches,CAPT-Capt18,Utiliser un capteur avec une carte raspberry,0,0.0069378287
gerer-4.3,Organiser les rôles et les tâches,CAPT-Capt19,"Développer un programme python pour utiliser les capteurs ou pour traiter les données (filtre, kalman…)",0,0.1143306504
communiquer-1.1,Documenter le code à l’aide d’un framework,CAPT-Capt01,"Définir et classer les différents types de capteurs en fonction de leurs caractéristiques : actif/passif, nature du mesurande ou du signal de sortie, analogique/numérique/logique, mesure directe/indirecte",0,0.0163751095
communiquer-1.1,Documenter le code à l’aide d’un framework,CAPT-Capt02,Décrire les signaux/données d'entrée/sortie,0,0.0270867318
communiquer-1.1,Documenter le code à l’aide d’un framework,CAPT-Capt03,Définir les caractéristiques métrologiques des capteurs,0,0.0228232697
communiquer-1.1,Documenter le code à l’aide d’un framework,CAPT-Capt04,Caractériser les erreurs de mesures liées aux capteurs.,0,0.0115081347
communiquer-1.1,Documenter le code à l’aide d’un framework,CAPT-Capt05,"Interpréter la position dans différents repères de référence (géocentrique, terrestre, local, ENU, NED)",0,0.0192445785
communiquer-1.1,Documenter le code à l’aide d’un framework,CAPT-Capt06,Analyser des trames NMEA pour extraire les données utiles,0,0.0327349186
communiquer-1.1,Documenter le code à l’aide d’un framework,CAPT-Capt07,"Comparer différentes représentations de l’orientation (angles, matrices)",0,0.0188894510
communiquer-1.1,Documenter le code à l’aide d’un framework,CAPT-Capt08,"Décrire les principes physiques (semi-conducteur, laser) associés à des capteurs de perception",0,0.0177098051
communiquer-1.1,Documenter le code à l’aide d’un framework,CAPT-Capt09,"Comparer les performances des capteurs (portée, résolution, fréquence)",0,0.0157207951
communiquer-1.1,Documenter le code à l’aide d’un framework,CAPT-Capt10,Interpréter les résultats de détection ou de mesure de distance,0,0.0117334090
communiquer-1.1,Documenter le code à l’aide d’un framework,CAPT-Capt11,Appliquer un filtrage simple pour réduire le bruit sur un signal mesuré,0,0.1323959848
communiquer-1.1,Documenter le code à l’aide d’un framework,CAPT-Capt12,"Synchroniser les données issues de capteurs différents (IMU, GPS)",0,0.0227988809
communiquer-1.1,Documenter le code à l’aide d’un framework,CAPT-Capt13,Prétraiter les données pour compenser les dérives ou biais,0,0.0184545085
communiquer-1.1,Documenter le code à l’aide d’un framework,CAPT-Capt14,Mettre en œuvre un filtre de Kalman linéaire,0,0.0747979237
communiquer-1.1,Documenter le code à l’aide d’un framework,CAPT-Capt15,Présenter les limites du modèle linéaire et expliquer le filtre de Kalman étendu,0,0.0681480718
communiquer-1.1,Documenter le code à l’aide d’un framework,CAPT-Capt16,Expliquer les intérêts d’une fusion multi-capteurs pour la robustesse,0,0.0173414558
communiquer-1.1,Documenter le code à l’aide d’un framework,CAPT-Capt17,Interpréter les résultats de la fusion dans le contexte de la navigation,0,0.0730611711
communiquer-1.1,Documenter le code à l’aide d’un framework,CAPT-Capt18,Utiliser un capteur avec une carte raspberry,0,0.0642083551
communiquer-1.1,Documenter le code à l’aide d’un framework,CAPT-Capt19,"Développer un programme python pour utiliser les capteurs ou pour traiter les données (filtre, kalman…)",0,0.0632116701
communiquer-1.2,Rédiger un rapport cohérent retraçant toutes les étapes du cycle de vie du projet,CAPT-Capt01,"Définir et classer les différents types de capteurs en fonction de leurs caractéristiques : actif/passif, nature du mesurande ou du signal de sortie, analogique/numérique/logique, mesure directe/indirecte",0,0.1594633566
communiquer-1.2,Rédiger un rapport cohérent retraçant toutes les étapes du cycle de vie du projet,CAPT-Capt02,Décrire les signaux/données d'entrée/sortie,0,0.0630593005
communiquer-1.2,Rédiger un rapport cohérent retraçant toutes les étapes du cycle de vie du projet,CAPT-Capt03,Définir les caractéristiques métrologiques des capteurs,0,0.0459468898
communiquer-1.2,Rédiger un rapport cohérent retraçant toutes les étapes du cycle de vie du projet,CAPT-Capt04,Caractériser les erreurs de mesures liées aux capteurs.,0,0.0485304032
communiquer-1.2,Rédiger un rapport cohérent retraçant toutes les étapes du cycle de vie du projet,CAPT-Capt05,"Interpréter la position dans différents repères de référence (géocentrique, terrestre, local, ENU, NED)",0,0.0442917426
communiquer-1.2,Rédiger un rapport cohérent retraçant toutes les étapes du cycle de vie du projet,CAPT-Capt06,Analyser des trames NMEA pour extraire les données utiles,0,0.0401272816
communiquer-1.2,Rédiger un rapport cohérent retraçant toutes les étapes du cycle de vie du projet,CAPT-Capt07,"Comparer différentes représentations de l’orientation (angles, matrices)",0,0.0416131823
communiquer-1.2,Rédiger un rapport cohérent retraçant toutes les étapes du cycle de vie du projet,CAPT-Capt08,"Décrire les principes physiques (semi-conducteur, laser) associés à des capteurs de perception",0,0.0488323553
communiquer-1.2,Rédiger un rapport cohérent retraçant toutes les étapes du cycle de vie du projet,CAPT-Capt09,"Comparer les performances des capteurs (portée, résolution, fréquence)",0,0.0447188216
communiquer-1.2,Rédiger un rapport cohérent retraçant toutes les étapes du cycle de vie du projet,CAPT-Capt10,Interpréter les résultats de détection ou de mesure de distance,0,0.0942391242
communiquer-1.2,Rédiger un rapport cohérent retraçant toutes les étapes du cycle de vie du projet,CAPT-Capt11,Appliquer un filtrage simple pour réduire le bruit sur un signal mesuré,0,0.0549284464
communiquer-1.2,Rédiger un rapport cohérent retraçant toutes les étapes du cycle de vie du projet,CAPT-Capt12,"Synchroniser les données issues de capteurs différents (IMU, GPS)",0,0.0583514592
communiquer-1.2,Rédiger un rapport cohérent retraçant toutes les étapes du cycle de vie du projet,CAPT-Capt13,Prétraiter les données pour compenser les dérives ou biais,0,0.0529253367
communiquer-1.2,Rédiger un rapport cohérent retraçant toutes les étapes du cycle de vie du projet,CAPT-Capt14,Mettre en œuvre un filtre de Kalman linéaire,0,0.0701209175
communiquer-1.2,Rédiger un rapport cohérent retraçant toutes les étapes du cycle de vie du projet,CAPT-Capt15,Présenter les limites du modèle linéaire et expliquer le filtre de Kalman étendu,0,0.1389047238
communiquer-1.2,Rédiger un rapport cohérent retraçant toutes les étapes du cycle de vie du projet,CAPT-Capt16,Expliquer les intérêts d’une fusion multi-capteurs pour la robustesse,0,0.0509154292
communiquer-1.2,Rédiger un rapport cohérent retraçant toutes les étapes du cycle de vie du projet,CAPT-Capt17,Interpréter les résultats de la fusion dans le contexte de la navigation,0,0.0799171428
communiquer-1.2,Rédiger un rapport cohérent retraçant toutes les étapes du cycle de vie du projet,CAPT-Capt18,Utiliser un capteur avec une carte raspberry,0,0.0394596548
communiquer-1.2,Rédiger un rapport cohérent retraçant toutes les étapes du cycle de vie du projet,CAPT-Capt19,"Développer un programme python pour utiliser les capteurs ou pour traiter les données (filtre, kalman…)",0,0.0604050166
communiquer-1.3,Représenter les modèles à l’aide de langage formel,CAPT-Capt01,"Définir et classer les différents types de capteurs en fonction de leurs caractéristiques : actif/passif, nature du mesurande ou du signal de sortie, analogique/numérique/logique, mesure directe/indirecte",0,0.0864159044
communiquer-1.3,Représenter les modèles à l’aide de langage formel,CAPT-Capt02,Décrire les signaux/données d'entrée/sortie,0,0.0663590180
communiquer-1.3,Représenter les modèles à l’aide de langage formel,CAPT-Capt03,Définir les caractéristiques métrologiques des capteurs,0,0.0684978511
communiquer-1.3,Représenter les modèles à l’aide de langage formel,CAPT-Capt04,Caractériser les erreurs de mesures liées aux capteurs.,0,0.0821779988
communiquer-1.3,Représenter les modèles à l’aide de langage formel,CAPT-Capt05,"Interpréter la position dans différents repères de référence (géocentrique, terrestre, local, ENU, NED)",0,0.0518439098
communiquer-1.3,Représenter les modèles à l’aide de langage formel,CAPT-Capt06,Analyser des trames NMEA pour extraire les données utiles,0,0.0593481279
communiquer-1.3,Représenter les modèles à l’aide de langage formel,CAPT-Capt07,"Comparer différentes représentations de l’orientation (angles, matrices)",0,0.0774259186
communiquer-1.3,Représenter les modèles à l’aide de langage formel,CAPT-Capt08,"Décrire les principes physiques (semi-conducteur, laser) associés à des capteurs de perception",0,0.0822872178
communiquer-1.3,Représenter les modèles à l’aide de langage formel,CAPT-Capt09,"Comparer les performances des capteurs (portée, résolution, fréquence)",0,0.0573361559
communiquer-1.3,Représenter les modèles à l’aide de langage formel,CAPT-Capt10,Interpréter les résultats de détection ou de mesure de distance,0,0.1369646736
communiquer-1.3,Représenter les modèles à l’aide de langage formel,CAPT-Capt11,Appliquer un filtrage simple pour réduire le bruit sur un signal mesuré,0,0.0178366929
communiquer-1.3,Représenter les modèles à l’aide de langage formel,CAPT-Capt12,"Synchroniser les données issues de capteurs différents (IMU, GPS)",0,0.0881027005
communiquer-1.3,Représenter les modèles à l’aide de langage formel,CAPT-Capt13,Prétraiter les données pour compenser les dérives ou biais,0,0.0851078319
communiquer-1.3,Représenter les modèles à l’aide de langage formel,CAPT-Capt14,Mettre en œuvre un filtre de Kalman linéaire,0,0.0591980661
communiquer-1.3,Représenter les modèles à l’aide de langage formel,CAPT-Capt15,Présenter les limites du modèle linéaire et expliquer le filtre de Kalman étendu,0,0.0847441405
communiquer-1.3,Représenter les modèles à l’aide de langage formel,CAPT-Capt16,Expliquer les intérêts d’une fusion multi-capteurs pour la robustesse,0,0.0490103240
communiquer-1.3,Représenter les modèles à l’aide de langage formel,CAPT-Capt17,Interpréter les résultats de la fusion dans le contexte de la navigation,0,0.1066563735
communiquer-1.3,Représenter les modèles à l’aide de langage formel,CAPT-Capt18,Utiliser un capteur avec une carte raspberry,0,0.0118070163
communiquer-1.3,Représenter les modèles à l’aide de langage formel,CAPT-Capt19,"Développer un programme python pour utiliser les capteurs ou pour traiter les données (filtre, kalman…)",0,0.0688624398
communiquer-2.1,Rédiger des supports de présentation,CAPT-Capt01,"Définir et classer les différents types de capteurs en fonction de leurs caractéristiques : actif/passif, nature du mesurande ou du signal de sortie, analogique/numérique/logique, mesure directe/indirecte",0,0.0638572360
communiquer-2.1,Rédiger des supports de présentation,CAPT-Capt02,Décrire les signaux/données d'entrée/sortie,0,0.0362455666
communiquer-2.1,Rédiger des supports de présentation,CAPT-Capt03,Définir les caractéristiques métrologiques des capteurs,0,0.0765842900
communiquer-2.1,Rédiger des supports de présentation,CAPT-Capt04,Caractériser les erreurs de mesures liées aux capteurs.,0,0.0470642504
communiquer-2.1,Rédiger des supports de présentation,CAPT-Capt05,"Interpréter la position dans différents repères de référence (géocentrique, terrestre, local, ENU, NED)",0,0.0490726998
communiquer-2.1,Rédiger des supports de présentation,CAPT-Capt06,Analyser des trames NMEA pour extraire les données utiles,0,0.0612649288
communiquer-2.1,Rédiger des supports de présentation,CAPT-Capt07,"Comparer différentes représentations de l’orientation (angles, matrices)",0,0.0530993436
communiquer-2.1,Rédiger des supports de présentation,CAPT-Capt08,"Décrire les principes physiques (semi-conducteur, laser) associés à des capteurs de perception",0,0.0908359920
communiquer-2.1,Rédiger des supports de présentation,CAPT-Capt09,"Comparer les performances des capteurs (portée, résolution, fréquence)",0,0.0668379886
communiquer-2.1,Rédiger des supports de présentation,CAPT-Capt10,Interpréter les résultats de détection ou de mesure de distance,0,0.1173963055
communiquer-2.1,Rédiger des supports de présentation,CAPT-Capt11,Appliquer un filtrage simple pour réduire le bruit sur un signal mesuré,0,0.0060502961
communiquer-2.1,Rédiger des supports de présentation,CAPT-Capt12,"Synchroniser les données issues de capteurs différents (IMU, GPS)",0,0.0449400182
communiquer-2.1,Rédiger des supports de présentation,CAPT-Capt13,Prétraiter les données pour compenser les dérives ou biais,0,0.0115169652
communiquer-2.1,Rédiger des supports de présentation,CAPT-Capt14,Mettre en œuvre un filtre de Kalman linéaire,0,0.0417100660
communiquer-2.1,Rédiger des supports de présentation,CAPT-Capt15,Présenter les limites du modèle linéaire et expliquer le filtre de Kalman étendu,0,0.0384055035
communiquer-2.1,Rédiger des supports de présentation,CAPT-Capt16,Expliquer les intérêts d’une fusion multi-capteurs pour la robustesse,0,0.0188100114
communiquer-2.1,Rédiger des supports de présentation,CAPT-Capt17,Interpréter les résultats de la fusion dans le contexte de la navigation,0,0.0714264816
communiquer-2.1,Rédiger des supports de présentation,CAPT-Capt18,Utiliser un capteur avec une carte raspberry,0,0.0069381900
communiquer-2.1,Rédiger des supports de présentation,CAPT-Capt19,"Développer un programme python pour utiliser les capteurs ou pour traiter les données (filtre, kalman…)",0,0.0089617416
communiquer-2.2,Restituer oralement le travail réalisé,CAPT-Capt01,"Définir et classer les différents types de capteurs en fonction de leurs caractéristiques : actif/passif, nature du mesurande ou du signal de sortie, analogique/numérique/logique, mesure directe/indirecte",0,0.0181140661
communiquer-2.2,Restituer oralement le travail réalisé,CAPT-Capt02,Décrire les signaux/données d'entrée/sortie,0,0.0408926040
communiquer-2.2,Restituer oralement le travail réalisé,CAPT-Capt03,Définir les caractéristiques métrologiques des capteurs,0,0.0180750638
communiquer-2.2,Restituer oralement le travail réalisé,CAPT-Capt04,Caractériser les erreurs de mesures liées aux capteurs.,0,0.0124003105
communiquer-2.2,Restituer oralement le travail réalisé,CAPT-Capt05,"Interpréter la position dans différents repères de référence (géocentrique, terrestre, local, ENU, NED)",0,0.0213920265
communiquer-2.2,Restituer oralement le travail réalisé,CAPT-Capt06,Analyser des trames NMEA pour extraire les données utiles,0,0.0166685075
communiquer-2.2,Restituer oralement le travail réalisé,CAPT-Capt07,"Comparer différentes représentations de l’orientation (angles, matrices)",0,0.0106219202
communiquer-2.2,Restituer oralement le travail réalisé,CAPT-Capt08,"Décrire les principes physiques (semi-conducteur, laser) associés à des capteurs de perception",0,0.0210767120
communiquer-2.2,Restituer oralement le travail réalisé,CAPT-Capt09,"Comparer les performances des capteurs (portée, résolution, fréquence)",0,0.0257516801
communiquer-2.2,Restituer oralement le travail réalisé,CAPT-Capt10,Interpréter les résultats de détection ou de mesure de distance,0,0.0290159702
communiquer-2.2,Restituer oralement le travail réalisé,CAPT-Capt11,Appliquer un filtrage simple pour réduire le bruit sur un signal mesuré,0,0.0567817463
communiquer-2.2,Restituer oralement le travail réalisé,CAPT-Capt12,"Synchroniser les données issues de capteurs différents (IMU, GPS)",0,0.0097659647
communiquer-2.2,Restituer oralement le travail réalisé,CAPT-Capt13,Prétraiter les données pour compenser les dérives ou biais,0,0.0089948945
communiquer-2.2,Restituer oralement le travail réalisé,CAPT-Capt14,Mettre en œuvre un filtre de Kalman linéaire,0,0.0069129161
communiquer-2.2,Restituer oralement le travail réalisé,CAPT-Capt15,Présenter les limites du modèle linéaire et expliquer le filtre de Kalman étendu,0,0.0589466807
communiquer-2.2,Restituer oralement le travail réalisé,CAPT-Capt16,Expliquer les intérêts d’une fusion multi-capteurs pour la robustesse,0,0.0186178863
communiquer-2.2,Restituer oralement le travail réalisé,CAPT-Capt17,Interpréter les résultats de la fusion dans le contexte de la navigation,0,0.0688026358
communiquer-2.2,Restituer oralement le travail réalisé,CAPT-Capt18,Utiliser un capteur avec une carte raspberry,0,0.0084244773
communiquer-2.2,Restituer oralement le travail réalisé,CAPT-Capt19,"Développer un programme python pour utiliser les capteurs ou pour traiter les données (filtre, kalman…)",0,0.0115622550
communiquer-2.3,Synthétiser le travail réalisé,CAPT-Capt01,"Définir et classer les différents types de capteurs en fonction de leurs caractéristiques : actif/passif, nature du mesurande ou du signal de sortie, analogique/numérique/logique, mesure directe/indirecte",0,0.0200128481
communiquer-2.3,Synthétiser le travail réalisé,CAPT-Capt02,Décrire les signaux/données d'entrée/sortie,0,0.0395502627
communiquer-2.3,Synthétiser le travail réalisé,CAPT-Capt03,Définir les caractéristiques métrologiques des capteurs,0,0.0231835127
communiquer-2.3,Synthétiser le travail réalisé,CAPT-Capt04,Caractériser les erreurs de mesures liées aux capteurs.,0,0.0184756830
communiquer-2.3,Synthétiser le travail réalisé,CAPT-Capt05,"Interpréter la position dans différents repères de référence (géocentrique, terrestre, local, ENU, NED)",0,0.0291854322
communiquer-2.3,Synthétiser le travail réalisé,CAPT-Capt06,Analyser des trames NMEA pour extraire les données utiles,0,0.0315193772
communiquer-2.3,Synthétiser le travail réalisé,CAPT-Capt07,"Comparer différentes représentations de l’orientation (angles, matrices)",0,0.0221488535
communiquer-2.3,Synthétiser le travail réalisé,CAPT-Capt08,"Décrire les principes physiques (semi-conducteur, laser) associés à des capteurs de perception",0,0.0242241681
communiquer-2.3,Synthétiser le travail réalisé,CAPT-Capt09,"Comparer les performances des capteurs (portée, résolution, fréquence)",0,0.0300398678
communiquer-2.3,Synthétiser le travail réalisé,CAPT-Capt10,Interpréter les résultats de détection ou de mesure de distance,0,0.0288394719
communiquer-2.3,Synthétiser le travail réalisé,CAPT-Capt11,Appliquer un filtrage simple pour réduire le bruit sur un signal mesuré,0,0.0646287413
communiquer-2.3,Synthétiser le travail réalisé,CAPT-Capt12,"Synchroniser les données issues de capteurs différents (IMU, GPS)",0,0.0241845190
communiquer-2.3,Synthétiser le travail réalisé,CAPT-Capt13,Prétraiter les données pour compenser les dérives ou biais,0,0.0196941644
communiquer-2.3,Synthétiser le travail réalisé,CAPT-Capt14,Mettre en œuvre un filtre de Kalman linéaire,0,0.0120228320
communiquer-2.3,Synthétiser le travail réalisé,CAPT-Capt15,Présenter les limites du modèle linéaire et expliquer le filtre de Kalman étendu,0,0.0672914147
communiquer-2.3,Synthétiser le travail réalisé,CAPT-Capt16,Expliquer les intérêts d’une fusion multi-capteurs pour la robustesse,0,0.0276401669
communiquer-2.3,Synthétiser le travail réalisé,CAPT-Capt17,Interpréter les résultats de la fusion dans le contexte de la navigation,0,0.0834965166
communiquer-2.3,Synthétiser le travail réalisé,CAPT-Capt18,Utiliser un capteur avec une carte raspberry,0,0.0078110948
communiquer-2.3,Synthétiser le travail réalisé,CAPT-Capt19,"Développer un programme python pour utiliser les capteurs ou pour traiter les données (filtre, kalman…)",0,0.0129871443
communiquer-3.1,Interpréter les résultats dans le contexte du problème,CAPT-Capt01,"Définir et classer les différents types de capteurs en fonction de leurs caractéristiques : actif/passif, nature du mesurande ou du signal de sortie, analogique/numérique/logique, mesure directe/indirecte",0,0.1254982106
communiquer-3.1,Interpréter les résultats dans le contexte du problème,CAPT-Capt02,Décrire les signaux/données d'entrée/sortie,0,0.0739162697
communiquer-3.1,Interpréter les résultats dans le contexte du problème,CAPT-Capt03,Définir les caractéristiques métrologiques des capteurs,0,0.0685036924
communiquer-3.1,Interpréter les résultats dans le contexte du problème,CAPT-Capt04,Caractériser les erreurs de mesures liées aux capteurs.,0,0.0594973592
communiquer-3.1,Interpréter les résultats dans le contexte du problème,CAPT-Capt05,"Interpréter la position dans différents repères de référence (géocentrique, terrestre, local, ENU, NED)",0,0.2072193147
communiquer-3.1,Interpréter les résultats dans le contexte du problème,CAPT-Capt06,Analyser des trames NMEA pour extraire les données utiles,0,0.0629043724
communiquer-3.1,Interpréter les résultats dans le contexte du problème,CAPT-Capt07,"Comparer différentes représentations de l’orientation (angles, matrices)",0,0.0296249807
communiquer-3.1,Interpréter les résultats dans le contexte du problème,CAPT-Capt08,"Décrire les principes physiques (semi-conducteur, laser) associés à des capteurs de perception",0,0.0538667121
communiquer-3.1,Interpréter les résultats dans le contexte du problème,CAPT-Capt09,"Comparer les performances des capteurs (portée, résolution, fréquence)",0,0.0637267077
communiquer-3.1,Interpréter les résultats dans le contexte du problème,CAPT-Capt10,Interpréter les résultats de détection ou de mesure de distance,1,0.3129141586
communiquer-3.1,Interpréter les résultats dans le contexte du problème,CAPT-Capt11,Appliquer un filtrage simple pour réduire le bruit sur un signal mesuré,0,0.0665875861
communiquer-3.1,Interpréter les résultats dans le contexte du problème,CAPT-Capt12,"Synchroniser les données issues de capteurs différents (IMU, GPS)",0,0.0484727979
communiquer-3.1,Interpréter les résultats dans le contexte du problème,CAPT-Capt13,Prétraiter les données pour compenser les dérives ou biais,0,0.0959130736
communiquer-3.1,Interpréter les résultats dans le contexte du problème,CAPT-Capt14,Mettre en œuvre un filtre de Kalman linéaire,0,0.0154516667
communiquer-3.1,Interpréter les résultats dans le contexte du problème,CAPT-Capt15,Présenter les limites du modèle linéaire et expliquer le filtre de Kalman étendu,0,0.1634649766
communiquer-3.1,Interpréter les résultats dans le contexte du problème,CAPT-Capt16,Expliquer les intérêts d’une fusion multi-capteurs pour la robustesse,1,0.0431926886
communiquer-3.1,Interpréter les résultats dans le contexte du problème,CAPT-Capt17,Interpréter les résultats de la fusion dans le contexte de la navigation,1,0.5565287587
communiquer-3.1,Interpréter les résultats dans le contexte du problème,CAPT-Capt18,Utiliser un capteur avec une carte raspberry,0,0.0185119897
communiquer-3.1,Interpréter les résultats dans le contexte du problème,CAPT-Capt19,"Développer un programme python pour utiliser les capteurs ou pour traiter les données (filtre, kalman…)",0,0.0657061752
communiquer-3.2,Critiquer les résultats,CAPT-Capt01,"Définir et classer les différents types de capteurs en fonction de leurs caractéristiques : actif/passif, nature du mesurande ou du signal de sortie, analogique/numérique/logique, mesure directe/indirecte",0,0.0462918873
communiquer-3.2,Critiquer les résultats,CAPT-Capt02,Décrire les signaux/données d'entrée/sortie,0,0.0838383257
communiquer-3.2,Critiquer les résultats,CAPT-Capt03,Définir les caractéristiques métrologiques des capteurs,0,0.0847755790
communiquer-3.2,Critiquer les résultats,CAPT-Capt04,Caractériser les erreurs de mesures liées aux capteurs.,0,0.0796902707
communiquer-3.2,Critiquer les résultats,CAPT-Capt05,"Interpréter la position dans différents repères de référence (géocentrique, terrestre, local, ENU, NED)",0,0.0202766389
communiquer-3.2,Critiquer les résultats,CAPT-Capt06,Analyser des trames NMEA pour extraire les données utiles,0,0.0629205650
communiquer-3.2,Critiquer les résultats,CAPT-Capt07,"Comparer différentes représentations de l’orientation (angles, matrices)",0,0.0177222073
communiquer-3.2,Critiquer les résultats,CAPT-Capt08,"Décrire les principes physiques (semi-conducteur, laser) associés à des capteurs de perception",0,0.0575900166
communiquer-3.2,Critiquer les résultats,CAPT-Capt09,"Comparer les performances des capteurs (portée, résolution, fréquence)",0,0.0763830658
communiquer-3.2,Critiquer les résultats,CAPT-Capt10,Interpréter les résultats de détection ou de mesure de distance,0,0.2464519956
communiquer-3.2,Critiquer les résultats,CAPT-Capt11,Appliquer un filtrage simple pour réduire le bruit sur un signal mesuré,0,0.0189584196
communiquer-3.2,Critiquer les résultats,CAPT-Capt12,"Synchroniser les données issues de capteurs différents (IMU, GPS)",0,0.0510986054
communiquer-3.2,Critiquer les résultats,CAPT-Capt13,Prétraiter les données pour compenser les dérives ou biais,1,0.1150500134
communiquer-3.2,Critiquer les résultats,CAPT-Capt14,Mettre en œuvre un filtre de Kalman linéaire,0,0.0112441197
communiquer-3.2,Critiquer les résultats,CAPT-Capt15,Présenter les limites du modèle linéaire et expliquer le filtre de Kalman étendu,1,0.0545005893
communiquer-3.2,Critiquer les résultats,CAPT-Capt16,Expliquer les intérêts d’une fusion multi-capteurs pour la robustesse,0,0.0521539629
communiquer-3.2,Critiquer les résultats,CAPT-Capt17,Interpréter les résultats de la fusion dans le contexte de la navigation,0,0.2170097709
communiquer-3.2,Critiquer les résultats,CAPT-Capt18,Utiliser un capteur avec une carte raspberry,0,0.0155506834
communiquer-3.2,Critiquer les résultats,CAPT-Capt19,"Développer un programme python pour utiliser les capteurs ou pour traiter les données (filtre, kalman…)",0,0.0805383832
communiquer-3.3,Proposer des perspectives,CAPT-Capt01,"Définir et classer les différents types de capteurs en fonction de leurs caractéristiques : actif/passif, nature du mesurande ou du signal de sortie, analogique/numérique/logique, mesure directe/indirecte",0,0.0219455540
communiquer-3.3,Proposer des perspectives,CAPT-Capt02,Décrire les signaux/données d'entrée/sortie,0,0.0305461317
communiquer-3.3,Proposer des perspectives,CAPT-Capt03,Définir les caractéristiques métrologiques des capteurs,0,0.0947896246
communiquer-3.3,Proposer des perspectives,CAPT-Capt04,Caractériser les erreurs de mesures liées aux capteurs.,0,0.0233241409
communiquer-3.3,Proposer des perspectives,CAPT-Capt05,"Interpréter la position dans différents repères de référence (géocentrique, terrestre, local, ENU, NED)",0,0.0357832074
communiquer-3.3,Proposer des perspectives,CAPT-Capt06,Analyser des trames NMEA pour extraire les données utiles,0,0.0727454463
communiquer-3.3,Proposer des perspectives,CAPT-Capt07,"Comparer différentes représentations de l’orientation (angles, matrices)",0,0.0343930066
communiquer-3.3,Proposer des perspectives,CAPT-Capt08,"Décrire les principes physiques (semi-conducteur, laser) associés à des capteurs de perception",0,0.0784404751
communiquer-3.3,Proposer des perspectives,CAPT-Capt09,"Comparer les performances des capteurs (portée, résolution, fréquence)",0,0.0884420605
communiquer-3.3,Proposer des perspectives,CAPT-Capt10,Interpréter les résultats de détection ou de mesure de distance,0,0.0451400936
communiquer-3.3,Proposer des perspectives,CAPT-Capt11,Appliquer un filtrage simple pour réduire le bruit sur un signal mesuré,0,0.0083864450
communiquer-3.3,Proposer des perspectives,CAPT-Capt12,"Synchroniser les données issues de capteurs différents (IMU, GPS)",0,0.0093048483
communiquer-3.3,Proposer des perspectives,CAPT-Capt13,Prétraiter les données pour compenser les dérives ou biais,0,0.0190642178
communiquer-3.3,Proposer des perspectives,CAPT-Capt14,Mettre en œuvre un filtre de Kalman linéaire,0,0.0117216788
communiquer-3.3,Proposer des perspectives,CAPT-Capt15,Présenter les limites du modèle linéaire et expliquer le filtre de Kalman étendu,0,0.0232840955
communiquer-3.3,Proposer des perspectives,CAPT-Capt16,Expliquer les intérêts d’une fusion multi-capteurs pour la robustesse,0,0.0185228705
communiquer-3.3,Proposer des perspectives,CAPT-Capt17,Interpréter les résultats de la fusion dans le contexte de la navigation,0,0.0249045551
communiquer-3.3,Proposer des perspectives,CAPT-Capt18,Utiliser un capteur avec une carte raspberry,0,0.0103250086
communiquer-3.3,Proposer des perspectives,CAPT-Capt19,"Développer un programme python pour utiliser les capteurs ou pour traiter les données (filtre, kalman…)",0,0.0125903964
communiquer-3.4,Représenter de manière humainement compréhensible (graphiquement) les résultats,CAPT-Capt01,"Définir et classer les différents types de capteurs en fonction de leurs caractéristiques : actif/passif, nature du mesurande ou du signal de sortie, analogique/numérique/logique, mesure directe/indirecte",0,0.0795991346
communiquer-3.4,Représenter de manière humainement compréhensible (graphiquement) les résultats,CAPT-Capt02,Décrire les signaux/données d'entrée/sortie,0,0.0750186762
communiquer-3.4,Représenter de manière humainement compréhensible (graphiquement) les résultats,CAPT-Capt03,Définir les caractéristiques métrologiques des capteurs,0,0.0602065744
communiquer-3.4,Représenter de manière humainement compréhensible (graphiquement) les résultats,CAPT-Capt04,Caractériser les erreurs de mesures liées aux capteurs.,0,0.0758106051
communiquer-3.4,Représenter de manière humainement compréhensible (graphiquement) les résultats,CAPT-Capt05,"Interpréter la position dans différents repères de référence (géocentrique, terrestre, local, ENU, NED)",0,0.0488640156
communiquer-3.4,Représenter de manière humainement compréhensible (graphiquement) les résultats,CAPT-Capt06,Analyser des trames NMEA pour extraire les données utiles,0,0.0597572136
communiquer-3.4,Représenter de manière humainement compréhensible (graphiquement) les résultats,CAPT-Capt07,"Comparer différentes représentations de l’orientation (angles, matrices)",0,0.0595792978
communiquer-3.4,Représenter de manière humainement compréhensible (graphiquement) les résultats,CAPT-Capt08,"Décrire les principes physiques (semi-conducteur, laser) associés à des capteurs de perception",0,0.0674001389
communiquer-3.4,Représenter de manière humainement compréhensible (graphiquement) les résultats,CAPT-Capt09,"Comparer les performances des capteurs (portée, résolution, fréquence)",0,0.0591632048
communiquer-3.4,Représenter de manière humainement compréhensible (graphiquement) les résultats,CAPT-Capt10,Interpréter les résultats de détection ou de mesure de distance,1,0.2339014470
communiquer-3.4,Représenter de manière humainement compréhensible (graphiquement) les résultats,CAPT-Capt11,Appliquer un filtrage simple pour réduire le bruit sur un signal mesuré,0,0.0222242072
communiquer-3.4,Représenter de manière humainement compréhensible (graphiquement) les résultats,CAPT-Capt12,"Synchroniser les données issues de capteurs différents (IMU, GPS)",0,0.0724138645
communiquer-3.4,Représenter de manière humainement compréhensible (graphiquement) les résultats,CAPT-Capt13,Prétraiter les données pour compenser les dérives ou biais,0,0.0816031312
communiquer-3.4,Représenter de manière humainement compréhensible (graphiquement) les résultats,CAPT-Capt14,Mettre en œuvre un filtre de Kalman linéaire,0,0.0458582518
communiquer-3.4,Représenter de manière humainement compréhensible (graphiquement) les résultats,CAPT-Capt15,Présenter les limites du modèle linéaire et expliquer le filtre de Kalman étendu,0,0.0615880585
communiquer-3.4,Représenter de manière humainement compréhensible (graphiquement) les résultats,CAPT-Capt16,Expliquer les intérêts d’une fusion multi-capteurs pour la robustesse,0,0.0388008696
communiquer-3.4,Représenter de manière humainement compréhensible (graphiquement) les résultats,CAPT-Capt17,Interpréter les résultats de la fusion dans le contexte de la navigation,1,0.1911559427
communiquer-3.4,Représenter de manière humainement compréhensible (graphiquement) les résultats,CAPT-Capt18,Utiliser un capteur avec une carte raspberry,0,0.0149887904
communiquer-3.4,Représenter de manière humainement compréhensible (graphiquement) les résultats,CAPT-Capt19,"Développer un programme python pour utiliser les capteurs ou pour traiter les données (filtre, kalman…)",1,0.0665495536
communiquer-4.1,Résumer une méthode de l’état de l’art,CAPT-Capt01,"Définir et classer les différents types de capteurs en fonction de leurs caractéristiques : actif/passif, nature du mesurande ou du signal de sortie, analogique/numérique/logique, mesure directe/indirecte",0,0.1048740666
communiquer-4.1,Résumer une méthode de l’état de l’art,CAPT-Capt02,Décrire les signaux/données d'entrée/sortie,0,0.0283286154
communiquer-4.1,Résumer une méthode de l’état de l’art,CAPT-Capt03,Définir les caractéristiques métrologiques des capteurs,0,0.0278783500
communiquer-4.1,Résumer une méthode de l’état de l’art,CAPT-Capt04,Caractériser les erreurs de mesures liées aux capteurs.,0,0.0721661618
communiquer-4.1,Résumer une méthode de l’état de l’art,CAPT-Capt05,"Interpréter la position dans différents repères de référence (géocentrique, terrestre, local, ENU, NED)",0,0.0655464193
communiquer-4.1,Résumer une méthode de l’état de l’art,CAPT-Capt06,Analyser des trames NMEA pour extraire les données utiles,0,0.0370561808
communiquer-4.1,Résumer une méthode de l’état de l’art,CAPT-Capt07,"Comparer différentes représentations de l’orientation (angles, matrices)",0,0.0909091938
communiquer-4.1,Résumer une méthode de l’état de l’art,CAPT-Capt08,"Décrire les principes physiques (semi-conducteur, laser) associés à des capteurs de perception",0,0.0765553934
communiquer-4.1,Résumer une méthode de l’état de l’art,CAPT-Capt09,"Comparer les performances des capteurs (portée, résolution, fréquence)",0,0.0316441804
communiquer-4.1,Résumer une méthode de l’état de l’art,CAPT-Capt10,Interpréter les résultats de détection ou de mesure de distance,0,0.1844484099
communiquer-4.1,Résumer une méthode de l’état de l’art,CAPT-Capt11,Appliquer un filtrage simple pour réduire le bruit sur un signal mesuré,0,0.0261056125
communiquer-4.1,Résumer une méthode de l’état de l’art,CAPT-Capt12,"Synchroniser les données issues de capteurs différents (IMU, GPS)",0,0.0686393472
communiquer-4.1,Résumer une méthode de l’état de l’art,CAPT-Capt13,Prétraiter les données pour compenser les dérives ou biais,0,0.0234218612
communiquer-4.1,Résumer une méthode de l’état de l’art,CAPT-Capt14,Mettre en œuvre un filtre de Kalman linéaire,0,0.0959416578
communiquer-4.1,Résumer une méthode de l’état de l’art,CAPT-Capt15,Présenter les limites du modèle linéaire et expliquer le filtre de Kalman étendu,0,0.0826109248
communiquer-4.1,Résumer une méthode de l’état de l’art,CAPT-Capt16,Expliquer les intérêts d’une fusion multi-capteurs pour la robustesse,0,0.0896835031
communiquer-4.1,Résumer une méthode de l’état de l’art,CAPT-Capt17,Interpréter les résultats de la fusion dans le contexte de la navigation,0,0.1237478750
communiquer-4.1,Résumer une méthode de l’état de l’art,CAPT-Capt18,Utiliser un capteur avec une carte raspberry,0,0.0794555369
communiquer-4.1,Résumer une méthode de l’état de l’art,CAPT-Capt19,"Développer un programme python pour utiliser les capteurs ou pour traiter les données (filtre, kalman…)",0,0.0221441686
communiquer-4.2,Adapter son discours au public,CAPT-Capt01,"Définir et classer les différents types de capteurs en fonction de leurs caractéristiques : actif/passif, nature du mesurande ou du signal de sortie, analogique/numérique/logique, mesure directe/indirecte",0,0.0187559515
communiquer-4.2,Adapter son discours au public,CAPT-Capt02,Décrire les signaux/données d'entrée/sortie,0,0.0223773211
communiquer-4.2,Adapter son discours au public,CAPT-Capt03,Définir les caractéristiques métrologiques des capteurs,0,0.0139138758
communiquer-4.2,Adapter son discours au public,CAPT-Capt04,Caractériser les erreurs de mesures liées aux capteurs.,0,0.0150668889
communiquer-4.2,Adapter son discours au public,CAPT-Capt05,"Interpréter la position dans différents repères de référence (géocentrique, terrestre, local, ENU, NED)",0,0.0234538272
communiquer-4.2,Adapter son discours au public,CAPT-Capt06,Analyser des trames NMEA pour extraire les données utiles,0,0.0018360475
communiquer-4.2,Adapter son discours au public,CAPT-Capt07,"Comparer différentes représentations de l’orientation (angles, matrices)",0,0.0072635636
communiquer-4.2,Adapter son discours au public,CAPT-Capt08,"Décrire les principes physiques (semi-conducteur, laser) associés à des capteurs de perception",0,0.0194719881
communiquer-4.2,Adapter son discours au public,CAPT-Capt09,"Comparer les performances des capteurs (portée, résolution, fréquence)",0,0.0180151284
communiquer-4.2,Adapter son discours au public,CAPT-Capt10,Interpréter les résultats de détection ou de mesure de distance,0,0.0171458632
communiquer-4.2,Adapter son discours au public,CAPT-Capt11,Appliquer un filtrage simple pour réduire le bruit sur un signal mesuré,0,0.0128028199
communiquer-4.2,Adapter son discours au public,CAPT-Capt12,"Synchroniser les données issues de capteurs différents (IMU, GPS)",0,0.0078903317
communiquer-4.2,Adapter son discours au public,CAPT-Capt13,Prétraiter les données pour compenser les dérives ou biais,0,0.0084089912
communiquer-4.2,Adapter son discours au public,CAPT-Capt14,Mettre en œuvre un filtre de Kalman linéaire,0,0.0089495510
communiquer-4.2,Adapter son discours au public,CAPT-Capt15,Présenter les limites du modèle linéaire et expliquer le filtre de Kalman étendu,0,0.0135911137
communiquer-4.2,Adapter son discours au public,CAPT-Capt16,Expliquer les intérêts d’une fusion multi-capteurs pour la robustesse,0,0.0111401424
communiquer-4.2,Adapter son discours au public,CAPT-Capt17,Interpréter les résultats de la fusion dans le contexte de la navigation,0,0.0082361713
communiquer-4.2,Adapter son discours au public,CAPT-Capt18,Utiliser un capteur avec une carte raspberry,0,0.0056886509
communiquer-4.2,Adapter son discours au public,CAPT-Capt19,"Développer un programme python pour utiliser les capteurs ou pour traiter les données (filtre, kalman…)",0,0.0120640941
communiquer-4.3,Organiser la parole au sein d’un groupe,CAPT-Capt01,"Définir et classer les différents types de capteurs en fonction de leurs caractéristiques : actif/passif, nature du mesurande ou du signal de sortie, analogique/numérique/logique, mesure directe/indirecte",0,0.0180345759
communiquer-4.3,Organiser la parole au sein d’un groupe,CAPT-Capt02,Décrire les signaux/données d'entrée/sortie,0,0.0292574614
communiquer-4.3,Organiser la parole au sein d’un groupe,CAPT-Capt03,Définir les caractéristiques métrologiques des capteurs,0,0.0141219839
communiquer-4.3,Organiser la parole au sein d’un groupe,CAPT-Capt04,Caractériser les erreurs de mesures liées aux capteurs.,0,0.0079332270
communiquer-4.3,Organiser la parole au sein d’un groupe,CAPT-Capt05,"Interpréter la position dans différents repères de référence (géocentrique, terrestre, local, ENU, NED)",0,0.0714280147
communiquer-4.3,Organiser la parole au sein d’un groupe,CAPT-Capt06,Analyser des trames NMEA pour extraire les données utiles,0,0.0198166549
communiquer-4.3,Organiser la parole au sein d’un groupe,CAPT-Capt07,"Comparer différentes représentations de l’orientation (angles, matrices)",0,0.0186535597
communiquer-4.3,Organiser la parole au sein d’un groupe,CAPT-Capt08,"Décrire les principes physiques (semi-conducteur, laser) associés à des capteurs de perception",0,0.0172898352
communiquer-4.3,Organiser la parole au sein d’un groupe,CAPT-Capt09,"Comparer les performances des capteurs (portée, résolution, fréquence)",0,0.0181471676
communiquer-4.3,Organiser la parole au sein d’un groupe,CAPT-Capt10,Interpréter les résultats de détection ou de mesure de distance,0,0.0189686596
communiquer-4.3,Organiser la parole au sein d’un groupe,CAPT-Capt11,Appliquer un filtrage simple pour réduire le bruit sur un signal mesuré,0,0.0779373914
communiquer-4.3,Organiser la parole au sein d’un groupe,CAPT-Capt12,"Synchroniser les données issues de capteurs différents (IMU, GPS)",0,0.0199280649
communiquer-4.3,Organiser la parole au sein d’un groupe,CAPT-Capt13,Prétraiter les données pour compenser les dérives ou biais,0,0.0078223579
communiquer-4.3,Organiser la parole au sein d’un groupe,CAPT-Capt14,Mettre en œuvre un filtre de Kalman linéaire,0,0.0552925332
communiquer-4.3,Organiser la parole au sein d’un groupe,CAPT-Capt15,Présenter les limites du modèle linéaire et expliquer le filtre de Kalman étendu,0,0.0120335936
communiquer-4.3,Organiser la parole au sein d’un groupe,CAPT-Capt16,Expliquer les intérêts d’une fusion multi-capteurs pour la robustesse,0,0.0722296808
communiquer-4.3,Organiser la parole au sein d’un groupe,CAPT-Capt17,Interpréter les résultats de la fusion dans le contexte de la navigation,0,0.1330388734
communiquer-4.3,Organiser la parole au sein d’un groupe,CAPT-Capt18,Utiliser un capteur avec une carte raspberry,0,0.0431400652
communiquer-4.3,Organiser la parole au sein d’un groupe,CAPT-Capt19,"Développer un programme python pour utiliser les capteurs ou pour traiter les données (filtre, kalman…)",0,0.0427250439
communiquer-4.4,Convaincre son interlocuteur,CAPT-Capt01,"Définir et classer les différents types de capteurs en fonction de leurs caractéristiques : actif/passif, nature du mesurande ou du signal de sortie, analogique/numérique/logique, mesure directe/indirecte",0,0.0061805624
communiquer-4.4,Convaincre son interlocuteur,CAPT-Capt02,Décrire les signaux/données d'entrée/sortie,0,0.0219639957
communiquer-4.4,Convaincre son interlocuteur,CAPT-Capt03,Définir les caractéristiques métrologiques des capteurs,0,0.0126157656
communiquer-4.4,Convaincre son interlocuteur,CAPT-Capt04,Caractériser les erreurs de mesures liées aux capteurs.,0,0.0123774126
communiquer-4.4,Convaincre son interlocuteur,CAPT-Capt05,"Interpréter la position dans différents repères de référence (géocentrique, terrestre, local, ENU, NED)",0,0.0152604222
communiquer-4.4,Convaincre son interlocuteur,CAPT-Capt06,Analyser des trames NMEA pour extraire les données utiles,0,-0.0019398622
communiquer-4.4,Convaincre son interlocuteur,CAPT-Capt07,"Comparer différentes représentations de l’orientation (angles, matrices)",0,0.0132071644
communiquer-4.4,Convaincre son interlocuteur,CAPT-Capt08,"Décrire les principes physiques (semi-conducteur, laser) associés à des capteurs de perception",0,0.0164777309
communiquer-4.4,Convaincre son interlocuteur,CAPT-Capt09,"Comparer les performances des capteurs (portée, résolution, fréquence)",0,0.0126303166
communiquer-4.4,Convaincre son interlocuteur,CAPT-Capt10,Interpréter les résultats de détection ou de mesure de distance,0,0.0143014565
communiquer-4.4,Convaincre son interlocuteur,CAPT-Capt11,Appliquer un filtrage simple pour réduire le bruit sur un signal mesuré,0,0.0074034788
communiquer-4.4,Convaincre son interlocuteur,CAPT-Capt12,"Synchroniser les données issues de capteurs différents (IMU, GPS)",0,0.0062293395
communiquer-4.4,Convaincre son interlocuteur,CAPT-Capt13,Prétraiter les données pour compenser les dérives ou biais,0,0.0049823787
communiquer-4.4,Convaincre son interlocuteur,CAPT-Capt14,Mettre en œuvre un filtre de Kalman linéaire,0,0.0082984619
communiquer-4.4,Convaincre son interlocuteur,CAPT-Capt15,Présenter les limites du modèle linéaire et expliquer le filtre de Kalman étendu,0,0.0156364411
communiquer-4.4,Convaincre son interlocuteur,CAPT-Capt16,Expliquer les intérêts d’une fusion multi-capteurs pour la robustesse,0,0.0168374002
communiquer-4.4,Convaincre son interlocuteur,CAPT-Capt17,Interpréter les résultats de la fusion dans le contexte de la navigation,0,0.0103237525
communiquer-4.4,Convaincre son interlocuteur,CAPT-Capt18,Utiliser un capteur avec une carte raspberry,0,0.0032494891
communiquer-4.4,Convaincre son interlocuteur,CAPT-Capt19,"Développer un programme python pour utiliser les capteurs ou pour traiter les données (filtre, kalman…)",0,0.0051331792
