AC-ID,AC-TITLE,AAD-ID,AAD-TITLE,LABEL,SCORE
specifier-1.1,Décrire les types de données en entrée et sortie de chaque composant,CAPT-Capt01,"Définir et classer les différents types de capteurs en fonction de leurs caractéristiques : actif/passif, nature du mesurande ou du signal de sortie, analogique/numérique/logique, mesure directe/indirecte",1,0.4708983302
specifier-1.1,Décrire les types de données en entrée et sortie de chaque composant,CAPT-Capt02,Décrire les signaux/données d'entrée/sortie,1,0.6656919122
specifier-1.1,Décrire les types de données en entrée et sortie de chaque composant,CAPT-Capt03,Définir les caractéristiques métrologiques des capteurs,1,0.3540929854
specifier-1.1,Décrire les types de données en entrée et sortie de chaque composant,CAPT-Capt04,Caractériser les erreurs de mesures liées aux capteurs.,1,0.2512090206
specifier-1.1,Décrire les types de données en entrée et sortie de chaque composant,CAPT-Capt05,"Interpréter la position dans différents repères de référence (géocentrique, terrestre, local, ENU, NED)",0,0.3254497051
specifier-1.1,Décrire les types de données en entrée et sortie de chaque composant,CAPT-Capt06,Analyser des trames NMEA pour extraire les données utiles,0,0.3622374535
specifier-1.1,Décrire les types de données en entrée et sortie de chaque composant,CAPT-Capt07,"Comparer différentes représentations de l’orientation (angles, matrices)",0,0.2843325734
specifier-1.1,Décrire les types de données en entrée et sortie de chaque composant,CAPT-Capt08,"Décrire les principes physiques (semi-conducteur, laser) associés à des capteurs de perception",0,0.3473855257
specifier-1.1,Décrire les types de données en entrée et sortie de chaque composant,CAPT-Capt09,"Comparer les performances des capteurs (portée, résolution, fréquence)",0,0.4013045430
specifier-1.1,Décrire les types de données en entrée et sortie de chaque composant,CAPT-Capt10,Interpréter les résultats de détection ou de mesure de distance,0,0.2787418365
specifier-1.1,Décrire les types de données en entrée et sortie de chaque composant,CAPT-Capt11,Appliquer un filtrage simple pour réduire le bruit sur un signal mesuré,0,0.1295497417
specifier-1.1,Décrire les types de données en entrée et sortie de chaque composant,CAPT-Capt12,"Synchroniser les données issues de capteurs différents (IMU, GPS)",0,0.3767550588
specifier-1.1,Décrire les types de données en entrée et sortie de chaque composant,CAPT-Capt13,Prétraiter les données pour compenser les dérives ou biais,0,0.2721079886
specifier-1.1,Décrire les types de données en entrée et sortie de chaque composant,CAPT-Capt14,Mettre en œuvre un filtre de Kalman linéaire,0,0.0718268305
specifier-1.1,Décrire les types de données en entrée et sortie de chaque composant,CAPT-Capt15,Présenter les limites du modèle linéaire et expliquer le filtre de Kalman étendu,0,0.1510621309
specifier-1.1,Décrire les types de données en entrée et sortie de chaque composant,CAPT-Capt16,Expliquer les intérêts d’une fusion multi-capteurs pour la robustesse,0,0.2937894762
specifier-1.1,Décrire les types de données en entrée et sortie de chaque composant,CAPT-Capt17,Interpréter les résultats de la fusion dans le contexte de la navigation,0,0.2649457753
specifier-1.1,Décrire les types de données en entrée et sortie de chaque composant,CAPT-Capt18,Utiliser un capteur avec une carte raspberry,0,0.2536146641
specifier-1.1,Décrire les types de données en entrée et sortie de chaque composant,CAPT-Capt19,"Développer un programme python pour utiliser les capteurs ou pour traiter les données (filtre, kalman…)",0,0.2782195807
specifier-1.2,Décomposer et organiser un processus,CAPT-Capt01,"Définir et classer les différents types de capteurs en fonction de leurs caractéristiques : actif/passif, nature du mesurande ou du signal de sortie, analogique/numérique/logique, mesure directe/indirecte",0,0.2705227137
specifier-1.2,Décomposer et organiser un processus,CAPT-Capt02,Décrire les signaux/données d'entrée/sortie,0,0.3395051360
specifier-1.2,Décomposer et organiser un processus,CAPT-Capt03,Définir les caractéristiques métrologiques des capteurs,0,0.2738122940
specifier-1.2,Décomposer et organiser un processus,CAPT-Capt04,Caractériser les erreurs de mesures liées aux capteurs.,0,0.1314872056
specifier-1.2,Décomposer et organiser un processus,CAPT-Capt05,"Interpréter la position dans différents repères de référence (géocentrique, terrestre, local, ENU, NED)",0,0.2534659803
specifier-1.2,Décomposer et organiser un processus,CAPT-Capt06,Analyser des trames NMEA pour extraire les données utiles,0,0.3123382926
specifier-1.2,Décomposer et organiser un processus,CAPT-Capt07,"Comparer différentes représentations de l’orientation (angles, matrices)",0,0.2957338989
specifier-1.2,Décomposer et organiser un processus,CAPT-Capt08,"Décrire les principes physiques (semi-conducteur, laser) associés à des capteurs de perception",0,0.2934286892
specifier-1.2,Décomposer et organiser un processus,CAPT-Capt09,"Comparer les performances des capteurs (portée, résolution, fréquence)",0,0.2957000434
specifier-1.2,Décomposer et organiser un processus,CAPT-Capt10,Interpréter les résultats de détection ou de mesure de distance,0,0.2914344072
specifier-1.2,Décomposer et organiser un processus,CAPT-Capt11,Appliquer un filtrage simple pour réduire le bruit sur un signal mesuré,0,0.2310051471
specifier-1.2,Décomposer et organiser un processus,CAPT-Capt12,"Synchroniser les données issues de capteurs différents (IMU, GPS)",0,0.2660443485
specifier-1.2,Décomposer et organiser un processus,CAPT-Capt13,Prétraiter les données pour compenser les dérives ou biais,0,0.2232881039
specifier-1.2,Décomposer et organiser un processus,CAPT-Capt14,Mettre en œuvre un filtre de Kalman linéaire,0,0.3776322901
specifier-1.2,Décomposer et organiser un processus,CAPT-Capt15,Présenter les limites du modèle linéaire et expliquer le filtre de Kalman étendu,0,0.2837889493
specifier-1.2,Décomposer et organiser un processus,CAPT-Capt16,Expliquer les intérêts d’une fusion multi-capteurs pour la robustesse,0,0.2814209759
specifier-1.2,Décomposer et organiser un processus,CAPT-Capt17,Interpréter les résultats de la fusion dans le contexte de la navigation,0,0.3636273146
specifier-1.2,Décomposer et organiser un processus,CAPT-Capt18,Utiliser un capteur avec une carte raspberry,0,0.0868774429
specifier-1.2,Décomposer et organiser un processus,CAPT-Capt19,"Développer un programme python pour utiliser les capteurs ou pour traiter les données (filtre, kalman…)",0,0.2554165125
specifier-1.3,Utiliser un langage formel,CAPT-Capt01,"Définir et classer les différents types de capteurs en fonction de leurs caractéristiques : actif/passif, nature du mesurande ou du signal de sortie, analogique/numérique/logique, mesure directe/indirecte",0,0.1638076007
specifier-1.3,Utiliser un langage formel,CAPT-Capt02,Décrire les signaux/données d'entrée/sortie,0,0.3418786526
specifier-1.3,Utiliser un langage formel,CAPT-Capt03,Définir les caractéristiques métrologiques des capteurs,0,0.1941358894
specifier-1.3,Utiliser un langage formel,CAPT-Capt04,Caractériser les erreurs de mesures liées aux capteurs.,0,0.1330677569
specifier-1.3,Utiliser un langage formel,CAPT-Capt05,"Interpréter la position dans différents repères de référence (géocentrique, terrestre, local, ENU, NED)",0,0.2566545606
specifier-1.3,Utiliser un langage formel,CAPT-Capt06,Analyser des trames NMEA pour extraire les données utiles,0,0.1548522711
specifier-1.3,Utiliser un langage formel,CAPT-Capt07,"Comparer différentes représentations de l’orientation (angles, matrices)",0,0.1902468652
specifier-1.3,Utiliser un langage formel,CAPT-Capt08,"Décrire les principes physiques (semi-conducteur, laser) associés à des capteurs de perception",0,0.2328096181
specifier-1.3,Utiliser un langage formel,CAPT-Capt09,"Comparer les performances des capteurs (portée, résolution, fréquence)",0,0.1713633239
specifier-1.3,Utiliser un langage formel,CAPT-Capt10,Interpréter les résultats de détection ou de mesure de distance,0,0.1497543901
specifier-1.3,Utiliser un langage formel,CAPT-Capt11,Appliquer un filtrage simple pour réduire le bruit sur un signal mesuré,0,0.1688914895
specifier-1.3,Utiliser un langage formel,CAPT-Capt12,"Synchroniser les données issues de capteurs différents (IMU, GPS)",0,0.1404688805
specifier-1.3,Utiliser un langage formel,CAPT-Capt13,Prétraiter les données pour compenser les dérives ou biais,0,0.1387344599
specifier-1.3,Utiliser un langage formel,CAPT-Capt14,Mettre en œuvre un filtre de Kalman linéaire,0,0.1772540510
specifier-1.3,Utiliser un langage formel,CAPT-Capt15,Présenter les limites du modèle linéaire et expliquer le filtre de Kalman étendu,0,0.2153861821
specifier-1.3,Utiliser un langage formel,CAPT-Capt16,Expliquer les intérêts d’une fusion multi-capteurs pour la robustesse,0,0.1711105555
specifier-1.3,Utiliser un langage formel,CAPT-Capt17,Interpréter les résultats de la fusion dans le contexte de la navigation,0,0.1493595243
specifier-1.3,Utiliser un langage formel,CAPT-Capt18,Utiliser un capteur avec une carte raspberry,0,0.0159153678
specifier-1.3,Utiliser un langage formel,CAPT-Capt19,"Développer un programme python pour utiliser les capteurs ou pour traiter les données (filtre, kalman…)",1,0.1039547175
specifier-2.1,Analyser la demande,CAPT-Capt01,"Définir et classer les différents types de capteurs en fonction de leurs caractéristiques : actif/passif, nature du mesurande ou du signal de sortie, analogique/numérique/logique, mesure directe/indirecte",0,0.2592449784
specifier-2.1,Analyser la demande,CAPT-Capt02,Décrire les signaux/données d'entrée/sortie,0,0.2497551739
specifier-2.1,Analyser la demande,CAPT-Capt03,Définir les caractéristiques métrologiques des capteurs,0,0.2817644179
specifier-2.1,Analyser la demande,CAPT-Capt04,Caractériser les erreurs de mesures liées aux capteurs.,0,0.2159280777
specifier-2.1,Analyser la demande,CAPT-Capt05,"Interpréter la position dans différents repères de référence (géocentrique, terrestre, local, ENU, NED)",1,0.2288060933
specifier-2.1,Analyser la demande,CAPT-Capt06,Analyser des trames NMEA pour extraire les données utiles,0,0.3508657217
specifier-2.1,Analyser la demande,CAPT-Capt07,"Comparer différentes représentations de l’orientation (angles, matrices)",0,0.2508857846
specifier-2.1,Analyser la demande,CAPT-Capt08,"Décrire les principes physiques (semi-conducteur, laser) associés à des capteurs de perception",0,0.1741004884
specifier-2.1,Analyser la demande,CAPT-Capt09,"Comparer les performances des capteurs (portée, résolution, fréquence)",0,0.2685863078
specifier-2.1,Analyser la demande,CAPT-Capt10,Interpréter les résultats de détection ou de mesure de distance,1,0.3497010767
specifier-2.1,Analyser la demande,CAPT-Capt11,Appliquer un filtrage simple pour réduire le bruit sur un signal mesuré,0,0.0986827835
specifier-2.1,Analyser la demande,CAPT-Capt12,"Synchroniser les données issues de capteurs différents (IMU, GPS)",0,0.1821958572
specifier-2.1,Analyser la demande,CAPT-Capt13,Prétraiter les données pour compenser les dérives ou biais,0,0.2337157726
specifier-2.1,Analyser la demande,CAPT-Capt14,Mettre en œuvre un filtre de Kalman linéaire,0,0.0844867304
specifier-2.1,Analyser la demande,CAPT-Capt15,Présenter les limites du modèle linéaire et expliquer le filtre de Kalman étendu,0,0.1233350784
specifier-2.1,Analyser la demande,CAPT-Capt16,Expliquer les intérêts d’une fusion multi-capteurs pour la robustesse,0,0.1486113966
specifier-2.1,Analyser la demande,CAPT-Capt17,Interpréter les résultats de la fusion dans le contexte de la navigation,1,0.2101881504
specifier-2.1,Analyser la demande,CAPT-Capt18,Utiliser un capteur avec une carte raspberry,0,0.1793981642
specifier-2.1,Analyser la demande,CAPT-Capt19,"Développer un programme python pour utiliser les capteurs ou pour traiter les données (filtre, kalman…)",0,0.1606827676
specifier-2.2,Définir des cas d’utilisation,CAPT-Capt01,"Définir et classer les différents types de capteurs en fonction de leurs caractéristiques : actif/passif, nature du mesurande ou du signal de sortie, analogique/numérique/logique, mesure directe/indirecte",0,0.3312205672
specifier-2.2,Définir des cas d’utilisation,CAPT-Capt02,Décrire les signaux/données d'entrée/sortie,0,0.2999866605
specifier-2.2,Définir des cas d’utilisation,CAPT-Capt03,Définir les caractéristiques métrologiques des capteurs,0,0.3804323375
specifier-2.2,Définir des cas d’utilisation,CAPT-Capt04,Caractériser les erreurs de mesures liées aux capteurs.,0,0.2960880697
specifier-2.2,Définir des cas d’utilisation,CAPT-Capt05,"Interpréter la position dans différents repères de référence (géocentrique, terrestre, local, ENU, NED)",0,0.3181920946
specifier-2.2,Définir des cas d’utilisation,CAPT-Capt06,Analyser des trames NMEA pour extraire les données utiles,0,0.2918272316
specifier-2.2,Définir des cas d’utilisation,CAPT-Capt07,"Comparer différentes représentations de l’orientation (angles, matrices)",0,0.2750621140
specifier-2.2,Définir des cas d’utilisation,CAPT-Capt08,"Décrire les principes physiques (semi-conducteur, laser) associés à des capteurs de perception",0,0.2594792247
specifier-2.2,Définir des cas d’utilisation,CAPT-Capt09,"Comparer les performances des capteurs (portée, résolution, fréquence)",0,0.2173292935
specifier-2.2,Définir des cas d’utilisation,CAPT-Capt10,Interpréter les résultats de détection ou de mesure de distance,0,0.2498229891
specifier-2.2,Définir des cas d’utilisation,CAPT-Capt11,Appliquer un filtrage simple pour réduire le bruit sur un signal mesuré,0,0.1232259870
specifier-2.2,Définir des cas d’utilisation,CAPT-Capt12,"Synchroniser les données issues de capteurs différents (IMU, GPS)",0,0.2060236335
specifier-2.2,Définir des cas d’utilisation,CAPT-Capt13,Prétraiter les données pour compenser les dérives ou biais,0,0.2746312320
specifier-2.2,Définir des cas d’utilisation,CAPT-Capt14,Mettre en œuvre un filtre de Kalman linéaire,0,0.2346963584
specifier-2.2,Définir des cas d’utilisation,CAPT-Capt15,Présenter les limites du modèle linéaire et expliquer le filtre de Kalman étendu,0,0.2791869044
specifier-2.2,Définir des cas d’utilisation,CAPT-Capt16,Expliquer les intérêts d’une fusion multi-capteurs pour la robustesse,0,0.2451264262
specifier-2.2,Définir des cas d’utilisation,CAPT-Capt17,Interpréter les résultats de la fusion dans le contexte de la navigation,0,0.2762967646
specifier-2.2,Définir des cas d’utilisation,CAPT-Capt18,Utiliser un capteur avec une carte raspberry,0,0.1968610287
specifier-2.2,Définir des cas d’utilisation,CAPT-Capt19,"Développer un programme python pour utiliser les capteurs ou pour traiter les données (filtre, kalman…)",0,0.2581970692
specifier-2.3,Caractériser l’utilisation des données au regard du RGPD,CAPT-Capt01,"Définir et classer les différents types de capteurs en fonction de leurs caractéristiques : actif/passif, nature du mesurande ou du signal de sortie, analogique/numérique/logique, mesure directe/indirecte",0,0.2677561939
specifier-2.3,Caractériser l’utilisation des données au regard du RGPD,CAPT-Capt02,Décrire les signaux/données d'entrée/sortie,0,0.3261386752
specifier-2.3,Caractériser l’utilisation des données au regard du RGPD,CAPT-Capt03,Définir les caractéristiques métrologiques des capteurs,0,0.3182060122
specifier-2.3,Caractériser l’utilisation des données au regard du RGPD,CAPT-Capt04,Caractériser les erreurs de mesures liées aux capteurs.,0,0.1834061891
specifier-2.3,Caractériser l’utilisation des données au regard du RGPD,CAPT-Capt05,"Interpréter la position dans différents repères de référence (géocentrique, terrestre, local, ENU, NED)",0,0.2919659615
specifier-2.3,Caractériser l’utilisation des données au regard du RGPD,CAPT-Capt06,Analyser des trames NMEA pour extraire les données utiles,0,0.3125982285
specifier-2.3,Caractériser l’utilisation des données au regard du RGPD,CAPT-Capt07,"Comparer différentes représentations de l’orientation (angles, matrices)",0,0.1703743637
specifier-2.3,Caractériser l’utilisation des données au regard du RGPD,CAPT-Capt08,"Décrire les principes physiques (semi-conducteur, laser) associés à des capteurs de perception",0,0.1983660758
specifier-2.3,Caractériser l’utilisation des données au regard du RGPD,CAPT-Capt09,"Comparer les performances des capteurs (portée, résolution, fréquence)",0,0.2487531602
specifier-2.3,Caractériser l’utilisation des données au regard du RGPD,CAPT-Capt10,Interpréter les résultats de détection ou de mesure de distance,0,0.2448302656
specifier-2.3,Caractériser l’utilisation des données au regard du RGPD,CAPT-Capt11,Appliquer un filtrage simple pour réduire le bruit sur un signal mesuré,0,0.1591070592
specifier-2.3,Caractériser l’utilisation des données au regard du RGPD,CAPT-Capt12,"Synchroniser les données issues de capteurs différents (IMU, GPS)",0,0.1933633238
specifier-2.3,Caractériser l’utilisation des données au regard du RGPD,CAPT-Capt13,Prétraiter les données pour compenser les dérives ou biais,0,0.3172642589
specifier-2.3,Caractériser l’utilisation des données au regard du RGPD,CAPT-Capt14,Mettre en œuvre un filtre de Kalman linéaire,0,0.1799930781
specifier-2.3,Caractériser l’utilisation des données au regard du RGPD,CAPT-Capt15,Présenter les limites du modèle linéaire et expliquer le filtre de Kalman étendu,0,0.1567390114
specifier-2.3,Caractériser l’utilisation des données au regard du RGPD,CAPT-Capt16,Expliquer les intérêts d’une fusion multi-capteurs pour la robustesse,0,0.2172972262
specifier-2.3,Caractériser l’utilisation des données au regard du RGPD,CAPT-Capt17,Interpréter les résultats de la fusion dans le contexte de la navigation,0,0.2585491538
specifier-2.3,Caractériser l’utilisation des données au regard du RGPD,CAPT-Capt18,Utiliser un capteur avec une carte raspberry,0,0.2417607903
specifier-2.3,Caractériser l’utilisation des données au regard du RGPD,CAPT-Capt19,"Développer un programme python pour utiliser les capteurs ou pour traiter les données (filtre, kalman…)",0,0.2099556923
specifier-3.1,Discriminer et hiérarchiser les demandes,CAPT-Capt01,"Définir et classer les différents types de capteurs en fonction de leurs caractéristiques : actif/passif, nature du mesurande ou du signal de sortie, analogique/numérique/logique, mesure directe/indirecte",0,0.2874732018
specifier-3.1,Discriminer et hiérarchiser les demandes,CAPT-Capt02,Décrire les signaux/données d'entrée/sortie,0,0.2418091595
specifier-3.1,Discriminer et hiérarchiser les demandes,CAPT-Capt03,Définir les caractéristiques métrologiques des capteurs,0,0.2225648165
specifier-3.1,Discriminer et hiérarchiser les demandes,CAPT-Capt04,Caractériser les erreurs de mesures liées aux capteurs.,0,0.2091691494
specifier-3.1,Discriminer et hiérarchiser les demandes,CAPT-Capt05,"Interpréter la position dans différents repères de référence (géocentrique, terrestre, local, ENU, NED)",0,0.2728106380
specifier-3.1,Discriminer et hiérarchiser les demandes,CAPT-Capt06,Analyser des trames NMEA pour extraire les données utiles,0,0.1489844173
specifier-3.1,Discriminer et hiérarchiser les demandes,CAPT-Capt07,"Comparer différentes représentations de l’orientation (angles, matrices)",0,0.3737052679
specifier-3.1,Discriminer et hiérarchiser les demandes,CAPT-Capt08,"Décrire les principes physiques (semi-conducteur, laser) associés à des capteurs de perception",0,0.1586392373
specifier-3.1,Discriminer et hiérarchiser les demandes,CAPT-Capt09,"Comparer les performances des capteurs (portée, résolution, fréquence)",0,0.2390731275
specifier-3.1,Discriminer et hiérarchiser les demandes,CAPT-Capt10,Interpréter les résultats de détection ou de mesure de distance,0,0.2305569053
specifier-3.1,Discriminer et hiérarchiser les demandes,CAPT-Capt11,Appliquer un filtrage simple pour réduire le bruit sur un signal mesuré,0,0.1939371973
specifier-3.1,Discriminer et hiérarchiser les demandes,CAPT-Capt12,"Synchroniser les données issues de capteurs différents (IMU, GPS)",0,0.1355300248
specifier-3.1,Discriminer et hiérarchiser les demandes,CAPT-Capt13,Prétraiter les données pour compenser les dérives ou biais,0,0.1925780177
specifier-3.1,Discriminer et hiérarchiser les demandes,CAPT-Capt14,Mettre en œuvre un filtre de Kalman linéaire,0,0.2276195735
specifier-3.1,Discriminer et hiérarchiser les demandes,CAPT-Capt15,Présenter les limites du modèle linéaire et expliquer le filtre de Kalman étendu,0,0.2196781337
specifier-3.1,Discriminer et hiérarchiser les demandes,CAPT-Capt16,Expliquer les intérêts d’une fusion multi-capteurs pour la robustesse,0,0.1881976575
specifier-3.1,Discriminer et hiérarchiser les demandes,CAPT-Capt17,Interpréter les résultats de la fusion dans le contexte de la navigation,0,0.2053342760
specifier-3.1,Discriminer et hiérarchiser les demandes,CAPT-Capt18,Utiliser un capteur avec une carte raspberry,0,0.0973697752
specifier-3.1,Discriminer et hiérarchiser les demandes,CAPT-Capt19,"Développer un programme python pour utiliser les capteurs ou pour traiter les données (filtre, kalman…)",0,0.1430784762
specifier-3.2,Définir la recette,CAPT-Capt01,"Définir et classer les différents types de capteurs en fonction de leurs caractéristiques : actif/passif, nature du mesurande ou du signal de sortie, analogique/numérique/logique, mesure directe/indirecte",0,0.1682210565
specifier-3.2,Définir la recette,CAPT-Capt02,Décrire les signaux/données d'entrée/sortie,0,0.1703516692
specifier-3.2,Définir la recette,CAPT-Capt03,Définir les caractéristiques métrologiques des capteurs,0,0.2613090873
specifier-3.2,Définir la recette,CAPT-Capt04,Caractériser les erreurs de mesures liées aux capteurs.,0,0.1499717236
specifier-3.2,Définir la recette,CAPT-Capt05,"Interpréter la position dans différents repères de référence (géocentrique, terrestre, local, ENU, NED)",0,0.1430021673
specifier-3.2,Définir la recette,CAPT-Capt06,Analyser des trames NMEA pour extraire les données utiles,0,0.1372334957
specifier-3.2,Définir la recette,CAPT-Capt07,"Comparer différentes représentations de l’orientation (angles, matrices)",0,0.1398500502
specifier-3.2,Définir la recette,CAPT-Capt08,"Décrire les principes physiques (semi-conducteur, laser) associés à des capteurs de perception",0,0.1941619962
specifier-3.2,Définir la recette,CAPT-Capt09,"Comparer les performances des capteurs (portée, résolution, fréquence)",0,0.1557109803
specifier-3.2,Définir la recette,CAPT-Capt10,Interpréter les résultats de détection ou de mesure de distance,0,0.1274931580
specifier-3.2,Définir la recette,CAPT-Capt11,Appliquer un filtrage simple pour réduire le bruit sur un signal mesuré,0,0.0855327770
specifier-3.2,Définir la recette,CAPT-Capt12,"Synchroniser les données issues de capteurs différents (IMU, GPS)",0,0.0669110641
specifier-3.2,Définir la recette,CAPT-Capt13,Prétraiter les données pour compenser les dérives ou biais,0,0.1871896684
specifier-3.2,Définir la recette,CAPT-Capt14,Mettre en œuvre un filtre de Kalman linéaire,0,0.1792091578
specifier-3.2,Définir la recette,CAPT-Capt15,Présenter les limites du modèle linéaire et expliquer le filtre de Kalman étendu,0,0.1298932880
specifier-3.2,Définir la recette,CAPT-Capt16,Expliquer les intérêts d’une fusion multi-capteurs pour la robustesse,0,0.1481169164
specifier-3.2,Définir la recette,CAPT-Capt17,Interpréter les résultats de la fusion dans le contexte de la navigation,0,0.1508520693
specifier-3.2,Définir la recette,CAPT-Capt18,Utiliser un capteur avec une carte raspberry,0,0.1489909440
specifier-3.2,Définir la recette,CAPT-Capt19,"Développer un programme python pour utiliser les capteurs ou pour traiter les données (filtre, kalman…)",0,0.1739072800
specifier-3.3,Lister les tests fonctionnels,CAPT-Capt01,"Définir et classer les différents types de capteurs en fonction de leurs caractéristiques : actif/passif, nature du mesurande ou du signal de sortie, analogique/numérique/logique, mesure directe/indirecte",0,0.3732957244
specifier-3.3,Lister les tests fonctionnels,CAPT-Capt02,Décrire les signaux/données d'entrée/sortie,0,0.3124819994
specifier-3.3,Lister les tests fonctionnels,CAPT-Capt03,Définir les caractéristiques métrologiques des capteurs,0,0.5328781605
specifier-3.3,Lister les tests fonctionnels,CAPT-Capt04,Caractériser les erreurs de mesures liées aux capteurs.,0,0.4013442099
specifier-3.3,Lister les tests fonctionnels,CAPT-Capt05,"Interpréter la position dans différents repères de référence (géocentrique, terrestre, local, ENU, NED)",0,0.2598848939
specifier-3.3,Lister les tests fonctionnels,CAPT-Capt06,Analyser des trames NMEA pour extraire les données utiles,0,0.2806341052
specifier-3.3,Lister les tests fonctionnels,CAPT-Capt07,"Comparer différentes représentations de l’orientation (angles, matrices)",0,0.2416841388
specifier-3.3,Lister les tests fonctionnels,CAPT-Capt08,"Décrire les principes physiques (semi-conducteur, laser) associés à des capteurs de perception",0,0.2427500784
specifier-3.3,Lister les tests fonctionnels,CAPT-Capt09,"Comparer les performances des capteurs (portée, résolution, fréquence)",0,0.4520210028
specifier-3.3,Lister les tests fonctionnels,CAPT-Capt10,Interpréter les résultats de détection ou de mesure de distance,0,0.3117981851
specifier-3.3,Lister les tests fonctionnels,CAPT-Capt11,Appliquer un filtrage simple pour réduire le bruit sur un signal mesuré,0,0.1866989583
specifier-3.3,Lister les tests fonctionnels,CAPT-Capt12,"Synchroniser les données issues de capteurs différents (IMU, GPS)",0,0.2345263958
specifier-3.3,Lister les tests fonctionnels,CAPT-Capt13,Prétraiter les données pour compenser les dérives ou biais,0,0.2489153445
specifier-3.3,Lister les tests fonctionnels,CAPT-Capt14,Mettre en œuvre un filtre de Kalman linéaire,0,0.2354972810
specifier-3.3,Lister les tests fonctionnels,CAPT-Capt15,Présenter les limites du modèle linéaire et expliquer le filtre de Kalman étendu,0,0.1914780438
specifier-3.3,Lister les tests fonctionnels,CAPT-Capt16,Expliquer les intérêts d’une fusion multi-capteurs pour la robustesse,0,0.3699803948
specifier-3.3,Lister les tests fonctionnels,CAPT-Capt17,Interpréter les résultats de la fusion dans le contexte de la navigation,0,0.2153637558
specifier-3.3,Lister les tests fonctionnels,CAPT-Capt18,Utiliser un capteur avec une carte raspberry,0,0.2479555756
specifier-3.3,Lister les tests fonctionnels,CAPT-Capt19,"Développer un programme python pour utiliser les capteurs ou pour traiter les données (filtre, kalman…)",0,0.2915126681
specifier-4.1,Recueillir et reformuler les demandes du prescripteur en confrontant sa demande (fonctionnalités et données) à ses besoins réels pour prendre en compte le DDRS,CAPT-Capt01,"Définir et classer les différents types de capteurs en fonction de leurs caractéristiques : actif/passif, nature du mesurande ou du signal de sortie, analogique/numérique/logique, mesure directe/indirecte",0,0.2577352524
specifier-4.1,Recueillir et reformuler les demandes du prescripteur en confrontant sa demande (fonctionnalités et données) à ses besoins réels pour prendre en compte le DDRS,CAPT-Capt02,Décrire les signaux/données d'entrée/sortie,0,0.3148723841
specifier-4.1,Recueillir et reformuler les demandes du prescripteur en confrontant sa demande (fonctionnalités et données) à ses besoins réels pour prendre en compte le DDRS,CAPT-Capt03,Définir les caractéristiques métrologiques des capteurs,0,0.3192684650
specifier-4.1,Recueillir et reformuler les demandes du prescripteur en confrontant sa demande (fonctionnalités et données) à ses besoins réels pour prendre en compte le DDRS,CAPT-Capt04,Caractériser les erreurs de mesures liées aux capteurs.,0,0.2340705395
specifier-4.1,Recueillir et reformuler les demandes du prescripteur en confrontant sa demande (fonctionnalités et données) à ses besoins réels pour prendre en compte le DDRS,CAPT-Capt05,"Interpréter la position dans différents repères de référence (géocentrique, terrestre, local, ENU, NED)",0,0.3565403819
specifier-4.1,Recueillir et reformuler les demandes du prescripteur en confrontant sa demande (fonctionnalités et données) à ses besoins réels pour prendre en compte le DDRS,CAPT-Capt06,Analyser des trames NMEA pour extraire les données utiles,0,0.2751285136
specifier-4.1,Recueillir et reformuler les demandes du prescripteur en confrontant sa demande (fonctionnalités et données) à ses besoins réels pour prendre en compte le DDRS,CAPT-Capt07,"Comparer différentes représentations de l’orientation (angles, matrices)",0,0.2499990761
specifier-4.1,Recueillir et reformuler les demandes du prescripteur en confrontant sa demande (fonctionnalités et données) à ses besoins réels pour prendre en compte le DDRS,CAPT-Capt08,"Décrire les principes physiques (semi-conducteur, laser) associés à des capteurs de perception",0,0.2987028062
specifier-4.1,Recueillir et reformuler les demandes du prescripteur en confrontant sa demande (fonctionnalités et données) à ses besoins réels pour prendre en compte le DDRS,CAPT-Capt09,"Comparer les performances des capteurs (portée, résolution, fréquence)",0,0.2935207784
specifier-4.1,Recueillir et reformuler les demandes du prescripteur en confrontant sa demande (fonctionnalités et données) à ses besoins réels pour prendre en compte le DDRS,CAPT-Capt10,Interpréter les résultats de détection ou de mesure de distance,0,0.2709437609
specifier-4.1,Recueillir et reformuler les demandes du prescripteur en confrontant sa demande (fonctionnalités et données) à ses besoins réels pour prendre en compte le DDRS,CAPT-Capt11,Appliquer un filtrage simple pour réduire le bruit sur un signal mesuré,0,0.1786264479
specifier-4.1,Recueillir et reformuler les demandes du prescripteur en confrontant sa demande (fonctionnalités et données) à ses besoins réels pour prendre en compte le DDRS,CAPT-Capt12,"Synchroniser les données issues de capteurs différents (IMU, GPS)",0,0.2204363197
specifier-4.1,Recueillir et reformuler les demandes du prescripteur en confrontant sa demande (fonctionnalités et données) à ses besoins réels pour prendre en compte le DDRS,CAPT-Capt13,Prétraiter les données pour compenser les dérives ou biais,0,0.3469405770
specifier-4.1,Recueillir et reformuler les demandes du prescripteur en confrontant sa demande (fonctionnalités et données) à ses besoins réels pour prendre en compte le DDRS,CAPT-Capt14,Mettre en œuvre un filtre de Kalman linéaire,0,0.1785481721
specifier-4.1,Recueillir et reformuler les demandes du prescripteur en confrontant sa demande (fonctionnalités et données) à ses besoins réels pour prendre en compte le DDRS,CAPT-Capt15,Présenter les limites du modèle linéaire et expliquer le filtre de Kalman étendu,0,0.2360064983
specifier-4.1,Recueillir et reformuler les demandes du prescripteur en confrontant sa demande (fonctionnalités et données) à ses besoins réels pour prendre en compte le DDRS,CAPT-Capt16,Expliquer les intérêts d’une fusion multi-capteurs pour la robustesse,0,0.2204681933
specifier-4.1,Recueillir et reformuler les demandes du prescripteur en confrontant sa demande (fonctionnalités et données) à ses besoins réels pour prendre en compte le DDRS,CAPT-Capt17,Interpréter les résultats de la fusion dans le contexte de la navigation,0,0.2467727065
specifier-4.1,Recueillir et reformuler les demandes du prescripteur en confrontant sa demande (fonctionnalités et données) à ses besoins réels pour prendre en compte le DDRS,CAPT-Capt18,Utiliser un capteur avec une carte raspberry,0,0.2646923661
specifier-4.1,Recueillir et reformuler les demandes du prescripteur en confrontant sa demande (fonctionnalités et données) à ses besoins réels pour prendre en compte le DDRS,CAPT-Capt19,"Développer un programme python pour utiliser les capteurs ou pour traiter les données (filtre, kalman…)",0,0.2343844324
specifier-4.2,Prototyper des interfaces utilisateurs en prenant la RGAA,CAPT-Capt01,"Définir et classer les différents types de capteurs en fonction de leurs caractéristiques : actif/passif, nature du mesurande ou du signal de sortie, analogique/numérique/logique, mesure directe/indirecte",0,0.2581644654
specifier-4.2,Prototyper des interfaces utilisateurs en prenant la RGAA,CAPT-Capt02,Décrire les signaux/données d'entrée/sortie,0,0.2237434834
specifier-4.2,Prototyper des interfaces utilisateurs en prenant la RGAA,CAPT-Capt03,Définir les caractéristiques métrologiques des capteurs,0,0.2415384203
specifier-4.2,Prototyper des interfaces utilisateurs en prenant la RGAA,CAPT-Capt04,Caractériser les erreurs de mesures liées aux capteurs.,0,0.2193280160
specifier-4.2,Prototyper des interfaces utilisateurs en prenant la RGAA,CAPT-Capt05,"Interpréter la position dans différents repères de référence (géocentrique, terrestre, local, ENU, NED)",0,0.2744670808
specifier-4.2,Prototyper des interfaces utilisateurs en prenant la RGAA,CAPT-Capt06,Analyser des trames NMEA pour extraire les données utiles,0,0.2908537388
specifier-4.2,Prototyper des interfaces utilisateurs en prenant la RGAA,CAPT-Capt07,"Comparer différentes représentations de l’orientation (angles, matrices)",0,0.3065822124
specifier-4.2,Prototyper des interfaces utilisateurs en prenant la RGAA,CAPT-Capt08,"Décrire les principes physiques (semi-conducteur, laser) associés à des capteurs de perception",0,0.2502683699
specifier-4.2,Prototyper des interfaces utilisateurs en prenant la RGAA,CAPT-Capt09,"Comparer les performances des capteurs (portée, résolution, fréquence)",0,0.2488794327
specifier-4.2,Prototyper des interfaces utilisateurs en prenant la RGAA,CAPT-Capt10,Interpréter les résultats de détection ou de mesure de distance,0,0.1867631823
specifier-4.2,Prototyper des interfaces utilisateurs en prenant la RGAA,CAPT-Capt11,Appliquer un filtrage simple pour réduire le bruit sur un signal mesuré,0,0.1960385144
specifier-4.2,Prototyper des interfaces utilisateurs en prenant la RGAA,CAPT-Capt12,"Synchroniser les données issues de capteurs différents (IMU, GPS)",0,0.2712950408
specifier-4.2,Prototyper des interfaces utilisateurs en prenant la RGAA,CAPT-Capt13,Prétraiter les données pour compenser les dérives ou biais,0,0.2438927442
specifier-4.2,Prototyper des interfaces utilisateurs en prenant la RGAA,CAPT-Capt14,Mettre en œuvre un filtre de Kalman linéaire,0,0.3086589873
specifier-4.2,Prototyper des interfaces utilisateurs en prenant la RGAA,CAPT-Capt15,Présenter les limites du modèle linéaire et expliquer le filtre de Kalman étendu,0,0.2669173181
specifier-4.2,Prototyper des interfaces utilisateurs en prenant la RGAA,CAPT-Capt16,Expliquer les intérêts d’une fusion multi-capteurs pour la robustesse,0,0.2499766648
specifier-4.2,Prototyper des interfaces utilisateurs en prenant la RGAA,CAPT-Capt17,Interpréter les résultats de la fusion dans le contexte de la navigation,0,0.3514256477
specifier-4.2,Prototyper des interfaces utilisateurs en prenant la RGAA,CAPT-Capt18,Utiliser un capteur avec une carte raspberry,0,0.2826739550
specifier-4.2,Prototyper des interfaces utilisateurs en prenant la RGAA,CAPT-Capt19,"Développer un programme python pour utiliser les capteurs ou pour traiter les données (filtre, kalman…)",0,0.3292284906
specifier-4.3,Respecter un référentiel qualité,CAPT-Capt01,"Définir et classer les différents types de capteurs en fonction de leurs caractéristiques : actif/passif, nature du mesurande ou du signal de sortie, analogique/numérique/logique, mesure directe/indirecte",0,0.1816044450
specifier-4.3,Respecter un référentiel qualité,CAPT-Capt02,Décrire les signaux/données d'entrée/sortie,0,0.2036997080
specifier-4.3,Respecter un référentiel qualité,CAPT-Capt03,Définir les caractéristiques métrologiques des capteurs,0,0.3571994305
specifier-4.3,Respecter un référentiel qualité,CAPT-Capt04,Caractériser les erreurs de mesures liées aux capteurs.,0,0.2243007123
specifier-4.3,Respecter un référentiel qualité,CAPT-Capt05,"Interpréter la position dans différents repères de référence (géocentrique, terrestre, local, ENU, NED)",0,0.1899719089
specifier-4.3,Respecter un référentiel qualité,CAPT-Capt06,Analyser des trames NMEA pour extraire les données utiles,0,0.1282480657
specifier-4.3,Respecter un référentiel qualité,CAPT-Capt07,"Comparer différentes représentations de l’orientation (angles, matrices)",0,0.1690407842
specifier-4.3,Respecter un référentiel qualité,CAPT-Capt08,"Décrire les principes physiques (semi-conducteur, laser) associés à des capteurs de perception",0,0.1165722162
specifier-4.3,Respecter un référentiel qualité,CAPT-Capt09,"Comparer les performances des capteurs (portée, résolution, fréquence)",0,0.2379297465
specifier-4.3,Respecter un référentiel qualité,CAPT-Capt10,Interpréter les résultats de détection ou de mesure de distance,0,0.1732652783
specifier-4.3,Respecter un référentiel qualité,CAPT-Capt11,Appliquer un filtrage simple pour réduire le bruit sur un signal mesuré,0,0.1394212246
specifier-4.3,Respecter un référentiel qualité,CAPT-Capt12,"Synchroniser les données issues de capteurs différents (IMU, GPS)",0,0.1405925155
specifier-4.3,Respecter un référentiel qualité,CAPT-Capt13,Prétraiter les données pour compenser les dérives ou biais,0,0.1121628582
specifier-4.3,Respecter un référentiel qualité,CAPT-Capt14,Mettre en œuvre un filtre de Kalman linéaire,0,0.1824166179
specifier-4.3,Respecter un référentiel qualité,CAPT-Capt15,Présenter les limites du modèle linéaire et expliquer le filtre de Kalman étendu,0,0.0962143987
specifier-4.3,Respecter un référentiel qualité,CAPT-Capt16,Expliquer les intérêts d’une fusion multi-capteurs pour la robustesse,0,0.2811553478
specifier-4.3,Respecter un référentiel qualité,CAPT-Capt17,Interpréter les résultats de la fusion dans le contexte de la navigation,0,0.0826777518
specifier-4.3,Respecter un référentiel qualité,CAPT-Capt18,Utiliser un capteur avec une carte raspberry,0,0.1090707406
specifier-4.3,Respecter un référentiel qualité,CAPT-Capt19,"Développer un programme python pour utiliser les capteurs ou pour traiter les données (filtre, kalman…)",0,0.0763035566
modeliser-1.1,Représenter une collection de données numériquement ou symboliquement,CAPT-Capt01,"Définir et classer les différents types de capteurs en fonction de leurs caractéristiques : actif/passif, nature du mesurande ou du signal de sortie, analogique/numérique/logique, mesure directe/indirecte",0,0.3346558809
modeliser-1.1,Représenter une collection de données numériquement ou symboliquement,CAPT-Capt02,Décrire les signaux/données d'entrée/sortie,0,0.4362207949
modeliser-1.1,Représenter une collection de données numériquement ou symboliquement,CAPT-Capt03,Définir les caractéristiques métrologiques des capteurs,0,0.2641742527
modeliser-1.1,Représenter une collection de données numériquement ou symboliquement,CAPT-Capt04,Caractériser les erreurs de mesures liées aux capteurs.,0,0.2193168104
modeliser-1.1,Représenter une collection de données numériquement ou symboliquement,CAPT-Capt05,"Interpréter la position dans différents repères de référence (géocentrique, terrestre, local, ENU, NED)",0,0.3478259146
modeliser-1.1,Représenter une collection de données numériquement ou symboliquement,CAPT-Capt06,Analyser des trames NMEA pour extraire les données utiles,0,0.3886946142
modeliser-1.1,Représenter une collection de données numériquement ou symboliquement,CAPT-Capt07,"Comparer différentes représentations de l’orientation (angles, matrices)",0,0.3295989335
modeliser-1.1,Représenter une collection de données numériquement ou symboliquement,CAPT-Capt08,"Décrire les principes physiques (semi-conducteur, laser) associés à des capteurs de perception",0,0.2925964892
modeliser-1.1,Représenter une collection de données numériquement ou symboliquement,CAPT-Capt09,"Comparer les performances des capteurs (portée, résolution, fréquence)",0,0.2909343243
modeliser-1.1,Représenter une collection de données numériquement ou symboliquement,CAPT-Capt10,Interpréter les résultats de détection ou de mesure de distance,0,0.3119708300
modeliser-1.1,Représenter une collection de données numériquement ou symboliquement,CAPT-Capt11,Appliquer un filtrage simple pour réduire le bruit sur un signal mesuré,0,0.1530163884
modeliser-1.1,Représenter une collection de données numériquement ou symboliquement,CAPT-Capt12,"Synchroniser les données issues de capteurs différents (IMU, GPS)",0,0.2942304611
modeliser-1.1,Représenter une collection de données numériquement ou symboliquement,CAPT-Capt13,Prétraiter les données pour compenser les dérives ou biais,0,0.2817029357
modeliser-1.1,Représenter une collection de données numériquement ou symboliquement,CAPT-Capt14,Mettre en œuvre un filtre de Kalman linéaire,0,0.0968114883
modeliser-1.1,Représenter une collection de données numériquement ou symboliquement,CAPT-Capt15,Présenter les limites du modèle linéaire et expliquer le filtre de Kalman étendu,0,0.1244623140
modeliser-1.1,Représenter une collection de données numériquement ou symboliquement,CAPT-Capt16,Expliquer les intérêts d’une fusion multi-capteurs pour la robustesse,0,0.1640909165
modeliser-1.1,Représenter une collection de données numériquement ou symboliquement,CAPT-Capt17,Interpréter les résultats de la fusion dans le contexte de la navigation,0,0.2782672942
modeliser-1.1,Représenter une collection de données numériquement ou symboliquement,CAPT-Capt18,Utiliser un capteur avec une carte raspberry,0,0.2018286586
modeliser-1.1,Représenter une collection de données numériquement ou symboliquement,CAPT-Capt19,"Développer un programme python pour utiliser les capteurs ou pour traiter les données (filtre, kalman…)",0,0.3384743035
modeliser-1.2,Déterminer les propriétés des entrées sorties d’un composant logiciel ou matériel,CAPT-Capt01,"Définir et classer les différents types de capteurs en fonction de leurs caractéristiques : actif/passif, nature du mesurande ou du signal de sortie, analogique/numérique/logique, mesure directe/indirecte",1,0.5420970321
modeliser-1.2,Déterminer les propriétés des entrées sorties d’un composant logiciel ou matériel,CAPT-Capt02,Décrire les signaux/données d'entrée/sortie,1,0.5576769114
modeliser-1.2,Déterminer les propriétés des entrées sorties d’un composant logiciel ou matériel,CAPT-Capt03,Définir les caractéristiques métrologiques des capteurs,1,0.5292153955
modeliser-1.2,Déterminer les propriétés des entrées sorties d’un composant logiciel ou matériel,CAPT-Capt04,Caractériser les erreurs de mesures liées aux capteurs.,0,0.4040828347
modeliser-1.2,Déterminer les propriétés des entrées sorties d’un composant logiciel ou matériel,CAPT-Capt05,"Interpréter la position dans différents repères de référence (géocentrique, terrestre, local, ENU, NED)",0,0.3355279267
modeliser-1.2,Déterminer les propriétés des entrées sorties d’un composant logiciel ou matériel,CAPT-Capt06,Analyser des trames NMEA pour extraire les données utiles,0,0.4273602962
modeliser-1.2,Déterminer les propriétés des entrées sorties d’un composant logiciel ou matériel,CAPT-Capt07,"Comparer différentes représentations de l’orientation (angles, matrices)",0,0.3800833225
modeliser-1.2,Déterminer les propriétés des entrées sorties d’un composant logiciel ou matériel,CAPT-Capt08,"Décrire les principes physiques (semi-conducteur, laser) associés à des capteurs de perception",0,0.4249549210
modeliser-1.2,Déterminer les propriétés des entrées sorties d’un composant logiciel ou matériel,CAPT-Capt09,"Comparer les performances des capteurs (portée, résolution, fréquence)",1,0.5169857144
modeliser-1.2,Déterminer les propriétés des entrées sorties d’un composant logiciel ou matériel,CAPT-Capt10,Interpréter les résultats de détection ou de mesure de distance,0,0.4570229650
modeliser-1.2,Déterminer les propriétés des entrées sorties d’un composant logiciel ou matériel,CAPT-Capt11,Appliquer un filtrage simple pour réduire le bruit sur un signal mesuré,0,0.2703674138
modeliser-1.2,Déterminer les propriétés des entrées sorties d’un composant logiciel ou matériel,CAPT-Capt12,"Synchroniser les données issues de capteurs différents (IMU, GPS)",0,0.3342405260
modeliser-1.2,Déterminer les propriétés des entrées sorties d’un composant logiciel ou matériel,CAPT-Capt13,Prétraiter les données pour compenser les dérives ou biais,0,0.3452089429
modeliser-1.2,Déterminer les propriétés des entrées sorties d’un composant logiciel ou matériel,CAPT-Capt14,Mettre en œuvre un filtre de Kalman linéaire,0,0.2101841420
modeliser-1.2,Déterminer les propriétés des entrées sorties d’un composant logiciel ou matériel,CAPT-Capt15,Présenter les limites du modèle linéaire et expliquer le filtre de Kalman étendu,0,0.2423519939
modeliser-1.2,Déterminer les propriétés des entrées sorties d’un composant logiciel ou matériel,CAPT-Capt16,Expliquer les intérêts d’une fusion multi-capteurs pour la robustesse,0,0.3729176819
modeliser-1.2,Déterminer les propriétés des entrées sorties d’un composant logiciel ou matériel,CAPT-Capt17,Interpréter les résultats de la fusion dans le contexte de la navigation,0,0.3978268802
modeliser-1.2,Déterminer les propriétés des entrées sorties d’un composant logiciel ou matériel,CAPT-Capt18,Utiliser un capteur avec une carte raspberry,0,0.3565587699
modeliser-1.2,Déterminer les propriétés des entrées sorties d’un composant logiciel ou matériel,CAPT-Capt19,"Développer un programme python pour utiliser les capteurs ou pour traiter les données (filtre, kalman…)",0,0.4081227779
modeliser-1.3,Déterminer la famille d’algorithmes à utiliser au regard des données numériques ou symboliques à traiter,CAPT-Capt01,"Définir et classer les différents types de capteurs en fonction de leurs caractéristiques : actif/passif, nature du mesurande ou du signal de sortie, analogique/numérique/logique, mesure directe/indirecte",0,0.3274942935
modeliser-1.3,Déterminer la famille d’algorithmes à utiliser au regard des données numériques ou symboliques à traiter,CAPT-Capt02,Décrire les signaux/données d'entrée/sortie,0,0.2320459187
modeliser-1.3,Déterminer la famille d’algorithmes à utiliser au regard des données numériques ou symboliques à traiter,CAPT-Capt03,Définir les caractéristiques métrologiques des capteurs,0,0.2308333218
modeliser-1.3,Déterminer la famille d’algorithmes à utiliser au regard des données numériques ou symboliques à traiter,CAPT-Capt04,Caractériser les erreurs de mesures liées aux capteurs.,0,0.1874598116
modeliser-1.3,Déterminer la famille d’algorithmes à utiliser au regard des données numériques ou symboliques à traiter,CAPT-Capt05,"Interpréter la position dans différents repères de référence (géocentrique, terrestre, local, ENU, NED)",0,0.1975332499
modeliser-1.3,Déterminer la famille d’algorithmes à utiliser au regard des données numériques ou symboliques à traiter,CAPT-Capt06,Analyser des trames NMEA pour extraire les données utiles,0,0.3560392261
modeliser-1.3,Déterminer la famille d’algorithmes à utiliser au regard des données numériques ou symboliques à traiter,CAPT-Capt07,"Comparer différentes représentations de l’orientation (angles, matrices)",0,0.3543941677
modeliser-1.3,Déterminer la famille d’algorithmes à utiliser au regard des données numériques ou symboliques à traiter,CAPT-Capt08,"Décrire les principes physiques (semi-conducteur, laser) associés à des capteurs de perception",0,0.2418369949
modeliser-1.3,Déterminer la famille d’algorithmes à utiliser au regard des données numériques ou symboliques à traiter,CAPT-Capt09,"Comparer les performances des capteurs (portée, résolution, fréquence)",0,0.2494497895
modeliser-1.3,Déterminer la famille d’algorithmes à utiliser au regard des données numériques ou symboliques à traiter,CAPT-Capt10,Interpréter les résultats de détection ou de mesure de distance,0,0.2594932616
modeliser-1.3,Déterminer la famille d’algorithmes à utiliser au regard des données numériques ou symboliques à traiter,CAPT-Capt11,Appliquer un filtrage simple pour réduire le bruit sur un signal mesuré,0,0.2511737049
modeliser-1.3,Déterminer la famille d’algorithmes à utiliser au regard des données numériques ou symboliques à traiter,CAPT-Capt12,"Synchroniser les données issues de capteurs différents (IMU, GPS)",0,0.1900560260
modeliser-1.3,Déterminer la famille d’algorithmes à utiliser au regard des données numériques ou symboliques à traiter,CAPT-Capt13,Prétraiter les données pour compenser les dérives ou biais,0,0.3437767327
modeliser-1.3,Déterminer la famille d’algorithmes à utiliser au regard des données numériques ou symboliques à traiter,CAPT-Capt14,Mettre en œuvre un filtre de Kalman linéaire,0,0.4109224081
modeliser-1.3,Déterminer la famille d’algorithmes à utiliser au regard des données numériques ou symboliques à traiter,CAPT-Capt15,Présenter les limites du modèle linéaire et expliquer le filtre de Kalman étendu,0,0.3216385245
modeliser-1.3,Déterminer la famille d’algorithmes à utiliser au regard des données numériques ou symboliques à traiter,CAPT-Capt16,Expliquer les intérêts d’une fusion multi-capteurs pour la robustesse,0,0.1989251077
modeliser-1.3,Déterminer la famille d’algorithmes à utiliser au regard des données numériques ou symboliques à traiter,CAPT-Capt17,Interpréter les résultats de la fusion dans le contexte de la navigation,0,0.3351549506
modeliser-1.3,Déterminer la famille d’algorithmes à utiliser au regard des données numériques ou symboliques à traiter,CAPT-Capt18,Utiliser un capteur avec une carte raspberry,0,0.1888579875
modeliser-1.3,Déterminer la famille d’algorithmes à utiliser au regard des données numériques ou symboliques à traiter,CAPT-Capt19,"Développer un programme python pour utiliser les capteurs ou pour traiter les données (filtre, kalman…)",0,0.5018823743
modeliser-1.4,Identifier le rôle des composants d’un ordinateur ou des systèmes électroniques,CAPT-Capt01,"Définir et classer les différents types de capteurs en fonction de leurs caractéristiques : actif/passif, nature du mesurande ou du signal de sortie, analogique/numérique/logique, mesure directe/indirecte",0,0.3791348934
modeliser-1.4,Identifier le rôle des composants d’un ordinateur ou des systèmes électroniques,CAPT-Capt02,Décrire les signaux/données d'entrée/sortie,0,0.2721116841
modeliser-1.4,Identifier le rôle des composants d’un ordinateur ou des systèmes électroniques,CAPT-Capt03,Définir les caractéristiques métrologiques des capteurs,0,0.3411833644
modeliser-1.4,Identifier le rôle des composants d’un ordinateur ou des systèmes électroniques,CAPT-Capt04,Caractériser les erreurs de mesures liées aux capteurs.,0,0.2665701509
modeliser-1.4,Identifier le rôle des composants d’un ordinateur ou des systèmes électroniques,CAPT-Capt05,"Interpréter la position dans différents repères de référence (géocentrique, terrestre, local, ENU, NED)",0,0.2599239647
modeliser-1.4,Identifier le rôle des composants d’un ordinateur ou des systèmes électroniques,CAPT-Capt06,Analyser des trames NMEA pour extraire les données utiles,0,0.2686272264
modeliser-1.4,Identifier le rôle des composants d’un ordinateur ou des systèmes électroniques,CAPT-Capt07,"Comparer différentes représentations de l’orientation (angles, matrices)",0,0.2761984766
modeliser-1.4,Identifier le rôle des composants d’un ordinateur ou des systèmes électroniques,CAPT-Capt08,"Décrire les principes physiques (semi-conducteur, laser) associés à des capteurs de perception",0,0.3866965175
modeliser-1.4,Identifier le rôle des composants d’un ordinateur ou des systèmes électroniques,CAPT-Capt09,"Comparer les performances des capteurs (portée, résolution, fréquence)",0,0.3020021021
modeliser-1.4,Identifier le rôle des composants d’un ordinateur ou des systèmes électroniques,CAPT-Capt10,Interpréter les résultats de détection ou de mesure de distance,0,0.2964147329
modeliser-1.4,Identifier le rôle des composants d’un ordinateur ou des systèmes électroniques,CAPT-Capt11,Appliquer un filtrage simple pour réduire le bruit sur un signal mesuré,0,0.1497205943
modeliser-1.4,Identifier le rôle des composants d’un ordinateur ou des systèmes électroniques,CAPT-Capt12,"Synchroniser les données issues de capteurs différents (IMU, GPS)",0,0.2906970680
modeliser-1.4,Identifier le rôle des composants d’un ordinateur ou des systèmes électroniques,CAPT-Capt13,Prétraiter les données pour compenser les dérives ou biais,0,0.2103174180
modeliser-1.4,Identifier le rôle des composants d’un ordinateur ou des systèmes électroniques,CAPT-Capt14,Mettre en œuvre un filtre de Kalman linéaire,0,0.0457064062
modeliser-1.4,Identifier le rôle des composants d’un ordinateur ou des systèmes électroniques,CAPT-Capt15,Présenter les limites du modèle linéaire et expliquer le filtre de Kalman étendu,0,0.1116850823
modeliser-1.4,Identifier le rôle des composants d’un ordinateur ou des systèmes électroniques,CAPT-Capt16,Expliquer les intérêts d’une fusion multi-capteurs pour la robustesse,0,0.3499508202
modeliser-1.4,Identifier le rôle des composants d’un ordinateur ou des systèmes électroniques,CAPT-Capt17,Interpréter les résultats de la fusion dans le contexte de la navigation,0,0.2559511662
modeliser-1.4,Identifier le rôle des composants d’un ordinateur ou des systèmes électroniques,CAPT-Capt18,Utiliser un capteur avec une carte raspberry,0,0.3762421608
modeliser-1.4,Identifier le rôle des composants d’un ordinateur ou des systèmes électroniques,CAPT-Capt19,"Développer un programme python pour utiliser les capteurs ou pour traiter les données (filtre, kalman…)",0,0.2942353487
modeliser-2.1,Analyser les données numériques et symboliques du problème,CAPT-Capt01,"Définir et classer les différents types de capteurs en fonction de leurs caractéristiques : actif/passif, nature du mesurande ou du signal de sortie, analogique/numérique/logique, mesure directe/indirecte",0,0.3728590012
modeliser-2.1,Analyser les données numériques et symboliques du problème,CAPT-Capt02,Décrire les signaux/données d'entrée/sortie,0,0.4215829670
modeliser-2.1,Analyser les données numériques et symboliques du problème,CAPT-Capt03,Définir les caractéristiques métrologiques des capteurs,0,0.3774755895
modeliser-2.1,Analyser les données numériques et symboliques du problème,CAPT-Capt04,Caractériser les erreurs de mesures liées aux capteurs.,0,0.3623344302
modeliser-2.1,Analyser les données numériques et symboliques du problème,CAPT-Capt05,"Interpréter la position dans différents repères de référence (géocentrique, terrestre, local, ENU, NED)",1,0.4022382498
modeliser-2.1,Analyser les données numériques et symboliques du problème,CAPT-Capt06,Analyser des trames NMEA pour extraire les données utiles,1,0.4525089264
modeliser-2.1,Analyser les données numériques et symboliques du problème,CAPT-Capt07,"Comparer différentes représentations de l’orientation (angles, matrices)",1,0.4251246452
modeliser-2.1,Analyser les données numériques et symboliques du problème,CAPT-Capt08,"Décrire les principes physiques (semi-conducteur, laser) associés à des capteurs de perception",0,0.3365198672
modeliser-2.1,Analyser les données numériques et symboliques du problème,CAPT-Capt09,"Comparer les performances des capteurs (portée, résolution, fréquence)",0,0.3987728059
modeliser-2.1,Analyser les données numériques et symboliques du problème,CAPT-Capt10,Interpréter les résultats de détection ou de mesure de distance,1,0.4220620096
modeliser-2.1,Analyser les données numériques et symboliques du problème,CAPT-Capt11,Appliquer un filtrage simple pour réduire le bruit sur un signal mesuré,0,0.2496594489
modeliser-2.1,Analyser les données numériques et symboliques du problème,CAPT-Capt12,"Synchroniser les données issues de capteurs différents (IMU, GPS)",0,0.2870944738
modeliser-2.1,Analyser les données numériques et symboliques du problème,CAPT-Capt13,Prétraiter les données pour compenser les dérives ou biais,0,0.3725158870
modeliser-2.1,Analyser les données numériques et symboliques du problème,CAPT-Capt14,Mettre en œuvre un filtre de Kalman linéaire,0,0.1255309880
modeliser-2.1,Analyser les données numériques et symboliques du problème,CAPT-Capt15,Présenter les limites du modèle linéaire et expliquer le filtre de Kalman étendu,0,0.1987775862
modeliser-2.1,Analyser les données numériques et symboliques du problème,CAPT-Capt16,Expliquer les intérêts d’une fusion multi-capteurs pour la robustesse,0,0.1963013709
modeliser-2.1,Analyser les données numériques et symboliques du problème,CAPT-Capt17,Interpréter les résultats de la fusion dans le contexte de la navigation,0,0.3182213306
modeliser-2.1,Analyser les données numériques et symboliques du problème,CAPT-Capt18,Utiliser un capteur avec une carte raspberry,0,0.2415766716
modeliser-2.1,Analyser les données numériques et symboliques du problème,CAPT-Capt19,"Développer un programme python pour utiliser les capteurs ou pour traiter les données (filtre, kalman…)",0,0.3081524968
modeliser-2.2,Comparer les différentes représentations numériques et symboliques des données,CAPT-Capt01,"Définir et classer les différents types de capteurs en fonction de leurs caractéristiques : actif/passif, nature du mesurande ou du signal de sortie, analogique/numérique/logique, mesure directe/indirecte",0,0.4467256069
modeliser-2.2,Comparer les différentes représentations numériques et symboliques des données,CAPT-Capt02,Décrire les signaux/données d'entrée/sortie,0,0.4433001280
modeliser-2.2,Comparer les différentes représentations numériques et symboliques des données,CAPT-Capt03,Définir les caractéristiques métrologiques des capteurs,0,0.3669834137
modeliser-2.2,Comparer les différentes représentations numériques et symboliques des données,CAPT-Capt04,Caractériser les erreurs de mesures liées aux capteurs.,0,0.2958281636
modeliser-2.2,Comparer les différentes représentations numériques et symboliques des données,CAPT-Capt05,"Interpréter la position dans différents repères de référence (géocentrique, terrestre, local, ENU, NED)",1,0.4604568779
modeliser-2.2,Comparer les différentes représentations numériques et symboliques des données,CAPT-Capt06,Analyser des trames NMEA pour extraire les données utiles,1,0.4198997319
modeliser-2.2,Comparer les différentes représentations numériques et symboliques des données,CAPT-Capt07,"Comparer différentes représentations de l’orientation (angles, matrices)",1,0.5628333092
modeliser-2.2,Comparer les différentes représentations numériques et symboliques des données,CAPT-Capt08,"Décrire les principes physiques (semi-conducteur, laser) associés à des capteurs de perception",0,0.3482297361
modeliser-2.2,Comparer les différentes représentations numériques et symboliques des données,CAPT-Capt09,"Comparer les performances des capteurs (portée, résolution, fréquence)",0,0.5186275244
modeliser-2.2,Comparer les différentes représentations numériques et symboliques des données,CAPT-Capt10,Interpréter les résultats de détection ou de mesure de distance,0,0.4301038980
modeliser-2.2,Comparer les différentes représentations numériques et symboliques des données,CAPT-Capt11,Appliquer un filtrage simple pour réduire le bruit sur un signal mesuré,0,0.1495346129
modeliser-2.2,Comparer les différentes représentations numériques et symboliques des données,CAPT-Capt12,"Synchroniser les données issues de capteurs différents (IMU, GPS)",0,0.3646131456
modeliser-2.2,Comparer les différentes représentations numériques et symboliques des données,CAPT-Capt13,Prétraiter les données pour compenser les dérives ou biais,0,0.3211046755
modeliser-2.2,Comparer les différentes représentations numériques et symboliques des données,CAPT-Capt14,Mettre en œuvre un filtre de Kalman linéaire,0,0.0891112611
modeliser-2.2,Comparer les différentes représentations numériques et symboliques des données,CAPT-Capt15,Présenter les limites du modèle linéaire et expliquer le filtre de Kalman étendu,0,0.1694683135
modeliser-2.2,Comparer les différentes représentations numériques et symboliques des données,CAPT-Capt16,Expliquer les intérêts d’une fusion multi-capteurs pour la robustesse,0,0.2069266587
modeliser-2.2,Comparer les différentes représentations numériques et symboliques des données,CAPT-Capt17,Interpréter les résultats de la fusion dans le contexte de la navigation,0,0.3341811299
modeliser-2.2,Comparer les différentes représentations numériques et symboliques des données,CAPT-Capt18,Utiliser un capteur avec une carte raspberry,0,0.1914994419
modeliser-2.2,Comparer les différentes représentations numériques et symboliques des données,CAPT-Capt19,"Développer un programme python pour utiliser les capteurs ou pour traiter les données (filtre, kalman…)",0,0.2621600628
modeliser-2.3,Représenter dans le paradigme de la programmation orienté objet aussi bien les données que les fonctionnalités du problème,CAPT-Capt01,"Définir et classer les différents types de capteurs en fonction de leurs caractéristiques : actif/passif, nature du mesurande ou du signal de sortie, analogique/numérique/logique, mesure directe/indirecte",0,0.3189260960
modeliser-2.3,Représenter dans le paradigme de la programmation orienté objet aussi bien les données que les fonctionnalités du problème,CAPT-Capt02,Décrire les signaux/données d'entrée/sortie,0,0.2640355825
modeliser-2.3,Représenter dans le paradigme de la programmation orienté objet aussi bien les données que les fonctionnalités du problème,CAPT-Capt03,Définir les caractéristiques métrologiques des capteurs,0,0.2670864761
modeliser-2.3,Représenter dans le paradigme de la programmation orienté objet aussi bien les données que les fonctionnalités du problème,CAPT-Capt04,Caractériser les erreurs de mesures liées aux capteurs.,0,0.2387679368
modeliser-2.3,Représenter dans le paradigme de la programmation orienté objet aussi bien les données que les fonctionnalités du problème,CAPT-Capt05,"Interpréter la position dans différents repères de référence (géocentrique, terrestre, local, ENU, NED)",0,0.2498255968
modeliser-2.3,Représenter dans le paradigme de la programmation orienté objet aussi bien les données que les fonctionnalités du problème,CAPT-Capt06,Analyser des trames NMEA pour extraire les données utiles,0,0.2904655933
modeliser-2.3,Représenter dans le paradigme de la programmation orienté objet aussi bien les données que les fonctionnalités du problème,CAPT-Capt07,"Comparer différentes représentations de l’orientation (angles, matrices)",0,0.3491239846
modeliser-2.3,Représenter dans le paradigme de la programmation orienté objet aussi bien les données que les fonctionnalités du problème,CAPT-Capt08,"Décrire les principes physiques (semi-conducteur, laser) associés à des capteurs de perception",0,0.3002115488
modeliser-2.3,Représenter dans le paradigme de la programmation orienté objet aussi bien les données que les fonctionnalités du problème,CAPT-Capt09,"Comparer les performances des capteurs (portée, résolution, fréquence)",0,0.2697200775
modeliser-2.3,Représenter dans le paradigme de la programmation orienté objet aussi bien les données que les fonctionnalités du problème,CAPT-Capt10,Interpréter les résultats de détection ou de mesure de distance,0,0.1953182817
modeliser-2.3,Représenter dans le paradigme de la programmation orienté objet aussi bien les données que les fonctionnalités du problème,CAPT-Capt11,Appliquer un filtrage simple pour réduire le bruit sur un signal mesuré,0,0.1966325343
modeliser-2.3,Représenter dans le paradigme de la programmation orienté objet aussi bien les données que les fonctionnalités du problème,CAPT-Capt12,"Synchroniser les données issues de capteurs différents (IMU, GPS)",0,0.3802337646
modeliser-2.3,Représenter dans le paradigme de la programmation orienté objet aussi bien les données que les fonctionnalités du problème,CAPT-Capt13,Prétraiter les données pour compenser les dérives ou biais,0,0.2865133584
modeliser-2.3,Représenter dans le paradigme de la programmation orienté objet aussi bien les données que les fonctionnalités du problème,CAPT-Capt14,Mettre en œuvre un filtre de Kalman linéaire,0,0.1805127114
modeliser-2.3,Représenter dans le paradigme de la programmation orienté objet aussi bien les données que les fonctionnalités du problème,CAPT-Capt15,Présenter les limites du modèle linéaire et expliquer le filtre de Kalman étendu,0,0.2308186293
modeliser-2.3,Représenter dans le paradigme de la programmation orienté objet aussi bien les données que les fonctionnalités du problème,CAPT-Capt16,Expliquer les intérêts d’une fusion multi-capteurs pour la robustesse,0,0.2606217563
modeliser-2.3,Représenter dans le paradigme de la programmation orienté objet aussi bien les données que les fonctionnalités du problème,CAPT-Capt17,Interpréter les résultats de la fusion dans le contexte de la navigation,0,0.3293360174
modeliser-2.3,Représenter dans le paradigme de la programmation orienté objet aussi bien les données que les fonctionnalités du problème,CAPT-Capt18,Utiliser un capteur avec une carte raspberry,0,0.2938835919
modeliser-2.3,Représenter dans le paradigme de la programmation orienté objet aussi bien les données que les fonctionnalités du problème,CAPT-Capt19,"Développer un programme python pour utiliser les capteurs ou pour traiter les données (filtre, kalman…)",0,0.4025296271
modeliser-2.4,Identifier le fonctionnement et les différentes implantations des composants d’un ordinateur ou des systèmes électroniques,CAPT-Capt01,"Définir et classer les différents types de capteurs en fonction de leurs caractéristiques : actif/passif, nature du mesurande ou du signal de sortie, analogique/numérique/logique, mesure directe/indirecte",0,0.3824233115
modeliser-2.4,Identifier le fonctionnement et les différentes implantations des composants d’un ordinateur ou des systèmes électroniques,CAPT-Capt02,Décrire les signaux/données d'entrée/sortie,0,0.2775459290
modeliser-2.4,Identifier le fonctionnement et les différentes implantations des composants d’un ordinateur ou des systèmes électroniques,CAPT-Capt03,Définir les caractéristiques métrologiques des capteurs,0,0.3178220689
modeliser-2.4,Identifier le fonctionnement et les différentes implantations des composants d’un ordinateur ou des systèmes électroniques,CAPT-Capt04,Caractériser les erreurs de mesures liées aux capteurs.,0,0.2534533739
modeliser-2.4,Identifier le fonctionnement et les différentes implantations des composants d’un ordinateur ou des systèmes électroniques,CAPT-Capt05,"Interpréter la position dans différents repères de référence (géocentrique, terrestre, local, ENU, NED)",0,0.3107876182
modeliser-2.4,Identifier le fonctionnement et les différentes implantations des composants d’un ordinateur ou des systèmes électroniques,CAPT-Capt06,Analyser des trames NMEA pour extraire les données utiles,0,0.2727812529
modeliser-2.4,Identifier le fonctionnement et les différentes implantations des composants d’un ordinateur ou des systèmes électroniques,CAPT-Capt07,"Comparer différentes représentations de l’orientation (angles, matrices)",0,0.3675274849
modeliser-2.4,Identifier le fonctionnement et les différentes implantations des composants d’un ordinateur ou des systèmes électroniques,CAPT-Capt08,"Décrire les principes physiques (semi-conducteur, laser) associés à des capteurs de perception",0,0.3926095068
modeliser-2.4,Identifier le fonctionnement et les différentes implantations des composants d’un ordinateur ou des systèmes électroniques,CAPT-Capt09,"Comparer les performances des capteurs (portée, résolution, fréquence)",0,0.3282657266
modeliser-2.4,Identifier le fonctionnement et les différentes implantations des composants d’un ordinateur ou des systèmes électroniques,CAPT-Capt10,Interpréter les résultats de détection ou de mesure de distance,0,0.2930021286
modeliser-2.4,Identifier le fonctionnement et les différentes implantations des composants d’un ordinateur ou des systèmes électroniques,CAPT-Capt11,Appliquer un filtrage simple pour réduire le bruit sur un signal mesuré,0,0.1287124306
modeliser-2.4,Identifier le fonctionnement et les différentes implantations des composants d’un ordinateur ou des systèmes électroniques,CAPT-Capt12,"Synchroniser les données issues de capteurs différents (IMU, GPS)",0,0.3338370323
modeliser-2.4,Identifier le fonctionnement et les différentes implantations des composants d’un ordinateur ou des systèmes électroniques,CAPT-Capt13,Prétraiter les données pour compenser les dérives ou biais,0,0.2246019989
modeliser-2.4,Identifier le fonctionnement et les différentes implantations des composants d’un ordinateur ou des systèmes électroniques,CAPT-Capt14,Mettre en œuvre un filtre de Kalman linéaire,0,0.1095564812
modeliser-2.4,Identifier le fonctionnement et les différentes implantations des composants d’un ordinateur ou des systèmes électroniques,CAPT-Capt15,Présenter les limites du modèle linéaire et expliquer le filtre de Kalman étendu,0,0.1652407497
modeliser-2.4,Identifier le fonctionnement et les différentes implantations des composants d’un ordinateur ou des systèmes électroniques,CAPT-Capt16,Expliquer les intérêts d’une fusion multi-capteurs pour la robustesse,0,0.3150669038
modeliser-2.4,Identifier le fonctionnement et les différentes implantations des composants d’un ordinateur ou des systèmes électroniques,CAPT-Capt17,Interpréter les résultats de la fusion dans le contexte de la navigation,0,0.2744250596
modeliser-2.4,Identifier le fonctionnement et les différentes implantations des composants d’un ordinateur ou des systèmes électroniques,CAPT-Capt18,Utiliser un capteur avec une carte raspberry,0,0.3498947024
modeliser-2.4,Identifier le fonctionnement et les différentes implantations des composants d’un ordinateur ou des systèmes électroniques,CAPT-Capt19,"Développer un programme python pour utiliser les capteurs ou pour traiter les données (filtre, kalman…)",0,0.2929587364
modeliser-3.1,Normaliser des données pour appliquer un modèle,CAPT-Capt01,"Définir et classer les différents types de capteurs en fonction de leurs caractéristiques : actif/passif, nature du mesurande ou du signal de sortie, analogique/numérique/logique, mesure directe/indirecte",0,0.3234217465
modeliser-3.1,Normaliser des données pour appliquer un modèle,CAPT-Capt02,Décrire les signaux/données d'entrée/sortie,0,0.3804677427
modeliser-3.1,Normaliser des données pour appliquer un modèle,CAPT-Capt03,Définir les caractéristiques métrologiques des capteurs,0,0.4904644489
modeliser-3.1,Normaliser des données pour appliquer un modèle,CAPT-Capt04,Caractériser les erreurs de mesures liées aux capteurs.,0,0.3191009164
modeliser-3.1,Normaliser des données pour appliquer un modèle,CAPT-Capt05,"Interpréter la position dans différents repères de référence (géocentrique, terrestre, local, ENU, NED)",0,0.3769364357
modeliser-3.1,Normaliser des données pour appliquer un modèle,CAPT-Capt06,Analyser des trames NMEA pour extraire les données utiles,0,0.4301923513
modeliser-3.1,Normaliser des données pour appliquer un modèle,CAPT-Capt07,"Comparer différentes représentations de l’orientation (angles, matrices)",0,0.4546081424
modeliser-3.1,Normaliser des données pour appliquer un modèle,CAPT-Capt08,"Décrire les principes physiques (semi-conducteur, laser) associés à des capteurs de perception",0,0.3374326229
modeliser-3.1,Normaliser des données pour appliquer un modèle,CAPT-Capt09,"Comparer les performances des capteurs (portée, résolution, fréquence)",0,0.4070171118
modeliser-3.1,Normaliser des données pour appliquer un modèle,CAPT-Capt10,Interpréter les résultats de détection ou de mesure de distance,0,0.2878378630
modeliser-3.1,Normaliser des données pour appliquer un modèle,CAPT-Capt11,Appliquer un filtrage simple pour réduire le bruit sur un signal mesuré,0,0.2078600526
modeliser-3.1,Normaliser des données pour appliquer un modèle,CAPT-Capt12,"Synchroniser les données issues de capteurs différents (IMU, GPS)",0,0.4805051386
modeliser-3.1,Normaliser des données pour appliquer un modèle,CAPT-Capt13,Prétraiter les données pour compenser les dérives ou biais,0,0.3646178544
modeliser-3.1,Normaliser des données pour appliquer un modèle,CAPT-Capt14,Mettre en œuvre un filtre de Kalman linéaire,0,0.2405949235
modeliser-3.1,Normaliser des données pour appliquer un modèle,CAPT-Capt15,Présenter les limites du modèle linéaire et expliquer le filtre de Kalman étendu,0,0.2522761226
modeliser-3.1,Normaliser des données pour appliquer un modèle,CAPT-Capt16,Expliquer les intérêts d’une fusion multi-capteurs pour la robustesse,0,0.2087620795
modeliser-3.1,Normaliser des données pour appliquer un modèle,CAPT-Capt17,Interpréter les résultats de la fusion dans le contexte de la navigation,0,0.2695104182
modeliser-3.1,Normaliser des données pour appliquer un modèle,CAPT-Capt18,Utiliser un capteur avec une carte raspberry,0,0.2078838050
modeliser-3.1,Normaliser des données pour appliquer un modèle,CAPT-Capt19,"Développer un programme python pour utiliser les capteurs ou pour traiter les données (filtre, kalman…)",0,0.3100707233
modeliser-3.2,Caractériser les données pour en déduire le modèle,CAPT-Capt01,"Définir et classer les différents types de capteurs en fonction de leurs caractéristiques : actif/passif, nature du mesurande ou du signal de sortie, analogique/numérique/logique, mesure directe/indirecte",0,0.3501621783
modeliser-3.2,Caractériser les données pour en déduire le modèle,CAPT-Capt02,Décrire les signaux/données d'entrée/sortie,0,0.3475660086
modeliser-3.2,Caractériser les données pour en déduire le modèle,CAPT-Capt03,Définir les caractéristiques métrologiques des capteurs,0,0.4437347949
modeliser-3.2,Caractériser les données pour en déduire le modèle,CAPT-Capt04,Caractériser les erreurs de mesures liées aux capteurs.,0,0.3038626313
modeliser-3.2,Caractériser les données pour en déduire le modèle,CAPT-Capt05,"Interpréter la position dans différents repères de référence (géocentrique, terrestre, local, ENU, NED)",0,0.3165973723
modeliser-3.2,Caractériser les données pour en déduire le modèle,CAPT-Capt06,Analyser des trames NMEA pour extraire les données utiles,0,0.4927026033
modeliser-3.2,Caractériser les données pour en déduire le modèle,CAPT-Capt07,"Comparer différentes représentations de l’orientation (angles, matrices)",0,0.4458279014
modeliser-3.2,Caractériser les données pour en déduire le modèle,CAPT-Capt08,"Décrire les principes physiques (semi-conducteur, laser) associés à des capteurs de perception",0,0.3716433048
modeliser-3.2,Caractériser les données pour en déduire le modèle,CAPT-Capt09,"Comparer les performances des capteurs (portée, résolution, fréquence)",0,0.4007737637
modeliser-3.2,Caractériser les données pour en déduire le modèle,CAPT-Capt10,Interpréter les résultats de détection ou de mesure de distance,0,0.3906395733
modeliser-3.2,Caractériser les données pour en déduire le modèle,CAPT-Capt11,Appliquer un filtrage simple pour réduire le bruit sur un signal mesuré,0,0.2364945859
modeliser-3.2,Caractériser les données pour en déduire le modèle,CAPT-Capt12,"Synchroniser les données issues de capteurs différents (IMU, GPS)",0,0.3322536051
modeliser-3.2,Caractériser les données pour en déduire le modèle,CAPT-Capt13,Prétraiter les données pour compenser les dérives ou biais,0,0.4289999902
modeliser-3.2,Caractériser les données pour en déduire le modèle,CAPT-Capt14,Mettre en œuvre un filtre de Kalman linéaire,0,0.3034527302
modeliser-3.2,Caractériser les données pour en déduire le modèle,CAPT-Capt15,Présenter les limites du modèle linéaire et expliquer le filtre de Kalman étendu,0,0.3435033262
modeliser-3.2,Caractériser les données pour en déduire le modèle,CAPT-Capt16,Expliquer les intérêts d’une fusion multi-capteurs pour la robustesse,0,0.2297400534
modeliser-3.2,Caractériser les données pour en déduire le modèle,CAPT-Capt17,Interpréter les résultats de la fusion dans le contexte de la navigation,0,0.3372913003
modeliser-3.2,Caractériser les données pour en déduire le modèle,CAPT-Capt18,Utiliser un capteur avec une carte raspberry,0,0.2535986304
modeliser-3.2,Caractériser les données pour en déduire le modèle,CAPT-Capt19,"Développer un programme python pour utiliser les capteurs ou pour traiter les données (filtre, kalman…)",0,0.3792846501
modeliser-4.1,Transformer le modèle pour obtenir une résolution acceptable,CAPT-Capt01,"Définir et classer les différents types de capteurs en fonction de leurs caractéristiques : actif/passif, nature du mesurande ou du signal de sortie, analogique/numérique/logique, mesure directe/indirecte",0,0.2464596927
modeliser-4.1,Transformer le modèle pour obtenir une résolution acceptable,CAPT-Capt02,Décrire les signaux/données d'entrée/sortie,0,0.2059439421
modeliser-4.1,Transformer le modèle pour obtenir une résolution acceptable,CAPT-Capt03,Définir les caractéristiques métrologiques des capteurs,0,0.3144145608
modeliser-4.1,Transformer le modèle pour obtenir une résolution acceptable,CAPT-Capt04,Caractériser les erreurs de mesures liées aux capteurs.,0,0.3232947290
modeliser-4.1,Transformer le modèle pour obtenir une résolution acceptable,CAPT-Capt05,"Interpréter la position dans différents repères de référence (géocentrique, terrestre, local, ENU, NED)",0,0.2904245853
modeliser-4.1,Transformer le modèle pour obtenir une résolution acceptable,CAPT-Capt06,Analyser des trames NMEA pour extraire les données utiles,0,0.2397541702
modeliser-4.1,Transformer le modèle pour obtenir une résolution acceptable,CAPT-Capt07,"Comparer différentes représentations de l’orientation (angles, matrices)",0,0.4349277020
modeliser-4.1,Transformer le modèle pour obtenir une résolution acceptable,CAPT-Capt08,"Décrire les principes physiques (semi-conducteur, laser) associés à des capteurs de perception",0,0.3322291076
modeliser-4.1,Transformer le modèle pour obtenir une résolution acceptable,CAPT-Capt09,"Comparer les performances des capteurs (portée, résolution, fréquence)",0,0.3259472549
modeliser-4.1,Transformer le modèle pour obtenir une résolution acceptable,CAPT-Capt10,Interpréter les résultats de détection ou de mesure de distance,0,0.2673828602
modeliser-4.1,Transformer le modèle pour obtenir une résolution acceptable,CAPT-Capt11,Appliquer un filtrage simple pour réduire le bruit sur un signal mesuré,0,0.3003836274
modeliser-4.1,Transformer le modèle pour obtenir une résolution acceptable,CAPT-Capt12,"Synchroniser les données issues de capteurs différents (IMU, GPS)",0,0.2509699464
modeliser-4.1,Transformer le modèle pour obtenir une résolution acceptable,CAPT-Capt13,Prétraiter les données pour compenser les dérives ou biais,0,0.3989735246
modeliser-4.1,Transformer le modèle pour obtenir une résolution acceptable,CAPT-Capt14,Mettre en œuvre un filtre de Kalman linéaire,0,0.2997618914
modeliser-4.1,Transformer le modèle pour obtenir une résolution acceptable,CAPT-Capt15,Présenter les limites du modèle linéaire et expliquer le filtre de Kalman étendu,0,0.3380625248
modeliser-4.1,Transformer le modèle pour obtenir une résolution acceptable,CAPT-Capt16,Expliquer les intérêts d’une fusion multi-capteurs pour la robustesse,0,0.2286502421
modeliser-4.1,Transformer le modèle pour obtenir une résolution acceptable,CAPT-Capt17,Interpréter les résultats de la fusion dans le contexte de la navigation,0,0.3026590943
modeliser-4.1,Transformer le modèle pour obtenir une résolution acceptable,CAPT-Capt18,Utiliser un capteur avec une carte raspberry,0,0.1973461360
modeliser-4.1,Transformer le modèle pour obtenir une résolution acceptable,CAPT-Capt19,"Développer un programme python pour utiliser les capteurs ou pour traiter les données (filtre, kalman…)",0,0.2768479884
modeliser-4.2,Transformer les données pour obtenir une résolution acceptable,CAPT-Capt01,"Définir et classer les différents types de capteurs en fonction de leurs caractéristiques : actif/passif, nature du mesurande ou du signal de sortie, analogique/numérique/logique, mesure directe/indirecte",0,0.3100115061
modeliser-4.2,Transformer les données pour obtenir une résolution acceptable,CAPT-Capt02,Décrire les signaux/données d'entrée/sortie,0,0.3914298415
modeliser-4.2,Transformer les données pour obtenir une résolution acceptable,CAPT-Capt03,Définir les caractéristiques métrologiques des capteurs,0,0.3956048191
modeliser-4.2,Transformer les données pour obtenir une résolution acceptable,CAPT-Capt04,Caractériser les erreurs de mesures liées aux capteurs.,0,0.3850840926
modeliser-4.2,Transformer les données pour obtenir une résolution acceptable,CAPT-Capt05,"Interpréter la position dans différents repères de référence (géocentrique, terrestre, local, ENU, NED)",0,0.3081803024
modeliser-4.2,Transformer les données pour obtenir une résolution acceptable,CAPT-Capt06,Analyser des trames NMEA pour extraire les données utiles,0,0.4178003669
modeliser-4.2,Transformer les données pour obtenir une résolution acceptable,CAPT-Capt07,"Comparer différentes représentations de l’orientation (angles, matrices)",0,0.3584276140
modeliser-4.2,Transformer les données pour obtenir une résolution acceptable,CAPT-Capt08,"Décrire les principes physiques (semi-conducteur, laser) associés à des capteurs de perception",0,0.4067490995
modeliser-4.2,Transformer les données pour obtenir une résolution acceptable,CAPT-Capt09,"Comparer les performances des capteurs (portée, résolution, fréquence)",0,0.4666936994
modeliser-4.2,Transformer les données pour obtenir une résolution acceptable,CAPT-Capt10,Interpréter les résultats de détection ou de mesure de distance,0,0.3282681406
modeliser-4.2,Transformer les données pour obtenir une résolution acceptable,CAPT-Capt11,Appliquer un filtrage simple pour réduire le bruit sur un signal mesuré,0,0.3574251533
modeliser-4.2,Transformer les données pour obtenir une résolution acceptable,CAPT-Capt12,"Synchroniser les données issues de capteurs différents (IMU, GPS)",0,0.3259339035
modeliser-4.2,Transformer les données pour obtenir une résolution acceptable,CAPT-Capt13,Prétraiter les données pour compenser les dérives ou biais,0,0.4879397452
modeliser-4.2,Transformer les données pour obtenir une résolution acceptable,CAPT-Capt14,Mettre en œuvre un filtre de Kalman linéaire,0,0.2153171450
modeliser-4.2,Transformer les données pour obtenir une résolution acceptable,CAPT-Capt15,Présenter les limites du modèle linéaire et expliquer le filtre de Kalman étendu,0,0.2303473204
modeliser-4.2,Transformer les données pour obtenir une résolution acceptable,CAPT-Capt16,Expliquer les intérêts d’une fusion multi-capteurs pour la robustesse,0,0.2646670938
modeliser-4.2,Transformer les données pour obtenir une résolution acceptable,CAPT-Capt17,Interpréter les résultats de la fusion dans le contexte de la navigation,0,0.3232478499
modeliser-4.2,Transformer les données pour obtenir une résolution acceptable,CAPT-Capt18,Utiliser un capteur avec une carte raspberry,0,0.2479830235
modeliser-4.2,Transformer les données pour obtenir une résolution acceptable,CAPT-Capt19,"Développer un programme python pour utiliser les capteurs ou pour traiter les données (filtre, kalman…)",0,0.3655253649
modeliser-4.3,Construire les modèles statistiques adaptés aux données,CAPT-Capt01,"Définir et classer les différents types de capteurs en fonction de leurs caractéristiques : actif/passif, nature du mesurande ou du signal de sortie, analogique/numérique/logique, mesure directe/indirecte",0,0.3047213852
modeliser-4.3,Construire les modèles statistiques adaptés aux données,CAPT-Capt02,Décrire les signaux/données d'entrée/sortie,0,0.3312968016
modeliser-4.3,Construire les modèles statistiques adaptés aux données,CAPT-Capt03,Définir les caractéristiques métrologiques des capteurs,0,0.4200801551
modeliser-4.3,Construire les modèles statistiques adaptés aux données,CAPT-Capt04,Caractériser les erreurs de mesures liées aux capteurs.,0,0.2993454039
modeliser-4.3,Construire les modèles statistiques adaptés aux données,CAPT-Capt05,"Interpréter la position dans différents repères de référence (géocentrique, terrestre, local, ENU, NED)",0,0.3137672544
modeliser-4.3,Construire les modèles statistiques adaptés aux données,CAPT-Capt06,Analyser des trames NMEA pour extraire les données utiles,0,0.4526235759
modeliser-4.3,Construire les modèles statistiques adaptés aux données,CAPT-Capt07,"Comparer différentes représentations de l’orientation (angles, matrices)",0,0.3829727471
modeliser-4.3,Construire les modèles statistiques adaptés aux données,CAPT-Capt08,"Décrire les principes physiques (semi-conducteur, laser) associés à des capteurs de perception",0,0.3254671395
modeliser-4.3,Construire les modèles statistiques adaptés aux données,CAPT-Capt09,"Comparer les performances des capteurs (portée, résolution, fréquence)",0,0.3539078534
modeliser-4.3,Construire les modèles statistiques adaptés aux données,CAPT-Capt10,Interpréter les résultats de détection ou de mesure de distance,0,0.3178930581
modeliser-4.3,Construire les modèles statistiques adaptés aux données,CAPT-Capt11,Appliquer un filtrage simple pour réduire le bruit sur un signal mesuré,0,0.2059669197
modeliser-4.3,Construire les modèles statistiques adaptés aux données,CAPT-Capt12,"Synchroniser les données issues de capteurs différents (IMU, GPS)",0,0.3236839771
modeliser-4.3,Construire les modèles statistiques adaptés aux données,CAPT-Capt13,Prétraiter les données pour compenser les dérives ou biais,0,0.4524647295
modeliser-4.3,Construire les modèles statistiques adaptés aux données,CAPT-Capt14,Mettre en œuvre un filtre de Kalman linéaire,0,0.2009675056
modeliser-4.3,Construire les modèles statistiques adaptés aux données,CAPT-Capt15,Présenter les limites du modèle linéaire et expliquer le filtre de Kalman étendu,0,0.2631013989
modeliser-4.3,Construire les modèles statistiques adaptés aux données,CAPT-Capt16,Expliquer les intérêts d’une fusion multi-capteurs pour la robustesse,0,0.2103194594
modeliser-4.3,Construire les modèles statistiques adaptés aux données,CAPT-Capt17,Interpréter les résultats de la fusion dans le contexte de la navigation,0,0.2871914804
modeliser-4.3,Construire les modèles statistiques adaptés aux données,CAPT-Capt18,Utiliser un capteur avec une carte raspberry,0,0.2092893571
modeliser-4.3,Construire les modèles statistiques adaptés aux données,CAPT-Capt19,"Développer un programme python pour utiliser les capteurs ou pour traiter les données (filtre, kalman…)",0,0.3484504223
modeliser-4.4,Évaluer les besoins en ressources,CAPT-Capt01,"Définir et classer les différents types de capteurs en fonction de leurs caractéristiques : actif/passif, nature du mesurande ou du signal de sortie, analogique/numérique/logique, mesure directe/indirecte",0,0.2545950115
modeliser-4.4,Évaluer les besoins en ressources,CAPT-Capt02,Décrire les signaux/données d'entrée/sortie,0,0.2703384459
modeliser-4.4,Évaluer les besoins en ressources,CAPT-Capt03,Définir les caractéristiques métrologiques des capteurs,0,0.3804474175
modeliser-4.4,Évaluer les besoins en ressources,CAPT-Capt04,Caractériser les erreurs de mesures liées aux capteurs.,0,0.2521945536
modeliser-4.4,Évaluer les besoins en ressources,CAPT-Capt05,"Interpréter la position dans différents repères de référence (géocentrique, terrestre, local, ENU, NED)",0,0.3538745642
modeliser-4.4,Évaluer les besoins en ressources,CAPT-Capt06,Analyser des trames NMEA pour extraire les données utiles,0,0.3143785000
modeliser-4.4,Évaluer les besoins en ressources,CAPT-Capt07,"Comparer différentes représentations de l’orientation (angles, matrices)",0,0.2831170857
modeliser-4.4,Évaluer les besoins en ressources,CAPT-Capt08,"Décrire les principes physiques (semi-conducteur, laser) associés à des capteurs de perception",0,0.2391201109
modeliser-4.4,Évaluer les besoins en ressources,CAPT-Capt09,"Comparer les performances des capteurs (portée, résolution, fréquence)",0,0.2820466161
modeliser-4.4,Évaluer les besoins en ressources,CAPT-Capt10,Interpréter les résultats de détection ou de mesure de distance,0,0.3678013086
modeliser-4.4,Évaluer les besoins en ressources,CAPT-Capt11,Appliquer un filtrage simple pour réduire le bruit sur un signal mesuré,0,0.1953037828
modeliser-4.4,Évaluer les besoins en ressources,CAPT-Capt12,"Synchroniser les données issues de capteurs différents (IMU, GPS)",0,0.1838371605
modeliser-4.4,Évaluer les besoins en ressources,CAPT-Capt13,Prétraiter les données pour compenser les dérives ou biais,0,0.2782043219
modeliser-4.4,Évaluer les besoins en ressources,CAPT-Capt14,Mettre en œuvre un filtre de Kalman linéaire,0,0.1514391899
modeliser-4.4,Évaluer les besoins en ressources,CAPT-Capt15,Présenter les limites du modèle linéaire et expliquer le filtre de Kalman étendu,0,0.1573434025
modeliser-4.4,Évaluer les besoins en ressources,CAPT-Capt16,Expliquer les intérêts d’une fusion multi-capteurs pour la robustesse,0,0.2147784233
modeliser-4.4,Évaluer les besoins en ressources,CAPT-Capt17,Interpréter les résultats de la fusion dans le contexte de la navigation,0,0.1917111874
modeliser-4.4,Évaluer les besoins en ressources,CAPT-Capt18,Utiliser un capteur avec une carte raspberry,0,0.2143547833
modeliser-4.4,Évaluer les besoins en ressources,CAPT-Capt19,"Développer un programme python pour utiliser les capteurs ou pour traiter les données (filtre, kalman…)",0,0.2011633366
concevoir-1.1,Transposer une expression formelle en algorithme et vice-versa,CAPT-Capt01,"Définir et classer les différents types de capteurs en fonction de leurs caractéristiques : actif/passif, nature du mesurande ou du signal de sortie, analogique/numérique/logique, mesure directe/indirecte",0,0.2529491484
concevoir-1.1,Transposer une expression formelle en algorithme et vice-versa,CAPT-Capt02,Décrire les signaux/données d'entrée/sortie,0,0.3598162234
concevoir-1.1,Transposer une expression formelle en algorithme et vice-versa,CAPT-Capt03,Définir les caractéristiques métrologiques des capteurs,0,0.2186555564
concevoir-1.1,Transposer une expression formelle en algorithme et vice-versa,CAPT-Capt04,Caractériser les erreurs de mesures liées aux capteurs.,0,0.2185331881
concevoir-1.1,Transposer une expression formelle en algorithme et vice-versa,CAPT-Capt05,"Interpréter la position dans différents repères de référence (géocentrique, terrestre, local, ENU, NED)",0,0.1942643523
concevoir-1.1,Transposer une expression formelle en algorithme et vice-versa,CAPT-Capt06,Analyser des trames NMEA pour extraire les données utiles,0,0.3109790087
concevoir-1.1,Transposer une expression formelle en algorithme et vice-versa,CAPT-Capt07,"Comparer différentes représentations de l’orientation (angles, matrices)",0,0.3054648340
concevoir-1.1,Transposer une expression formelle en algorithme et vice-versa,CAPT-Capt08,"Décrire les principes physiques (semi-conducteur, laser) associés à des capteurs de perception",0,0.2690873742
concevoir-1.1,Transposer une expression formelle en algorithme et vice-versa,CAPT-Capt09,"Comparer les performances des capteurs (portée, résolution, fréquence)",0,0.2222036123
concevoir-1.1,Transposer une expression formelle en algorithme et vice-versa,CAPT-Capt10,Interpréter les résultats de détection ou de mesure de distance,0,0.1575294733
concevoir-1.1,Transposer une expression formelle en algorithme et vice-versa,CAPT-Capt11,Appliquer un filtrage simple pour réduire le bruit sur un signal mesuré,0,0.2187841535
concevoir-1.1,Transposer une expression formelle en algorithme et vice-versa,CAPT-Capt12,"Synchroniser les données issues de capteurs différents (IMU, GPS)",0,0.2147456110
concevoir-1.1,Transposer une expression formelle en algorithme et vice-versa,CAPT-Capt13,Prétraiter les données pour compenser les dérives ou biais,0,0.3067369759
concevoir-1.1,Transposer une expression formelle en algorithme et vice-versa,CAPT-Capt14,Mettre en œuvre un filtre de Kalman linéaire,0,0.4096638560
concevoir-1.1,Transposer une expression formelle en algorithme et vice-versa,CAPT-Capt15,Présenter les limites du modèle linéaire et expliquer le filtre de Kalman étendu,0,0.3452301919
concevoir-1.1,Transposer une expression formelle en algorithme et vice-versa,CAPT-Capt16,Expliquer les intérêts d’une fusion multi-capteurs pour la robustesse,0,0.2581897974
concevoir-1.1,Transposer une expression formelle en algorithme et vice-versa,CAPT-Capt17,Interpréter les résultats de la fusion dans le contexte de la navigation,0,0.2998281121
concevoir-1.1,Transposer une expression formelle en algorithme et vice-versa,CAPT-Capt18,Utiliser un capteur avec une carte raspberry,0,0.1617465019
concevoir-1.1,Transposer une expression formelle en algorithme et vice-versa,CAPT-Capt19,"Développer un programme python pour utiliser les capteurs ou pour traiter les données (filtre, kalman…)",0,0.3848097622
concevoir-1.2,Transposer une représentation formelle en structure de données et vice-versa,CAPT-Capt01,"Définir et classer les différents types de capteurs en fonction de leurs caractéristiques : actif/passif, nature du mesurande ou du signal de sortie, analogique/numérique/logique, mesure directe/indirecte",0,0.3135465682
concevoir-1.2,Transposer une représentation formelle en structure de données et vice-versa,CAPT-Capt02,Décrire les signaux/données d'entrée/sortie,0,0.4741526842
concevoir-1.2,Transposer une représentation formelle en structure de données et vice-versa,CAPT-Capt03,Définir les caractéristiques métrologiques des capteurs,0,0.2394845486
concevoir-1.2,Transposer une représentation formelle en structure de données et vice-versa,CAPT-Capt04,Caractériser les erreurs de mesures liées aux capteurs.,0,0.1984929442
concevoir-1.2,Transposer une représentation formelle en structure de données et vice-versa,CAPT-Capt05,"Interpréter la position dans différents repères de référence (géocentrique, terrestre, local, ENU, NED)",0,0.3228426576
concevoir-1.2,Transposer une représentation formelle en structure de données et vice-versa,CAPT-Capt06,Analyser des trames NMEA pour extraire les données utiles,0,0.4371623099
concevoir-1.2,Transposer une représentation formelle en structure de données et vice-versa,CAPT-Capt07,"Comparer différentes représentations de l’orientation (angles, matrices)",0,0.3903591633
concevoir-1.2,Transposer une représentation formelle en structure de données et vice-versa,CAPT-Capt08,"Décrire les principes physiques (semi-conducteur, laser) associés à des capteurs de perception",0,0.3268374801
concevoir-1.2,Transposer une représentation formelle en structure de données et vice-versa,CAPT-Capt09,"Comparer les performances des capteurs (portée, résolution, fréquence)",0,0.2945790887
concevoir-1.2,Transposer une représentation formelle en structure de données et vice-versa,CAPT-Capt10,Interpréter les résultats de détection ou de mesure de distance,0,0.2269175053
concevoir-1.2,Transposer une représentation formelle en structure de données et vice-versa,CAPT-Capt11,Appliquer un filtrage simple pour réduire le bruit sur un signal mesuré,0,0.1299103796
concevoir-1.2,Transposer une représentation formelle en structure de données et vice-versa,CAPT-Capt12,"Synchroniser les données issues de capteurs différents (IMU, GPS)",0,0.3398849964
concevoir-1.2,Transposer une représentation formelle en structure de données et vice-versa,CAPT-Capt13,Prétraiter les données pour compenser les dérives ou biais,0,0.3187014163
concevoir-1.2,Transposer une représentation formelle en structure de données et vice-versa,CAPT-Capt14,Mettre en œuvre un filtre de Kalman linéaire,0,0.2503083944
concevoir-1.2,Transposer une représentation formelle en structure de données et vice-versa,CAPT-Capt15,Présenter les limites du modèle linéaire et expliquer le filtre de Kalman étendu,0,0.2842115760
concevoir-1.2,Transposer une représentation formelle en structure de données et vice-versa,CAPT-Capt16,Expliquer les intérêts d’une fusion multi-capteurs pour la robustesse,0,0.2939310670
concevoir-1.2,Transposer une représentation formelle en structure de données et vice-versa,CAPT-Capt17,Interpréter les résultats de la fusion dans le contexte de la navigation,0,0.2955572009
concevoir-1.2,Transposer une représentation formelle en structure de données et vice-versa,CAPT-Capt18,Utiliser un capteur avec une carte raspberry,0,0.1887313724
concevoir-1.2,Transposer une représentation formelle en structure de données et vice-versa,CAPT-Capt19,"Développer un programme python pour utiliser les capteurs ou pour traiter les données (filtre, kalman…)",0,0.3001112640
concevoir-1.3,Intégrer des composants logiciels ou physiques au sein d’un système,CAPT-Capt01,"Définir et classer les différents types de capteurs en fonction de leurs caractéristiques : actif/passif, nature du mesurande ou du signal de sortie, analogique/numérique/logique, mesure directe/indirecte",0,0.3238884211
concevoir-1.3,Intégrer des composants logiciels ou physiques au sein d’un système,CAPT-Capt02,Décrire les signaux/données d'entrée/sortie,0,0.2183769196
concevoir-1.3,Intégrer des composants logiciels ou physiques au sein d’un système,CAPT-Capt03,Définir les caractéristiques métrologiques des capteurs,0,0.2814129293
concevoir-1.3,Intégrer des composants logiciels ou physiques au sein d’un système,CAPT-Capt04,Caractériser les erreurs de mesures liées aux capteurs.,0,0.2222632766
concevoir-1.3,Intégrer des composants logiciels ou physiques au sein d’un système,CAPT-Capt05,"Interpréter la position dans différents repères de référence (géocentrique, terrestre, local, ENU, NED)",0,0.1642686576
concevoir-1.3,Intégrer des composants logiciels ou physiques au sein d’un système,CAPT-Capt06,Analyser des trames NMEA pour extraire les données utiles,0,0.1908123046
concevoir-1.3,Intégrer des composants logiciels ou physiques au sein d’un système,CAPT-Capt07,"Comparer différentes représentations de l’orientation (angles, matrices)",0,0.2126084715
concevoir-1.3,Intégrer des composants logiciels ou physiques au sein d’un système,CAPT-Capt08,"Décrire les principes physiques (semi-conducteur, laser) associés à des capteurs de perception",0,0.3659662604
concevoir-1.3,Intégrer des composants logiciels ou physiques au sein d’un système,CAPT-Capt09,"Comparer les performances des capteurs (portée, résolution, fréquence)",0,0.2670302391
concevoir-1.3,Intégrer des composants logiciels ou physiques au sein d’un système,CAPT-Capt10,Interpréter les résultats de détection ou de mesure de distance,0,0.1641627103
concevoir-1.3,Intégrer des composants logiciels ou physiques au sein d’un système,CAPT-Capt11,Appliquer un filtrage simple pour réduire le bruit sur un signal mesuré,0,0.1746350527
concevoir-1.3,Intégrer des composants logiciels ou physiques au sein d’un système,CAPT-Capt12,"Synchroniser les données issues de capteurs différents (IMU, GPS)",0,0.3794367015
concevoir-1.3,Intégrer des composants logiciels ou physiques au sein d’un système,CAPT-Capt13,Prétraiter les données pour compenser les dérives ou biais,0,0.2421977371
concevoir-1.3,Intégrer des composants logiciels ou physiques au sein d’un système,CAPT-Capt14,Mettre en œuvre un filtre de Kalman linéaire,0,0.1747724116
concevoir-1.3,Intégrer des composants logiciels ou physiques au sein d’un système,CAPT-Capt15,Présenter les limites du modèle linéaire et expliquer le filtre de Kalman étendu,0,0.1449689567
concevoir-1.3,Intégrer des composants logiciels ou physiques au sein d’un système,CAPT-Capt16,Expliquer les intérêts d’une fusion multi-capteurs pour la robustesse,0,0.3547712266
concevoir-1.3,Intégrer des composants logiciels ou physiques au sein d’un système,CAPT-Capt17,Interpréter les résultats de la fusion dans le contexte de la navigation,0,0.2930587530
concevoir-1.3,Intégrer des composants logiciels ou physiques au sein d’un système,CAPT-Capt18,Utiliser un capteur avec une carte raspberry,0,0.3706445694
concevoir-1.3,Intégrer des composants logiciels ou physiques au sein d’un système,CAPT-Capt19,"Développer un programme python pour utiliser les capteurs ou pour traiter les données (filtre, kalman…)",0,0.4086354971
concevoir-2.1,Sélectionner les structures de données dont la complexité (en temps et en espace) est adaptée,CAPT-Capt01,"Définir et classer les différents types de capteurs en fonction de leurs caractéristiques : actif/passif, nature du mesurande ou du signal de sortie, analogique/numérique/logique, mesure directe/indirecte",0,0.4129965007
concevoir-2.1,Sélectionner les structures de données dont la complexité (en temps et en espace) est adaptée,CAPT-Capt02,Décrire les signaux/données d'entrée/sortie,0,0.3064916730
concevoir-2.1,Sélectionner les structures de données dont la complexité (en temps et en espace) est adaptée,CAPT-Capt03,Définir les caractéristiques métrologiques des capteurs,0,0.3689181209
concevoir-2.1,Sélectionner les structures de données dont la complexité (en temps et en espace) est adaptée,CAPT-Capt04,Caractériser les erreurs de mesures liées aux capteurs.,0,0.2594648600
concevoir-2.1,Sélectionner les structures de données dont la complexité (en temps et en espace) est adaptée,CAPT-Capt05,"Interpréter la position dans différents repères de référence (géocentrique, terrestre, local, ENU, NED)",0,0.4008534849
concevoir-2.1,Sélectionner les structures de données dont la complexité (en temps et en espace) est adaptée,CAPT-Capt06,Analyser des trames NMEA pour extraire les données utiles,0,0.3250804543
concevoir-2.1,Sélectionner les structures de données dont la complexité (en temps et en espace) est adaptée,CAPT-Capt07,"Comparer différentes représentations de l’orientation (angles, matrices)",0,0.3708978295
concevoir-2.1,Sélectionner les structures de données dont la complexité (en temps et en espace) est adaptée,CAPT-Capt08,"Décrire les principes physiques (semi-conducteur, laser) associés à des capteurs de perception",0,0.3584827185
concevoir-2.1,Sélectionner les structures de données dont la complexité (en temps et en espace) est adaptée,CAPT-Capt09,"Comparer les performances des capteurs (portée, résolution, fréquence)",0,0.4139137566
concevoir-2.1,Sélectionner les structures de données dont la complexité (en temps et en espace) est adaptée,CAPT-Capt10,Interpréter les résultats de détection ou de mesure de distance,0,0.3615064919
concevoir-2.1,Sélectionner les structures de données dont la complexité (en temps et en espace) est adaptée,CAPT-Capt11,Appliquer un filtrage simple pour réduire le bruit sur un signal mesuré,0,0.2500584424
concevoir-2.1,Sélectionner les structures de données dont la complexité (en temps et en espace) est adaptée,CAPT-Capt12,"Synchroniser les données issues de capteurs différents (IMU, GPS)",0,0.3935085833
concevoir-2.1,Sélectionner les structures de données dont la complexité (en temps et en espace) est adaptée,CAPT-Capt13,Prétraiter les données pour compenser les dérives ou biais,0,0.3861967027
concevoir-2.1,Sélectionner les structures de données dont la complexité (en temps et en espace) est adaptée,CAPT-Capt14,Mettre en œuvre un filtre de Kalman linéaire,0,0.2498439103
concevoir-2.1,Sélectionner les structures de données dont la complexité (en temps et en espace) est adaptée,CAPT-Capt15,Présenter les limites du modèle linéaire et expliquer le filtre de Kalman étendu,0,0.2827675939
concevoir-2.1,Sélectionner les structures de données dont la complexité (en temps et en espace) est adaptée,CAPT-Capt16,Expliquer les intérêts d’une fusion multi-capteurs pour la robustesse,0,0.2584504187
concevoir-2.1,Sélectionner les structures de données dont la complexité (en temps et en espace) est adaptée,CAPT-Capt17,Interpréter les résultats de la fusion dans le contexte de la navigation,0,0.2257354110
concevoir-2.1,Sélectionner les structures de données dont la complexité (en temps et en espace) est adaptée,CAPT-Capt18,Utiliser un capteur avec une carte raspberry,0,0.1810404807
concevoir-2.1,Sélectionner les structures de données dont la complexité (en temps et en espace) est adaptée,CAPT-Capt19,"Développer un programme python pour utiliser les capteurs ou pour traiter les données (filtre, kalman…)",0,0.3365759254
concevoir-2.2,Choisir les patrons de conception,CAPT-Capt01,"Définir et classer les différents types de capteurs en fonction de leurs caractéristiques : actif/passif, nature du mesurande ou du signal de sortie, analogique/numérique/logique, mesure directe/indirecte",0,0.2252930999
concevoir-2.2,Choisir les patrons de conception,CAPT-Capt02,Décrire les signaux/données d'entrée/sortie,0,0.1600891054
concevoir-2.2,Choisir les patrons de conception,CAPT-Capt03,Définir les caractéristiques métrologiques des capteurs,0,0.2990647554
concevoir-2.2,Choisir les patrons de conception,CAPT-Capt04,Caractériser les erreurs de mesures liées aux capteurs.,0,0.2330251634
concevoir-2.2,Choisir les patrons de conception,CAPT-Capt05,"Interpréter la position dans différents repères de référence (géocentrique, terrestre, local, ENU, NED)",0,0.2569728196
concevoir-2.2,Choisir les patrons de conception,CAPT-Capt06,Analyser des trames NMEA pour extraire les données utiles,0,0.2253049016
concevoir-2.2,Choisir les patrons de conception,CAPT-Capt07,"Comparer différentes représentations de l’orientation (angles, matrices)",0,0.4158327281
concevoir-2.2,Choisir les patrons de conception,CAPT-Capt08,"Décrire les principes physiques (semi-conducteur, laser) associés à des capteurs de perception",0,0.2490942329
concevoir-2.2,Choisir les patrons de conception,CAPT-Capt09,"Comparer les performances des capteurs (portée, résolution, fréquence)",0,0.2124934793
concevoir-2.2,Choisir les patrons de conception,CAPT-Capt10,Interpréter les résultats de détection ou de mesure de distance,0,0.2229122370
concevoir-2.2,Choisir les patrons de conception,CAPT-Capt11,Appliquer un filtrage simple pour réduire le bruit sur un signal mesuré,0,0.1417525411
concevoir-2.2,Choisir les patrons de conception,CAPT-Capt12,"Synchroniser les données issues de capteurs différents (IMU, GPS)",0,0.1796487272
concevoir-2.2,Choisir les patrons de conception,CAPT-Capt13,Prétraiter les données pour compenser les dérives ou biais,0,0.2774257660
concevoir-2.2,Choisir les patrons de conception,CAPT-Capt14,Mettre en œuvre un filtre de Kalman linéaire,0,0.1704092920
concevoir-2.2,Choisir les patrons de conception,CAPT-Capt15,Présenter les limites du modèle linéaire et expliquer le filtre de Kalman étendu,0,0.1627671123
concevoir-2.2,Choisir les patrons de conception,CAPT-Capt16,Expliquer les intérêts d’une fusion multi-capteurs pour la robustesse,0,0.1526717395
concevoir-2.2,Choisir les patrons de conception,CAPT-Capt17,Interpréter les résultats de la fusion dans le contexte de la navigation,0,0.2071152925
concevoir-2.2,Choisir les patrons de conception,CAPT-Capt18,Utiliser un capteur avec une carte raspberry,0,0.1305783987
concevoir-2.2,Choisir les patrons de conception,CAPT-Capt19,"Développer un programme python pour utiliser les capteurs ou pour traiter les données (filtre, kalman…)",0,0.1828231514
concevoir-2.3,Choisir le framework,CAPT-Capt01,"Définir et classer les différents types de capteurs en fonction de leurs caractéristiques : actif/passif, nature du mesurande ou du signal de sortie, analogique/numérique/logique, mesure directe/indirecte",0,0.2785838544
concevoir-2.3,Choisir le framework,CAPT-Capt02,Décrire les signaux/données d'entrée/sortie,0,0.2526379526
concevoir-2.3,Choisir le framework,CAPT-Capt03,Définir les caractéristiques métrologiques des capteurs,0,0.3545606732
concevoir-2.3,Choisir le framework,CAPT-Capt04,Caractériser les erreurs de mesures liées aux capteurs.,0,0.2587350607
concevoir-2.3,Choisir le framework,CAPT-Capt05,"Interpréter la position dans différents repères de référence (géocentrique, terrestre, local, ENU, NED)",0,0.3547213078
concevoir-2.3,Choisir le framework,CAPT-Capt06,Analyser des trames NMEA pour extraire les données utiles,0,0.2924675643
concevoir-2.3,Choisir le framework,CAPT-Capt07,"Comparer différentes représentations de l’orientation (angles, matrices)",0,0.3352738023
concevoir-2.3,Choisir le framework,CAPT-Capt08,"Décrire les principes physiques (semi-conducteur, laser) associés à des capteurs de perception",0,0.2943724394
concevoir-2.3,Choisir le framework,CAPT-Capt09,"Comparer les performances des capteurs (portée, résolution, fréquence)",0,0.3026147485
concevoir-2.3,Choisir le framework,CAPT-Capt10,Interpréter les résultats de détection ou de mesure de distance,0,0.3137347400
concevoir-2.3,Choisir le framework,CAPT-Capt11,Appliquer un filtrage simple pour réduire le bruit sur un signal mesuré,0,0.2065867037
concevoir-2.3,Choisir le framework,CAPT-Capt12,"Synchroniser les données issues de capteurs différents (IMU, GPS)",0,0.2146559209
concevoir-2.3,Choisir le framework,CAPT-Capt13,Prétraiter les données pour compenser les dérives ou biais,0,0.2652321458
concevoir-2.3,Choisir le framework,CAPT-Capt14,Mettre en œuvre un filtre de Kalman linéaire,0,0.3562734425
concevoir-2.3,Choisir le framework,CAPT-Capt15,Présenter les limites du modèle linéaire et expliquer le filtre de Kalman étendu,0,0.3512619436
concevoir-2.3,Choisir le framework,CAPT-Capt16,Expliquer les intérêts d’une fusion multi-capteurs pour la robustesse,0,0.2386173159
concevoir-2.3,Choisir le framework,CAPT-Capt17,Interpréter les résultats de la fusion dans le contexte de la navigation,0,0.3477562368
concevoir-2.3,Choisir le framework,CAPT-Capt18,Utiliser un capteur avec une carte raspberry,0,0.1887720376
concevoir-2.3,Choisir le framework,CAPT-Capt19,"Développer un programme python pour utiliser les capteurs ou pour traiter les données (filtre, kalman…)",0,0.2689247131
concevoir-2.4,"Prétraiter, estimer et prédire un signal à l’aide d’un système linéaire",CAPT-Capt01,"Définir et classer les différents types de capteurs en fonction de leurs caractéristiques : actif/passif, nature du mesurande ou du signal de sortie, analogique/numérique/logique, mesure directe/indirecte",0,0.3835405111
concevoir-2.4,"Prétraiter, estimer et prédire un signal à l’aide d’un système linéaire",CAPT-Capt02,Décrire les signaux/données d'entrée/sortie,0,0.4243808389
concevoir-2.4,"Prétraiter, estimer et prédire un signal à l’aide d’un système linéaire",CAPT-Capt03,Définir les caractéristiques métrologiques des capteurs,0,0.4380173683
concevoir-2.4,"Prétraiter, estimer et prédire un signal à l’aide d’un système linéaire",CAPT-Capt04,Caractériser les erreurs de mesures liées aux capteurs.,0,0.3251065612
concevoir-2.4,"Prétraiter, estimer et prédire un signal à l’aide d’un système linéaire",CAPT-Capt05,"Interpréter la position dans différents repères de référence (géocentrique, terrestre, local, ENU, NED)",0,0.3783680499
concevoir-2.4,"Prétraiter, estimer et prédire un signal à l’aide d’un système linéaire",CAPT-Capt06,Analyser des trames NMEA pour extraire les données utiles,0,0.3502415419
concevoir-2.4,"Prétraiter, estimer et prédire un signal à l’aide d’un système linéaire",CAPT-Capt07,"Comparer différentes représentations de l’orientation (angles, matrices)",0,0.3834817111
concevoir-2.4,"Prétraiter, estimer et prédire un signal à l’aide d’un système linéaire",CAPT-Capt08,"Décrire les principes physiques (semi-conducteur, laser) associés à des capteurs de perception",0,0.4312196672
concevoir-2.4,"Prétraiter, estimer et prédire un signal à l’aide d’un système linéaire",CAPT-Capt09,"Comparer les performances des capteurs (portée, résolution, fréquence)",0,0.4483063221
concevoir-2.4,"Prétraiter, estimer et prédire un signal à l’aide d’un système linéaire",CAPT-Capt10,Interpréter les résultats de détection ou de mesure de distance,0,0.4875449538
concevoir-2.4,"Prétraiter, estimer et prédire un signal à l’aide d’un système linéaire",CAPT-Capt11,Appliquer un filtrage simple pour réduire le bruit sur un signal mesuré,1,0.3229839802
concevoir-2.4,"Prétraiter, estimer et prédire un signal à l’aide d’un système linéaire",CAPT-Capt12,"Synchroniser les données issues de capteurs différents (IMU, GPS)",1,0.3743283153
concevoir-2.4,"Prétraiter, estimer et prédire un signal à l’aide d’un système linéaire",CAPT-Capt13,Prétraiter les données pour compenser les dérives ou biais,1,0.3777650297
concevoir-2.4,"Prétraiter, estimer et prédire un signal à l’aide d’un système linéaire",CAPT-Capt14,Mettre en œuvre un filtre de Kalman linéaire,1,0.3609194756
concevoir-2.4,"Prétraiter, estimer et prédire un signal à l’aide d’un système linéaire",CAPT-Capt15,Présenter les limites du modèle linéaire et expliquer le filtre de Kalman étendu,0,0.3111302853
concevoir-2.4,"Prétraiter, estimer et prédire un signal à l’aide d’un système linéaire",CAPT-Capt16,Expliquer les intérêts d’une fusion multi-capteurs pour la robustesse,0,0.2745640874
concevoir-2.4,"Prétraiter, estimer et prédire un signal à l’aide d’un système linéaire",CAPT-Capt17,Interpréter les résultats de la fusion dans le contexte de la navigation,0,0.3270046711
concevoir-2.4,"Prétraiter, estimer et prédire un signal à l’aide d’un système linéaire",CAPT-Capt18,Utiliser un capteur avec une carte raspberry,0,0.2408008873
concevoir-2.4,"Prétraiter, estimer et prédire un signal à l’aide d’un système linéaire",CAPT-Capt19,"Développer un programme python pour utiliser les capteurs ou pour traiter les données (filtre, kalman…)",1,0.4412805438
concevoir-2.5,Identifier le paradigme de traitement de données statistique,CAPT-Capt01,"Définir et classer les différents types de capteurs en fonction de leurs caractéristiques : actif/passif, nature du mesurande ou du signal de sortie, analogique/numérique/logique, mesure directe/indirecte",0,0.3694932163
concevoir-2.5,Identifier le paradigme de traitement de données statistique,CAPT-Capt02,Décrire les signaux/données d'entrée/sortie,0,0.3156653345
concevoir-2.5,Identifier le paradigme de traitement de données statistique,CAPT-Capt03,Définir les caractéristiques métrologiques des capteurs,0,0.4097803235
concevoir-2.5,Identifier le paradigme de traitement de données statistique,CAPT-Capt04,Caractériser les erreurs de mesures liées aux capteurs.,0,0.2593756914
concevoir-2.5,Identifier le paradigme de traitement de données statistique,CAPT-Capt05,"Interpréter la position dans différents repères de référence (géocentrique, terrestre, local, ENU, NED)",0,0.3759538531
concevoir-2.5,Identifier le paradigme de traitement de données statistique,CAPT-Capt06,Analyser des trames NMEA pour extraire les données utiles,0,0.4777850509
concevoir-2.5,Identifier le paradigme de traitement de données statistique,CAPT-Capt07,"Comparer différentes représentations de l’orientation (angles, matrices)",0,0.3903814852
concevoir-2.5,Identifier le paradigme de traitement de données statistique,CAPT-Capt08,"Décrire les principes physiques (semi-conducteur, laser) associés à des capteurs de perception",0,0.3563862443
concevoir-2.5,Identifier le paradigme de traitement de données statistique,CAPT-Capt09,"Comparer les performances des capteurs (portée, résolution, fréquence)",0,0.3446999192
concevoir-2.5,Identifier le paradigme de traitement de données statistique,CAPT-Capt10,Interpréter les résultats de détection ou de mesure de distance,0,0.4072574973
concevoir-2.5,Identifier le paradigme de traitement de données statistique,CAPT-Capt11,Appliquer un filtrage simple pour réduire le bruit sur un signal mesuré,0,0.2620637417
concevoir-2.5,Identifier le paradigme de traitement de données statistique,CAPT-Capt12,"Synchroniser les données issues de capteurs différents (IMU, GPS)",0,0.2990890741
concevoir-2.5,Identifier le paradigme de traitement de données statistique,CAPT-Capt13,Prétraiter les données pour compenser les dérives ou biais,0,0.3502069712
concevoir-2.5,Identifier le paradigme de traitement de données statistique,CAPT-Capt14,Mettre en œuvre un filtre de Kalman linéaire,0,0.2945396304
concevoir-2.5,Identifier le paradigme de traitement de données statistique,CAPT-Capt15,Présenter les limites du modèle linéaire et expliquer le filtre de Kalman étendu,0,0.2959392965
concevoir-2.5,Identifier le paradigme de traitement de données statistique,CAPT-Capt16,Expliquer les intérêts d’une fusion multi-capteurs pour la robustesse,0,0.1890412271
concevoir-2.5,Identifier le paradigme de traitement de données statistique,CAPT-Capt17,Interpréter les résultats de la fusion dans le contexte de la navigation,0,0.3538131118
concevoir-2.5,Identifier le paradigme de traitement de données statistique,CAPT-Capt18,Utiliser un capteur avec une carte raspberry,0,0.1948128641
concevoir-2.5,Identifier le paradigme de traitement de données statistique,CAPT-Capt19,"Développer un programme python pour utiliser les capteurs ou pour traiter les données (filtre, kalman…)",0,0.3291266859
concevoir-3.1,Évaluer la complexité du traitement,CAPT-Capt01,"Définir et classer les différents types de capteurs en fonction de leurs caractéristiques : actif/passif, nature du mesurande ou du signal de sortie, analogique/numérique/logique, mesure directe/indirecte",0,0.2659552693
concevoir-3.1,Évaluer la complexité du traitement,CAPT-Capt02,Décrire les signaux/données d'entrée/sortie,0,0.2091890723
concevoir-3.1,Évaluer la complexité du traitement,CAPT-Capt03,Définir les caractéristiques métrologiques des capteurs,0,0.3638357520
concevoir-3.1,Évaluer la complexité du traitement,CAPT-Capt04,Caractériser les erreurs de mesures liées aux capteurs.,0,0.3082360625
concevoir-3.1,Évaluer la complexité du traitement,CAPT-Capt05,"Interpréter la position dans différents repères de référence (géocentrique, terrestre, local, ENU, NED)",0,0.2829094529
concevoir-3.1,Évaluer la complexité du traitement,CAPT-Capt06,Analyser des trames NMEA pour extraire les données utiles,0,0.1745505631
concevoir-3.1,Évaluer la complexité du traitement,CAPT-Capt07,"Comparer différentes représentations de l’orientation (angles, matrices)",0,0.2487074286
concevoir-3.1,Évaluer la complexité du traitement,CAPT-Capt08,"Décrire les principes physiques (semi-conducteur, laser) associés à des capteurs de perception",0,0.3031670153
concevoir-3.1,Évaluer la complexité du traitement,CAPT-Capt09,"Comparer les performances des capteurs (portée, résolution, fréquence)",0,0.3586963713
concevoir-3.1,Évaluer la complexité du traitement,CAPT-Capt10,Interpréter les résultats de détection ou de mesure de distance,0,0.4289164841
concevoir-3.1,Évaluer la complexité du traitement,CAPT-Capt11,Appliquer un filtrage simple pour réduire le bruit sur un signal mesuré,0,0.2836282253
concevoir-3.1,Évaluer la complexité du traitement,CAPT-Capt12,"Synchroniser les données issues de capteurs différents (IMU, GPS)",0,0.2021509409
concevoir-3.1,Évaluer la complexité du traitement,CAPT-Capt13,Prétraiter les données pour compenser les dérives ou biais,0,0.2829160094
concevoir-3.1,Évaluer la complexité du traitement,CAPT-Capt14,Mettre en œuvre un filtre de Kalman linéaire,0,0.2755185366
concevoir-3.1,Évaluer la complexité du traitement,CAPT-Capt15,Présenter les limites du modèle linéaire et expliquer le filtre de Kalman étendu,0,0.2944226861
concevoir-3.1,Évaluer la complexité du traitement,CAPT-Capt16,Expliquer les intérêts d’une fusion multi-capteurs pour la robustesse,0,0.2869200110
concevoir-3.1,Évaluer la complexité du traitement,CAPT-Capt17,Interpréter les résultats de la fusion dans le contexte de la navigation,0,0.2493709326
concevoir-3.1,Évaluer la complexité du traitement,CAPT-Capt18,Utiliser un capteur avec une carte raspberry,0,0.2281950116
concevoir-3.1,Évaluer la complexité du traitement,CAPT-Capt19,"Développer un programme python pour utiliser les capteurs ou pour traiter les données (filtre, kalman…)",0,0.2617047727
concevoir-3.2,Intégrer des patrons de conception,CAPT-Capt01,"Définir et classer les différents types de capteurs en fonction de leurs caractéristiques : actif/passif, nature du mesurande ou du signal de sortie, analogique/numérique/logique, mesure directe/indirecte",0,0.2019119412
concevoir-3.2,Intégrer des patrons de conception,CAPT-Capt02,Décrire les signaux/données d'entrée/sortie,0,0.2282995433
concevoir-3.2,Intégrer des patrons de conception,CAPT-Capt03,Définir les caractéristiques métrologiques des capteurs,0,0.2942488790
concevoir-3.2,Intégrer des patrons de conception,CAPT-Capt04,Caractériser les erreurs de mesures liées aux capteurs.,0,0.2319576293
concevoir-3.2,Intégrer des patrons de conception,CAPT-Capt05,"Interpréter la position dans différents repères de référence (géocentrique, terrestre, local, ENU, NED)",0,0.2450334430
concevoir-3.2,Intégrer des patrons de conception,CAPT-Capt06,Analyser des trames NMEA pour extraire les données utiles,0,0.2635557652
concevoir-3.2,Intégrer des patrons de conception,CAPT-Capt07,"Comparer différentes représentations de l’orientation (angles, matrices)",0,0.3858509064
concevoir-3.2,Intégrer des patrons de conception,CAPT-Capt08,"Décrire les principes physiques (semi-conducteur, laser) associés à des capteurs de perception",0,0.2823494971
concevoir-3.2,Intégrer des patrons de conception,CAPT-Capt09,"Comparer les performances des capteurs (portée, résolution, fréquence)",0,0.2260655463
concevoir-3.2,Intégrer des patrons de conception,CAPT-Capt10,Interpréter les résultats de détection ou de mesure de distance,0,0.2148335427
concevoir-3.2,Intégrer des patrons de conception,CAPT-Capt11,Appliquer un filtrage simple pour réduire le bruit sur un signal mesuré,0,0.1487877518
concevoir-3.2,Intégrer des patrons de conception,CAPT-Capt12,"Synchroniser les données issues de capteurs différents (IMU, GPS)",0,0.2588632107
concevoir-3.2,Intégrer des patrons de conception,CAPT-Capt13,Prétraiter les données pour compenser les dérives ou biais,0,0.3060197830
concevoir-3.2,Intégrer des patrons de conception,CAPT-Capt14,Mettre en œuvre un filtre de Kalman linéaire,0,0.1932936460
concevoir-3.2,Intégrer des patrons de conception,CAPT-Capt15,Présenter les limites du modèle linéaire et expliquer le filtre de Kalman étendu,0,0.1779380143
concevoir-3.2,Intégrer des patrons de conception,CAPT-Capt16,Expliquer les intérêts d’une fusion multi-capteurs pour la robustesse,0,0.2675628662
concevoir-3.2,Intégrer des patrons de conception,CAPT-Capt17,Interpréter les résultats de la fusion dans le contexte de la navigation,0,0.2757867277
concevoir-3.2,Intégrer des patrons de conception,CAPT-Capt18,Utiliser un capteur avec une carte raspberry,0,0.1579188555
concevoir-3.2,Intégrer des patrons de conception,CAPT-Capt19,"Développer un programme python pour utiliser les capteurs ou pour traiter les données (filtre, kalman…)",0,0.2123022825
concevoir-3.3,Adapter le framework,CAPT-Capt01,"Définir et classer les différents types de capteurs en fonction de leurs caractéristiques : actif/passif, nature du mesurande ou du signal de sortie, analogique/numérique/logique, mesure directe/indirecte",0,0.2578846812
concevoir-3.3,Adapter le framework,CAPT-Capt02,Décrire les signaux/données d'entrée/sortie,0,0.2047613561
concevoir-3.3,Adapter le framework,CAPT-Capt03,Définir les caractéristiques métrologiques des capteurs,0,0.3093334138
concevoir-3.3,Adapter le framework,CAPT-Capt04,Caractériser les erreurs de mesures liées aux capteurs.,0,0.2929420173
concevoir-3.3,Adapter le framework,CAPT-Capt05,"Interpréter la position dans différents repères de référence (géocentrique, terrestre, local, ENU, NED)",0,0.3022099137
concevoir-3.3,Adapter le framework,CAPT-Capt06,Analyser des trames NMEA pour extraire les données utiles,0,0.2378589809
concevoir-3.3,Adapter le framework,CAPT-Capt07,"Comparer différentes représentations de l’orientation (angles, matrices)",0,0.2668614089
concevoir-3.3,Adapter le framework,CAPT-Capt08,"Décrire les principes physiques (semi-conducteur, laser) associés à des capteurs de perception",0,0.2622348070
concevoir-3.3,Adapter le framework,CAPT-Capt09,"Comparer les performances des capteurs (portée, résolution, fréquence)",0,0.2882196605
concevoir-3.3,Adapter le framework,CAPT-Capt10,Interpréter les résultats de détection ou de mesure de distance,0,0.2298078239
concevoir-3.3,Adapter le framework,CAPT-Capt11,Appliquer un filtrage simple pour réduire le bruit sur un signal mesuré,0,0.2349178195
concevoir-3.3,Adapter le framework,CAPT-Capt12,"Synchroniser les données issues de capteurs différents (IMU, GPS)",0,0.2248753011
concevoir-3.3,Adapter le framework,CAPT-Capt13,Prétraiter les données pour compenser les dérives ou biais,0,0.3309063315
concevoir-3.3,Adapter le framework,CAPT-Capt14,Mettre en œuvre un filtre de Kalman linéaire,0,0.3000032306
concevoir-3.3,Adapter le framework,CAPT-Capt15,Présenter les limites du modèle linéaire et expliquer le filtre de Kalman étendu,0,0.2628798783
concevoir-3.3,Adapter le framework,CAPT-Capt16,Expliquer les intérêts d’une fusion multi-capteurs pour la robustesse,0,0.2417885065
concevoir-3.3,Adapter le framework,CAPT-Capt17,Interpréter les résultats de la fusion dans le contexte de la navigation,0,0.2798205018
concevoir-3.3,Adapter le framework,CAPT-Capt18,Utiliser un capteur avec une carte raspberry,0,0.1949220300
concevoir-3.3,Adapter le framework,CAPT-Capt19,"Développer un programme python pour utiliser les capteurs ou pour traiter les données (filtre, kalman…)",0,0.2956275046
concevoir-3.4,Échanger de manière adaptée et sécurisée les données,CAPT-Capt01,"Définir et classer les différents types de capteurs en fonction de leurs caractéristiques : actif/passif, nature du mesurande ou du signal de sortie, analogique/numérique/logique, mesure directe/indirecte",0,0.2792532444
concevoir-3.4,Échanger de manière adaptée et sécurisée les données,CAPT-Capt02,Décrire les signaux/données d'entrée/sortie,0,0.4044047892
concevoir-3.4,Échanger de manière adaptée et sécurisée les données,CAPT-Capt03,Définir les caractéristiques métrologiques des capteurs,0,0.2922369838
concevoir-3.4,Échanger de manière adaptée et sécurisée les données,CAPT-Capt04,Caractériser les erreurs de mesures liées aux capteurs.,0,0.2401392460
concevoir-3.4,Échanger de manière adaptée et sécurisée les données,CAPT-Capt05,"Interpréter la position dans différents repères de référence (géocentrique, terrestre, local, ENU, NED)",0,0.2479271144
concevoir-3.4,Échanger de manière adaptée et sécurisée les données,CAPT-Capt06,Analyser des trames NMEA pour extraire les données utiles,0,0.3559988141
concevoir-3.4,Échanger de manière adaptée et sécurisée les données,CAPT-Capt07,"Comparer différentes représentations de l’orientation (angles, matrices)",0,0.1890290380
concevoir-3.4,Échanger de manière adaptée et sécurisée les données,CAPT-Capt08,"Décrire les principes physiques (semi-conducteur, laser) associés à des capteurs de perception",0,0.2857436836
concevoir-3.4,Échanger de manière adaptée et sécurisée les données,CAPT-Capt09,"Comparer les performances des capteurs (portée, résolution, fréquence)",0,0.2956936657
concevoir-3.4,Échanger de manière adaptée et sécurisée les données,CAPT-Capt10,Interpréter les résultats de détection ou de mesure de distance,0,0.2293354273
concevoir-3.4,Échanger de manière adaptée et sécurisée les données,CAPT-Capt11,Appliquer un filtrage simple pour réduire le bruit sur un signal mesuré,0,0.1889971793
concevoir-3.4,Échanger de manière adaptée et sécurisée les données,CAPT-Capt12,"Synchroniser les données issues de capteurs différents (IMU, GPS)",0,0.3634455502
concevoir-3.4,Échanger de manière adaptée et sécurisée les données,CAPT-Capt13,Prétraiter les données pour compenser les dérives ou biais,0,0.2685466409
concevoir-3.4,Échanger de manière adaptée et sécurisée les données,CAPT-Capt14,Mettre en œuvre un filtre de Kalman linéaire,0,0.1191867962
concevoir-3.4,Échanger de manière adaptée et sécurisée les données,CAPT-Capt15,Présenter les limites du modèle linéaire et expliquer le filtre de Kalman étendu,0,0.1073990613
concevoir-3.4,Échanger de manière adaptée et sécurisée les données,CAPT-Capt16,Expliquer les intérêts d’une fusion multi-capteurs pour la robustesse,0,0.2453234643
concevoir-3.4,Échanger de manière adaptée et sécurisée les données,CAPT-Capt17,Interpréter les résultats de la fusion dans le contexte de la navigation,0,0.2126753926
concevoir-3.4,Échanger de manière adaptée et sécurisée les données,CAPT-Capt18,Utiliser un capteur avec une carte raspberry,0,0.1860057712
concevoir-3.4,Échanger de manière adaptée et sécurisée les données,CAPT-Capt19,"Développer un programme python pour utiliser les capteurs ou pour traiter les données (filtre, kalman…)",0,0.2487991750
concevoir-4.1,Aligner des structures de données issues de différents paradigmes,CAPT-Capt01,"Définir et classer les différents types de capteurs en fonction de leurs caractéristiques : actif/passif, nature du mesurande ou du signal de sortie, analogique/numérique/logique, mesure directe/indirecte",0,0.3447550237
concevoir-4.1,Aligner des structures de données issues de différents paradigmes,CAPT-Capt02,Décrire les signaux/données d'entrée/sortie,0,0.3170638084
concevoir-4.1,Aligner des structures de données issues de différents paradigmes,CAPT-Capt03,Définir les caractéristiques métrologiques des capteurs,0,0.2916902006
concevoir-4.1,Aligner des structures de données issues de différents paradigmes,CAPT-Capt04,Caractériser les erreurs de mesures liées aux capteurs.,0,0.2341288030
concevoir-4.1,Aligner des structures de données issues de différents paradigmes,CAPT-Capt05,"Interpréter la position dans différents repères de référence (géocentrique, terrestre, local, ENU, NED)",0,0.4038900137
concevoir-4.1,Aligner des structures de données issues de différents paradigmes,CAPT-Capt06,Analyser des trames NMEA pour extraire les données utiles,0,0.3968276381
concevoir-4.1,Aligner des structures de données issues de différents paradigmes,CAPT-Capt07,"Comparer différentes représentations de l’orientation (angles, matrices)",0,0.5088671446
concevoir-4.1,Aligner des structures de données issues de différents paradigmes,CAPT-Capt08,"Décrire les principes physiques (semi-conducteur, laser) associés à des capteurs de perception",0,0.3349034488
concevoir-4.1,Aligner des structures de données issues de différents paradigmes,CAPT-Capt09,"Comparer les performances des capteurs (portée, résolution, fréquence)",0,0.3631416857
concevoir-4.1,Aligner des structures de données issues de différents paradigmes,CAPT-Capt10,Interpréter les résultats de détection ou de mesure de distance,0,0.2866997123
concevoir-4.1,Aligner des structures de données issues de différents paradigmes,CAPT-Capt11,Appliquer un filtrage simple pour réduire le bruit sur un signal mesuré,0,0.1579403430
concevoir-4.1,Aligner des structures de données issues de différents paradigmes,CAPT-Capt12,"Synchroniser les données issues de capteurs différents (IMU, GPS)",0,0.5085552335
concevoir-4.1,Aligner des structures de données issues de différents paradigmes,CAPT-Capt13,Prétraiter les données pour compenser les dérives ou biais,0,0.2745853066
concevoir-4.1,Aligner des structures de données issues de différents paradigmes,CAPT-Capt14,Mettre en œuvre un filtre de Kalman linéaire,0,0.2378241718
concevoir-4.1,Aligner des structures de données issues de différents paradigmes,CAPT-Capt15,Présenter les limites du modèle linéaire et expliquer le filtre de Kalman étendu,0,0.2936590314
concevoir-4.1,Aligner des structures de données issues de différents paradigmes,CAPT-Capt16,Expliquer les intérêts d’une fusion multi-capteurs pour la robustesse,0,0.3141242266
concevoir-4.1,Aligner des structures de données issues de différents paradigmes,CAPT-Capt17,Interpréter les résultats de la fusion dans le contexte de la navigation,0,0.3127314150
concevoir-4.1,Aligner des structures de données issues de différents paradigmes,CAPT-Capt18,Utiliser un capteur avec une carte raspberry,0,0.1390578151
concevoir-4.1,Aligner des structures de données issues de différents paradigmes,CAPT-Capt19,"Développer un programme python pour utiliser les capteurs ou pour traiter les données (filtre, kalman…)",0,0.2611369789
concevoir-4.2,Choisir le paradigme de programmation le mieux adapté aux traitements,CAPT-Capt01,"Définir et classer les différents types de capteurs en fonction de leurs caractéristiques : actif/passif, nature du mesurande ou du signal de sortie, analogique/numérique/logique, mesure directe/indirecte",0,0.3165012300
concevoir-4.2,Choisir le paradigme de programmation le mieux adapté aux traitements,CAPT-Capt02,Décrire les signaux/données d'entrée/sortie,0,0.1625933051
concevoir-4.2,Choisir le paradigme de programmation le mieux adapté aux traitements,CAPT-Capt03,Définir les caractéristiques métrologiques des capteurs,0,0.3242931068
concevoir-4.2,Choisir le paradigme de programmation le mieux adapté aux traitements,CAPT-Capt04,Caractériser les erreurs de mesures liées aux capteurs.,0,0.2407671958
concevoir-4.2,Choisir le paradigme de programmation le mieux adapté aux traitements,CAPT-Capt05,"Interpréter la position dans différents repères de référence (géocentrique, terrestre, local, ENU, NED)",0,0.2061796188
concevoir-4.2,Choisir le paradigme de programmation le mieux adapté aux traitements,CAPT-Capt06,Analyser des trames NMEA pour extraire les données utiles,0,0.2685638070
concevoir-4.2,Choisir le paradigme de programmation le mieux adapté aux traitements,CAPT-Capt07,"Comparer différentes représentations de l’orientation (angles, matrices)",0,0.2906578779
concevoir-4.2,Choisir le paradigme de programmation le mieux adapté aux traitements,CAPT-Capt08,"Décrire les principes physiques (semi-conducteur, laser) associés à des capteurs de perception",0,0.2918073237
concevoir-4.2,Choisir le paradigme de programmation le mieux adapté aux traitements,CAPT-Capt09,"Comparer les performances des capteurs (portée, résolution, fréquence)",0,0.2552348077
concevoir-4.2,Choisir le paradigme de programmation le mieux adapté aux traitements,CAPT-Capt10,Interpréter les résultats de détection ou de mesure de distance,0,0.2232701182
concevoir-4.2,Choisir le paradigme de programmation le mieux adapté aux traitements,CAPT-Capt11,Appliquer un filtrage simple pour réduire le bruit sur un signal mesuré,0,0.2708901763
concevoir-4.2,Choisir le paradigme de programmation le mieux adapté aux traitements,CAPT-Capt12,"Synchroniser les données issues de capteurs différents (IMU, GPS)",0,0.2224691510
concevoir-4.2,Choisir le paradigme de programmation le mieux adapté aux traitements,CAPT-Capt13,Prétraiter les données pour compenser les dérives ou biais,0,0.3658130169
concevoir-4.2,Choisir le paradigme de programmation le mieux adapté aux traitements,CAPT-Capt14,Mettre en œuvre un filtre de Kalman linéaire,0,0.3708009124
concevoir-4.2,Choisir le paradigme de programmation le mieux adapté aux traitements,CAPT-Capt15,Présenter les limites du modèle linéaire et expliquer le filtre de Kalman étendu,0,0.2776525021
concevoir-4.2,Choisir le paradigme de programmation le mieux adapté aux traitements,CAPT-Capt16,Expliquer les intérêts d’une fusion multi-capteurs pour la robustesse,0,0.2160623521
concevoir-4.2,Choisir le paradigme de programmation le mieux adapté aux traitements,CAPT-Capt17,Interpréter les résultats de la fusion dans le contexte de la navigation,0,0.3246924877
concevoir-4.2,Choisir le paradigme de programmation le mieux adapté aux traitements,CAPT-Capt18,Utiliser un capteur avec une carte raspberry,0,0.2628744245
concevoir-4.2,Choisir le paradigme de programmation le mieux adapté aux traitements,CAPT-Capt19,"Développer un programme python pour utiliser les capteurs ou pour traiter les données (filtre, kalman…)",0,0.5006097555
concevoir-4.3,Choisir les patrons d'architecture,CAPT-Capt01,"Définir et classer les différents types de capteurs en fonction de leurs caractéristiques : actif/passif, nature du mesurande ou du signal de sortie, analogique/numérique/logique, mesure directe/indirecte",0,0.1985775381
concevoir-4.3,Choisir les patrons d'architecture,CAPT-Capt02,Décrire les signaux/données d'entrée/sortie,0,0.1451004744
concevoir-4.3,Choisir les patrons d'architecture,CAPT-Capt03,Définir les caractéristiques métrologiques des capteurs,0,0.2211909443
concevoir-4.3,Choisir les patrons d'architecture,CAPT-Capt04,Caractériser les erreurs de mesures liées aux capteurs.,0,0.1879503131
concevoir-4.3,Choisir les patrons d'architecture,CAPT-Capt05,"Interpréter la position dans différents repères de référence (géocentrique, terrestre, local, ENU, NED)",0,0.2459858358
concevoir-4.3,Choisir les patrons d'architecture,CAPT-Capt06,Analyser des trames NMEA pour extraire les données utiles,0,0.1854944527
concevoir-4.3,Choisir les patrons d'architecture,CAPT-Capt07,"Comparer différentes représentations de l’orientation (angles, matrices)",0,0.4338165522
concevoir-4.3,Choisir les patrons d'architecture,CAPT-Capt08,"Décrire les principes physiques (semi-conducteur, laser) associés à des capteurs de perception",0,0.1966246367
concevoir-4.3,Choisir les patrons d'architecture,CAPT-Capt09,"Comparer les performances des capteurs (portée, résolution, fréquence)",0,0.1846391857
concevoir-4.3,Choisir les patrons d'architecture,CAPT-Capt10,Interpréter les résultats de détection ou de mesure de distance,0,0.2145355642
concevoir-4.3,Choisir les patrons d'architecture,CAPT-Capt11,Appliquer un filtrage simple pour réduire le bruit sur un signal mesuré,0,0.1017678455
concevoir-4.3,Choisir les patrons d'architecture,CAPT-Capt12,"Synchroniser les données issues de capteurs différents (IMU, GPS)",0,0.1492263675
concevoir-4.3,Choisir les patrons d'architecture,CAPT-Capt13,Prétraiter les données pour compenser les dérives ou biais,0,0.2118151188
concevoir-4.3,Choisir les patrons d'architecture,CAPT-Capt14,Mettre en œuvre un filtre de Kalman linéaire,0,0.1171504557
concevoir-4.3,Choisir les patrons d'architecture,CAPT-Capt15,Présenter les limites du modèle linéaire et expliquer le filtre de Kalman étendu,0,0.1149897873
concevoir-4.3,Choisir les patrons d'architecture,CAPT-Capt16,Expliquer les intérêts d’une fusion multi-capteurs pour la robustesse,0,0.1365137100
concevoir-4.3,Choisir les patrons d'architecture,CAPT-Capt17,Interpréter les résultats de la fusion dans le contexte de la navigation,0,0.1428674310
concevoir-4.3,Choisir les patrons d'architecture,CAPT-Capt18,Utiliser un capteur avec une carte raspberry,0,0.0917221010
concevoir-4.3,Choisir les patrons d'architecture,CAPT-Capt19,"Développer un programme python pour utiliser les capteurs ou pour traiter les données (filtre, kalman…)",0,0.1562467515
concevoir-4.4,"Prétraiter, estimer et prédire un signal à l’aide d’un système non linéaire",CAPT-Capt01,"Définir et classer les différents types de capteurs en fonction de leurs caractéristiques : actif/passif, nature du mesurande ou du signal de sortie, analogique/numérique/logique, mesure directe/indirecte",0,0.4280111194
concevoir-4.4,"Prétraiter, estimer et prédire un signal à l’aide d’un système non linéaire",CAPT-Capt02,Décrire les signaux/données d'entrée/sortie,0,0.3367927074
concevoir-4.4,"Prétraiter, estimer et prédire un signal à l’aide d’un système non linéaire",CAPT-Capt03,Définir les caractéristiques métrologiques des capteurs,0,0.3872000575
concevoir-4.4,"Prétraiter, estimer et prédire un signal à l’aide d’un système non linéaire",CAPT-Capt04,Caractériser les erreurs de mesures liées aux capteurs.,0,0.3635468483
concevoir-4.4,"Prétraiter, estimer et prédire un signal à l’aide d’un système non linéaire",CAPT-Capt05,"Interpréter la position dans différents repères de référence (géocentrique, terrestre, local, ENU, NED)",0,0.4189536572
concevoir-4.4,"Prétraiter, estimer et prédire un signal à l’aide d’un système non linéaire",CAPT-Capt06,Analyser des trames NMEA pour extraire les données utiles,0,0.2810915411
concevoir-4.4,"Prétraiter, estimer et prédire un signal à l’aide d’un système non linéaire",CAPT-Capt07,"Comparer différentes représentations de l’orientation (angles, matrices)",0,0.3370068371
concevoir-4.4,"Prétraiter, estimer et prédire un signal à l’aide d’un système non linéaire",CAPT-Capt08,"Décrire les principes physiques (semi-conducteur, laser) associés à des capteurs de perception",0,0.3759582639
concevoir-4.4,"Prétraiter, estimer et prédire un signal à l’aide d’un système non linéaire",CAPT-Capt09,"Comparer les performances des capteurs (portée, résolution, fréquence)",0,0.4066717029
concevoir-4.4,"Prétraiter, estimer et prédire un signal à l’aide d’un système non linéaire",CAPT-Capt10,Interpréter les résultats de détection ou de mesure de distance,0,0.4904784858
concevoir-4.4,"Prétraiter, estimer et prédire un signal à l’aide d’un système non linéaire",CAPT-Capt11,Appliquer un filtrage simple pour réduire le bruit sur un signal mesuré,0,0.3566916585
concevoir-4.4,"Prétraiter, estimer et prédire un signal à l’aide d’un système non linéaire",CAPT-Capt12,"Synchroniser les données issues de capteurs différents (IMU, GPS)",0,0.2947092056
concevoir-4.4,"Prétraiter, estimer et prédire un signal à l’aide d’un système non linéaire",CAPT-Capt13,Prétraiter les données pour compenser les dérives ou biais,0,0.3960451186
concevoir-4.4,"Prétraiter, estimer et prédire un signal à l’aide d’un système non linéaire",CAPT-Capt14,Mettre en œuvre un filtre de Kalman linéaire,0,0.2685101330
concevoir-4.4,"Prétraiter, estimer et prédire un signal à l’aide d’un système non linéaire",CAPT-Capt15,Présenter les limites du modèle linéaire et expliquer le filtre de Kalman étendu,0,0.2844815552
concevoir-4.4,"Prétraiter, estimer et prédire un signal à l’aide d’un système non linéaire",CAPT-Capt16,Expliquer les intérêts d’une fusion multi-capteurs pour la robustesse,0,0.2157009840
concevoir-4.4,"Prétraiter, estimer et prédire un signal à l’aide d’un système non linéaire",CAPT-Capt17,Interpréter les résultats de la fusion dans le contexte de la navigation,0,0.2788586617
concevoir-4.4,"Prétraiter, estimer et prédire un signal à l’aide d’un système non linéaire",CAPT-Capt18,Utiliser un capteur avec une carte raspberry,0,0.2535689473
concevoir-4.4,"Prétraiter, estimer et prédire un signal à l’aide d’un système non linéaire",CAPT-Capt19,"Développer un programme python pour utiliser les capteurs ou pour traiter les données (filtre, kalman…)",0,0.4199684858
concevoir-4.5,Échanger de manière adaptée et sécurisée les données en temps réel,CAPT-Capt01,"Définir et classer les différents types de capteurs en fonction de leurs caractéristiques : actif/passif, nature du mesurande ou du signal de sortie, analogique/numérique/logique, mesure directe/indirecte",0,0.3222273588
concevoir-4.5,Échanger de manière adaptée et sécurisée les données en temps réel,CAPT-Capt02,Décrire les signaux/données d'entrée/sortie,0,0.4618639946
concevoir-4.5,Échanger de manière adaptée et sécurisée les données en temps réel,CAPT-Capt03,Définir les caractéristiques métrologiques des capteurs,0,0.3261288106
concevoir-4.5,Échanger de manière adaptée et sécurisée les données en temps réel,CAPT-Capt04,Caractériser les erreurs de mesures liées aux capteurs.,0,0.2685624957
concevoir-4.5,Échanger de manière adaptée et sécurisée les données en temps réel,CAPT-Capt05,"Interpréter la position dans différents repères de référence (géocentrique, terrestre, local, ENU, NED)",0,0.2963095009
concevoir-4.5,Échanger de manière adaptée et sécurisée les données en temps réel,CAPT-Capt06,Analyser des trames NMEA pour extraire les données utiles,0,0.3967401981
concevoir-4.5,Échanger de manière adaptée et sécurisée les données en temps réel,CAPT-Capt07,"Comparer différentes représentations de l’orientation (angles, matrices)",0,0.2091314793
concevoir-4.5,Échanger de manière adaptée et sécurisée les données en temps réel,CAPT-Capt08,"Décrire les principes physiques (semi-conducteur, laser) associés à des capteurs de perception",0,0.3102148473
concevoir-4.5,Échanger de manière adaptée et sécurisée les données en temps réel,CAPT-Capt09,"Comparer les performances des capteurs (portée, résolution, fréquence)",0,0.3839662373
concevoir-4.5,Échanger de manière adaptée et sécurisée les données en temps réel,CAPT-Capt10,Interpréter les résultats de détection ou de mesure de distance,0,0.2970514894
concevoir-4.5,Échanger de manière adaptée et sécurisée les données en temps réel,CAPT-Capt11,Appliquer un filtrage simple pour réduire le bruit sur un signal mesuré,0,0.1953510344
concevoir-4.5,Échanger de manière adaptée et sécurisée les données en temps réel,CAPT-Capt12,"Synchroniser les données issues de capteurs différents (IMU, GPS)",0,0.4497958720
concevoir-4.5,Échanger de manière adaptée et sécurisée les données en temps réel,CAPT-Capt13,Prétraiter les données pour compenser les dérives ou biais,0,0.2570230067
concevoir-4.5,Échanger de manière adaptée et sécurisée les données en temps réel,CAPT-Capt14,Mettre en œuvre un filtre de Kalman linéaire,0,0.1221285760
concevoir-4.5,Échanger de manière adaptée et sécurisée les données en temps réel,CAPT-Capt15,Présenter les limites du modèle linéaire et expliquer le filtre de Kalman étendu,0,0.0994739980
concevoir-4.5,Échanger de manière adaptée et sécurisée les données en temps réel,CAPT-Capt16,Expliquer les intérêts d’une fusion multi-capteurs pour la robustesse,0,0.2817385793
concevoir-4.5,Échanger de manière adaptée et sécurisée les données en temps réel,CAPT-Capt17,Interpréter les résultats de la fusion dans le contexte de la navigation,0,0.2581319809
concevoir-4.5,Échanger de manière adaptée et sécurisée les données en temps réel,CAPT-Capt18,Utiliser un capteur avec une carte raspberry,0,0.2129681408
concevoir-4.5,Échanger de manière adaptée et sécurisée les données en temps réel,CAPT-Capt19,"Développer un programme python pour utiliser les capteurs ou pour traiter les données (filtre, kalman…)",0,0.2612267137
concevoir-4.6,Choisir un modèle optimal d'un problème de traitement de données et évaluer ses performances,CAPT-Capt01,"Définir et classer les différents types de capteurs en fonction de leurs caractéristiques : actif/passif, nature du mesurande ou du signal de sortie, analogique/numérique/logique, mesure directe/indirecte",0,0.3454286754
concevoir-4.6,Choisir un modèle optimal d'un problème de traitement de données et évaluer ses performances,CAPT-Capt02,Décrire les signaux/données d'entrée/sortie,0,0.2539288998
concevoir-4.6,Choisir un modèle optimal d'un problème de traitement de données et évaluer ses performances,CAPT-Capt03,Définir les caractéristiques métrologiques des capteurs,0,0.4236325920
concevoir-4.6,Choisir un modèle optimal d'un problème de traitement de données et évaluer ses performances,CAPT-Capt04,Caractériser les erreurs de mesures liées aux capteurs.,0,0.3238559961
concevoir-4.6,Choisir un modèle optimal d'un problème de traitement de données et évaluer ses performances,CAPT-Capt05,"Interpréter la position dans différents repères de référence (géocentrique, terrestre, local, ENU, NED)",0,0.3318712711
concevoir-4.6,Choisir un modèle optimal d'un problème de traitement de données et évaluer ses performances,CAPT-Capt06,Analyser des trames NMEA pour extraire les données utiles,0,0.3826291263
concevoir-4.6,Choisir un modèle optimal d'un problème de traitement de données et évaluer ses performances,CAPT-Capt07,"Comparer différentes représentations de l’orientation (angles, matrices)",0,0.4230765700
concevoir-4.6,Choisir un modèle optimal d'un problème de traitement de données et évaluer ses performances,CAPT-Capt08,"Décrire les principes physiques (semi-conducteur, laser) associés à des capteurs de perception",0,0.3546101153
concevoir-4.6,Choisir un modèle optimal d'un problème de traitement de données et évaluer ses performances,CAPT-Capt09,"Comparer les performances des capteurs (portée, résolution, fréquence)",0,0.4567974210
concevoir-4.6,Choisir un modèle optimal d'un problème de traitement de données et évaluer ses performances,CAPT-Capt10,Interpréter les résultats de détection ou de mesure de distance,0,0.3720959425
concevoir-4.6,Choisir un modèle optimal d'un problème de traitement de données et évaluer ses performances,CAPT-Capt11,Appliquer un filtrage simple pour réduire le bruit sur un signal mesuré,0,0.2822120786
concevoir-4.6,Choisir un modèle optimal d'un problème de traitement de données et évaluer ses performances,CAPT-Capt12,"Synchroniser les données issues de capteurs différents (IMU, GPS)",0,0.3280270100
concevoir-4.6,Choisir un modèle optimal d'un problème de traitement de données et évaluer ses performances,CAPT-Capt13,Prétraiter les données pour compenser les dérives ou biais,0,0.4368727207
concevoir-4.6,Choisir un modèle optimal d'un problème de traitement de données et évaluer ses performances,CAPT-Capt14,Mettre en œuvre un filtre de Kalman linéaire,0,0.3037451506
concevoir-4.6,Choisir un modèle optimal d'un problème de traitement de données et évaluer ses performances,CAPT-Capt15,Présenter les limites du modèle linéaire et expliquer le filtre de Kalman étendu,0,0.3216391206
concevoir-4.6,Choisir un modèle optimal d'un problème de traitement de données et évaluer ses performances,CAPT-Capt16,Expliquer les intérêts d’une fusion multi-capteurs pour la robustesse,0,0.2658085525
concevoir-4.6,Choisir un modèle optimal d'un problème de traitement de données et évaluer ses performances,CAPT-Capt17,Interpréter les résultats de la fusion dans le contexte de la navigation,0,0.3413118124
concevoir-4.6,Choisir un modèle optimal d'un problème de traitement de données et évaluer ses performances,CAPT-Capt18,Utiliser un capteur avec une carte raspberry,0,0.2565843463
concevoir-4.6,Choisir un modèle optimal d'un problème de traitement de données et évaluer ses performances,CAPT-Capt19,"Développer un programme python pour utiliser les capteurs ou pour traiter les données (filtre, kalman…)",0,0.3653071821
developper-1.1,Implémenter efficacement un algorithme dans un langage de la programmation structurée,CAPT-Capt01,"Définir et classer les différents types de capteurs en fonction de leurs caractéristiques : actif/passif, nature du mesurande ou du signal de sortie, analogique/numérique/logique, mesure directe/indirecte",0,0.2299393415
developper-1.1,Implémenter efficacement un algorithme dans un langage de la programmation structurée,CAPT-Capt02,Décrire les signaux/données d'entrée/sortie,0,0.2492449284
developper-1.1,Implémenter efficacement un algorithme dans un langage de la programmation structurée,CAPT-Capt03,Définir les caractéristiques métrologiques des capteurs,0,0.2321972698
developper-1.1,Implémenter efficacement un algorithme dans un langage de la programmation structurée,CAPT-Capt04,Caractériser les erreurs de mesures liées aux capteurs.,0,0.1974508464
developper-1.1,Implémenter efficacement un algorithme dans un langage de la programmation structurée,CAPT-Capt05,"Interpréter la position dans différents repères de référence (géocentrique, terrestre, local, ENU, NED)",0,0.1421329379
developper-1.1,Implémenter efficacement un algorithme dans un langage de la programmation structurée,CAPT-Capt06,Analyser des trames NMEA pour extraire les données utiles,0,0.3029530644
developper-1.1,Implémenter efficacement un algorithme dans un langage de la programmation structurée,CAPT-Capt07,"Comparer différentes représentations de l’orientation (angles, matrices)",0,0.1993282288
developper-1.1,Implémenter efficacement un algorithme dans un langage de la programmation structurée,CAPT-Capt08,"Décrire les principes physiques (semi-conducteur, laser) associés à des capteurs de perception",0,0.2274466902
developper-1.1,Implémenter efficacement un algorithme dans un langage de la programmation structurée,CAPT-Capt09,"Comparer les performances des capteurs (portée, résolution, fréquence)",0,0.1824690849
developper-1.1,Implémenter efficacement un algorithme dans un langage de la programmation structurée,CAPT-Capt10,Interpréter les résultats de détection ou de mesure de distance,0,0.1556762457
developper-1.1,Implémenter efficacement un algorithme dans un langage de la programmation structurée,CAPT-Capt11,Appliquer un filtrage simple pour réduire le bruit sur un signal mesuré,0,0.2763737738
developper-1.1,Implémenter efficacement un algorithme dans un langage de la programmation structurée,CAPT-Capt12,"Synchroniser les données issues de capteurs différents (IMU, GPS)",0,0.2443164736
developper-1.1,Implémenter efficacement un algorithme dans un langage de la programmation structurée,CAPT-Capt13,Prétraiter les données pour compenser les dérives ou biais,0,0.2814998627
developper-1.1,Implémenter efficacement un algorithme dans un langage de la programmation structurée,CAPT-Capt14,Mettre en œuvre un filtre de Kalman linéaire,0,0.3703821599
developper-1.1,Implémenter efficacement un algorithme dans un langage de la programmation structurée,CAPT-Capt15,Présenter les limites du modèle linéaire et expliquer le filtre de Kalman étendu,0,0.2576110065
developper-1.1,Implémenter efficacement un algorithme dans un langage de la programmation structurée,CAPT-Capt16,Expliquer les intérêts d’une fusion multi-capteurs pour la robustesse,0,0.2420138866
developper-1.1,Implémenter efficacement un algorithme dans un langage de la programmation structurée,CAPT-Capt17,Interpréter les résultats de la fusion dans le contexte de la navigation,0,0.2448739409
developper-1.1,Implémenter efficacement un algorithme dans un langage de la programmation structurée,CAPT-Capt18,Utiliser un capteur avec une carte raspberry,0,0.2091628611
developper-1.1,Implémenter efficacement un algorithme dans un langage de la programmation structurée,CAPT-Capt19,"Développer un programme python pour utiliser les capteurs ou pour traiter les données (filtre, kalman…)",0,0.4418948889
developper-1.2,Utiliser un logiciel de suivi de version,CAPT-Capt01,"Définir et classer les différents types de capteurs en fonction de leurs caractéristiques : actif/passif, nature du mesurande ou du signal de sortie, analogique/numérique/logique, mesure directe/indirecte",0,0.2356517613
developper-1.2,Utiliser un logiciel de suivi de version,CAPT-Capt02,Décrire les signaux/données d'entrée/sortie,0,0.2811926603
developper-1.2,Utiliser un logiciel de suivi de version,CAPT-Capt03,Définir les caractéristiques métrologiques des capteurs,0,0.3114532232
developper-1.2,Utiliser un logiciel de suivi de version,CAPT-Capt04,Caractériser les erreurs de mesures liées aux capteurs.,0,0.1767970920
developper-1.2,Utiliser un logiciel de suivi de version,CAPT-Capt05,"Interpréter la position dans différents repères de référence (géocentrique, terrestre, local, ENU, NED)",0,0.2790938020
developper-1.2,Utiliser un logiciel de suivi de version,CAPT-Capt06,Analyser des trames NMEA pour extraire les données utiles,0,0.3074798286
developper-1.2,Utiliser un logiciel de suivi de version,CAPT-Capt07,"Comparer différentes représentations de l’orientation (angles, matrices)",0,0.1693378389
developper-1.2,Utiliser un logiciel de suivi de version,CAPT-Capt08,"Décrire les principes physiques (semi-conducteur, laser) associés à des capteurs de perception",0,0.1363053322
developper-1.2,Utiliser un logiciel de suivi de version,CAPT-Capt09,"Comparer les performances des capteurs (portée, résolution, fréquence)",0,0.2188681662
developper-1.2,Utiliser un logiciel de suivi de version,CAPT-Capt10,Interpréter les résultats de détection ou de mesure de distance,0,0.2649244368
developper-1.2,Utiliser un logiciel de suivi de version,CAPT-Capt11,Appliquer un filtrage simple pour réduire le bruit sur un signal mesuré,0,0.1137946323
developper-1.2,Utiliser un logiciel de suivi de version,CAPT-Capt12,"Synchroniser les données issues de capteurs différents (IMU, GPS)",0,0.2768527269
developper-1.2,Utiliser un logiciel de suivi de version,CAPT-Capt13,Prétraiter les données pour compenser les dérives ou biais,0,0.1429026872
developper-1.2,Utiliser un logiciel de suivi de version,CAPT-Capt14,Mettre en œuvre un filtre de Kalman linéaire,0,0.1704102606
developper-1.2,Utiliser un logiciel de suivi de version,CAPT-Capt15,Présenter les limites du modèle linéaire et expliquer le filtre de Kalman étendu,0,0.0850003809
developper-1.2,Utiliser un logiciel de suivi de version,CAPT-Capt16,Expliquer les intérêts d’une fusion multi-capteurs pour la robustesse,0,0.2143785208
developper-1.2,Utiliser un logiciel de suivi de version,CAPT-Capt17,Interpréter les résultats de la fusion dans le contexte de la navigation,0,0.2791390717
developper-1.2,Utiliser un logiciel de suivi de version,CAPT-Capt18,Utiliser un capteur avec une carte raspberry,0,0.1042148471
developper-1.2,Utiliser un logiciel de suivi de version,CAPT-Capt19,"Développer un programme python pour utiliser les capteurs ou pour traiter les données (filtre, kalman…)",0,0.1682090014
developper-1.3,Caractériser le matériel et le système au regard des besoins,CAPT-Capt01,"Définir et classer les différents types de capteurs en fonction de leurs caractéristiques : actif/passif, nature du mesurande ou du signal de sortie, analogique/numérique/logique, mesure directe/indirecte",1,0.4626260400
developper-1.3,Caractériser le matériel et le système au regard des besoins,CAPT-Capt02,Décrire les signaux/données d'entrée/sortie,0,0.2984994352
developper-1.3,Caractériser le matériel et le système au regard des besoins,CAPT-Capt03,Définir les caractéristiques métrologiques des capteurs,0,0.5110133290
developper-1.3,Caractériser le matériel et le système au regard des besoins,CAPT-Capt04,Caractériser les erreurs de mesures liées aux capteurs.,0,0.3256914318
developper-1.3,Caractériser le matériel et le système au regard des besoins,CAPT-Capt05,"Interpréter la position dans différents repères de référence (géocentrique, terrestre, local, ENU, NED)",0,0.3086808920
developper-1.3,Caractériser le matériel et le système au regard des besoins,CAPT-Capt06,Analyser des trames NMEA pour extraire les données utiles,0,0.3569648862
developper-1.3,Caractériser le matériel et le système au regard des besoins,CAPT-Capt07,"Comparer différentes représentations de l’orientation (angles, matrices)",0,0.2788559794
developper-1.3,Caractériser le matériel et le système au regard des besoins,CAPT-Capt08,"Décrire les principes physiques (semi-conducteur, laser) associés à des capteurs de perception",1,0.3557425439
developper-1.3,Caractériser le matériel et le système au regard des besoins,CAPT-Capt09,"Comparer les performances des capteurs (portée, résolution, fréquence)",1,0.4164715111
developper-1.3,Caractériser le matériel et le système au regard des besoins,CAPT-Capt10,Interpréter les résultats de détection ou de mesure de distance,0,0.3659531772
developper-1.3,Caractériser le matériel et le système au regard des besoins,CAPT-Capt11,Appliquer un filtrage simple pour réduire le bruit sur un signal mesuré,0,0.2313860357
developper-1.3,Caractériser le matériel et le système au regard des besoins,CAPT-Capt12,"Synchroniser les données issues de capteurs différents (IMU, GPS)",0,0.2609546185
developper-1.3,Caractériser le matériel et le système au regard des besoins,CAPT-Capt13,Prétraiter les données pour compenser les dérives ou biais,0,0.2490416616
developper-1.3,Caractériser le matériel et le système au regard des besoins,CAPT-Capt14,Mettre en œuvre un filtre de Kalman linéaire,0,0.1548447013
developper-1.3,Caractériser le matériel et le système au regard des besoins,CAPT-Capt15,Présenter les limites du modèle linéaire et expliquer le filtre de Kalman étendu,0,0.2023761719
developper-1.3,Caractériser le matériel et le système au regard des besoins,CAPT-Capt16,Expliquer les intérêts d’une fusion multi-capteurs pour la robustesse,0,0.3383864164
developper-1.3,Caractériser le matériel et le système au regard des besoins,CAPT-Capt17,Interpréter les résultats de la fusion dans le contexte de la navigation,0,0.2451046407
developper-1.3,Caractériser le matériel et le système au regard des besoins,CAPT-Capt18,Utiliser un capteur avec une carte raspberry,1,0.3140831888
developper-1.3,Caractériser le matériel et le système au regard des besoins,CAPT-Capt19,"Développer un programme python pour utiliser les capteurs ou pour traiter les données (filtre, kalman…)",0,0.2756243944
developper-2.1,Implémenter dans un langage de la programmation orientée objet à partir de diagrammes UML,CAPT-Capt01,"Définir et classer les différents types de capteurs en fonction de leurs caractéristiques : actif/passif, nature du mesurande ou du signal de sortie, analogique/numérique/logique, mesure directe/indirecte",0,0.2074079812
developper-2.1,Implémenter dans un langage de la programmation orientée objet à partir de diagrammes UML,CAPT-Capt02,Décrire les signaux/données d'entrée/sortie,0,0.2071335614
developper-2.1,Implémenter dans un langage de la programmation orientée objet à partir de diagrammes UML,CAPT-Capt03,Définir les caractéristiques métrologiques des capteurs,0,0.2405013740
developper-2.1,Implémenter dans un langage de la programmation orientée objet à partir de diagrammes UML,CAPT-Capt04,Caractériser les erreurs de mesures liées aux capteurs.,0,0.1752837300
developper-2.1,Implémenter dans un langage de la programmation orientée objet à partir de diagrammes UML,CAPT-Capt05,"Interpréter la position dans différents repères de référence (géocentrique, terrestre, local, ENU, NED)",0,0.2323164940
developper-2.1,Implémenter dans un langage de la programmation orientée objet à partir de diagrammes UML,CAPT-Capt06,Analyser des trames NMEA pour extraire les données utiles,0,0.2777009010
developper-2.1,Implémenter dans un langage de la programmation orientée objet à partir de diagrammes UML,CAPT-Capt07,"Comparer différentes représentations de l’orientation (angles, matrices)",0,0.3524973392
developper-2.1,Implémenter dans un langage de la programmation orientée objet à partir de diagrammes UML,CAPT-Capt08,"Décrire les principes physiques (semi-conducteur, laser) associés à des capteurs de perception",0,0.3204427063
developper-2.1,Implémenter dans un langage de la programmation orientée objet à partir de diagrammes UML,CAPT-Capt09,"Comparer les performances des capteurs (portée, résolution, fréquence)",0,0.1861349046
developper-2.1,Implémenter dans un langage de la programmation orientée objet à partir de diagrammes UML,CAPT-Capt10,Interpréter les résultats de détection ou de mesure de distance,0,0.1953841150
developper-2.1,Implémenter dans un langage de la programmation orientée objet à partir de diagrammes UML,CAPT-Capt11,Appliquer un filtrage simple pour réduire le bruit sur un signal mesuré,0,0.1993142813
developper-2.1,Implémenter dans un langage de la programmation orientée objet à partir de diagrammes UML,CAPT-Capt12,"Synchroniser les données issues de capteurs différents (IMU, GPS)",0,0.3416839242
developper-2.1,Implémenter dans un langage de la programmation orientée objet à partir de diagrammes UML,CAPT-Capt13,Prétraiter les données pour compenser les dérives ou biais,0,0.1999372840
developper-2.1,Implémenter dans un langage de la programmation orientée objet à partir de diagrammes UML,CAPT-Capt14,Mettre en œuvre un filtre de Kalman linéaire,0,0.3008047342
developper-2.1,Implémenter dans un langage de la programmation orientée objet à partir de diagrammes UML,CAPT-Capt15,Présenter les limites du modèle linéaire et expliquer le filtre de Kalman étendu,0,0.3069469333
developper-2.1,Implémenter dans un langage de la programmation orientée objet à partir de diagrammes UML,CAPT-Capt16,Expliquer les intérêts d’une fusion multi-capteurs pour la robustesse,0,0.2103778124
developper-2.1,Implémenter dans un langage de la programmation orientée objet à partir de diagrammes UML,CAPT-Capt17,Interpréter les résultats de la fusion dans le contexte de la navigation,0,0.3087444901
developper-2.1,Implémenter dans un langage de la programmation orientée objet à partir de diagrammes UML,CAPT-Capt18,Utiliser un capteur avec une carte raspberry,0,0.1939447969
developper-2.1,Implémenter dans un langage de la programmation orientée objet à partir de diagrammes UML,CAPT-Capt19,"Développer un programme python pour utiliser les capteurs ou pour traiter les données (filtre, kalman…)",0,0.3622407019
developper-2.2,Exploiter une documentation,CAPT-Capt01,"Définir et classer les différents types de capteurs en fonction de leurs caractéristiques : actif/passif, nature du mesurande ou du signal de sortie, analogique/numérique/logique, mesure directe/indirecte",0,0.1697081923
developper-2.2,Exploiter une documentation,CAPT-Capt02,Décrire les signaux/données d'entrée/sortie,0,0.3947071433
developper-2.2,Exploiter une documentation,CAPT-Capt03,Définir les caractéristiques métrologiques des capteurs,0,0.2260707915
developper-2.2,Exploiter une documentation,CAPT-Capt04,Caractériser les erreurs de mesures liées aux capteurs.,0,0.2042090148
developper-2.2,Exploiter une documentation,CAPT-Capt05,"Interpréter la position dans différents repères de référence (géocentrique, terrestre, local, ENU, NED)",0,0.3011338413
developper-2.2,Exploiter une documentation,CAPT-Capt06,Analyser des trames NMEA pour extraire les données utiles,0,0.5005462766
developper-2.2,Exploiter une documentation,CAPT-Capt07,"Comparer différentes représentations de l’orientation (angles, matrices)",0,0.3096962869
developper-2.2,Exploiter une documentation,CAPT-Capt08,"Décrire les principes physiques (semi-conducteur, laser) associés à des capteurs de perception",0,0.2102751434
developper-2.2,Exploiter une documentation,CAPT-Capt09,"Comparer les performances des capteurs (portée, résolution, fréquence)",0,0.2488471270
developper-2.2,Exploiter une documentation,CAPT-Capt10,Interpréter les résultats de détection ou de mesure de distance,0,0.3391692936
developper-2.2,Exploiter une documentation,CAPT-Capt11,Appliquer un filtrage simple pour réduire le bruit sur un signal mesuré,0,0.1234494373
developper-2.2,Exploiter une documentation,CAPT-Capt12,"Synchroniser les données issues de capteurs différents (IMU, GPS)",0,0.2370458841
developper-2.2,Exploiter une documentation,CAPT-Capt13,Prétraiter les données pour compenser les dérives ou biais,0,0.2543605566
developper-2.2,Exploiter une documentation,CAPT-Capt14,Mettre en œuvre un filtre de Kalman linéaire,0,0.0850330219
developper-2.2,Exploiter une documentation,CAPT-Capt15,Présenter les limites du modèle linéaire et expliquer le filtre de Kalman étendu,0,0.1078009456
developper-2.2,Exploiter une documentation,CAPT-Capt16,Expliquer les intérêts d’une fusion multi-capteurs pour la robustesse,0,0.2024797499
developper-2.2,Exploiter une documentation,CAPT-Capt17,Interpréter les résultats de la fusion dans le contexte de la navigation,0,0.2884209454
developper-2.2,Exploiter une documentation,CAPT-Capt18,Utiliser un capteur avec une carte raspberry,0,0.1292868555
developper-2.2,Exploiter une documentation,CAPT-Capt19,"Développer un programme python pour utiliser les capteurs ou pour traiter les données (filtre, kalman…)",0,0.1427356005
developper-3.1,Caractériser et représenter l’information,CAPT-Capt01,"Définir et classer les différents types de capteurs en fonction de leurs caractéristiques : actif/passif, nature du mesurande ou du signal de sortie, analogique/numérique/logique, mesure directe/indirecte",0,0.3536279798
developper-3.1,Caractériser et représenter l’information,CAPT-Capt02,Décrire les signaux/données d'entrée/sortie,0,0.5533188581
developper-3.1,Caractériser et représenter l’information,CAPT-Capt03,Définir les caractéristiques métrologiques des capteurs,0,0.3612288535
developper-3.1,Caractériser et représenter l’information,CAPT-Capt04,Caractériser les erreurs de mesures liées aux capteurs.,0,0.2959796190
developper-3.1,Caractériser et représenter l’information,CAPT-Capt05,"Interpréter la position dans différents repères de référence (géocentrique, terrestre, local, ENU, NED)",0,0.3774849176
developper-3.1,Caractériser et représenter l’information,CAPT-Capt06,Analyser des trames NMEA pour extraire les données utiles,0,0.4261215329
developper-3.1,Caractériser et représenter l’information,CAPT-Capt07,"Comparer différentes représentations de l’orientation (angles, matrices)",0,0.3767308295
developper-3.1,Caractériser et représenter l’information,CAPT-Capt08,"Décrire les principes physiques (semi-conducteur, laser) associés à des capteurs de perception",0,0.3126418293
developper-3.1,Caractériser et représenter l’information,CAPT-Capt09,"Comparer les performances des capteurs (portée, résolution, fréquence)",0,0.3650842607
developper-3.1,Caractériser et représenter l’information,CAPT-Capt10,Interpréter les résultats de détection ou de mesure de distance,0,0.3778735995
developper-3.1,Caractériser et représenter l’information,CAPT-Capt11,Appliquer un filtrage simple pour réduire le bruit sur un signal mesuré,0,0.1841879785
developper-3.1,Caractériser et représenter l’information,CAPT-Capt12,"Synchroniser les données issues de capteurs différents (IMU, GPS)",0,0.3010832369
developper-3.1,Caractériser et représenter l’information,CAPT-Capt13,Prétraiter les données pour compenser les dérives ou biais,0,0.2552031875
developper-3.1,Caractériser et représenter l’information,CAPT-Capt14,Mettre en œuvre un filtre de Kalman linéaire,0,0.1096618399
developper-3.1,Caractériser et représenter l’information,CAPT-Capt15,Présenter les limites du modèle linéaire et expliquer le filtre de Kalman étendu,0,0.1439998746
developper-3.1,Caractériser et représenter l’information,CAPT-Capt16,Expliquer les intérêts d’une fusion multi-capteurs pour la robustesse,0,0.2638215125
developper-3.1,Caractériser et représenter l’information,CAPT-Capt17,Interpréter les résultats de la fusion dans le contexte de la navigation,0,0.3320577145
developper-3.1,Caractériser et représenter l’information,CAPT-Capt18,Utiliser un capteur avec une carte raspberry,0,0.1849008054
developper-3.1,Caractériser et représenter l’information,CAPT-Capt19,"Développer un programme python pour utiliser les capteurs ou pour traiter les données (filtre, kalman…)",0,0.2239273041
developper-3.2,Optimiser et sécuriser l’échange de données,CAPT-Capt01,"Définir et classer les différents types de capteurs en fonction de leurs caractéristiques : actif/passif, nature du mesurande ou du signal de sortie, analogique/numérique/logique, mesure directe/indirecte",0,0.1740169078
developper-3.2,Optimiser et sécuriser l’échange de données,CAPT-Capt02,Décrire les signaux/données d'entrée/sortie,0,0.3620372415
developper-3.2,Optimiser et sécuriser l’échange de données,CAPT-Capt03,Définir les caractéristiques métrologiques des capteurs,0,0.2488634586
developper-3.2,Optimiser et sécuriser l’échange de données,CAPT-Capt04,Caractériser les erreurs de mesures liées aux capteurs.,0,0.2254162282
developper-3.2,Optimiser et sécuriser l’échange de données,CAPT-Capt05,"Interpréter la position dans différents repères de référence (géocentrique, terrestre, local, ENU, NED)",0,0.1979892850
developper-3.2,Optimiser et sécuriser l’échange de données,CAPT-Capt06,Analyser des trames NMEA pour extraire les données utiles,0,0.3604805470
developper-3.2,Optimiser et sécuriser l’échange de données,CAPT-Capt07,"Comparer différentes représentations de l’orientation (angles, matrices)",0,0.2032424361
developper-3.2,Optimiser et sécuriser l’échange de données,CAPT-Capt08,"Décrire les principes physiques (semi-conducteur, laser) associés à des capteurs de perception",0,0.2498420030
developper-3.2,Optimiser et sécuriser l’échange de données,CAPT-Capt09,"Comparer les performances des capteurs (portée, résolution, fréquence)",0,0.2688848376
developper-3.2,Optimiser et sécuriser l’échange de données,CAPT-Capt10,Interpréter les résultats de détection ou de mesure de distance,0,0.2249199599
developper-3.2,Optimiser et sécuriser l’échange de données,CAPT-Capt11,Appliquer un filtrage simple pour réduire le bruit sur un signal mesuré,0,0.1955849081
developper-3.2,Optimiser et sécuriser l’échange de données,CAPT-Capt12,"Synchroniser les données issues de capteurs différents (IMU, GPS)",0,0.3910465837
developper-3.2,Optimiser et sécuriser l’échange de données,CAPT-Capt13,Prétraiter les données pour compenser les dérives ou biais,0,0.2415944040
developper-3.2,Optimiser et sécuriser l’échange de données,CAPT-Capt14,Mettre en œuvre un filtre de Kalman linéaire,0,0.1178890690
developper-3.2,Optimiser et sécuriser l’échange de données,CAPT-Capt15,Présenter les limites du modèle linéaire et expliquer le filtre de Kalman étendu,0,0.0590950958
developper-3.2,Optimiser et sécuriser l’échange de données,CAPT-Capt16,Expliquer les intérêts d’une fusion multi-capteurs pour la robustesse,0,0.3251155615
developper-3.2,Optimiser et sécuriser l’échange de données,CAPT-Capt17,Interpréter les résultats de la fusion dans le contexte de la navigation,0,0.2715905607
developper-3.2,Optimiser et sécuriser l’échange de données,CAPT-Capt18,Utiliser un capteur avec une carte raspberry,0,0.1638428122
developper-3.2,Optimiser et sécuriser l’échange de données,CAPT-Capt19,"Développer un programme python pour utiliser les capteurs ou pour traiter les données (filtre, kalman…)",0,0.2272933722
developper-3.3,Utiliser et paramétrer des frameworks adaptés,CAPT-Capt01,"Définir et classer les différents types de capteurs en fonction de leurs caractéristiques : actif/passif, nature du mesurande ou du signal de sortie, analogique/numérique/logique, mesure directe/indirecte",0,0.3123188615
developper-3.3,Utiliser et paramétrer des frameworks adaptés,CAPT-Capt02,Décrire les signaux/données d'entrée/sortie,0,0.2160002440
developper-3.3,Utiliser et paramétrer des frameworks adaptés,CAPT-Capt03,Définir les caractéristiques métrologiques des capteurs,0,0.3747867346
developper-3.3,Utiliser et paramétrer des frameworks adaptés,CAPT-Capt04,Caractériser les erreurs de mesures liées aux capteurs.,0,0.2775913179
developper-3.3,Utiliser et paramétrer des frameworks adaptés,CAPT-Capt05,"Interpréter la position dans différents repères de référence (géocentrique, terrestre, local, ENU, NED)",0,0.2296585143
developper-3.3,Utiliser et paramétrer des frameworks adaptés,CAPT-Capt06,Analyser des trames NMEA pour extraire les données utiles,0,0.2900808454
developper-3.3,Utiliser et paramétrer des frameworks adaptés,CAPT-Capt07,"Comparer différentes représentations de l’orientation (angles, matrices)",0,0.2561429143
developper-3.3,Utiliser et paramétrer des frameworks adaptés,CAPT-Capt08,"Décrire les principes physiques (semi-conducteur, laser) associés à des capteurs de perception",0,0.3133984506
developper-3.3,Utiliser et paramétrer des frameworks adaptés,CAPT-Capt09,"Comparer les performances des capteurs (portée, résolution, fréquence)",0,0.2976995707
developper-3.3,Utiliser et paramétrer des frameworks adaptés,CAPT-Capt10,Interpréter les résultats de détection ou de mesure de distance,0,0.2059693038
developper-3.3,Utiliser et paramétrer des frameworks adaptés,CAPT-Capt11,Appliquer un filtrage simple pour réduire le bruit sur un signal mesuré,0,0.2731874585
developper-3.3,Utiliser et paramétrer des frameworks adaptés,CAPT-Capt12,"Synchroniser les données issues de capteurs différents (IMU, GPS)",0,0.3290571570
developper-3.3,Utiliser et paramétrer des frameworks adaptés,CAPT-Capt13,Prétraiter les données pour compenser les dérives ou biais,0,0.3165980279
developper-3.3,Utiliser et paramétrer des frameworks adaptés,CAPT-Capt14,Mettre en œuvre un filtre de Kalman linéaire,0,0.2979781926
developper-3.3,Utiliser et paramétrer des frameworks adaptés,CAPT-Capt15,Présenter les limites du modèle linéaire et expliquer le filtre de Kalman étendu,0,0.2452578843
developper-3.3,Utiliser et paramétrer des frameworks adaptés,CAPT-Capt16,Expliquer les intérêts d’une fusion multi-capteurs pour la robustesse,0,0.2491204143
developper-3.3,Utiliser et paramétrer des frameworks adaptés,CAPT-Capt17,Interpréter les résultats de la fusion dans le contexte de la navigation,0,0.3083570600
developper-3.3,Utiliser et paramétrer des frameworks adaptés,CAPT-Capt18,Utiliser un capteur avec une carte raspberry,0,0.2798065841
developper-3.3,Utiliser et paramétrer des frameworks adaptés,CAPT-Capt19,"Développer un programme python pour utiliser les capteurs ou pour traiter les données (filtre, kalman…)",0,0.4334186316
developper-4.1,Automatiser les tâches de validation et de déploiement,CAPT-Capt01,"Définir et classer les différents types de capteurs en fonction de leurs caractéristiques : actif/passif, nature du mesurande ou du signal de sortie, analogique/numérique/logique, mesure directe/indirecte",0,0.2282261401
developper-4.1,Automatiser les tâches de validation et de déploiement,CAPT-Capt02,Décrire les signaux/données d'entrée/sortie,0,0.2371880263
developper-4.1,Automatiser les tâches de validation et de déploiement,CAPT-Capt03,Définir les caractéristiques métrologiques des capteurs,0,0.3876962662
developper-4.1,Automatiser les tâches de validation et de déploiement,CAPT-Capt04,Caractériser les erreurs de mesures liées aux capteurs.,0,0.2511411309
developper-4.1,Automatiser les tâches de validation et de déploiement,CAPT-Capt05,"Interpréter la position dans différents repères de référence (géocentrique, terrestre, local, ENU, NED)",0,0.1626446545
developper-4.1,Automatiser les tâches de validation et de déploiement,CAPT-Capt06,Analyser des trames NMEA pour extraire les données utiles,0,0.2121026665
developper-4.1,Automatiser les tâches de validation et de déploiement,CAPT-Capt07,"Comparer différentes représentations de l’orientation (angles, matrices)",0,0.1501390189
developper-4.1,Automatiser les tâches de validation et de déploiement,CAPT-Capt08,"Décrire les principes physiques (semi-conducteur, laser) associés à des capteurs de perception",0,0.2475749403
developper-4.1,Automatiser les tâches de validation et de déploiement,CAPT-Capt09,"Comparer les performances des capteurs (portée, résolution, fréquence)",0,0.2760001123
developper-4.1,Automatiser les tâches de validation et de déploiement,CAPT-Capt10,Interpréter les résultats de détection ou de mesure de distance,0,0.2092482746
developper-4.1,Automatiser les tâches de validation et de déploiement,CAPT-Capt11,Appliquer un filtrage simple pour réduire le bruit sur un signal mesuré,0,0.1915962994
developper-4.1,Automatiser les tâches de validation et de déploiement,CAPT-Capt12,"Synchroniser les données issues de capteurs différents (IMU, GPS)",0,0.3557758927
developper-4.1,Automatiser les tâches de validation et de déploiement,CAPT-Capt13,Prétraiter les données pour compenser les dérives ou biais,0,0.2047920823
developper-4.1,Automatiser les tâches de validation et de déploiement,CAPT-Capt14,Mettre en œuvre un filtre de Kalman linéaire,0,0.3136746883
developper-4.1,Automatiser les tâches de validation et de déploiement,CAPT-Capt15,Présenter les limites du modèle linéaire et expliquer le filtre de Kalman étendu,0,0.1581742018
developper-4.1,Automatiser les tâches de validation et de déploiement,CAPT-Capt16,Expliquer les intérêts d’une fusion multi-capteurs pour la robustesse,0,0.3872855306
developper-4.1,Automatiser les tâches de validation et de déploiement,CAPT-Capt17,Interpréter les résultats de la fusion dans le contexte de la navigation,0,0.2804628909
developper-4.1,Automatiser les tâches de validation et de déploiement,CAPT-Capt18,Utiliser un capteur avec une carte raspberry,0,0.2680686116
developper-4.1,Automatiser les tâches de validation et de déploiement,CAPT-Capt19,"Développer un programme python pour utiliser les capteurs ou pour traiter les données (filtre, kalman…)",0,0.3527542949
developper-4.2,Mettre en œuvre l’architecture matérielle et logicielle,CAPT-Capt01,"Définir et classer les différents types de capteurs en fonction de leurs caractéristiques : actif/passif, nature du mesurande ou du signal de sortie, analogique/numérique/logique, mesure directe/indirecte",0,0.2105651498
developper-4.2,Mettre en œuvre l’architecture matérielle et logicielle,CAPT-Capt02,Décrire les signaux/données d'entrée/sortie,0,0.1831264049
developper-4.2,Mettre en œuvre l’architecture matérielle et logicielle,CAPT-Capt03,Définir les caractéristiques métrologiques des capteurs,0,0.2699048519
developper-4.2,Mettre en œuvre l’architecture matérielle et logicielle,CAPT-Capt04,Caractériser les erreurs de mesures liées aux capteurs.,0,0.1307472438
developper-4.2,Mettre en œuvre l’architecture matérielle et logicielle,CAPT-Capt05,"Interpréter la position dans différents repères de référence (géocentrique, terrestre, local, ENU, NED)",0,0.1422695518
developper-4.2,Mettre en œuvre l’architecture matérielle et logicielle,CAPT-Capt06,Analyser des trames NMEA pour extraire les données utiles,0,0.1818525344
developper-4.2,Mettre en œuvre l’architecture matérielle et logicielle,CAPT-Capt07,"Comparer différentes représentations de l’orientation (angles, matrices)",0,0.1731808484
developper-4.2,Mettre en œuvre l’architecture matérielle et logicielle,CAPT-Capt08,"Décrire les principes physiques (semi-conducteur, laser) associés à des capteurs de perception",0,0.2849638462
developper-4.2,Mettre en œuvre l’architecture matérielle et logicielle,CAPT-Capt09,"Comparer les performances des capteurs (portée, résolution, fréquence)",0,0.1995179951
developper-4.2,Mettre en œuvre l’architecture matérielle et logicielle,CAPT-Capt10,Interpréter les résultats de détection ou de mesure de distance,0,0.1662191302
developper-4.2,Mettre en œuvre l’architecture matérielle et logicielle,CAPT-Capt11,Appliquer un filtrage simple pour réduire le bruit sur un signal mesuré,0,0.1633323282
developper-4.2,Mettre en œuvre l’architecture matérielle et logicielle,CAPT-Capt12,"Synchroniser les données issues de capteurs différents (IMU, GPS)",0,0.3045766950
developper-4.2,Mettre en œuvre l’architecture matérielle et logicielle,CAPT-Capt13,Prétraiter les données pour compenser les dérives ou biais,0,0.1813981533
developper-4.2,Mettre en œuvre l’architecture matérielle et logicielle,CAPT-Capt14,Mettre en œuvre un filtre de Kalman linéaire,0,0.1797381341
developper-4.2,Mettre en œuvre l’architecture matérielle et logicielle,CAPT-Capt15,Présenter les limites du modèle linéaire et expliquer le filtre de Kalman étendu,0,0.0883270502
developper-4.2,Mettre en œuvre l’architecture matérielle et logicielle,CAPT-Capt16,Expliquer les intérêts d’une fusion multi-capteurs pour la robustesse,0,0.3098516166
developper-4.2,Mettre en œuvre l’architecture matérielle et logicielle,CAPT-Capt17,Interpréter les résultats de la fusion dans le contexte de la navigation,0,0.2530505359
developper-4.2,Mettre en œuvre l’architecture matérielle et logicielle,CAPT-Capt18,Utiliser un capteur avec une carte raspberry,0,0.2609342933
developper-4.2,Mettre en œuvre l’architecture matérielle et logicielle,CAPT-Capt19,"Développer un programme python pour utiliser les capteurs ou pour traiter les données (filtre, kalman…)",0,0.3421985507
gerer-1.1,Utiliser une forge pour la gestion des tickets,CAPT-Capt01,"Définir et classer les différents types de capteurs en fonction de leurs caractéristiques : actif/passif, nature du mesurande ou du signal de sortie, analogique/numérique/logique, mesure directe/indirecte",0,0.1333979964
gerer-1.1,Utiliser une forge pour la gestion des tickets,CAPT-Capt02,Décrire les signaux/données d'entrée/sortie,0,0.1981557459
gerer-1.1,Utiliser une forge pour la gestion des tickets,CAPT-Capt03,Définir les caractéristiques métrologiques des capteurs,0,0.1273961514
gerer-1.1,Utiliser une forge pour la gestion des tickets,CAPT-Capt04,Caractériser les erreurs de mesures liées aux capteurs.,0,0.1388485432
gerer-1.1,Utiliser une forge pour la gestion des tickets,CAPT-Capt05,"Interpréter la position dans différents repères de référence (géocentrique, terrestre, local, ENU, NED)",0,0.0855126232
gerer-1.1,Utiliser une forge pour la gestion des tickets,CAPT-Capt06,Analyser des trames NMEA pour extraire les données utiles,0,0.1641429961
gerer-1.1,Utiliser une forge pour la gestion des tickets,CAPT-Capt07,"Comparer différentes représentations de l’orientation (angles, matrices)",0,0.1162672117
gerer-1.1,Utiliser une forge pour la gestion des tickets,CAPT-Capt08,"Décrire les principes physiques (semi-conducteur, laser) associés à des capteurs de perception",0,0.1140650809
gerer-1.1,Utiliser une forge pour la gestion des tickets,CAPT-Capt09,"Comparer les performances des capteurs (portée, résolution, fréquence)",0,0.0960114226
gerer-1.1,Utiliser une forge pour la gestion des tickets,CAPT-Capt10,Interpréter les résultats de détection ou de mesure de distance,0,0.1064788848
gerer-1.1,Utiliser une forge pour la gestion des tickets,CAPT-Capt11,Appliquer un filtrage simple pour réduire le bruit sur un signal mesuré,0,0.1376306117
gerer-1.1,Utiliser une forge pour la gestion des tickets,CAPT-Capt12,"Synchroniser les données issues de capteurs différents (IMU, GPS)",0,0.1457800567
gerer-1.1,Utiliser une forge pour la gestion des tickets,CAPT-Capt13,Prétraiter les données pour compenser les dérives ou biais,0,0.1583140343
gerer-1.1,Utiliser une forge pour la gestion des tickets,CAPT-Capt14,Mettre en œuvre un filtre de Kalman linéaire,0,0.2424440235
gerer-1.1,Utiliser une forge pour la gestion des tickets,CAPT-Capt15,Présenter les limites du modèle linéaire et expliquer le filtre de Kalman étendu,0,0.1267780662
gerer-1.1,Utiliser une forge pour la gestion des tickets,CAPT-Capt16,Expliquer les intérêts d’une fusion multi-capteurs pour la robustesse,0,0.2636810839
gerer-1.1,Utiliser une forge pour la gestion des tickets,CAPT-Capt17,Interpréter les résultats de la fusion dans le contexte de la navigation,0,0.2264218479
gerer-1.1,Utiliser une forge pour la gestion des tickets,CAPT-Capt18,Utiliser un capteur avec une carte raspberry,0,0.0781173930
gerer-1.1,Utiliser une forge pour la gestion des tickets,CAPT-Capt19,"Développer un programme python pour utiliser les capteurs ou pour traiter les données (filtre, kalman…)",0,0.2248550057
gerer-1.2,Utiliser le cycle de développement en V,CAPT-Capt01,"Définir et classer les différents types de capteurs en fonction de leurs caractéristiques : actif/passif, nature du mesurande ou du signal de sortie, analogique/numérique/logique, mesure directe/indirecte",0,0.0981973037
gerer-1.2,Utiliser le cycle de développement en V,CAPT-Capt02,Décrire les signaux/données d'entrée/sortie,0,0.1136974394
gerer-1.2,Utiliser le cycle de développement en V,CAPT-Capt03,Définir les caractéristiques métrologiques des capteurs,0,0.1340207905
gerer-1.2,Utiliser le cycle de développement en V,CAPT-Capt04,Caractériser les erreurs de mesures liées aux capteurs.,0,0.0582810901
gerer-1.2,Utiliser le cycle de développement en V,CAPT-Capt05,"Interpréter la position dans différents repères de référence (géocentrique, terrestre, local, ENU, NED)",0,0.1226318702
gerer-1.2,Utiliser le cycle de développement en V,CAPT-Capt06,Analyser des trames NMEA pour extraire les données utiles,0,0.1311298907
gerer-1.2,Utiliser le cycle de développement en V,CAPT-Capt07,"Comparer différentes représentations de l’orientation (angles, matrices)",0,0.1966960132
gerer-1.2,Utiliser le cycle de développement en V,CAPT-Capt08,"Décrire les principes physiques (semi-conducteur, laser) associés à des capteurs de perception",0,0.0972527862
gerer-1.2,Utiliser le cycle de développement en V,CAPT-Capt09,"Comparer les performances des capteurs (portée, résolution, fréquence)",0,0.1240890473
gerer-1.2,Utiliser le cycle de développement en V,CAPT-Capt10,Interpréter les résultats de détection ou de mesure de distance,0,0.0890352428
gerer-1.2,Utiliser le cycle de développement en V,CAPT-Capt11,Appliquer un filtrage simple pour réduire le bruit sur un signal mesuré,0,0.1020556316
gerer-1.2,Utiliser le cycle de développement en V,CAPT-Capt12,"Synchroniser les données issues de capteurs différents (IMU, GPS)",0,0.0960259587
gerer-1.2,Utiliser le cycle de développement en V,CAPT-Capt13,Prétraiter les données pour compenser les dérives ou biais,0,0.1458069533
gerer-1.2,Utiliser le cycle de développement en V,CAPT-Capt14,Mettre en œuvre un filtre de Kalman linéaire,0,0.3477571905
gerer-1.2,Utiliser le cycle de développement en V,CAPT-Capt15,Présenter les limites du modèle linéaire et expliquer le filtre de Kalman étendu,0,0.2797536254
gerer-1.2,Utiliser le cycle de développement en V,CAPT-Capt16,Expliquer les intérêts d’une fusion multi-capteurs pour la robustesse,0,0.2251791656
gerer-1.2,Utiliser le cycle de développement en V,CAPT-Capt17,Interpréter les résultats de la fusion dans le contexte de la navigation,0,0.2322375178
gerer-1.2,Utiliser le cycle de développement en V,CAPT-Capt18,Utiliser un capteur avec une carte raspberry,0,0.0372846015
gerer-1.2,Utiliser le cycle de développement en V,CAPT-Capt19,"Développer un programme python pour utiliser les capteurs ou pour traiter les données (filtre, kalman…)",0,0.1016511321
gerer-2.1,Utiliser un framework de tests unitaires,CAPT-Capt01,"Définir et classer les différents types de capteurs en fonction de leurs caractéristiques : actif/passif, nature du mesurande ou du signal de sortie, analogique/numérique/logique, mesure directe/indirecte",0,0.2868837416
gerer-2.1,Utiliser un framework de tests unitaires,CAPT-Capt02,Décrire les signaux/données d'entrée/sortie,0,0.1925597489
gerer-2.1,Utiliser un framework de tests unitaires,CAPT-Capt03,Définir les caractéristiques métrologiques des capteurs,0,0.3672835529
gerer-2.1,Utiliser un framework de tests unitaires,CAPT-Capt04,Caractériser les erreurs de mesures liées aux capteurs.,0,0.3156063855
gerer-2.1,Utiliser un framework de tests unitaires,CAPT-Capt05,"Interpréter la position dans différents repères de référence (géocentrique, terrestre, local, ENU, NED)",0,0.2049916238
gerer-2.1,Utiliser un framework de tests unitaires,CAPT-Capt06,Analyser des trames NMEA pour extraire les données utiles,0,0.2320988774
gerer-2.1,Utiliser un framework de tests unitaires,CAPT-Capt07,"Comparer différentes représentations de l’orientation (angles, matrices)",0,0.1648673117
gerer-2.1,Utiliser un framework de tests unitaires,CAPT-Capt08,"Décrire les principes physiques (semi-conducteur, laser) associés à des capteurs de perception",0,0.2298369706
gerer-2.1,Utiliser un framework de tests unitaires,CAPT-Capt09,"Comparer les performances des capteurs (portée, résolution, fréquence)",0,0.3600031137
gerer-2.1,Utiliser un framework de tests unitaires,CAPT-Capt10,Interpréter les résultats de détection ou de mesure de distance,0,0.1634487510
gerer-2.1,Utiliser un framework de tests unitaires,CAPT-Capt11,Appliquer un filtrage simple pour réduire le bruit sur un signal mesuré,0,0.2239275575
gerer-2.1,Utiliser un framework de tests unitaires,CAPT-Capt12,"Synchroniser les données issues de capteurs différents (IMU, GPS)",0,0.2945804000
gerer-2.1,Utiliser un framework de tests unitaires,CAPT-Capt13,Prétraiter les données pour compenser les dérives ou biais,0,0.2198404968
gerer-2.1,Utiliser un framework de tests unitaires,CAPT-Capt14,Mettre en œuvre un filtre de Kalman linéaire,0,0.3198699057
gerer-2.1,Utiliser un framework de tests unitaires,CAPT-Capt15,Présenter les limites du modèle linéaire et expliquer le filtre de Kalman étendu,0,0.2386616021
gerer-2.1,Utiliser un framework de tests unitaires,CAPT-Capt16,Expliquer les intérêts d’une fusion multi-capteurs pour la robustesse,0,0.3286860585
gerer-2.1,Utiliser un framework de tests unitaires,CAPT-Capt17,Interpréter les résultats de la fusion dans le contexte de la navigation,0,0.2083212733
gerer-2.1,Utiliser un framework de tests unitaires,CAPT-Capt18,Utiliser un capteur avec une carte raspberry,0,0.3223367035
gerer-2.1,Utiliser un framework de tests unitaires,CAPT-Capt19,"Développer un programme python pour utiliser les capteurs ou pour traiter les données (filtre, kalman…)",0,0.3827061057
gerer-2.2,Utiliser un logiciel d’audit de code statique,CAPT-Capt01,"Définir et classer les différents types de capteurs en fonction de leurs caractéristiques : actif/passif, nature du mesurande ou du signal de sortie, analogique/numérique/logique, mesure directe/indirecte",0,0.2481384575
gerer-2.2,Utiliser un logiciel d’audit de code statique,CAPT-Capt02,Décrire les signaux/données d'entrée/sortie,0,0.1466796100
gerer-2.2,Utiliser un logiciel d’audit de code statique,CAPT-Capt03,Définir les caractéristiques métrologiques des capteurs,0,0.3544023931
gerer-2.2,Utiliser un logiciel d’audit de code statique,CAPT-Capt04,Caractériser les erreurs de mesures liées aux capteurs.,0,0.2664168179
gerer-2.2,Utiliser un logiciel d’audit de code statique,CAPT-Capt05,"Interpréter la position dans différents repères de référence (géocentrique, terrestre, local, ENU, NED)",0,0.1850616336
gerer-2.2,Utiliser un logiciel d’audit de code statique,CAPT-Capt06,Analyser des trames NMEA pour extraire les données utiles,0,0.3171318173
gerer-2.2,Utiliser un logiciel d’audit de code statique,CAPT-Capt07,"Comparer différentes représentations de l’orientation (angles, matrices)",0,0.1669967622
gerer-2.2,Utiliser un logiciel d’audit de code statique,CAPT-Capt08,"Décrire les principes physiques (semi-conducteur, laser) associés à des capteurs de perception",0,0.1614040285
gerer-2.2,Utiliser un logiciel d’audit de code statique,CAPT-Capt09,"Comparer les performances des capteurs (portée, résolution, fréquence)",0,0.2429510206
gerer-2.2,Utiliser un logiciel d’audit de code statique,CAPT-Capt10,Interpréter les résultats de détection ou de mesure de distance,0,0.3104607463
gerer-2.2,Utiliser un logiciel d’audit de code statique,CAPT-Capt11,Appliquer un filtrage simple pour réduire le bruit sur un signal mesuré,0,0.2055760771
gerer-2.2,Utiliser un logiciel d’audit de code statique,CAPT-Capt12,"Synchroniser les données issues de capteurs différents (IMU, GPS)",0,0.1938012391
gerer-2.2,Utiliser un logiciel d’audit de code statique,CAPT-Capt13,Prétraiter les données pour compenser les dérives ou biais,0,0.2327197939
gerer-2.2,Utiliser un logiciel d’audit de code statique,CAPT-Capt14,Mettre en œuvre un filtre de Kalman linéaire,0,0.1636671871
gerer-2.2,Utiliser un logiciel d’audit de code statique,CAPT-Capt15,Présenter les limites du modèle linéaire et expliquer le filtre de Kalman étendu,0,0.0807678774
gerer-2.2,Utiliser un logiciel d’audit de code statique,CAPT-Capt16,Expliquer les intérêts d’une fusion multi-capteurs pour la robustesse,0,0.2161652893
gerer-2.2,Utiliser un logiciel d’audit de code statique,CAPT-Capt17,Interpréter les résultats de la fusion dans le contexte de la navigation,0,0.1154710948
gerer-2.2,Utiliser un logiciel d’audit de code statique,CAPT-Capt18,Utiliser un capteur avec une carte raspberry,0,0.2417977601
gerer-2.2,Utiliser un logiciel d’audit de code statique,CAPT-Capt19,"Développer un programme python pour utiliser les capteurs ou pour traiter les données (filtre, kalman…)",0,0.2928430736
gerer-2.3,Mettre en place des tests de non régression,CAPT-Capt01,"Définir et classer les différents types de capteurs en fonction de leurs caractéristiques : actif/passif, nature du mesurande ou du signal de sortie, analogique/numérique/logique, mesure directe/indirecte",0,0.2403478324
gerer-2.3,Mettre en place des tests de non régression,CAPT-Capt02,Décrire les signaux/données d'entrée/sortie,0,0.1916593015
gerer-2.3,Mettre en place des tests de non régression,CAPT-Capt03,Définir les caractéristiques métrologiques des capteurs,0,0.3770405054
gerer-2.3,Mettre en place des tests de non régression,CAPT-Capt04,Caractériser les erreurs de mesures liées aux capteurs.,0,0.3378602266
gerer-2.3,Mettre en place des tests de non régression,CAPT-Capt05,"Interpréter la position dans différents repères de référence (géocentrique, terrestre, local, ENU, NED)",0,0.2428571582
gerer-2.3,Mettre en place des tests de non régression,CAPT-Capt06,Analyser des trames NMEA pour extraire les données utiles,0,0.2228674591
gerer-2.3,Mettre en place des tests de non régression,CAPT-Capt07,"Comparer différentes représentations de l’orientation (angles, matrices)",0,0.2586541176
gerer-2.3,Mettre en place des tests de non régression,CAPT-Capt08,"Décrire les principes physiques (semi-conducteur, laser) associés à des capteurs de perception",0,0.1564144492
gerer-2.3,Mettre en place des tests de non régression,CAPT-Capt09,"Comparer les performances des capteurs (portée, résolution, fréquence)",0,0.2981849015
gerer-2.3,Mettre en place des tests de non régression,CAPT-Capt10,Interpréter les résultats de détection ou de mesure de distance,0,0.2575749755
gerer-2.3,Mettre en place des tests de non régression,CAPT-Capt11,Appliquer un filtrage simple pour réduire le bruit sur un signal mesuré,0,0.2228018194
gerer-2.3,Mettre en place des tests de non régression,CAPT-Capt12,"Synchroniser les données issues de capteurs différents (IMU, GPS)",0,0.1238667294
gerer-2.3,Mettre en place des tests de non régression,CAPT-Capt13,Prétraiter les données pour compenser les dérives ou biais,0,0.2199812233
gerer-2.3,Mettre en place des tests de non régression,CAPT-Capt14,Mettre en œuvre un filtre de Kalman linéaire,0,0.2216423005
gerer-2.3,Mettre en place des tests de non régression,CAPT-Capt15,Présenter les limites du modèle linéaire et expliquer le filtre de Kalman étendu,0,0.2103514373
gerer-2.3,Mettre en place des tests de non régression,CAPT-Capt16,Expliquer les intérêts d’une fusion multi-capteurs pour la robustesse,0,0.2791462243
gerer-2.3,Mettre en place des tests de non régression,CAPT-Capt17,Interpréter les résultats de la fusion dans le contexte de la navigation,0,0.1173605546
gerer-2.3,Mettre en place des tests de non régression,CAPT-Capt18,Utiliser un capteur avec une carte raspberry,0,0.1428247392
gerer-2.3,Mettre en place des tests de non régression,CAPT-Capt19,"Développer un programme python pour utiliser les capteurs ou pour traiter les données (filtre, kalman…)",0,0.1542153656
gerer-3.1,Utiliser un cycle de développement Agile,CAPT-Capt01,"Définir et classer les différents types de capteurs en fonction de leurs caractéristiques : actif/passif, nature du mesurande ou du signal de sortie, analogique/numérique/logique, mesure directe/indirecte",0,0.1533497423
gerer-3.1,Utiliser un cycle de développement Agile,CAPT-Capt02,Décrire les signaux/données d'entrée/sortie,0,0.1310504824
gerer-3.1,Utiliser un cycle de développement Agile,CAPT-Capt03,Définir les caractéristiques métrologiques des capteurs,0,0.1880718172
gerer-3.1,Utiliser un cycle de développement Agile,CAPT-Capt04,Caractériser les erreurs de mesures liées aux capteurs.,0,0.0963726938
gerer-3.1,Utiliser un cycle de développement Agile,CAPT-Capt05,"Interpréter la position dans différents repères de référence (géocentrique, terrestre, local, ENU, NED)",0,0.1035126671
gerer-3.1,Utiliser un cycle de développement Agile,CAPT-Capt06,Analyser des trames NMEA pour extraire les données utiles,0,0.1939518899
gerer-3.1,Utiliser un cycle de développement Agile,CAPT-Capt07,"Comparer différentes représentations de l’orientation (angles, matrices)",0,0.1059567630
gerer-3.1,Utiliser un cycle de développement Agile,CAPT-Capt08,"Décrire les principes physiques (semi-conducteur, laser) associés à des capteurs de perception",0,0.1304776669
gerer-3.1,Utiliser un cycle de développement Agile,CAPT-Capt09,"Comparer les performances des capteurs (portée, résolution, fréquence)",0,0.1692396998
gerer-3.1,Utiliser un cycle de développement Agile,CAPT-Capt10,Interpréter les résultats de détection ou de mesure de distance,0,0.1112804338
gerer-3.1,Utiliser un cycle de développement Agile,CAPT-Capt11,Appliquer un filtrage simple pour réduire le bruit sur un signal mesuré,0,0.1984377801
gerer-3.1,Utiliser un cycle de développement Agile,CAPT-Capt12,"Synchroniser les données issues de capteurs différents (IMU, GPS)",0,0.1178033650
gerer-3.1,Utiliser un cycle de développement Agile,CAPT-Capt13,Prétraiter les données pour compenser les dérives ou biais,0,0.1343281716
gerer-3.1,Utiliser un cycle de développement Agile,CAPT-Capt14,Mettre en œuvre un filtre de Kalman linéaire,0,0.3426593244
gerer-3.1,Utiliser un cycle de développement Agile,CAPT-Capt15,Présenter les limites du modèle linéaire et expliquer le filtre de Kalman étendu,0,0.2536912858
gerer-3.1,Utiliser un cycle de développement Agile,CAPT-Capt16,Expliquer les intérêts d’une fusion multi-capteurs pour la robustesse,0,0.1763660610
gerer-3.1,Utiliser un cycle de développement Agile,CAPT-Capt17,Interpréter les résultats de la fusion dans le contexte de la navigation,0,0.2157589793
gerer-3.1,Utiliser un cycle de développement Agile,CAPT-Capt18,Utiliser un capteur avec une carte raspberry,0,0.1456400007
gerer-3.1,Utiliser un cycle de développement Agile,CAPT-Capt19,"Développer un programme python pour utiliser les capteurs ou pour traiter les données (filtre, kalman…)",0,0.1895821393
gerer-3.2,Suivre des procédures,CAPT-Capt01,"Définir et classer les différents types de capteurs en fonction de leurs caractéristiques : actif/passif, nature du mesurande ou du signal de sortie, analogique/numérique/logique, mesure directe/indirecte",0,0.1941070110
gerer-3.2,Suivre des procédures,CAPT-Capt02,Décrire les signaux/données d'entrée/sortie,0,0.3499110639
gerer-3.2,Suivre des procédures,CAPT-Capt03,Définir les caractéristiques métrologiques des capteurs,0,0.3625020683
gerer-3.2,Suivre des procédures,CAPT-Capt04,Caractériser les erreurs de mesures liées aux capteurs.,0,0.2387055904
gerer-3.2,Suivre des procédures,CAPT-Capt05,"Interpréter la position dans différents repères de référence (géocentrique, terrestre, local, ENU, NED)",0,0.2363018245
gerer-3.2,Suivre des procédures,CAPT-Capt06,Analyser des trames NMEA pour extraire les données utiles,0,0.2377434969
gerer-3.2,Suivre des procédures,CAPT-Capt07,"Comparer différentes représentations de l’orientation (angles, matrices)",0,0.2191599309
gerer-3.2,Suivre des procédures,CAPT-Capt08,"Décrire les principes physiques (semi-conducteur, laser) associés à des capteurs de perception",0,0.2196480930
gerer-3.2,Suivre des procédures,CAPT-Capt09,"Comparer les performances des capteurs (portée, résolution, fréquence)",0,0.2406915128
gerer-3.2,Suivre des procédures,CAPT-Capt10,Interpréter les résultats de détection ou de mesure de distance,0,0.2180854380
gerer-3.2,Suivre des procédures,CAPT-Capt11,Appliquer un filtrage simple pour réduire le bruit sur un signal mesuré,0,0.2072465271
gerer-3.2,Suivre des procédures,CAPT-Capt12,"Synchroniser les données issues de capteurs différents (IMU, GPS)",0,0.2290459275
gerer-3.2,Suivre des procédures,CAPT-Capt13,Prétraiter les données pour compenser les dérives ou biais,0,0.1783028394
gerer-3.2,Suivre des procédures,CAPT-Capt14,Mettre en œuvre un filtre de Kalman linéaire,0,0.3297412097
gerer-3.2,Suivre des procédures,CAPT-Capt15,Présenter les limites du modèle linéaire et expliquer le filtre de Kalman étendu,0,0.1868114471
gerer-3.2,Suivre des procédures,CAPT-Capt16,Expliquer les intérêts d’une fusion multi-capteurs pour la robustesse,0,0.2534218729
gerer-3.2,Suivre des procédures,CAPT-Capt17,Interpréter les résultats de la fusion dans le contexte de la navigation,0,0.2062136084
gerer-3.2,Suivre des procédures,CAPT-Capt18,Utiliser un capteur avec une carte raspberry,0,0.0883700848
gerer-3.2,Suivre des procédures,CAPT-Capt19,"Développer un programme python pour utiliser les capteurs ou pour traiter les données (filtre, kalman…)",0,0.1966670305
gerer-3.3,Rédiger des procédures,CAPT-Capt01,"Définir et classer les différents types de capteurs en fonction de leurs caractéristiques : actif/passif, nature du mesurande ou du signal de sortie, analogique/numérique/logique, mesure directe/indirecte",0,0.1481550187
gerer-3.3,Rédiger des procédures,CAPT-Capt02,Décrire les signaux/données d'entrée/sortie,0,0.3952458203
gerer-3.3,Rédiger des procédures,CAPT-Capt03,Définir les caractéristiques métrologiques des capteurs,0,0.3010444641
gerer-3.3,Rédiger des procédures,CAPT-Capt04,Caractériser les erreurs de mesures liées aux capteurs.,0,0.1999793202
gerer-3.3,Rédiger des procédures,CAPT-Capt05,"Interpréter la position dans différents repères de référence (géocentrique, terrestre, local, ENU, NED)",0,0.2280603647
gerer-3.3,Rédiger des procédures,CAPT-Capt06,Analyser des trames NMEA pour extraire les données utiles,0,0.2861629725
gerer-3.3,Rédiger des procédures,CAPT-Capt07,"Comparer différentes représentations de l’orientation (angles, matrices)",0,0.1805062741
gerer-3.3,Rédiger des procédures,CAPT-Capt08,"Décrire les principes physiques (semi-conducteur, laser) associés à des capteurs de perception",0,0.2277838588
gerer-3.3,Rédiger des procédures,CAPT-Capt09,"Comparer les performances des capteurs (portée, résolution, fréquence)",0,0.1805608869
gerer-3.3,Rédiger des procédures,CAPT-Capt10,Interpréter les résultats de détection ou de mesure de distance,0,0.1945160925
gerer-3.3,Rédiger des procédures,CAPT-Capt11,Appliquer un filtrage simple pour réduire le bruit sur un signal mesuré,0,0.1877104938
gerer-3.3,Rédiger des procédures,CAPT-Capt12,"Synchroniser les données issues de capteurs différents (IMU, GPS)",0,0.1932126582
gerer-3.3,Rédiger des procédures,CAPT-Capt13,Prétraiter les données pour compenser les dérives ou biais,0,0.1958625913
gerer-3.3,Rédiger des procédures,CAPT-Capt14,Mettre en œuvre un filtre de Kalman linéaire,0,0.2180616558
gerer-3.3,Rédiger des procédures,CAPT-Capt15,Présenter les limites du modèle linéaire et expliquer le filtre de Kalman étendu,0,0.1125046611
gerer-3.3,Rédiger des procédures,CAPT-Capt16,Expliquer les intérêts d’une fusion multi-capteurs pour la robustesse,0,0.2440280914
gerer-3.3,Rédiger des procédures,CAPT-Capt17,Interpréter les résultats de la fusion dans le contexte de la navigation,0,0.2054288536
gerer-3.3,Rédiger des procédures,CAPT-Capt18,Utiliser un capteur avec une carte raspberry,0,0.0778718740
gerer-3.3,Rédiger des procédures,CAPT-Capt19,"Développer un programme python pour utiliser les capteurs ou pour traiter les données (filtre, kalman…)",0,0.2060332298
gerer-4.1,Auditer des projets,CAPT-Capt01,"Définir et classer les différents types de capteurs en fonction de leurs caractéristiques : actif/passif, nature du mesurande ou du signal de sortie, analogique/numérique/logique, mesure directe/indirecte",0,0.2373263538
gerer-4.1,Auditer des projets,CAPT-Capt02,Décrire les signaux/données d'entrée/sortie,0,0.1881638914
gerer-4.1,Auditer des projets,CAPT-Capt03,Définir les caractéristiques métrologiques des capteurs,0,0.3787375689
gerer-4.1,Auditer des projets,CAPT-Capt04,Caractériser les erreurs de mesures liées aux capteurs.,0,0.2961830497
gerer-4.1,Auditer des projets,CAPT-Capt05,"Interpréter la position dans différents repères de référence (géocentrique, terrestre, local, ENU, NED)",0,0.2002270520
gerer-4.1,Auditer des projets,CAPT-Capt06,Analyser des trames NMEA pour extraire les données utiles,0,0.2543038726
gerer-4.1,Auditer des projets,CAPT-Capt07,"Comparer différentes représentations de l’orientation (angles, matrices)",0,0.2041362226
gerer-4.1,Auditer des projets,CAPT-Capt08,"Décrire les principes physiques (semi-conducteur, laser) associés à des capteurs de perception",0,0.2029115558
gerer-4.1,Auditer des projets,CAPT-Capt09,"Comparer les performances des capteurs (portée, résolution, fréquence)",0,0.2940984368
gerer-4.1,Auditer des projets,CAPT-Capt10,Interpréter les résultats de détection ou de mesure de distance,0,0.3665783107
gerer-4.1,Auditer des projets,CAPT-Capt11,Appliquer un filtrage simple pour réduire le bruit sur un signal mesuré,0,0.1883750558
gerer-4.1,Auditer des projets,CAPT-Capt12,"Synchroniser les données issues de capteurs différents (IMU, GPS)",0,0.1125564575
gerer-4.1,Auditer des projets,CAPT-Capt13,Prétraiter les données pour compenser les dérives ou biais,0,0.2172914445
gerer-4.1,Auditer des projets,CAPT-Capt14,Mettre en œuvre un filtre de Kalman linéaire,0,0.0929402336
gerer-4.1,Auditer des projets,CAPT-Capt15,Présenter les limites du modèle linéaire et expliquer le filtre de Kalman étendu,0,0.1028636172
gerer-4.1,Auditer des projets,CAPT-Capt16,Expliquer les intérêts d’une fusion multi-capteurs pour la robustesse,0,0.3240131736
gerer-4.1,Auditer des projets,CAPT-Capt17,Interpréter les résultats de la fusion dans le contexte de la navigation,0,0.2269043177
gerer-4.1,Auditer des projets,CAPT-Capt18,Utiliser un capteur avec une carte raspberry,0,0.2118216455
gerer-4.1,Auditer des projets,CAPT-Capt19,"Développer un programme python pour utiliser les capteurs ou pour traiter les données (filtre, kalman…)",0,0.1726074219
gerer-4.2,Passer des audits,CAPT-Capt01,"Définir et classer les différents types de capteurs en fonction de leurs caractéristiques : actif/passif, nature du mesurande ou du signal de sortie, analogique/numérique/logique, mesure directe/indirecte",0,0.2129096389
gerer-4.2,Passer des audits,CAPT-Capt02,Décrire les signaux/données d'entrée/sortie,0,0.2707276344
gerer-4.2,Passer des audits,CAPT-Capt03,Définir les caractéristiques métrologiques des capteurs,0,0.3843562305
gerer-4.2,Passer des audits,CAPT-Capt04,Caractériser les erreurs de mesures liées aux capteurs.,0,0.3191450834
gerer-4.2,Passer des audits,CAPT-Capt05,"Interpréter la position dans différents repères de référence (géocentrique, terrestre, local, ENU, NED)",0,0.1730345637
gerer-4.2,Passer des audits,CAPT-Capt06,Analyser des trames NMEA pour extraire les données utiles,0,0.2450295091
gerer-4.2,Passer des audits,CAPT-Capt07,"Comparer différentes représentations de l’orientation (angles, matrices)",0,0.2108898461
gerer-4.2,Passer des audits,CAPT-Capt08,"Décrire les principes physiques (semi-conducteur, laser) associés à des capteurs de perception",0,0.1568125188
gerer-4.2,Passer des audits,CAPT-Capt09,"Comparer les performances des capteurs (portée, résolution, fréquence)",0,0.2899217010
gerer-4.2,Passer des audits,CAPT-Capt10,Interpréter les résultats de détection ou de mesure de distance,0,0.3088980019
gerer-4.2,Passer des audits,CAPT-Capt11,Appliquer un filtrage simple pour réduire le bruit sur un signal mesuré,0,0.2398416102
gerer-4.2,Passer des audits,CAPT-Capt12,"Synchroniser les données issues de capteurs différents (IMU, GPS)",0,0.1112021804
gerer-4.2,Passer des audits,CAPT-Capt13,Prétraiter les données pour compenser les dérives ou biais,0,0.1992022842
gerer-4.2,Passer des audits,CAPT-Capt14,Mettre en œuvre un filtre de Kalman linéaire,0,0.1759044081
gerer-4.2,Passer des audits,CAPT-Capt15,Présenter les limites du modèle linéaire et expliquer le filtre de Kalman étendu,0,0.1389280558
gerer-4.2,Passer des audits,CAPT-Capt16,Expliquer les intérêts d’une fusion multi-capteurs pour la robustesse,0,0.3199360669
gerer-4.2,Passer des audits,CAPT-Capt17,Interpréter les résultats de la fusion dans le contexte de la navigation,0,0.1660414785
gerer-4.2,Passer des audits,CAPT-Capt18,Utiliser un capteur avec une carte raspberry,0,0.1887003034
gerer-4.2,Passer des audits,CAPT-Capt19,"Développer un programme python pour utiliser les capteurs ou pour traiter les données (filtre, kalman…)",0,0.1471683532
gerer-4.3,Organiser les rôles et les tâches,CAPT-Capt01,"Définir et classer les différents types de capteurs en fonction de leurs caractéristiques : actif/passif, nature du mesurande ou du signal de sortie, analogique/numérique/logique, mesure directe/indirecte",0,0.2176362723
gerer-4.3,Organiser les rôles et les tâches,CAPT-Capt02,Décrire les signaux/données d'entrée/sortie,0,0.2349315882
gerer-4.3,Organiser les rôles et les tâches,CAPT-Capt03,Définir les caractéristiques métrologiques des capteurs,0,0.2164178491
gerer-4.3,Organiser les rôles et les tâches,CAPT-Capt04,Caractériser les erreurs de mesures liées aux capteurs.,0,0.1040921286
gerer-4.3,Organiser les rôles et les tâches,CAPT-Capt05,"Interpréter la position dans différents repères de référence (géocentrique, terrestre, local, ENU, NED)",0,0.2272890955
gerer-4.3,Organiser les rôles et les tâches,CAPT-Capt06,Analyser des trames NMEA pour extraire les données utiles,0,0.1614378691
gerer-4.3,Organiser les rôles et les tâches,CAPT-Capt07,"Comparer différentes représentations de l’orientation (angles, matrices)",0,0.2153436244
gerer-4.3,Organiser les rôles et les tâches,CAPT-Capt08,"Décrire les principes physiques (semi-conducteur, laser) associés à des capteurs de perception",0,0.1738478243
gerer-4.3,Organiser les rôles et les tâches,CAPT-Capt09,"Comparer les performances des capteurs (portée, résolution, fréquence)",0,0.1628278792
gerer-4.3,Organiser les rôles et les tâches,CAPT-Capt10,Interpréter les résultats de détection ou de mesure de distance,0,0.1664402187
gerer-4.3,Organiser les rôles et les tâches,CAPT-Capt11,Appliquer un filtrage simple pour réduire le bruit sur un signal mesuré,0,0.0980692208
gerer-4.3,Organiser les rôles et les tâches,CAPT-Capt12,"Synchroniser les données issues de capteurs différents (IMU, GPS)",0,0.1975309253
gerer-4.3,Organiser les rôles et les tâches,CAPT-Capt13,Prétraiter les données pour compenser les dérives ou biais,0,0.1288578510
gerer-4.3,Organiser les rôles et les tâches,CAPT-Capt14,Mettre en œuvre un filtre de Kalman linéaire,0,0.1543978155
gerer-4.3,Organiser les rôles et les tâches,CAPT-Capt15,Présenter les limites du modèle linéaire et expliquer le filtre de Kalman étendu,0,0.0908026472
gerer-4.3,Organiser les rôles et les tâches,CAPT-Capt16,Expliquer les intérêts d’une fusion multi-capteurs pour la robustesse,0,0.1974099129
gerer-4.3,Organiser les rôles et les tâches,CAPT-Capt17,Interpréter les résultats de la fusion dans le contexte de la navigation,0,0.2020570785
gerer-4.3,Organiser les rôles et les tâches,CAPT-Capt18,Utiliser un capteur avec une carte raspberry,0,0.0693782866
gerer-4.3,Organiser les rôles et les tâches,CAPT-Capt19,"Développer un programme python pour utiliser les capteurs ou pour traiter les données (filtre, kalman…)",0,0.1778802872
communiquer-1.1,Documenter le code à l’aide d’un framework,CAPT-Capt01,"Définir et classer les différents types de capteurs en fonction de leurs caractéristiques : actif/passif, nature du mesurande ou du signal de sortie, analogique/numérique/logique, mesure directe/indirecte",0,0.1637510955
communiquer-1.1,Documenter le code à l’aide d’un framework,CAPT-Capt02,Décrire les signaux/données d'entrée/sortie,0,0.2708673179
communiquer-1.1,Documenter le code à l’aide d’un framework,CAPT-Capt03,Définir les caractéristiques métrologiques des capteurs,0,0.2282326967
communiquer-1.1,Documenter le code à l’aide d’un framework,CAPT-Capt04,Caractériser les erreurs de mesures liées aux capteurs.,0,0.1150813475
communiquer-1.1,Documenter le code à l’aide d’un framework,CAPT-Capt05,"Interpréter la position dans différents repères de référence (géocentrique, terrestre, local, ENU, NED)",0,0.1924457848
communiquer-1.1,Documenter le code à l’aide d’un framework,CAPT-Capt06,Analyser des trames NMEA pour extraire les données utiles,0,0.3273491859
communiquer-1.1,Documenter le code à l’aide d’un framework,CAPT-Capt07,"Comparer différentes représentations de l’orientation (angles, matrices)",0,0.1888945103
communiquer-1.1,Documenter le code à l’aide d’un framework,CAPT-Capt08,"Décrire les principes physiques (semi-conducteur, laser) associés à des capteurs de perception",0,0.1770980507
communiquer-1.1,Documenter le code à l’aide d’un framework,CAPT-Capt09,"Comparer les performances des capteurs (portée, résolution, fréquence)",0,0.1572079509
communiquer-1.1,Documenter le code à l’aide d’un framework,CAPT-Capt10,Interpréter les résultats de détection ou de mesure de distance,0,0.1173340902
communiquer-1.1,Documenter le code à l’aide d’un framework,CAPT-Capt11,Appliquer un filtrage simple pour réduire le bruit sur un signal mesuré,0,0.1573667675
communiquer-1.1,Documenter le code à l’aide d’un framework,CAPT-Capt12,"Synchroniser les données issues de capteurs différents (IMU, GPS)",0,0.2279888093
communiquer-1.1,Documenter le code à l’aide d’un framework,CAPT-Capt13,Prétraiter les données pour compenser les dérives ou biais,0,0.1845450848
communiquer-1.1,Documenter le code à l’aide d’un framework,CAPT-Capt14,Mettre en œuvre un filtre de Kalman linéaire,0,0.2254226953
communiquer-1.1,Documenter le code à l’aide d’un framework,CAPT-Capt15,Présenter les limites du modèle linéaire et expliquer le filtre de Kalman étendu,0,0.2106955796
communiquer-1.1,Documenter le code à l’aide d’un framework,CAPT-Capt16,Expliquer les intérêts d’une fusion multi-capteurs pour la robustesse,0,0.1734145582
communiquer-1.1,Documenter le code à l’aide d’un framework,CAPT-Capt17,Interpréter les résultats de la fusion dans le contexte de la navigation,0,0.2298641950
communiquer-1.1,Documenter le code à l’aide d’un framework,CAPT-Capt18,Utiliser un capteur avec une carte raspberry,0,0.1521131247
communiquer-1.1,Documenter le code à l’aide d’un framework,CAPT-Capt19,"Développer un programme python pour utiliser les capteurs ou pour traiter les données (filtre, kalman…)",0,0.2706308663
communiquer-1.2,Rédiger un rapport cohérent retraçant toutes les étapes du cycle de vie du projet,CAPT-Capt01,"Définir et classer les différents types de capteurs en fonction de leurs caractéristiques : actif/passif, nature du mesurande ou du signal de sortie, analogique/numérique/logique, mesure directe/indirecte",0,0.1847973168
communiquer-1.2,Rédiger un rapport cohérent retraçant toutes les étapes du cycle de vie du projet,CAPT-Capt02,Décrire les signaux/données d'entrée/sortie,0,0.4153312147
communiquer-1.2,Rédiger un rapport cohérent retraçant toutes les étapes du cycle de vie du projet,CAPT-Capt03,Définir les caractéristiques métrologiques des capteurs,0,0.2335577756
communiquer-1.2,Rédiger un rapport cohérent retraçant toutes les étapes du cycle de vie du projet,CAPT-Capt04,Caractériser les erreurs de mesures liées aux capteurs.,0,0.1149342805
communiquer-1.2,Rédiger un rapport cohérent retraçant toutes les étapes du cycle de vie du projet,CAPT-Capt05,"Interpréter la position dans différents repères de référence (géocentrique, terrestre, local, ENU, NED)",0,0.3110534549
communiquer-1.2,Rédiger un rapport cohérent retraçant toutes les étapes du cycle de vie du projet,CAPT-Capt06,Analyser des trames NMEA pour extraire les données utiles,0,0.2285528481
communiquer-1.2,Rédiger un rapport cohérent retraçant toutes les étapes du cycle de vie du projet,CAPT-Capt07,"Comparer différentes représentations de l’orientation (angles, matrices)",0,0.2345141768
communiquer-1.2,Rédiger un rapport cohérent retraçant toutes les étapes du cycle de vie du projet,CAPT-Capt08,"Décrire les principes physiques (semi-conducteur, laser) associés à des capteurs de perception",0,0.2021387815
communiquer-1.2,Rédiger un rapport cohérent retraçant toutes les étapes du cycle de vie du projet,CAPT-Capt09,"Comparer les performances des capteurs (portée, résolution, fréquence)",0,0.2651792169
communiquer-1.2,Rédiger un rapport cohérent retraçant toutes les étapes du cycle de vie du projet,CAPT-Capt10,Interpréter les résultats de détection ou de mesure de distance,0,0.2576631904
communiquer-1.2,Rédiger un rapport cohérent retraçant toutes les étapes du cycle de vie du projet,CAPT-Capt11,Appliquer un filtrage simple pour réduire le bruit sur un signal mesuré,0,0.1236418188
communiquer-1.2,Rédiger un rapport cohérent retraçant toutes les étapes du cycle de vie du projet,CAPT-Capt12,"Synchroniser les données issues de capteurs différents (IMU, GPS)",0,0.2264974713
communiquer-1.2,Rédiger un rapport cohérent retraçant toutes les étapes du cycle de vie du projet,CAPT-Capt13,Prétraiter les données pour compenser les dérives ou biais,0,0.1730701327
communiquer-1.2,Rédiger un rapport cohérent retraçant toutes les étapes du cycle de vie du projet,CAPT-Capt14,Mettre en œuvre un filtre de Kalman linéaire,0,0.1951232553
communiquer-1.2,Rédiger un rapport cohérent retraçant toutes les étapes du cycle de vie du projet,CAPT-Capt15,Présenter les limites du modèle linéaire et expliquer le filtre de Kalman étendu,0,0.2088387311
communiquer-1.2,Rédiger un rapport cohérent retraçant toutes les étapes du cycle de vie du projet,CAPT-Capt16,Expliquer les intérêts d’une fusion multi-capteurs pour la robustesse,0,0.3467371166
communiquer-1.2,Rédiger un rapport cohérent retraçant toutes les étapes du cycle de vie du projet,CAPT-Capt17,Interpréter les résultats de la fusion dans le contexte de la navigation,0,0.3196421266
communiquer-1.2,Rédiger un rapport cohérent retraçant toutes les étapes du cycle de vie du projet,CAPT-Capt18,Utiliser un capteur avec une carte raspberry,0,0.1088651121
communiquer-1.2,Rédiger un rapport cohérent retraçant toutes les étapes du cycle de vie du projet,CAPT-Capt19,"Développer un programme python pour utiliser les capteurs ou pour traiter les données (filtre, kalman…)",0,0.1219253242
communiquer-1.3,Représenter les modèles à l’aide de langage formel,CAPT-Capt01,"Définir et classer les différents types de capteurs en fonction de leurs caractéristiques : actif/passif, nature du mesurande ou du signal de sortie, analogique/numérique/logique, mesure directe/indirecte",0,0.2668461800
communiquer-1.3,Représenter les modèles à l’aide de langage formel,CAPT-Capt02,Décrire les signaux/données d'entrée/sortie,0,0.3056527674
communiquer-1.3,Représenter les modèles à l’aide de langage formel,CAPT-Capt03,Définir les caractéristiques métrologiques des capteurs,0,0.3093333840
communiquer-1.3,Représenter les modèles à l’aide de langage formel,CAPT-Capt04,Caractériser les erreurs de mesures liées aux capteurs.,0,0.2059289813
communiquer-1.3,Représenter les modèles à l’aide de langage formel,CAPT-Capt05,"Interpréter la position dans différents repères de référence (géocentrique, terrestre, local, ENU, NED)",0,0.2991756201
communiquer-1.3,Représenter les modèles à l’aide de langage formel,CAPT-Capt06,Analyser des trames NMEA pour extraire les données utiles,0,0.3062824309
communiquer-1.3,Représenter les modèles à l’aide de langage formel,CAPT-Capt07,"Comparer différentes représentations de l’orientation (angles, matrices)",0,0.4722652733
communiquer-1.3,Représenter les modèles à l’aide de langage formel,CAPT-Capt08,"Décrire les principes physiques (semi-conducteur, laser) associés à des capteurs de perception",0,0.3470039964
communiquer-1.3,Représenter les modèles à l’aide de langage formel,CAPT-Capt09,"Comparer les performances des capteurs (portée, résolution, fréquence)",0,0.2707169056
communiquer-1.3,Représenter les modèles à l’aide de langage formel,CAPT-Capt10,Interpréter les résultats de détection ou de mesure de distance,0,0.2310805917
communiquer-1.3,Représenter les modèles à l’aide de langage formel,CAPT-Capt11,Appliquer un filtrage simple pour réduire le bruit sur un signal mesuré,0,0.1783669293
communiquer-1.3,Représenter les modèles à l’aide de langage formel,CAPT-Capt12,"Synchroniser les données issues de capteurs différents (IMU, GPS)",0,0.2873787582
communiquer-1.3,Représenter les modèles à l’aide de langage formel,CAPT-Capt13,Prétraiter les données pour compenser les dérives ou biais,0,0.2588166595
communiquer-1.3,Représenter les modèles à l’aide de langage formel,CAPT-Capt14,Mettre en œuvre un filtre de Kalman linéaire,0,0.2571732104
communiquer-1.3,Représenter les modèles à l’aide de langage formel,CAPT-Capt15,Présenter les limites du modèle linéaire et expliquer le filtre de Kalman étendu,0,0.3498621881
communiquer-1.3,Représenter les modèles à l’aide de langage formel,CAPT-Capt16,Expliquer les intérêts d’une fusion multi-capteurs pour la robustesse,0,0.2200358808
communiquer-1.3,Représenter les modèles à l’aide de langage formel,CAPT-Capt17,Interpréter les résultats de la fusion dans le contexte de la navigation,0,0.2692021728
communiquer-1.3,Représenter les modèles à l’aide de langage formel,CAPT-Capt18,Utiliser un capteur avec une carte raspberry,0,0.1180701628
communiquer-1.3,Représenter les modèles à l’aide de langage formel,CAPT-Capt19,"Développer un programme python pour utiliser les capteurs ou pour traiter les données (filtre, kalman…)",0,0.2374724448
communiquer-2.1,Rédiger des supports de présentation,CAPT-Capt01,"Définir et classer les différents types de capteurs en fonction de leurs caractéristiques : actif/passif, nature du mesurande ou du signal de sortie, analogique/numérique/logique, mesure directe/indirecte",0,0.1329455972
communiquer-2.1,Rédiger des supports de présentation,CAPT-Capt02,Décrire les signaux/données d'entrée/sortie,0,0.3624556661
communiquer-2.1,Rédiger des supports de présentation,CAPT-Capt03,Définir les caractéristiques métrologiques des capteurs,0,0.1530166566
communiquer-2.1,Rédiger des supports de présentation,CAPT-Capt04,Caractériser les erreurs de mesures liées aux capteurs.,0,0.1208036244
communiquer-2.1,Rédiger des supports de présentation,CAPT-Capt05,"Interpréter la position dans différents repères de référence (géocentrique, terrestre, local, ENU, NED)",0,0.2448621839
communiquer-2.1,Rédiger des supports de présentation,CAPT-Capt06,Analyser des trames NMEA pour extraire les données utiles,0,0.1441140175
communiquer-2.1,Rédiger des supports de présentation,CAPT-Capt07,"Comparer différentes représentations de l’orientation (angles, matrices)",0,0.1923612207
communiquer-2.1,Rédiger des supports de présentation,CAPT-Capt08,"Décrire les principes physiques (semi-conducteur, laser) associés à des capteurs de perception",0,0.2549956441
communiquer-2.1,Rédiger des supports de présentation,CAPT-Capt09,"Comparer les performances des capteurs (portée, résolution, fréquence)",0,0.1746463776
communiquer-2.1,Rédiger des supports de présentation,CAPT-Capt10,Interpréter les résultats de détection ou de mesure de distance,0,0.2101640999
communiquer-2.1,Rédiger des supports de présentation,CAPT-Capt11,Appliquer un filtrage simple pour réduire le bruit sur un signal mesuré,0,0.0605029613
communiquer-2.1,Rédiger des supports de présentation,CAPT-Capt12,"Synchroniser les données issues de capteurs différents (IMU, GPS)",0,0.1121737510
communiquer-2.1,Rédiger des supports de présentation,CAPT-Capt13,Prétraiter les données pour compenser les dérives ou biais,0,0.1151696518
communiquer-2.1,Rédiger des supports de présentation,CAPT-Capt14,Mettre en œuvre un filtre de Kalman linéaire,0,0.0416739248
communiquer-2.1,Rédiger des supports de présentation,CAPT-Capt15,Présenter les limites du modèle linéaire et expliquer le filtre de Kalman étendu,0,0.1014013514
communiquer-2.1,Rédiger des supports de présentation,CAPT-Capt16,Expliquer les intérêts d’une fusion multi-capteurs pour la robustesse,0,0.1881001145
communiquer-2.1,Rédiger des supports de présentation,CAPT-Capt17,Interpréter les résultats de la fusion dans le contexte de la navigation,0,0.1129793525
communiquer-2.1,Rédiger des supports de présentation,CAPT-Capt18,Utiliser un capteur avec une carte raspberry,0,0.0693819001
communiquer-2.1,Rédiger des supports de présentation,CAPT-Capt19,"Développer un programme python pour utiliser les capteurs ou pour traiter les données (filtre, kalman…)",0,0.0896174163
communiquer-2.2,Restituer oralement le travail réalisé,CAPT-Capt01,"Définir et classer les différents types de capteurs en fonction de leurs caractéristiques : actif/passif, nature du mesurande ou du signal de sortie, analogique/numérique/logique, mesure directe/indirecte",0,0.1811406612
communiquer-2.2,Restituer oralement le travail réalisé,CAPT-Capt02,Décrire les signaux/données d'entrée/sortie,0,0.4089260399
communiquer-2.2,Restituer oralement le travail réalisé,CAPT-Capt03,Définir les caractéristiques métrologiques des capteurs,0,0.1807506382
communiquer-2.2,Restituer oralement le travail réalisé,CAPT-Capt04,Caractériser les erreurs de mesures liées aux capteurs.,0,0.1240031049
communiquer-2.2,Restituer oralement le travail réalisé,CAPT-Capt05,"Interpréter la position dans différents repères de référence (géocentrique, terrestre, local, ENU, NED)",0,0.2139202654
communiquer-2.2,Restituer oralement le travail réalisé,CAPT-Capt06,Analyser des trames NMEA pour extraire les données utiles,0,0.1666850746
communiquer-2.2,Restituer oralement le travail réalisé,CAPT-Capt07,"Comparer différentes représentations de l’orientation (angles, matrices)",0,0.1062192023
communiquer-2.2,Restituer oralement le travail réalisé,CAPT-Capt08,"Décrire les principes physiques (semi-conducteur, laser) associés à des capteurs de perception",0,0.2107671201
communiquer-2.2,Restituer oralement le travail réalisé,CAPT-Capt09,"Comparer les performances des capteurs (portée, résolution, fréquence)",0,0.2575168014
communiquer-2.2,Restituer oralement le travail réalisé,CAPT-Capt10,Interpréter les résultats de détection ou de mesure de distance,0,0.2901597023
communiquer-2.2,Restituer oralement le travail réalisé,CAPT-Capt11,Appliquer un filtrage simple pour réduire le bruit sur un signal mesuré,0,0.1470617056
communiquer-2.2,Restituer oralement le travail réalisé,CAPT-Capt12,"Synchroniser les données issues de capteurs différents (IMU, GPS)",0,0.0976596475
communiquer-2.2,Restituer oralement le travail réalisé,CAPT-Capt13,Prétraiter les données pour compenser les dérives ou biais,0,0.0899489447
communiquer-2.2,Restituer oralement le travail réalisé,CAPT-Capt14,Mettre en œuvre un filtre de Kalman linéaire,0,0.0691291615
communiquer-2.2,Restituer oralement le travail réalisé,CAPT-Capt15,Présenter les limites du modèle linéaire et expliquer le filtre de Kalman étendu,0,0.1358743459
communiquer-2.2,Restituer oralement le travail réalisé,CAPT-Capt16,Expliquer les intérêts d’une fusion multi-capteurs pour la robustesse,0,0.1861788630
communiquer-2.2,Restituer oralement le travail réalisé,CAPT-Capt17,Interpréter les résultats de la fusion dans le contexte de la navigation,0,0.2055657208
communiquer-2.2,Restituer oralement le travail réalisé,CAPT-Capt18,Utiliser un capteur avec une carte raspberry,0,0.0842447728
communiquer-2.2,Restituer oralement le travail réalisé,CAPT-Capt19,"Développer un programme python pour utiliser les capteurs ou pour traiter les données (filtre, kalman…)",0,0.1156225502
communiquer-2.3,Synthétiser le travail réalisé,CAPT-Capt01,"Définir et classer les différents types de capteurs en fonction de leurs caractéristiques : actif/passif, nature du mesurande ou du signal de sortie, analogique/numérique/logique, mesure directe/indirecte",0,0.2001284808
communiquer-2.3,Synthétiser le travail réalisé,CAPT-Capt02,Décrire les signaux/données d'entrée/sortie,0,0.3955026269
communiquer-2.3,Synthétiser le travail réalisé,CAPT-Capt03,Définir les caractéristiques métrologiques des capteurs,0,0.2318351269
communiquer-2.3,Synthétiser le travail réalisé,CAPT-Capt04,Caractériser les erreurs de mesures liées aux capteurs.,0,0.1847568303
communiquer-2.3,Synthétiser le travail réalisé,CAPT-Capt05,"Interpréter la position dans différents repères de référence (géocentrique, terrestre, local, ENU, NED)",0,0.2918543220
communiquer-2.3,Synthétiser le travail réalisé,CAPT-Capt06,Analyser des trames NMEA pour extraire les données utiles,0,0.3151937723
communiquer-2.3,Synthétiser le travail réalisé,CAPT-Capt07,"Comparer différentes représentations de l’orientation (angles, matrices)",0,0.2214885354
communiquer-2.3,Synthétiser le travail réalisé,CAPT-Capt08,"Décrire les principes physiques (semi-conducteur, laser) associés à des capteurs de perception",0,0.2422416806
communiquer-2.3,Synthétiser le travail réalisé,CAPT-Capt09,"Comparer les performances des capteurs (portée, résolution, fréquence)",0,0.3003986776
communiquer-2.3,Synthétiser le travail réalisé,CAPT-Capt10,Interpréter les résultats de détection ou de mesure de distance,0,0.2883947194
communiquer-2.3,Synthétiser le travail réalisé,CAPT-Capt11,Appliquer un filtrage simple pour réduire le bruit sur un signal mesuré,0,0.1597037613
communiquer-2.3,Synthétiser le travail réalisé,CAPT-Capt12,"Synchroniser les données issues de capteurs différents (IMU, GPS)",0,0.2418451905
communiquer-2.3,Synthétiser le travail réalisé,CAPT-Capt13,Prétraiter les données pour compenser les dérives ou biais,0,0.1969416440
communiquer-2.3,Synthétiser le travail réalisé,CAPT-Capt14,Mettre en œuvre un filtre de Kalman linéaire,0,0.1202283204
communiquer-2.3,Synthétiser le travail réalisé,CAPT-Capt15,Présenter les limites du modèle linéaire et expliquer le filtre de Kalman étendu,0,0.1483564377
communiquer-2.3,Synthétiser le travail réalisé,CAPT-Capt16,Expliquer les intérêts d’une fusion multi-capteurs pour la robustesse,0,0.2764016688
communiquer-2.3,Synthétiser le travail réalisé,CAPT-Capt17,Interpréter les résultats de la fusion dans le contexte de la navigation,0,0.2770228088
communiquer-2.3,Synthétiser le travail réalisé,CAPT-Capt18,Utiliser un capteur avec une carte raspberry,0,0.0781109482
communiquer-2.3,Synthétiser le travail réalisé,CAPT-Capt19,"Développer un programme python pour utiliser les capteurs ou pour traiter les données (filtre, kalman…)",0,0.1298714429
communiquer-3.1,Interpréter les résultats dans le contexte du problème,CAPT-Capt01,"Définir et classer les différents types de capteurs en fonction de leurs caractéristiques : actif/passif, nature du mesurande ou du signal de sortie, analogique/numérique/logique, mesure directe/indirecte",0,0.2708993852
communiquer-3.1,Interpréter les résultats dans le contexte du problème,CAPT-Capt02,Décrire les signaux/données d'entrée/sortie,0,0.3937867284
communiquer-3.1,Interpréter les résultats dans le contexte du problème,CAPT-Capt03,Définir les caractéristiques métrologiques des capteurs,0,0.3225746751
communiquer-3.1,Interpréter les résultats dans le contexte du problème,CAPT-Capt04,Caractériser les erreurs de mesures liées aux capteurs.,0,0.3017744124
communiquer-3.1,Interpréter les résultats dans le contexte du problème,CAPT-Capt05,"Interpréter la position dans différents repères de référence (géocentrique, terrestre, local, ENU, NED)",0,0.4162167311
communiquer-3.1,Interpréter les résultats dans le contexte du problème,CAPT-Capt06,Analyser des trames NMEA pour extraire les données utiles,0,0.3519238234
communiquer-3.1,Interpréter les résultats dans le contexte du problème,CAPT-Capt07,"Comparer différentes représentations de l’orientation (angles, matrices)",0,0.2962498069
communiquer-3.1,Interpréter les résultats dans le contexte du problème,CAPT-Capt08,"Décrire les principes physiques (semi-conducteur, laser) associés à des capteurs de perception",0,0.3121120632
communiquer-3.1,Interpréter les résultats dans le contexte du problème,CAPT-Capt09,"Comparer les performances des capteurs (portée, résolution, fréquence)",0,0.3452434242
communiquer-3.1,Interpréter les résultats dans le contexte du problème,CAPT-Capt10,Interpréter les résultats de détection ou de mesure de distance,1,0.6109350920
communiquer-3.1,Interpréter les résultats dans le contexte du problème,CAPT-Capt11,Appliquer un filtrage simple pour réduire le bruit sur un signal mesuré,0,0.2572740316
communiquer-3.1,Interpréter les résultats dans le contexte du problème,CAPT-Capt12,"Synchroniser les données issues de capteurs différents (IMU, GPS)",0,0.2020992637
communiquer-3.1,Interpréter les résultats dans le contexte du problème,CAPT-Capt13,Prétraiter les données pour compenser les dérives ou biais,0,0.3876538873
communiquer-3.1,Interpréter les résultats dans le contexte du problème,CAPT-Capt14,Mettre en œuvre un filtre de Kalman linéaire,0,0.1545166671
communiquer-3.1,Interpréter les résultats dans le contexte du problème,CAPT-Capt15,Présenter les limites du modèle linéaire et expliquer le filtre de Kalman étendu,0,0.2505363822
communiquer-3.1,Interpréter les résultats dans le contexte du problème,CAPT-Capt16,Expliquer les intérêts d’une fusion multi-capteurs pour la robustesse,1,0.1713372618
communiquer-3.1,Interpréter les résultats dans le contexte du problème,CAPT-Capt17,Interpréter les résultats de la fusion dans le contexte de la navigation,1,0.4148404598
communiquer-3.1,Interpréter les résultats dans le contexte du problème,CAPT-Capt18,Utiliser un capteur avec une carte raspberry,0,0.1851198971
communiquer-3.1,Interpréter les résultats dans le contexte du problème,CAPT-Capt19,"Développer un programme python pour utiliser les capteurs ou pour traiter les données (filtre, kalman…)",0,0.2217425108
communiquer-3.2,Critiquer les résultats,CAPT-Capt01,"Définir et classer les différents types de capteurs en fonction de leurs caractéristiques : actif/passif, nature du mesurande ou du signal de sortie, analogique/numérique/logique, mesure directe/indirecte",0,0.2442016155
communiquer-3.2,Critiquer les résultats,CAPT-Capt02,Décrire les signaux/données d'entrée/sortie,0,0.3036075234
communiquer-3.2,Critiquer les résultats,CAPT-Capt03,Définir les caractéristiques métrologiques des capteurs,0,0.2865238786
communiquer-3.2,Critiquer les résultats,CAPT-Capt04,Caractériser les erreurs de mesures liées aux capteurs.,0,0.3429168463
communiquer-3.2,Critiquer les résultats,CAPT-Capt05,"Interpréter la position dans différents repères de référence (géocentrique, terrestre, local, ENU, NED)",0,0.2027663887
communiquer-3.2,Critiquer les résultats,CAPT-Capt06,Analyser des trames NMEA pour extraire les données utiles,0,0.2001167387
communiquer-3.2,Critiquer les résultats,CAPT-Capt07,"Comparer différentes représentations de l’orientation (angles, matrices)",0,0.1772220731
communiquer-3.2,Critiquer les résultats,CAPT-Capt08,"Décrire les principes physiques (semi-conducteur, laser) associés à des capteurs de perception",0,0.2251052111
communiquer-3.2,Critiquer les résultats,CAPT-Capt09,"Comparer les performances des capteurs (portée, résolution, fréquence)",0,0.3116649687
communiquer-3.2,Critiquer les résultats,CAPT-Capt10,Interpréter les résultats de détection ou de mesure de distance,0,0.3879529238
communiquer-3.2,Critiquer les résultats,CAPT-Capt11,Appliquer un filtrage simple pour réduire le bruit sur un signal mesuré,0,0.1895841956
communiquer-3.2,Critiquer les résultats,CAPT-Capt12,"Synchroniser les données issues de capteurs différents (IMU, GPS)",0,0.0733673647
communiquer-3.2,Critiquer les résultats,CAPT-Capt13,Prétraiter les données pour compenser les dérives ou biais,1,0.2656326890
communiquer-3.2,Critiquer les résultats,CAPT-Capt14,Mettre en œuvre un filtre de Kalman linéaire,0,0.1124411970
communiquer-3.2,Critiquer les résultats,CAPT-Capt15,Présenter les limites du modèle linéaire et expliquer le filtre de Kalman étendu,1,0.1782062501
communiquer-3.2,Critiquer les résultats,CAPT-Capt16,Expliquer les intérêts d’une fusion multi-capteurs pour la robustesse,0,0.1180459857
communiquer-3.2,Critiquer les résultats,CAPT-Capt17,Interpréter les résultats de la fusion dans le contexte de la navigation,0,0.2268352211
communiquer-3.2,Critiquer les résultats,CAPT-Capt18,Utiliser un capteur avec une carte raspberry,0,0.1555068344
communiquer-3.2,Critiquer les résultats,CAPT-Capt19,"Développer un programme python pour utiliser les capteurs ou pour traiter les données (filtre, kalman…)",0,0.1313410848
communiquer-3.3,Proposer des perspectives,CAPT-Capt01,"Définir et classer les différents types de capteurs en fonction de leurs caractéristiques : actif/passif, nature du mesurande ou du signal de sortie, analogique/numérique/logique, mesure directe/indirecte",0,0.2194555402
communiquer-3.3,Proposer des perspectives,CAPT-Capt02,Décrire les signaux/données d'entrée/sortie,0,0.3054613173
communiquer-3.3,Proposer des perspectives,CAPT-Capt03,Définir les caractéristiques métrologiques des capteurs,0,0.2222713083
communiquer-3.3,Proposer des perspectives,CAPT-Capt04,Caractériser les erreurs de mesures liées aux capteurs.,0,0.2332414091
communiquer-3.3,Proposer des perspectives,CAPT-Capt05,"Interpréter la position dans différents repères de référence (géocentrique, terrestre, local, ENU, NED)",0,0.3578320742
communiquer-3.3,Proposer des perspectives,CAPT-Capt06,Analyser des trames NMEA pour extraire les données utiles,0,0.1726791412
communiquer-3.3,Proposer des perspectives,CAPT-Capt07,"Comparer différentes représentations de l’orientation (angles, matrices)",0,0.3439300656
communiquer-3.3,Proposer des perspectives,CAPT-Capt08,"Décrire les principes physiques (semi-conducteur, laser) associés à des capteurs de perception",0,0.3308568299
communiquer-3.3,Proposer des perspectives,CAPT-Capt09,"Comparer les performances des capteurs (portée, résolution, fréquence)",0,0.2998089790
communiquer-3.3,Proposer des perspectives,CAPT-Capt10,Interpréter les résultats de détection ou de mesure de distance,0,0.4514009356
communiquer-3.3,Proposer des perspectives,CAPT-Capt11,Appliquer un filtrage simple pour réduire le bruit sur un signal mesuré,0,0.0838644505
communiquer-3.3,Proposer des perspectives,CAPT-Capt12,"Synchroniser les données issues de capteurs différents (IMU, GPS)",0,0.0930484831
communiquer-3.3,Proposer des perspectives,CAPT-Capt13,Prétraiter les données pour compenser les dérives ou biais,0,0.1906421781
communiquer-3.3,Proposer des perspectives,CAPT-Capt14,Mettre en œuvre un filtre de Kalman linéaire,0,0.1172167882
communiquer-3.3,Proposer des perspectives,CAPT-Capt15,Présenter les limites du modèle linéaire et expliquer le filtre de Kalman étendu,0,0.2328409553
communiquer-3.3,Proposer des perspectives,CAPT-Capt16,Expliquer les intérêts d’une fusion multi-capteurs pour la robustesse,0,0.1852287054
communiquer-3.3,Proposer des perspectives,CAPT-Capt17,Interpréter les résultats de la fusion dans le contexte de la navigation,0,0.2490455508
communiquer-3.3,Proposer des perspectives,CAPT-Capt18,Utiliser un capteur avec une carte raspberry,0,0.1032500863
communiquer-3.3,Proposer des perspectives,CAPT-Capt19,"Développer un programme python pour utiliser les capteurs ou pour traiter les données (filtre, kalman…)",0,0.1259039640
communiquer-3.4,Représenter de manière humainement compréhensible (graphiquement) les résultats,CAPT-Capt01,"Définir et classer les différents types de capteurs en fonction de leurs caractéristiques : actif/passif, nature du mesurande ou du signal de sortie, analogique/numérique/logique, mesure directe/indirecte",0,0.2801678777
communiquer-3.4,Représenter de manière humainement compréhensible (graphiquement) les résultats,CAPT-Capt02,Décrire les signaux/données d'entrée/sortie,0,0.4410815537
communiquer-3.4,Représenter de manière humainement compréhensible (graphiquement) les résultats,CAPT-Capt03,Définir les caractéristiques métrologiques des capteurs,0,0.2776686251
communiquer-3.4,Représenter de manière humainement compréhensible (graphiquement) les résultats,CAPT-Capt04,Caractériser les erreurs de mesures liées aux capteurs.,0,0.2262735367
communiquer-3.4,Représenter de manière humainement compréhensible (graphiquement) les résultats,CAPT-Capt05,"Interpréter la position dans différents repères de référence (géocentrique, terrestre, local, ENU, NED)",0,0.2992900610
communiquer-3.4,Représenter de manière humainement compréhensible (graphiquement) les résultats,CAPT-Capt06,Analyser des trames NMEA pour extraire les données utiles,0,0.3495548666
communiquer-3.4,Représenter de manière humainement compréhensible (graphiquement) les résultats,CAPT-Capt07,"Comparer différentes représentations de l’orientation (angles, matrices)",0,0.3349990845
communiquer-3.4,Représenter de manière humainement compréhensible (graphiquement) les résultats,CAPT-Capt08,"Décrire les principes physiques (semi-conducteur, laser) associés à des capteurs de perception",0,0.2630543113
communiquer-3.4,Représenter de manière humainement compréhensible (graphiquement) les résultats,CAPT-Capt09,"Comparer les performances des capteurs (portée, résolution, fréquence)",0,0.3302761912
communiquer-3.4,Représenter de manière humainement compréhensible (graphiquement) les résultats,CAPT-Capt10,Interpréter les résultats de détection ou de mesure de distance,1,0.3964807391
communiquer-3.4,Représenter de manière humainement compréhensible (graphiquement) les résultats,CAPT-Capt11,Appliquer un filtrage simple pour réduire le bruit sur un signal mesuré,0,0.2222420722
communiquer-3.4,Représenter de manière humainement compréhensible (graphiquement) les résultats,CAPT-Capt12,"Synchroniser les données issues de capteurs différents (IMU, GPS)",0,0.2114798427
communiquer-3.4,Représenter de manière humainement compréhensible (graphiquement) les résultats,CAPT-Capt13,Prétraiter les données pour compenser les dérives ou biais,0,0.3045699298
communiquer-3.4,Représenter de manière humainement compréhensible (graphiquement) les résultats,CAPT-Capt14,Mettre en œuvre un filtre de Kalman linéaire,0,0.1694517285
communiquer-3.4,Représenter de manière humainement compréhensible (graphiquement) les résultats,CAPT-Capt15,Présenter les limites du modèle linéaire et expliquer le filtre de Kalman étendu,0,0.1861844361
communiquer-3.4,Représenter de manière humainement compréhensible (graphiquement) les résultats,CAPT-Capt16,Expliquer les intérêts d’une fusion multi-capteurs pour la robustesse,0,0.1547857225
communiquer-3.4,Représenter de manière humainement compréhensible (graphiquement) les résultats,CAPT-Capt17,Interpréter les résultats de la fusion dans le contexte de la navigation,1,0.3252627254
communiquer-3.4,Représenter de manière humainement compréhensible (graphiquement) les résultats,CAPT-Capt18,Utiliser un capteur avec une carte raspberry,0,0.1498879045
communiquer-3.4,Représenter de manière humainement compréhensible (graphiquement) les résultats,CAPT-Capt19,"Développer un programme python pour utiliser les capteurs ou pour traiter les données (filtre, kalman…)",1,0.2758927345
communiquer-4.1,Résumer une méthode de l’état de l’art,CAPT-Capt01,"Définir et classer les différents types de capteurs en fonction de leurs caractéristiques : actif/passif, nature du mesurande ou du signal de sortie, analogique/numérique/logique, mesure directe/indirecte",0,0.2545611858
communiquer-4.1,Résumer une méthode de l’état de l’art,CAPT-Capt02,Décrire les signaux/données d'entrée/sortie,0,0.2832861543
communiquer-4.1,Résumer une méthode de l’état de l’art,CAPT-Capt03,Définir les caractéristiques métrologiques des capteurs,0,0.2787835002
communiquer-4.1,Résumer une méthode de l’état de l’art,CAPT-Capt04,Caractériser les erreurs de mesures liées aux capteurs.,0,0.1721755564
communiquer-4.1,Résumer une méthode de l’état de l’art,CAPT-Capt05,"Interpréter la position dans différents repères de référence (géocentrique, terrestre, local, ENU, NED)",0,0.2692884505
communiquer-4.1,Résumer une méthode de l’état de l’art,CAPT-Capt06,Analyser des trames NMEA pour extraire les données utiles,0,0.3705618083
communiquer-4.1,Résumer une méthode de l’état de l’art,CAPT-Capt07,"Comparer différentes représentations de l’orientation (angles, matrices)",0,0.3772079945
communiquer-4.1,Résumer une méthode de l’état de l’art,CAPT-Capt08,"Décrire les principes physiques (semi-conducteur, laser) associés à des capteurs de perception",0,0.3409659564
communiquer-4.1,Résumer une méthode de l’état de l’art,CAPT-Capt09,"Comparer les performances des capteurs (portée, résolution, fréquence)",0,0.3164418042
communiquer-4.1,Résumer une méthode de l’état de l’art,CAPT-Capt10,Interpréter les résultats de détection ou de mesure de distance,0,0.3306612372
communiquer-4.1,Résumer une méthode de l’état de l’art,CAPT-Capt11,Appliquer un filtrage simple pour réduire le bruit sur un signal mesuré,0,0.2610561252
communiquer-4.1,Résumer une méthode de l’état de l’art,CAPT-Capt12,"Synchroniser les données issues de capteurs différents (IMU, GPS)",0,0.1567175686
communiquer-4.1,Résumer une méthode de l’état de l’art,CAPT-Capt13,Prétraiter les données pour compenser les dérives ou biais,0,0.2342186123
communiquer-4.1,Résumer une méthode de l’état de l’art,CAPT-Capt14,Mettre en œuvre un filtre de Kalman linéaire,0,0.3697400987
communiquer-4.1,Résumer une méthode de l’état de l’art,CAPT-Capt15,Présenter les limites du modèle linéaire et expliquer le filtre de Kalman étendu,0,0.3821498454
communiquer-4.1,Résumer une méthode de l’état de l’art,CAPT-Capt16,Expliquer les intérêts d’une fusion multi-capteurs pour la robustesse,0,0.2277955562
communiquer-4.1,Résumer une méthode de l’état de l’art,CAPT-Capt17,Interpréter les résultats de la fusion dans le contexte de la navigation,0,0.2930497527
communiquer-4.1,Résumer une méthode de l’état de l’art,CAPT-Capt18,Utiliser un capteur avec une carte raspberry,0,0.0371104181
communiquer-4.1,Résumer une méthode de l’état de l’art,CAPT-Capt19,"Développer un programme python pour utiliser les capteurs ou pour traiter les données (filtre, kalman…)",0,0.2214416862
communiquer-4.2,Adapter son discours au public,CAPT-Capt01,"Définir et classer les différents types de capteurs en fonction de leurs caractéristiques : actif/passif, nature du mesurande ou du signal de sortie, analogique/numérique/logique, mesure directe/indirecte",0,0.1875595152
communiquer-4.2,Adapter son discours au public,CAPT-Capt02,Décrire les signaux/données d'entrée/sortie,0,0.2237732112
communiquer-4.2,Adapter son discours au public,CAPT-Capt03,Définir les caractéristiques métrologiques des capteurs,0,0.1391387582
communiquer-4.2,Adapter son discours au public,CAPT-Capt04,Caractériser les erreurs de mesures liées aux capteurs.,0,0.1506688893
communiquer-4.2,Adapter son discours au public,CAPT-Capt05,"Interpréter la position dans différents repères de référence (géocentrique, terrestre, local, ENU, NED)",0,0.2345382720
communiquer-4.2,Adapter son discours au public,CAPT-Capt06,Analyser des trames NMEA pour extraire les données utiles,0,0.0183604751
communiquer-4.2,Adapter son discours au public,CAPT-Capt07,"Comparer différentes représentations de l’orientation (angles, matrices)",0,0.0726356357
communiquer-4.2,Adapter son discours au public,CAPT-Capt08,"Décrire les principes physiques (semi-conducteur, laser) associés à des capteurs de perception",0,0.1947198808
communiquer-4.2,Adapter son discours au public,CAPT-Capt09,"Comparer les performances des capteurs (portée, résolution, fréquence)",0,0.1801512837
communiquer-4.2,Adapter son discours au public,CAPT-Capt10,Interpréter les résultats de détection ou de mesure de distance,0,0.1714586318
communiquer-4.2,Adapter son discours au public,CAPT-Capt11,Appliquer un filtrage simple pour réduire le bruit sur un signal mesuré,0,0.1280281991
communiquer-4.2,Adapter son discours au public,CAPT-Capt12,"Synchroniser les données issues de capteurs différents (IMU, GPS)",0,0.0789033175
communiquer-4.2,Adapter son discours au public,CAPT-Capt13,Prétraiter les données pour compenser les dérives ou biais,0,0.0840899125
communiquer-4.2,Adapter son discours au public,CAPT-Capt14,Mettre en œuvre un filtre de Kalman linéaire,0,0.0894955099
communiquer-4.2,Adapter son discours au public,CAPT-Capt15,Présenter les limites du modèle linéaire et expliquer le filtre de Kalman étendu,0,0.1359111369
communiquer-4.2,Adapter son discours au public,CAPT-Capt16,Expliquer les intérêts d’une fusion multi-capteurs pour la robustesse,0,0.1114014238
communiquer-4.2,Adapter son discours au public,CAPT-Capt17,Interpréter les résultats de la fusion dans le contexte de la navigation,0,0.0823617131
communiquer-4.2,Adapter son discours au public,CAPT-Capt18,Utiliser un capteur avec une carte raspberry,0,0.0568865091
communiquer-4.2,Adapter son discours au public,CAPT-Capt19,"Développer un programme python pour utiliser les capteurs ou pour traiter les données (filtre, kalman…)",0,0.1206409410
communiquer-4.3,Organiser la parole au sein d’un groupe,CAPT-Capt01,"Définir et classer les différents types de capteurs en fonction de leurs caractéristiques : actif/passif, nature du mesurande ou du signal de sortie, analogique/numérique/logique, mesure directe/indirecte",0,0.1803457588
communiquer-4.3,Organiser la parole au sein d’un groupe,CAPT-Capt02,Décrire les signaux/données d'entrée/sortie,0,0.2925746143
communiquer-4.3,Organiser la parole au sein d’un groupe,CAPT-Capt03,Définir les caractéristiques métrologiques des capteurs,0,0.1412198395
communiquer-4.3,Organiser la parole au sein d’un groupe,CAPT-Capt04,Caractériser les erreurs de mesures liées aux capteurs.,0,0.0793322697
communiquer-4.3,Organiser la parole au sein d’un groupe,CAPT-Capt05,"Interpréter la position dans différents repères de référence (géocentrique, terrestre, local, ENU, NED)",0,0.2679842114
communiquer-4.3,Organiser la parole au sein d’un groupe,CAPT-Capt06,Analyser des trames NMEA pour extraire les données utiles,0,0.1981665492
communiquer-4.3,Organiser la parole au sein d’un groupe,CAPT-Capt07,"Comparer différentes représentations de l’orientation (angles, matrices)",0,0.1865355968
communiquer-4.3,Organiser la parole au sein d’un groupe,CAPT-Capt08,"Décrire les principes physiques (semi-conducteur, laser) associés à des capteurs de perception",0,0.1728983521
communiquer-4.3,Organiser la parole au sein d’un groupe,CAPT-Capt09,"Comparer les performances des capteurs (portée, résolution, fréquence)",0,0.1814716756
communiquer-4.3,Organiser la parole au sein d’un groupe,CAPT-Capt10,Interpréter les résultats de détection ou de mesure de distance,0,0.1896865964
communiquer-4.3,Organiser la parole au sein d’un groupe,CAPT-Capt11,Appliquer un filtrage simple pour réduire le bruit sur un signal mesuré,0,0.1345472485
communiquer-4.3,Organiser la parole au sein d’un groupe,CAPT-Capt12,"Synchroniser les données issues de capteurs différents (IMU, GPS)",0,0.1992806494
communiquer-4.3,Organiser la parole au sein d’un groupe,CAPT-Capt13,Prétraiter les données pour compenser les dérives ou biais,0,0.0782235786
communiquer-4.3,Organiser la parole au sein d’un groupe,CAPT-Capt14,Mettre en œuvre un filtre de Kalman linéaire,0,0.0912684649
communiquer-4.3,Organiser la parole au sein d’un groupe,CAPT-Capt15,Présenter les limites du modèle linéaire et expliquer le filtre de Kalman étendu,0,0.1203359365
communiquer-4.3,Organiser la parole au sein d’un groupe,CAPT-Capt16,Expliquer les intérêts d’une fusion multi-capteurs pour la robustesse,0,0.1578942239
communiquer-4.3,Organiser la parole au sein d’un groupe,CAPT-Capt17,Interpréter les résultats de la fusion dans le contexte de la navigation,0,0.2389301658
communiquer-4.3,Organiser la parole au sein d’un groupe,CAPT-Capt18,Utiliser un capteur avec une carte raspberry,0,-0.0014677440
communiquer-4.3,Organiser la parole au sein d’un groupe,CAPT-Capt19,"Développer un programme python pour utiliser les capteurs ou pour traiter les données (filtre, kalman…)",0,0.1078928113
communiquer-4.4,Convaincre son interlocuteur,CAPT-Capt01,"Définir et classer les différents types de capteurs en fonction de leurs caractéristiques : actif/passif, nature du mesurande ou du signal de sortie, analogique/numérique/logique, mesure directe/indirecte",0,0.0618056245
communiquer-4.4,Convaincre son interlocuteur,CAPT-Capt02,Décrire les signaux/données d'entrée/sortie,0,0.2196399570
communiquer-4.4,Convaincre son interlocuteur,CAPT-Capt03,Définir les caractéristiques métrologiques des capteurs,0,0.1261576563
communiquer-4.4,Convaincre son interlocuteur,CAPT-Capt04,Caractériser les erreurs de mesures liées aux capteurs.,0,0.1237741262
communiquer-4.4,Convaincre son interlocuteur,CAPT-Capt05,"Interpréter la position dans différents repères de référence (géocentrique, terrestre, local, ENU, NED)",0,0.1526042223
communiquer-4.4,Convaincre son interlocuteur,CAPT-Capt06,Analyser des trames NMEA pour extraire les données utiles,0,-0.0193986222
communiquer-4.4,Convaincre son interlocuteur,CAPT-Capt07,"Comparer différentes représentations de l’orientation (angles, matrices)",0,0.1320716441
communiquer-4.4,Convaincre son interlocuteur,CAPT-Capt08,"Décrire les principes physiques (semi-conducteur, laser) associés à des capteurs de perception",0,0.1647773087
communiquer-4.4,Convaincre son interlocuteur,CAPT-Capt09,"Comparer les performances des capteurs (portée, résolution, fréquence)",0,0.1263031662
communiquer-4.4,Convaincre son interlocuteur,CAPT-Capt10,Interpréter les résultats de détection ou de mesure de distance,0,0.1430145651
communiquer-4.4,Convaincre son interlocuteur,CAPT-Capt11,Appliquer un filtrage simple pour réduire le bruit sur un signal mesuré,0,0.0740347877
communiquer-4.4,Convaincre son interlocuteur,CAPT-Capt12,"Synchroniser les données issues de capteurs différents (IMU, GPS)",0,0.0622933954
communiquer-4.4,Convaincre son interlocuteur,CAPT-Capt13,Prétraiter les données pour compenser les dérives ou biais,0,0.0498237871
communiquer-4.4,Convaincre son interlocuteur,CAPT-Capt14,Mettre en œuvre un filtre de Kalman linéaire,0,0.0829846188
communiquer-4.4,Convaincre son interlocuteur,CAPT-Capt15,Présenter les limites du modèle linéaire et expliquer le filtre de Kalman étendu,0,0.1563644111
communiquer-4.4,Convaincre son interlocuteur,CAPT-Capt16,Expliquer les intérêts d’une fusion multi-capteurs pour la robustesse,0,0.1683740020
communiquer-4.4,Convaincre son interlocuteur,CAPT-Capt17,Interpréter les résultats de la fusion dans le contexte de la navigation,0,0.1032375246
communiquer-4.4,Convaincre son interlocuteur,CAPT-Capt18,Utiliser un capteur avec une carte raspberry,0,0.0324948914
communiquer-4.4,Convaincre son interlocuteur,CAPT-Capt19,"Développer un programme python pour utiliser les capteurs ou pour traiter les données (filtre, kalman…)",0,0.0513317920
