AC-ID,AC-TITLE,AAD-ID,AAD-TITLE,LABEL,MEAN-MAXSIM
specifier-1.1,Décrire les types de données en entrée et sortie de chaque composant,AUTO-AUT01,"Définir et classer les systèmes selon des caractéristiques telles que : statique/dynamique, monovariable/multivariable, continu/discret, linéaire/non-linéaire, causal et invariant.",1,0.4940385818
specifier-1.1,Décrire les types de données en entrée et sortie de chaque composant,AUTO-AUT02,"Décrire la nature des signaux d'entrée/sortie, qu'ils soient continus ou discrets.",1,0.5093059540
specifier-1.1,Décrire les types de données en entrée et sortie de chaque composant,AUTO-AUT03,"Identifier la classe d’un système à partir de sa réponse indicielle, impulsionnelle, etc.",1,0.3319496512
specifier-1.1,Décrire les types de données en entrée et sortie de chaque composant,AUTO-AUT04,Représenter des signaux en utilisant un outil numérique (Scilab),0,0.4190920293
specifier-1.1,Décrire les types de données en entrée et sortie de chaque composant,AUTO-AUT05,Analyser la stabilité d’un système en étudiant sa fonction de transfert à l’aide d’un outil numérique (Scilab),0,0.4393947423
specifier-1.1,Décrire les types de données en entrée et sortie de chaque composant,AUTO-AUT06,"Tracer des les diagrammes de réponse en fréquence (gain, phase) à l’aide d’un outil numérique (Scilab)",0,0.4417344928
specifier-1.1,Décrire les types de données en entrée et sortie de chaque composant,AUTO-AUT07,"Identifier les exigences clés dans la conception d’un système de commande : stabilité, marges, précision, rapidité, rejet des perturbations, robustesse.",0,0.3927394450
specifier-1.1,Décrire les types de données en entrée et sortie de chaque composant,AUTO-AUT08,"Proposer une stratégie générale pour analyser un système non corrigé, définir les exigences, synthétiser un correcteur et vérifier les performances.",0,0.3794161379
specifier-1.1,Décrire les types de données en entrée et sortie de chaque composant,AUTO-AUT09,Déterminer la fonction de transfert d'un système LTI continu à partir de son équation différentielle.,0,0.3566335142
specifier-1.1,Décrire les types de données en entrée et sortie de chaque composant,AUTO-AUT10,"Identifier les éléments caractéristiques d'une fonction de transfert : pôles, zéros et gain.",0,0.3291654587
specifier-1.1,Décrire les types de données en entrée et sortie de chaque composant,AUTO-AUT11,"Analyser la réponse temporelle des systèmes du premier ordre (intégrateur, premier ordre) soumis à des signaux d’entrée standards.",0,0.4212030768
specifier-1.1,Décrire les types de données en entrée et sortie de chaque composant,AUTO-AUT12,"Analyser les caractéristiques temporelles (amortissement, oscillations, temps de stabilisation) des systèmes du second ordre en fonction de leurs pôles et de leurs paramètres.",0,0.4340546131
specifier-1.1,Décrire les types de données en entrée et sortie de chaque composant,AUTO-AUT13,Appliquer la transformée de Laplace et ses propriétés aux signaux et aux systèmes.,0,0.2898091078
specifier-1.1,Décrire les types de données en entrée et sortie de chaque composant,AUTO-AUT14,"Analyser la réponse fréquentielle des systèmes LTI à l’aide des diagrammes de Bode, Nyquist et Black.",0,0.3188361526
specifier-1.1,Décrire les types de données en entrée et sortie de chaque composant,AUTO-AUT15,Appliquer le critère de Routh pour déterminer la stabilité d’un système en boucle fermée à partir de son équation caractéristique.,0,0.3118039370
specifier-1.1,Décrire les types de données en entrée et sortie de chaque composant,AUTO-AUT16,Appliquer le critère de Nyquist pour déterminer la stabilité en boucle fermée à partir du diagramme de la fonction de transfert en boucle ouverte autour du point critique (-1).,0,0.4145701230
specifier-1.1,Décrire les types de données en entrée et sortie de chaque composant,AUTO-AUT17,"Évaluer les performances dynamiques (rapidité, amortissement) des systèmes en boucle fermée, en les reliant si possible aux caractéristiques en boucle ouverte.",0,0.3777573407
specifier-1.1,Décrire les types de données en entrée et sortie de chaque composant,AUTO-AUT18,"Interpréter les diagrammes de réponse fréquentielle (gain, phase) pour les systèmes élémentaires : gain pur, intégrateur, dérivateur, éléments du premier et du second ordre.",0,0.4325574636
specifier-1.1,Décrire les types de données en entrée et sortie de chaque composant,AUTO-AUT19,"Relier les performances en temps (constante de temps, temps de montée) aux notions fréquentielles (fréquence de coupure, bande passante) pour les systèmes du premier ordre.",0,0.3107173443
specifier-1.1,Décrire les types de données en entrée et sortie de chaque composant,AUTO-AUT20,Utiliser le critère du Revers pour une évaluation simplifiée de la stabilité à partir du diagramme de Nyquist ou de Black.,0,0.2509035170
specifier-1.1,Décrire les types de données en entrée et sortie de chaque composant,AUTO-AUT21,Identifier les pôles dominants dans les systèmes d’ordre supérieur et analyser leur influence sur la réponse transitoire.,0,0.3038505912
specifier-1.1,Décrire les types de données en entrée et sortie de chaque composant,AUTO-AUT22,Décrire la structure et le rôle d’un système automatique ou d’un système asservi (boucle de rétroaction).,0,0.4035002589
specifier-1.1,Décrire les types de données en entrée et sortie de chaque composant,AUTO-AUT23,Distinguer les caractéristiques des systèmes en boucle ouverte et en boucle fermée.,0,0.2910532355
specifier-1.1,Décrire les types de données en entrée et sortie de chaque composant,AUTO-AUT24,Analyser la stabilité des systèmes LTI à partir de la partie réelle des pôles de leur fonction de transfert.,0,0.3349594474
specifier-1.1,Décrire les types de données en entrée et sortie de chaque composant,AUTO-AUT25,Déterminer les marges de stabilité à partir des diagrammes fréquentiels en boucle ouverte.,0,0.2928794026
specifier-1.1,Décrire les types de données en entrée et sortie de chaque composant,AUTO-AUT26,Interpréter la signification des marges de stabilité pour évaluer la robustesse de la stabilité en boucle fermée.,0,0.2254837155
specifier-1.1,Décrire les types de données en entrée et sortie de chaque composant,AUTO-AUT27,Analyser l’erreur statique en régime permanent pour différents types de signaux d’entrée en fonction de la classe du système.,0,0.3677951097
specifier-1.1,Décrire les types de données en entrée et sortie de chaque composant,AUTO-AUT28,Analyser le rejet asymptotique des perturbations en fonction de la structure du système et du nombre d’intégrateurs.,0,0.4199117422
specifier-1.1,Décrire les types de données en entrée et sortie de chaque composant,AUTO-AUT29,Comprendre les limitations des systèmes non corrigés et la nécessité d’ajouter des correcteurs.,0,0.2126226276
specifier-1.1,Décrire les types de données en entrée et sortie de chaque composant,AUTO-AUT30,Décrire la fonction et les effets d’un correcteur intégral (I) sur les performances du système et sa réponse fréquentielle.,0,0.3623725772
specifier-1.1,Décrire les types de données en entrée et sortie de chaque composant,AUTO-AUT31,"Décrire la fonction et les effets d’un correcteur proportionnel-intégral (PI), combinant amélioration de la précision et impact minimal sur la dynamique rapide.",0,0.4241517186
specifier-1.1,Décrire les types de données en entrée et sortie de chaque composant,AUTO-AUT32,"Décrire la fonction et les effets d’un correcteur proportionnel-dérivatif (PD), améliorant principalement la stabilité et la dynamique rapide.",0,0.3972629905
specifier-1.1,Décrire les types de données en entrée et sortie de chaque composant,AUTO-AUT33,Décrire la fonction et les effets d’un correcteur à avance de phase comme approximation causale d’un correcteur PD.,0,0.4208177328
specifier-1.1,Décrire les types de données en entrée et sortie de chaque composant,AUTO-AUT34,Décrire les effets combinés et la structure d’un correcteur proportionnel-intégral-dérivatif (PID).,0,0.4076906443
specifier-1.1,Décrire les types de données en entrée et sortie de chaque composant,AUTO-AUT35,Tracer les diagrammes de Bode asymptotiques à partir de la forme normalisée de la fonction de transfert.,0,0.3293636441
specifier-1.1,Décrire les types de données en entrée et sortie de chaque composant,AUTO-AUT36,Tracer un diagramme de Nyquist,0,0.3471752405
specifier-1.1,Décrire les types de données en entrée et sortie de chaque composant,AUTO-AUT37,Tracer un diagramme de Black,0,0.3583037257
specifier-1.2,Décomposer et organiser un processus,AUTO-AUT01,"Définir et classer les systèmes selon des caractéristiques telles que : statique/dynamique, monovariable/multivariable, continu/discret, linéaire/non-linéaire, causal et invariant.",0,0.3992729187
specifier-1.2,Décomposer et organiser un processus,AUTO-AUT02,"Décrire la nature des signaux d'entrée/sortie, qu'ils soient continus ou discrets.",0,0.2094766498
specifier-1.2,Décomposer et organiser un processus,AUTO-AUT03,"Identifier la classe d’un système à partir de sa réponse indicielle, impulsionnelle, etc.",0,0.2126070559
specifier-1.2,Décomposer et organiser un processus,AUTO-AUT04,Représenter des signaux en utilisant un outil numérique (Scilab),0,0.1744804382
specifier-1.2,Décomposer et organiser un processus,AUTO-AUT05,Analyser la stabilité d’un système en étudiant sa fonction de transfert à l’aide d’un outil numérique (Scilab),0,0.3095631003
specifier-1.2,Décomposer et organiser un processus,AUTO-AUT06,"Tracer des les diagrammes de réponse en fréquence (gain, phase) à l’aide d’un outil numérique (Scilab)",0,0.2559920847
specifier-1.2,Décomposer et organiser un processus,AUTO-AUT07,"Identifier les exigences clés dans la conception d’un système de commande : stabilité, marges, précision, rapidité, rejet des perturbations, robustesse.",0,0.2742696106
specifier-1.2,Décomposer et organiser un processus,AUTO-AUT08,"Proposer une stratégie générale pour analyser un système non corrigé, définir les exigences, synthétiser un correcteur et vérifier les performances.",0,0.4076210856
specifier-1.2,Décomposer et organiser un processus,AUTO-AUT09,Déterminer la fonction de transfert d'un système LTI continu à partir de son équation différentielle.,0,0.3593486547
specifier-1.2,Décomposer et organiser un processus,AUTO-AUT10,"Identifier les éléments caractéristiques d'une fonction de transfert : pôles, zéros et gain.",0,0.2235743999
specifier-1.2,Décomposer et organiser un processus,AUTO-AUT11,"Analyser la réponse temporelle des systèmes du premier ordre (intégrateur, premier ordre) soumis à des signaux d’entrée standards.",0,0.2239267826
specifier-1.2,Décomposer et organiser un processus,AUTO-AUT12,"Analyser les caractéristiques temporelles (amortissement, oscillations, temps de stabilisation) des systèmes du second ordre en fonction de leurs pôles et de leurs paramètres.",0,0.3528801203
specifier-1.2,Décomposer et organiser un processus,AUTO-AUT13,Appliquer la transformée de Laplace et ses propriétés aux signaux et aux systèmes.,0,0.2384187430
specifier-1.2,Décomposer et organiser un processus,AUTO-AUT14,"Analyser la réponse fréquentielle des systèmes LTI à l’aide des diagrammes de Bode, Nyquist et Black.",0,0.1947931945
specifier-1.2,Décomposer et organiser un processus,AUTO-AUT15,Appliquer le critère de Routh pour déterminer la stabilité d’un système en boucle fermée à partir de son équation caractéristique.,0,0.2763058841
specifier-1.2,Décomposer et organiser un processus,AUTO-AUT16,Appliquer le critère de Nyquist pour déterminer la stabilité en boucle fermée à partir du diagramme de la fonction de transfert en boucle ouverte autour du point critique (-1).,0,0.2962726951
specifier-1.2,Décomposer et organiser un processus,AUTO-AUT17,"Évaluer les performances dynamiques (rapidité, amortissement) des systèmes en boucle fermée, en les reliant si possible aux caractéristiques en boucle ouverte.",0,0.2945934534
specifier-1.2,Décomposer et organiser un processus,AUTO-AUT18,"Interpréter les diagrammes de réponse fréquentielle (gain, phase) pour les systèmes élémentaires : gain pur, intégrateur, dérivateur, éléments du premier et du second ordre.",0,0.3394339383
specifier-1.2,Décomposer et organiser un processus,AUTO-AUT19,"Relier les performances en temps (constante de temps, temps de montée) aux notions fréquentielles (fréquence de coupure, bande passante) pour les systèmes du premier ordre.",0,0.2238585651
specifier-1.2,Décomposer et organiser un processus,AUTO-AUT20,Utiliser le critère du Revers pour une évaluation simplifiée de la stabilité à partir du diagramme de Nyquist ou de Black.,0,0.1020182967
specifier-1.2,Décomposer et organiser un processus,AUTO-AUT21,Identifier les pôles dominants dans les systèmes d’ordre supérieur et analyser leur influence sur la réponse transitoire.,0,0.2130130529
specifier-1.2,Décomposer et organiser un processus,AUTO-AUT22,Décrire la structure et le rôle d’un système automatique ou d’un système asservi (boucle de rétroaction).,0,0.3829661012
specifier-1.2,Décomposer et organiser un processus,AUTO-AUT23,Distinguer les caractéristiques des systèmes en boucle ouverte et en boucle fermée.,0,0.3212901950
specifier-1.2,Décomposer et organiser un processus,AUTO-AUT24,Analyser la stabilité des systèmes LTI à partir de la partie réelle des pôles de leur fonction de transfert.,0,0.2289945036
specifier-1.2,Décomposer et organiser un processus,AUTO-AUT25,Déterminer les marges de stabilité à partir des diagrammes fréquentiels en boucle ouverte.,0,0.2471735477
specifier-1.2,Décomposer et organiser un processus,AUTO-AUT26,Interpréter la signification des marges de stabilité pour évaluer la robustesse de la stabilité en boucle fermée.,0,0.1471400410
specifier-1.2,Décomposer et organiser un processus,AUTO-AUT27,Analyser l’erreur statique en régime permanent pour différents types de signaux d’entrée en fonction de la classe du système.,0,0.2413885295
specifier-1.2,Décomposer et organiser un processus,AUTO-AUT28,Analyser le rejet asymptotique des perturbations en fonction de la structure du système et du nombre d’intégrateurs.,0,0.3187970221
specifier-1.2,Décomposer et organiser un processus,AUTO-AUT29,Comprendre les limitations des systèmes non corrigés et la nécessité d’ajouter des correcteurs.,0,0.2311812937
specifier-1.2,Décomposer et organiser un processus,AUTO-AUT30,Décrire la fonction et les effets d’un correcteur intégral (I) sur les performances du système et sa réponse fréquentielle.,0,0.2860317826
specifier-1.2,Décomposer et organiser un processus,AUTO-AUT31,"Décrire la fonction et les effets d’un correcteur proportionnel-intégral (PI), combinant amélioration de la précision et impact minimal sur la dynamique rapide.",0,0.3309831917
specifier-1.2,Décomposer et organiser un processus,AUTO-AUT32,"Décrire la fonction et les effets d’un correcteur proportionnel-dérivatif (PD), améliorant principalement la stabilité et la dynamique rapide.",0,0.3722895980
specifier-1.2,Décomposer et organiser un processus,AUTO-AUT33,Décrire la fonction et les effets d’un correcteur à avance de phase comme approximation causale d’un correcteur PD.,0,0.3151388466
specifier-1.2,Décomposer et organiser un processus,AUTO-AUT34,Décrire les effets combinés et la structure d’un correcteur proportionnel-intégral-dérivatif (PID).,0,0.4086277187
specifier-1.2,Décomposer et organiser un processus,AUTO-AUT35,Tracer les diagrammes de Bode asymptotiques à partir de la forme normalisée de la fonction de transfert.,0,0.2779555023
specifier-1.2,Décomposer et organiser un processus,AUTO-AUT36,Tracer un diagramme de Nyquist,0,0.2223472297
specifier-1.2,Décomposer et organiser un processus,AUTO-AUT37,Tracer un diagramme de Black,0,0.2195061445
specifier-1.3,Utiliser un langage formel,AUTO-AUT01,"Définir et classer les systèmes selon des caractéristiques telles que : statique/dynamique, monovariable/multivariable, continu/discret, linéaire/non-linéaire, causal et invariant.",0,0.3027336597
specifier-1.3,Utiliser un langage formel,AUTO-AUT02,"Décrire la nature des signaux d'entrée/sortie, qu'ils soient continus ou discrets.",0,0.2210194468
specifier-1.3,Utiliser un langage formel,AUTO-AUT03,"Identifier la classe d’un système à partir de sa réponse indicielle, impulsionnelle, etc.",0,0.2573033869
specifier-1.3,Utiliser un langage formel,AUTO-AUT04,Représenter des signaux en utilisant un outil numérique (Scilab),1,0.4044336677
specifier-1.3,Utiliser un langage formel,AUTO-AUT05,Analyser la stabilité d’un système en étudiant sa fonction de transfert à l’aide d’un outil numérique (Scilab),1,0.3191780448
specifier-1.3,Utiliser un langage formel,AUTO-AUT06,"Tracer des les diagrammes de réponse en fréquence (gain, phase) à l’aide d’un outil numérique (Scilab)",1,0.2985767722
specifier-1.3,Utiliser un langage formel,AUTO-AUT07,"Identifier les exigences clés dans la conception d’un système de commande : stabilité, marges, précision, rapidité, rejet des perturbations, robustesse.",0,0.2055530250
specifier-1.3,Utiliser un langage formel,AUTO-AUT08,"Proposer une stratégie générale pour analyser un système non corrigé, définir les exigences, synthétiser un correcteur et vérifier les performances.",0,0.2178744078
specifier-1.3,Utiliser un langage formel,AUTO-AUT09,Déterminer la fonction de transfert d'un système LTI continu à partir de son équation différentielle.,0,0.2699860036
specifier-1.3,Utiliser un langage formel,AUTO-AUT10,"Identifier les éléments caractéristiques d'une fonction de transfert : pôles, zéros et gain.",0,0.1419640332
specifier-1.3,Utiliser un langage formel,AUTO-AUT11,"Analyser la réponse temporelle des systèmes du premier ordre (intégrateur, premier ordre) soumis à des signaux d’entrée standards.",0,0.2087251246
specifier-1.3,Utiliser un langage formel,AUTO-AUT12,"Analyser les caractéristiques temporelles (amortissement, oscillations, temps de stabilisation) des systèmes du second ordre en fonction de leurs pôles et de leurs paramètres.",0,0.2250615656
specifier-1.3,Utiliser un langage formel,AUTO-AUT13,Appliquer la transformée de Laplace et ses propriétés aux signaux et aux systèmes.,0,0.3207998872
specifier-1.3,Utiliser un langage formel,AUTO-AUT14,"Analyser la réponse fréquentielle des systèmes LTI à l’aide des diagrammes de Bode, Nyquist et Black.",0,0.2187939882
specifier-1.3,Utiliser un langage formel,AUTO-AUT15,Appliquer le critère de Routh pour déterminer la stabilité d’un système en boucle fermée à partir de son équation caractéristique.,0,0.1819752157
specifier-1.3,Utiliser un langage formel,AUTO-AUT16,Appliquer le critère de Nyquist pour déterminer la stabilité en boucle fermée à partir du diagramme de la fonction de transfert en boucle ouverte autour du point critique (-1).,0,0.2088196576
specifier-1.3,Utiliser un langage formel,AUTO-AUT17,"Évaluer les performances dynamiques (rapidité, amortissement) des systèmes en boucle fermée, en les reliant si possible aux caractéristiques en boucle ouverte.",0,0.1991986930
specifier-1.3,Utiliser un langage formel,AUTO-AUT18,"Interpréter les diagrammes de réponse fréquentielle (gain, phase) pour les systèmes élémentaires : gain pur, intégrateur, dérivateur, éléments du premier et du second ordre.",0,0.2651866376
specifier-1.3,Utiliser un langage formel,AUTO-AUT19,"Relier les performances en temps (constante de temps, temps de montée) aux notions fréquentielles (fréquence de coupure, bande passante) pour les systèmes du premier ordre.",0,0.3127542436
specifier-1.3,Utiliser un langage formel,AUTO-AUT20,Utiliser le critère du Revers pour une évaluation simplifiée de la stabilité à partir du diagramme de Nyquist ou de Black.,0,0.1031463817
specifier-1.3,Utiliser un langage formel,AUTO-AUT21,Identifier les pôles dominants dans les systèmes d’ordre supérieur et analyser leur influence sur la réponse transitoire.,0,0.1596245617
specifier-1.3,Utiliser un langage formel,AUTO-AUT22,Décrire la structure et le rôle d’un système automatique ou d’un système asservi (boucle de rétroaction).,0,0.2306087315
specifier-1.3,Utiliser un langage formel,AUTO-AUT23,Distinguer les caractéristiques des systèmes en boucle ouverte et en boucle fermée.,0,0.2437274009
specifier-1.3,Utiliser un langage formel,AUTO-AUT24,Analyser la stabilité des systèmes LTI à partir de la partie réelle des pôles de leur fonction de transfert.,0,0.1027624458
specifier-1.3,Utiliser un langage formel,AUTO-AUT25,Déterminer les marges de stabilité à partir des diagrammes fréquentiels en boucle ouverte.,0,0.2187259942
specifier-1.3,Utiliser un langage formel,AUTO-AUT26,Interpréter la signification des marges de stabilité pour évaluer la robustesse de la stabilité en boucle fermée.,0,0.1274503320
specifier-1.3,Utiliser un langage formel,AUTO-AUT27,Analyser l’erreur statique en régime permanent pour différents types de signaux d’entrée en fonction de la classe du système.,0,0.2560994625
specifier-1.3,Utiliser un langage formel,AUTO-AUT28,Analyser le rejet asymptotique des perturbations en fonction de la structure du système et du nombre d’intégrateurs.,0,0.0437590182
specifier-1.3,Utiliser un langage formel,AUTO-AUT29,Comprendre les limitations des systèmes non corrigés et la nécessité d’ajouter des correcteurs.,0,0.1429151595
specifier-1.3,Utiliser un langage formel,AUTO-AUT30,Décrire la fonction et les effets d’un correcteur intégral (I) sur les performances du système et sa réponse fréquentielle.,0,0.2387587130
specifier-1.3,Utiliser un langage formel,AUTO-AUT31,"Décrire la fonction et les effets d’un correcteur proportionnel-intégral (PI), combinant amélioration de la précision et impact minimal sur la dynamique rapide.",0,0.2380723357
specifier-1.3,Utiliser un langage formel,AUTO-AUT32,"Décrire la fonction et les effets d’un correcteur proportionnel-dérivatif (PD), améliorant principalement la stabilité et la dynamique rapide.",0,0.1685352623
specifier-1.3,Utiliser un langage formel,AUTO-AUT33,Décrire la fonction et les effets d’un correcteur à avance de phase comme approximation causale d’un correcteur PD.,0,0.1372292638
specifier-1.3,Utiliser un langage formel,AUTO-AUT34,Décrire les effets combinés et la structure d’un correcteur proportionnel-intégral-dérivatif (PID).,0,0.1557405144
specifier-1.3,Utiliser un langage formel,AUTO-AUT35,Tracer les diagrammes de Bode asymptotiques à partir de la forme normalisée de la fonction de transfert.,0,0.1980286241
specifier-1.3,Utiliser un langage formel,AUTO-AUT36,Tracer un diagramme de Nyquist,0,0.1063781381
specifier-1.3,Utiliser un langage formel,AUTO-AUT37,Tracer un diagramme de Black,0,0.1703333557
specifier-2.1,Analyser la demande,AUTO-AUT01,"Définir et classer les systèmes selon des caractéristiques telles que : statique/dynamique, monovariable/multivariable, continu/discret, linéaire/non-linéaire, causal et invariant.",0,0.0681929961
specifier-2.1,Analyser la demande,AUTO-AUT02,"Décrire la nature des signaux d'entrée/sortie, qu'ils soient continus ou discrets.",0,0.2430289686
specifier-2.1,Analyser la demande,AUTO-AUT03,"Identifier la classe d’un système à partir de sa réponse indicielle, impulsionnelle, etc.",0,0.1726323962
specifier-2.1,Analyser la demande,AUTO-AUT04,Représenter des signaux en utilisant un outil numérique (Scilab),0,0.1871290058
specifier-2.1,Analyser la demande,AUTO-AUT05,Analyser la stabilité d’un système en étudiant sa fonction de transfert à l’aide d’un outil numérique (Scilab),0,0.2882846594
specifier-2.1,Analyser la demande,AUTO-AUT06,"Tracer des les diagrammes de réponse en fréquence (gain, phase) à l’aide d’un outil numérique (Scilab)",0,0.3507524431
specifier-2.1,Analyser la demande,AUTO-AUT07,"Identifier les exigences clés dans la conception d’un système de commande : stabilité, marges, précision, rapidité, rejet des perturbations, robustesse.",1,0.2867139578
specifier-2.1,Analyser la demande,AUTO-AUT08,"Proposer une stratégie générale pour analyser un système non corrigé, définir les exigences, synthétiser un correcteur et vérifier les performances.",1,0.3222217262
specifier-2.1,Analyser la demande,AUTO-AUT09,Déterminer la fonction de transfert d'un système LTI continu à partir de son équation différentielle.,0,0.1188372225
specifier-2.1,Analyser la demande,AUTO-AUT10,"Identifier les éléments caractéristiques d'une fonction de transfert : pôles, zéros et gain.",0,0.1921609044
specifier-2.1,Analyser la demande,AUTO-AUT11,"Analyser la réponse temporelle des systèmes du premier ordre (intégrateur, premier ordre) soumis à des signaux d’entrée standards.",0,0.2578584254
specifier-2.1,Analyser la demande,AUTO-AUT12,"Analyser les caractéristiques temporelles (amortissement, oscillations, temps de stabilisation) des systèmes du second ordre en fonction de leurs pôles et de leurs paramètres.",0,0.1911929399
specifier-2.1,Analyser la demande,AUTO-AUT13,Appliquer la transformée de Laplace et ses propriétés aux signaux et aux systèmes.,0,0.1581414640
specifier-2.1,Analyser la demande,AUTO-AUT14,"Analyser la réponse fréquentielle des systèmes LTI à l’aide des diagrammes de Bode, Nyquist et Black.",0,0.2114472687
specifier-2.1,Analyser la demande,AUTO-AUT15,Appliquer le critère de Routh pour déterminer la stabilité d’un système en boucle fermée à partir de son équation caractéristique.,0,0.1683359146
specifier-2.1,Analyser la demande,AUTO-AUT16,Appliquer le critère de Nyquist pour déterminer la stabilité en boucle fermée à partir du diagramme de la fonction de transfert en boucle ouverte autour du point critique (-1).,0,0.1836568713
specifier-2.1,Analyser la demande,AUTO-AUT17,"Évaluer les performances dynamiques (rapidité, amortissement) des systèmes en boucle fermée, en les reliant si possible aux caractéristiques en boucle ouverte.",0,0.2180526108
specifier-2.1,Analyser la demande,AUTO-AUT18,"Interpréter les diagrammes de réponse fréquentielle (gain, phase) pour les systèmes élémentaires : gain pur, intégrateur, dérivateur, éléments du premier et du second ordre.",0,0.2180239856
specifier-2.1,Analyser la demande,AUTO-AUT19,"Relier les performances en temps (constante de temps, temps de montée) aux notions fréquentielles (fréquence de coupure, bande passante) pour les systèmes du premier ordre.",0,0.1427918673
specifier-2.1,Analyser la demande,AUTO-AUT20,Utiliser le critère du Revers pour une évaluation simplifiée de la stabilité à partir du diagramme de Nyquist ou de Black.,0,0.2015369087
specifier-2.1,Analyser la demande,AUTO-AUT21,Identifier les pôles dominants dans les systèmes d’ordre supérieur et analyser leur influence sur la réponse transitoire.,0,0.1618023813
specifier-2.1,Analyser la demande,AUTO-AUT22,Décrire la structure et le rôle d’un système automatique ou d’un système asservi (boucle de rétroaction).,0,0.2473552376
specifier-2.1,Analyser la demande,AUTO-AUT23,Distinguer les caractéristiques des systèmes en boucle ouverte et en boucle fermée.,0,0.1583213508
specifier-2.1,Analyser la demande,AUTO-AUT24,Analyser la stabilité des systèmes LTI à partir de la partie réelle des pôles de leur fonction de transfert.,0,0.1374209970
specifier-2.1,Analyser la demande,AUTO-AUT25,Déterminer les marges de stabilité à partir des diagrammes fréquentiels en boucle ouverte.,0,0.1817217916
specifier-2.1,Analyser la demande,AUTO-AUT26,Interpréter la signification des marges de stabilité pour évaluer la robustesse de la stabilité en boucle fermée.,0,0.1960360110
specifier-2.1,Analyser la demande,AUTO-AUT27,Analyser l’erreur statique en régime permanent pour différents types de signaux d’entrée en fonction de la classe du système.,0,0.1649402827
specifier-2.1,Analyser la demande,AUTO-AUT28,Analyser le rejet asymptotique des perturbations en fonction de la structure du système et du nombre d’intégrateurs.,0,0.2439274788
specifier-2.1,Analyser la demande,AUTO-AUT29,Comprendre les limitations des systèmes non corrigés et la nécessité d’ajouter des correcteurs.,0,0.1466290802
specifier-2.1,Analyser la demande,AUTO-AUT30,Décrire la fonction et les effets d’un correcteur intégral (I) sur les performances du système et sa réponse fréquentielle.,0,0.2295833230
specifier-2.1,Analyser la demande,AUTO-AUT31,"Décrire la fonction et les effets d’un correcteur proportionnel-intégral (PI), combinant amélioration de la précision et impact minimal sur la dynamique rapide.",0,0.2039807737
specifier-2.1,Analyser la demande,AUTO-AUT32,"Décrire la fonction et les effets d’un correcteur proportionnel-dérivatif (PD), améliorant principalement la stabilité et la dynamique rapide.",0,0.2002989054
specifier-2.1,Analyser la demande,AUTO-AUT33,Décrire la fonction et les effets d’un correcteur à avance de phase comme approximation causale d’un correcteur PD.,0,0.2969276905
specifier-2.1,Analyser la demande,AUTO-AUT34,Décrire les effets combinés et la structure d’un correcteur proportionnel-intégral-dérivatif (PID).,0,0.1224479079
specifier-2.1,Analyser la demande,AUTO-AUT35,Tracer les diagrammes de Bode asymptotiques à partir de la forme normalisée de la fonction de transfert.,0,0.2445679456
specifier-2.1,Analyser la demande,AUTO-AUT36,Tracer un diagramme de Nyquist,0,0.2655708790
specifier-2.1,Analyser la demande,AUTO-AUT37,Tracer un diagramme de Black,0,0.2852245867
specifier-2.2,Définir des cas d’utilisation,AUTO-AUT01,"Définir et classer les systèmes selon des caractéristiques telles que : statique/dynamique, monovariable/multivariable, continu/discret, linéaire/non-linéaire, causal et invariant.",0,0.2927303314
specifier-2.2,Définir des cas d’utilisation,AUTO-AUT02,"Décrire la nature des signaux d'entrée/sortie, qu'ils soient continus ou discrets.",0,0.2563550472
specifier-2.2,Définir des cas d’utilisation,AUTO-AUT03,"Identifier la classe d’un système à partir de sa réponse indicielle, impulsionnelle, etc.",0,0.2545798719
specifier-2.2,Définir des cas d’utilisation,AUTO-AUT04,Représenter des signaux en utilisant un outil numérique (Scilab),0,0.2427850962
specifier-2.2,Définir des cas d’utilisation,AUTO-AUT05,Analyser la stabilité d’un système en étudiant sa fonction de transfert à l’aide d’un outil numérique (Scilab),0,0.2765622735
specifier-2.2,Définir des cas d’utilisation,AUTO-AUT06,"Tracer des les diagrammes de réponse en fréquence (gain, phase) à l’aide d’un outil numérique (Scilab)",0,0.2454235554
specifier-2.2,Définir des cas d’utilisation,AUTO-AUT07,"Identifier les exigences clés dans la conception d’un système de commande : stabilité, marges, précision, rapidité, rejet des perturbations, robustesse.",0,0.3482801914
specifier-2.2,Définir des cas d’utilisation,AUTO-AUT08,"Proposer une stratégie générale pour analyser un système non corrigé, définir les exigences, synthétiser un correcteur et vérifier les performances.",0,0.2939894795
specifier-2.2,Définir des cas d’utilisation,AUTO-AUT09,Déterminer la fonction de transfert d'un système LTI continu à partir de son équation différentielle.,0,0.2313259393
specifier-2.2,Définir des cas d’utilisation,AUTO-AUT10,"Identifier les éléments caractéristiques d'une fonction de transfert : pôles, zéros et gain.",0,0.1937499046
specifier-2.2,Définir des cas d’utilisation,AUTO-AUT11,"Analyser la réponse temporelle des systèmes du premier ordre (intégrateur, premier ordre) soumis à des signaux d’entrée standards.",0,0.2085451484
specifier-2.2,Définir des cas d’utilisation,AUTO-AUT12,"Analyser les caractéristiques temporelles (amortissement, oscillations, temps de stabilisation) des systèmes du second ordre en fonction de leurs pôles et de leurs paramètres.",0,0.2795653045
specifier-2.2,Définir des cas d’utilisation,AUTO-AUT13,Appliquer la transformée de Laplace et ses propriétés aux signaux et aux systèmes.,0,0.2351820767
specifier-2.2,Définir des cas d’utilisation,AUTO-AUT14,"Analyser la réponse fréquentielle des systèmes LTI à l’aide des diagrammes de Bode, Nyquist et Black.",0,0.1729629636
specifier-2.2,Définir des cas d’utilisation,AUTO-AUT15,Appliquer le critère de Routh pour déterminer la stabilité d’un système en boucle fermée à partir de son équation caractéristique.,0,0.1746316999
specifier-2.2,Définir des cas d’utilisation,AUTO-AUT16,Appliquer le critère de Nyquist pour déterminer la stabilité en boucle fermée à partir du diagramme de la fonction de transfert en boucle ouverte autour du point critique (-1).,0,0.2088641822
specifier-2.2,Définir des cas d’utilisation,AUTO-AUT17,"Évaluer les performances dynamiques (rapidité, amortissement) des systèmes en boucle fermée, en les reliant si possible aux caractéristiques en boucle ouverte.",0,0.2432368100
specifier-2.2,Définir des cas d’utilisation,AUTO-AUT18,"Interpréter les diagrammes de réponse fréquentielle (gain, phase) pour les systèmes élémentaires : gain pur, intégrateur, dérivateur, éléments du premier et du second ordre.",0,0.2030849457
specifier-2.2,Définir des cas d’utilisation,AUTO-AUT19,"Relier les performances en temps (constante de temps, temps de montée) aux notions fréquentielles (fréquence de coupure, bande passante) pour les systèmes du premier ordre.",0,0.3379597664
specifier-2.2,Définir des cas d’utilisation,AUTO-AUT20,Utiliser le critère du Revers pour une évaluation simplifiée de la stabilité à partir du diagramme de Nyquist ou de Black.,0,0.1273697466
specifier-2.2,Définir des cas d’utilisation,AUTO-AUT21,Identifier les pôles dominants dans les systèmes d’ordre supérieur et analyser leur influence sur la réponse transitoire.,0,0.1073084176
specifier-2.2,Définir des cas d’utilisation,AUTO-AUT22,Décrire la structure et le rôle d’un système automatique ou d’un système asservi (boucle de rétroaction).,0,0.3286768496
specifier-2.2,Définir des cas d’utilisation,AUTO-AUT23,Distinguer les caractéristiques des systèmes en boucle ouverte et en boucle fermée.,0,0.1952121556
specifier-2.2,Définir des cas d’utilisation,AUTO-AUT24,Analyser la stabilité des systèmes LTI à partir de la partie réelle des pôles de leur fonction de transfert.,0,0.1421324611
specifier-2.2,Définir des cas d’utilisation,AUTO-AUT25,Déterminer les marges de stabilité à partir des diagrammes fréquentiels en boucle ouverte.,0,0.0895333886
specifier-2.2,Définir des cas d’utilisation,AUTO-AUT26,Interpréter la signification des marges de stabilité pour évaluer la robustesse de la stabilité en boucle fermée.,0,0.1522454917
specifier-2.2,Définir des cas d’utilisation,AUTO-AUT27,Analyser l’erreur statique en régime permanent pour différents types de signaux d’entrée en fonction de la classe du système.,0,0.2155240774
specifier-2.2,Définir des cas d’utilisation,AUTO-AUT28,Analyser le rejet asymptotique des perturbations en fonction de la structure du système et du nombre d’intégrateurs.,0,0.1881803572
specifier-2.2,Définir des cas d’utilisation,AUTO-AUT29,Comprendre les limitations des systèmes non corrigés et la nécessité d’ajouter des correcteurs.,0,0.1739059985
specifier-2.2,Définir des cas d’utilisation,AUTO-AUT30,Décrire la fonction et les effets d’un correcteur intégral (I) sur les performances du système et sa réponse fréquentielle.,0,0.1682439893
specifier-2.2,Définir des cas d’utilisation,AUTO-AUT31,"Décrire la fonction et les effets d’un correcteur proportionnel-intégral (PI), combinant amélioration de la précision et impact minimal sur la dynamique rapide.",0,0.2016018033
specifier-2.2,Définir des cas d’utilisation,AUTO-AUT32,"Décrire la fonction et les effets d’un correcteur proportionnel-dérivatif (PD), améliorant principalement la stabilité et la dynamique rapide.",0,0.1483547986
specifier-2.2,Définir des cas d’utilisation,AUTO-AUT33,Décrire la fonction et les effets d’un correcteur à avance de phase comme approximation causale d’un correcteur PD.,0,0.1526320279
specifier-2.2,Définir des cas d’utilisation,AUTO-AUT34,Décrire les effets combinés et la structure d’un correcteur proportionnel-intégral-dérivatif (PID).,0,0.0844634250
specifier-2.2,Définir des cas d’utilisation,AUTO-AUT35,Tracer les diagrammes de Bode asymptotiques à partir de la forme normalisée de la fonction de transfert.,0,0.2803725004
specifier-2.2,Définir des cas d’utilisation,AUTO-AUT36,Tracer un diagramme de Nyquist,0,0.1787198484
specifier-2.2,Définir des cas d’utilisation,AUTO-AUT37,Tracer un diagramme de Black,0,0.2193562090
specifier-2.3,Caractériser l’utilisation des données au regard du RGPD,AUTO-AUT01,"Définir et classer les systèmes selon des caractéristiques telles que : statique/dynamique, monovariable/multivariable, continu/discret, linéaire/non-linéaire, causal et invariant.",0,0.3709897995
specifier-2.3,Caractériser l’utilisation des données au regard du RGPD,AUTO-AUT02,"Décrire la nature des signaux d'entrée/sortie, qu'ils soient continus ou discrets.",0,0.2905380130
specifier-2.3,Caractériser l’utilisation des données au regard du RGPD,AUTO-AUT03,"Identifier la classe d’un système à partir de sa réponse indicielle, impulsionnelle, etc.",0,0.2470390648
specifier-2.3,Caractériser l’utilisation des données au regard du RGPD,AUTO-AUT04,Représenter des signaux en utilisant un outil numérique (Scilab),0,0.3401340842
specifier-2.3,Caractériser l’utilisation des données au regard du RGPD,AUTO-AUT05,Analyser la stabilité d’un système en étudiant sa fonction de transfert à l’aide d’un outil numérique (Scilab),0,0.4215561748
specifier-2.3,Caractériser l’utilisation des données au regard du RGPD,AUTO-AUT06,"Tracer des les diagrammes de réponse en fréquence (gain, phase) à l’aide d’un outil numérique (Scilab)",0,0.3458402753
specifier-2.3,Caractériser l’utilisation des données au regard du RGPD,AUTO-AUT07,"Identifier les exigences clés dans la conception d’un système de commande : stabilité, marges, précision, rapidité, rejet des perturbations, robustesse.",0,0.4635188580
specifier-2.3,Caractériser l’utilisation des données au regard du RGPD,AUTO-AUT08,"Proposer une stratégie générale pour analyser un système non corrigé, définir les exigences, synthétiser un correcteur et vérifier les performances.",0,0.4480083585
specifier-2.3,Caractériser l’utilisation des données au regard du RGPD,AUTO-AUT09,Déterminer la fonction de transfert d'un système LTI continu à partir de son équation différentielle.,0,0.3583094478
specifier-2.3,Caractériser l’utilisation des données au regard du RGPD,AUTO-AUT10,"Identifier les éléments caractéristiques d'une fonction de transfert : pôles, zéros et gain.",0,0.3128046989
specifier-2.3,Caractériser l’utilisation des données au regard du RGPD,AUTO-AUT11,"Analyser la réponse temporelle des systèmes du premier ordre (intégrateur, premier ordre) soumis à des signaux d’entrée standards.",0,0.2471987009
specifier-2.3,Caractériser l’utilisation des données au regard du RGPD,AUTO-AUT12,"Analyser les caractéristiques temporelles (amortissement, oscillations, temps de stabilisation) des systèmes du second ordre en fonction de leurs pôles et de leurs paramètres.",0,0.3645408750
specifier-2.3,Caractériser l’utilisation des données au regard du RGPD,AUTO-AUT13,Appliquer la transformée de Laplace et ses propriétés aux signaux et aux systèmes.,0,0.2860084176
specifier-2.3,Caractériser l’utilisation des données au regard du RGPD,AUTO-AUT14,"Analyser la réponse fréquentielle des systèmes LTI à l’aide des diagrammes de Bode, Nyquist et Black.",0,0.2941192985
specifier-2.3,Caractériser l’utilisation des données au regard du RGPD,AUTO-AUT15,Appliquer le critère de Routh pour déterminer la stabilité d’un système en boucle fermée à partir de son équation caractéristique.,0,0.3903302550
specifier-2.3,Caractériser l’utilisation des données au regard du RGPD,AUTO-AUT16,Appliquer le critère de Nyquist pour déterminer la stabilité en boucle fermée à partir du diagramme de la fonction de transfert en boucle ouverte autour du point critique (-1).,0,0.3730934858
specifier-2.3,Caractériser l’utilisation des données au regard du RGPD,AUTO-AUT17,"Évaluer les performances dynamiques (rapidité, amortissement) des systèmes en boucle fermée, en les reliant si possible aux caractéristiques en boucle ouverte.",0,0.4223631918
specifier-2.3,Caractériser l’utilisation des données au regard du RGPD,AUTO-AUT18,"Interpréter les diagrammes de réponse fréquentielle (gain, phase) pour les systèmes élémentaires : gain pur, intégrateur, dérivateur, éléments du premier et du second ordre.",0,0.3494369388
specifier-2.3,Caractériser l’utilisation des données au regard du RGPD,AUTO-AUT19,"Relier les performances en temps (constante de temps, temps de montée) aux notions fréquentielles (fréquence de coupure, bande passante) pour les systèmes du premier ordre.",0,0.3660768270
specifier-2.3,Caractériser l’utilisation des données au regard du RGPD,AUTO-AUT20,Utiliser le critère du Revers pour une évaluation simplifiée de la stabilité à partir du diagramme de Nyquist ou de Black.,0,0.2957575619
specifier-2.3,Caractériser l’utilisation des données au regard du RGPD,AUTO-AUT21,Identifier les pôles dominants dans les systèmes d’ordre supérieur et analyser leur influence sur la réponse transitoire.,0,0.2878554463
specifier-2.3,Caractériser l’utilisation des données au regard du RGPD,AUTO-AUT22,Décrire la structure et le rôle d’un système automatique ou d’un système asservi (boucle de rétroaction).,0,0.3987501562
specifier-2.3,Caractériser l’utilisation des données au regard du RGPD,AUTO-AUT23,Distinguer les caractéristiques des systèmes en boucle ouverte et en boucle fermée.,0,0.3015493751
specifier-2.3,Caractériser l’utilisation des données au regard du RGPD,AUTO-AUT24,Analyser la stabilité des systèmes LTI à partir de la partie réelle des pôles de leur fonction de transfert.,0,0.2809388936
specifier-2.3,Caractériser l’utilisation des données au regard du RGPD,AUTO-AUT25,Déterminer les marges de stabilité à partir des diagrammes fréquentiels en boucle ouverte.,0,0.2650930285
specifier-2.3,Caractériser l’utilisation des données au regard du RGPD,AUTO-AUT26,Interpréter la signification des marges de stabilité pour évaluer la robustesse de la stabilité en boucle fermée.,0,0.3732860088
specifier-2.3,Caractériser l’utilisation des données au regard du RGPD,AUTO-AUT27,Analyser l’erreur statique en régime permanent pour différents types de signaux d’entrée en fonction de la classe du système.,0,0.2738147378
specifier-2.3,Caractériser l’utilisation des données au regard du RGPD,AUTO-AUT28,Analyser le rejet asymptotique des perturbations en fonction de la structure du système et du nombre d’intégrateurs.,0,0.3372084498
specifier-2.3,Caractériser l’utilisation des données au regard du RGPD,AUTO-AUT29,Comprendre les limitations des systèmes non corrigés et la nécessité d’ajouter des correcteurs.,0,0.3495986462
specifier-2.3,Caractériser l’utilisation des données au regard du RGPD,AUTO-AUT30,Décrire la fonction et les effets d’un correcteur intégral (I) sur les performances du système et sa réponse fréquentielle.,0,0.4233436584
specifier-2.3,Caractériser l’utilisation des données au regard du RGPD,AUTO-AUT31,"Décrire la fonction et les effets d’un correcteur proportionnel-intégral (PI), combinant amélioration de la précision et impact minimal sur la dynamique rapide.",0,0.4539045393
specifier-2.3,Caractériser l’utilisation des données au regard du RGPD,AUTO-AUT32,"Décrire la fonction et les effets d’un correcteur proportionnel-dérivatif (PD), améliorant principalement la stabilité et la dynamique rapide.",0,0.3869135082
specifier-2.3,Caractériser l’utilisation des données au regard du RGPD,AUTO-AUT33,Décrire la fonction et les effets d’un correcteur à avance de phase comme approximation causale d’un correcteur PD.,0,0.3623724878
specifier-2.3,Caractériser l’utilisation des données au regard du RGPD,AUTO-AUT34,Décrire les effets combinés et la structure d’un correcteur proportionnel-intégral-dérivatif (PID).,0,0.3818296790
specifier-2.3,Caractériser l’utilisation des données au regard du RGPD,AUTO-AUT35,Tracer les diagrammes de Bode asymptotiques à partir de la forme normalisée de la fonction de transfert.,0,0.3307143450
specifier-2.3,Caractériser l’utilisation des données au regard du RGPD,AUTO-AUT36,Tracer un diagramme de Nyquist,0,0.2824232876
specifier-2.3,Caractériser l’utilisation des données au regard du RGPD,AUTO-AUT37,Tracer un diagramme de Black,0,0.3549290895
specifier-3.1,Discriminer et hiérarchiser les demandes,AUTO-AUT01,"Définir et classer les systèmes selon des caractéristiques telles que : statique/dynamique, monovariable/multivariable, continu/discret, linéaire/non-linéaire, causal et invariant.",0,0.3825058341
specifier-3.1,Discriminer et hiérarchiser les demandes,AUTO-AUT02,"Décrire la nature des signaux d'entrée/sortie, qu'ils soient continus ou discrets.",0,0.3059603572
specifier-3.1,Discriminer et hiérarchiser les demandes,AUTO-AUT03,"Identifier la classe d’un système à partir de sa réponse indicielle, impulsionnelle, etc.",0,0.3106979728
specifier-3.1,Discriminer et hiérarchiser les demandes,AUTO-AUT04,Représenter des signaux en utilisant un outil numérique (Scilab),0,0.2345475852
specifier-3.1,Discriminer et hiérarchiser les demandes,AUTO-AUT05,Analyser la stabilité d’un système en étudiant sa fonction de transfert à l’aide d’un outil numérique (Scilab),0,0.2950142622
specifier-3.1,Discriminer et hiérarchiser les demandes,AUTO-AUT06,"Tracer des les diagrammes de réponse en fréquence (gain, phase) à l’aide d’un outil numérique (Scilab)",0,0.3296056390
specifier-3.1,Discriminer et hiérarchiser les demandes,AUTO-AUT07,"Identifier les exigences clés dans la conception d’un système de commande : stabilité, marges, précision, rapidité, rejet des perturbations, robustesse.",0,0.4366813302
specifier-3.1,Discriminer et hiérarchiser les demandes,AUTO-AUT08,"Proposer une stratégie générale pour analyser un système non corrigé, définir les exigences, synthétiser un correcteur et vérifier les performances.",0,0.4788871408
specifier-3.1,Discriminer et hiérarchiser les demandes,AUTO-AUT09,Déterminer la fonction de transfert d'un système LTI continu à partir de son équation différentielle.,0,0.3258670866
specifier-3.1,Discriminer et hiérarchiser les demandes,AUTO-AUT10,"Identifier les éléments caractéristiques d'une fonction de transfert : pôles, zéros et gain.",0,0.2734842896
specifier-3.1,Discriminer et hiérarchiser les demandes,AUTO-AUT11,"Analyser la réponse temporelle des systèmes du premier ordre (intégrateur, premier ordre) soumis à des signaux d’entrée standards.",0,0.2450091988
specifier-3.1,Discriminer et hiérarchiser les demandes,AUTO-AUT12,"Analyser les caractéristiques temporelles (amortissement, oscillations, temps de stabilisation) des systèmes du second ordre en fonction de leurs pôles et de leurs paramètres.",0,0.3491991758
specifier-3.1,Discriminer et hiérarchiser les demandes,AUTO-AUT13,Appliquer la transformée de Laplace et ses propriétés aux signaux et aux systèmes.,0,0.1834780872
specifier-3.1,Discriminer et hiérarchiser les demandes,AUTO-AUT14,"Analyser la réponse fréquentielle des systèmes LTI à l’aide des diagrammes de Bode, Nyquist et Black.",0,0.2542256713
specifier-3.1,Discriminer et hiérarchiser les demandes,AUTO-AUT15,Appliquer le critère de Routh pour déterminer la stabilité d’un système en boucle fermée à partir de son équation caractéristique.,0,0.3209515214
specifier-3.1,Discriminer et hiérarchiser les demandes,AUTO-AUT16,Appliquer le critère de Nyquist pour déterminer la stabilité en boucle fermée à partir du diagramme de la fonction de transfert en boucle ouverte autour du point critique (-1).,0,0.3048735261
specifier-3.1,Discriminer et hiérarchiser les demandes,AUTO-AUT17,"Évaluer les performances dynamiques (rapidité, amortissement) des systèmes en boucle fermée, en les reliant si possible aux caractéristiques en boucle ouverte.",0,0.3316474557
specifier-3.1,Discriminer et hiérarchiser les demandes,AUTO-AUT18,"Interpréter les diagrammes de réponse fréquentielle (gain, phase) pour les systèmes élémentaires : gain pur, intégrateur, dérivateur, éléments du premier et du second ordre.",0,0.3742824197
specifier-3.1,Discriminer et hiérarchiser les demandes,AUTO-AUT19,"Relier les performances en temps (constante de temps, temps de montée) aux notions fréquentielles (fréquence de coupure, bande passante) pour les systèmes du premier ordre.",0,0.3060270250
specifier-3.1,Discriminer et hiérarchiser les demandes,AUTO-AUT20,Utiliser le critère du Revers pour une évaluation simplifiée de la stabilité à partir du diagramme de Nyquist ou de Black.,0,0.2474348396
specifier-3.1,Discriminer et hiérarchiser les demandes,AUTO-AUT21,Identifier les pôles dominants dans les systèmes d’ordre supérieur et analyser leur influence sur la réponse transitoire.,0,0.3437777758
specifier-3.1,Discriminer et hiérarchiser les demandes,AUTO-AUT22,Décrire la structure et le rôle d’un système automatique ou d’un système asservi (boucle de rétroaction).,0,0.3682527244
specifier-3.1,Discriminer et hiérarchiser les demandes,AUTO-AUT23,Distinguer les caractéristiques des systèmes en boucle ouverte et en boucle fermée.,0,0.3316915035
specifier-3.1,Discriminer et hiérarchiser les demandes,AUTO-AUT24,Analyser la stabilité des systèmes LTI à partir de la partie réelle des pôles de leur fonction de transfert.,0,0.2381323576
specifier-3.1,Discriminer et hiérarchiser les demandes,AUTO-AUT25,Déterminer les marges de stabilité à partir des diagrammes fréquentiels en boucle ouverte.,0,0.2989223599
specifier-3.1,Discriminer et hiérarchiser les demandes,AUTO-AUT26,Interpréter la signification des marges de stabilité pour évaluer la robustesse de la stabilité en boucle fermée.,0,0.3173881173
specifier-3.1,Discriminer et hiérarchiser les demandes,AUTO-AUT27,Analyser l’erreur statique en régime permanent pour différents types de signaux d’entrée en fonction de la classe du système.,0,0.2303642631
specifier-3.1,Discriminer et hiérarchiser les demandes,AUTO-AUT28,Analyser le rejet asymptotique des perturbations en fonction de la structure du système et du nombre d’intégrateurs.,0,0.2706706524
specifier-3.1,Discriminer et hiérarchiser les demandes,AUTO-AUT29,Comprendre les limitations des systèmes non corrigés et la nécessité d’ajouter des correcteurs.,0,0.4284895062
specifier-3.1,Discriminer et hiérarchiser les demandes,AUTO-AUT30,Décrire la fonction et les effets d’un correcteur intégral (I) sur les performances du système et sa réponse fréquentielle.,0,0.3601966500
specifier-3.1,Discriminer et hiérarchiser les demandes,AUTO-AUT31,"Décrire la fonction et les effets d’un correcteur proportionnel-intégral (PI), combinant amélioration de la précision et impact minimal sur la dynamique rapide.",0,0.3671440482
specifier-3.1,Discriminer et hiérarchiser les demandes,AUTO-AUT32,"Décrire la fonction et les effets d’un correcteur proportionnel-dérivatif (PD), améliorant principalement la stabilité et la dynamique rapide.",0,0.4375634789
specifier-3.1,Discriminer et hiérarchiser les demandes,AUTO-AUT33,Décrire la fonction et les effets d’un correcteur à avance de phase comme approximation causale d’un correcteur PD.,0,0.3510640562
specifier-3.1,Discriminer et hiérarchiser les demandes,AUTO-AUT34,Décrire les effets combinés et la structure d’un correcteur proportionnel-intégral-dérivatif (PID).,0,0.3427570164
specifier-3.1,Discriminer et hiérarchiser les demandes,AUTO-AUT35,Tracer les diagrammes de Bode asymptotiques à partir de la forme normalisée de la fonction de transfert.,0,0.2906316817
specifier-3.1,Discriminer et hiérarchiser les demandes,AUTO-AUT36,Tracer un diagramme de Nyquist,0,0.2227947265
specifier-3.1,Discriminer et hiérarchiser les demandes,AUTO-AUT37,Tracer un diagramme de Black,0,0.2549768984
specifier-3.2,Définir la recette,AUTO-AUT01,"Définir et classer les systèmes selon des caractéristiques telles que : statique/dynamique, monovariable/multivariable, continu/discret, linéaire/non-linéaire, causal et invariant.",0,0.2079590261
specifier-3.2,Définir la recette,AUTO-AUT02,"Décrire la nature des signaux d'entrée/sortie, qu'ils soient continus ou discrets.",0,0.1774208695
specifier-3.2,Définir la recette,AUTO-AUT03,"Identifier la classe d’un système à partir de sa réponse indicielle, impulsionnelle, etc.",0,0.0930319130
specifier-3.2,Définir la recette,AUTO-AUT04,Représenter des signaux en utilisant un outil numérique (Scilab),0,0.0795224980
specifier-3.2,Définir la recette,AUTO-AUT05,Analyser la stabilité d’un système en étudiant sa fonction de transfert à l’aide d’un outil numérique (Scilab),0,0.1368574202
specifier-3.2,Définir la recette,AUTO-AUT06,"Tracer des les diagrammes de réponse en fréquence (gain, phase) à l’aide d’un outil numérique (Scilab)",0,0.2107270658
specifier-3.2,Définir la recette,AUTO-AUT07,"Identifier les exigences clés dans la conception d’un système de commande : stabilité, marges, précision, rapidité, rejet des perturbations, robustesse.",0,0.1681331545
specifier-3.2,Définir la recette,AUTO-AUT08,"Proposer une stratégie générale pour analyser un système non corrigé, définir les exigences, synthétiser un correcteur et vérifier les performances.",0,0.2300779521
specifier-3.2,Définir la recette,AUTO-AUT09,Déterminer la fonction de transfert d'un système LTI continu à partir de son équation différentielle.,0,0.0974107087
specifier-3.2,Définir la recette,AUTO-AUT10,"Identifier les éléments caractéristiques d'une fonction de transfert : pôles, zéros et gain.",0,0.0900783613
specifier-3.2,Définir la recette,AUTO-AUT11,"Analyser la réponse temporelle des systèmes du premier ordre (intégrateur, premier ordre) soumis à des signaux d’entrée standards.",0,0.0935803354
specifier-3.2,Définir la recette,AUTO-AUT12,"Analyser les caractéristiques temporelles (amortissement, oscillations, temps de stabilisation) des systèmes du second ordre en fonction de leurs pôles et de leurs paramètres.",0,0.1501003206
specifier-3.2,Définir la recette,AUTO-AUT13,Appliquer la transformée de Laplace et ses propriétés aux signaux et aux systèmes.,0,0.0591534898
specifier-3.2,Définir la recette,AUTO-AUT14,"Analyser la réponse fréquentielle des systèmes LTI à l’aide des diagrammes de Bode, Nyquist et Black.",0,-0.0152179971
specifier-3.2,Définir la recette,AUTO-AUT15,Appliquer le critère de Routh pour déterminer la stabilité d’un système en boucle fermée à partir de son équation caractéristique.,0,0.1612587869
specifier-3.2,Définir la recette,AUTO-AUT16,Appliquer le critère de Nyquist pour déterminer la stabilité en boucle fermée à partir du diagramme de la fonction de transfert en boucle ouverte autour du point critique (-1).,0,0.1052608043
specifier-3.2,Définir la recette,AUTO-AUT17,"Évaluer les performances dynamiques (rapidité, amortissement) des systèmes en boucle fermée, en les reliant si possible aux caractéristiques en boucle ouverte.",0,0.1554002762
specifier-3.2,Définir la recette,AUTO-AUT18,"Interpréter les diagrammes de réponse fréquentielle (gain, phase) pour les systèmes élémentaires : gain pur, intégrateur, dérivateur, éléments du premier et du second ordre.",0,0.1652001739
specifier-3.2,Définir la recette,AUTO-AUT19,"Relier les performances en temps (constante de temps, temps de montée) aux notions fréquentielles (fréquence de coupure, bande passante) pour les systèmes du premier ordre.",0,0.1728442013
specifier-3.2,Définir la recette,AUTO-AUT20,Utiliser le critère du Revers pour une évaluation simplifiée de la stabilité à partir du diagramme de Nyquist ou de Black.,0,0.0367202945
specifier-3.2,Définir la recette,AUTO-AUT21,Identifier les pôles dominants dans les systèmes d’ordre supérieur et analyser leur influence sur la réponse transitoire.,0,0.0357059911
specifier-3.2,Définir la recette,AUTO-AUT22,Décrire la structure et le rôle d’un système automatique ou d’un système asservi (boucle de rétroaction).,0,0.1633099020
specifier-3.2,Définir la recette,AUTO-AUT23,Distinguer les caractéristiques des systèmes en boucle ouverte et en boucle fermée.,0,0.1104925871
specifier-3.2,Définir la recette,AUTO-AUT24,Analyser la stabilité des systèmes LTI à partir de la partie réelle des pôles de leur fonction de transfert.,0,0.0252837799
specifier-3.2,Définir la recette,AUTO-AUT25,Déterminer les marges de stabilité à partir des diagrammes fréquentiels en boucle ouverte.,0,0.1186378747
specifier-3.2,Définir la recette,AUTO-AUT26,Interpréter la signification des marges de stabilité pour évaluer la robustesse de la stabilité en boucle fermée.,0,0.1318554729
specifier-3.2,Définir la recette,AUTO-AUT27,Analyser l’erreur statique en régime permanent pour différents types de signaux d’entrée en fonction de la classe du système.,0,0.0522229038
specifier-3.2,Définir la recette,AUTO-AUT28,Analyser le rejet asymptotique des perturbations en fonction de la structure du système et du nombre d’intégrateurs.,0,0.0203206800
specifier-3.2,Définir la recette,AUTO-AUT29,Comprendre les limitations des systèmes non corrigés et la nécessité d’ajouter des correcteurs.,0,0.0528344661
specifier-3.2,Définir la recette,AUTO-AUT30,Décrire la fonction et les effets d’un correcteur intégral (I) sur les performances du système et sa réponse fréquentielle.,0,0.0602663532
specifier-3.2,Définir la recette,AUTO-AUT31,"Décrire la fonction et les effets d’un correcteur proportionnel-intégral (PI), combinant amélioration de la précision et impact minimal sur la dynamique rapide.",0,0.1082879901
specifier-3.2,Définir la recette,AUTO-AUT32,"Décrire la fonction et les effets d’un correcteur proportionnel-dérivatif (PD), améliorant principalement la stabilité et la dynamique rapide.",0,0.1331502348
specifier-3.2,Définir la recette,AUTO-AUT33,Décrire la fonction et les effets d’un correcteur à avance de phase comme approximation causale d’un correcteur PD.,0,0.1361676604
specifier-3.2,Définir la recette,AUTO-AUT34,Décrire les effets combinés et la structure d’un correcteur proportionnel-intégral-dérivatif (PID).,0,0.0472615808
specifier-3.2,Définir la recette,AUTO-AUT35,Tracer les diagrammes de Bode asymptotiques à partir de la forme normalisée de la fonction de transfert.,0,0.1413567960
specifier-3.2,Définir la recette,AUTO-AUT36,Tracer un diagramme de Nyquist,0,0.1037781537
specifier-3.2,Définir la recette,AUTO-AUT37,Tracer un diagramme de Black,0,0.1883830726
specifier-3.3,Lister les tests fonctionnels,AUTO-AUT01,"Définir et classer les systèmes selon des caractéristiques telles que : statique/dynamique, monovariable/multivariable, continu/discret, linéaire/non-linéaire, causal et invariant.",0,0.4147064686
specifier-3.3,Lister les tests fonctionnels,AUTO-AUT02,"Décrire la nature des signaux d'entrée/sortie, qu'ils soient continus ou discrets.",0,0.1334193051
specifier-3.3,Lister les tests fonctionnels,AUTO-AUT03,"Identifier la classe d’un système à partir de sa réponse indicielle, impulsionnelle, etc.",0,0.1801948398
specifier-3.3,Lister les tests fonctionnels,AUTO-AUT04,Représenter des signaux en utilisant un outil numérique (Scilab),0,0.2335469425
specifier-3.3,Lister les tests fonctionnels,AUTO-AUT05,Analyser la stabilité d’un système en étudiant sa fonction de transfert à l’aide d’un outil numérique (Scilab),0,0.4367125332
specifier-3.3,Lister les tests fonctionnels,AUTO-AUT06,"Tracer des les diagrammes de réponse en fréquence (gain, phase) à l’aide d’un outil numérique (Scilab)",0,0.2322221696
specifier-3.3,Lister les tests fonctionnels,AUTO-AUT07,"Identifier les exigences clés dans la conception d’un système de commande : stabilité, marges, précision, rapidité, rejet des perturbations, robustesse.",0,0.3905014694
specifier-3.3,Lister les tests fonctionnels,AUTO-AUT08,"Proposer une stratégie générale pour analyser un système non corrigé, définir les exigences, synthétiser un correcteur et vérifier les performances.",0,0.4180126786
specifier-3.3,Lister les tests fonctionnels,AUTO-AUT09,Déterminer la fonction de transfert d'un système LTI continu à partir de son équation différentielle.,0,0.3242793679
specifier-3.3,Lister les tests fonctionnels,AUTO-AUT10,"Identifier les éléments caractéristiques d'une fonction de transfert : pôles, zéros et gain.",0,0.3106918633
specifier-3.3,Lister les tests fonctionnels,AUTO-AUT11,"Analyser la réponse temporelle des systèmes du premier ordre (intégrateur, premier ordre) soumis à des signaux d’entrée standards.",0,0.2581760883
specifier-3.3,Lister les tests fonctionnels,AUTO-AUT12,"Analyser les caractéristiques temporelles (amortissement, oscillations, temps de stabilisation) des systèmes du second ordre en fonction de leurs pôles et de leurs paramètres.",0,0.3450076878
specifier-3.3,Lister les tests fonctionnels,AUTO-AUT13,Appliquer la transformée de Laplace et ses propriétés aux signaux et aux systèmes.,0,0.2062061429
specifier-3.3,Lister les tests fonctionnels,AUTO-AUT14,"Analyser la réponse fréquentielle des systèmes LTI à l’aide des diagrammes de Bode, Nyquist et Black.",0,0.3412815928
specifier-3.3,Lister les tests fonctionnels,AUTO-AUT15,Appliquer le critère de Routh pour déterminer la stabilité d’un système en boucle fermée à partir de son équation caractéristique.,0,0.3498132229
specifier-3.3,Lister les tests fonctionnels,AUTO-AUT16,Appliquer le critère de Nyquist pour déterminer la stabilité en boucle fermée à partir du diagramme de la fonction de transfert en boucle ouverte autour du point critique (-1).,0,0.3213732243
specifier-3.3,Lister les tests fonctionnels,AUTO-AUT17,"Évaluer les performances dynamiques (rapidité, amortissement) des systèmes en boucle fermée, en les reliant si possible aux caractéristiques en boucle ouverte.",0,0.3495249748
specifier-3.3,Lister les tests fonctionnels,AUTO-AUT18,"Interpréter les diagrammes de réponse fréquentielle (gain, phase) pour les systèmes élémentaires : gain pur, intégrateur, dérivateur, éléments du premier et du second ordre.",0,0.2929688990
specifier-3.3,Lister les tests fonctionnels,AUTO-AUT19,"Relier les performances en temps (constante de temps, temps de montée) aux notions fréquentielles (fréquence de coupure, bande passante) pour les systèmes du premier ordre.",0,0.2241634279
specifier-3.3,Lister les tests fonctionnels,AUTO-AUT20,Utiliser le critère du Revers pour une évaluation simplifiée de la stabilité à partir du diagramme de Nyquist ou de Black.,0,0.2907162905
specifier-3.3,Lister les tests fonctionnels,AUTO-AUT21,Identifier les pôles dominants dans les systèmes d’ordre supérieur et analyser leur influence sur la réponse transitoire.,0,0.2875768244
specifier-3.3,Lister les tests fonctionnels,AUTO-AUT22,Décrire la structure et le rôle d’un système automatique ou d’un système asservi (boucle de rétroaction).,0,0.4056462049
specifier-3.3,Lister les tests fonctionnels,AUTO-AUT23,Distinguer les caractéristiques des systèmes en boucle ouverte et en boucle fermée.,0,0.2439414412
specifier-3.3,Lister les tests fonctionnels,AUTO-AUT24,Analyser la stabilité des systèmes LTI à partir de la partie réelle des pôles de leur fonction de transfert.,0,0.3635975718
specifier-3.3,Lister les tests fonctionnels,AUTO-AUT25,Déterminer les marges de stabilité à partir des diagrammes fréquentiels en boucle ouverte.,0,0.3159477413
specifier-3.3,Lister les tests fonctionnels,AUTO-AUT26,Interpréter la signification des marges de stabilité pour évaluer la robustesse de la stabilité en boucle fermée.,0,0.3746001422
specifier-3.3,Lister les tests fonctionnels,AUTO-AUT27,Analyser l’erreur statique en régime permanent pour différents types de signaux d’entrée en fonction de la classe du système.,0,0.3753440976
specifier-3.3,Lister les tests fonctionnels,AUTO-AUT28,Analyser le rejet asymptotique des perturbations en fonction de la structure du système et du nombre d’intégrateurs.,0,0.3209047914
specifier-3.3,Lister les tests fonctionnels,AUTO-AUT29,Comprendre les limitations des systèmes non corrigés et la nécessité d’ajouter des correcteurs.,0,0.3251883984
specifier-3.3,Lister les tests fonctionnels,AUTO-AUT30,Décrire la fonction et les effets d’un correcteur intégral (I) sur les performances du système et sa réponse fréquentielle.,0,0.3742617965
specifier-3.3,Lister les tests fonctionnels,AUTO-AUT31,"Décrire la fonction et les effets d’un correcteur proportionnel-intégral (PI), combinant amélioration de la précision et impact minimal sur la dynamique rapide.",0,0.3206532001
specifier-3.3,Lister les tests fonctionnels,AUTO-AUT32,"Décrire la fonction et les effets d’un correcteur proportionnel-dérivatif (PD), améliorant principalement la stabilité et la dynamique rapide.",0,0.3208143711
specifier-3.3,Lister les tests fonctionnels,AUTO-AUT33,Décrire la fonction et les effets d’un correcteur à avance de phase comme approximation causale d’un correcteur PD.,0,0.2972801626
specifier-3.3,Lister les tests fonctionnels,AUTO-AUT34,Décrire les effets combinés et la structure d’un correcteur proportionnel-intégral-dérivatif (PID).,0,0.2432158589
specifier-3.3,Lister les tests fonctionnels,AUTO-AUT35,Tracer les diagrammes de Bode asymptotiques à partir de la forme normalisée de la fonction de transfert.,0,0.2564409971
specifier-3.3,Lister les tests fonctionnels,AUTO-AUT36,Tracer un diagramme de Nyquist,0,0.1804388762
specifier-3.3,Lister les tests fonctionnels,AUTO-AUT37,Tracer un diagramme de Black,0,0.1625606567
specifier-4.1,Recueillir et reformuler les demandes du prescripteur en confrontant sa demande (fonctionnalités et données) à ses besoins réels pour prendre en compte le DDRS,AUTO-AUT01,"Définir et classer les systèmes selon des caractéristiques telles que : statique/dynamique, monovariable/multivariable, continu/discret, linéaire/non-linéaire, causal et invariant.",0,0.4305150807
specifier-4.1,Recueillir et reformuler les demandes du prescripteur en confrontant sa demande (fonctionnalités et données) à ses besoins réels pour prendre en compte le DDRS,AUTO-AUT02,"Décrire la nature des signaux d'entrée/sortie, qu'ils soient continus ou discrets.",0,0.3668238521
specifier-4.1,Recueillir et reformuler les demandes du prescripteur en confrontant sa demande (fonctionnalités et données) à ses besoins réels pour prendre en compte le DDRS,AUTO-AUT03,"Identifier la classe d’un système à partir de sa réponse indicielle, impulsionnelle, etc.",0,0.3844492435
specifier-4.1,Recueillir et reformuler les demandes du prescripteur en confrontant sa demande (fonctionnalités et données) à ses besoins réels pour prendre en compte le DDRS,AUTO-AUT04,Représenter des signaux en utilisant un outil numérique (Scilab),0,0.3564631045
specifier-4.1,Recueillir et reformuler les demandes du prescripteur en confrontant sa demande (fonctionnalités et données) à ses besoins réels pour prendre en compte le DDRS,AUTO-AUT05,Analyser la stabilité d’un système en étudiant sa fonction de transfert à l’aide d’un outil numérique (Scilab),0,0.4880774021
specifier-4.1,Recueillir et reformuler les demandes du prescripteur en confrontant sa demande (fonctionnalités et données) à ses besoins réels pour prendre en compte le DDRS,AUTO-AUT06,"Tracer des les diagrammes de réponse en fréquence (gain, phase) à l’aide d’un outil numérique (Scilab)",0,0.4221775830
specifier-4.1,Recueillir et reformuler les demandes du prescripteur en confrontant sa demande (fonctionnalités et données) à ses besoins réels pour prendre en compte le DDRS,AUTO-AUT07,"Identifier les exigences clés dans la conception d’un système de commande : stabilité, marges, précision, rapidité, rejet des perturbations, robustesse.",0,0.5510405302
specifier-4.1,Recueillir et reformuler les demandes du prescripteur en confrontant sa demande (fonctionnalités et données) à ses besoins réels pour prendre en compte le DDRS,AUTO-AUT08,"Proposer une stratégie générale pour analyser un système non corrigé, définir les exigences, synthétiser un correcteur et vérifier les performances.",0,0.5262871981
specifier-4.1,Recueillir et reformuler les demandes du prescripteur en confrontant sa demande (fonctionnalités et données) à ses besoins réels pour prendre en compte le DDRS,AUTO-AUT09,Déterminer la fonction de transfert d'un système LTI continu à partir de son équation différentielle.,0,0.4214881957
specifier-4.1,Recueillir et reformuler les demandes du prescripteur en confrontant sa demande (fonctionnalités et données) à ses besoins réels pour prendre en compte le DDRS,AUTO-AUT10,"Identifier les éléments caractéristiques d'une fonction de transfert : pôles, zéros et gain.",0,0.3348311186
specifier-4.1,Recueillir et reformuler les demandes du prescripteur en confrontant sa demande (fonctionnalités et données) à ses besoins réels pour prendre en compte le DDRS,AUTO-AUT11,"Analyser la réponse temporelle des systèmes du premier ordre (intégrateur, premier ordre) soumis à des signaux d’entrée standards.",0,0.3404862881
specifier-4.1,Recueillir et reformuler les demandes du prescripteur en confrontant sa demande (fonctionnalités et données) à ses besoins réels pour prendre en compte le DDRS,AUTO-AUT12,"Analyser les caractéristiques temporelles (amortissement, oscillations, temps de stabilisation) des systèmes du second ordre en fonction de leurs pôles et de leurs paramètres.",0,0.4763772488
specifier-4.1,Recueillir et reformuler les demandes du prescripteur en confrontant sa demande (fonctionnalités et données) à ses besoins réels pour prendre en compte le DDRS,AUTO-AUT13,Appliquer la transformée de Laplace et ses propriétés aux signaux et aux systèmes.,0,0.3299664259
specifier-4.1,Recueillir et reformuler les demandes du prescripteur en confrontant sa demande (fonctionnalités et données) à ses besoins réels pour prendre en compte le DDRS,AUTO-AUT14,"Analyser la réponse fréquentielle des systèmes LTI à l’aide des diagrammes de Bode, Nyquist et Black.",0,0.3144191802
specifier-4.1,Recueillir et reformuler les demandes du prescripteur en confrontant sa demande (fonctionnalités et données) à ses besoins réels pour prendre en compte le DDRS,AUTO-AUT15,Appliquer le critère de Routh pour déterminer la stabilité d’un système en boucle fermée à partir de son équation caractéristique.,0,0.3829678297
specifier-4.1,Recueillir et reformuler les demandes du prescripteur en confrontant sa demande (fonctionnalités et données) à ses besoins réels pour prendre en compte le DDRS,AUTO-AUT16,Appliquer le critère de Nyquist pour déterminer la stabilité en boucle fermée à partir du diagramme de la fonction de transfert en boucle ouverte autour du point critique (-1).,0,0.4235191047
specifier-4.1,Recueillir et reformuler les demandes du prescripteur en confrontant sa demande (fonctionnalités et données) à ses besoins réels pour prendre en compte le DDRS,AUTO-AUT17,"Évaluer les performances dynamiques (rapidité, amortissement) des systèmes en boucle fermée, en les reliant si possible aux caractéristiques en boucle ouverte.",0,0.5615715384
specifier-4.1,Recueillir et reformuler les demandes du prescripteur en confrontant sa demande (fonctionnalités et données) à ses besoins réels pour prendre en compte le DDRS,AUTO-AUT18,"Interpréter les diagrammes de réponse fréquentielle (gain, phase) pour les systèmes élémentaires : gain pur, intégrateur, dérivateur, éléments du premier et du second ordre.",0,0.4579778016
specifier-4.1,Recueillir et reformuler les demandes du prescripteur en confrontant sa demande (fonctionnalités et données) à ses besoins réels pour prendre en compte le DDRS,AUTO-AUT19,"Relier les performances en temps (constante de temps, temps de montée) aux notions fréquentielles (fréquence de coupure, bande passante) pour les systèmes du premier ordre.",0,0.4302639067
specifier-4.1,Recueillir et reformuler les demandes du prescripteur en confrontant sa demande (fonctionnalités et données) à ses besoins réels pour prendre en compte le DDRS,AUTO-AUT20,Utiliser le critère du Revers pour une évaluation simplifiée de la stabilité à partir du diagramme de Nyquist ou de Black.,0,0.2697019875
specifier-4.1,Recueillir et reformuler les demandes du prescripteur en confrontant sa demande (fonctionnalités et données) à ses besoins réels pour prendre en compte le DDRS,AUTO-AUT21,Identifier les pôles dominants dans les systèmes d’ordre supérieur et analyser leur influence sur la réponse transitoire.,0,0.3961031139
specifier-4.1,Recueillir et reformuler les demandes du prescripteur en confrontant sa demande (fonctionnalités et données) à ses besoins réels pour prendre en compte le DDRS,AUTO-AUT22,Décrire la structure et le rôle d’un système automatique ou d’un système asservi (boucle de rétroaction).,0,0.4105393291
specifier-4.1,Recueillir et reformuler les demandes du prescripteur en confrontant sa demande (fonctionnalités et données) à ses besoins réels pour prendre en compte le DDRS,AUTO-AUT23,Distinguer les caractéristiques des systèmes en boucle ouverte et en boucle fermée.,0,0.3147846758
specifier-4.1,Recueillir et reformuler les demandes du prescripteur en confrontant sa demande (fonctionnalités et données) à ses besoins réels pour prendre en compte le DDRS,AUTO-AUT24,Analyser la stabilité des systèmes LTI à partir de la partie réelle des pôles de leur fonction de transfert.,0,0.3568481505
specifier-4.1,Recueillir et reformuler les demandes du prescripteur en confrontant sa demande (fonctionnalités et données) à ses besoins réels pour prendre en compte le DDRS,AUTO-AUT25,Déterminer les marges de stabilité à partir des diagrammes fréquentiels en boucle ouverte.,0,0.3142381012
specifier-4.1,Recueillir et reformuler les demandes du prescripteur en confrontant sa demande (fonctionnalités et données) à ses besoins réels pour prendre en compte le DDRS,AUTO-AUT26,Interpréter la signification des marges de stabilité pour évaluer la robustesse de la stabilité en boucle fermée.,0,0.3283011913
specifier-4.1,Recueillir et reformuler les demandes du prescripteur en confrontant sa demande (fonctionnalités et données) à ses besoins réels pour prendre en compte le DDRS,AUTO-AUT27,Analyser l’erreur statique en régime permanent pour différents types de signaux d’entrée en fonction de la classe du système.,0,0.3560226560
specifier-4.1,Recueillir et reformuler les demandes du prescripteur en confrontant sa demande (fonctionnalités et données) à ses besoins réels pour prendre en compte le DDRS,AUTO-AUT28,Analyser le rejet asymptotique des perturbations en fonction de la structure du système et du nombre d’intégrateurs.,0,0.3685339391
specifier-4.1,Recueillir et reformuler les demandes du prescripteur en confrontant sa demande (fonctionnalités et données) à ses besoins réels pour prendre en compte le DDRS,AUTO-AUT29,Comprendre les limitations des systèmes non corrigés et la nécessité d’ajouter des correcteurs.,0,0.3547064066
specifier-4.1,Recueillir et reformuler les demandes du prescripteur en confrontant sa demande (fonctionnalités et données) à ses besoins réels pour prendre en compte le DDRS,AUTO-AUT30,Décrire la fonction et les effets d’un correcteur intégral (I) sur les performances du système et sa réponse fréquentielle.,0,0.4880604148
specifier-4.1,Recueillir et reformuler les demandes du prescripteur en confrontant sa demande (fonctionnalités et données) à ses besoins réels pour prendre en compte le DDRS,AUTO-AUT31,"Décrire la fonction et les effets d’un correcteur proportionnel-intégral (PI), combinant amélioration de la précision et impact minimal sur la dynamique rapide.",0,0.5335893631
specifier-4.1,Recueillir et reformuler les demandes du prescripteur en confrontant sa demande (fonctionnalités et données) à ses besoins réels pour prendre en compte le DDRS,AUTO-AUT32,"Décrire la fonction et les effets d’un correcteur proportionnel-dérivatif (PD), améliorant principalement la stabilité et la dynamique rapide.",0,0.5041080713
specifier-4.1,Recueillir et reformuler les demandes du prescripteur en confrontant sa demande (fonctionnalités et données) à ses besoins réels pour prendre en compte le DDRS,AUTO-AUT33,Décrire la fonction et les effets d’un correcteur à avance de phase comme approximation causale d’un correcteur PD.,0,0.4405586720
specifier-4.1,Recueillir et reformuler les demandes du prescripteur en confrontant sa demande (fonctionnalités et données) à ses besoins réels pour prendre en compte le DDRS,AUTO-AUT34,Décrire les effets combinés et la structure d’un correcteur proportionnel-intégral-dérivatif (PID).,0,0.3695486784
specifier-4.1,Recueillir et reformuler les demandes du prescripteur en confrontant sa demande (fonctionnalités et données) à ses besoins réels pour prendre en compte le DDRS,AUTO-AUT35,Tracer les diagrammes de Bode asymptotiques à partir de la forme normalisée de la fonction de transfert.,0,0.3444993794
specifier-4.1,Recueillir et reformuler les demandes du prescripteur en confrontant sa demande (fonctionnalités et données) à ses besoins réels pour prendre en compte le DDRS,AUTO-AUT36,Tracer un diagramme de Nyquist,0,0.1881768405
specifier-4.1,Recueillir et reformuler les demandes du prescripteur en confrontant sa demande (fonctionnalités et données) à ses besoins réels pour prendre en compte le DDRS,AUTO-AUT37,Tracer un diagramme de Black,0,0.2073949277
specifier-4.2,Prototyper des interfaces utilisateurs en prenant la RGAA,AUTO-AUT01,"Définir et classer les systèmes selon des caractéristiques telles que : statique/dynamique, monovariable/multivariable, continu/discret, linéaire/non-linéaire, causal et invariant.",0,0.3279291093
specifier-4.2,Prototyper des interfaces utilisateurs en prenant la RGAA,AUTO-AUT02,"Décrire la nature des signaux d'entrée/sortie, qu'ils soient continus ou discrets.",0,0.2372606397
specifier-4.2,Prototyper des interfaces utilisateurs en prenant la RGAA,AUTO-AUT03,"Identifier la classe d’un système à partir de sa réponse indicielle, impulsionnelle, etc.",0,0.2960635722
specifier-4.2,Prototyper des interfaces utilisateurs en prenant la RGAA,AUTO-AUT04,Représenter des signaux en utilisant un outil numérique (Scilab),0,0.3994349241
specifier-4.2,Prototyper des interfaces utilisateurs en prenant la RGAA,AUTO-AUT05,Analyser la stabilité d’un système en étudiant sa fonction de transfert à l’aide d’un outil numérique (Scilab),0,0.4291718602
specifier-4.2,Prototyper des interfaces utilisateurs en prenant la RGAA,AUTO-AUT06,"Tracer des les diagrammes de réponse en fréquence (gain, phase) à l’aide d’un outil numérique (Scilab)",0,0.4862549901
specifier-4.2,Prototyper des interfaces utilisateurs en prenant la RGAA,AUTO-AUT07,"Identifier les exigences clés dans la conception d’un système de commande : stabilité, marges, précision, rapidité, rejet des perturbations, robustesse.",0,0.3137449026
specifier-4.2,Prototyper des interfaces utilisateurs en prenant la RGAA,AUTO-AUT08,"Proposer une stratégie générale pour analyser un système non corrigé, définir les exigences, synthétiser un correcteur et vérifier les performances.",0,0.3406538367
specifier-4.2,Prototyper des interfaces utilisateurs en prenant la RGAA,AUTO-AUT09,Déterminer la fonction de transfert d'un système LTI continu à partir de son équation différentielle.,0,0.3264255524
specifier-4.2,Prototyper des interfaces utilisateurs en prenant la RGAA,AUTO-AUT10,"Identifier les éléments caractéristiques d'une fonction de transfert : pôles, zéros et gain.",0,0.3226370215
specifier-4.2,Prototyper des interfaces utilisateurs en prenant la RGAA,AUTO-AUT11,"Analyser la réponse temporelle des systèmes du premier ordre (intégrateur, premier ordre) soumis à des signaux d’entrée standards.",0,0.3406669199
specifier-4.2,Prototyper des interfaces utilisateurs en prenant la RGAA,AUTO-AUT12,"Analyser les caractéristiques temporelles (amortissement, oscillations, temps de stabilisation) des systèmes du second ordre en fonction de leurs pôles et de leurs paramètres.",0,0.2785944641
specifier-4.2,Prototyper des interfaces utilisateurs en prenant la RGAA,AUTO-AUT13,Appliquer la transformée de Laplace et ses propriétés aux signaux et aux systèmes.,0,0.4013008475
specifier-4.2,Prototyper des interfaces utilisateurs en prenant la RGAA,AUTO-AUT14,"Analyser la réponse fréquentielle des systèmes LTI à l’aide des diagrammes de Bode, Nyquist et Black.",0,0.2796211839
specifier-4.2,Prototyper des interfaces utilisateurs en prenant la RGAA,AUTO-AUT15,Appliquer le critère de Routh pour déterminer la stabilité d’un système en boucle fermée à partir de son équation caractéristique.,0,0.3392428756
specifier-4.2,Prototyper des interfaces utilisateurs en prenant la RGAA,AUTO-AUT16,Appliquer le critère de Nyquist pour déterminer la stabilité en boucle fermée à partir du diagramme de la fonction de transfert en boucle ouverte autour du point critique (-1).,0,0.3448530436
specifier-4.2,Prototyper des interfaces utilisateurs en prenant la RGAA,AUTO-AUT17,"Évaluer les performances dynamiques (rapidité, amortissement) des systèmes en boucle fermée, en les reliant si possible aux caractéristiques en boucle ouverte.",0,0.3411988616
specifier-4.2,Prototyper des interfaces utilisateurs en prenant la RGAA,AUTO-AUT18,"Interpréter les diagrammes de réponse fréquentielle (gain, phase) pour les systèmes élémentaires : gain pur, intégrateur, dérivateur, éléments du premier et du second ordre.",0,0.4020559192
specifier-4.2,Prototyper des interfaces utilisateurs en prenant la RGAA,AUTO-AUT19,"Relier les performances en temps (constante de temps, temps de montée) aux notions fréquentielles (fréquence de coupure, bande passante) pour les systèmes du premier ordre.",0,0.2678102255
specifier-4.2,Prototyper des interfaces utilisateurs en prenant la RGAA,AUTO-AUT20,Utiliser le critère du Revers pour une évaluation simplifiée de la stabilité à partir du diagramme de Nyquist ou de Black.,0,0.2026252151
specifier-4.2,Prototyper des interfaces utilisateurs en prenant la RGAA,AUTO-AUT21,Identifier les pôles dominants dans les systèmes d’ordre supérieur et analyser leur influence sur la réponse transitoire.,0,0.3215631843
specifier-4.2,Prototyper des interfaces utilisateurs en prenant la RGAA,AUTO-AUT22,Décrire la structure et le rôle d’un système automatique ou d’un système asservi (boucle de rétroaction).,0,0.3331882060
specifier-4.2,Prototyper des interfaces utilisateurs en prenant la RGAA,AUTO-AUT23,Distinguer les caractéristiques des systèmes en boucle ouverte et en boucle fermée.,0,0.2884899676
specifier-4.2,Prototyper des interfaces utilisateurs en prenant la RGAA,AUTO-AUT24,Analyser la stabilité des systèmes LTI à partir de la partie réelle des pôles de leur fonction de transfert.,0,0.2968796492
specifier-4.2,Prototyper des interfaces utilisateurs en prenant la RGAA,AUTO-AUT25,Déterminer les marges de stabilité à partir des diagrammes fréquentiels en boucle ouverte.,0,0.2699567974
specifier-4.2,Prototyper des interfaces utilisateurs en prenant la RGAA,AUTO-AUT26,Interpréter la signification des marges de stabilité pour évaluer la robustesse de la stabilité en boucle fermée.,0,0.2374722064
specifier-4.2,Prototyper des interfaces utilisateurs en prenant la RGAA,AUTO-AUT27,Analyser l’erreur statique en régime permanent pour différents types de signaux d’entrée en fonction de la classe du système.,0,0.2969854772
specifier-4.2,Prototyper des interfaces utilisateurs en prenant la RGAA,AUTO-AUT28,Analyser le rejet asymptotique des perturbations en fonction de la structure du système et du nombre d’intégrateurs.,0,0.2822831273
specifier-4.2,Prototyper des interfaces utilisateurs en prenant la RGAA,AUTO-AUT29,Comprendre les limitations des systèmes non corrigés et la nécessité d’ajouter des correcteurs.,0,0.2527671456
specifier-4.2,Prototyper des interfaces utilisateurs en prenant la RGAA,AUTO-AUT30,Décrire la fonction et les effets d’un correcteur intégral (I) sur les performances du système et sa réponse fréquentielle.,0,0.2923676372
specifier-4.2,Prototyper des interfaces utilisateurs en prenant la RGAA,AUTO-AUT31,"Décrire la fonction et les effets d’un correcteur proportionnel-intégral (PI), combinant amélioration de la précision et impact minimal sur la dynamique rapide.",0,0.3488664031
specifier-4.2,Prototyper des interfaces utilisateurs en prenant la RGAA,AUTO-AUT32,"Décrire la fonction et les effets d’un correcteur proportionnel-dérivatif (PD), améliorant principalement la stabilité et la dynamique rapide.",0,0.2758244574
specifier-4.2,Prototyper des interfaces utilisateurs en prenant la RGAA,AUTO-AUT33,Décrire la fonction et les effets d’un correcteur à avance de phase comme approximation causale d’un correcteur PD.,0,0.3574710488
specifier-4.2,Prototyper des interfaces utilisateurs en prenant la RGAA,AUTO-AUT34,Décrire les effets combinés et la structure d’un correcteur proportionnel-intégral-dérivatif (PID).,0,0.3286811411
specifier-4.2,Prototyper des interfaces utilisateurs en prenant la RGAA,AUTO-AUT35,Tracer les diagrammes de Bode asymptotiques à partir de la forme normalisée de la fonction de transfert.,0,0.2767009437
specifier-4.2,Prototyper des interfaces utilisateurs en prenant la RGAA,AUTO-AUT36,Tracer un diagramme de Nyquist,0,0.2540901899
specifier-4.2,Prototyper des interfaces utilisateurs en prenant la RGAA,AUTO-AUT37,Tracer un diagramme de Black,0,0.3690940142
specifier-4.3,Respecter un référentiel qualité,AUTO-AUT01,"Définir et classer les systèmes selon des caractéristiques telles que : statique/dynamique, monovariable/multivariable, continu/discret, linéaire/non-linéaire, causal et invariant.",0,0.3184744716
specifier-4.3,Respecter un référentiel qualité,AUTO-AUT02,"Décrire la nature des signaux d'entrée/sortie, qu'ils soient continus ou discrets.",0,0.0803207010
specifier-4.3,Respecter un référentiel qualité,AUTO-AUT03,"Identifier la classe d’un système à partir de sa réponse indicielle, impulsionnelle, etc.",0,0.1608394831
specifier-4.3,Respecter un référentiel qualité,AUTO-AUT04,Représenter des signaux en utilisant un outil numérique (Scilab),0,0.2907973826
specifier-4.3,Respecter un référentiel qualité,AUTO-AUT05,Analyser la stabilité d’un système en étudiant sa fonction de transfert à l’aide d’un outil numérique (Scilab),0,0.2984122038
specifier-4.3,Respecter un référentiel qualité,AUTO-AUT06,"Tracer des les diagrammes de réponse en fréquence (gain, phase) à l’aide d’un outil numérique (Scilab)",0,0.2306695879
specifier-4.3,Respecter un référentiel qualité,AUTO-AUT07,"Identifier les exigences clés dans la conception d’un système de commande : stabilité, marges, précision, rapidité, rejet des perturbations, robustesse.",0,0.4201950431
specifier-4.3,Respecter un référentiel qualité,AUTO-AUT08,"Proposer une stratégie générale pour analyser un système non corrigé, définir les exigences, synthétiser un correcteur et vérifier les performances.",0,0.3585529029
specifier-4.3,Respecter un référentiel qualité,AUTO-AUT09,Déterminer la fonction de transfert d'un système LTI continu à partir de son équation différentielle.,0,0.1864709258
specifier-4.3,Respecter un référentiel qualité,AUTO-AUT10,"Identifier les éléments caractéristiques d'une fonction de transfert : pôles, zéros et gain.",0,0.2276520133
specifier-4.3,Respecter un référentiel qualité,AUTO-AUT11,"Analyser la réponse temporelle des systèmes du premier ordre (intégrateur, premier ordre) soumis à des signaux d’entrée standards.",0,0.2174723297
specifier-4.3,Respecter un référentiel qualité,AUTO-AUT12,"Analyser les caractéristiques temporelles (amortissement, oscillations, temps de stabilisation) des systèmes du second ordre en fonction de leurs pôles et de leurs paramètres.",0,0.2733276486
specifier-4.3,Respecter un référentiel qualité,AUTO-AUT13,Appliquer la transformée de Laplace et ses propriétés aux signaux et aux systèmes.,0,0.1505534500
specifier-4.3,Respecter un référentiel qualité,AUTO-AUT14,"Analyser la réponse fréquentielle des systèmes LTI à l’aide des diagrammes de Bode, Nyquist et Black.",0,0.2119733393
specifier-4.3,Respecter un référentiel qualité,AUTO-AUT15,Appliquer le critère de Routh pour déterminer la stabilité d’un système en boucle fermée à partir de son équation caractéristique.,0,0.2378291637
specifier-4.3,Respecter un référentiel qualité,AUTO-AUT16,Appliquer le critère de Nyquist pour déterminer la stabilité en boucle fermée à partir du diagramme de la fonction de transfert en boucle ouverte autour du point critique (-1).,0,0.2467510402
specifier-4.3,Respecter un référentiel qualité,AUTO-AUT17,"Évaluer les performances dynamiques (rapidité, amortissement) des systèmes en boucle fermée, en les reliant si possible aux caractéristiques en boucle ouverte.",0,0.2812618613
specifier-4.3,Respecter un référentiel qualité,AUTO-AUT18,"Interpréter les diagrammes de réponse fréquentielle (gain, phase) pour les systèmes élémentaires : gain pur, intégrateur, dérivateur, éléments du premier et du second ordre.",0,0.2300826460
specifier-4.3,Respecter un référentiel qualité,AUTO-AUT19,"Relier les performances en temps (constante de temps, temps de montée) aux notions fréquentielles (fréquence de coupure, bande passante) pour les systèmes du premier ordre.",0,0.2907981277
specifier-4.3,Respecter un référentiel qualité,AUTO-AUT20,Utiliser le critère du Revers pour une évaluation simplifiée de la stabilité à partir du diagramme de Nyquist ou de Black.,0,0.3008464575
specifier-4.3,Respecter un référentiel qualité,AUTO-AUT21,Identifier les pôles dominants dans les systèmes d’ordre supérieur et analyser leur influence sur la réponse transitoire.,0,0.2047680020
specifier-4.3,Respecter un référentiel qualité,AUTO-AUT22,Décrire la structure et le rôle d’un système automatique ou d’un système asservi (boucle de rétroaction).,0,0.2280944288
specifier-4.3,Respecter un référentiel qualité,AUTO-AUT23,Distinguer les caractéristiques des systèmes en boucle ouverte et en boucle fermée.,0,0.2245454192
specifier-4.3,Respecter un référentiel qualité,AUTO-AUT24,Analyser la stabilité des systèmes LTI à partir de la partie réelle des pôles de leur fonction de transfert.,0,0.1991011351
specifier-4.3,Respecter un référentiel qualité,AUTO-AUT25,Déterminer les marges de stabilité à partir des diagrammes fréquentiels en boucle ouverte.,0,0.2747455239
specifier-4.3,Respecter un référentiel qualité,AUTO-AUT26,Interpréter la signification des marges de stabilité pour évaluer la robustesse de la stabilité en boucle fermée.,0,0.3358067274
specifier-4.3,Respecter un référentiel qualité,AUTO-AUT27,Analyser l’erreur statique en régime permanent pour différents types de signaux d’entrée en fonction de la classe du système.,0,0.1762044132
specifier-4.3,Respecter un référentiel qualité,AUTO-AUT28,Analyser le rejet asymptotique des perturbations en fonction de la structure du système et du nombre d’intégrateurs.,0,0.1537669301
specifier-4.3,Respecter un référentiel qualité,AUTO-AUT29,Comprendre les limitations des systèmes non corrigés et la nécessité d’ajouter des correcteurs.,0,0.2628013492
specifier-4.3,Respecter un référentiel qualité,AUTO-AUT30,Décrire la fonction et les effets d’un correcteur intégral (I) sur les performances du système et sa réponse fréquentielle.,0,0.3009005487
specifier-4.3,Respecter un référentiel qualité,AUTO-AUT31,"Décrire la fonction et les effets d’un correcteur proportionnel-intégral (PI), combinant amélioration de la précision et impact minimal sur la dynamique rapide.",0,0.2881025076
specifier-4.3,Respecter un référentiel qualité,AUTO-AUT32,"Décrire la fonction et les effets d’un correcteur proportionnel-dérivatif (PD), améliorant principalement la stabilité et la dynamique rapide.",0,0.1975250542
specifier-4.3,Respecter un référentiel qualité,AUTO-AUT33,Décrire la fonction et les effets d’un correcteur à avance de phase comme approximation causale d’un correcteur PD.,0,0.1732507050
specifier-4.3,Respecter un référentiel qualité,AUTO-AUT34,Décrire les effets combinés et la structure d’un correcteur proportionnel-intégral-dérivatif (PID).,0,0.1478818655
specifier-4.3,Respecter un référentiel qualité,AUTO-AUT35,Tracer les diagrammes de Bode asymptotiques à partir de la forme normalisée de la fonction de transfert.,0,0.1784936786
specifier-4.3,Respecter un référentiel qualité,AUTO-AUT36,Tracer un diagramme de Nyquist,0,0.1744197309
specifier-4.3,Respecter un référentiel qualité,AUTO-AUT37,Tracer un diagramme de Black,0,0.2401211858
modeliser-1.1,Représenter une collection de données numériquement ou symboliquement,AUTO-AUT01,"Définir et classer les systèmes selon des caractéristiques telles que : statique/dynamique, monovariable/multivariable, continu/discret, linéaire/non-linéaire, causal et invariant.",0,0.4422483146
modeliser-1.1,Représenter une collection de données numériquement ou symboliquement,AUTO-AUT02,"Décrire la nature des signaux d'entrée/sortie, qu'ils soient continus ou discrets.",0,0.3325015903
modeliser-1.1,Représenter une collection de données numériquement ou symboliquement,AUTO-AUT03,"Identifier la classe d’un système à partir de sa réponse indicielle, impulsionnelle, etc.",0,0.3181602657
modeliser-1.1,Représenter une collection de données numériquement ou symboliquement,AUTO-AUT04,Représenter des signaux en utilisant un outil numérique (Scilab),0,0.4941291809
modeliser-1.1,Représenter une collection de données numériquement ou symboliquement,AUTO-AUT05,Analyser la stabilité d’un système en étudiant sa fonction de transfert à l’aide d’un outil numérique (Scilab),0,0.3908931017
modeliser-1.1,Représenter une collection de données numériquement ou symboliquement,AUTO-AUT06,"Tracer des les diagrammes de réponse en fréquence (gain, phase) à l’aide d’un outil numérique (Scilab)",0,0.3104993701
modeliser-1.1,Représenter une collection de données numériquement ou symboliquement,AUTO-AUT07,"Identifier les exigences clés dans la conception d’un système de commande : stabilité, marges, précision, rapidité, rejet des perturbations, robustesse.",0,0.3158970475
modeliser-1.1,Représenter une collection de données numériquement ou symboliquement,AUTO-AUT08,"Proposer une stratégie générale pour analyser un système non corrigé, définir les exigences, synthétiser un correcteur et vérifier les performances.",0,0.3128719330
modeliser-1.1,Représenter une collection de données numériquement ou symboliquement,AUTO-AUT09,Déterminer la fonction de transfert d'un système LTI continu à partir de son équation différentielle.,0,0.2886137664
modeliser-1.1,Représenter une collection de données numériquement ou symboliquement,AUTO-AUT10,"Identifier les éléments caractéristiques d'une fonction de transfert : pôles, zéros et gain.",0,0.3086073101
modeliser-1.1,Représenter une collection de données numériquement ou symboliquement,AUTO-AUT11,"Analyser la réponse temporelle des systèmes du premier ordre (intégrateur, premier ordre) soumis à des signaux d’entrée standards.",0,0.2271463424
modeliser-1.1,Représenter une collection de données numériquement ou symboliquement,AUTO-AUT12,"Analyser les caractéristiques temporelles (amortissement, oscillations, temps de stabilisation) des systèmes du second ordre en fonction de leurs pôles et de leurs paramètres.",0,0.3784617186
modeliser-1.1,Représenter une collection de données numériquement ou symboliquement,AUTO-AUT13,Appliquer la transformée de Laplace et ses propriétés aux signaux et aux systèmes.,0,0.2339412272
modeliser-1.1,Représenter une collection de données numériquement ou symboliquement,AUTO-AUT14,"Analyser la réponse fréquentielle des systèmes LTI à l’aide des diagrammes de Bode, Nyquist et Black.",0,0.2025708109
modeliser-1.1,Représenter une collection de données numériquement ou symboliquement,AUTO-AUT15,Appliquer le critère de Routh pour déterminer la stabilité d’un système en boucle fermée à partir de son équation caractéristique.,0,0.1988798678
modeliser-1.1,Représenter une collection de données numériquement ou symboliquement,AUTO-AUT16,Appliquer le critère de Nyquist pour déterminer la stabilité en boucle fermée à partir du diagramme de la fonction de transfert en boucle ouverte autour du point critique (-1).,0,0.2816774845
modeliser-1.1,Représenter une collection de données numériquement ou symboliquement,AUTO-AUT17,"Évaluer les performances dynamiques (rapidité, amortissement) des systèmes en boucle fermée, en les reliant si possible aux caractéristiques en boucle ouverte.",0,0.3759160936
modeliser-1.1,Représenter une collection de données numériquement ou symboliquement,AUTO-AUT18,"Interpréter les diagrammes de réponse fréquentielle (gain, phase) pour les systèmes élémentaires : gain pur, intégrateur, dérivateur, éléments du premier et du second ordre.",0,0.3254442215
modeliser-1.1,Représenter une collection de données numériquement ou symboliquement,AUTO-AUT19,"Relier les performances en temps (constante de temps, temps de montée) aux notions fréquentielles (fréquence de coupure, bande passante) pour les systèmes du premier ordre.",0,0.4677462578
modeliser-1.1,Représenter une collection de données numériquement ou symboliquement,AUTO-AUT20,Utiliser le critère du Revers pour une évaluation simplifiée de la stabilité à partir du diagramme de Nyquist ou de Black.,0,0.2128099799
modeliser-1.1,Représenter une collection de données numériquement ou symboliquement,AUTO-AUT21,Identifier les pôles dominants dans les systèmes d’ordre supérieur et analyser leur influence sur la réponse transitoire.,0,0.1473103762
modeliser-1.1,Représenter une collection de données numériquement ou symboliquement,AUTO-AUT22,Décrire la structure et le rôle d’un système automatique ou d’un système asservi (boucle de rétroaction).,0,0.2873799801
modeliser-1.1,Représenter une collection de données numériquement ou symboliquement,AUTO-AUT23,Distinguer les caractéristiques des systèmes en boucle ouverte et en boucle fermée.,0,0.1039065421
modeliser-1.1,Représenter une collection de données numériquement ou symboliquement,AUTO-AUT24,Analyser la stabilité des systèmes LTI à partir de la partie réelle des pôles de leur fonction de transfert.,0,0.2544255257
modeliser-1.1,Représenter une collection de données numériquement ou symboliquement,AUTO-AUT25,Déterminer les marges de stabilité à partir des diagrammes fréquentiels en boucle ouverte.,0,0.2184391916
modeliser-1.1,Représenter une collection de données numériquement ou symboliquement,AUTO-AUT26,Interpréter la signification des marges de stabilité pour évaluer la robustesse de la stabilité en boucle fermée.,0,0.2439292371
modeliser-1.1,Représenter une collection de données numériquement ou symboliquement,AUTO-AUT27,Analyser l’erreur statique en régime permanent pour différents types de signaux d’entrée en fonction de la classe du système.,0,0.2183218300
modeliser-1.1,Représenter une collection de données numériquement ou symboliquement,AUTO-AUT28,Analyser le rejet asymptotique des perturbations en fonction de la structure du système et du nombre d’intégrateurs.,0,0.2402136624
modeliser-1.1,Représenter une collection de données numériquement ou symboliquement,AUTO-AUT29,Comprendre les limitations des systèmes non corrigés et la nécessité d’ajouter des correcteurs.,0,0.1964910030
modeliser-1.1,Représenter une collection de données numériquement ou symboliquement,AUTO-AUT30,Décrire la fonction et les effets d’un correcteur intégral (I) sur les performances du système et sa réponse fréquentielle.,0,0.2992890179
modeliser-1.1,Représenter une collection de données numériquement ou symboliquement,AUTO-AUT31,"Décrire la fonction et les effets d’un correcteur proportionnel-intégral (PI), combinant amélioration de la précision et impact minimal sur la dynamique rapide.",0,0.4315732419
modeliser-1.1,Représenter une collection de données numériquement ou symboliquement,AUTO-AUT32,"Décrire la fonction et les effets d’un correcteur proportionnel-dérivatif (PD), améliorant principalement la stabilité et la dynamique rapide.",0,0.3190037012
modeliser-1.1,Représenter une collection de données numériquement ou symboliquement,AUTO-AUT33,Décrire la fonction et les effets d’un correcteur à avance de phase comme approximation causale d’un correcteur PD.,0,0.2865107059
modeliser-1.1,Représenter une collection de données numériquement ou symboliquement,AUTO-AUT34,Décrire les effets combinés et la structure d’un correcteur proportionnel-intégral-dérivatif (PID).,0,0.2785928845
modeliser-1.1,Représenter une collection de données numériquement ou symboliquement,AUTO-AUT35,Tracer les diagrammes de Bode asymptotiques à partir de la forme normalisée de la fonction de transfert.,0,0.2629029751
modeliser-1.1,Représenter une collection de données numériquement ou symboliquement,AUTO-AUT36,Tracer un diagramme de Nyquist,0,0.2517791986
modeliser-1.1,Représenter une collection de données numériquement ou symboliquement,AUTO-AUT37,Tracer un diagramme de Black,0,0.2222220898
modeliser-1.2,Déterminer les propriétés des entrées sorties d’un composant logiciel ou matériel,AUTO-AUT01,"Définir et classer les systèmes selon des caractéristiques telles que : statique/dynamique, monovariable/multivariable, continu/discret, linéaire/non-linéaire, causal et invariant.",1,0.4466935396
modeliser-1.2,Déterminer les propriétés des entrées sorties d’un composant logiciel ou matériel,AUTO-AUT02,"Décrire la nature des signaux d'entrée/sortie, qu'ils soient continus ou discrets.",0,0.4954808950
modeliser-1.2,Déterminer les propriétés des entrées sorties d’un composant logiciel ou matériel,AUTO-AUT03,"Identifier la classe d’un système à partir de sa réponse indicielle, impulsionnelle, etc.",0,0.3446071744
modeliser-1.2,Déterminer les propriétés des entrées sorties d’un composant logiciel ou matériel,AUTO-AUT04,Représenter des signaux en utilisant un outil numérique (Scilab),0,0.3143132329
modeliser-1.2,Déterminer les propriétés des entrées sorties d’un composant logiciel ou matériel,AUTO-AUT05,Analyser la stabilité d’un système en étudiant sa fonction de transfert à l’aide d’un outil numérique (Scilab),0,0.5056103468
modeliser-1.2,Déterminer les propriétés des entrées sorties d’un composant logiciel ou matériel,AUTO-AUT06,"Tracer des les diagrammes de réponse en fréquence (gain, phase) à l’aide d’un outil numérique (Scilab)",0,0.4028092325
modeliser-1.2,Déterminer les propriétés des entrées sorties d’un composant logiciel ou matériel,AUTO-AUT07,"Identifier les exigences clés dans la conception d’un système de commande : stabilité, marges, précision, rapidité, rejet des perturbations, robustesse.",0,0.4632985592
modeliser-1.2,Déterminer les propriétés des entrées sorties d’un composant logiciel ou matériel,AUTO-AUT08,"Proposer une stratégie générale pour analyser un système non corrigé, définir les exigences, synthétiser un correcteur et vérifier les performances.",0,0.4372292161
modeliser-1.2,Déterminer les propriétés des entrées sorties d’un composant logiciel ou matériel,AUTO-AUT09,Déterminer la fonction de transfert d'un système LTI continu à partir de son équation différentielle.,1,0.4324886799
modeliser-1.2,Déterminer les propriétés des entrées sorties d’un composant logiciel ou matériel,AUTO-AUT10,"Identifier les éléments caractéristiques d'une fonction de transfert : pôles, zéros et gain.",1,0.4019828141
modeliser-1.2,Déterminer les propriétés des entrées sorties d’un composant logiciel ou matériel,AUTO-AUT11,"Analyser la réponse temporelle des systèmes du premier ordre (intégrateur, premier ordre) soumis à des signaux d’entrée standards.",1,0.4470667839
modeliser-1.2,Déterminer les propriétés des entrées sorties d’un composant logiciel ou matériel,AUTO-AUT12,"Analyser les caractéristiques temporelles (amortissement, oscillations, temps de stabilisation) des systèmes du second ordre en fonction de leurs pôles et de leurs paramètres.",0,0.4652410746
modeliser-1.2,Déterminer les propriétés des entrées sorties d’un composant logiciel ou matériel,AUTO-AUT13,Appliquer la transformée de Laplace et ses propriétés aux signaux et aux systèmes.,0,0.3478581011
modeliser-1.2,Déterminer les propriétés des entrées sorties d’un composant logiciel ou matériel,AUTO-AUT14,"Analyser la réponse fréquentielle des systèmes LTI à l’aide des diagrammes de Bode, Nyquist et Black.",0,0.3534194231
modeliser-1.2,Déterminer les propriétés des entrées sorties d’un composant logiciel ou matériel,AUTO-AUT15,Appliquer le critère de Routh pour déterminer la stabilité d’un système en boucle fermée à partir de son équation caractéristique.,0,0.3825595975
modeliser-1.2,Déterminer les propriétés des entrées sorties d’un composant logiciel ou matériel,AUTO-AUT16,Appliquer le critère de Nyquist pour déterminer la stabilité en boucle fermée à partir du diagramme de la fonction de transfert en boucle ouverte autour du point critique (-1).,0,0.4632956088
modeliser-1.2,Déterminer les propriétés des entrées sorties d’un composant logiciel ou matériel,AUTO-AUT17,"Évaluer les performances dynamiques (rapidité, amortissement) des systèmes en boucle fermée, en les reliant si possible aux caractéristiques en boucle ouverte.",0,0.4788501859
modeliser-1.2,Déterminer les propriétés des entrées sorties d’un composant logiciel ou matériel,AUTO-AUT18,"Interpréter les diagrammes de réponse fréquentielle (gain, phase) pour les systèmes élémentaires : gain pur, intégrateur, dérivateur, éléments du premier et du second ordre.",0,0.3903331757
modeliser-1.2,Déterminer les propriétés des entrées sorties d’un composant logiciel ou matériel,AUTO-AUT19,"Relier les performances en temps (constante de temps, temps de montée) aux notions fréquentielles (fréquence de coupure, bande passante) pour les systèmes du premier ordre.",0,0.3113126457
modeliser-1.2,Déterminer les propriétés des entrées sorties d’un composant logiciel ou matériel,AUTO-AUT20,Utiliser le critère du Revers pour une évaluation simplifiée de la stabilité à partir du diagramme de Nyquist ou de Black.,0,0.3081198335
modeliser-1.2,Déterminer les propriétés des entrées sorties d’un composant logiciel ou matériel,AUTO-AUT21,Identifier les pôles dominants dans les systèmes d’ordre supérieur et analyser leur influence sur la réponse transitoire.,0,0.3705703318
modeliser-1.2,Déterminer les propriétés des entrées sorties d’un composant logiciel ou matériel,AUTO-AUT22,Décrire la structure et le rôle d’un système automatique ou d’un système asservi (boucle de rétroaction).,0,0.4459435940
modeliser-1.2,Déterminer les propriétés des entrées sorties d’un composant logiciel ou matériel,AUTO-AUT23,Distinguer les caractéristiques des systèmes en boucle ouverte et en boucle fermée.,0,0.3659373224
modeliser-1.2,Déterminer les propriétés des entrées sorties d’un composant logiciel ou matériel,AUTO-AUT24,Analyser la stabilité des systèmes LTI à partir de la partie réelle des pôles de leur fonction de transfert.,0,0.4714575112
modeliser-1.2,Déterminer les propriétés des entrées sorties d’un composant logiciel ou matériel,AUTO-AUT25,Déterminer les marges de stabilité à partir des diagrammes fréquentiels en boucle ouverte.,0,0.3418697715
modeliser-1.2,Déterminer les propriétés des entrées sorties d’un composant logiciel ou matériel,AUTO-AUT26,Interpréter la signification des marges de stabilité pour évaluer la robustesse de la stabilité en boucle fermée.,0,0.3443608284
modeliser-1.2,Déterminer les propriétés des entrées sorties d’un composant logiciel ou matériel,AUTO-AUT27,Analyser l’erreur statique en régime permanent pour différents types de signaux d’entrée en fonction de la classe du système.,0,0.3973598778
modeliser-1.2,Déterminer les propriétés des entrées sorties d’un composant logiciel ou matériel,AUTO-AUT28,Analyser le rejet asymptotique des perturbations en fonction de la structure du système et du nombre d’intégrateurs.,0,0.4385980368
modeliser-1.2,Déterminer les propriétés des entrées sorties d’un composant logiciel ou matériel,AUTO-AUT29,Comprendre les limitations des systèmes non corrigés et la nécessité d’ajouter des correcteurs.,0,0.3021187186
modeliser-1.2,Déterminer les propriétés des entrées sorties d’un composant logiciel ou matériel,AUTO-AUT30,Décrire la fonction et les effets d’un correcteur intégral (I) sur les performances du système et sa réponse fréquentielle.,0,0.3349454999
modeliser-1.2,Déterminer les propriétés des entrées sorties d’un composant logiciel ou matériel,AUTO-AUT31,"Décrire la fonction et les effets d’un correcteur proportionnel-intégral (PI), combinant amélioration de la précision et impact minimal sur la dynamique rapide.",0,0.3426371813
modeliser-1.2,Déterminer les propriétés des entrées sorties d’un composant logiciel ou matériel,AUTO-AUT32,"Décrire la fonction et les effets d’un correcteur proportionnel-dérivatif (PD), améliorant principalement la stabilité et la dynamique rapide.",0,0.3202757835
modeliser-1.2,Déterminer les propriétés des entrées sorties d’un composant logiciel ou matériel,AUTO-AUT33,Décrire la fonction et les effets d’un correcteur à avance de phase comme approximation causale d’un correcteur PD.,0,0.3859852552
modeliser-1.2,Déterminer les propriétés des entrées sorties d’un composant logiciel ou matériel,AUTO-AUT34,Décrire les effets combinés et la structure d’un correcteur proportionnel-intégral-dérivatif (PID).,0,0.2934203148
modeliser-1.2,Déterminer les propriétés des entrées sorties d’un composant logiciel ou matériel,AUTO-AUT35,Tracer les diagrammes de Bode asymptotiques à partir de la forme normalisée de la fonction de transfert.,0,0.3177579045
modeliser-1.2,Déterminer les propriétés des entrées sorties d’un composant logiciel ou matériel,AUTO-AUT36,Tracer un diagramme de Nyquist,0,0.3857908249
modeliser-1.2,Déterminer les propriétés des entrées sorties d’un composant logiciel ou matériel,AUTO-AUT37,Tracer un diagramme de Black,0,0.2524611354
modeliser-1.3,Déterminer la famille d’algorithmes à utiliser au regard des données numériques ou symboliques à traiter,AUTO-AUT01,"Définir et classer les systèmes selon des caractéristiques telles que : statique/dynamique, monovariable/multivariable, continu/discret, linéaire/non-linéaire, causal et invariant.",0,0.4252184927
modeliser-1.3,Déterminer la famille d’algorithmes à utiliser au regard des données numériques ou symboliques à traiter,AUTO-AUT02,"Décrire la nature des signaux d'entrée/sortie, qu'ils soient continus ou discrets.",0,0.2873103619
modeliser-1.3,Déterminer la famille d’algorithmes à utiliser au regard des données numériques ou symboliques à traiter,AUTO-AUT03,"Identifier la classe d’un système à partir de sa réponse indicielle, impulsionnelle, etc.",0,0.4412210584
modeliser-1.3,Déterminer la famille d’algorithmes à utiliser au regard des données numériques ou symboliques à traiter,AUTO-AUT04,Représenter des signaux en utilisant un outil numérique (Scilab),0,0.4443868995
modeliser-1.3,Déterminer la famille d’algorithmes à utiliser au regard des données numériques ou symboliques à traiter,AUTO-AUT05,Analyser la stabilité d’un système en étudiant sa fonction de transfert à l’aide d’un outil numérique (Scilab),0,0.4965857267
modeliser-1.3,Déterminer la famille d’algorithmes à utiliser au regard des données numériques ou symboliques à traiter,AUTO-AUT06,"Tracer des les diagrammes de réponse en fréquence (gain, phase) à l’aide d’un outil numérique (Scilab)",0,0.4434627891
modeliser-1.3,Déterminer la famille d’algorithmes à utiliser au regard des données numériques ou symboliques à traiter,AUTO-AUT07,"Identifier les exigences clés dans la conception d’un système de commande : stabilité, marges, précision, rapidité, rejet des perturbations, robustesse.",0,0.4689798355
modeliser-1.3,Déterminer la famille d’algorithmes à utiliser au regard des données numériques ou symboliques à traiter,AUTO-AUT08,"Proposer une stratégie générale pour analyser un système non corrigé, définir les exigences, synthétiser un correcteur et vérifier les performances.",0,0.4747776687
modeliser-1.3,Déterminer la famille d’algorithmes à utiliser au regard des données numériques ou symboliques à traiter,AUTO-AUT09,Déterminer la fonction de transfert d'un système LTI continu à partir de son équation différentielle.,0,0.3612999320
modeliser-1.3,Déterminer la famille d’algorithmes à utiliser au regard des données numériques ou symboliques à traiter,AUTO-AUT10,"Identifier les éléments caractéristiques d'une fonction de transfert : pôles, zéros et gain.",0,0.3458249271
modeliser-1.3,Déterminer la famille d’algorithmes à utiliser au regard des données numériques ou symboliques à traiter,AUTO-AUT11,"Analyser la réponse temporelle des systèmes du premier ordre (intégrateur, premier ordre) soumis à des signaux d’entrée standards.",0,0.3468062878
modeliser-1.3,Déterminer la famille d’algorithmes à utiliser au regard des données numériques ou symboliques à traiter,AUTO-AUT12,"Analyser les caractéristiques temporelles (amortissement, oscillations, temps de stabilisation) des systèmes du second ordre en fonction de leurs pôles et de leurs paramètres.",0,0.4709509015
modeliser-1.3,Déterminer la famille d’algorithmes à utiliser au regard des données numériques ou symboliques à traiter,AUTO-AUT13,Appliquer la transformée de Laplace et ses propriétés aux signaux et aux systèmes.,0,0.3089894056
modeliser-1.3,Déterminer la famille d’algorithmes à utiliser au regard des données numériques ou symboliques à traiter,AUTO-AUT14,"Analyser la réponse fréquentielle des systèmes LTI à l’aide des diagrammes de Bode, Nyquist et Black.",0,0.3531576097
modeliser-1.3,Déterminer la famille d’algorithmes à utiliser au regard des données numériques ou symboliques à traiter,AUTO-AUT15,Appliquer le critère de Routh pour déterminer la stabilité d’un système en boucle fermée à partir de son équation caractéristique.,0,0.3730730414
modeliser-1.3,Déterminer la famille d’algorithmes à utiliser au regard des données numériques ou symboliques à traiter,AUTO-AUT16,Appliquer le critère de Nyquist pour déterminer la stabilité en boucle fermée à partir du diagramme de la fonction de transfert en boucle ouverte autour du point critique (-1).,0,0.4126297235
modeliser-1.3,Déterminer la famille d’algorithmes à utiliser au regard des données numériques ou symboliques à traiter,AUTO-AUT17,"Évaluer les performances dynamiques (rapidité, amortissement) des systèmes en boucle fermée, en les reliant si possible aux caractéristiques en boucle ouverte.",0,0.4630280733
modeliser-1.3,Déterminer la famille d’algorithmes à utiliser au regard des données numériques ou symboliques à traiter,AUTO-AUT18,"Interpréter les diagrammes de réponse fréquentielle (gain, phase) pour les systèmes élémentaires : gain pur, intégrateur, dérivateur, éléments du premier et du second ordre.",0,0.4157485962
modeliser-1.3,Déterminer la famille d’algorithmes à utiliser au regard des données numériques ou symboliques à traiter,AUTO-AUT19,"Relier les performances en temps (constante de temps, temps de montée) aux notions fréquentielles (fréquence de coupure, bande passante) pour les systèmes du premier ordre.",0,0.5121566653
modeliser-1.3,Déterminer la famille d’algorithmes à utiliser au regard des données numériques ou symboliques à traiter,AUTO-AUT20,Utiliser le critère du Revers pour une évaluation simplifiée de la stabilité à partir du diagramme de Nyquist ou de Black.,0,0.3149711490
modeliser-1.3,Déterminer la famille d’algorithmes à utiliser au regard des données numériques ou symboliques à traiter,AUTO-AUT21,Identifier les pôles dominants dans les systèmes d’ordre supérieur et analyser leur influence sur la réponse transitoire.,0,0.3446341157
modeliser-1.3,Déterminer la famille d’algorithmes à utiliser au regard des données numériques ou symboliques à traiter,AUTO-AUT22,Décrire la structure et le rôle d’un système automatique ou d’un système asservi (boucle de rétroaction).,0,0.3415244222
modeliser-1.3,Déterminer la famille d’algorithmes à utiliser au regard des données numériques ou symboliques à traiter,AUTO-AUT23,Distinguer les caractéristiques des systèmes en boucle ouverte et en boucle fermée.,0,0.2044107914
modeliser-1.3,Déterminer la famille d’algorithmes à utiliser au regard des données numériques ou symboliques à traiter,AUTO-AUT24,Analyser la stabilité des systèmes LTI à partir de la partie réelle des pôles de leur fonction de transfert.,0,0.2939143777
modeliser-1.3,Déterminer la famille d’algorithmes à utiliser au regard des données numériques ou symboliques à traiter,AUTO-AUT25,Déterminer les marges de stabilité à partir des diagrammes fréquentiels en boucle ouverte.,0,0.3340669870
modeliser-1.3,Déterminer la famille d’algorithmes à utiliser au regard des données numériques ou symboliques à traiter,AUTO-AUT26,Interpréter la signification des marges de stabilité pour évaluer la robustesse de la stabilité en boucle fermée.,0,0.3246252239
modeliser-1.3,Déterminer la famille d’algorithmes à utiliser au regard des données numériques ou symboliques à traiter,AUTO-AUT27,Analyser l’erreur statique en régime permanent pour différents types de signaux d’entrée en fonction de la classe du système.,0,0.3183146417
modeliser-1.3,Déterminer la famille d’algorithmes à utiliser au regard des données numériques ou symboliques à traiter,AUTO-AUT28,Analyser le rejet asymptotique des perturbations en fonction de la structure du système et du nombre d’intégrateurs.,0,0.3364091516
modeliser-1.3,Déterminer la famille d’algorithmes à utiliser au regard des données numériques ou symboliques à traiter,AUTO-AUT29,Comprendre les limitations des systèmes non corrigés et la nécessité d’ajouter des correcteurs.,0,0.2744036615
modeliser-1.3,Déterminer la famille d’algorithmes à utiliser au regard des données numériques ou symboliques à traiter,AUTO-AUT30,Décrire la fonction et les effets d’un correcteur intégral (I) sur les performances du système et sa réponse fréquentielle.,0,0.3707967997
modeliser-1.3,Déterminer la famille d’algorithmes à utiliser au regard des données numériques ou symboliques à traiter,AUTO-AUT31,"Décrire la fonction et les effets d’un correcteur proportionnel-intégral (PI), combinant amélioration de la précision et impact minimal sur la dynamique rapide.",0,0.4592617154
modeliser-1.3,Déterminer la famille d’algorithmes à utiliser au regard des données numériques ou symboliques à traiter,AUTO-AUT32,"Décrire la fonction et les effets d’un correcteur proportionnel-dérivatif (PD), améliorant principalement la stabilité et la dynamique rapide.",0,0.3402189612
modeliser-1.3,Déterminer la famille d’algorithmes à utiliser au regard des données numériques ou symboliques à traiter,AUTO-AUT33,Décrire la fonction et les effets d’un correcteur à avance de phase comme approximation causale d’un correcteur PD.,0,0.3742806017
modeliser-1.3,Déterminer la famille d’algorithmes à utiliser au regard des données numériques ou symboliques à traiter,AUTO-AUT34,Décrire les effets combinés et la structure d’un correcteur proportionnel-intégral-dérivatif (PID).,0,0.2539637983
modeliser-1.3,Déterminer la famille d’algorithmes à utiliser au regard des données numériques ou symboliques à traiter,AUTO-AUT35,Tracer les diagrammes de Bode asymptotiques à partir de la forme normalisée de la fonction de transfert.,0,0.3222965598
modeliser-1.3,Déterminer la famille d’algorithmes à utiliser au regard des données numériques ou symboliques à traiter,AUTO-AUT36,Tracer un diagramme de Nyquist,0,0.2436826080
modeliser-1.3,Déterminer la famille d’algorithmes à utiliser au regard des données numériques ou symboliques à traiter,AUTO-AUT37,Tracer un diagramme de Black,0,0.3043950498
modeliser-1.4,Identifier le rôle des composants d’un ordinateur ou des systèmes électroniques,AUTO-AUT01,"Définir et classer les systèmes selon des caractéristiques telles que : statique/dynamique, monovariable/multivariable, continu/discret, linéaire/non-linéaire, causal et invariant.",0,0.4864042103
modeliser-1.4,Identifier le rôle des composants d’un ordinateur ou des systèmes électroniques,AUTO-AUT02,"Décrire la nature des signaux d'entrée/sortie, qu'ils soient continus ou discrets.",0,0.2288225889
modeliser-1.4,Identifier le rôle des composants d’un ordinateur ou des systèmes électroniques,AUTO-AUT03,"Identifier la classe d’un système à partir de sa réponse indicielle, impulsionnelle, etc.",0,0.4006755948
modeliser-1.4,Identifier le rôle des composants d’un ordinateur ou des systèmes électroniques,AUTO-AUT04,Représenter des signaux en utilisant un outil numérique (Scilab),0,0.4011414647
modeliser-1.4,Identifier le rôle des composants d’un ordinateur ou des systèmes électroniques,AUTO-AUT05,Analyser la stabilité d’un système en étudiant sa fonction de transfert à l’aide d’un outil numérique (Scilab),0,0.4819976687
modeliser-1.4,Identifier le rôle des composants d’un ordinateur ou des systèmes électroniques,AUTO-AUT06,"Tracer des les diagrammes de réponse en fréquence (gain, phase) à l’aide d’un outil numérique (Scilab)",0,0.3244835734
modeliser-1.4,Identifier le rôle des composants d’un ordinateur ou des systèmes électroniques,AUTO-AUT07,"Identifier les exigences clés dans la conception d’un système de commande : stabilité, marges, précision, rapidité, rejet des perturbations, robustesse.",0,0.4453725219
modeliser-1.4,Identifier le rôle des composants d’un ordinateur ou des systèmes électroniques,AUTO-AUT08,"Proposer une stratégie générale pour analyser un système non corrigé, définir les exigences, synthétiser un correcteur et vérifier les performances.",0,0.4231888056
modeliser-1.4,Identifier le rôle des composants d’un ordinateur ou des systèmes électroniques,AUTO-AUT09,Déterminer la fonction de transfert d'un système LTI continu à partir de son équation différentielle.,0,0.3663120866
modeliser-1.4,Identifier le rôle des composants d’un ordinateur ou des systèmes électroniques,AUTO-AUT10,"Identifier les éléments caractéristiques d'une fonction de transfert : pôles, zéros et gain.",0,0.3695123196
modeliser-1.4,Identifier le rôle des composants d’un ordinateur ou des systèmes électroniques,AUTO-AUT11,"Analyser la réponse temporelle des systèmes du premier ordre (intégrateur, premier ordre) soumis à des signaux d’entrée standards.",0,0.3206043541
modeliser-1.4,Identifier le rôle des composants d’un ordinateur ou des systèmes électroniques,AUTO-AUT12,"Analyser les caractéristiques temporelles (amortissement, oscillations, temps de stabilisation) des systèmes du second ordre en fonction de leurs pôles et de leurs paramètres.",0,0.4725984335
modeliser-1.4,Identifier le rôle des composants d’un ordinateur ou des systèmes électroniques,AUTO-AUT13,Appliquer la transformée de Laplace et ses propriétés aux signaux et aux systèmes.,0,0.3277627230
modeliser-1.4,Identifier le rôle des composants d’un ordinateur ou des systèmes électroniques,AUTO-AUT14,"Analyser la réponse fréquentielle des systèmes LTI à l’aide des diagrammes de Bode, Nyquist et Black.",0,0.3046002388
modeliser-1.4,Identifier le rôle des composants d’un ordinateur ou des systèmes électroniques,AUTO-AUT15,Appliquer le critère de Routh pour déterminer la stabilité d’un système en boucle fermée à partir de son équation caractéristique.,0,0.3091068864
modeliser-1.4,Identifier le rôle des composants d’un ordinateur ou des systèmes électroniques,AUTO-AUT16,Appliquer le critère de Nyquist pour déterminer la stabilité en boucle fermée à partir du diagramme de la fonction de transfert en boucle ouverte autour du point critique (-1).,0,0.3181311786
modeliser-1.4,Identifier le rôle des composants d’un ordinateur ou des systèmes électroniques,AUTO-AUT17,"Évaluer les performances dynamiques (rapidité, amortissement) des systèmes en boucle fermée, en les reliant si possible aux caractéristiques en boucle ouverte.",0,0.4553196430
modeliser-1.4,Identifier le rôle des composants d’un ordinateur ou des systèmes électroniques,AUTO-AUT18,"Interpréter les diagrammes de réponse fréquentielle (gain, phase) pour les systèmes élémentaires : gain pur, intégrateur, dérivateur, éléments du premier et du second ordre.",0,0.3773134649
modeliser-1.4,Identifier le rôle des composants d’un ordinateur ou des systèmes électroniques,AUTO-AUT19,"Relier les performances en temps (constante de temps, temps de montée) aux notions fréquentielles (fréquence de coupure, bande passante) pour les systèmes du premier ordre.",0,0.3447574675
modeliser-1.4,Identifier le rôle des composants d’un ordinateur ou des systèmes électroniques,AUTO-AUT20,Utiliser le critère du Revers pour une évaluation simplifiée de la stabilité à partir du diagramme de Nyquist ou de Black.,0,0.1979434490
modeliser-1.4,Identifier le rôle des composants d’un ordinateur ou des systèmes électroniques,AUTO-AUT21,Identifier les pôles dominants dans les systèmes d’ordre supérieur et analyser leur influence sur la réponse transitoire.,0,0.3597598374
modeliser-1.4,Identifier le rôle des composants d’un ordinateur ou des systèmes électroniques,AUTO-AUT22,Décrire la structure et le rôle d’un système automatique ou d’un système asservi (boucle de rétroaction).,0,0.4670202136
modeliser-1.4,Identifier le rôle des composants d’un ordinateur ou des systèmes électroniques,AUTO-AUT23,Distinguer les caractéristiques des systèmes en boucle ouverte et en boucle fermée.,0,0.1964109093
modeliser-1.4,Identifier le rôle des composants d’un ordinateur ou des systèmes électroniques,AUTO-AUT24,Analyser la stabilité des systèmes LTI à partir de la partie réelle des pôles de leur fonction de transfert.,0,0.3312222958
modeliser-1.4,Identifier le rôle des composants d’un ordinateur ou des systèmes électroniques,AUTO-AUT25,Déterminer les marges de stabilité à partir des diagrammes fréquentiels en boucle ouverte.,0,0.1103600040
modeliser-1.4,Identifier le rôle des composants d’un ordinateur ou des systèmes électroniques,AUTO-AUT26,Interpréter la signification des marges de stabilité pour évaluer la robustesse de la stabilité en boucle fermée.,0,0.2097902000
modeliser-1.4,Identifier le rôle des composants d’un ordinateur ou des systèmes électroniques,AUTO-AUT27,Analyser l’erreur statique en régime permanent pour différents types de signaux d’entrée en fonction de la classe du système.,0,0.2822816372
modeliser-1.4,Identifier le rôle des composants d’un ordinateur ou des systèmes électroniques,AUTO-AUT28,Analyser le rejet asymptotique des perturbations en fonction de la structure du système et du nombre d’intégrateurs.,0,0.3591018617
modeliser-1.4,Identifier le rôle des composants d’un ordinateur ou des systèmes électroniques,AUTO-AUT29,Comprendre les limitations des systèmes non corrigés et la nécessité d’ajouter des correcteurs.,0,0.2315048426
modeliser-1.4,Identifier le rôle des composants d’un ordinateur ou des systèmes électroniques,AUTO-AUT30,Décrire la fonction et les effets d’un correcteur intégral (I) sur les performances du système et sa réponse fréquentielle.,0,0.3583133817
modeliser-1.4,Identifier le rôle des composants d’un ordinateur ou des systèmes électroniques,AUTO-AUT31,"Décrire la fonction et les effets d’un correcteur proportionnel-intégral (PI), combinant amélioration de la précision et impact minimal sur la dynamique rapide.",0,0.3835137784
modeliser-1.4,Identifier le rôle des composants d’un ordinateur ou des systèmes électroniques,AUTO-AUT32,"Décrire la fonction et les effets d’un correcteur proportionnel-dérivatif (PD), améliorant principalement la stabilité et la dynamique rapide.",0,0.2411458045
modeliser-1.4,Identifier le rôle des composants d’un ordinateur ou des systèmes électroniques,AUTO-AUT33,Décrire la fonction et les effets d’un correcteur à avance de phase comme approximation causale d’un correcteur PD.,0,0.2801080048
modeliser-1.4,Identifier le rôle des composants d’un ordinateur ou des systèmes électroniques,AUTO-AUT34,Décrire les effets combinés et la structure d’un correcteur proportionnel-intégral-dérivatif (PID).,0,0.2302651852
modeliser-1.4,Identifier le rôle des composants d’un ordinateur ou des systèmes électroniques,AUTO-AUT35,Tracer les diagrammes de Bode asymptotiques à partir de la forme normalisée de la fonction de transfert.,0,0.2125046700
modeliser-1.4,Identifier le rôle des composants d’un ordinateur ou des systèmes électroniques,AUTO-AUT36,Tracer un diagramme de Nyquist,0,0.3124934733
modeliser-1.4,Identifier le rôle des composants d’un ordinateur ou des systèmes électroniques,AUTO-AUT37,Tracer un diagramme de Black,0,0.1896385550
modeliser-2.1,Analyser les données numériques et symboliques du problème,AUTO-AUT01,"Définir et classer les systèmes selon des caractéristiques telles que : statique/dynamique, monovariable/multivariable, continu/discret, linéaire/non-linéaire, causal et invariant.",0,0.3528241813
modeliser-2.1,Analyser les données numériques et symboliques du problème,AUTO-AUT02,"Décrire la nature des signaux d'entrée/sortie, qu'ils soient continus ou discrets.",0,0.2548368275
modeliser-2.1,Analyser les données numériques et symboliques du problème,AUTO-AUT03,"Identifier la classe d’un système à partir de sa réponse indicielle, impulsionnelle, etc.",0,0.3271753490
modeliser-2.1,Analyser les données numériques et symboliques du problème,AUTO-AUT04,Représenter des signaux en utilisant un outil numérique (Scilab),0,0.4163195193
modeliser-2.1,Analyser les données numériques et symboliques du problème,AUTO-AUT05,Analyser la stabilité d’un système en étudiant sa fonction de transfert à l’aide d’un outil numérique (Scilab),0,0.4805562198
modeliser-2.1,Analyser les données numériques et symboliques du problème,AUTO-AUT06,"Tracer des les diagrammes de réponse en fréquence (gain, phase) à l’aide d’un outil numérique (Scilab)",0,0.3614607453
modeliser-2.1,Analyser les données numériques et symboliques du problème,AUTO-AUT07,"Identifier les exigences clés dans la conception d’un système de commande : stabilité, marges, précision, rapidité, rejet des perturbations, robustesse.",0,0.3996838331
modeliser-2.1,Analyser les données numériques et symboliques du problème,AUTO-AUT08,"Proposer une stratégie générale pour analyser un système non corrigé, définir les exigences, synthétiser un correcteur et vérifier les performances.",0,0.4617857337
modeliser-2.1,Analyser les données numériques et symboliques du problème,AUTO-AUT09,Déterminer la fonction de transfert d'un système LTI continu à partir de son équation différentielle.,1,0.2883053422
modeliser-2.1,Analyser les données numériques et symboliques du problème,AUTO-AUT10,"Identifier les éléments caractéristiques d'une fonction de transfert : pôles, zéros et gain.",1,0.2963531017
modeliser-2.1,Analyser les données numériques et symboliques du problème,AUTO-AUT11,"Analyser la réponse temporelle des systèmes du premier ordre (intégrateur, premier ordre) soumis à des signaux d’entrée standards.",1,0.3270057440
modeliser-2.1,Analyser les données numériques et symboliques du problème,AUTO-AUT12,"Analyser les caractéristiques temporelles (amortissement, oscillations, temps de stabilisation) des systèmes du second ordre en fonction de leurs pôles et de leurs paramètres.",1,0.4611030817
modeliser-2.1,Analyser les données numériques et symboliques du problème,AUTO-AUT13,Appliquer la transformée de Laplace et ses propriétés aux signaux et aux systèmes.,1,0.2480061203
modeliser-2.1,Analyser les données numériques et symboliques du problème,AUTO-AUT14,"Analyser la réponse fréquentielle des systèmes LTI à l’aide des diagrammes de Bode, Nyquist et Black.",1,0.3262670934
modeliser-2.1,Analyser les données numériques et symboliques du problème,AUTO-AUT15,Appliquer le critère de Routh pour déterminer la stabilité d’un système en boucle fermée à partir de son équation caractéristique.,1,0.2713944912
modeliser-2.1,Analyser les données numériques et symboliques du problème,AUTO-AUT16,Appliquer le critère de Nyquist pour déterminer la stabilité en boucle fermée à partir du diagramme de la fonction de transfert en boucle ouverte autour du point critique (-1).,1,0.3292777836
modeliser-2.1,Analyser les données numériques et symboliques du problème,AUTO-AUT17,"Évaluer les performances dynamiques (rapidité, amortissement) des systèmes en boucle fermée, en les reliant si possible aux caractéristiques en boucle ouverte.",1,0.4326423407
modeliser-2.1,Analyser les données numériques et symboliques du problème,AUTO-AUT18,"Interpréter les diagrammes de réponse fréquentielle (gain, phase) pour les systèmes élémentaires : gain pur, intégrateur, dérivateur, éléments du premier et du second ordre.",0,0.3461205065
modeliser-2.1,Analyser les données numériques et symboliques du problème,AUTO-AUT19,"Relier les performances en temps (constante de temps, temps de montée) aux notions fréquentielles (fréquence de coupure, bande passante) pour les systèmes du premier ordre.",0,0.4388842583
modeliser-2.1,Analyser les données numériques et symboliques du problème,AUTO-AUT20,Utiliser le critère du Revers pour une évaluation simplifiée de la stabilité à partir du diagramme de Nyquist ou de Black.,0,0.2920424938
modeliser-2.1,Analyser les données numériques et symboliques du problème,AUTO-AUT21,Identifier les pôles dominants dans les systèmes d’ordre supérieur et analyser leur influence sur la réponse transitoire.,0,0.2499484867
modeliser-2.1,Analyser les données numériques et symboliques du problème,AUTO-AUT22,Décrire la structure et le rôle d’un système automatique ou d’un système asservi (boucle de rétroaction).,0,0.2891464531
modeliser-2.1,Analyser les données numériques et symboliques du problème,AUTO-AUT23,Distinguer les caractéristiques des systèmes en boucle ouverte et en boucle fermée.,0,0.2005006224
modeliser-2.1,Analyser les données numériques et symboliques du problème,AUTO-AUT24,Analyser la stabilité des systèmes LTI à partir de la partie réelle des pôles de leur fonction de transfert.,0,0.3165346086
modeliser-2.1,Analyser les données numériques et symboliques du problème,AUTO-AUT25,Déterminer les marges de stabilité à partir des diagrammes fréquentiels en boucle ouverte.,0,0.2123104334
modeliser-2.1,Analyser les données numériques et symboliques du problème,AUTO-AUT26,Interpréter la signification des marges de stabilité pour évaluer la robustesse de la stabilité en boucle fermée.,0,0.2716121078
modeliser-2.1,Analyser les données numériques et symboliques du problème,AUTO-AUT27,Analyser l’erreur statique en régime permanent pour différents types de signaux d’entrée en fonction de la classe du système.,0,0.2903311253
modeliser-2.1,Analyser les données numériques et symboliques du problème,AUTO-AUT28,Analyser le rejet asymptotique des perturbations en fonction de la structure du système et du nombre d’intégrateurs.,0,0.3499596715
modeliser-2.1,Analyser les données numériques et symboliques du problème,AUTO-AUT29,Comprendre les limitations des systèmes non corrigés et la nécessité d’ajouter des correcteurs.,0,0.2274227887
modeliser-2.1,Analyser les données numériques et symboliques du problème,AUTO-AUT30,Décrire la fonction et les effets d’un correcteur intégral (I) sur les performances du système et sa réponse fréquentielle.,0,0.3732401133
modeliser-2.1,Analyser les données numériques et symboliques du problème,AUTO-AUT31,"Décrire la fonction et les effets d’un correcteur proportionnel-intégral (PI), combinant amélioration de la précision et impact minimal sur la dynamique rapide.",0,0.4464757144
modeliser-2.1,Analyser les données numériques et symboliques du problème,AUTO-AUT32,"Décrire la fonction et les effets d’un correcteur proportionnel-dérivatif (PD), améliorant principalement la stabilité et la dynamique rapide.",0,0.3526885211
modeliser-2.1,Analyser les données numériques et symboliques du problème,AUTO-AUT33,Décrire la fonction et les effets d’un correcteur à avance de phase comme approximation causale d’un correcteur PD.,0,0.3720563054
modeliser-2.1,Analyser les données numériques et symboliques du problème,AUTO-AUT34,Décrire les effets combinés et la structure d’un correcteur proportionnel-intégral-dérivatif (PID).,0,0.2912031412
modeliser-2.1,Analyser les données numériques et symboliques du problème,AUTO-AUT35,Tracer les diagrammes de Bode asymptotiques à partir de la forme normalisée de la fonction de transfert.,0,0.2526646256
modeliser-2.1,Analyser les données numériques et symboliques du problème,AUTO-AUT36,Tracer un diagramme de Nyquist,0,0.2978796363
modeliser-2.1,Analyser les données numériques et symboliques du problème,AUTO-AUT37,Tracer un diagramme de Black,0,0.3564915359
modeliser-2.2,Comparer les différentes représentations numériques et symboliques des données,AUTO-AUT01,"Définir et classer les systèmes selon des caractéristiques telles que : statique/dynamique, monovariable/multivariable, continu/discret, linéaire/non-linéaire, causal et invariant.",0,0.4414859712
modeliser-2.2,Comparer les différentes représentations numériques et symboliques des données,AUTO-AUT02,"Décrire la nature des signaux d'entrée/sortie, qu'ils soient continus ou discrets.",0,0.2850406766
modeliser-2.2,Comparer les différentes représentations numériques et symboliques des données,AUTO-AUT03,"Identifier la classe d’un système à partir de sa réponse indicielle, impulsionnelle, etc.",0,0.3273040652
modeliser-2.2,Comparer les différentes représentations numériques et symboliques des données,AUTO-AUT04,Représenter des signaux en utilisant un outil numérique (Scilab),0,0.4379078150
modeliser-2.2,Comparer les différentes représentations numériques et symboliques des données,AUTO-AUT05,Analyser la stabilité d’un système en étudiant sa fonction de transfert à l’aide d’un outil numérique (Scilab),0,0.3972680569
modeliser-2.2,Comparer les différentes représentations numériques et symboliques des données,AUTO-AUT06,"Tracer des les diagrammes de réponse en fréquence (gain, phase) à l’aide d’un outil numérique (Scilab)",0,0.3551565409
modeliser-2.2,Comparer les différentes représentations numériques et symboliques des données,AUTO-AUT07,"Identifier les exigences clés dans la conception d’un système de commande : stabilité, marges, précision, rapidité, rejet des perturbations, robustesse.",0,0.3686758876
modeliser-2.2,Comparer les différentes représentations numériques et symboliques des données,AUTO-AUT08,"Proposer une stratégie générale pour analyser un système non corrigé, définir les exigences, synthétiser un correcteur et vérifier les performances.",0,0.3619400859
modeliser-2.2,Comparer les différentes représentations numériques et symboliques des données,AUTO-AUT09,Déterminer la fonction de transfert d'un système LTI continu à partir de son équation différentielle.,0,0.2979502678
modeliser-2.2,Comparer les différentes représentations numériques et symboliques des données,AUTO-AUT10,"Identifier les éléments caractéristiques d'une fonction de transfert : pôles, zéros et gain.",0,0.2587946355
modeliser-2.2,Comparer les différentes représentations numériques et symboliques des données,AUTO-AUT11,"Analyser la réponse temporelle des systèmes du premier ordre (intégrateur, premier ordre) soumis à des signaux d’entrée standards.",0,0.2481033206
modeliser-2.2,Comparer les différentes représentations numériques et symboliques des données,AUTO-AUT12,"Analyser les caractéristiques temporelles (amortissement, oscillations, temps de stabilisation) des systèmes du second ordre en fonction de leurs pôles et de leurs paramètres.",0,0.4509756565
modeliser-2.2,Comparer les différentes représentations numériques et symboliques des données,AUTO-AUT13,Appliquer la transformée de Laplace et ses propriétés aux signaux et aux systèmes.,0,0.2450842559
modeliser-2.2,Comparer les différentes représentations numériques et symboliques des données,AUTO-AUT14,"Analyser la réponse fréquentielle des systèmes LTI à l’aide des diagrammes de Bode, Nyquist et Black.",1,0.2647753358
modeliser-2.2,Comparer les différentes représentations numériques et symboliques des données,AUTO-AUT15,Appliquer le critère de Routh pour déterminer la stabilité d’un système en boucle fermée à partir de son équation caractéristique.,0,0.2305638194
modeliser-2.2,Comparer les différentes représentations numériques et symboliques des données,AUTO-AUT16,Appliquer le critère de Nyquist pour déterminer la stabilité en boucle fermée à partir du diagramme de la fonction de transfert en boucle ouverte autour du point critique (-1).,0,0.3161776960
modeliser-2.2,Comparer les différentes représentations numériques et symboliques des données,AUTO-AUT17,"Évaluer les performances dynamiques (rapidité, amortissement) des systèmes en boucle fermée, en les reliant si possible aux caractéristiques en boucle ouverte.",0,0.4197543263
modeliser-2.2,Comparer les différentes représentations numériques et symboliques des données,AUTO-AUT18,"Interpréter les diagrammes de réponse fréquentielle (gain, phase) pour les systèmes élémentaires : gain pur, intégrateur, dérivateur, éléments du premier et du second ordre.",1,0.3243865967
modeliser-2.2,Comparer les différentes représentations numériques et symboliques des données,AUTO-AUT19,"Relier les performances en temps (constante de temps, temps de montée) aux notions fréquentielles (fréquence de coupure, bande passante) pour les systèmes du premier ordre.",1,0.4538542330
modeliser-2.2,Comparer les différentes représentations numériques et symboliques des données,AUTO-AUT20,Utiliser le critère du Revers pour une évaluation simplifiée de la stabilité à partir du diagramme de Nyquist ou de Black.,1,0.2583950460
modeliser-2.2,Comparer les différentes représentations numériques et symboliques des données,AUTO-AUT21,Identifier les pôles dominants dans les systèmes d’ordre supérieur et analyser leur influence sur la réponse transitoire.,0,0.1950542480
modeliser-2.2,Comparer les différentes représentations numériques et symboliques des données,AUTO-AUT22,Décrire la structure et le rôle d’un système automatique ou d’un système asservi (boucle de rétroaction).,0,0.2688099146
modeliser-2.2,Comparer les différentes représentations numériques et symboliques des données,AUTO-AUT23,Distinguer les caractéristiques des systèmes en boucle ouverte et en boucle fermée.,0,0.1687734723
modeliser-2.2,Comparer les différentes représentations numériques et symboliques des données,AUTO-AUT24,Analyser la stabilité des systèmes LTI à partir de la partie réelle des pôles de leur fonction de transfert.,0,0.2731305361
modeliser-2.2,Comparer les différentes représentations numériques et symboliques des données,AUTO-AUT25,Déterminer les marges de stabilité à partir des diagrammes fréquentiels en boucle ouverte.,0,0.2366702855
modeliser-2.2,Comparer les différentes représentations numériques et symboliques des données,AUTO-AUT26,Interpréter la signification des marges de stabilité pour évaluer la robustesse de la stabilité en boucle fermée.,0,0.2526103258
modeliser-2.2,Comparer les différentes représentations numériques et symboliques des données,AUTO-AUT27,Analyser l’erreur statique en régime permanent pour différents types de signaux d’entrée en fonction de la classe du système.,0,0.3000681400
modeliser-2.2,Comparer les différentes représentations numériques et symboliques des données,AUTO-AUT28,Analyser le rejet asymptotique des perturbations en fonction de la structure du système et du nombre d’intégrateurs.,0,0.2527184486
modeliser-2.2,Comparer les différentes représentations numériques et symboliques des données,AUTO-AUT29,Comprendre les limitations des systèmes non corrigés et la nécessité d’ajouter des correcteurs.,0,0.1840890646
modeliser-2.2,Comparer les différentes représentations numériques et symboliques des données,AUTO-AUT30,Décrire la fonction et les effets d’un correcteur intégral (I) sur les performances du système et sa réponse fréquentielle.,0,0.3151387274
modeliser-2.2,Comparer les différentes représentations numériques et symboliques des données,AUTO-AUT31,"Décrire la fonction et les effets d’un correcteur proportionnel-intégral (PI), combinant amélioration de la précision et impact minimal sur la dynamique rapide.",0,0.3963952065
modeliser-2.2,Comparer les différentes représentations numériques et symboliques des données,AUTO-AUT32,"Décrire la fonction et les effets d’un correcteur proportionnel-dérivatif (PD), améliorant principalement la stabilité et la dynamique rapide.",0,0.3039654493
modeliser-2.2,Comparer les différentes représentations numériques et symboliques des données,AUTO-AUT33,Décrire la fonction et les effets d’un correcteur à avance de phase comme approximation causale d’un correcteur PD.,0,0.3020795584
modeliser-2.2,Comparer les différentes représentations numériques et symboliques des données,AUTO-AUT34,Décrire les effets combinés et la structure d’un correcteur proportionnel-intégral-dérivatif (PID).,0,0.2601049542
modeliser-2.2,Comparer les différentes représentations numériques et symboliques des données,AUTO-AUT35,Tracer les diagrammes de Bode asymptotiques à partir de la forme normalisée de la fonction de transfert.,0,0.2452088147
modeliser-2.2,Comparer les différentes représentations numériques et symboliques des données,AUTO-AUT36,Tracer un diagramme de Nyquist,0,0.2171236873
modeliser-2.2,Comparer les différentes représentations numériques et symboliques des données,AUTO-AUT37,Tracer un diagramme de Black,0,0.2414496094
modeliser-2.3,Représenter dans le paradigme de la programmation orienté objet aussi bien les données que les fonctionnalités du problème,AUTO-AUT01,"Définir et classer les systèmes selon des caractéristiques telles que : statique/dynamique, monovariable/multivariable, continu/discret, linéaire/non-linéaire, causal et invariant.",0,0.5434355736
modeliser-2.3,Représenter dans le paradigme de la programmation orienté objet aussi bien les données que les fonctionnalités du problème,AUTO-AUT02,"Décrire la nature des signaux d'entrée/sortie, qu'ils soient continus ou discrets.",0,0.3503392935
modeliser-2.3,Représenter dans le paradigme de la programmation orienté objet aussi bien les données que les fonctionnalités du problème,AUTO-AUT03,"Identifier la classe d’un système à partir de sa réponse indicielle, impulsionnelle, etc.",0,0.3474492133
modeliser-2.3,Représenter dans le paradigme de la programmation orienté objet aussi bien les données que les fonctionnalités du problème,AUTO-AUT04,Représenter des signaux en utilisant un outil numérique (Scilab),0,0.4885078371
modeliser-2.3,Représenter dans le paradigme de la programmation orienté objet aussi bien les données que les fonctionnalités du problème,AUTO-AUT05,Analyser la stabilité d’un système en étudiant sa fonction de transfert à l’aide d’un outil numérique (Scilab),0,0.4782105684
modeliser-2.3,Représenter dans le paradigme de la programmation orienté objet aussi bien les données que les fonctionnalités du problème,AUTO-AUT06,"Tracer des les diagrammes de réponse en fréquence (gain, phase) à l’aide d’un outil numérique (Scilab)",0,0.3731666803
modeliser-2.3,Représenter dans le paradigme de la programmation orienté objet aussi bien les données que les fonctionnalités du problème,AUTO-AUT07,"Identifier les exigences clés dans la conception d’un système de commande : stabilité, marges, précision, rapidité, rejet des perturbations, robustesse.",0,0.5269147158
modeliser-2.3,Représenter dans le paradigme de la programmation orienté objet aussi bien les données que les fonctionnalités du problème,AUTO-AUT08,"Proposer une stratégie générale pour analyser un système non corrigé, définir les exigences, synthétiser un correcteur et vérifier les performances.",0,0.4682692885
modeliser-2.3,Représenter dans le paradigme de la programmation orienté objet aussi bien les données que les fonctionnalités du problème,AUTO-AUT09,Déterminer la fonction de transfert d'un système LTI continu à partir de son équation différentielle.,0,0.3582963347
modeliser-2.3,Représenter dans le paradigme de la programmation orienté objet aussi bien les données que les fonctionnalités du problème,AUTO-AUT10,"Identifier les éléments caractéristiques d'une fonction de transfert : pôles, zéros et gain.",0,0.3752425909
modeliser-2.3,Représenter dans le paradigme de la programmation orienté objet aussi bien les données que les fonctionnalités du problème,AUTO-AUT11,"Analyser la réponse temporelle des systèmes du premier ordre (intégrateur, premier ordre) soumis à des signaux d’entrée standards.",0,0.3529965281
modeliser-2.3,Représenter dans le paradigme de la programmation orienté objet aussi bien les données que les fonctionnalités du problème,AUTO-AUT12,"Analyser les caractéristiques temporelles (amortissement, oscillations, temps de stabilisation) des systèmes du second ordre en fonction de leurs pôles et de leurs paramètres.",0,0.5068501234
modeliser-2.3,Représenter dans le paradigme de la programmation orienté objet aussi bien les données que les fonctionnalités du problème,AUTO-AUT13,Appliquer la transformée de Laplace et ses propriétés aux signaux et aux systèmes.,0,0.3330011964
modeliser-2.3,Représenter dans le paradigme de la programmation orienté objet aussi bien les données que les fonctionnalités du problème,AUTO-AUT14,"Analyser la réponse fréquentielle des systèmes LTI à l’aide des diagrammes de Bode, Nyquist et Black.",0,0.3118485212
modeliser-2.3,Représenter dans le paradigme de la programmation orienté objet aussi bien les données que les fonctionnalités du problème,AUTO-AUT15,Appliquer le critère de Routh pour déterminer la stabilité d’un système en boucle fermée à partir de son équation caractéristique.,0,0.3626708984
modeliser-2.3,Représenter dans le paradigme de la programmation orienté objet aussi bien les données que les fonctionnalités du problème,AUTO-AUT16,Appliquer le critère de Nyquist pour déterminer la stabilité en boucle fermée à partir du diagramme de la fonction de transfert en boucle ouverte autour du point critique (-1).,0,0.4253498912
modeliser-2.3,Représenter dans le paradigme de la programmation orienté objet aussi bien les données que les fonctionnalités du problème,AUTO-AUT17,"Évaluer les performances dynamiques (rapidité, amortissement) des systèmes en boucle fermée, en les reliant si possible aux caractéristiques en boucle ouverte.",0,0.5168214440
modeliser-2.3,Représenter dans le paradigme de la programmation orienté objet aussi bien les données que les fonctionnalités du problème,AUTO-AUT18,"Interpréter les diagrammes de réponse fréquentielle (gain, phase) pour les systèmes élémentaires : gain pur, intégrateur, dérivateur, éléments du premier et du second ordre.",0,0.4177120328
modeliser-2.3,Représenter dans le paradigme de la programmation orienté objet aussi bien les données que les fonctionnalités du problème,AUTO-AUT19,"Relier les performances en temps (constante de temps, temps de montée) aux notions fréquentielles (fréquence de coupure, bande passante) pour les systèmes du premier ordre.",0,0.4091115594
modeliser-2.3,Représenter dans le paradigme de la programmation orienté objet aussi bien les données que les fonctionnalités du problème,AUTO-AUT20,Utiliser le critère du Revers pour une évaluation simplifiée de la stabilité à partir du diagramme de Nyquist ou de Black.,0,0.2805754542
modeliser-2.3,Représenter dans le paradigme de la programmation orienté objet aussi bien les données que les fonctionnalités du problème,AUTO-AUT21,Identifier les pôles dominants dans les systèmes d’ordre supérieur et analyser leur influence sur la réponse transitoire.,0,0.3469614387
modeliser-2.3,Représenter dans le paradigme de la programmation orienté objet aussi bien les données que les fonctionnalités du problème,AUTO-AUT22,Décrire la structure et le rôle d’un système automatique ou d’un système asservi (boucle de rétroaction).,0,0.4108180702
modeliser-2.3,Représenter dans le paradigme de la programmation orienté objet aussi bien les données que les fonctionnalités du problème,AUTO-AUT23,Distinguer les caractéristiques des systèmes en boucle ouverte et en boucle fermée.,0,0.4532070756
modeliser-2.3,Représenter dans le paradigme de la programmation orienté objet aussi bien les données que les fonctionnalités du problème,AUTO-AUT24,Analyser la stabilité des systèmes LTI à partir de la partie réelle des pôles de leur fonction de transfert.,0,0.3543838859
modeliser-2.3,Représenter dans le paradigme de la programmation orienté objet aussi bien les données que les fonctionnalités du problème,AUTO-AUT25,Déterminer les marges de stabilité à partir des diagrammes fréquentiels en boucle ouverte.,0,0.3428109884
modeliser-2.3,Représenter dans le paradigme de la programmation orienté objet aussi bien les données que les fonctionnalités du problème,AUTO-AUT26,Interpréter la signification des marges de stabilité pour évaluer la robustesse de la stabilité en boucle fermée.,0,0.4425291419
modeliser-2.3,Représenter dans le paradigme de la programmation orienté objet aussi bien les données que les fonctionnalités du problème,AUTO-AUT27,Analyser l’erreur statique en régime permanent pour différents types de signaux d’entrée en fonction de la classe du système.,0,0.3459387124
modeliser-2.3,Représenter dans le paradigme de la programmation orienté objet aussi bien les données que les fonctionnalités du problème,AUTO-AUT28,Analyser le rejet asymptotique des perturbations en fonction de la structure du système et du nombre d’intégrateurs.,0,0.3211459517
modeliser-2.3,Représenter dans le paradigme de la programmation orienté objet aussi bien les données que les fonctionnalités du problème,AUTO-AUT29,Comprendre les limitations des systèmes non corrigés et la nécessité d’ajouter des correcteurs.,0,0.3384778202
modeliser-2.3,Représenter dans le paradigme de la programmation orienté objet aussi bien les données que les fonctionnalités du problème,AUTO-AUT30,Décrire la fonction et les effets d’un correcteur intégral (I) sur les performances du système et sa réponse fréquentielle.,0,0.3663281798
modeliser-2.3,Représenter dans le paradigme de la programmation orienté objet aussi bien les données que les fonctionnalités du problème,AUTO-AUT31,"Décrire la fonction et les effets d’un correcteur proportionnel-intégral (PI), combinant amélioration de la précision et impact minimal sur la dynamique rapide.",0,0.4610530734
modeliser-2.3,Représenter dans le paradigme de la programmation orienté objet aussi bien les données que les fonctionnalités du problème,AUTO-AUT32,"Décrire la fonction et les effets d’un correcteur proportionnel-dérivatif (PD), améliorant principalement la stabilité et la dynamique rapide.",0,0.3903324008
modeliser-2.3,Représenter dans le paradigme de la programmation orienté objet aussi bien les données que les fonctionnalités du problème,AUTO-AUT33,Décrire la fonction et les effets d’un correcteur à avance de phase comme approximation causale d’un correcteur PD.,0,0.4226946235
modeliser-2.3,Représenter dans le paradigme de la programmation orienté objet aussi bien les données que les fonctionnalités du problème,AUTO-AUT34,Décrire les effets combinés et la structure d’un correcteur proportionnel-intégral-dérivatif (PID).,0,0.3475722671
modeliser-2.3,Représenter dans le paradigme de la programmation orienté objet aussi bien les données que les fonctionnalités du problème,AUTO-AUT35,Tracer les diagrammes de Bode asymptotiques à partir de la forme normalisée de la fonction de transfert.,0,0.3185746670
modeliser-2.3,Représenter dans le paradigme de la programmation orienté objet aussi bien les données que les fonctionnalités du problème,AUTO-AUT36,Tracer un diagramme de Nyquist,0,0.2260578126
modeliser-2.3,Représenter dans le paradigme de la programmation orienté objet aussi bien les données que les fonctionnalités du problème,AUTO-AUT37,Tracer un diagramme de Black,0,0.3278051019
modeliser-2.4,Identifier le fonctionnement et les différentes implantations des composants d’un ordinateur ou des systèmes électroniques,AUTO-AUT01,"Définir et classer les systèmes selon des caractéristiques telles que : statique/dynamique, monovariable/multivariable, continu/discret, linéaire/non-linéaire, causal et invariant.",0,0.5279519558
modeliser-2.4,Identifier le fonctionnement et les différentes implantations des composants d’un ordinateur ou des systèmes électroniques,AUTO-AUT02,"Décrire la nature des signaux d'entrée/sortie, qu'ils soient continus ou discrets.",0,0.2408172935
modeliser-2.4,Identifier le fonctionnement et les différentes implantations des composants d’un ordinateur ou des systèmes électroniques,AUTO-AUT03,"Identifier la classe d’un système à partir de sa réponse indicielle, impulsionnelle, etc.",0,0.3570542932
modeliser-2.4,Identifier le fonctionnement et les différentes implantations des composants d’un ordinateur ou des systèmes électroniques,AUTO-AUT04,Représenter des signaux en utilisant un outil numérique (Scilab),0,0.2962547541
modeliser-2.4,Identifier le fonctionnement et les différentes implantations des composants d’un ordinateur ou des systèmes électroniques,AUTO-AUT05,Analyser la stabilité d’un système en étudiant sa fonction de transfert à l’aide d’un outil numérique (Scilab),0,0.4975780547
modeliser-2.4,Identifier le fonctionnement et les différentes implantations des composants d’un ordinateur ou des systèmes électroniques,AUTO-AUT06,"Tracer des les diagrammes de réponse en fréquence (gain, phase) à l’aide d’un outil numérique (Scilab)",0,0.3622266054
modeliser-2.4,Identifier le fonctionnement et les différentes implantations des composants d’un ordinateur ou des systèmes électroniques,AUTO-AUT07,"Identifier les exigences clés dans la conception d’un système de commande : stabilité, marges, précision, rapidité, rejet des perturbations, robustesse.",0,0.4822459221
modeliser-2.4,Identifier le fonctionnement et les différentes implantations des composants d’un ordinateur ou des systèmes électroniques,AUTO-AUT08,"Proposer une stratégie générale pour analyser un système non corrigé, définir les exigences, synthétiser un correcteur et vérifier les performances.",0,0.4162474871
modeliser-2.4,Identifier le fonctionnement et les différentes implantations des composants d’un ordinateur ou des systèmes électroniques,AUTO-AUT09,Déterminer la fonction de transfert d'un système LTI continu à partir de son équation différentielle.,0,0.4200107455
modeliser-2.4,Identifier le fonctionnement et les différentes implantations des composants d’un ordinateur ou des systèmes électroniques,AUTO-AUT10,"Identifier les éléments caractéristiques d'une fonction de transfert : pôles, zéros et gain.",0,0.3357598782
modeliser-2.4,Identifier le fonctionnement et les différentes implantations des composants d’un ordinateur ou des systèmes électroniques,AUTO-AUT11,"Analyser la réponse temporelle des systèmes du premier ordre (intégrateur, premier ordre) soumis à des signaux d’entrée standards.",0,0.2739324272
modeliser-2.4,Identifier le fonctionnement et les différentes implantations des composants d’un ordinateur ou des systèmes électroniques,AUTO-AUT12,"Analyser les caractéristiques temporelles (amortissement, oscillations, temps de stabilisation) des systèmes du second ordre en fonction de leurs pôles et de leurs paramètres.",0,0.4947964549
modeliser-2.4,Identifier le fonctionnement et les différentes implantations des composants d’un ordinateur ou des systèmes électroniques,AUTO-AUT13,Appliquer la transformée de Laplace et ses propriétés aux signaux et aux systèmes.,0,0.3327832818
modeliser-2.4,Identifier le fonctionnement et les différentes implantations des composants d’un ordinateur ou des systèmes électroniques,AUTO-AUT14,"Analyser la réponse fréquentielle des systèmes LTI à l’aide des diagrammes de Bode, Nyquist et Black.",0,0.3376071453
modeliser-2.4,Identifier le fonctionnement et les différentes implantations des composants d’un ordinateur ou des systèmes électroniques,AUTO-AUT15,Appliquer le critère de Routh pour déterminer la stabilité d’un système en boucle fermée à partir de son équation caractéristique.,0,0.3441226482
modeliser-2.4,Identifier le fonctionnement et les différentes implantations des composants d’un ordinateur ou des systèmes électroniques,AUTO-AUT16,Appliquer le critère de Nyquist pour déterminer la stabilité en boucle fermée à partir du diagramme de la fonction de transfert en boucle ouverte autour du point critique (-1).,0,0.4037725627
modeliser-2.4,Identifier le fonctionnement et les différentes implantations des composants d’un ordinateur ou des systèmes électroniques,AUTO-AUT17,"Évaluer les performances dynamiques (rapidité, amortissement) des systèmes en boucle fermée, en les reliant si possible aux caractéristiques en boucle ouverte.",0,0.4612423182
modeliser-2.4,Identifier le fonctionnement et les différentes implantations des composants d’un ordinateur ou des systèmes électroniques,AUTO-AUT18,"Interpréter les diagrammes de réponse fréquentielle (gain, phase) pour les systèmes élémentaires : gain pur, intégrateur, dérivateur, éléments du premier et du second ordre.",0,0.3923958540
modeliser-2.4,Identifier le fonctionnement et les différentes implantations des composants d’un ordinateur ou des systèmes électroniques,AUTO-AUT19,"Relier les performances en temps (constante de temps, temps de montée) aux notions fréquentielles (fréquence de coupure, bande passante) pour les systèmes du premier ordre.",0,0.3712290823
modeliser-2.4,Identifier le fonctionnement et les différentes implantations des composants d’un ordinateur ou des systèmes électroniques,AUTO-AUT20,Utiliser le critère du Revers pour une évaluation simplifiée de la stabilité à partir du diagramme de Nyquist ou de Black.,0,0.2323478311
modeliser-2.4,Identifier le fonctionnement et les différentes implantations des composants d’un ordinateur ou des systèmes électroniques,AUTO-AUT21,Identifier les pôles dominants dans les systèmes d’ordre supérieur et analyser leur influence sur la réponse transitoire.,0,0.3271927536
modeliser-2.4,Identifier le fonctionnement et les différentes implantations des composants d’un ordinateur ou des systèmes électroniques,AUTO-AUT22,Décrire la structure et le rôle d’un système automatique ou d’un système asservi (boucle de rétroaction).,0,0.4563826621
modeliser-2.4,Identifier le fonctionnement et les différentes implantations des composants d’un ordinateur ou des systèmes électroniques,AUTO-AUT23,Distinguer les caractéristiques des systèmes en boucle ouverte et en boucle fermée.,0,0.3112107217
modeliser-2.4,Identifier le fonctionnement et les différentes implantations des composants d’un ordinateur ou des systèmes électroniques,AUTO-AUT24,Analyser la stabilité des systèmes LTI à partir de la partie réelle des pôles de leur fonction de transfert.,0,0.3763406873
modeliser-2.4,Identifier le fonctionnement et les différentes implantations des composants d’un ordinateur ou des systèmes électroniques,AUTO-AUT25,Déterminer les marges de stabilité à partir des diagrammes fréquentiels en boucle ouverte.,0,0.2994452715
modeliser-2.4,Identifier le fonctionnement et les différentes implantations des composants d’un ordinateur ou des systèmes électroniques,AUTO-AUT26,Interpréter la signification des marges de stabilité pour évaluer la robustesse de la stabilité en boucle fermée.,0,0.2529669404
modeliser-2.4,Identifier le fonctionnement et les différentes implantations des composants d’un ordinateur ou des systèmes électroniques,AUTO-AUT27,Analyser l’erreur statique en régime permanent pour différents types de signaux d’entrée en fonction de la classe du système.,0,0.3353609145
modeliser-2.4,Identifier le fonctionnement et les différentes implantations des composants d’un ordinateur ou des systèmes électroniques,AUTO-AUT28,Analyser le rejet asymptotique des perturbations en fonction de la structure du système et du nombre d’intégrateurs.,0,0.3884259462
modeliser-2.4,Identifier le fonctionnement et les différentes implantations des composants d’un ordinateur ou des systèmes électroniques,AUTO-AUT29,Comprendre les limitations des systèmes non corrigés et la nécessité d’ajouter des correcteurs.,0,0.2229555547
modeliser-2.4,Identifier le fonctionnement et les différentes implantations des composants d’un ordinateur ou des systèmes électroniques,AUTO-AUT30,Décrire la fonction et les effets d’un correcteur intégral (I) sur les performances du système et sa réponse fréquentielle.,0,0.3519915044
modeliser-2.4,Identifier le fonctionnement et les différentes implantations des composants d’un ordinateur ou des systèmes électroniques,AUTO-AUT31,"Décrire la fonction et les effets d’un correcteur proportionnel-intégral (PI), combinant amélioration de la précision et impact minimal sur la dynamique rapide.",0,0.3562893867
modeliser-2.4,Identifier le fonctionnement et les différentes implantations des composants d’un ordinateur ou des systèmes électroniques,AUTO-AUT32,"Décrire la fonction et les effets d’un correcteur proportionnel-dérivatif (PD), améliorant principalement la stabilité et la dynamique rapide.",0,0.3000531197
modeliser-2.4,Identifier le fonctionnement et les différentes implantations des composants d’un ordinateur ou des systèmes électroniques,AUTO-AUT33,Décrire la fonction et les effets d’un correcteur à avance de phase comme approximation causale d’un correcteur PD.,0,0.3303430080
modeliser-2.4,Identifier le fonctionnement et les différentes implantations des composants d’un ordinateur ou des systèmes électroniques,AUTO-AUT34,Décrire les effets combinés et la structure d’un correcteur proportionnel-intégral-dérivatif (PID).,0,0.2646394968
modeliser-2.4,Identifier le fonctionnement et les différentes implantations des composants d’un ordinateur ou des systèmes électroniques,AUTO-AUT35,Tracer les diagrammes de Bode asymptotiques à partir de la forme normalisée de la fonction de transfert.,0,0.2578147054
modeliser-2.4,Identifier le fonctionnement et les différentes implantations des composants d’un ordinateur ou des systèmes électroniques,AUTO-AUT36,Tracer un diagramme de Nyquist,0,0.2824910879
modeliser-2.4,Identifier le fonctionnement et les différentes implantations des composants d’un ordinateur ou des systèmes électroniques,AUTO-AUT37,Tracer un diagramme de Black,0,0.2015613317
modeliser-3.1,Normaliser des données pour appliquer un modèle,AUTO-AUT01,"Définir et classer les systèmes selon des caractéristiques telles que : statique/dynamique, monovariable/multivariable, continu/discret, linéaire/non-linéaire, causal et invariant.",0,0.2848188281
modeliser-3.1,Normaliser des données pour appliquer un modèle,AUTO-AUT02,"Décrire la nature des signaux d'entrée/sortie, qu'ils soient continus ou discrets.",0,0.2569393218
modeliser-3.1,Normaliser des données pour appliquer un modèle,AUTO-AUT03,"Identifier la classe d’un système à partir de sa réponse indicielle, impulsionnelle, etc.",0,0.2537611127
modeliser-3.1,Normaliser des données pour appliquer un modèle,AUTO-AUT04,Représenter des signaux en utilisant un outil numérique (Scilab),0,0.3522028625
modeliser-3.1,Normaliser des données pour appliquer un modèle,AUTO-AUT05,Analyser la stabilité d’un système en étudiant sa fonction de transfert à l’aide d’un outil numérique (Scilab),0,0.4113877118
modeliser-3.1,Normaliser des données pour appliquer un modèle,AUTO-AUT06,"Tracer des les diagrammes de réponse en fréquence (gain, phase) à l’aide d’un outil numérique (Scilab)",0,0.3695726991
modeliser-3.1,Normaliser des données pour appliquer un modèle,AUTO-AUT07,"Identifier les exigences clés dans la conception d’un système de commande : stabilité, marges, précision, rapidité, rejet des perturbations, robustesse.",0,0.3620572090
modeliser-3.1,Normaliser des données pour appliquer un modèle,AUTO-AUT08,"Proposer une stratégie générale pour analyser un système non corrigé, définir les exigences, synthétiser un correcteur et vérifier les performances.",0,0.3834832907
modeliser-3.1,Normaliser des données pour appliquer un modèle,AUTO-AUT09,Déterminer la fonction de transfert d'un système LTI continu à partir de son équation différentielle.,0,0.2547828555
modeliser-3.1,Normaliser des données pour appliquer un modèle,AUTO-AUT10,"Identifier les éléments caractéristiques d'une fonction de transfert : pôles, zéros et gain.",0,0.2597866356
modeliser-3.1,Normaliser des données pour appliquer un modèle,AUTO-AUT11,"Analyser la réponse temporelle des systèmes du premier ordre (intégrateur, premier ordre) soumis à des signaux d’entrée standards.",0,0.3128769696
modeliser-3.1,Normaliser des données pour appliquer un modèle,AUTO-AUT12,"Analyser les caractéristiques temporelles (amortissement, oscillations, temps de stabilisation) des systèmes du second ordre en fonction de leurs pôles et de leurs paramètres.",0,0.2950307429
modeliser-3.1,Normaliser des données pour appliquer un modèle,AUTO-AUT13,Appliquer la transformée de Laplace et ses propriétés aux signaux et aux systèmes.,0,0.3924581110
modeliser-3.1,Normaliser des données pour appliquer un modèle,AUTO-AUT14,"Analyser la réponse fréquentielle des systèmes LTI à l’aide des diagrammes de Bode, Nyquist et Black.",0,0.2786336541
modeliser-3.1,Normaliser des données pour appliquer un modèle,AUTO-AUT15,Appliquer le critère de Routh pour déterminer la stabilité d’un système en boucle fermée à partir de son équation caractéristique.,0,0.2748656273
modeliser-3.1,Normaliser des données pour appliquer un modèle,AUTO-AUT16,Appliquer le critère de Nyquist pour déterminer la stabilité en boucle fermée à partir du diagramme de la fonction de transfert en boucle ouverte autour du point critique (-1).,0,0.2833417952
modeliser-3.1,Normaliser des données pour appliquer un modèle,AUTO-AUT17,"Évaluer les performances dynamiques (rapidité, amortissement) des systèmes en boucle fermée, en les reliant si possible aux caractéristiques en boucle ouverte.",0,0.3089906275
modeliser-3.1,Normaliser des données pour appliquer un modèle,AUTO-AUT18,"Interpréter les diagrammes de réponse fréquentielle (gain, phase) pour les systèmes élémentaires : gain pur, intégrateur, dérivateur, éléments du premier et du second ordre.",0,0.2740283906
modeliser-3.1,Normaliser des données pour appliquer un modèle,AUTO-AUT19,"Relier les performances en temps (constante de temps, temps de montée) aux notions fréquentielles (fréquence de coupure, bande passante) pour les systèmes du premier ordre.",0,0.2625390291
modeliser-3.1,Normaliser des données pour appliquer un modèle,AUTO-AUT20,Utiliser le critère du Revers pour une évaluation simplifiée de la stabilité à partir du diagramme de Nyquist ou de Black.,0,0.2667019367
modeliser-3.1,Normaliser des données pour appliquer un modèle,AUTO-AUT21,Identifier les pôles dominants dans les systèmes d’ordre supérieur et analyser leur influence sur la réponse transitoire.,0,0.2518322170
modeliser-3.1,Normaliser des données pour appliquer un modèle,AUTO-AUT22,Décrire la structure et le rôle d’un système automatique ou d’un système asservi (boucle de rétroaction).,0,0.3000003695
modeliser-3.1,Normaliser des données pour appliquer un modèle,AUTO-AUT23,Distinguer les caractéristiques des systèmes en boucle ouverte et en boucle fermée.,0,0.1615519822
modeliser-3.1,Normaliser des données pour appliquer un modèle,AUTO-AUT24,Analyser la stabilité des systèmes LTI à partir de la partie réelle des pôles de leur fonction de transfert.,0,0.2482548952
modeliser-3.1,Normaliser des données pour appliquer un modèle,AUTO-AUT25,Déterminer les marges de stabilité à partir des diagrammes fréquentiels en boucle ouverte.,0,0.2247235179
modeliser-3.1,Normaliser des données pour appliquer un modèle,AUTO-AUT26,Interpréter la signification des marges de stabilité pour évaluer la robustesse de la stabilité en boucle fermée.,0,0.2284713686
modeliser-3.1,Normaliser des données pour appliquer un modèle,AUTO-AUT27,Analyser l’erreur statique en régime permanent pour différents types de signaux d’entrée en fonction de la classe du système.,0,0.2940987945
modeliser-3.1,Normaliser des données pour appliquer un modèle,AUTO-AUT28,Analyser le rejet asymptotique des perturbations en fonction de la structure du système et du nombre d’intégrateurs.,0,0.2450345457
modeliser-3.1,Normaliser des données pour appliquer un modèle,AUTO-AUT29,Comprendre les limitations des systèmes non corrigés et la nécessité d’ajouter des correcteurs.,0,0.3335084915
modeliser-3.1,Normaliser des données pour appliquer un modèle,AUTO-AUT30,Décrire la fonction et les effets d’un correcteur intégral (I) sur les performances du système et sa réponse fréquentielle.,0,0.3119123876
modeliser-3.1,Normaliser des données pour appliquer un modèle,AUTO-AUT31,"Décrire la fonction et les effets d’un correcteur proportionnel-intégral (PI), combinant amélioration de la précision et impact minimal sur la dynamique rapide.",0,0.3775986433
modeliser-3.1,Normaliser des données pour appliquer un modèle,AUTO-AUT32,"Décrire la fonction et les effets d’un correcteur proportionnel-dérivatif (PD), améliorant principalement la stabilité et la dynamique rapide.",0,0.2925630212
modeliser-3.1,Normaliser des données pour appliquer un modèle,AUTO-AUT33,Décrire la fonction et les effets d’un correcteur à avance de phase comme approximation causale d’un correcteur PD.,0,0.3503632247
modeliser-3.1,Normaliser des données pour appliquer un modèle,AUTO-AUT34,Décrire les effets combinés et la structure d’un correcteur proportionnel-intégral-dérivatif (PID).,0,0.2628337741
modeliser-3.1,Normaliser des données pour appliquer un modèle,AUTO-AUT35,Tracer les diagrammes de Bode asymptotiques à partir de la forme normalisée de la fonction de transfert.,0,0.3336475492
modeliser-3.1,Normaliser des données pour appliquer un modèle,AUTO-AUT36,Tracer un diagramme de Nyquist,0,0.2747216821
modeliser-3.1,Normaliser des données pour appliquer un modèle,AUTO-AUT37,Tracer un diagramme de Black,0,0.3560574353
modeliser-3.2,Caractériser les données pour en déduire le modèle,AUTO-AUT01,"Définir et classer les systèmes selon des caractéristiques telles que : statique/dynamique, monovariable/multivariable, continu/discret, linéaire/non-linéaire, causal et invariant.",0,0.3857193887
modeliser-3.2,Caractériser les données pour en déduire le modèle,AUTO-AUT02,"Décrire la nature des signaux d'entrée/sortie, qu'ils soient continus ou discrets.",0,0.3818644285
modeliser-3.2,Caractériser les données pour en déduire le modèle,AUTO-AUT03,"Identifier la classe d’un système à partir de sa réponse indicielle, impulsionnelle, etc.",0,0.2812109590
modeliser-3.2,Caractériser les données pour en déduire le modèle,AUTO-AUT04,Représenter des signaux en utilisant un outil numérique (Scilab),0,0.3867617846
modeliser-3.2,Caractériser les données pour en déduire le modèle,AUTO-AUT05,Analyser la stabilité d’un système en étudiant sa fonction de transfert à l’aide d’un outil numérique (Scilab),0,0.3875814676
modeliser-3.2,Caractériser les données pour en déduire le modèle,AUTO-AUT06,"Tracer des les diagrammes de réponse en fréquence (gain, phase) à l’aide d’un outil numérique (Scilab)",0,0.4015058875
modeliser-3.2,Caractériser les données pour en déduire le modèle,AUTO-AUT07,"Identifier les exigences clés dans la conception d’un système de commande : stabilité, marges, précision, rapidité, rejet des perturbations, robustesse.",0,0.4029820859
modeliser-3.2,Caractériser les données pour en déduire le modèle,AUTO-AUT08,"Proposer une stratégie générale pour analyser un système non corrigé, définir les exigences, synthétiser un correcteur et vérifier les performances.",0,0.4691104293
modeliser-3.2,Caractériser les données pour en déduire le modèle,AUTO-AUT09,Déterminer la fonction de transfert d'un système LTI continu à partir de son équation différentielle.,0,0.3441060185
modeliser-3.2,Caractériser les données pour en déduire le modèle,AUTO-AUT10,"Identifier les éléments caractéristiques d'une fonction de transfert : pôles, zéros et gain.",0,0.3120605946
modeliser-3.2,Caractériser les données pour en déduire le modèle,AUTO-AUT11,"Analyser la réponse temporelle des systèmes du premier ordre (intégrateur, premier ordre) soumis à des signaux d’entrée standards.",0,0.3277036548
modeliser-3.2,Caractériser les données pour en déduire le modèle,AUTO-AUT12,"Analyser les caractéristiques temporelles (amortissement, oscillations, temps de stabilisation) des systèmes du second ordre en fonction de leurs pôles et de leurs paramètres.",0,0.4254806042
modeliser-3.2,Caractériser les données pour en déduire le modèle,AUTO-AUT13,Appliquer la transformée de Laplace et ses propriétés aux signaux et aux systèmes.,0,0.3232882619
modeliser-3.2,Caractériser les données pour en déduire le modèle,AUTO-AUT14,"Analyser la réponse fréquentielle des systèmes LTI à l’aide des diagrammes de Bode, Nyquist et Black.",0,0.2558822930
modeliser-3.2,Caractériser les données pour en déduire le modèle,AUTO-AUT15,Appliquer le critère de Routh pour déterminer la stabilité d’un système en boucle fermée à partir de son équation caractéristique.,0,0.3306770325
modeliser-3.2,Caractériser les données pour en déduire le modèle,AUTO-AUT16,Appliquer le critère de Nyquist pour déterminer la stabilité en boucle fermée à partir du diagramme de la fonction de transfert en boucle ouverte autour du point critique (-1).,0,0.3066554666
modeliser-3.2,Caractériser les données pour en déduire le modèle,AUTO-AUT17,"Évaluer les performances dynamiques (rapidité, amortissement) des systèmes en boucle fermée, en les reliant si possible aux caractéristiques en boucle ouverte.",0,0.3819826245
modeliser-3.2,Caractériser les données pour en déduire le modèle,AUTO-AUT18,"Interpréter les diagrammes de réponse fréquentielle (gain, phase) pour les systèmes élémentaires : gain pur, intégrateur, dérivateur, éléments du premier et du second ordre.",0,0.4087650776
modeliser-3.2,Caractériser les données pour en déduire le modèle,AUTO-AUT19,"Relier les performances en temps (constante de temps, temps de montée) aux notions fréquentielles (fréquence de coupure, bande passante) pour les systèmes du premier ordre.",0,0.3595608473
modeliser-3.2,Caractériser les données pour en déduire le modèle,AUTO-AUT20,Utiliser le critère du Revers pour une évaluation simplifiée de la stabilité à partir du diagramme de Nyquist ou de Black.,0,0.2451351136
modeliser-3.2,Caractériser les données pour en déduire le modèle,AUTO-AUT21,Identifier les pôles dominants dans les systèmes d’ordre supérieur et analyser leur influence sur la réponse transitoire.,0,0.3002778888
modeliser-3.2,Caractériser les données pour en déduire le modèle,AUTO-AUT22,Décrire la structure et le rôle d’un système automatique ou d’un système asservi (boucle de rétroaction).,0,0.3987078071
modeliser-3.2,Caractériser les données pour en déduire le modèle,AUTO-AUT23,Distinguer les caractéristiques des systèmes en boucle ouverte et en boucle fermée.,0,0.2065372169
modeliser-3.2,Caractériser les données pour en déduire le modèle,AUTO-AUT24,Analyser la stabilité des systèmes LTI à partir de la partie réelle des pôles de leur fonction de transfert.,0,0.2572711408
modeliser-3.2,Caractériser les données pour en déduire le modèle,AUTO-AUT25,Déterminer les marges de stabilité à partir des diagrammes fréquentiels en boucle ouverte.,0,0.2808513045
modeliser-3.2,Caractériser les données pour en déduire le modèle,AUTO-AUT26,Interpréter la signification des marges de stabilité pour évaluer la robustesse de la stabilité en boucle fermée.,0,0.3197078109
modeliser-3.2,Caractériser les données pour en déduire le modèle,AUTO-AUT27,Analyser l’erreur statique en régime permanent pour différents types de signaux d’entrée en fonction de la classe du système.,0,0.2834937572
modeliser-3.2,Caractériser les données pour en déduire le modèle,AUTO-AUT28,Analyser le rejet asymptotique des perturbations en fonction de la structure du système et du nombre d’intégrateurs.,0,0.3358671069
modeliser-3.2,Caractériser les données pour en déduire le modèle,AUTO-AUT29,Comprendre les limitations des systèmes non corrigés et la nécessité d’ajouter des correcteurs.,0,0.3283710182
modeliser-3.2,Caractériser les données pour en déduire le modèle,AUTO-AUT30,Décrire la fonction et les effets d’un correcteur intégral (I) sur les performances du système et sa réponse fréquentielle.,0,0.4105262160
modeliser-3.2,Caractériser les données pour en déduire le modèle,AUTO-AUT31,"Décrire la fonction et les effets d’un correcteur proportionnel-intégral (PI), combinant amélioration de la précision et impact minimal sur la dynamique rapide.",0,0.4667033255
modeliser-3.2,Caractériser les données pour en déduire le modèle,AUTO-AUT32,"Décrire la fonction et les effets d’un correcteur proportionnel-dérivatif (PD), améliorant principalement la stabilité et la dynamique rapide.",0,0.4916681349
modeliser-3.2,Caractériser les données pour en déduire le modèle,AUTO-AUT33,Décrire la fonction et les effets d’un correcteur à avance de phase comme approximation causale d’un correcteur PD.,0,0.4775058031
modeliser-3.2,Caractériser les données pour en déduire le modèle,AUTO-AUT34,Décrire les effets combinés et la structure d’un correcteur proportionnel-intégral-dérivatif (PID).,0,0.4433241487
modeliser-3.2,Caractériser les données pour en déduire le modèle,AUTO-AUT35,Tracer les diagrammes de Bode asymptotiques à partir de la forme normalisée de la fonction de transfert.,0,0.2904870212
modeliser-3.2,Caractériser les données pour en déduire le modèle,AUTO-AUT36,Tracer un diagramme de Nyquist,0,0.3256813288
modeliser-3.2,Caractériser les données pour en déduire le modèle,AUTO-AUT37,Tracer un diagramme de Black,0,0.3726955354
modeliser-4.1,Transformer le modèle pour obtenir une résolution acceptable,AUTO-AUT01,"Définir et classer les systèmes selon des caractéristiques telles que : statique/dynamique, monovariable/multivariable, continu/discret, linéaire/non-linéaire, causal et invariant.",0,0.3185752034
modeliser-4.1,Transformer le modèle pour obtenir une résolution acceptable,AUTO-AUT02,"Décrire la nature des signaux d'entrée/sortie, qu'ils soient continus ou discrets.",0,0.1986739039
modeliser-4.1,Transformer le modèle pour obtenir une résolution acceptable,AUTO-AUT03,"Identifier la classe d’un système à partir de sa réponse indicielle, impulsionnelle, etc.",0,0.2502181530
modeliser-4.1,Transformer le modèle pour obtenir une résolution acceptable,AUTO-AUT04,Représenter des signaux en utilisant un outil numérique (Scilab),0,0.2887611389
modeliser-4.1,Transformer le modèle pour obtenir une résolution acceptable,AUTO-AUT05,Analyser la stabilité d’un système en étudiant sa fonction de transfert à l’aide d’un outil numérique (Scilab),0,0.3764780164
modeliser-4.1,Transformer le modèle pour obtenir une résolution acceptable,AUTO-AUT06,"Tracer des les diagrammes de réponse en fréquence (gain, phase) à l’aide d’un outil numérique (Scilab)",0,0.3437715173
modeliser-4.1,Transformer le modèle pour obtenir une résolution acceptable,AUTO-AUT07,"Identifier les exigences clés dans la conception d’un système de commande : stabilité, marges, précision, rapidité, rejet des perturbations, robustesse.",0,0.3984911442
modeliser-4.1,Transformer le modèle pour obtenir une résolution acceptable,AUTO-AUT08,"Proposer une stratégie générale pour analyser un système non corrigé, définir les exigences, synthétiser un correcteur et vérifier les performances.",0,0.4063726068
modeliser-4.1,Transformer le modèle pour obtenir une résolution acceptable,AUTO-AUT09,Déterminer la fonction de transfert d'un système LTI continu à partir de son équation différentielle.,0,0.3185383677
modeliser-4.1,Transformer le modèle pour obtenir une résolution acceptable,AUTO-AUT10,"Identifier les éléments caractéristiques d'une fonction de transfert : pôles, zéros et gain.",0,0.2553304136
modeliser-4.1,Transformer le modèle pour obtenir une résolution acceptable,AUTO-AUT11,"Analyser la réponse temporelle des systèmes du premier ordre (intégrateur, premier ordre) soumis à des signaux d’entrée standards.",0,0.2762107253
modeliser-4.1,Transformer le modèle pour obtenir une résolution acceptable,AUTO-AUT12,"Analyser les caractéristiques temporelles (amortissement, oscillations, temps de stabilisation) des systèmes du second ordre en fonction de leurs pôles et de leurs paramètres.",0,0.3360684216
modeliser-4.1,Transformer le modèle pour obtenir une résolution acceptable,AUTO-AUT13,Appliquer la transformée de Laplace et ses propriétés aux signaux et aux systèmes.,0,0.3495666981
modeliser-4.1,Transformer le modèle pour obtenir une résolution acceptable,AUTO-AUT14,"Analyser la réponse fréquentielle des systèmes LTI à l’aide des diagrammes de Bode, Nyquist et Black.",0,0.2534940839
modeliser-4.1,Transformer le modèle pour obtenir une résolution acceptable,AUTO-AUT15,Appliquer le critère de Routh pour déterminer la stabilité d’un système en boucle fermée à partir de son équation caractéristique.,0,0.3693225980
modeliser-4.1,Transformer le modèle pour obtenir une résolution acceptable,AUTO-AUT16,Appliquer le critère de Nyquist pour déterminer la stabilité en boucle fermée à partir du diagramme de la fonction de transfert en boucle ouverte autour du point critique (-1).,0,0.3880181909
modeliser-4.1,Transformer le modèle pour obtenir une résolution acceptable,AUTO-AUT17,"Évaluer les performances dynamiques (rapidité, amortissement) des systèmes en boucle fermée, en les reliant si possible aux caractéristiques en boucle ouverte.",0,0.3819660544
modeliser-4.1,Transformer le modèle pour obtenir une résolution acceptable,AUTO-AUT18,"Interpréter les diagrammes de réponse fréquentielle (gain, phase) pour les systèmes élémentaires : gain pur, intégrateur, dérivateur, éléments du premier et du second ordre.",0,0.3401524425
modeliser-4.1,Transformer le modèle pour obtenir une résolution acceptable,AUTO-AUT19,"Relier les performances en temps (constante de temps, temps de montée) aux notions fréquentielles (fréquence de coupure, bande passante) pour les systèmes du premier ordre.",0,0.2811100185
modeliser-4.1,Transformer le modèle pour obtenir une résolution acceptable,AUTO-AUT20,Utiliser le critère du Revers pour une évaluation simplifiée de la stabilité à partir du diagramme de Nyquist ou de Black.,0,0.2933464050
modeliser-4.1,Transformer le modèle pour obtenir une résolution acceptable,AUTO-AUT21,Identifier les pôles dominants dans les systèmes d’ordre supérieur et analyser leur influence sur la réponse transitoire.,0,0.2345630676
modeliser-4.1,Transformer le modèle pour obtenir une résolution acceptable,AUTO-AUT22,Décrire la structure et le rôle d’un système automatique ou d’un système asservi (boucle de rétroaction).,0,0.3132324815
modeliser-4.1,Transformer le modèle pour obtenir une résolution acceptable,AUTO-AUT23,Distinguer les caractéristiques des systèmes en boucle ouverte et en boucle fermée.,0,0.3108221292
modeliser-4.1,Transformer le modèle pour obtenir une résolution acceptable,AUTO-AUT24,Analyser la stabilité des systèmes LTI à partir de la partie réelle des pôles de leur fonction de transfert.,0,0.2511879504
modeliser-4.1,Transformer le modèle pour obtenir une résolution acceptable,AUTO-AUT25,Déterminer les marges de stabilité à partir des diagrammes fréquentiels en boucle ouverte.,0,0.3631974459
modeliser-4.1,Transformer le modèle pour obtenir une résolution acceptable,AUTO-AUT26,Interpréter la signification des marges de stabilité pour évaluer la robustesse de la stabilité en boucle fermée.,0,0.3115765154
modeliser-4.1,Transformer le modèle pour obtenir une résolution acceptable,AUTO-AUT27,Analyser l’erreur statique en régime permanent pour différents types de signaux d’entrée en fonction de la classe du système.,0,0.2487764359
modeliser-4.1,Transformer le modèle pour obtenir une résolution acceptable,AUTO-AUT28,Analyser le rejet asymptotique des perturbations en fonction de la structure du système et du nombre d’intégrateurs.,0,0.2300173491
modeliser-4.1,Transformer le modèle pour obtenir une résolution acceptable,AUTO-AUT29,Comprendre les limitations des systèmes non corrigés et la nécessité d’ajouter des correcteurs.,0,0.3114153445
modeliser-4.1,Transformer le modèle pour obtenir une résolution acceptable,AUTO-AUT30,Décrire la fonction et les effets d’un correcteur intégral (I) sur les performances du système et sa réponse fréquentielle.,0,0.3275611401
modeliser-4.1,Transformer le modèle pour obtenir une résolution acceptable,AUTO-AUT31,"Décrire la fonction et les effets d’un correcteur proportionnel-intégral (PI), combinant amélioration de la précision et impact minimal sur la dynamique rapide.",0,0.4223193526
modeliser-4.1,Transformer le modèle pour obtenir une résolution acceptable,AUTO-AUT32,"Décrire la fonction et les effets d’un correcteur proportionnel-dérivatif (PD), améliorant principalement la stabilité et la dynamique rapide.",0,0.3507857025
modeliser-4.1,Transformer le modèle pour obtenir une résolution acceptable,AUTO-AUT33,Décrire la fonction et les effets d’un correcteur à avance de phase comme approximation causale d’un correcteur PD.,0,0.4426476955
modeliser-4.1,Transformer le modèle pour obtenir une résolution acceptable,AUTO-AUT34,Décrire les effets combinés et la structure d’un correcteur proportionnel-intégral-dérivatif (PID).,0,0.2937099338
modeliser-4.1,Transformer le modèle pour obtenir une résolution acceptable,AUTO-AUT35,Tracer les diagrammes de Bode asymptotiques à partir de la forme normalisée de la fonction de transfert.,0,0.3152390718
modeliser-4.1,Transformer le modèle pour obtenir une résolution acceptable,AUTO-AUT36,Tracer un diagramme de Nyquist,0,0.2707308829
modeliser-4.1,Transformer le modèle pour obtenir une résolution acceptable,AUTO-AUT37,Tracer un diagramme de Black,0,0.3280631900
modeliser-4.2,Transformer les données pour obtenir une résolution acceptable,AUTO-AUT01,"Définir et classer les systèmes selon des caractéristiques telles que : statique/dynamique, monovariable/multivariable, continu/discret, linéaire/non-linéaire, causal et invariant.",0,0.2261637449
modeliser-4.2,Transformer les données pour obtenir une résolution acceptable,AUTO-AUT02,"Décrire la nature des signaux d'entrée/sortie, qu'ils soient continus ou discrets.",0,0.2490255088
modeliser-4.2,Transformer les données pour obtenir une résolution acceptable,AUTO-AUT03,"Identifier la classe d’un système à partir de sa réponse indicielle, impulsionnelle, etc.",0,0.2053503543
modeliser-4.2,Transformer les données pour obtenir une résolution acceptable,AUTO-AUT04,Représenter des signaux en utilisant un outil numérique (Scilab),0,0.2512795031
modeliser-4.2,Transformer les données pour obtenir une résolution acceptable,AUTO-AUT05,Analyser la stabilité d’un système en étudiant sa fonction de transfert à l’aide d’un outil numérique (Scilab),0,0.3653280139
modeliser-4.2,Transformer les données pour obtenir une résolution acceptable,AUTO-AUT06,"Tracer des les diagrammes de réponse en fréquence (gain, phase) à l’aide d’un outil numérique (Scilab)",0,0.3273859024
modeliser-4.2,Transformer les données pour obtenir une résolution acceptable,AUTO-AUT07,"Identifier les exigences clés dans la conception d’un système de commande : stabilité, marges, précision, rapidité, rejet des perturbations, robustesse.",0,0.3500485420
modeliser-4.2,Transformer les données pour obtenir une résolution acceptable,AUTO-AUT08,"Proposer une stratégie générale pour analyser un système non corrigé, définir les exigences, synthétiser un correcteur et vérifier les performances.",0,0.3674360812
modeliser-4.2,Transformer les données pour obtenir une résolution acceptable,AUTO-AUT09,Déterminer la fonction de transfert d'un système LTI continu à partir de son équation différentielle.,0,0.3368389010
modeliser-4.2,Transformer les données pour obtenir une résolution acceptable,AUTO-AUT10,"Identifier les éléments caractéristiques d'une fonction de transfert : pôles, zéros et gain.",0,0.2892099321
modeliser-4.2,Transformer les données pour obtenir une résolution acceptable,AUTO-AUT11,"Analyser la réponse temporelle des systèmes du premier ordre (intégrateur, premier ordre) soumis à des signaux d’entrée standards.",0,0.2267387807
modeliser-4.2,Transformer les données pour obtenir une résolution acceptable,AUTO-AUT12,"Analyser les caractéristiques temporelles (amortissement, oscillations, temps de stabilisation) des systèmes du second ordre en fonction de leurs pôles et de leurs paramètres.",0,0.2801926732
modeliser-4.2,Transformer les données pour obtenir une résolution acceptable,AUTO-AUT13,Appliquer la transformée de Laplace et ses propriétés aux signaux et aux systèmes.,0,0.3162474632
modeliser-4.2,Transformer les données pour obtenir une résolution acceptable,AUTO-AUT14,"Analyser la réponse fréquentielle des systèmes LTI à l’aide des diagrammes de Bode, Nyquist et Black.",0,0.2230371386
modeliser-4.2,Transformer les données pour obtenir une résolution acceptable,AUTO-AUT15,Appliquer le critère de Routh pour déterminer la stabilité d’un système en boucle fermée à partir de son équation caractéristique.,0,0.3533064425
modeliser-4.2,Transformer les données pour obtenir une résolution acceptable,AUTO-AUT16,Appliquer le critère de Nyquist pour déterminer la stabilité en boucle fermée à partir du diagramme de la fonction de transfert en boucle ouverte autour du point critique (-1).,0,0.3827502429
modeliser-4.2,Transformer les données pour obtenir une résolution acceptable,AUTO-AUT17,"Évaluer les performances dynamiques (rapidité, amortissement) des systèmes en boucle fermée, en les reliant si possible aux caractéristiques en boucle ouverte.",0,0.3834272623
modeliser-4.2,Transformer les données pour obtenir une résolution acceptable,AUTO-AUT18,"Interpréter les diagrammes de réponse fréquentielle (gain, phase) pour les systèmes élémentaires : gain pur, intégrateur, dérivateur, éléments du premier et du second ordre.",0,0.3072894514
modeliser-4.2,Transformer les données pour obtenir une résolution acceptable,AUTO-AUT19,"Relier les performances en temps (constante de temps, temps de montée) aux notions fréquentielles (fréquence de coupure, bande passante) pour les systèmes du premier ordre.",0,0.2919676304
modeliser-4.2,Transformer les données pour obtenir une résolution acceptable,AUTO-AUT20,Utiliser le critère du Revers pour une évaluation simplifiée de la stabilité à partir du diagramme de Nyquist ou de Black.,0,0.2621827126
modeliser-4.2,Transformer les données pour obtenir une résolution acceptable,AUTO-AUT21,Identifier les pôles dominants dans les systèmes d’ordre supérieur et analyser leur influence sur la réponse transitoire.,0,0.1516727060
modeliser-4.2,Transformer les données pour obtenir une résolution acceptable,AUTO-AUT22,Décrire la structure et le rôle d’un système automatique ou d’un système asservi (boucle de rétroaction).,0,0.2377882302
modeliser-4.2,Transformer les données pour obtenir une résolution acceptable,AUTO-AUT23,Distinguer les caractéristiques des systèmes en boucle ouverte et en boucle fermée.,0,0.2859923840
modeliser-4.2,Transformer les données pour obtenir une résolution acceptable,AUTO-AUT24,Analyser la stabilité des systèmes LTI à partir de la partie réelle des pôles de leur fonction de transfert.,0,0.2677080333
modeliser-4.2,Transformer les données pour obtenir une résolution acceptable,AUTO-AUT25,Déterminer les marges de stabilité à partir des diagrammes fréquentiels en boucle ouverte.,0,0.3071671724
modeliser-4.2,Transformer les données pour obtenir une résolution acceptable,AUTO-AUT26,Interpréter la signification des marges de stabilité pour évaluer la robustesse de la stabilité en boucle fermée.,0,0.2714731693
modeliser-4.2,Transformer les données pour obtenir une résolution acceptable,AUTO-AUT27,Analyser l’erreur statique en régime permanent pour différents types de signaux d’entrée en fonction de la classe du système.,0,0.1868889928
modeliser-4.2,Transformer les données pour obtenir une résolution acceptable,AUTO-AUT28,Analyser le rejet asymptotique des perturbations en fonction de la structure du système et du nombre d’intégrateurs.,0,0.2178762257
modeliser-4.2,Transformer les données pour obtenir une résolution acceptable,AUTO-AUT29,Comprendre les limitations des systèmes non corrigés et la nécessité d’ajouter des correcteurs.,0,0.3012371063
modeliser-4.2,Transformer les données pour obtenir une résolution acceptable,AUTO-AUT30,Décrire la fonction et les effets d’un correcteur intégral (I) sur les performances du système et sa réponse fréquentielle.,0,0.3408275843
modeliser-4.2,Transformer les données pour obtenir une résolution acceptable,AUTO-AUT31,"Décrire la fonction et les effets d’un correcteur proportionnel-intégral (PI), combinant amélioration de la précision et impact minimal sur la dynamique rapide.",0,0.4207342267
modeliser-4.2,Transformer les données pour obtenir une résolution acceptable,AUTO-AUT32,"Décrire la fonction et les effets d’un correcteur proportionnel-dérivatif (PD), améliorant principalement la stabilité et la dynamique rapide.",0,0.3529556394
modeliser-4.2,Transformer les données pour obtenir une résolution acceptable,AUTO-AUT33,Décrire la fonction et les effets d’un correcteur à avance de phase comme approximation causale d’un correcteur PD.,0,0.3890491128
modeliser-4.2,Transformer les données pour obtenir une résolution acceptable,AUTO-AUT34,Décrire les effets combinés et la structure d’un correcteur proportionnel-intégral-dérivatif (PID).,0,0.2673594952
modeliser-4.2,Transformer les données pour obtenir une résolution acceptable,AUTO-AUT35,Tracer les diagrammes de Bode asymptotiques à partir de la forme normalisée de la fonction de transfert.,0,0.2711412907
modeliser-4.2,Transformer les données pour obtenir une résolution acceptable,AUTO-AUT36,Tracer un diagramme de Nyquist,0,0.2310074866
modeliser-4.2,Transformer les données pour obtenir une résolution acceptable,AUTO-AUT37,Tracer un diagramme de Black,0,0.3008744121
modeliser-4.3,Construire les modèles statistiques adaptés aux données,AUTO-AUT01,"Définir et classer les systèmes selon des caractéristiques telles que : statique/dynamique, monovariable/multivariable, continu/discret, linéaire/non-linéaire, causal et invariant.",0,0.3318060637
modeliser-4.3,Construire les modèles statistiques adaptés aux données,AUTO-AUT02,"Décrire la nature des signaux d'entrée/sortie, qu'ils soient continus ou discrets.",0,0.3148517311
modeliser-4.3,Construire les modèles statistiques adaptés aux données,AUTO-AUT03,"Identifier la classe d’un système à partir de sa réponse indicielle, impulsionnelle, etc.",0,0.2724118233
modeliser-4.3,Construire les modèles statistiques adaptés aux données,AUTO-AUT04,Représenter des signaux en utilisant un outil numérique (Scilab),0,0.4140890241
modeliser-4.3,Construire les modèles statistiques adaptés aux données,AUTO-AUT05,Analyser la stabilité d’un système en étudiant sa fonction de transfert à l’aide d’un outil numérique (Scilab),0,0.3696357012
modeliser-4.3,Construire les modèles statistiques adaptés aux données,AUTO-AUT06,"Tracer des les diagrammes de réponse en fréquence (gain, phase) à l’aide d’un outil numérique (Scilab)",0,0.4378126264
modeliser-4.3,Construire les modèles statistiques adaptés aux données,AUTO-AUT07,"Identifier les exigences clés dans la conception d’un système de commande : stabilité, marges, précision, rapidité, rejet des perturbations, robustesse.",0,0.4184005857
modeliser-4.3,Construire les modèles statistiques adaptés aux données,AUTO-AUT08,"Proposer une stratégie générale pour analyser un système non corrigé, définir les exigences, synthétiser un correcteur et vérifier les performances.",0,0.4331396818
modeliser-4.3,Construire les modèles statistiques adaptés aux données,AUTO-AUT09,Déterminer la fonction de transfert d'un système LTI continu à partir de son équation différentielle.,0,0.2280200571
modeliser-4.3,Construire les modèles statistiques adaptés aux données,AUTO-AUT10,"Identifier les éléments caractéristiques d'une fonction de transfert : pôles, zéros et gain.",0,0.2056570053
modeliser-4.3,Construire les modèles statistiques adaptés aux données,AUTO-AUT11,"Analyser la réponse temporelle des systèmes du premier ordre (intégrateur, premier ordre) soumis à des signaux d’entrée standards.",0,0.2970386147
modeliser-4.3,Construire les modèles statistiques adaptés aux données,AUTO-AUT12,"Analyser les caractéristiques temporelles (amortissement, oscillations, temps de stabilisation) des systèmes du second ordre en fonction de leurs pôles et de leurs paramètres.",0,0.3864822984
modeliser-4.3,Construire les modèles statistiques adaptés aux données,AUTO-AUT13,Appliquer la transformée de Laplace et ses propriétés aux signaux et aux systèmes.,0,0.2875849009
modeliser-4.3,Construire les modèles statistiques adaptés aux données,AUTO-AUT14,"Analyser la réponse fréquentielle des systèmes LTI à l’aide des diagrammes de Bode, Nyquist et Black.",0,0.3046774268
modeliser-4.3,Construire les modèles statistiques adaptés aux données,AUTO-AUT15,Appliquer le critère de Routh pour déterminer la stabilité d’un système en boucle fermée à partir de son équation caractéristique.,0,0.3026902676
modeliser-4.3,Construire les modèles statistiques adaptés aux données,AUTO-AUT16,Appliquer le critère de Nyquist pour déterminer la stabilité en boucle fermée à partir du diagramme de la fonction de transfert en boucle ouverte autour du point critique (-1).,0,0.3148140907
modeliser-4.3,Construire les modèles statistiques adaptés aux données,AUTO-AUT17,"Évaluer les performances dynamiques (rapidité, amortissement) des systèmes en boucle fermée, en les reliant si possible aux caractéristiques en boucle ouverte.",0,0.3737434149
modeliser-4.3,Construire les modèles statistiques adaptés aux données,AUTO-AUT18,"Interpréter les diagrammes de réponse fréquentielle (gain, phase) pour les systèmes élémentaires : gain pur, intégrateur, dérivateur, éléments du premier et du second ordre.",0,0.2931524515
modeliser-4.3,Construire les modèles statistiques adaptés aux données,AUTO-AUT19,"Relier les performances en temps (constante de temps, temps de montée) aux notions fréquentielles (fréquence de coupure, bande passante) pour les systèmes du premier ordre.",0,0.3764188886
modeliser-4.3,Construire les modèles statistiques adaptés aux données,AUTO-AUT20,Utiliser le critère du Revers pour une évaluation simplifiée de la stabilité à partir du diagramme de Nyquist ou de Black.,0,0.2802463770
modeliser-4.3,Construire les modèles statistiques adaptés aux données,AUTO-AUT21,Identifier les pôles dominants dans les systèmes d’ordre supérieur et analyser leur influence sur la réponse transitoire.,0,0.1991495192
modeliser-4.3,Construire les modèles statistiques adaptés aux données,AUTO-AUT22,Décrire la structure et le rôle d’un système automatique ou d’un système asservi (boucle de rétroaction).,0,0.3079279065
modeliser-4.3,Construire les modèles statistiques adaptés aux données,AUTO-AUT23,Distinguer les caractéristiques des systèmes en boucle ouverte et en boucle fermée.,0,0.2623725533
modeliser-4.3,Construire les modèles statistiques adaptés aux données,AUTO-AUT24,Analyser la stabilité des systèmes LTI à partir de la partie réelle des pôles de leur fonction de transfert.,0,0.1916741729
modeliser-4.3,Construire les modèles statistiques adaptés aux données,AUTO-AUT25,Déterminer les marges de stabilité à partir des diagrammes fréquentiels en boucle ouverte.,0,0.3452699184
modeliser-4.3,Construire les modèles statistiques adaptés aux données,AUTO-AUT26,Interpréter la signification des marges de stabilité pour évaluer la robustesse de la stabilité en boucle fermée.,0,0.2805078030
modeliser-4.3,Construire les modèles statistiques adaptés aux données,AUTO-AUT27,Analyser l’erreur statique en régime permanent pour différents types de signaux d’entrée en fonction de la classe du système.,0,0.2840377986
modeliser-4.3,Construire les modèles statistiques adaptés aux données,AUTO-AUT28,Analyser le rejet asymptotique des perturbations en fonction de la structure du système et du nombre d’intégrateurs.,0,0.2662839592
modeliser-4.3,Construire les modèles statistiques adaptés aux données,AUTO-AUT29,Comprendre les limitations des systèmes non corrigés et la nécessité d’ajouter des correcteurs.,0,0.2815767527
modeliser-4.3,Construire les modèles statistiques adaptés aux données,AUTO-AUT30,Décrire la fonction et les effets d’un correcteur intégral (I) sur les performances du système et sa réponse fréquentielle.,0,0.3023960292
modeliser-4.3,Construire les modèles statistiques adaptés aux données,AUTO-AUT31,"Décrire la fonction et les effets d’un correcteur proportionnel-intégral (PI), combinant amélioration de la précision et impact minimal sur la dynamique rapide.",0,0.3706780076
modeliser-4.3,Construire les modèles statistiques adaptés aux données,AUTO-AUT32,"Décrire la fonction et les effets d’un correcteur proportionnel-dérivatif (PD), améliorant principalement la stabilité et la dynamique rapide.",0,0.3040121794
modeliser-4.3,Construire les modèles statistiques adaptés aux données,AUTO-AUT33,Décrire la fonction et les effets d’un correcteur à avance de phase comme approximation causale d’un correcteur PD.,0,0.3504482508
modeliser-4.3,Construire les modèles statistiques adaptés aux données,AUTO-AUT34,Décrire les effets combinés et la structure d’un correcteur proportionnel-intégral-dérivatif (PID).,0,0.2497519702
modeliser-4.3,Construire les modèles statistiques adaptés aux données,AUTO-AUT35,Tracer les diagrammes de Bode asymptotiques à partir de la forme normalisée de la fonction de transfert.,0,0.3081707954
modeliser-4.3,Construire les modèles statistiques adaptés aux données,AUTO-AUT36,Tracer un diagramme de Nyquist,0,0.2849944234
modeliser-4.3,Construire les modèles statistiques adaptés aux données,AUTO-AUT37,Tracer un diagramme de Black,0,0.3680762053
modeliser-4.4,Évaluer les besoins en ressources,AUTO-AUT01,"Définir et classer les systèmes selon des caractéristiques telles que : statique/dynamique, monovariable/multivariable, continu/discret, linéaire/non-linéaire, causal et invariant.",0,0.2268485576
modeliser-4.4,Évaluer les besoins en ressources,AUTO-AUT02,"Décrire la nature des signaux d'entrée/sortie, qu'ils soient continus ou discrets.",0,0.1894130409
modeliser-4.4,Évaluer les besoins en ressources,AUTO-AUT03,"Identifier la classe d’un système à partir de sa réponse indicielle, impulsionnelle, etc.",0,0.2033776492
modeliser-4.4,Évaluer les besoins en ressources,AUTO-AUT04,Représenter des signaux en utilisant un outil numérique (Scilab),0,0.1704141200
modeliser-4.4,Évaluer les besoins en ressources,AUTO-AUT05,Analyser la stabilité d’un système en étudiant sa fonction de transfert à l’aide d’un outil numérique (Scilab),0,0.2935276926
modeliser-4.4,Évaluer les besoins en ressources,AUTO-AUT06,"Tracer des les diagrammes de réponse en fréquence (gain, phase) à l’aide d’un outil numérique (Scilab)",0,0.1825849265
modeliser-4.4,Évaluer les besoins en ressources,AUTO-AUT07,"Identifier les exigences clés dans la conception d’un système de commande : stabilité, marges, précision, rapidité, rejet des perturbations, robustesse.",0,0.3718431592
modeliser-4.4,Évaluer les besoins en ressources,AUTO-AUT08,"Proposer une stratégie générale pour analyser un système non corrigé, définir les exigences, synthétiser un correcteur et vérifier les performances.",0,0.3931918442
modeliser-4.4,Évaluer les besoins en ressources,AUTO-AUT09,Déterminer la fonction de transfert d'un système LTI continu à partir de son équation différentielle.,0,0.1770750880
modeliser-4.4,Évaluer les besoins en ressources,AUTO-AUT10,"Identifier les éléments caractéristiques d'une fonction de transfert : pôles, zéros et gain.",0,0.2209020555
modeliser-4.4,Évaluer les besoins en ressources,AUTO-AUT11,"Analyser la réponse temporelle des systèmes du premier ordre (intégrateur, premier ordre) soumis à des signaux d’entrée standards.",0,0.2027263492
modeliser-4.4,Évaluer les besoins en ressources,AUTO-AUT12,"Analyser les caractéristiques temporelles (amortissement, oscillations, temps de stabilisation) des systèmes du second ordre en fonction de leurs pôles et de leurs paramètres.",0,0.2966939211
modeliser-4.4,Évaluer les besoins en ressources,AUTO-AUT13,Appliquer la transformée de Laplace et ses propriétés aux signaux et aux systèmes.,0,0.1901808083
modeliser-4.4,Évaluer les besoins en ressources,AUTO-AUT14,"Analyser la réponse fréquentielle des systèmes LTI à l’aide des diagrammes de Bode, Nyquist et Black.",0,0.2203837782
modeliser-4.4,Évaluer les besoins en ressources,AUTO-AUT15,Appliquer le critère de Routh pour déterminer la stabilité d’un système en boucle fermée à partir de son équation caractéristique.,0,0.2090314627
modeliser-4.4,Évaluer les besoins en ressources,AUTO-AUT16,Appliquer le critère de Nyquist pour déterminer la stabilité en boucle fermée à partir du diagramme de la fonction de transfert en boucle ouverte autour du point critique (-1).,0,0.2183387429
modeliser-4.4,Évaluer les besoins en ressources,AUTO-AUT17,"Évaluer les performances dynamiques (rapidité, amortissement) des systèmes en boucle fermée, en les reliant si possible aux caractéristiques en boucle ouverte.",0,0.3629433513
modeliser-4.4,Évaluer les besoins en ressources,AUTO-AUT18,"Interpréter les diagrammes de réponse fréquentielle (gain, phase) pour les systèmes élémentaires : gain pur, intégrateur, dérivateur, éléments du premier et du second ordre.",0,0.2249856293
modeliser-4.4,Évaluer les besoins en ressources,AUTO-AUT19,"Relier les performances en temps (constante de temps, temps de montée) aux notions fréquentielles (fréquence de coupure, bande passante) pour les systèmes du premier ordre.",0,0.2498347610
modeliser-4.4,Évaluer les besoins en ressources,AUTO-AUT20,Utiliser le critère du Revers pour une évaluation simplifiée de la stabilité à partir du diagramme de Nyquist ou de Black.,0,0.2685511410
modeliser-4.4,Évaluer les besoins en ressources,AUTO-AUT21,Identifier les pôles dominants dans les systèmes d’ordre supérieur et analyser leur influence sur la réponse transitoire.,0,0.1769736707
modeliser-4.4,Évaluer les besoins en ressources,AUTO-AUT22,Décrire la structure et le rôle d’un système automatique ou d’un système asservi (boucle de rétroaction).,0,0.2231276631
modeliser-4.4,Évaluer les besoins en ressources,AUTO-AUT23,Distinguer les caractéristiques des systèmes en boucle ouverte et en boucle fermée.,0,0.1435719579
modeliser-4.4,Évaluer les besoins en ressources,AUTO-AUT24,Analyser la stabilité des systèmes LTI à partir de la partie réelle des pôles de leur fonction de transfert.,0,0.2444259822
modeliser-4.4,Évaluer les besoins en ressources,AUTO-AUT25,Déterminer les marges de stabilité à partir des diagrammes fréquentiels en boucle ouverte.,0,0.1950427592
modeliser-4.4,Évaluer les besoins en ressources,AUTO-AUT26,Interpréter la signification des marges de stabilité pour évaluer la robustesse de la stabilité en boucle fermée.,0,0.2228879333
modeliser-4.4,Évaluer les besoins en ressources,AUTO-AUT27,Analyser l’erreur statique en régime permanent pour différents types de signaux d’entrée en fonction de la classe du système.,0,0.1709481776
modeliser-4.4,Évaluer les besoins en ressources,AUTO-AUT28,Analyser le rejet asymptotique des perturbations en fonction de la structure du système et du nombre d’intégrateurs.,0,0.2200623751
modeliser-4.4,Évaluer les besoins en ressources,AUTO-AUT29,Comprendre les limitations des systèmes non corrigés et la nécessité d’ajouter des correcteurs.,0,0.3283787072
modeliser-4.4,Évaluer les besoins en ressources,AUTO-AUT30,Décrire la fonction et les effets d’un correcteur intégral (I) sur les performances du système et sa réponse fréquentielle.,0,0.2846062779
modeliser-4.4,Évaluer les besoins en ressources,AUTO-AUT31,"Décrire la fonction et les effets d’un correcteur proportionnel-intégral (PI), combinant amélioration de la précision et impact minimal sur la dynamique rapide.",0,0.2798643708
modeliser-4.4,Évaluer les besoins en ressources,AUTO-AUT32,"Décrire la fonction et les effets d’un correcteur proportionnel-dérivatif (PD), améliorant principalement la stabilité et la dynamique rapide.",0,0.2178697586
modeliser-4.4,Évaluer les besoins en ressources,AUTO-AUT33,Décrire la fonction et les effets d’un correcteur à avance de phase comme approximation causale d’un correcteur PD.,0,0.1812844276
modeliser-4.4,Évaluer les besoins en ressources,AUTO-AUT34,Décrire les effets combinés et la structure d’un correcteur proportionnel-intégral-dérivatif (PID).,0,0.1413614452
modeliser-4.4,Évaluer les besoins en ressources,AUTO-AUT35,Tracer les diagrammes de Bode asymptotiques à partir de la forme normalisée de la fonction de transfert.,0,0.1643140316
modeliser-4.4,Évaluer les besoins en ressources,AUTO-AUT36,Tracer un diagramme de Nyquist,0,0.1649573445
modeliser-4.4,Évaluer les besoins en ressources,AUTO-AUT37,Tracer un diagramme de Black,0,0.1624258161
concevoir-1.1,Transposer une expression formelle en algorithme et vice-versa,AUTO-AUT01,"Définir et classer les systèmes selon des caractéristiques telles que : statique/dynamique, monovariable/multivariable, continu/discret, linéaire/non-linéaire, causal et invariant.",0,0.4314607084
concevoir-1.1,Transposer une expression formelle en algorithme et vice-versa,AUTO-AUT02,"Décrire la nature des signaux d'entrée/sortie, qu'ils soient continus ou discrets.",0,0.2870984375
concevoir-1.1,Transposer une expression formelle en algorithme et vice-versa,AUTO-AUT03,"Identifier la classe d’un système à partir de sa réponse indicielle, impulsionnelle, etc.",0,0.3170250654
concevoir-1.1,Transposer une expression formelle en algorithme et vice-versa,AUTO-AUT04,Représenter des signaux en utilisant un outil numérique (Scilab),0,0.3625212908
concevoir-1.1,Transposer une expression formelle en algorithme et vice-versa,AUTO-AUT05,Analyser la stabilité d’un système en étudiant sa fonction de transfert à l’aide d’un outil numérique (Scilab),0,0.4242434502
concevoir-1.1,Transposer une expression formelle en algorithme et vice-versa,AUTO-AUT06,"Tracer des les diagrammes de réponse en fréquence (gain, phase) à l’aide d’un outil numérique (Scilab)",0,0.4219701886
concevoir-1.1,Transposer une expression formelle en algorithme et vice-versa,AUTO-AUT07,"Identifier les exigences clés dans la conception d’un système de commande : stabilité, marges, précision, rapidité, rejet des perturbations, robustesse.",0,0.4552657008
concevoir-1.1,Transposer une expression formelle en algorithme et vice-versa,AUTO-AUT08,"Proposer une stratégie générale pour analyser un système non corrigé, définir les exigences, synthétiser un correcteur et vérifier les performances.",0,0.4096792340
concevoir-1.1,Transposer une expression formelle en algorithme et vice-versa,AUTO-AUT09,Déterminer la fonction de transfert d'un système LTI continu à partir de son équation différentielle.,0,0.4007570744
concevoir-1.1,Transposer une expression formelle en algorithme et vice-versa,AUTO-AUT10,"Identifier les éléments caractéristiques d'une fonction de transfert : pôles, zéros et gain.",0,0.3837769330
concevoir-1.1,Transposer une expression formelle en algorithme et vice-versa,AUTO-AUT11,"Analyser la réponse temporelle des systèmes du premier ordre (intégrateur, premier ordre) soumis à des signaux d’entrée standards.",0,0.3460133076
concevoir-1.1,Transposer une expression formelle en algorithme et vice-versa,AUTO-AUT12,"Analyser les caractéristiques temporelles (amortissement, oscillations, temps de stabilisation) des systèmes du second ordre en fonction de leurs pôles et de leurs paramètres.",0,0.4799183309
concevoir-1.1,Transposer une expression formelle en algorithme et vice-versa,AUTO-AUT13,Appliquer la transformée de Laplace et ses propriétés aux signaux et aux systèmes.,0,0.3774592876
concevoir-1.1,Transposer une expression formelle en algorithme et vice-versa,AUTO-AUT14,"Analyser la réponse fréquentielle des systèmes LTI à l’aide des diagrammes de Bode, Nyquist et Black.",0,0.3220623732
concevoir-1.1,Transposer une expression formelle en algorithme et vice-versa,AUTO-AUT15,Appliquer le critère de Routh pour déterminer la stabilité d’un système en boucle fermée à partir de son équation caractéristique.,0,0.3586843014
concevoir-1.1,Transposer une expression formelle en algorithme et vice-versa,AUTO-AUT16,Appliquer le critère de Nyquist pour déterminer la stabilité en boucle fermée à partir du diagramme de la fonction de transfert en boucle ouverte autour du point critique (-1).,0,0.3882546723
concevoir-1.1,Transposer une expression formelle en algorithme et vice-versa,AUTO-AUT17,"Évaluer les performances dynamiques (rapidité, amortissement) des systèmes en boucle fermée, en les reliant si possible aux caractéristiques en boucle ouverte.",0,0.4085191190
concevoir-1.1,Transposer une expression formelle en algorithme et vice-versa,AUTO-AUT18,"Interpréter les diagrammes de réponse fréquentielle (gain, phase) pour les systèmes élémentaires : gain pur, intégrateur, dérivateur, éléments du premier et du second ordre.",0,0.4398198128
concevoir-1.1,Transposer une expression formelle en algorithme et vice-versa,AUTO-AUT19,"Relier les performances en temps (constante de temps, temps de montée) aux notions fréquentielles (fréquence de coupure, bande passante) pour les systèmes du premier ordre.",0,0.4220752120
concevoir-1.1,Transposer une expression formelle en algorithme et vice-versa,AUTO-AUT20,Utiliser le critère du Revers pour une évaluation simplifiée de la stabilité à partir du diagramme de Nyquist ou de Black.,0,0.2562231719
concevoir-1.1,Transposer une expression formelle en algorithme et vice-versa,AUTO-AUT21,Identifier les pôles dominants dans les systèmes d’ordre supérieur et analyser leur influence sur la réponse transitoire.,0,0.3542939126
concevoir-1.1,Transposer une expression formelle en algorithme et vice-versa,AUTO-AUT22,Décrire la structure et le rôle d’un système automatique ou d’un système asservi (boucle de rétroaction).,0,0.3708405495
concevoir-1.1,Transposer une expression formelle en algorithme et vice-versa,AUTO-AUT23,Distinguer les caractéristiques des systèmes en boucle ouverte et en boucle fermée.,0,0.2087370902
concevoir-1.1,Transposer une expression formelle en algorithme et vice-versa,AUTO-AUT24,Analyser la stabilité des systèmes LTI à partir de la partie réelle des pôles de leur fonction de transfert.,0,0.2888695300
concevoir-1.1,Transposer une expression formelle en algorithme et vice-versa,AUTO-AUT25,Déterminer les marges de stabilité à partir des diagrammes fréquentiels en boucle ouverte.,0,0.2607623339
concevoir-1.1,Transposer une expression formelle en algorithme et vice-versa,AUTO-AUT26,Interpréter la signification des marges de stabilité pour évaluer la robustesse de la stabilité en boucle fermée.,0,0.2920805514
concevoir-1.1,Transposer une expression formelle en algorithme et vice-versa,AUTO-AUT27,Analyser l’erreur statique en régime permanent pour différents types de signaux d’entrée en fonction de la classe du système.,0,0.3496833444
concevoir-1.1,Transposer une expression formelle en algorithme et vice-versa,AUTO-AUT28,Analyser le rejet asymptotique des perturbations en fonction de la structure du système et du nombre d’intégrateurs.,0,0.3385996521
concevoir-1.1,Transposer une expression formelle en algorithme et vice-versa,AUTO-AUT29,Comprendre les limitations des systèmes non corrigés et la nécessité d’ajouter des correcteurs.,0,0.3141326308
concevoir-1.1,Transposer une expression formelle en algorithme et vice-versa,AUTO-AUT30,Décrire la fonction et les effets d’un correcteur intégral (I) sur les performances du système et sa réponse fréquentielle.,0,0.3674771190
concevoir-1.1,Transposer une expression formelle en algorithme et vice-versa,AUTO-AUT31,"Décrire la fonction et les effets d’un correcteur proportionnel-intégral (PI), combinant amélioration de la précision et impact minimal sur la dynamique rapide.",0,0.4619534910
concevoir-1.1,Transposer une expression formelle en algorithme et vice-versa,AUTO-AUT32,"Décrire la fonction et les effets d’un correcteur proportionnel-dérivatif (PD), améliorant principalement la stabilité et la dynamique rapide.",0,0.4039227366
concevoir-1.1,Transposer une expression formelle en algorithme et vice-versa,AUTO-AUT33,Décrire la fonction et les effets d’un correcteur à avance de phase comme approximation causale d’un correcteur PD.,0,0.4010248184
concevoir-1.1,Transposer une expression formelle en algorithme et vice-versa,AUTO-AUT34,Décrire les effets combinés et la structure d’un correcteur proportionnel-intégral-dérivatif (PID).,0,0.3487073481
concevoir-1.1,Transposer une expression formelle en algorithme et vice-versa,AUTO-AUT35,Tracer les diagrammes de Bode asymptotiques à partir de la forme normalisée de la fonction de transfert.,0,0.4178569913
concevoir-1.1,Transposer une expression formelle en algorithme et vice-versa,AUTO-AUT36,Tracer un diagramme de Nyquist,0,0.1676718146
concevoir-1.1,Transposer une expression formelle en algorithme et vice-versa,AUTO-AUT37,Tracer un diagramme de Black,0,0.2295654267
concevoir-1.2,Transposer une représentation formelle en structure de données et vice-versa,AUTO-AUT01,"Définir et classer les systèmes selon des caractéristiques telles que : statique/dynamique, monovariable/multivariable, continu/discret, linéaire/non-linéaire, causal et invariant.",0,0.4960572720
concevoir-1.2,Transposer une représentation formelle en structure de données et vice-versa,AUTO-AUT02,"Décrire la nature des signaux d'entrée/sortie, qu'ils soient continus ou discrets.",0,0.3325402141
concevoir-1.2,Transposer une représentation formelle en structure de données et vice-versa,AUTO-AUT03,"Identifier la classe d’un système à partir de sa réponse indicielle, impulsionnelle, etc.",0,0.2733010054
concevoir-1.2,Transposer une représentation formelle en structure de données et vice-versa,AUTO-AUT04,Représenter des signaux en utilisant un outil numérique (Scilab),0,0.3489411175
concevoir-1.2,Transposer une représentation formelle en structure de données et vice-versa,AUTO-AUT05,Analyser la stabilité d’un système en étudiant sa fonction de transfert à l’aide d’un outil numérique (Scilab),0,0.4298623800
concevoir-1.2,Transposer une représentation formelle en structure de données et vice-versa,AUTO-AUT06,"Tracer des les diagrammes de réponse en fréquence (gain, phase) à l’aide d’un outil numérique (Scilab)",0,0.4073276520
concevoir-1.2,Transposer une représentation formelle en structure de données et vice-versa,AUTO-AUT07,"Identifier les exigences clés dans la conception d’un système de commande : stabilité, marges, précision, rapidité, rejet des perturbations, robustesse.",0,0.4564826488
concevoir-1.2,Transposer une représentation formelle en structure de données et vice-versa,AUTO-AUT08,"Proposer une stratégie générale pour analyser un système non corrigé, définir les exigences, synthétiser un correcteur et vérifier les performances.",0,0.4393806458
concevoir-1.2,Transposer une représentation formelle en structure de données et vice-versa,AUTO-AUT09,Déterminer la fonction de transfert d'un système LTI continu à partir de son équation différentielle.,0,0.4160244465
concevoir-1.2,Transposer une représentation formelle en structure de données et vice-versa,AUTO-AUT10,"Identifier les éléments caractéristiques d'une fonction de transfert : pôles, zéros et gain.",0,0.3732916415
concevoir-1.2,Transposer une représentation formelle en structure de données et vice-versa,AUTO-AUT11,"Analyser la réponse temporelle des systèmes du premier ordre (intégrateur, premier ordre) soumis à des signaux d’entrée standards.",0,0.3590333164
concevoir-1.2,Transposer une représentation formelle en structure de données et vice-versa,AUTO-AUT12,"Analyser les caractéristiques temporelles (amortissement, oscillations, temps de stabilisation) des systèmes du second ordre en fonction de leurs pôles et de leurs paramètres.",0,0.5351610780
concevoir-1.2,Transposer une représentation formelle en structure de données et vice-versa,AUTO-AUT13,Appliquer la transformée de Laplace et ses propriétés aux signaux et aux systèmes.,0,0.4000937343
concevoir-1.2,Transposer une représentation formelle en structure de données et vice-versa,AUTO-AUT14,"Analyser la réponse fréquentielle des systèmes LTI à l’aide des diagrammes de Bode, Nyquist et Black.",0,0.3228981793
concevoir-1.2,Transposer une représentation formelle en structure de données et vice-versa,AUTO-AUT15,Appliquer le critère de Routh pour déterminer la stabilité d’un système en boucle fermée à partir de son équation caractéristique.,0,0.3766414225
concevoir-1.2,Transposer une représentation formelle en structure de données et vice-versa,AUTO-AUT16,Appliquer le critère de Nyquist pour déterminer la stabilité en boucle fermée à partir du diagramme de la fonction de transfert en boucle ouverte autour du point critique (-1).,0,0.4132152796
concevoir-1.2,Transposer une représentation formelle en structure de données et vice-versa,AUTO-AUT17,"Évaluer les performances dynamiques (rapidité, amortissement) des systèmes en boucle fermée, en les reliant si possible aux caractéristiques en boucle ouverte.",0,0.4461410046
concevoir-1.2,Transposer une représentation formelle en structure de données et vice-versa,AUTO-AUT18,"Interpréter les diagrammes de réponse fréquentielle (gain, phase) pour les systèmes élémentaires : gain pur, intégrateur, dérivateur, éléments du premier et du second ordre.",0,0.4573175311
concevoir-1.2,Transposer une représentation formelle en structure de données et vice-versa,AUTO-AUT19,"Relier les performances en temps (constante de temps, temps de montée) aux notions fréquentielles (fréquence de coupure, bande passante) pour les systèmes du premier ordre.",0,0.4145116806
concevoir-1.2,Transposer une représentation formelle en structure de données et vice-versa,AUTO-AUT20,Utiliser le critère du Revers pour une évaluation simplifiée de la stabilité à partir du diagramme de Nyquist ou de Black.,0,0.2782037556
concevoir-1.2,Transposer une représentation formelle en structure de données et vice-versa,AUTO-AUT21,Identifier les pôles dominants dans les systèmes d’ordre supérieur et analyser leur influence sur la réponse transitoire.,0,0.3477469385
concevoir-1.2,Transposer une représentation formelle en structure de données et vice-versa,AUTO-AUT22,Décrire la structure et le rôle d’un système automatique ou d’un système asservi (boucle de rétroaction).,0,0.4462628365
concevoir-1.2,Transposer une représentation formelle en structure de données et vice-versa,AUTO-AUT23,Distinguer les caractéristiques des systèmes en boucle ouverte et en boucle fermée.,0,0.2289663255
concevoir-1.2,Transposer une représentation formelle en structure de données et vice-versa,AUTO-AUT24,Analyser la stabilité des systèmes LTI à partir de la partie réelle des pôles de leur fonction de transfert.,0,0.3541860878
concevoir-1.2,Transposer une représentation formelle en structure de données et vice-versa,AUTO-AUT25,Déterminer les marges de stabilité à partir des diagrammes fréquentiels en boucle ouverte.,0,0.3021605611
concevoir-1.2,Transposer une représentation formelle en structure de données et vice-versa,AUTO-AUT26,Interpréter la signification des marges de stabilité pour évaluer la robustesse de la stabilité en boucle fermée.,0,0.3387814164
concevoir-1.2,Transposer une représentation formelle en structure de données et vice-versa,AUTO-AUT27,Analyser l’erreur statique en régime permanent pour différents types de signaux d’entrée en fonction de la classe du système.,0,0.3610233068
concevoir-1.2,Transposer une représentation formelle en structure de données et vice-versa,AUTO-AUT28,Analyser le rejet asymptotique des perturbations en fonction de la structure du système et du nombre d’intégrateurs.,0,0.4027876854
concevoir-1.2,Transposer une représentation formelle en structure de données et vice-versa,AUTO-AUT29,Comprendre les limitations des systèmes non corrigés et la nécessité d’ajouter des correcteurs.,0,0.3234310150
concevoir-1.2,Transposer une représentation formelle en structure de données et vice-versa,AUTO-AUT30,Décrire la fonction et les effets d’un correcteur intégral (I) sur les performances du système et sa réponse fréquentielle.,0,0.3910559416
concevoir-1.2,Transposer une représentation formelle en structure de données et vice-versa,AUTO-AUT31,"Décrire la fonction et les effets d’un correcteur proportionnel-intégral (PI), combinant amélioration de la précision et impact minimal sur la dynamique rapide.",0,0.4894558489
concevoir-1.2,Transposer une représentation formelle en structure de données et vice-versa,AUTO-AUT32,"Décrire la fonction et les effets d’un correcteur proportionnel-dérivatif (PD), améliorant principalement la stabilité et la dynamique rapide.",0,0.4401779175
concevoir-1.2,Transposer une représentation formelle en structure de données et vice-versa,AUTO-AUT33,Décrire la fonction et les effets d’un correcteur à avance de phase comme approximation causale d’un correcteur PD.,0,0.4213130474
concevoir-1.2,Transposer une représentation formelle en structure de données et vice-versa,AUTO-AUT34,Décrire les effets combinés et la structure d’un correcteur proportionnel-intégral-dérivatif (PID).,0,0.4106800854
concevoir-1.2,Transposer une représentation formelle en structure de données et vice-versa,AUTO-AUT35,Tracer les diagrammes de Bode asymptotiques à partir de la forme normalisée de la fonction de transfert.,0,0.4220612645
concevoir-1.2,Transposer une représentation formelle en structure de données et vice-versa,AUTO-AUT36,Tracer un diagramme de Nyquist,0,0.2497906983
concevoir-1.2,Transposer une représentation formelle en structure de données et vice-versa,AUTO-AUT37,Tracer un diagramme de Black,0,0.2698578835
concevoir-1.3,Intégrer des composants logiciels ou physiques au sein d’un système,AUTO-AUT01,"Définir et classer les systèmes selon des caractéristiques telles que : statique/dynamique, monovariable/multivariable, continu/discret, linéaire/non-linéaire, causal et invariant.",0,0.5004276037
concevoir-1.3,Intégrer des composants logiciels ou physiques au sein d’un système,AUTO-AUT02,"Décrire la nature des signaux d'entrée/sortie, qu'ils soient continus ou discrets.",0,0.2251237184
concevoir-1.3,Intégrer des composants logiciels ou physiques au sein d’un système,AUTO-AUT03,"Identifier la classe d’un système à partir de sa réponse indicielle, impulsionnelle, etc.",0,0.3253432214
concevoir-1.3,Intégrer des composants logiciels ou physiques au sein d’un système,AUTO-AUT04,Représenter des signaux en utilisant un outil numérique (Scilab),0,0.3408640623
concevoir-1.3,Intégrer des composants logiciels ou physiques au sein d’un système,AUTO-AUT05,Analyser la stabilité d’un système en étudiant sa fonction de transfert à l’aide d’un outil numérique (Scilab),0,0.4884410203
concevoir-1.3,Intégrer des composants logiciels ou physiques au sein d’un système,AUTO-AUT06,"Tracer des les diagrammes de réponse en fréquence (gain, phase) à l’aide d’un outil numérique (Scilab)",0,0.2449531406
concevoir-1.3,Intégrer des composants logiciels ou physiques au sein d’un système,AUTO-AUT07,"Identifier les exigences clés dans la conception d’un système de commande : stabilité, marges, précision, rapidité, rejet des perturbations, robustesse.",0,0.3906407654
concevoir-1.3,Intégrer des composants logiciels ou physiques au sein d’un système,AUTO-AUT08,"Proposer une stratégie générale pour analyser un système non corrigé, définir les exigences, synthétiser un correcteur et vérifier les performances.",0,0.3869735003
concevoir-1.3,Intégrer des composants logiciels ou physiques au sein d’un système,AUTO-AUT09,Déterminer la fonction de transfert d'un système LTI continu à partir de son équation différentielle.,0,0.4091954827
concevoir-1.3,Intégrer des composants logiciels ou physiques au sein d’un système,AUTO-AUT10,"Identifier les éléments caractéristiques d'une fonction de transfert : pôles, zéros et gain.",0,0.3362959623
concevoir-1.3,Intégrer des composants logiciels ou physiques au sein d’un système,AUTO-AUT11,"Analyser la réponse temporelle des systèmes du premier ordre (intégrateur, premier ordre) soumis à des signaux d’entrée standards.",0,0.2945748568
concevoir-1.3,Intégrer des composants logiciels ou physiques au sein d’un système,AUTO-AUT12,"Analyser les caractéristiques temporelles (amortissement, oscillations, temps de stabilisation) des systèmes du second ordre en fonction de leurs pôles et de leurs paramètres.",0,0.4791039228
concevoir-1.3,Intégrer des composants logiciels ou physiques au sein d’un système,AUTO-AUT13,Appliquer la transformée de Laplace et ses propriétés aux signaux et aux systèmes.,0,0.4228664935
concevoir-1.3,Intégrer des composants logiciels ou physiques au sein d’un système,AUTO-AUT14,"Analyser la réponse fréquentielle des systèmes LTI à l’aide des diagrammes de Bode, Nyquist et Black.",0,0.2885736227
concevoir-1.3,Intégrer des composants logiciels ou physiques au sein d’un système,AUTO-AUT15,Appliquer le critère de Routh pour déterminer la stabilité d’un système en boucle fermée à partir de son équation caractéristique.,0,0.3080423176
concevoir-1.3,Intégrer des composants logiciels ou physiques au sein d’un système,AUTO-AUT16,Appliquer le critère de Nyquist pour déterminer la stabilité en boucle fermée à partir du diagramme de la fonction de transfert en boucle ouverte autour du point critique (-1).,0,0.3726808429
concevoir-1.3,Intégrer des composants logiciels ou physiques au sein d’un système,AUTO-AUT17,"Évaluer les performances dynamiques (rapidité, amortissement) des systèmes en boucle fermée, en les reliant si possible aux caractéristiques en boucle ouverte.",0,0.4826315045
concevoir-1.3,Intégrer des composants logiciels ou physiques au sein d’un système,AUTO-AUT18,"Interpréter les diagrammes de réponse fréquentielle (gain, phase) pour les systèmes élémentaires : gain pur, intégrateur, dérivateur, éléments du premier et du second ordre.",0,0.3861752450
concevoir-1.3,Intégrer des composants logiciels ou physiques au sein d’un système,AUTO-AUT19,"Relier les performances en temps (constante de temps, temps de montée) aux notions fréquentielles (fréquence de coupure, bande passante) pour les systèmes du premier ordre.",0,0.3547757864
concevoir-1.3,Intégrer des composants logiciels ou physiques au sein d’un système,AUTO-AUT20,Utiliser le critère du Revers pour une évaluation simplifiée de la stabilité à partir du diagramme de Nyquist ou de Black.,0,0.1601568758
concevoir-1.3,Intégrer des composants logiciels ou physiques au sein d’un système,AUTO-AUT21,Identifier les pôles dominants dans les systèmes d’ordre supérieur et analyser leur influence sur la réponse transitoire.,0,0.3285159469
concevoir-1.3,Intégrer des composants logiciels ou physiques au sein d’un système,AUTO-AUT22,Décrire la structure et le rôle d’un système automatique ou d’un système asservi (boucle de rétroaction).,0,0.4232462943
concevoir-1.3,Intégrer des composants logiciels ou physiques au sein d’un système,AUTO-AUT23,Distinguer les caractéristiques des systèmes en boucle ouverte et en boucle fermée.,0,0.2657181323
concevoir-1.3,Intégrer des composants logiciels ou physiques au sein d’un système,AUTO-AUT24,Analyser la stabilité des systèmes LTI à partir de la partie réelle des pôles de leur fonction de transfert.,0,0.3991325498
concevoir-1.3,Intégrer des composants logiciels ou physiques au sein d’un système,AUTO-AUT25,Déterminer les marges de stabilité à partir des diagrammes fréquentiels en boucle ouverte.,0,0.1687571108
concevoir-1.3,Intégrer des composants logiciels ou physiques au sein d’un système,AUTO-AUT26,Interpréter la signification des marges de stabilité pour évaluer la robustesse de la stabilité en boucle fermée.,0,0.1721173972
concevoir-1.3,Intégrer des composants logiciels ou physiques au sein d’un système,AUTO-AUT27,Analyser l’erreur statique en régime permanent pour différents types de signaux d’entrée en fonction de la classe du système.,0,0.3380270600
concevoir-1.3,Intégrer des composants logiciels ou physiques au sein d’un système,AUTO-AUT28,Analyser le rejet asymptotique des perturbations en fonction de la structure du système et du nombre d’intégrateurs.,0,0.3857763410
concevoir-1.3,Intégrer des composants logiciels ou physiques au sein d’un système,AUTO-AUT29,Comprendre les limitations des systèmes non corrigés et la nécessité d’ajouter des correcteurs.,0,0.2199265212
concevoir-1.3,Intégrer des composants logiciels ou physiques au sein d’un système,AUTO-AUT30,Décrire la fonction et les effets d’un correcteur intégral (I) sur les performances du système et sa réponse fréquentielle.,0,0.3497928381
concevoir-1.3,Intégrer des composants logiciels ou physiques au sein d’un système,AUTO-AUT31,"Décrire la fonction et les effets d’un correcteur proportionnel-intégral (PI), combinant amélioration de la précision et impact minimal sur la dynamique rapide.",0,0.4160015583
concevoir-1.3,Intégrer des composants logiciels ou physiques au sein d’un système,AUTO-AUT32,"Décrire la fonction et les effets d’un correcteur proportionnel-dérivatif (PD), améliorant principalement la stabilité et la dynamique rapide.",0,0.2786546946
concevoir-1.3,Intégrer des composants logiciels ou physiques au sein d’un système,AUTO-AUT33,Décrire la fonction et les effets d’un correcteur à avance de phase comme approximation causale d’un correcteur PD.,0,0.2607043982
concevoir-1.3,Intégrer des composants logiciels ou physiques au sein d’un système,AUTO-AUT34,Décrire les effets combinés et la structure d’un correcteur proportionnel-intégral-dérivatif (PID).,0,0.3186397552
concevoir-1.3,Intégrer des composants logiciels ou physiques au sein d’un système,AUTO-AUT35,Tracer les diagrammes de Bode asymptotiques à partir de la forme normalisée de la fonction de transfert.,0,0.2470231354
concevoir-1.3,Intégrer des composants logiciels ou physiques au sein d’un système,AUTO-AUT36,Tracer un diagramme de Nyquist,0,0.2080235481
concevoir-1.3,Intégrer des composants logiciels ou physiques au sein d’un système,AUTO-AUT37,Tracer un diagramme de Black,0,0.1266264468
concevoir-2.1,Sélectionner les structures de données dont la complexité (en temps et en espace) est adaptée,AUTO-AUT01,"Définir et classer les systèmes selon des caractéristiques telles que : statique/dynamique, monovariable/multivariable, continu/discret, linéaire/non-linéaire, causal et invariant.",0,0.5690903664
concevoir-2.1,Sélectionner les structures de données dont la complexité (en temps et en espace) est adaptée,AUTO-AUT02,"Décrire la nature des signaux d'entrée/sortie, qu'ils soient continus ou discrets.",0,0.3605015576
concevoir-2.1,Sélectionner les structures de données dont la complexité (en temps et en espace) est adaptée,AUTO-AUT03,"Identifier la classe d’un système à partir de sa réponse indicielle, impulsionnelle, etc.",0,0.3527607322
concevoir-2.1,Sélectionner les structures de données dont la complexité (en temps et en espace) est adaptée,AUTO-AUT04,Représenter des signaux en utilisant un outil numérique (Scilab),0,0.3164748847
concevoir-2.1,Sélectionner les structures de données dont la complexité (en temps et en espace) est adaptée,AUTO-AUT05,Analyser la stabilité d’un système en étudiant sa fonction de transfert à l’aide d’un outil numérique (Scilab),0,0.4638437629
concevoir-2.1,Sélectionner les structures de données dont la complexité (en temps et en espace) est adaptée,AUTO-AUT06,"Tracer des les diagrammes de réponse en fréquence (gain, phase) à l’aide d’un outil numérique (Scilab)",0,0.4221330285
concevoir-2.1,Sélectionner les structures de données dont la complexité (en temps et en espace) est adaptée,AUTO-AUT07,"Identifier les exigences clés dans la conception d’un système de commande : stabilité, marges, précision, rapidité, rejet des perturbations, robustesse.",0,0.5164604187
concevoir-2.1,Sélectionner les structures de données dont la complexité (en temps et en espace) est adaptée,AUTO-AUT08,"Proposer une stratégie générale pour analyser un système non corrigé, définir les exigences, synthétiser un correcteur et vérifier les performances.",0,0.4437797368
concevoir-2.1,Sélectionner les structures de données dont la complexité (en temps et en espace) est adaptée,AUTO-AUT09,Déterminer la fonction de transfert d'un système LTI continu à partir de son équation différentielle.,0,0.3081091940
concevoir-2.1,Sélectionner les structures de données dont la complexité (en temps et en espace) est adaptée,AUTO-AUT10,"Identifier les éléments caractéristiques d'une fonction de transfert : pôles, zéros et gain.",0,0.3555089831
concevoir-2.1,Sélectionner les structures de données dont la complexité (en temps et en espace) est adaptée,AUTO-AUT11,"Analyser la réponse temporelle des systèmes du premier ordre (intégrateur, premier ordre) soumis à des signaux d’entrée standards.",0,0.3911600709
concevoir-2.1,Sélectionner les structures de données dont la complexité (en temps et en espace) est adaptée,AUTO-AUT12,"Analyser les caractéristiques temporelles (amortissement, oscillations, temps de stabilisation) des systèmes du second ordre en fonction de leurs pôles et de leurs paramètres.",0,0.5954266191
concevoir-2.1,Sélectionner les structures de données dont la complexité (en temps et en espace) est adaptée,AUTO-AUT13,Appliquer la transformée de Laplace et ses propriétés aux signaux et aux systèmes.,0,0.3677287400
concevoir-2.1,Sélectionner les structures de données dont la complexité (en temps et en espace) est adaptée,AUTO-AUT14,"Analyser la réponse fréquentielle des systèmes LTI à l’aide des diagrammes de Bode, Nyquist et Black.",0,0.3343254626
concevoir-2.1,Sélectionner les structures de données dont la complexité (en temps et en espace) est adaptée,AUTO-AUT15,Appliquer le critère de Routh pour déterminer la stabilité d’un système en boucle fermée à partir de son équation caractéristique.,0,0.4071788192
concevoir-2.1,Sélectionner les structures de données dont la complexité (en temps et en espace) est adaptée,AUTO-AUT16,Appliquer le critère de Nyquist pour déterminer la stabilité en boucle fermée à partir du diagramme de la fonction de transfert en boucle ouverte autour du point critique (-1).,0,0.4401247501
concevoir-2.1,Sélectionner les structures de données dont la complexité (en temps et en espace) est adaptée,AUTO-AUT17,"Évaluer les performances dynamiques (rapidité, amortissement) des systèmes en boucle fermée, en les reliant si possible aux caractéristiques en boucle ouverte.",0,0.5190021396
concevoir-2.1,Sélectionner les structures de données dont la complexité (en temps et en espace) est adaptée,AUTO-AUT18,"Interpréter les diagrammes de réponse fréquentielle (gain, phase) pour les systèmes élémentaires : gain pur, intégrateur, dérivateur, éléments du premier et du second ordre.",0,0.4252789617
concevoir-2.1,Sélectionner les structures de données dont la complexité (en temps et en espace) est adaptée,AUTO-AUT19,"Relier les performances en temps (constante de temps, temps de montée) aux notions fréquentielles (fréquence de coupure, bande passante) pour les systèmes du premier ordre.",0,0.5310577154
concevoir-2.1,Sélectionner les structures de données dont la complexité (en temps et en espace) est adaptée,AUTO-AUT20,Utiliser le critère du Revers pour une évaluation simplifiée de la stabilité à partir du diagramme de Nyquist ou de Black.,0,0.3478168249
concevoir-2.1,Sélectionner les structures de données dont la complexité (en temps et en espace) est adaptée,AUTO-AUT21,Identifier les pôles dominants dans les systèmes d’ordre supérieur et analyser leur influence sur la réponse transitoire.,0,0.3255175650
concevoir-2.1,Sélectionner les structures de données dont la complexité (en temps et en espace) est adaptée,AUTO-AUT22,Décrire la structure et le rôle d’un système automatique ou d’un système asservi (boucle de rétroaction).,0,0.4396030903
concevoir-2.1,Sélectionner les structures de données dont la complexité (en temps et en espace) est adaptée,AUTO-AUT23,Distinguer les caractéristiques des systèmes en boucle ouverte et en boucle fermée.,0,0.4160627127
concevoir-2.1,Sélectionner les structures de données dont la complexité (en temps et en espace) est adaptée,AUTO-AUT24,Analyser la stabilité des systèmes LTI à partir de la partie réelle des pôles de leur fonction de transfert.,0,0.3746875525
concevoir-2.1,Sélectionner les structures de données dont la complexité (en temps et en espace) est adaptée,AUTO-AUT25,Déterminer les marges de stabilité à partir des diagrammes fréquentiels en boucle ouverte.,0,0.4053820968
concevoir-2.1,Sélectionner les structures de données dont la complexité (en temps et en espace) est adaptée,AUTO-AUT26,Interpréter la signification des marges de stabilité pour évaluer la robustesse de la stabilité en boucle fermée.,0,0.3901397586
concevoir-2.1,Sélectionner les structures de données dont la complexité (en temps et en espace) est adaptée,AUTO-AUT27,Analyser l’erreur statique en régime permanent pour différents types de signaux d’entrée en fonction de la classe du système.,0,0.3668246865
concevoir-2.1,Sélectionner les structures de données dont la complexité (en temps et en espace) est adaptée,AUTO-AUT28,Analyser le rejet asymptotique des perturbations en fonction de la structure du système et du nombre d’intégrateurs.,0,0.4060123563
concevoir-2.1,Sélectionner les structures de données dont la complexité (en temps et en espace) est adaptée,AUTO-AUT29,Comprendre les limitations des systèmes non corrigés et la nécessité d’ajouter des correcteurs.,0,0.3911118507
concevoir-2.1,Sélectionner les structures de données dont la complexité (en temps et en espace) est adaptée,AUTO-AUT30,Décrire la fonction et les effets d’un correcteur intégral (I) sur les performances du système et sa réponse fréquentielle.,0,0.3736645281
concevoir-2.1,Sélectionner les structures de données dont la complexité (en temps et en espace) est adaptée,AUTO-AUT31,"Décrire la fonction et les effets d’un correcteur proportionnel-intégral (PI), combinant amélioration de la précision et impact minimal sur la dynamique rapide.",0,0.4960183501
concevoir-2.1,Sélectionner les structures de données dont la complexité (en temps et en espace) est adaptée,AUTO-AUT32,"Décrire la fonction et les effets d’un correcteur proportionnel-dérivatif (PD), améliorant principalement la stabilité et la dynamique rapide.",0,0.3885765076
concevoir-2.1,Sélectionner les structures de données dont la complexité (en temps et en espace) est adaptée,AUTO-AUT33,Décrire la fonction et les effets d’un correcteur à avance de phase comme approximation causale d’un correcteur PD.,0,0.3914958537
concevoir-2.1,Sélectionner les structures de données dont la complexité (en temps et en espace) est adaptée,AUTO-AUT34,Décrire les effets combinés et la structure d’un correcteur proportionnel-intégral-dérivatif (PID).,0,0.4015051723
concevoir-2.1,Sélectionner les structures de données dont la complexité (en temps et en espace) est adaptée,AUTO-AUT35,Tracer les diagrammes de Bode asymptotiques à partir de la forme normalisée de la fonction de transfert.,0,0.2954599261
concevoir-2.1,Sélectionner les structures de données dont la complexité (en temps et en espace) est adaptée,AUTO-AUT36,Tracer un diagramme de Nyquist,0,0.2723836303
concevoir-2.1,Sélectionner les structures de données dont la complexité (en temps et en espace) est adaptée,AUTO-AUT37,Tracer un diagramme de Black,0,0.3318267465
concevoir-2.2,Choisir les patrons de conception,AUTO-AUT01,"Définir et classer les systèmes selon des caractéristiques telles que : statique/dynamique, monovariable/multivariable, continu/discret, linéaire/non-linéaire, causal et invariant.",0,0.3557672501
concevoir-2.2,Choisir les patrons de conception,AUTO-AUT02,"Décrire la nature des signaux d'entrée/sortie, qu'ils soient continus ou discrets.",0,0.1293316931
concevoir-2.2,Choisir les patrons de conception,AUTO-AUT03,"Identifier la classe d’un système à partir de sa réponse indicielle, impulsionnelle, etc.",0,0.1643601060
concevoir-2.2,Choisir les patrons de conception,AUTO-AUT04,Représenter des signaux en utilisant un outil numérique (Scilab),0,0.2198457569
concevoir-2.2,Choisir les patrons de conception,AUTO-AUT05,Analyser la stabilité d’un système en étudiant sa fonction de transfert à l’aide d’un outil numérique (Scilab),0,0.2298846096
concevoir-2.2,Choisir les patrons de conception,AUTO-AUT06,"Tracer des les diagrammes de réponse en fréquence (gain, phase) à l’aide d’un outil numérique (Scilab)",0,0.2125750780
concevoir-2.2,Choisir les patrons de conception,AUTO-AUT07,"Identifier les exigences clés dans la conception d’un système de commande : stabilité, marges, précision, rapidité, rejet des perturbations, robustesse.",0,0.4397971630
concevoir-2.2,Choisir les patrons de conception,AUTO-AUT08,"Proposer une stratégie générale pour analyser un système non corrigé, définir les exigences, synthétiser un correcteur et vérifier les performances.",0,0.3099081516
concevoir-2.2,Choisir les patrons de conception,AUTO-AUT09,Déterminer la fonction de transfert d'un système LTI continu à partir de son équation différentielle.,0,0.1307855248
concevoir-2.2,Choisir les patrons de conception,AUTO-AUT10,"Identifier les éléments caractéristiques d'une fonction de transfert : pôles, zéros et gain.",0,0.2202290595
concevoir-2.2,Choisir les patrons de conception,AUTO-AUT11,"Analyser la réponse temporelle des systèmes du premier ordre (intégrateur, premier ordre) soumis à des signaux d’entrée standards.",0,0.2116152644
concevoir-2.2,Choisir les patrons de conception,AUTO-AUT12,"Analyser les caractéristiques temporelles (amortissement, oscillations, temps de stabilisation) des systèmes du second ordre en fonction de leurs pôles et de leurs paramètres.",0,0.2517833412
concevoir-2.2,Choisir les patrons de conception,AUTO-AUT13,Appliquer la transformée de Laplace et ses propriétés aux signaux et aux systèmes.,0,0.2171153128
concevoir-2.2,Choisir les patrons de conception,AUTO-AUT14,"Analyser la réponse fréquentielle des systèmes LTI à l’aide des diagrammes de Bode, Nyquist et Black.",0,0.2513602376
concevoir-2.2,Choisir les patrons de conception,AUTO-AUT15,Appliquer le critère de Routh pour déterminer la stabilité d’un système en boucle fermée à partir de son équation caractéristique.,0,0.1909748912
concevoir-2.2,Choisir les patrons de conception,AUTO-AUT16,Appliquer le critère de Nyquist pour déterminer la stabilité en boucle fermée à partir du diagramme de la fonction de transfert en boucle ouverte autour du point critique (-1).,0,0.3015760183
concevoir-2.2,Choisir les patrons de conception,AUTO-AUT17,"Évaluer les performances dynamiques (rapidité, amortissement) des systèmes en boucle fermée, en les reliant si possible aux caractéristiques en boucle ouverte.",0,0.2347484231
concevoir-2.2,Choisir les patrons de conception,AUTO-AUT18,"Interpréter les diagrammes de réponse fréquentielle (gain, phase) pour les systèmes élémentaires : gain pur, intégrateur, dérivateur, éléments du premier et du second ordre.",0,0.2570828199
concevoir-2.2,Choisir les patrons de conception,AUTO-AUT19,"Relier les performances en temps (constante de temps, temps de montée) aux notions fréquentielles (fréquence de coupure, bande passante) pour les systèmes du premier ordre.",0,0.1478659213
concevoir-2.2,Choisir les patrons de conception,AUTO-AUT20,Utiliser le critère du Revers pour une évaluation simplifiée de la stabilité à partir du diagramme de Nyquist ou de Black.,0,0.2197654098
concevoir-2.2,Choisir les patrons de conception,AUTO-AUT21,Identifier les pôles dominants dans les systèmes d’ordre supérieur et analyser leur influence sur la réponse transitoire.,0,0.2403202504
concevoir-2.2,Choisir les patrons de conception,AUTO-AUT22,Décrire la structure et le rôle d’un système automatique ou d’un système asservi (boucle de rétroaction).,0,0.2769821584
concevoir-2.2,Choisir les patrons de conception,AUTO-AUT23,Distinguer les caractéristiques des systèmes en boucle ouverte et en boucle fermée.,0,0.2413692772
concevoir-2.2,Choisir les patrons de conception,AUTO-AUT24,Analyser la stabilité des systèmes LTI à partir de la partie réelle des pôles de leur fonction de transfert.,0,0.1653517634
concevoir-2.2,Choisir les patrons de conception,AUTO-AUT25,Déterminer les marges de stabilité à partir des diagrammes fréquentiels en boucle ouverte.,0,0.2510426939
concevoir-2.2,Choisir les patrons de conception,AUTO-AUT26,Interpréter la signification des marges de stabilité pour évaluer la robustesse de la stabilité en boucle fermée.,0,0.1238012835
concevoir-2.2,Choisir les patrons de conception,AUTO-AUT27,Analyser l’erreur statique en régime permanent pour différents types de signaux d’entrée en fonction de la classe du système.,0,0.1826732606
concevoir-2.2,Choisir les patrons de conception,AUTO-AUT28,Analyser le rejet asymptotique des perturbations en fonction de la structure du système et du nombre d’intégrateurs.,0,0.1235605106
concevoir-2.2,Choisir les patrons de conception,AUTO-AUT29,Comprendre les limitations des systèmes non corrigés et la nécessité d’ajouter des correcteurs.,0,0.2359120250
concevoir-2.2,Choisir les patrons de conception,AUTO-AUT30,Décrire la fonction et les effets d’un correcteur intégral (I) sur les performances du système et sa réponse fréquentielle.,0,0.1904186606
concevoir-2.2,Choisir les patrons de conception,AUTO-AUT31,"Décrire la fonction et les effets d’un correcteur proportionnel-intégral (PI), combinant amélioration de la précision et impact minimal sur la dynamique rapide.",0,0.1907344311
concevoir-2.2,Choisir les patrons de conception,AUTO-AUT32,"Décrire la fonction et les effets d’un correcteur proportionnel-dérivatif (PD), améliorant principalement la stabilité et la dynamique rapide.",0,0.2013194263
concevoir-2.2,Choisir les patrons de conception,AUTO-AUT33,Décrire la fonction et les effets d’un correcteur à avance de phase comme approximation causale d’un correcteur PD.,0,0.2573778331
concevoir-2.2,Choisir les patrons de conception,AUTO-AUT34,Décrire les effets combinés et la structure d’un correcteur proportionnel-intégral-dérivatif (PID).,0,0.2599037588
concevoir-2.2,Choisir les patrons de conception,AUTO-AUT35,Tracer les diagrammes de Bode asymptotiques à partir de la forme normalisée de la fonction de transfert.,0,0.1942285597
concevoir-2.2,Choisir les patrons de conception,AUTO-AUT36,Tracer un diagramme de Nyquist,0,0.1559749842
concevoir-2.2,Choisir les patrons de conception,AUTO-AUT37,Tracer un diagramme de Black,0,0.2114581168
concevoir-2.3,Choisir le framework,AUTO-AUT01,"Définir et classer les systèmes selon des caractéristiques telles que : statique/dynamique, monovariable/multivariable, continu/discret, linéaire/non-linéaire, causal et invariant.",0,0.3446763158
concevoir-2.3,Choisir le framework,AUTO-AUT02,"Décrire la nature des signaux d'entrée/sortie, qu'ils soient continus ou discrets.",0,0.1297824979
concevoir-2.3,Choisir le framework,AUTO-AUT03,"Identifier la classe d’un système à partir de sa réponse indicielle, impulsionnelle, etc.",0,0.1954031885
concevoir-2.3,Choisir le framework,AUTO-AUT04,Représenter des signaux en utilisant un outil numérique (Scilab),0,0.3207227588
concevoir-2.3,Choisir le framework,AUTO-AUT05,Analyser la stabilité d’un système en étudiant sa fonction de transfert à l’aide d’un outil numérique (Scilab),0,0.3192467690
concevoir-2.3,Choisir le framework,AUTO-AUT06,"Tracer des les diagrammes de réponse en fréquence (gain, phase) à l’aide d’un outil numérique (Scilab)",0,0.2373161763
concevoir-2.3,Choisir le framework,AUTO-AUT07,"Identifier les exigences clés dans la conception d’un système de commande : stabilité, marges, précision, rapidité, rejet des perturbations, robustesse.",0,0.3976696730
concevoir-2.3,Choisir le framework,AUTO-AUT08,"Proposer une stratégie générale pour analyser un système non corrigé, définir les exigences, synthétiser un correcteur et vérifier les performances.",0,0.3660328388
concevoir-2.3,Choisir le framework,AUTO-AUT09,Déterminer la fonction de transfert d'un système LTI continu à partir de son équation différentielle.,0,0.1509519666
concevoir-2.3,Choisir le framework,AUTO-AUT10,"Identifier les éléments caractéristiques d'une fonction de transfert : pôles, zéros et gain.",0,0.2093709111
concevoir-2.3,Choisir le framework,AUTO-AUT11,"Analyser la réponse temporelle des systèmes du premier ordre (intégrateur, premier ordre) soumis à des signaux d’entrée standards.",0,0.2182913721
concevoir-2.3,Choisir le framework,AUTO-AUT12,"Analyser les caractéristiques temporelles (amortissement, oscillations, temps de stabilisation) des systèmes du second ordre en fonction de leurs pôles et de leurs paramètres.",0,0.3099015951
concevoir-2.3,Choisir le framework,AUTO-AUT13,Appliquer la transformée de Laplace et ses propriétés aux signaux et aux systèmes.,0,0.2538725138
concevoir-2.3,Choisir le framework,AUTO-AUT14,"Analyser la réponse fréquentielle des systèmes LTI à l’aide des diagrammes de Bode, Nyquist et Black.",0,0.2421025783
concevoir-2.3,Choisir le framework,AUTO-AUT15,Appliquer le critère de Routh pour déterminer la stabilité d’un système en boucle fermée à partir de son équation caractéristique.,0,0.2489832044
concevoir-2.3,Choisir le framework,AUTO-AUT16,Appliquer le critère de Nyquist pour déterminer la stabilité en boucle fermée à partir du diagramme de la fonction de transfert en boucle ouverte autour du point critique (-1).,0,0.3343254626
concevoir-2.3,Choisir le framework,AUTO-AUT17,"Évaluer les performances dynamiques (rapidité, amortissement) des systèmes en boucle fermée, en les reliant si possible aux caractéristiques en boucle ouverte.",0,0.2827111781
concevoir-2.3,Choisir le framework,AUTO-AUT18,"Interpréter les diagrammes de réponse fréquentielle (gain, phase) pour les systèmes élémentaires : gain pur, intégrateur, dérivateur, éléments du premier et du second ordre.",0,0.2503828406
concevoir-2.3,Choisir le framework,AUTO-AUT19,"Relier les performances en temps (constante de temps, temps de montée) aux notions fréquentielles (fréquence de coupure, bande passante) pour les systèmes du premier ordre.",0,0.2071212977
concevoir-2.3,Choisir le framework,AUTO-AUT20,Utiliser le critère du Revers pour une évaluation simplifiée de la stabilité à partir du diagramme de Nyquist ou de Black.,0,0.2493944913
concevoir-2.3,Choisir le framework,AUTO-AUT21,Identifier les pôles dominants dans les systèmes d’ordre supérieur et analyser leur influence sur la réponse transitoire.,0,0.2072471380
concevoir-2.3,Choisir le framework,AUTO-AUT22,Décrire la structure et le rôle d’un système automatique ou d’un système asservi (boucle de rétroaction).,0,0.2686971724
concevoir-2.3,Choisir le framework,AUTO-AUT23,Distinguer les caractéristiques des systèmes en boucle ouverte et en boucle fermée.,0,0.2492688447
concevoir-2.3,Choisir le framework,AUTO-AUT24,Analyser la stabilité des systèmes LTI à partir de la partie réelle des pôles de leur fonction de transfert.,0,0.1742082238
concevoir-2.3,Choisir le framework,AUTO-AUT25,Déterminer les marges de stabilité à partir des diagrammes fréquentiels en boucle ouverte.,0,0.3266962469
concevoir-2.3,Choisir le framework,AUTO-AUT26,Interpréter la signification des marges de stabilité pour évaluer la robustesse de la stabilité en boucle fermée.,0,0.2244895399
concevoir-2.3,Choisir le framework,AUTO-AUT27,Analyser l’erreur statique en régime permanent pour différents types de signaux d’entrée en fonction de la classe du système.,0,0.2388000041
concevoir-2.3,Choisir le framework,AUTO-AUT28,Analyser le rejet asymptotique des perturbations en fonction de la structure du système et du nombre d’intégrateurs.,0,0.1520209312
concevoir-2.3,Choisir le framework,AUTO-AUT29,Comprendre les limitations des systèmes non corrigés et la nécessité d’ajouter des correcteurs.,0,0.2388870418
concevoir-2.3,Choisir le framework,AUTO-AUT30,Décrire la fonction et les effets d’un correcteur intégral (I) sur les performances du système et sa réponse fréquentielle.,0,0.1916061193
concevoir-2.3,Choisir le framework,AUTO-AUT31,"Décrire la fonction et les effets d’un correcteur proportionnel-intégral (PI), combinant amélioration de la précision et impact minimal sur la dynamique rapide.",0,0.2620949149
concevoir-2.3,Choisir le framework,AUTO-AUT32,"Décrire la fonction et les effets d’un correcteur proportionnel-dérivatif (PD), améliorant principalement la stabilité et la dynamique rapide.",0,0.2048527896
concevoir-2.3,Choisir le framework,AUTO-AUT33,Décrire la fonction et les effets d’un correcteur à avance de phase comme approximation causale d’un correcteur PD.,0,0.2625598907
concevoir-2.3,Choisir le framework,AUTO-AUT34,Décrire les effets combinés et la structure d’un correcteur proportionnel-intégral-dérivatif (PID).,0,0.2663475871
concevoir-2.3,Choisir le framework,AUTO-AUT35,Tracer les diagrammes de Bode asymptotiques à partir de la forme normalisée de la fonction de transfert.,0,0.1809493750
concevoir-2.3,Choisir le framework,AUTO-AUT36,Tracer un diagramme de Nyquist,0,0.2492898554
concevoir-2.3,Choisir le framework,AUTO-AUT37,Tracer un diagramme de Black,0,0.3167950511
concevoir-2.4,"Prétraiter, estimer et prédire un signal à l’aide d’un système linéaire",AUTO-AUT01,"Définir et classer les systèmes selon des caractéristiques telles que : statique/dynamique, monovariable/multivariable, continu/discret, linéaire/non-linéaire, causal et invariant.",0,0.4682604671
concevoir-2.4,"Prétraiter, estimer et prédire un signal à l’aide d’un système linéaire",AUTO-AUT02,"Décrire la nature des signaux d'entrée/sortie, qu'ils soient continus ou discrets.",0,0.5075652003
concevoir-2.4,"Prétraiter, estimer et prédire un signal à l’aide d’un système linéaire",AUTO-AUT03,"Identifier la classe d’un système à partir de sa réponse indicielle, impulsionnelle, etc.",0,0.4865859747
concevoir-2.4,"Prétraiter, estimer et prédire un signal à l’aide d’un système linéaire",AUTO-AUT04,Représenter des signaux en utilisant un outil numérique (Scilab),0,0.5265938044
concevoir-2.4,"Prétraiter, estimer et prédire un signal à l’aide d’un système linéaire",AUTO-AUT05,Analyser la stabilité d’un système en étudiant sa fonction de transfert à l’aide d’un outil numérique (Scilab),0,0.5501143932
concevoir-2.4,"Prétraiter, estimer et prédire un signal à l’aide d’un système linéaire",AUTO-AUT06,"Tracer des les diagrammes de réponse en fréquence (gain, phase) à l’aide d’un outil numérique (Scilab)",0,0.5526860356
concevoir-2.4,"Prétraiter, estimer et prédire un signal à l’aide d’un système linéaire",AUTO-AUT07,"Identifier les exigences clés dans la conception d’un système de commande : stabilité, marges, précision, rapidité, rejet des perturbations, robustesse.",0,0.4816370606
concevoir-2.4,"Prétraiter, estimer et prédire un signal à l’aide d’un système linéaire",AUTO-AUT08,"Proposer une stratégie générale pour analyser un système non corrigé, définir les exigences, synthétiser un correcteur et vérifier les performances.",0,0.4455668926
concevoir-2.4,"Prétraiter, estimer et prédire un signal à l’aide d’un système linéaire",AUTO-AUT09,Déterminer la fonction de transfert d'un système LTI continu à partir de son équation différentielle.,0,0.3898347020
concevoir-2.4,"Prétraiter, estimer et prédire un signal à l’aide d’un système linéaire",AUTO-AUT10,"Identifier les éléments caractéristiques d'une fonction de transfert : pôles, zéros et gain.",0,0.3382635713
concevoir-2.4,"Prétraiter, estimer et prédire un signal à l’aide d’un système linéaire",AUTO-AUT11,"Analyser la réponse temporelle des systèmes du premier ordre (intégrateur, premier ordre) soumis à des signaux d’entrée standards.",1,0.4425358176
concevoir-2.4,"Prétraiter, estimer et prédire un signal à l’aide d’un système linéaire",AUTO-AUT12,"Analyser les caractéristiques temporelles (amortissement, oscillations, temps de stabilisation) des systèmes du second ordre en fonction de leurs pôles et de leurs paramètres.",1,0.5788758993
concevoir-2.4,"Prétraiter, estimer et prédire un signal à l’aide d’un système linéaire",AUTO-AUT13,Appliquer la transformée de Laplace et ses propriétés aux signaux et aux systèmes.,1,0.5403766632
concevoir-2.4,"Prétraiter, estimer et prédire un signal à l’aide d’un système linéaire",AUTO-AUT14,"Analyser la réponse fréquentielle des systèmes LTI à l’aide des diagrammes de Bode, Nyquist et Black.",0,0.3433653116
concevoir-2.4,"Prétraiter, estimer et prédire un signal à l’aide d’un système linéaire",AUTO-AUT15,Appliquer le critère de Routh pour déterminer la stabilité d’un système en boucle fermée à partir de son équation caractéristique.,0,0.4324113131
concevoir-2.4,"Prétraiter, estimer et prédire un signal à l’aide d’un système linéaire",AUTO-AUT16,Appliquer le critère de Nyquist pour déterminer la stabilité en boucle fermée à partir du diagramme de la fonction de transfert en boucle ouverte autour du point critique (-1).,0,0.4001812637
concevoir-2.4,"Prétraiter, estimer et prédire un signal à l’aide d’un système linéaire",AUTO-AUT17,"Évaluer les performances dynamiques (rapidité, amortissement) des systèmes en boucle fermée, en les reliant si possible aux caractéristiques en boucle ouverte.",0,0.5667618513
concevoir-2.4,"Prétraiter, estimer et prédire un signal à l’aide d’un système linéaire",AUTO-AUT18,"Interpréter les diagrammes de réponse fréquentielle (gain, phase) pour les systèmes élémentaires : gain pur, intégrateur, dérivateur, éléments du premier et du second ordre.",0,0.5055254102
concevoir-2.4,"Prétraiter, estimer et prédire un signal à l’aide d’un système linéaire",AUTO-AUT19,"Relier les performances en temps (constante de temps, temps de montée) aux notions fréquentielles (fréquence de coupure, bande passante) pour les systèmes du premier ordre.",0,0.5381170511
concevoir-2.4,"Prétraiter, estimer et prédire un signal à l’aide d’un système linéaire",AUTO-AUT20,Utiliser le critère du Revers pour une évaluation simplifiée de la stabilité à partir du diagramme de Nyquist ou de Black.,0,0.2889687419
concevoir-2.4,"Prétraiter, estimer et prédire un signal à l’aide d’un système linéaire",AUTO-AUT21,Identifier les pôles dominants dans les systèmes d’ordre supérieur et analyser leur influence sur la réponse transitoire.,0,0.3919804096
concevoir-2.4,"Prétraiter, estimer et prédire un signal à l’aide d’un système linéaire",AUTO-AUT22,Décrire la structure et le rôle d’un système automatique ou d’un système asservi (boucle de rétroaction).,0,0.4827512205
concevoir-2.4,"Prétraiter, estimer et prédire un signal à l’aide d’un système linéaire",AUTO-AUT23,Distinguer les caractéristiques des systèmes en boucle ouverte et en boucle fermée.,0,0.3342767954
concevoir-2.4,"Prétraiter, estimer et prédire un signal à l’aide d’un système linéaire",AUTO-AUT24,Analyser la stabilité des systèmes LTI à partir de la partie réelle des pôles de leur fonction de transfert.,0,0.3130777776
concevoir-2.4,"Prétraiter, estimer et prédire un signal à l’aide d’un système linéaire",AUTO-AUT25,Déterminer les marges de stabilité à partir des diagrammes fréquentiels en boucle ouverte.,0,0.3479853272
concevoir-2.4,"Prétraiter, estimer et prédire un signal à l’aide d’un système linéaire",AUTO-AUT26,Interpréter la signification des marges de stabilité pour évaluer la robustesse de la stabilité en boucle fermée.,0,0.3415667415
concevoir-2.4,"Prétraiter, estimer et prédire un signal à l’aide d’un système linéaire",AUTO-AUT27,Analyser l’erreur statique en régime permanent pour différents types de signaux d’entrée en fonction de la classe du système.,0,0.4107674360
concevoir-2.4,"Prétraiter, estimer et prédire un signal à l’aide d’un système linéaire",AUTO-AUT28,Analyser le rejet asymptotique des perturbations en fonction de la structure du système et du nombre d’intégrateurs.,0,0.3997609615
concevoir-2.4,"Prétraiter, estimer et prédire un signal à l’aide d’un système linéaire",AUTO-AUT29,Comprendre les limitations des systèmes non corrigés et la nécessité d’ajouter des correcteurs.,0,0.3230472207
concevoir-2.4,"Prétraiter, estimer et prédire un signal à l’aide d’un système linéaire",AUTO-AUT30,Décrire la fonction et les effets d’un correcteur intégral (I) sur les performances du système et sa réponse fréquentielle.,0,0.4164996147
concevoir-2.4,"Prétraiter, estimer et prédire un signal à l’aide d’un système linéaire",AUTO-AUT31,"Décrire la fonction et les effets d’un correcteur proportionnel-intégral (PI), combinant amélioration de la précision et impact minimal sur la dynamique rapide.",0,0.5208995938
concevoir-2.4,"Prétraiter, estimer et prédire un signal à l’aide d’un système linéaire",AUTO-AUT32,"Décrire la fonction et les effets d’un correcteur proportionnel-dérivatif (PD), améliorant principalement la stabilité et la dynamique rapide.",0,0.4681494534
concevoir-2.4,"Prétraiter, estimer et prédire un signal à l’aide d’un système linéaire",AUTO-AUT33,Décrire la fonction et les effets d’un correcteur à avance de phase comme approximation causale d’un correcteur PD.,0,0.4257206917
concevoir-2.4,"Prétraiter, estimer et prédire un signal à l’aide d’un système linéaire",AUTO-AUT34,Décrire les effets combinés et la structure d’un correcteur proportionnel-intégral-dérivatif (PID).,0,0.4104415774
concevoir-2.4,"Prétraiter, estimer et prédire un signal à l’aide d’un système linéaire",AUTO-AUT35,Tracer les diagrammes de Bode asymptotiques à partir de la forme normalisée de la fonction de transfert.,0,0.2604066432
concevoir-2.4,"Prétraiter, estimer et prédire un signal à l’aide d’un système linéaire",AUTO-AUT36,Tracer un diagramme de Nyquist,0,0.2693733573
concevoir-2.4,"Prétraiter, estimer et prédire un signal à l’aide d’un système linéaire",AUTO-AUT37,Tracer un diagramme de Black,0,0.2751909494
concevoir-2.5,Identifier le paradigme de traitement de données statistique,AUTO-AUT01,"Définir et classer les systèmes selon des caractéristiques telles que : statique/dynamique, monovariable/multivariable, continu/discret, linéaire/non-linéaire, causal et invariant.",0,0.3017238081
concevoir-2.5,Identifier le paradigme de traitement de données statistique,AUTO-AUT02,"Décrire la nature des signaux d'entrée/sortie, qu'ils soient continus ou discrets.",0,0.3312519193
concevoir-2.5,Identifier le paradigme de traitement de données statistique,AUTO-AUT03,"Identifier la classe d’un système à partir de sa réponse indicielle, impulsionnelle, etc.",0,0.3100589216
concevoir-2.5,Identifier le paradigme de traitement de données statistique,AUTO-AUT04,Représenter des signaux en utilisant un outil numérique (Scilab),0,0.3647507131
concevoir-2.5,Identifier le paradigme de traitement de données statistique,AUTO-AUT05,Analyser la stabilité d’un système en étudiant sa fonction de transfert à l’aide d’un outil numérique (Scilab),0,0.3963136673
concevoir-2.5,Identifier le paradigme de traitement de données statistique,AUTO-AUT06,"Tracer des les diagrammes de réponse en fréquence (gain, phase) à l’aide d’un outil numérique (Scilab)",0,0.4124022126
concevoir-2.5,Identifier le paradigme de traitement de données statistique,AUTO-AUT07,"Identifier les exigences clés dans la conception d’un système de commande : stabilité, marges, précision, rapidité, rejet des perturbations, robustesse.",0,0.4068920910
concevoir-2.5,Identifier le paradigme de traitement de données statistique,AUTO-AUT08,"Proposer une stratégie générale pour analyser un système non corrigé, définir les exigences, synthétiser un correcteur et vérifier les performances.",0,0.4066063166
concevoir-2.5,Identifier le paradigme de traitement de données statistique,AUTO-AUT09,Déterminer la fonction de transfert d'un système LTI continu à partir de son équation différentielle.,0,0.2730286717
concevoir-2.5,Identifier le paradigme de traitement de données statistique,AUTO-AUT10,"Identifier les éléments caractéristiques d'une fonction de transfert : pôles, zéros et gain.",0,0.3063475788
concevoir-2.5,Identifier le paradigme de traitement de données statistique,AUTO-AUT11,"Analyser la réponse temporelle des systèmes du premier ordre (intégrateur, premier ordre) soumis à des signaux d’entrée standards.",0,0.3009837270
concevoir-2.5,Identifier le paradigme de traitement de données statistique,AUTO-AUT12,"Analyser les caractéristiques temporelles (amortissement, oscillations, temps de stabilisation) des systèmes du second ordre en fonction de leurs pôles et de leurs paramètres.",0,0.4253746271
concevoir-2.5,Identifier le paradigme de traitement de données statistique,AUTO-AUT13,Appliquer la transformée de Laplace et ses propriétés aux signaux et aux systèmes.,0,0.2082359493
concevoir-2.5,Identifier le paradigme de traitement de données statistique,AUTO-AUT14,"Analyser la réponse fréquentielle des systèmes LTI à l’aide des diagrammes de Bode, Nyquist et Black.",0,0.2566161156
concevoir-2.5,Identifier le paradigme de traitement de données statistique,AUTO-AUT15,Appliquer le critère de Routh pour déterminer la stabilité d’un système en boucle fermée à partir de son équation caractéristique.,0,0.2990787029
concevoir-2.5,Identifier le paradigme de traitement de données statistique,AUTO-AUT16,Appliquer le critère de Nyquist pour déterminer la stabilité en boucle fermée à partir du diagramme de la fonction de transfert en boucle ouverte autour du point critique (-1).,0,0.3694055676
concevoir-2.5,Identifier le paradigme de traitement de données statistique,AUTO-AUT17,"Évaluer les performances dynamiques (rapidité, amortissement) des systèmes en boucle fermée, en les reliant si possible aux caractéristiques en boucle ouverte.",0,0.3717615008
concevoir-2.5,Identifier le paradigme de traitement de données statistique,AUTO-AUT18,"Interpréter les diagrammes de réponse fréquentielle (gain, phase) pour les systèmes élémentaires : gain pur, intégrateur, dérivateur, éléments du premier et du second ordre.",0,0.3479476273
concevoir-2.5,Identifier le paradigme de traitement de données statistique,AUTO-AUT19,"Relier les performances en temps (constante de temps, temps de montée) aux notions fréquentielles (fréquence de coupure, bande passante) pour les systèmes du premier ordre.",0,0.3998761773
concevoir-2.5,Identifier le paradigme de traitement de données statistique,AUTO-AUT20,Utiliser le critère du Revers pour une évaluation simplifiée de la stabilité à partir du diagramme de Nyquist ou de Black.,0,0.2924618423
concevoir-2.5,Identifier le paradigme de traitement de données statistique,AUTO-AUT21,Identifier les pôles dominants dans les systèmes d’ordre supérieur et analyser leur influence sur la réponse transitoire.,0,0.3430879116
concevoir-2.5,Identifier le paradigme de traitement de données statistique,AUTO-AUT22,Décrire la structure et le rôle d’un système automatique ou d’un système asservi (boucle de rétroaction).,0,0.2626127005
concevoir-2.5,Identifier le paradigme de traitement de données statistique,AUTO-AUT23,Distinguer les caractéristiques des systèmes en boucle ouverte et en boucle fermée.,0,0.1374293417
concevoir-2.5,Identifier le paradigme de traitement de données statistique,AUTO-AUT24,Analyser la stabilité des systèmes LTI à partir de la partie réelle des pôles de leur fonction de transfert.,0,0.2235557884
concevoir-2.5,Identifier le paradigme de traitement de données statistique,AUTO-AUT25,Déterminer les marges de stabilité à partir des diagrammes fréquentiels en boucle ouverte.,0,0.2867994905
concevoir-2.5,Identifier le paradigme de traitement de données statistique,AUTO-AUT26,Interpréter la signification des marges de stabilité pour évaluer la robustesse de la stabilité en boucle fermée.,0,0.3615262508
concevoir-2.5,Identifier le paradigme de traitement de données statistique,AUTO-AUT27,Analyser l’erreur statique en régime permanent pour différents types de signaux d’entrée en fonction de la classe du système.,0,0.3312278688
concevoir-2.5,Identifier le paradigme de traitement de données statistique,AUTO-AUT28,Analyser le rejet asymptotique des perturbations en fonction de la structure du système et du nombre d’intégrateurs.,0,0.2429210246
concevoir-2.5,Identifier le paradigme de traitement de données statistique,AUTO-AUT29,Comprendre les limitations des systèmes non corrigés et la nécessité d’ajouter des correcteurs.,0,0.2476167530
concevoir-2.5,Identifier le paradigme de traitement de données statistique,AUTO-AUT30,Décrire la fonction et les effets d’un correcteur intégral (I) sur les performances du système et sa réponse fréquentielle.,0,0.3260164857
concevoir-2.5,Identifier le paradigme de traitement de données statistique,AUTO-AUT31,"Décrire la fonction et les effets d’un correcteur proportionnel-intégral (PI), combinant amélioration de la précision et impact minimal sur la dynamique rapide.",0,0.3958271146
concevoir-2.5,Identifier le paradigme de traitement de données statistique,AUTO-AUT32,"Décrire la fonction et les effets d’un correcteur proportionnel-dérivatif (PD), améliorant principalement la stabilité et la dynamique rapide.",0,0.3289670050
concevoir-2.5,Identifier le paradigme de traitement de données statistique,AUTO-AUT33,Décrire la fonction et les effets d’un correcteur à avance de phase comme approximation causale d’un correcteur PD.,0,0.3817363977
concevoir-2.5,Identifier le paradigme de traitement de données statistique,AUTO-AUT34,Décrire les effets combinés et la structure d’un correcteur proportionnel-intégral-dérivatif (PID).,0,0.2739868164
concevoir-2.5,Identifier le paradigme de traitement de données statistique,AUTO-AUT35,Tracer les diagrammes de Bode asymptotiques à partir de la forme normalisée de la fonction de transfert.,0,0.2536276579
concevoir-2.5,Identifier le paradigme de traitement de données statistique,AUTO-AUT36,Tracer un diagramme de Nyquist,0,0.3601465225
concevoir-2.5,Identifier le paradigme de traitement de données statistique,AUTO-AUT37,Tracer un diagramme de Black,0,0.4134178162
concevoir-3.1,Évaluer la complexité du traitement,AUTO-AUT01,"Définir et classer les systèmes selon des caractéristiques telles que : statique/dynamique, monovariable/multivariable, continu/discret, linéaire/non-linéaire, causal et invariant.",0,0.3512465060
concevoir-3.1,Évaluer la complexité du traitement,AUTO-AUT02,"Décrire la nature des signaux d'entrée/sortie, qu'ils soient continus ou discrets.",0,0.1957654804
concevoir-3.1,Évaluer la complexité du traitement,AUTO-AUT03,"Identifier la classe d’un système à partir de sa réponse indicielle, impulsionnelle, etc.",0,0.2475076020
concevoir-3.1,Évaluer la complexité du traitement,AUTO-AUT04,Représenter des signaux en utilisant un outil numérique (Scilab),0,0.2075109631
concevoir-3.1,Évaluer la complexité du traitement,AUTO-AUT05,Analyser la stabilité d’un système en étudiant sa fonction de transfert à l’aide d’un outil numérique (Scilab),0,0.3278826773
concevoir-3.1,Évaluer la complexité du traitement,AUTO-AUT06,"Tracer des les diagrammes de réponse en fréquence (gain, phase) à l’aide d’un outil numérique (Scilab)",0,0.2668327987
concevoir-3.1,Évaluer la complexité du traitement,AUTO-AUT07,"Identifier les exigences clés dans la conception d’un système de commande : stabilité, marges, précision, rapidité, rejet des perturbations, robustesse.",0,0.3403776586
concevoir-3.1,Évaluer la complexité du traitement,AUTO-AUT08,"Proposer une stratégie générale pour analyser un système non corrigé, définir les exigences, synthétiser un correcteur et vérifier les performances.",0,0.4243361354
concevoir-3.1,Évaluer la complexité du traitement,AUTO-AUT09,Déterminer la fonction de transfert d'un système LTI continu à partir de son équation différentielle.,0,0.2412888110
concevoir-3.1,Évaluer la complexité du traitement,AUTO-AUT10,"Identifier les éléments caractéristiques d'une fonction de transfert : pôles, zéros et gain.",0,0.2638003528
concevoir-3.1,Évaluer la complexité du traitement,AUTO-AUT11,"Analyser la réponse temporelle des systèmes du premier ordre (intégrateur, premier ordre) soumis à des signaux d’entrée standards.",0,0.2631556094
concevoir-3.1,Évaluer la complexité du traitement,AUTO-AUT12,"Analyser les caractéristiques temporelles (amortissement, oscillations, temps de stabilisation) des systèmes du second ordre en fonction de leurs pôles et de leurs paramètres.",0,0.3517726064
concevoir-3.1,Évaluer la complexité du traitement,AUTO-AUT13,Appliquer la transformée de Laplace et ses propriétés aux signaux et aux systèmes.,0,0.2480667830
concevoir-3.1,Évaluer la complexité du traitement,AUTO-AUT14,"Analyser la réponse fréquentielle des systèmes LTI à l’aide des diagrammes de Bode, Nyquist et Black.",0,0.1731927395
concevoir-3.1,Évaluer la complexité du traitement,AUTO-AUT15,Appliquer le critère de Routh pour déterminer la stabilité d’un système en boucle fermée à partir de son équation caractéristique.,0,0.3322421610
concevoir-3.1,Évaluer la complexité du traitement,AUTO-AUT16,Appliquer le critère de Nyquist pour déterminer la stabilité en boucle fermée à partir du diagramme de la fonction de transfert en boucle ouverte autour du point critique (-1).,0,0.2816619277
concevoir-3.1,Évaluer la complexité du traitement,AUTO-AUT17,"Évaluer les performances dynamiques (rapidité, amortissement) des systèmes en boucle fermée, en les reliant si possible aux caractéristiques en boucle ouverte.",0,0.4620313048
concevoir-3.1,Évaluer la complexité du traitement,AUTO-AUT18,"Interpréter les diagrammes de réponse fréquentielle (gain, phase) pour les systèmes élémentaires : gain pur, intégrateur, dérivateur, éléments du premier et du second ordre.",0,0.2711021006
concevoir-3.1,Évaluer la complexité du traitement,AUTO-AUT19,"Relier les performances en temps (constante de temps, temps de montée) aux notions fréquentielles (fréquence de coupure, bande passante) pour les systèmes du premier ordre.",0,0.3143253922
concevoir-3.1,Évaluer la complexité du traitement,AUTO-AUT20,Utiliser le critère du Revers pour une évaluation simplifiée de la stabilité à partir du diagramme de Nyquist ou de Black.,0,0.3128264546
concevoir-3.1,Évaluer la complexité du traitement,AUTO-AUT21,Identifier les pôles dominants dans les systèmes d’ordre supérieur et analyser leur influence sur la réponse transitoire.,0,0.2393710613
concevoir-3.1,Évaluer la complexité du traitement,AUTO-AUT22,Décrire la structure et le rôle d’un système automatique ou d’un système asservi (boucle de rétroaction).,0,0.2819289267
concevoir-3.1,Évaluer la complexité du traitement,AUTO-AUT23,Distinguer les caractéristiques des systèmes en boucle ouverte et en boucle fermée.,0,0.1530264318
concevoir-3.1,Évaluer la complexité du traitement,AUTO-AUT24,Analyser la stabilité des systèmes LTI à partir de la partie réelle des pôles de leur fonction de transfert.,0,0.2316884845
concevoir-3.1,Évaluer la complexité du traitement,AUTO-AUT25,Déterminer les marges de stabilité à partir des diagrammes fréquentiels en boucle ouverte.,0,0.2567699850
concevoir-3.1,Évaluer la complexité du traitement,AUTO-AUT26,Interpréter la signification des marges de stabilité pour évaluer la robustesse de la stabilité en boucle fermée.,0,0.4081572294
concevoir-3.1,Évaluer la complexité du traitement,AUTO-AUT27,Analyser l’erreur statique en régime permanent pour différents types de signaux d’entrée en fonction de la classe du système.,0,0.2933282256
concevoir-3.1,Évaluer la complexité du traitement,AUTO-AUT28,Analyser le rejet asymptotique des perturbations en fonction de la structure du système et du nombre d’intégrateurs.,0,0.2897450924
concevoir-3.1,Évaluer la complexité du traitement,AUTO-AUT29,Comprendre les limitations des systèmes non corrigés et la nécessité d’ajouter des correcteurs.,0,0.2160991132
concevoir-3.1,Évaluer la complexité du traitement,AUTO-AUT30,Décrire la fonction et les effets d’un correcteur intégral (I) sur les performances du système et sa réponse fréquentielle.,0,0.3227770925
concevoir-3.1,Évaluer la complexité du traitement,AUTO-AUT31,"Décrire la fonction et les effets d’un correcteur proportionnel-intégral (PI), combinant amélioration de la précision et impact minimal sur la dynamique rapide.",0,0.4102212787
concevoir-3.1,Évaluer la complexité du traitement,AUTO-AUT32,"Décrire la fonction et les effets d’un correcteur proportionnel-dérivatif (PD), améliorant principalement la stabilité et la dynamique rapide.",0,0.3160651326
concevoir-3.1,Évaluer la complexité du traitement,AUTO-AUT33,Décrire la fonction et les effets d’un correcteur à avance de phase comme approximation causale d’un correcteur PD.,0,0.3331941962
concevoir-3.1,Évaluer la complexité du traitement,AUTO-AUT34,Décrire les effets combinés et la structure d’un correcteur proportionnel-intégral-dérivatif (PID).,0,0.2635182738
concevoir-3.1,Évaluer la complexité du traitement,AUTO-AUT35,Tracer les diagrammes de Bode asymptotiques à partir de la forme normalisée de la fonction de transfert.,0,0.1969446242
concevoir-3.1,Évaluer la complexité du traitement,AUTO-AUT36,Tracer un diagramme de Nyquist,0,0.2114488333
concevoir-3.1,Évaluer la complexité du traitement,AUTO-AUT37,Tracer un diagramme de Black,0,0.2559272647
concevoir-3.2,Intégrer des patrons de conception,AUTO-AUT01,"Définir et classer les systèmes selon des caractéristiques telles que : statique/dynamique, monovariable/multivariable, continu/discret, linéaire/non-linéaire, causal et invariant.",0,0.2805106044
concevoir-3.2,Intégrer des patrons de conception,AUTO-AUT02,"Décrire la nature des signaux d'entrée/sortie, qu'ils soient continus ou discrets.",0,0.1154586375
concevoir-3.2,Intégrer des patrons de conception,AUTO-AUT03,"Identifier la classe d’un système à partir de sa réponse indicielle, impulsionnelle, etc.",0,0.1721276045
concevoir-3.2,Intégrer des patrons de conception,AUTO-AUT04,Représenter des signaux en utilisant un outil numérique (Scilab),0,0.2494600415
concevoir-3.2,Intégrer des patrons de conception,AUTO-AUT05,Analyser la stabilité d’un système en étudiant sa fonction de transfert à l’aide d’un outil numérique (Scilab),0,0.3637700677
concevoir-3.2,Intégrer des patrons de conception,AUTO-AUT06,"Tracer des les diagrammes de réponse en fréquence (gain, phase) à l’aide d’un outil numérique (Scilab)",0,0.2225194722
concevoir-3.2,Intégrer des patrons de conception,AUTO-AUT07,"Identifier les exigences clés dans la conception d’un système de commande : stabilité, marges, précision, rapidité, rejet des perturbations, robustesse.",0,0.3454226255
concevoir-3.2,Intégrer des patrons de conception,AUTO-AUT08,"Proposer une stratégie générale pour analyser un système non corrigé, définir les exigences, synthétiser un correcteur et vérifier les performances.",0,0.3023797274
concevoir-3.2,Intégrer des patrons de conception,AUTO-AUT09,Déterminer la fonction de transfert d'un système LTI continu à partir de son équation différentielle.,0,0.2411954850
concevoir-3.2,Intégrer des patrons de conception,AUTO-AUT10,"Identifier les éléments caractéristiques d'une fonction de transfert : pôles, zéros et gain.",0,0.3281835318
concevoir-3.2,Intégrer des patrons de conception,AUTO-AUT11,"Analyser la réponse temporelle des systèmes du premier ordre (intégrateur, premier ordre) soumis à des signaux d’entrée standards.",0,0.2729869485
concevoir-3.2,Intégrer des patrons de conception,AUTO-AUT12,"Analyser les caractéristiques temporelles (amortissement, oscillations, temps de stabilisation) des systèmes du second ordre en fonction de leurs pôles et de leurs paramètres.",0,0.2443014085
concevoir-3.2,Intégrer des patrons de conception,AUTO-AUT13,Appliquer la transformée de Laplace et ses propriétés aux signaux et aux systèmes.,0,0.2757210732
concevoir-3.2,Intégrer des patrons de conception,AUTO-AUT14,"Analyser la réponse fréquentielle des systèmes LTI à l’aide des diagrammes de Bode, Nyquist et Black.",0,0.2015557289
concevoir-3.2,Intégrer des patrons de conception,AUTO-AUT15,Appliquer le critère de Routh pour déterminer la stabilité d’un système en boucle fermée à partir de son équation caractéristique.,0,0.2206394374
concevoir-3.2,Intégrer des patrons de conception,AUTO-AUT16,Appliquer le critère de Nyquist pour déterminer la stabilité en boucle fermée à partir du diagramme de la fonction de transfert en boucle ouverte autour du point critique (-1).,0,0.2710300684
concevoir-3.2,Intégrer des patrons de conception,AUTO-AUT17,"Évaluer les performances dynamiques (rapidité, amortissement) des systèmes en boucle fermée, en les reliant si possible aux caractéristiques en boucle ouverte.",0,0.2534874976
concevoir-3.2,Intégrer des patrons de conception,AUTO-AUT18,"Interpréter les diagrammes de réponse fréquentielle (gain, phase) pour les systèmes élémentaires : gain pur, intégrateur, dérivateur, éléments du premier et du second ordre.",0,0.2602933049
concevoir-3.2,Intégrer des patrons de conception,AUTO-AUT19,"Relier les performances en temps (constante de temps, temps de montée) aux notions fréquentielles (fréquence de coupure, bande passante) pour les systèmes du premier ordre.",0,0.0877113938
concevoir-3.2,Intégrer des patrons de conception,AUTO-AUT20,Utiliser le critère du Revers pour une évaluation simplifiée de la stabilité à partir du diagramme de Nyquist ou de Black.,0,0.1321404725
concevoir-3.2,Intégrer des patrons de conception,AUTO-AUT21,Identifier les pôles dominants dans les systèmes d’ordre supérieur et analyser leur influence sur la réponse transitoire.,0,0.2668527365
concevoir-3.2,Intégrer des patrons de conception,AUTO-AUT22,Décrire la structure et le rôle d’un système automatique ou d’un système asservi (boucle de rétroaction).,0,0.3066762686
concevoir-3.2,Intégrer des patrons de conception,AUTO-AUT23,Distinguer les caractéristiques des systèmes en boucle ouverte et en boucle fermée.,0,0.2146053761
concevoir-3.2,Intégrer des patrons de conception,AUTO-AUT24,Analyser la stabilité des systèmes LTI à partir de la partie réelle des pôles de leur fonction de transfert.,0,0.2902525663
concevoir-3.2,Intégrer des patrons de conception,AUTO-AUT25,Déterminer les marges de stabilité à partir des diagrammes fréquentiels en boucle ouverte.,0,0.1732569933
concevoir-3.2,Intégrer des patrons de conception,AUTO-AUT26,Interpréter la signification des marges de stabilité pour évaluer la robustesse de la stabilité en boucle fermée.,0,0.2143613100
concevoir-3.2,Intégrer des patrons de conception,AUTO-AUT27,Analyser l’erreur statique en régime permanent pour différents types de signaux d’entrée en fonction de la classe du système.,0,0.1874293685
concevoir-3.2,Intégrer des patrons de conception,AUTO-AUT28,Analyser le rejet asymptotique des perturbations en fonction de la structure du système et du nombre d’intégrateurs.,0,0.2306031287
concevoir-3.2,Intégrer des patrons de conception,AUTO-AUT29,Comprendre les limitations des systèmes non corrigés et la nécessité d’ajouter des correcteurs.,0,0.2346514910
concevoir-3.2,Intégrer des patrons de conception,AUTO-AUT30,Décrire la fonction et les effets d’un correcteur intégral (I) sur les performances du système et sa réponse fréquentielle.,0,0.2163105160
concevoir-3.2,Intégrer des patrons de conception,AUTO-AUT31,"Décrire la fonction et les effets d’un correcteur proportionnel-intégral (PI), combinant amélioration de la précision et impact minimal sur la dynamique rapide.",0,0.2717322707
concevoir-3.2,Intégrer des patrons de conception,AUTO-AUT32,"Décrire la fonction et les effets d’un correcteur proportionnel-dérivatif (PD), améliorant principalement la stabilité et la dynamique rapide.",0,0.2373064309
concevoir-3.2,Intégrer des patrons de conception,AUTO-AUT33,Décrire la fonction et les effets d’un correcteur à avance de phase comme approximation causale d’un correcteur PD.,0,0.2782691717
concevoir-3.2,Intégrer des patrons de conception,AUTO-AUT34,Décrire les effets combinés et la structure d’un correcteur proportionnel-intégral-dérivatif (PID).,0,0.2987461388
concevoir-3.2,Intégrer des patrons de conception,AUTO-AUT35,Tracer les diagrammes de Bode asymptotiques à partir de la forme normalisée de la fonction de transfert.,0,0.2449852377
concevoir-3.2,Intégrer des patrons de conception,AUTO-AUT36,Tracer un diagramme de Nyquist,0,0.1782993972
concevoir-3.2,Intégrer des patrons de conception,AUTO-AUT37,Tracer un diagramme de Black,0,0.2173245847
concevoir-3.3,Adapter le framework,AUTO-AUT01,"Définir et classer les systèmes selon des caractéristiques telles que : statique/dynamique, monovariable/multivariable, continu/discret, linéaire/non-linéaire, causal et invariant.",0,0.2561378479
concevoir-3.3,Adapter le framework,AUTO-AUT02,"Décrire la nature des signaux d'entrée/sortie, qu'ils soient continus ou discrets.",0,0.1186704338
concevoir-3.3,Adapter le framework,AUTO-AUT03,"Identifier la classe d’un système à partir de sa réponse indicielle, impulsionnelle, etc.",0,0.2147641182
concevoir-3.3,Adapter le framework,AUTO-AUT04,Représenter des signaux en utilisant un outil numérique (Scilab),0,0.3429750204
concevoir-3.3,Adapter le framework,AUTO-AUT05,Analyser la stabilité d’un système en étudiant sa fonction de transfert à l’aide d’un outil numérique (Scilab),0,0.3874278665
concevoir-3.3,Adapter le framework,AUTO-AUT06,"Tracer des les diagrammes de réponse en fréquence (gain, phase) à l’aide d’un outil numérique (Scilab)",0,0.2710486054
concevoir-3.3,Adapter le framework,AUTO-AUT07,"Identifier les exigences clés dans la conception d’un système de commande : stabilité, marges, précision, rapidité, rejet des perturbations, robustesse.",0,0.3701349497
concevoir-3.3,Adapter le framework,AUTO-AUT08,"Proposer une stratégie générale pour analyser un système non corrigé, définir les exigences, synthétiser un correcteur et vérifier les performances.",0,0.3553705812
concevoir-3.3,Adapter le framework,AUTO-AUT09,Déterminer la fonction de transfert d'un système LTI continu à partir de son équation différentielle.,0,0.1989302039
concevoir-3.3,Adapter le framework,AUTO-AUT10,"Identifier les éléments caractéristiques d'une fonction de transfert : pôles, zéros et gain.",0,0.1888470352
concevoir-3.3,Adapter le framework,AUTO-AUT11,"Analyser la réponse temporelle des systèmes du premier ordre (intégrateur, premier ordre) soumis à des signaux d’entrée standards.",0,0.2484466285
concevoir-3.3,Adapter le framework,AUTO-AUT12,"Analyser les caractéristiques temporelles (amortissement, oscillations, temps de stabilisation) des systèmes du second ordre en fonction de leurs pôles et de leurs paramètres.",0,0.2959951460
concevoir-3.3,Adapter le framework,AUTO-AUT13,Appliquer la transformée de Laplace et ses propriétés aux signaux et aux systèmes.,0,0.3082864285
concevoir-3.3,Adapter le framework,AUTO-AUT14,"Analyser la réponse fréquentielle des systèmes LTI à l’aide des diagrammes de Bode, Nyquist et Black.",0,0.2762161195
concevoir-3.3,Adapter le framework,AUTO-AUT15,Appliquer le critère de Routh pour déterminer la stabilité d’un système en boucle fermée à partir de son équation caractéristique.,0,0.2732900977
concevoir-3.3,Adapter le framework,AUTO-AUT16,Appliquer le critère de Nyquist pour déterminer la stabilité en boucle fermée à partir du diagramme de la fonction de transfert en boucle ouverte autour du point critique (-1).,0,0.3554522991
concevoir-3.3,Adapter le framework,AUTO-AUT17,"Évaluer les performances dynamiques (rapidité, amortissement) des systèmes en boucle fermée, en les reliant si possible aux caractéristiques en boucle ouverte.",0,0.2875369787
concevoir-3.3,Adapter le framework,AUTO-AUT18,"Interpréter les diagrammes de réponse fréquentielle (gain, phase) pour les systèmes élémentaires : gain pur, intégrateur, dérivateur, éléments du premier et du second ordre.",0,0.2593337297
concevoir-3.3,Adapter le framework,AUTO-AUT19,"Relier les performances en temps (constante de temps, temps de montée) aux notions fréquentielles (fréquence de coupure, bande passante) pour les systèmes du premier ordre.",0,0.1686835438
concevoir-3.3,Adapter le framework,AUTO-AUT20,Utiliser le critère du Revers pour une évaluation simplifiée de la stabilité à partir du diagramme de Nyquist ou de Black.,0,0.2447018921
concevoir-3.3,Adapter le framework,AUTO-AUT21,Identifier les pôles dominants dans les systèmes d’ordre supérieur et analyser leur influence sur la réponse transitoire.,0,0.2160042375
concevoir-3.3,Adapter le framework,AUTO-AUT22,Décrire la structure et le rôle d’un système automatique ou d’un système asservi (boucle de rétroaction).,0,0.2989505529
concevoir-3.3,Adapter le framework,AUTO-AUT23,Distinguer les caractéristiques des systèmes en boucle ouverte et en boucle fermée.,0,0.3171509504
concevoir-3.3,Adapter le framework,AUTO-AUT24,Analyser la stabilité des systèmes LTI à partir de la partie réelle des pôles de leur fonction de transfert.,0,0.1922764480
concevoir-3.3,Adapter le framework,AUTO-AUT25,Déterminer les marges de stabilité à partir des diagrammes fréquentiels en boucle ouverte.,0,0.2854575515
concevoir-3.3,Adapter le framework,AUTO-AUT26,Interpréter la signification des marges de stabilité pour évaluer la robustesse de la stabilité en boucle fermée.,0,0.2310774922
concevoir-3.3,Adapter le framework,AUTO-AUT27,Analyser l’erreur statique en régime permanent pour différents types de signaux d’entrée en fonction de la classe du système.,0,0.2612693310
concevoir-3.3,Adapter le framework,AUTO-AUT28,Analyser le rejet asymptotique des perturbations en fonction de la structure du système et du nombre d’intégrateurs.,0,0.1818077415
concevoir-3.3,Adapter le framework,AUTO-AUT29,Comprendre les limitations des systèmes non corrigés et la nécessité d’ajouter des correcteurs.,0,0.3449203968
concevoir-3.3,Adapter le framework,AUTO-AUT30,Décrire la fonction et les effets d’un correcteur intégral (I) sur les performances du système et sa réponse fréquentielle.,0,0.1939573735
concevoir-3.3,Adapter le framework,AUTO-AUT31,"Décrire la fonction et les effets d’un correcteur proportionnel-intégral (PI), combinant amélioration de la précision et impact minimal sur la dynamique rapide.",0,0.2969454229
concevoir-3.3,Adapter le framework,AUTO-AUT32,"Décrire la fonction et les effets d’un correcteur proportionnel-dérivatif (PD), améliorant principalement la stabilité et la dynamique rapide.",0,0.2247203588
concevoir-3.3,Adapter le framework,AUTO-AUT33,Décrire la fonction et les effets d’un correcteur à avance de phase comme approximation causale d’un correcteur PD.,0,0.3068364859
concevoir-3.3,Adapter le framework,AUTO-AUT34,Décrire les effets combinés et la structure d’un correcteur proportionnel-intégral-dérivatif (PID).,0,0.2810507715
concevoir-3.3,Adapter le framework,AUTO-AUT35,Tracer les diagrammes de Bode asymptotiques à partir de la forme normalisée de la fonction de transfert.,0,0.2630455494
concevoir-3.3,Adapter le framework,AUTO-AUT36,Tracer un diagramme de Nyquist,0,0.2394933552
concevoir-3.3,Adapter le framework,AUTO-AUT37,Tracer un diagramme de Black,0,0.3535112143
concevoir-3.4,Échanger de manière adaptée et sécurisée les données,AUTO-AUT01,"Définir et classer les systèmes selon des caractéristiques telles que : statique/dynamique, monovariable/multivariable, continu/discret, linéaire/non-linéaire, causal et invariant.",0,0.3179933429
concevoir-3.4,Échanger de manière adaptée et sécurisée les données,AUTO-AUT02,"Décrire la nature des signaux d'entrée/sortie, qu'ils soient continus ou discrets.",0,0.3436468244
concevoir-3.4,Échanger de manière adaptée et sécurisée les données,AUTO-AUT03,"Identifier la classe d’un système à partir de sa réponse indicielle, impulsionnelle, etc.",0,0.2096739709
concevoir-3.4,Échanger de manière adaptée et sécurisée les données,AUTO-AUT04,Représenter des signaux en utilisant un outil numérique (Scilab),0,0.2548925877
concevoir-3.4,Échanger de manière adaptée et sécurisée les données,AUTO-AUT05,Analyser la stabilité d’un système en étudiant sa fonction de transfert à l’aide d’un outil numérique (Scilab),0,0.3435316086
concevoir-3.4,Échanger de manière adaptée et sécurisée les données,AUTO-AUT06,"Tracer des les diagrammes de réponse en fréquence (gain, phase) à l’aide d’un outil numérique (Scilab)",0,0.2910336256
concevoir-3.4,Échanger de manière adaptée et sécurisée les données,AUTO-AUT07,"Identifier les exigences clés dans la conception d’un système de commande : stabilité, marges, précision, rapidité, rejet des perturbations, robustesse.",0,0.3399741650
concevoir-3.4,Échanger de manière adaptée et sécurisée les données,AUTO-AUT08,"Proposer une stratégie générale pour analyser un système non corrigé, définir les exigences, synthétiser un correcteur et vérifier les performances.",0,0.3010377288
concevoir-3.4,Échanger de manière adaptée et sécurisée les données,AUTO-AUT09,Déterminer la fonction de transfert d'un système LTI continu à partir de son équation différentielle.,0,0.2817386985
concevoir-3.4,Échanger de manière adaptée et sécurisée les données,AUTO-AUT10,"Identifier les éléments caractéristiques d'une fonction de transfert : pôles, zéros et gain.",0,0.2611606121
concevoir-3.4,Échanger de manière adaptée et sécurisée les données,AUTO-AUT11,"Analyser la réponse temporelle des systèmes du premier ordre (intégrateur, premier ordre) soumis à des signaux d’entrée standards.",0,0.2181596458
concevoir-3.4,Échanger de manière adaptée et sécurisée les données,AUTO-AUT12,"Analyser les caractéristiques temporelles (amortissement, oscillations, temps de stabilisation) des systèmes du second ordre en fonction de leurs pôles et de leurs paramètres.",0,0.3448469639
concevoir-3.4,Échanger de manière adaptée et sécurisée les données,AUTO-AUT13,Appliquer la transformée de Laplace et ses propriétés aux signaux et aux systèmes.,0,0.3484227061
concevoir-3.4,Échanger de manière adaptée et sécurisée les données,AUTO-AUT14,"Analyser la réponse fréquentielle des systèmes LTI à l’aide des diagrammes de Bode, Nyquist et Black.",0,0.2291794866
concevoir-3.4,Échanger de manière adaptée et sécurisée les données,AUTO-AUT15,Appliquer le critère de Routh pour déterminer la stabilité d’un système en boucle fermée à partir de son équation caractéristique.,0,0.2879425287
concevoir-3.4,Échanger de manière adaptée et sécurisée les données,AUTO-AUT16,Appliquer le critère de Nyquist pour déterminer la stabilité en boucle fermée à partir du diagramme de la fonction de transfert en boucle ouverte autour du point critique (-1).,0,0.3620397747
concevoir-3.4,Échanger de manière adaptée et sécurisée les données,AUTO-AUT17,"Évaluer les performances dynamiques (rapidité, amortissement) des systèmes en boucle fermée, en les reliant si possible aux caractéristiques en boucle ouverte.",0,0.4517078996
concevoir-3.4,Échanger de manière adaptée et sécurisée les données,AUTO-AUT18,"Interpréter les diagrammes de réponse fréquentielle (gain, phase) pour les systèmes élémentaires : gain pur, intégrateur, dérivateur, éléments du premier et du second ordre.",0,0.3339627385
concevoir-3.4,Échanger de manière adaptée et sécurisée les données,AUTO-AUT19,"Relier les performances en temps (constante de temps, temps de montée) aux notions fréquentielles (fréquence de coupure, bande passante) pour les systèmes du premier ordre.",0,0.3689458668
concevoir-3.4,Échanger de manière adaptée et sécurisée les données,AUTO-AUT20,Utiliser le critère du Revers pour une évaluation simplifiée de la stabilité à partir du diagramme de Nyquist ou de Black.,0,0.2895015776
concevoir-3.4,Échanger de manière adaptée et sécurisée les données,AUTO-AUT21,Identifier les pôles dominants dans les systèmes d’ordre supérieur et analyser leur influence sur la réponse transitoire.,0,0.1614089608
concevoir-3.4,Échanger de manière adaptée et sécurisée les données,AUTO-AUT22,Décrire la structure et le rôle d’un système automatique ou d’un système asservi (boucle de rétroaction).,0,0.2665846646
concevoir-3.4,Échanger de manière adaptée et sécurisée les données,AUTO-AUT23,Distinguer les caractéristiques des systèmes en boucle ouverte et en boucle fermée.,0,0.2791581750
concevoir-3.4,Échanger de manière adaptée et sécurisée les données,AUTO-AUT24,Analyser la stabilité des systèmes LTI à partir de la partie réelle des pôles de leur fonction de transfert.,0,0.2847439647
concevoir-3.4,Échanger de manière adaptée et sécurisée les données,AUTO-AUT25,Déterminer les marges de stabilité à partir des diagrammes fréquentiels en boucle ouverte.,0,0.3012176156
concevoir-3.4,Échanger de manière adaptée et sécurisée les données,AUTO-AUT26,Interpréter la signification des marges de stabilité pour évaluer la robustesse de la stabilité en boucle fermée.,0,0.3244998455
concevoir-3.4,Échanger de manière adaptée et sécurisée les données,AUTO-AUT27,Analyser l’erreur statique en régime permanent pour différents types de signaux d’entrée en fonction de la classe du système.,0,0.3043582439
concevoir-3.4,Échanger de manière adaptée et sécurisée les données,AUTO-AUT28,Analyser le rejet asymptotique des perturbations en fonction de la structure du système et du nombre d’intégrateurs.,0,0.2647746205
concevoir-3.4,Échanger de manière adaptée et sécurisée les données,AUTO-AUT29,Comprendre les limitations des systèmes non corrigés et la nécessité d’ajouter des correcteurs.,0,0.2648177743
concevoir-3.4,Échanger de manière adaptée et sécurisée les données,AUTO-AUT30,Décrire la fonction et les effets d’un correcteur intégral (I) sur les performances du système et sa réponse fréquentielle.,0,0.3142477274
concevoir-3.4,Échanger de manière adaptée et sécurisée les données,AUTO-AUT31,"Décrire la fonction et les effets d’un correcteur proportionnel-intégral (PI), combinant amélioration de la précision et impact minimal sur la dynamique rapide.",0,0.4088701308
concevoir-3.4,Échanger de manière adaptée et sécurisée les données,AUTO-AUT32,"Décrire la fonction et les effets d’un correcteur proportionnel-dérivatif (PD), améliorant principalement la stabilité et la dynamique rapide.",0,0.3398088515
concevoir-3.4,Échanger de manière adaptée et sécurisée les données,AUTO-AUT33,Décrire la fonction et les effets d’un correcteur à avance de phase comme approximation causale d’un correcteur PD.,0,0.3235896230
concevoir-3.4,Échanger de manière adaptée et sécurisée les données,AUTO-AUT34,Décrire les effets combinés et la structure d’un correcteur proportionnel-intégral-dérivatif (PID).,0,0.2815731466
concevoir-3.4,Échanger de manière adaptée et sécurisée les données,AUTO-AUT35,Tracer les diagrammes de Bode asymptotiques à partir de la forme normalisée de la fonction de transfert.,0,0.2538957596
concevoir-3.4,Échanger de manière adaptée et sécurisée les données,AUTO-AUT36,Tracer un diagramme de Nyquist,0,0.2676428556
concevoir-3.4,Échanger de manière adaptée et sécurisée les données,AUTO-AUT37,Tracer un diagramme de Black,0,0.1986793876
concevoir-4.1,Aligner des structures de données issues de différents paradigmes,AUTO-AUT01,"Définir et classer les systèmes selon des caractéristiques telles que : statique/dynamique, monovariable/multivariable, continu/discret, linéaire/non-linéaire, causal et invariant.",0,0.4649975896
concevoir-4.1,Aligner des structures de données issues de différents paradigmes,AUTO-AUT02,"Décrire la nature des signaux d'entrée/sortie, qu'ils soient continus ou discrets.",0,0.2880965173
concevoir-4.1,Aligner des structures de données issues de différents paradigmes,AUTO-AUT03,"Identifier la classe d’un système à partir de sa réponse indicielle, impulsionnelle, etc.",0,0.3489617109
concevoir-4.1,Aligner des structures de données issues de différents paradigmes,AUTO-AUT04,Représenter des signaux en utilisant un outil numérique (Scilab),0,0.2940126061
concevoir-4.1,Aligner des structures de données issues de différents paradigmes,AUTO-AUT05,Analyser la stabilité d’un système en étudiant sa fonction de transfert à l’aide d’un outil numérique (Scilab),0,0.3870861232
concevoir-4.1,Aligner des structures de données issues de différents paradigmes,AUTO-AUT06,"Tracer des les diagrammes de réponse en fréquence (gain, phase) à l’aide d’un outil numérique (Scilab)",0,0.3304828405
concevoir-4.1,Aligner des structures de données issues de différents paradigmes,AUTO-AUT07,"Identifier les exigences clés dans la conception d’un système de commande : stabilité, marges, précision, rapidité, rejet des perturbations, robustesse.",0,0.4279676080
concevoir-4.1,Aligner des structures de données issues de différents paradigmes,AUTO-AUT08,"Proposer une stratégie générale pour analyser un système non corrigé, définir les exigences, synthétiser un correcteur et vérifier les performances.",0,0.3060879707
concevoir-4.1,Aligner des structures de données issues de différents paradigmes,AUTO-AUT09,Déterminer la fonction de transfert d'un système LTI continu à partir de son équation différentielle.,0,0.3436574042
concevoir-4.1,Aligner des structures de données issues de différents paradigmes,AUTO-AUT10,"Identifier les éléments caractéristiques d'une fonction de transfert : pôles, zéros et gain.",0,0.3175214529
concevoir-4.1,Aligner des structures de données issues de différents paradigmes,AUTO-AUT11,"Analyser la réponse temporelle des systèmes du premier ordre (intégrateur, premier ordre) soumis à des signaux d’entrée standards.",0,0.3058411181
concevoir-4.1,Aligner des structures de données issues de différents paradigmes,AUTO-AUT12,"Analyser les caractéristiques temporelles (amortissement, oscillations, temps de stabilisation) des systèmes du second ordre en fonction de leurs pôles et de leurs paramètres.",0,0.4609980583
concevoir-4.1,Aligner des structures de données issues de différents paradigmes,AUTO-AUT13,Appliquer la transformée de Laplace et ses propriétés aux signaux et aux systèmes.,0,0.3569047451
concevoir-4.1,Aligner des structures de données issues de différents paradigmes,AUTO-AUT14,"Analyser la réponse fréquentielle des systèmes LTI à l’aide des diagrammes de Bode, Nyquist et Black.",0,0.2789278328
concevoir-4.1,Aligner des structures de données issues de différents paradigmes,AUTO-AUT15,Appliquer le critère de Routh pour déterminer la stabilité d’un système en boucle fermée à partir de son équation caractéristique.,0,0.4110841751
concevoir-4.1,Aligner des structures de données issues de différents paradigmes,AUTO-AUT16,Appliquer le critère de Nyquist pour déterminer la stabilité en boucle fermée à partir du diagramme de la fonction de transfert en boucle ouverte autour du point critique (-1).,0,0.3651874065
concevoir-4.1,Aligner des structures de données issues de différents paradigmes,AUTO-AUT17,"Évaluer les performances dynamiques (rapidité, amortissement) des systèmes en boucle fermée, en les reliant si possible aux caractéristiques en boucle ouverte.",0,0.3881851435
concevoir-4.1,Aligner des structures de données issues de différents paradigmes,AUTO-AUT18,"Interpréter les diagrammes de réponse fréquentielle (gain, phase) pour les systèmes élémentaires : gain pur, intégrateur, dérivateur, éléments du premier et du second ordre.",0,0.4036518335
concevoir-4.1,Aligner des structures de données issues de différents paradigmes,AUTO-AUT19,"Relier les performances en temps (constante de temps, temps de montée) aux notions fréquentielles (fréquence de coupure, bande passante) pour les systèmes du premier ordre.",0,0.4116452634
concevoir-4.1,Aligner des structures de données issues de différents paradigmes,AUTO-AUT20,Utiliser le critère du Revers pour une évaluation simplifiée de la stabilité à partir du diagramme de Nyquist ou de Black.,0,0.2830164731
concevoir-4.1,Aligner des structures de données issues de différents paradigmes,AUTO-AUT21,Identifier les pôles dominants dans les systèmes d’ordre supérieur et analyser leur influence sur la réponse transitoire.,0,0.3459945321
concevoir-4.1,Aligner des structures de données issues de différents paradigmes,AUTO-AUT22,Décrire la structure et le rôle d’un système automatique ou d’un système asservi (boucle de rétroaction).,0,0.4243799448
concevoir-4.1,Aligner des structures de données issues de différents paradigmes,AUTO-AUT23,Distinguer les caractéristiques des systèmes en boucle ouverte et en boucle fermée.,0,0.3759503961
concevoir-4.1,Aligner des structures de données issues de différents paradigmes,AUTO-AUT24,Analyser la stabilité des systèmes LTI à partir de la partie réelle des pôles de leur fonction de transfert.,0,0.3773404956
concevoir-4.1,Aligner des structures de données issues de différents paradigmes,AUTO-AUT25,Déterminer les marges de stabilité à partir des diagrammes fréquentiels en boucle ouverte.,0,0.3921973705
concevoir-4.1,Aligner des structures de données issues de différents paradigmes,AUTO-AUT26,Interpréter la signification des marges de stabilité pour évaluer la robustesse de la stabilité en boucle fermée.,0,0.3866814971
concevoir-4.1,Aligner des structures de données issues de différents paradigmes,AUTO-AUT27,Analyser l’erreur statique en régime permanent pour différents types de signaux d’entrée en fonction de la classe du système.,0,0.3507143855
concevoir-4.1,Aligner des structures de données issues de différents paradigmes,AUTO-AUT28,Analyser le rejet asymptotique des perturbations en fonction de la structure du système et du nombre d’intégrateurs.,0,0.3453884721
concevoir-4.1,Aligner des structures de données issues de différents paradigmes,AUTO-AUT29,Comprendre les limitations des systèmes non corrigés et la nécessité d’ajouter des correcteurs.,0,0.3123464584
concevoir-4.1,Aligner des structures de données issues de différents paradigmes,AUTO-AUT30,Décrire la fonction et les effets d’un correcteur intégral (I) sur les performances du système et sa réponse fréquentielle.,0,0.3151056767
concevoir-4.1,Aligner des structures de données issues de différents paradigmes,AUTO-AUT31,"Décrire la fonction et les effets d’un correcteur proportionnel-intégral (PI), combinant amélioration de la précision et impact minimal sur la dynamique rapide.",0,0.3802688122
concevoir-4.1,Aligner des structures de données issues de différents paradigmes,AUTO-AUT32,"Décrire la fonction et les effets d’un correcteur proportionnel-dérivatif (PD), améliorant principalement la stabilité et la dynamique rapide.",0,0.3427926302
concevoir-4.1,Aligner des structures de données issues de différents paradigmes,AUTO-AUT33,Décrire la fonction et les effets d’un correcteur à avance de phase comme approximation causale d’un correcteur PD.,0,0.3403742909
concevoir-4.1,Aligner des structures de données issues de différents paradigmes,AUTO-AUT34,Décrire les effets combinés et la structure d’un correcteur proportionnel-intégral-dérivatif (PID).,0,0.4222854376
concevoir-4.1,Aligner des structures de données issues de différents paradigmes,AUTO-AUT35,Tracer les diagrammes de Bode asymptotiques à partir de la forme normalisée de la fonction de transfert.,0,0.2760016024
concevoir-4.1,Aligner des structures de données issues de différents paradigmes,AUTO-AUT36,Tracer un diagramme de Nyquist,0,0.2558994591
concevoir-4.1,Aligner des structures de données issues de différents paradigmes,AUTO-AUT37,Tracer un diagramme de Black,0,0.2515975237
concevoir-4.2,Choisir le paradigme de programmation le mieux adapté aux traitements,AUTO-AUT01,"Définir et classer les systèmes selon des caractéristiques telles que : statique/dynamique, monovariable/multivariable, continu/discret, linéaire/non-linéaire, causal et invariant.",0,0.3934935927
concevoir-4.2,Choisir le paradigme de programmation le mieux adapté aux traitements,AUTO-AUT02,"Décrire la nature des signaux d'entrée/sortie, qu'ils soient continus ou discrets.",0,0.2053559721
concevoir-4.2,Choisir le paradigme de programmation le mieux adapté aux traitements,AUTO-AUT03,"Identifier la classe d’un système à partir de sa réponse indicielle, impulsionnelle, etc.",0,0.2653493881
concevoir-4.2,Choisir le paradigme de programmation le mieux adapté aux traitements,AUTO-AUT04,Représenter des signaux en utilisant un outil numérique (Scilab),0,0.3202642202
concevoir-4.2,Choisir le paradigme de programmation le mieux adapté aux traitements,AUTO-AUT05,Analyser la stabilité d’un système en étudiant sa fonction de transfert à l’aide d’un outil numérique (Scilab),0,0.3230115771
concevoir-4.2,Choisir le paradigme de programmation le mieux adapté aux traitements,AUTO-AUT06,"Tracer des les diagrammes de réponse en fréquence (gain, phase) à l’aide d’un outil numérique (Scilab)",0,0.3340380192
concevoir-4.2,Choisir le paradigme de programmation le mieux adapté aux traitements,AUTO-AUT07,"Identifier les exigences clés dans la conception d’un système de commande : stabilité, marges, précision, rapidité, rejet des perturbations, robustesse.",0,0.4585348964
concevoir-4.2,Choisir le paradigme de programmation le mieux adapté aux traitements,AUTO-AUT08,"Proposer une stratégie générale pour analyser un système non corrigé, définir les exigences, synthétiser un correcteur et vérifier les performances.",0,0.3643318713
concevoir-4.2,Choisir le paradigme de programmation le mieux adapté aux traitements,AUTO-AUT09,Déterminer la fonction de transfert d'un système LTI continu à partir de son équation différentielle.,0,0.2292158753
concevoir-4.2,Choisir le paradigme de programmation le mieux adapté aux traitements,AUTO-AUT10,"Identifier les éléments caractéristiques d'une fonction de transfert : pôles, zéros et gain.",0,0.2189152092
concevoir-4.2,Choisir le paradigme de programmation le mieux adapté aux traitements,AUTO-AUT11,"Analyser la réponse temporelle des systèmes du premier ordre (intégrateur, premier ordre) soumis à des signaux d’entrée standards.",0,0.3127017021
concevoir-4.2,Choisir le paradigme de programmation le mieux adapté aux traitements,AUTO-AUT12,"Analyser les caractéristiques temporelles (amortissement, oscillations, temps de stabilisation) des systèmes du second ordre en fonction de leurs pôles et de leurs paramètres.",0,0.3953518271
concevoir-4.2,Choisir le paradigme de programmation le mieux adapté aux traitements,AUTO-AUT13,Appliquer la transformée de Laplace et ses propriétés aux signaux et aux systèmes.,0,0.2103551030
concevoir-4.2,Choisir le paradigme de programmation le mieux adapté aux traitements,AUTO-AUT14,"Analyser la réponse fréquentielle des systèmes LTI à l’aide des diagrammes de Bode, Nyquist et Black.",0,0.2822236419
concevoir-4.2,Choisir le paradigme de programmation le mieux adapté aux traitements,AUTO-AUT15,Appliquer le critère de Routh pour déterminer la stabilité d’un système en boucle fermée à partir de son équation caractéristique.,0,0.2703347802
concevoir-4.2,Choisir le paradigme de programmation le mieux adapté aux traitements,AUTO-AUT16,Appliquer le critère de Nyquist pour déterminer la stabilité en boucle fermée à partir du diagramme de la fonction de transfert en boucle ouverte autour du point critique (-1).,0,0.3789338470
concevoir-4.2,Choisir le paradigme de programmation le mieux adapté aux traitements,AUTO-AUT17,"Évaluer les performances dynamiques (rapidité, amortissement) des systèmes en boucle fermée, en les reliant si possible aux caractéristiques en boucle ouverte.",0,0.3554707468
concevoir-4.2,Choisir le paradigme de programmation le mieux adapté aux traitements,AUTO-AUT18,"Interpréter les diagrammes de réponse fréquentielle (gain, phase) pour les systèmes élémentaires : gain pur, intégrateur, dérivateur, éléments du premier et du second ordre.",0,0.3234320879
concevoir-4.2,Choisir le paradigme de programmation le mieux adapté aux traitements,AUTO-AUT19,"Relier les performances en temps (constante de temps, temps de montée) aux notions fréquentielles (fréquence de coupure, bande passante) pour les systèmes du premier ordre.",0,0.4008299410
concevoir-4.2,Choisir le paradigme de programmation le mieux adapté aux traitements,AUTO-AUT20,Utiliser le critère du Revers pour une évaluation simplifiée de la stabilité à partir du diagramme de Nyquist ou de Black.,0,0.2983593345
concevoir-4.2,Choisir le paradigme de programmation le mieux adapté aux traitements,AUTO-AUT21,Identifier les pôles dominants dans les systèmes d’ordre supérieur et analyser leur influence sur la réponse transitoire.,0,0.3258726299
concevoir-4.2,Choisir le paradigme de programmation le mieux adapté aux traitements,AUTO-AUT22,Décrire la structure et le rôle d’un système automatique ou d’un système asservi (boucle de rétroaction).,0,0.2648614645
concevoir-4.2,Choisir le paradigme de programmation le mieux adapté aux traitements,AUTO-AUT23,Distinguer les caractéristiques des systèmes en boucle ouverte et en boucle fermée.,0,0.3127861023
concevoir-4.2,Choisir le paradigme de programmation le mieux adapté aux traitements,AUTO-AUT24,Analyser la stabilité des systèmes LTI à partir de la partie réelle des pôles de leur fonction de transfert.,0,0.2084069252
concevoir-4.2,Choisir le paradigme de programmation le mieux adapté aux traitements,AUTO-AUT25,Déterminer les marges de stabilité à partir des diagrammes fréquentiels en boucle ouverte.,0,0.3120062351
concevoir-4.2,Choisir le paradigme de programmation le mieux adapté aux traitements,AUTO-AUT26,Interpréter la signification des marges de stabilité pour évaluer la robustesse de la stabilité en boucle fermée.,0,0.2288436592
concevoir-4.2,Choisir le paradigme de programmation le mieux adapté aux traitements,AUTO-AUT27,Analyser l’erreur statique en régime permanent pour différents types de signaux d’entrée en fonction de la classe du système.,0,0.2450642586
concevoir-4.2,Choisir le paradigme de programmation le mieux adapté aux traitements,AUTO-AUT28,Analyser le rejet asymptotique des perturbations en fonction de la structure du système et du nombre d’intégrateurs.,0,0.2020157278
concevoir-4.2,Choisir le paradigme de programmation le mieux adapté aux traitements,AUTO-AUT29,Comprendre les limitations des systèmes non corrigés et la nécessité d’ajouter des correcteurs.,0,0.2937518954
concevoir-4.2,Choisir le paradigme de programmation le mieux adapté aux traitements,AUTO-AUT30,Décrire la fonction et les effets d’un correcteur intégral (I) sur les performances du système et sa réponse fréquentielle.,0,0.2571606338
concevoir-4.2,Choisir le paradigme de programmation le mieux adapté aux traitements,AUTO-AUT31,"Décrire la fonction et les effets d’un correcteur proportionnel-intégral (PI), combinant amélioration de la précision et impact minimal sur la dynamique rapide.",0,0.3566423655
concevoir-4.2,Choisir le paradigme de programmation le mieux adapté aux traitements,AUTO-AUT32,"Décrire la fonction et les effets d’un correcteur proportionnel-dérivatif (PD), améliorant principalement la stabilité et la dynamique rapide.",0,0.3251706362
concevoir-4.2,Choisir le paradigme de programmation le mieux adapté aux traitements,AUTO-AUT33,Décrire la fonction et les effets d’un correcteur à avance de phase comme approximation causale d’un correcteur PD.,0,0.3757167161
concevoir-4.2,Choisir le paradigme de programmation le mieux adapté aux traitements,AUTO-AUT34,Décrire les effets combinés et la structure d’un correcteur proportionnel-intégral-dérivatif (PID).,0,0.2831389904
concevoir-4.2,Choisir le paradigme de programmation le mieux adapté aux traitements,AUTO-AUT35,Tracer les diagrammes de Bode asymptotiques à partir de la forme normalisée de la fonction de transfert.,0,0.3146660924
concevoir-4.2,Choisir le paradigme de programmation le mieux adapté aux traitements,AUTO-AUT36,Tracer un diagramme de Nyquist,0,0.2901104987
concevoir-4.2,Choisir le paradigme de programmation le mieux adapté aux traitements,AUTO-AUT37,Tracer un diagramme de Black,0,0.3452389240
concevoir-4.3,Choisir les patrons d'architecture,AUTO-AUT01,"Définir et classer les systèmes selon des caractéristiques telles que : statique/dynamique, monovariable/multivariable, continu/discret, linéaire/non-linéaire, causal et invariant.",0,0.3983232975
concevoir-4.3,Choisir les patrons d'architecture,AUTO-AUT02,"Décrire la nature des signaux d'entrée/sortie, qu'ils soient continus ou discrets.",0,0.0981252864
concevoir-4.3,Choisir les patrons d'architecture,AUTO-AUT03,"Identifier la classe d’un système à partir de sa réponse indicielle, impulsionnelle, etc.",0,0.1809880435
concevoir-4.3,Choisir les patrons d'architecture,AUTO-AUT04,Représenter des signaux en utilisant un outil numérique (Scilab),0,0.1661934555
concevoir-4.3,Choisir les patrons d'architecture,AUTO-AUT05,Analyser la stabilité d’un système en étudiant sa fonction de transfert à l’aide d’un outil numérique (Scilab),0,0.2826982439
concevoir-4.3,Choisir les patrons d'architecture,AUTO-AUT06,"Tracer des les diagrammes de réponse en fréquence (gain, phase) à l’aide d’un outil numérique (Scilab)",0,0.2175191939
concevoir-4.3,Choisir les patrons d'architecture,AUTO-AUT07,"Identifier les exigences clés dans la conception d’un système de commande : stabilité, marges, précision, rapidité, rejet des perturbations, robustesse.",0,0.4407604933
concevoir-4.3,Choisir les patrons d'architecture,AUTO-AUT08,"Proposer une stratégie générale pour analyser un système non corrigé, définir les exigences, synthétiser un correcteur et vérifier les performances.",0,0.2968115807
concevoir-4.3,Choisir les patrons d'architecture,AUTO-AUT09,Déterminer la fonction de transfert d'un système LTI continu à partir de son équation différentielle.,0,0.1399012357
concevoir-4.3,Choisir les patrons d'architecture,AUTO-AUT10,"Identifier les éléments caractéristiques d'une fonction de transfert : pôles, zéros et gain.",0,0.2133653462
concevoir-4.3,Choisir les patrons d'architecture,AUTO-AUT11,"Analyser la réponse temporelle des systèmes du premier ordre (intégrateur, premier ordre) soumis à des signaux d’entrée standards.",0,0.2655467987
concevoir-4.3,Choisir les patrons d'architecture,AUTO-AUT12,"Analyser les caractéristiques temporelles (amortissement, oscillations, temps de stabilisation) des systèmes du second ordre en fonction de leurs pôles et de leurs paramètres.",0,0.3307589591
concevoir-4.3,Choisir les patrons d'architecture,AUTO-AUT13,Appliquer la transformée de Laplace et ses propriétés aux signaux et aux systèmes.,0,0.2329699695
concevoir-4.3,Choisir les patrons d'architecture,AUTO-AUT14,"Analyser la réponse fréquentielle des systèmes LTI à l’aide des diagrammes de Bode, Nyquist et Black.",0,0.2562266290
concevoir-4.3,Choisir les patrons d'architecture,AUTO-AUT15,Appliquer le critère de Routh pour déterminer la stabilité d’un système en boucle fermée à partir de son équation caractéristique.,0,0.2590176761
concevoir-4.3,Choisir les patrons d'architecture,AUTO-AUT16,Appliquer le critère de Nyquist pour déterminer la stabilité en boucle fermée à partir du diagramme de la fonction de transfert en boucle ouverte autour du point critique (-1).,0,0.3165817857
concevoir-4.3,Choisir les patrons d'architecture,AUTO-AUT17,"Évaluer les performances dynamiques (rapidité, amortissement) des systèmes en boucle fermée, en les reliant si possible aux caractéristiques en boucle ouverte.",0,0.3059170246
concevoir-4.3,Choisir les patrons d'architecture,AUTO-AUT18,"Interpréter les diagrammes de réponse fréquentielle (gain, phase) pour les systèmes élémentaires : gain pur, intégrateur, dérivateur, éléments du premier et du second ordre.",0,0.3065972626
concevoir-4.3,Choisir les patrons d'architecture,AUTO-AUT19,"Relier les performances en temps (constante de temps, temps de montée) aux notions fréquentielles (fréquence de coupure, bande passante) pour les systèmes du premier ordre.",0,0.1512274444
concevoir-4.3,Choisir les patrons d'architecture,AUTO-AUT20,Utiliser le critère du Revers pour une évaluation simplifiée de la stabilité à partir du diagramme de Nyquist ou de Black.,0,0.2426384091
concevoir-4.3,Choisir les patrons d'architecture,AUTO-AUT21,Identifier les pôles dominants dans les systèmes d’ordre supérieur et analyser leur influence sur la réponse transitoire.,0,0.2871872783
concevoir-4.3,Choisir les patrons d'architecture,AUTO-AUT22,Décrire la structure et le rôle d’un système automatique ou d’un système asservi (boucle de rétroaction).,0,0.2854653001
concevoir-4.3,Choisir les patrons d'architecture,AUTO-AUT23,Distinguer les caractéristiques des systèmes en boucle ouverte et en boucle fermée.,0,0.2511069775
concevoir-4.3,Choisir les patrons d'architecture,AUTO-AUT24,Analyser la stabilité des systèmes LTI à partir de la partie réelle des pôles de leur fonction de transfert.,0,0.2262281328
concevoir-4.3,Choisir les patrons d'architecture,AUTO-AUT25,Déterminer les marges de stabilité à partir des diagrammes fréquentiels en boucle ouverte.,0,0.2968550324
concevoir-4.3,Choisir les patrons d'architecture,AUTO-AUT26,Interpréter la signification des marges de stabilité pour évaluer la robustesse de la stabilité en boucle fermée.,0,0.2542094588
concevoir-4.3,Choisir les patrons d'architecture,AUTO-AUT27,Analyser l’erreur statique en régime permanent pour différents types de signaux d’entrée en fonction de la classe du système.,0,0.2918974757
concevoir-4.3,Choisir les patrons d'architecture,AUTO-AUT28,Analyser le rejet asymptotique des perturbations en fonction de la structure du système et du nombre d’intégrateurs.,0,0.2609068155
concevoir-4.3,Choisir les patrons d'architecture,AUTO-AUT29,Comprendre les limitations des systèmes non corrigés et la nécessité d’ajouter des correcteurs.,0,0.2067912817
concevoir-4.3,Choisir les patrons d'architecture,AUTO-AUT30,Décrire la fonction et les effets d’un correcteur intégral (I) sur les performances du système et sa réponse fréquentielle.,0,0.2285508513
concevoir-4.3,Choisir les patrons d'architecture,AUTO-AUT31,"Décrire la fonction et les effets d’un correcteur proportionnel-intégral (PI), combinant amélioration de la précision et impact minimal sur la dynamique rapide.",0,0.2394394279
concevoir-4.3,Choisir les patrons d'architecture,AUTO-AUT32,"Décrire la fonction et les effets d’un correcteur proportionnel-dérivatif (PD), améliorant principalement la stabilité et la dynamique rapide.",0,0.2235771567
concevoir-4.3,Choisir les patrons d'architecture,AUTO-AUT33,Décrire la fonction et les effets d’un correcteur à avance de phase comme approximation causale d’un correcteur PD.,0,0.2652036846
concevoir-4.3,Choisir les patrons d'architecture,AUTO-AUT34,Décrire les effets combinés et la structure d’un correcteur proportionnel-intégral-dérivatif (PID).,0,0.2719000876
concevoir-4.3,Choisir les patrons d'architecture,AUTO-AUT35,Tracer les diagrammes de Bode asymptotiques à partir de la forme normalisée de la fonction de transfert.,0,0.2007535398
concevoir-4.3,Choisir les patrons d'architecture,AUTO-AUT36,Tracer un diagramme de Nyquist,0,0.1439322531
concevoir-4.3,Choisir les patrons d'architecture,AUTO-AUT37,Tracer un diagramme de Black,0,0.2066613585
concevoir-4.4,"Prétraiter, estimer et prédire un signal à l’aide d’un système non linéaire",AUTO-AUT01,"Définir et classer les systèmes selon des caractéristiques telles que : statique/dynamique, monovariable/multivariable, continu/discret, linéaire/non-linéaire, causal et invariant.",0,0.5166516304
concevoir-4.4,"Prétraiter, estimer et prédire un signal à l’aide d’un système non linéaire",AUTO-AUT02,"Décrire la nature des signaux d'entrée/sortie, qu'ils soient continus ou discrets.",0,0.5211896896
concevoir-4.4,"Prétraiter, estimer et prédire un signal à l’aide d’un système non linéaire",AUTO-AUT03,"Identifier la classe d’un système à partir de sa réponse indicielle, impulsionnelle, etc.",0,0.4802294970
concevoir-4.4,"Prétraiter, estimer et prédire un signal à l’aide d’un système non linéaire",AUTO-AUT04,Représenter des signaux en utilisant un outil numérique (Scilab),0,0.5147764087
concevoir-4.4,"Prétraiter, estimer et prédire un signal à l’aide d’un système non linéaire",AUTO-AUT05,Analyser la stabilité d’un système en étudiant sa fonction de transfert à l’aide d’un outil numérique (Scilab),0,0.5388632417
concevoir-4.4,"Prétraiter, estimer et prédire un signal à l’aide d’un système non linéaire",AUTO-AUT06,"Tracer des les diagrammes de réponse en fréquence (gain, phase) à l’aide d’un outil numérique (Scilab)",0,0.5332508087
concevoir-4.4,"Prétraiter, estimer et prédire un signal à l’aide d’un système non linéaire",AUTO-AUT07,"Identifier les exigences clés dans la conception d’un système de commande : stabilité, marges, précision, rapidité, rejet des perturbations, robustesse.",0,0.4797282815
concevoir-4.4,"Prétraiter, estimer et prédire un signal à l’aide d’un système non linéaire",AUTO-AUT08,"Proposer une stratégie générale pour analyser un système non corrigé, définir les exigences, synthétiser un correcteur et vérifier les performances.",0,0.4414091706
concevoir-4.4,"Prétraiter, estimer et prédire un signal à l’aide d’un système non linéaire",AUTO-AUT09,Déterminer la fonction de transfert d'un système LTI continu à partir de son équation différentielle.,0,0.3595763445
concevoir-4.4,"Prétraiter, estimer et prédire un signal à l’aide d’un système non linéaire",AUTO-AUT10,"Identifier les éléments caractéristiques d'une fonction de transfert : pôles, zéros et gain.",0,0.3298006654
concevoir-4.4,"Prétraiter, estimer et prédire un signal à l’aide d’un système non linéaire",AUTO-AUT11,"Analyser la réponse temporelle des systèmes du premier ordre (intégrateur, premier ordre) soumis à des signaux d’entrée standards.",0,0.4486896992
concevoir-4.4,"Prétraiter, estimer et prédire un signal à l’aide d’un système non linéaire",AUTO-AUT12,"Analyser les caractéristiques temporelles (amortissement, oscillations, temps de stabilisation) des systèmes du second ordre en fonction de leurs pôles et de leurs paramètres.",0,0.5648394227
concevoir-4.4,"Prétraiter, estimer et prédire un signal à l’aide d’un système non linéaire",AUTO-AUT13,Appliquer la transformée de Laplace et ses propriétés aux signaux et aux systèmes.,0,0.4947219491
concevoir-4.4,"Prétraiter, estimer et prédire un signal à l’aide d’un système non linéaire",AUTO-AUT14,"Analyser la réponse fréquentielle des systèmes LTI à l’aide des diagrammes de Bode, Nyquist et Black.",0,0.3642114401
concevoir-4.4,"Prétraiter, estimer et prédire un signal à l’aide d’un système non linéaire",AUTO-AUT15,Appliquer le critère de Routh pour déterminer la stabilité d’un système en boucle fermée à partir de son équation caractéristique.,0,0.4282984734
concevoir-4.4,"Prétraiter, estimer et prédire un signal à l’aide d’un système non linéaire",AUTO-AUT16,Appliquer le critère de Nyquist pour déterminer la stabilité en boucle fermée à partir du diagramme de la fonction de transfert en boucle ouverte autour du point critique (-1).,0,0.4009700418
concevoir-4.4,"Prétraiter, estimer et prédire un signal à l’aide d’un système non linéaire",AUTO-AUT17,"Évaluer les performances dynamiques (rapidité, amortissement) des systèmes en boucle fermée, en les reliant si possible aux caractéristiques en boucle ouverte.",0,0.5644856691
concevoir-4.4,"Prétraiter, estimer et prédire un signal à l’aide d’un système non linéaire",AUTO-AUT18,"Interpréter les diagrammes de réponse fréquentielle (gain, phase) pour les systèmes élémentaires : gain pur, intégrateur, dérivateur, éléments du premier et du second ordre.",0,0.4907278419
concevoir-4.4,"Prétraiter, estimer et prédire un signal à l’aide d’un système non linéaire",AUTO-AUT19,"Relier les performances en temps (constante de temps, temps de montée) aux notions fréquentielles (fréquence de coupure, bande passante) pour les systèmes du premier ordre.",0,0.5387802124
concevoir-4.4,"Prétraiter, estimer et prédire un signal à l’aide d’un système non linéaire",AUTO-AUT20,Utiliser le critère du Revers pour une évaluation simplifiée de la stabilité à partir du diagramme de Nyquist ou de Black.,0,0.3255967498
concevoir-4.4,"Prétraiter, estimer et prédire un signal à l’aide d’un système non linéaire",AUTO-AUT21,Identifier les pôles dominants dans les systèmes d’ordre supérieur et analyser leur influence sur la réponse transitoire.,0,0.3804363608
concevoir-4.4,"Prétraiter, estimer et prédire un signal à l’aide d’un système non linéaire",AUTO-AUT22,Décrire la structure et le rôle d’un système automatique ou d’un système asservi (boucle de rétroaction).,0,0.4818840921
concevoir-4.4,"Prétraiter, estimer et prédire un signal à l’aide d’un système non linéaire",AUTO-AUT23,Distinguer les caractéristiques des systèmes en boucle ouverte et en boucle fermée.,0,0.3429674506
concevoir-4.4,"Prétraiter, estimer et prédire un signal à l’aide d’un système non linéaire",AUTO-AUT24,Analyser la stabilité des systèmes LTI à partir de la partie réelle des pôles de leur fonction de transfert.,0,0.2829967737
concevoir-4.4,"Prétraiter, estimer et prédire un signal à l’aide d’un système non linéaire",AUTO-AUT25,Déterminer les marges de stabilité à partir des diagrammes fréquentiels en boucle ouverte.,0,0.3125611246
concevoir-4.4,"Prétraiter, estimer et prédire un signal à l’aide d’un système non linéaire",AUTO-AUT26,Interpréter la signification des marges de stabilité pour évaluer la robustesse de la stabilité en boucle fermée.,0,0.3292233944
concevoir-4.4,"Prétraiter, estimer et prédire un signal à l’aide d’un système non linéaire",AUTO-AUT27,Analyser l’erreur statique en régime permanent pour différents types de signaux d’entrée en fonction de la classe du système.,0,0.3935378194
concevoir-4.4,"Prétraiter, estimer et prédire un signal à l’aide d’un système non linéaire",AUTO-AUT28,Analyser le rejet asymptotique des perturbations en fonction de la structure du système et du nombre d’intégrateurs.,0,0.3988653421
concevoir-4.4,"Prétraiter, estimer et prédire un signal à l’aide d’un système non linéaire",AUTO-AUT29,Comprendre les limitations des systèmes non corrigés et la nécessité d’ajouter des correcteurs.,0,0.3881984949
concevoir-4.4,"Prétraiter, estimer et prédire un signal à l’aide d’un système non linéaire",AUTO-AUT30,Décrire la fonction et les effets d’un correcteur intégral (I) sur les performances du système et sa réponse fréquentielle.,0,0.4097594023
concevoir-4.4,"Prétraiter, estimer et prédire un signal à l’aide d’un système non linéaire",AUTO-AUT31,"Décrire la fonction et les effets d’un correcteur proportionnel-intégral (PI), combinant amélioration de la précision et impact minimal sur la dynamique rapide.",0,0.5102697015
concevoir-4.4,"Prétraiter, estimer et prédire un signal à l’aide d’un système non linéaire",AUTO-AUT32,"Décrire la fonction et les effets d’un correcteur proportionnel-dérivatif (PD), améliorant principalement la stabilité et la dynamique rapide.",0,0.4588648081
concevoir-4.4,"Prétraiter, estimer et prédire un signal à l’aide d’un système non linéaire",AUTO-AUT33,Décrire la fonction et les effets d’un correcteur à avance de phase comme approximation causale d’un correcteur PD.,0,0.4061186314
concevoir-4.4,"Prétraiter, estimer et prédire un signal à l’aide d’un système non linéaire",AUTO-AUT34,Décrire les effets combinés et la structure d’un correcteur proportionnel-intégral-dérivatif (PID).,0,0.3847049177
concevoir-4.4,"Prétraiter, estimer et prédire un signal à l’aide d’un système non linéaire",AUTO-AUT35,Tracer les diagrammes de Bode asymptotiques à partir de la forme normalisée de la fonction de transfert.,0,0.2594118714
concevoir-4.4,"Prétraiter, estimer et prédire un signal à l’aide d’un système non linéaire",AUTO-AUT36,Tracer un diagramme de Nyquist,0,0.2669643760
concevoir-4.4,"Prétraiter, estimer et prédire un signal à l’aide d’un système non linéaire",AUTO-AUT37,Tracer un diagramme de Black,0,0.2439810038
concevoir-4.5,Échanger de manière adaptée et sécurisée les données en temps réel,AUTO-AUT01,"Définir et classer les systèmes selon des caractéristiques telles que : statique/dynamique, monovariable/multivariable, continu/discret, linéaire/non-linéaire, causal et invariant.",0,0.3365797400
concevoir-4.5,Échanger de manière adaptée et sécurisée les données en temps réel,AUTO-AUT02,"Décrire la nature des signaux d'entrée/sortie, qu'ils soient continus ou discrets.",0,0.3886598349
concevoir-4.5,Échanger de manière adaptée et sécurisée les données en temps réel,AUTO-AUT03,"Identifier la classe d’un système à partir de sa réponse indicielle, impulsionnelle, etc.",0,0.2253474593
concevoir-4.5,Échanger de manière adaptée et sécurisée les données en temps réel,AUTO-AUT04,Représenter des signaux en utilisant un outil numérique (Scilab),0,0.3255621791
concevoir-4.5,Échanger de manière adaptée et sécurisée les données en temps réel,AUTO-AUT05,Analyser la stabilité d’un système en étudiant sa fonction de transfert à l’aide d’un outil numérique (Scilab),0,0.3725482225
concevoir-4.5,Échanger de manière adaptée et sécurisée les données en temps réel,AUTO-AUT06,"Tracer des les diagrammes de réponse en fréquence (gain, phase) à l’aide d’un outil numérique (Scilab)",0,0.3174961805
concevoir-4.5,Échanger de manière adaptée et sécurisée les données en temps réel,AUTO-AUT07,"Identifier les exigences clés dans la conception d’un système de commande : stabilité, marges, précision, rapidité, rejet des perturbations, robustesse.",0,0.3603384495
concevoir-4.5,Échanger de manière adaptée et sécurisée les données en temps réel,AUTO-AUT08,"Proposer une stratégie générale pour analyser un système non corrigé, définir les exigences, synthétiser un correcteur et vérifier les performances.",0,0.3209914565
concevoir-4.5,Échanger de manière adaptée et sécurisée les données en temps réel,AUTO-AUT09,Déterminer la fonction de transfert d'un système LTI continu à partir de son équation différentielle.,0,0.2880848646
concevoir-4.5,Échanger de manière adaptée et sécurisée les données en temps réel,AUTO-AUT10,"Identifier les éléments caractéristiques d'une fonction de transfert : pôles, zéros et gain.",0,0.2952940166
concevoir-4.5,Échanger de manière adaptée et sécurisée les données en temps réel,AUTO-AUT11,"Analyser la réponse temporelle des systèmes du premier ordre (intégrateur, premier ordre) soumis à des signaux d’entrée standards.",0,0.3608367145
concevoir-4.5,Échanger de manière adaptée et sécurisée les données en temps réel,AUTO-AUT12,"Analyser les caractéristiques temporelles (amortissement, oscillations, temps de stabilisation) des systèmes du second ordre en fonction de leurs pôles et de leurs paramètres.",0,0.4458448887
concevoir-4.5,Échanger de manière adaptée et sécurisée les données en temps réel,AUTO-AUT13,Appliquer la transformée de Laplace et ses propriétés aux signaux et aux systèmes.,0,0.3622440994
concevoir-4.5,Échanger de manière adaptée et sécurisée les données en temps réel,AUTO-AUT14,"Analyser la réponse fréquentielle des systèmes LTI à l’aide des diagrammes de Bode, Nyquist et Black.",0,0.2250231504
concevoir-4.5,Échanger de manière adaptée et sécurisée les données en temps réel,AUTO-AUT15,Appliquer le critère de Routh pour déterminer la stabilité d’un système en boucle fermée à partir de son équation caractéristique.,0,0.2840923667
concevoir-4.5,Échanger de manière adaptée et sécurisée les données en temps réel,AUTO-AUT16,Appliquer le critère de Nyquist pour déterminer la stabilité en boucle fermée à partir du diagramme de la fonction de transfert en boucle ouverte autour du point critique (-1).,0,0.3687250614
concevoir-4.5,Échanger de manière adaptée et sécurisée les données en temps réel,AUTO-AUT17,"Évaluer les performances dynamiques (rapidité, amortissement) des systèmes en boucle fermée, en les reliant si possible aux caractéristiques en boucle ouverte.",0,0.4623742104
concevoir-4.5,Échanger de manière adaptée et sécurisée les données en temps réel,AUTO-AUT18,"Interpréter les diagrammes de réponse fréquentielle (gain, phase) pour les systèmes élémentaires : gain pur, intégrateur, dérivateur, éléments du premier et du second ordre.",0,0.3507972956
concevoir-4.5,Échanger de manière adaptée et sécurisée les données en temps réel,AUTO-AUT19,"Relier les performances en temps (constante de temps, temps de montée) aux notions fréquentielles (fréquence de coupure, bande passante) pour les systèmes du premier ordre.",0,0.4926783144
concevoir-4.5,Échanger de manière adaptée et sécurisée les données en temps réel,AUTO-AUT20,Utiliser le critère du Revers pour une évaluation simplifiée de la stabilité à partir du diagramme de Nyquist ou de Black.,0,0.2991297841
concevoir-4.5,Échanger de manière adaptée et sécurisée les données en temps réel,AUTO-AUT21,Identifier les pôles dominants dans les systèmes d’ordre supérieur et analyser leur influence sur la réponse transitoire.,0,0.2270273566
concevoir-4.5,Échanger de manière adaptée et sécurisée les données en temps réel,AUTO-AUT22,Décrire la structure et le rôle d’un système automatique ou d’un système asservi (boucle de rétroaction).,0,0.2902804017
concevoir-4.5,Échanger de manière adaptée et sécurisée les données en temps réel,AUTO-AUT23,Distinguer les caractéristiques des systèmes en boucle ouverte et en boucle fermée.,0,0.2674715519
concevoir-4.5,Échanger de manière adaptée et sécurisée les données en temps réel,AUTO-AUT24,Analyser la stabilité des systèmes LTI à partir de la partie réelle des pôles de leur fonction de transfert.,0,0.3116916418
concevoir-4.5,Échanger de manière adaptée et sécurisée les données en temps réel,AUTO-AUT25,Déterminer les marges de stabilité à partir des diagrammes fréquentiels en boucle ouverte.,0,0.2880265117
concevoir-4.5,Échanger de manière adaptée et sécurisée les données en temps réel,AUTO-AUT26,Interpréter la signification des marges de stabilité pour évaluer la robustesse de la stabilité en boucle fermée.,0,0.3269438148
concevoir-4.5,Échanger de manière adaptée et sécurisée les données en temps réel,AUTO-AUT27,Analyser l’erreur statique en régime permanent pour différents types de signaux d’entrée en fonction de la classe du système.,0,0.3452287316
concevoir-4.5,Échanger de manière adaptée et sécurisée les données en temps réel,AUTO-AUT28,Analyser le rejet asymptotique des perturbations en fonction de la structure du système et du nombre d’intégrateurs.,0,0.2731159329
concevoir-4.5,Échanger de manière adaptée et sécurisée les données en temps réel,AUTO-AUT29,Comprendre les limitations des systèmes non corrigés et la nécessité d’ajouter des correcteurs.,0,0.2664582729
concevoir-4.5,Échanger de manière adaptée et sécurisée les données en temps réel,AUTO-AUT30,Décrire la fonction et les effets d’un correcteur intégral (I) sur les performances du système et sa réponse fréquentielle.,0,0.3226040900
concevoir-4.5,Échanger de manière adaptée et sécurisée les données en temps réel,AUTO-AUT31,"Décrire la fonction et les effets d’un correcteur proportionnel-intégral (PI), combinant amélioration de la précision et impact minimal sur la dynamique rapide.",0,0.4258456528
concevoir-4.5,Échanger de manière adaptée et sécurisée les données en temps réel,AUTO-AUT32,"Décrire la fonction et les effets d’un correcteur proportionnel-dérivatif (PD), améliorant principalement la stabilité et la dynamique rapide.",0,0.3442662954
concevoir-4.5,Échanger de manière adaptée et sécurisée les données en temps réel,AUTO-AUT33,Décrire la fonction et les effets d’un correcteur à avance de phase comme approximation causale d’un correcteur PD.,0,0.3577162921
concevoir-4.5,Échanger de manière adaptée et sécurisée les données en temps réel,AUTO-AUT34,Décrire les effets combinés et la structure d’un correcteur proportionnel-intégral-dérivatif (PID).,0,0.2702803910
concevoir-4.5,Échanger de manière adaptée et sécurisée les données en temps réel,AUTO-AUT35,Tracer les diagrammes de Bode asymptotiques à partir de la forme normalisée de la fonction de transfert.,0,0.2525373697
concevoir-4.5,Échanger de manière adaptée et sécurisée les données en temps réel,AUTO-AUT36,Tracer un diagramme de Nyquist,0,0.2695022225
concevoir-4.5,Échanger de manière adaptée et sécurisée les données en temps réel,AUTO-AUT37,Tracer un diagramme de Black,0,0.2018564194
concevoir-4.6,Choisir un modèle optimal d'un problème de traitement de données et évaluer ses performances,AUTO-AUT01,"Définir et classer les systèmes selon des caractéristiques telles que : statique/dynamique, monovariable/multivariable, continu/discret, linéaire/non-linéaire, causal et invariant.",0,0.3996851146
concevoir-4.6,Choisir un modèle optimal d'un problème de traitement de données et évaluer ses performances,AUTO-AUT02,"Décrire la nature des signaux d'entrée/sortie, qu'ils soient continus ou discrets.",0,0.2633229196
concevoir-4.6,Choisir un modèle optimal d'un problème de traitement de données et évaluer ses performances,AUTO-AUT03,"Identifier la classe d’un système à partir de sa réponse indicielle, impulsionnelle, etc.",0,0.2997320294
concevoir-4.6,Choisir un modèle optimal d'un problème de traitement de données et évaluer ses performances,AUTO-AUT04,Représenter des signaux en utilisant un outil numérique (Scilab),0,0.3077991307
concevoir-4.6,Choisir un modèle optimal d'un problème de traitement de données et évaluer ses performances,AUTO-AUT05,Analyser la stabilité d’un système en étudiant sa fonction de transfert à l’aide d’un outil numérique (Scilab),0,0.4281375110
concevoir-4.6,Choisir un modèle optimal d'un problème de traitement de données et évaluer ses performances,AUTO-AUT06,"Tracer des les diagrammes de réponse en fréquence (gain, phase) à l’aide d’un outil numérique (Scilab)",0,0.3993703425
concevoir-4.6,Choisir un modèle optimal d'un problème de traitement de données et évaluer ses performances,AUTO-AUT07,"Identifier les exigences clés dans la conception d’un système de commande : stabilité, marges, précision, rapidité, rejet des perturbations, robustesse.",0,0.5363467336
concevoir-4.6,Choisir un modèle optimal d'un problème de traitement de données et évaluer ses performances,AUTO-AUT08,"Proposer une stratégie générale pour analyser un système non corrigé, définir les exigences, synthétiser un correcteur et vérifier les performances.",0,0.5264357924
concevoir-4.6,Choisir un modèle optimal d'un problème de traitement de données et évaluer ses performances,AUTO-AUT09,Déterminer la fonction de transfert d'un système LTI continu à partir de son équation différentielle.,0,0.2995989025
concevoir-4.6,Choisir un modèle optimal d'un problème de traitement de données et évaluer ses performances,AUTO-AUT10,"Identifier les éléments caractéristiques d'une fonction de transfert : pôles, zéros et gain.",0,0.3368072510
concevoir-4.6,Choisir un modèle optimal d'un problème de traitement de données et évaluer ses performances,AUTO-AUT11,"Analyser la réponse temporelle des systèmes du premier ordre (intégrateur, premier ordre) soumis à des signaux d’entrée standards.",0,0.3527092338
concevoir-4.6,Choisir un modèle optimal d'un problème de traitement de données et évaluer ses performances,AUTO-AUT12,"Analyser les caractéristiques temporelles (amortissement, oscillations, temps de stabilisation) des systèmes du second ordre en fonction de leurs pôles et de leurs paramètres.",0,0.4565663934
concevoir-4.6,Choisir un modèle optimal d'un problème de traitement de données et évaluer ses performances,AUTO-AUT13,Appliquer la transformée de Laplace et ses propriétés aux signaux et aux systèmes.,0,0.3357289732
concevoir-4.6,Choisir un modèle optimal d'un problème de traitement de données et évaluer ses performances,AUTO-AUT14,"Analyser la réponse fréquentielle des systèmes LTI à l’aide des diagrammes de Bode, Nyquist et Black.",0,0.3132635355
concevoir-4.6,Choisir un modèle optimal d'un problème de traitement de données et évaluer ses performances,AUTO-AUT15,Appliquer le critère de Routh pour déterminer la stabilité d’un système en boucle fermée à partir de son équation caractéristique.,0,0.3569559455
concevoir-4.6,Choisir un modèle optimal d'un problème de traitement de données et évaluer ses performances,AUTO-AUT16,Appliquer le critère de Nyquist pour déterminer la stabilité en boucle fermée à partir du diagramme de la fonction de transfert en boucle ouverte autour du point critique (-1).,0,0.4106303155
concevoir-4.6,Choisir un modèle optimal d'un problème de traitement de données et évaluer ses performances,AUTO-AUT17,"Évaluer les performances dynamiques (rapidité, amortissement) des systèmes en boucle fermée, en les reliant si possible aux caractéristiques en boucle ouverte.",0,0.5698754787
concevoir-4.6,Choisir un modèle optimal d'un problème de traitement de données et évaluer ses performances,AUTO-AUT18,"Interpréter les diagrammes de réponse fréquentielle (gain, phase) pour les systèmes élémentaires : gain pur, intégrateur, dérivateur, éléments du premier et du second ordre.",0,0.3811136484
concevoir-4.6,Choisir un modèle optimal d'un problème de traitement de données et évaluer ses performances,AUTO-AUT19,"Relier les performances en temps (constante de temps, temps de montée) aux notions fréquentielles (fréquence de coupure, bande passante) pour les systèmes du premier ordre.",0,0.4628921151
concevoir-4.6,Choisir un modèle optimal d'un problème de traitement de données et évaluer ses performances,AUTO-AUT20,Utiliser le critère du Revers pour une évaluation simplifiée de la stabilité à partir du diagramme de Nyquist ou de Black.,0,0.3509941399
concevoir-4.6,Choisir un modèle optimal d'un problème de traitement de données et évaluer ses performances,AUTO-AUT21,Identifier les pôles dominants dans les systèmes d’ordre supérieur et analyser leur influence sur la réponse transitoire.,0,0.4082476199
concevoir-4.6,Choisir un modèle optimal d'un problème de traitement de données et évaluer ses performances,AUTO-AUT22,Décrire la structure et le rôle d’un système automatique ou d’un système asservi (boucle de rétroaction).,0,0.3551022112
concevoir-4.6,Choisir un modèle optimal d'un problème de traitement de données et évaluer ses performances,AUTO-AUT23,Distinguer les caractéristiques des systèmes en boucle ouverte et en boucle fermée.,0,0.2546758354
concevoir-4.6,Choisir un modèle optimal d'un problème de traitement de données et évaluer ses performances,AUTO-AUT24,Analyser la stabilité des systèmes LTI à partir de la partie réelle des pôles de leur fonction de transfert.,0,0.3442265391
concevoir-4.6,Choisir un modèle optimal d'un problème de traitement de données et évaluer ses performances,AUTO-AUT25,Déterminer les marges de stabilité à partir des diagrammes fréquentiels en boucle ouverte.,0,0.3873666525
concevoir-4.6,Choisir un modèle optimal d'un problème de traitement de données et évaluer ses performances,AUTO-AUT26,Interpréter la signification des marges de stabilité pour évaluer la robustesse de la stabilité en boucle fermée.,0,0.4120814800
concevoir-4.6,Choisir un modèle optimal d'un problème de traitement de données et évaluer ses performances,AUTO-AUT27,Analyser l’erreur statique en régime permanent pour différents types de signaux d’entrée en fonction de la classe du système.,0,0.3067940474
concevoir-4.6,Choisir un modèle optimal d'un problème de traitement de données et évaluer ses performances,AUTO-AUT28,Analyser le rejet asymptotique des perturbations en fonction de la structure du système et du nombre d’intégrateurs.,0,0.3342915475
concevoir-4.6,Choisir un modèle optimal d'un problème de traitement de données et évaluer ses performances,AUTO-AUT29,Comprendre les limitations des systèmes non corrigés et la nécessité d’ajouter des correcteurs.,0,0.3730149865
concevoir-4.6,Choisir un modèle optimal d'un problème de traitement de données et évaluer ses performances,AUTO-AUT30,Décrire la fonction et les effets d’un correcteur intégral (I) sur les performances du système et sa réponse fréquentielle.,0,0.4271555841
concevoir-4.6,Choisir un modèle optimal d'un problème de traitement de données et évaluer ses performances,AUTO-AUT31,"Décrire la fonction et les effets d’un correcteur proportionnel-intégral (PI), combinant amélioration de la précision et impact minimal sur la dynamique rapide.",0,0.4698218703
concevoir-4.6,Choisir un modèle optimal d'un problème de traitement de données et évaluer ses performances,AUTO-AUT32,"Décrire la fonction et les effets d’un correcteur proportionnel-dérivatif (PD), améliorant principalement la stabilité et la dynamique rapide.",0,0.4167864323
concevoir-4.6,Choisir un modèle optimal d'un problème de traitement de données et évaluer ses performances,AUTO-AUT33,Décrire la fonction et les effets d’un correcteur à avance de phase comme approximation causale d’un correcteur PD.,0,0.4316052496
concevoir-4.6,Choisir un modèle optimal d'un problème de traitement de données et évaluer ses performances,AUTO-AUT34,Décrire les effets combinés et la structure d’un correcteur proportionnel-intégral-dérivatif (PID).,0,0.3712277412
concevoir-4.6,Choisir un modèle optimal d'un problème de traitement de données et évaluer ses performances,AUTO-AUT35,Tracer les diagrammes de Bode asymptotiques à partir de la forme normalisée de la fonction de transfert.,0,0.3007469773
concevoir-4.6,Choisir un modèle optimal d'un problème de traitement de données et évaluer ses performances,AUTO-AUT36,Tracer un diagramme de Nyquist,0,0.2169146836
concevoir-4.6,Choisir un modèle optimal d'un problème de traitement de données et évaluer ses performances,AUTO-AUT37,Tracer un diagramme de Black,0,0.3352928162
developper-1.1,Implémenter efficacement un algorithme dans un langage de la programmation structurée,AUTO-AUT01,"Définir et classer les systèmes selon des caractéristiques telles que : statique/dynamique, monovariable/multivariable, continu/discret, linéaire/non-linéaire, causal et invariant.",0,0.3947403729
developper-1.1,Implémenter efficacement un algorithme dans un langage de la programmation structurée,AUTO-AUT02,"Décrire la nature des signaux d'entrée/sortie, qu'ils soient continus ou discrets.",0,0.2041162550
developper-1.1,Implémenter efficacement un algorithme dans un langage de la programmation structurée,AUTO-AUT03,"Identifier la classe d’un système à partir de sa réponse indicielle, impulsionnelle, etc.",0,0.3314905763
developper-1.1,Implémenter efficacement un algorithme dans un langage de la programmation structurée,AUTO-AUT04,Représenter des signaux en utilisant un outil numérique (Scilab),0,0.3935779631
developper-1.1,Implémenter efficacement un algorithme dans un langage de la programmation structurée,AUTO-AUT05,Analyser la stabilité d’un système en étudiant sa fonction de transfert à l’aide d’un outil numérique (Scilab),0,0.4521388412
developper-1.1,Implémenter efficacement un algorithme dans un langage de la programmation structurée,AUTO-AUT06,"Tracer des les diagrammes de réponse en fréquence (gain, phase) à l’aide d’un outil numérique (Scilab)",0,0.3572786450
developper-1.1,Implémenter efficacement un algorithme dans un langage de la programmation structurée,AUTO-AUT07,"Identifier les exigences clés dans la conception d’un système de commande : stabilité, marges, précision, rapidité, rejet des perturbations, robustesse.",0,0.3890543282
developper-1.1,Implémenter efficacement un algorithme dans un langage de la programmation structurée,AUTO-AUT08,"Proposer une stratégie générale pour analyser un système non corrigé, définir les exigences, synthétiser un correcteur et vérifier les performances.",0,0.4061863422
developper-1.1,Implémenter efficacement un algorithme dans un langage de la programmation structurée,AUTO-AUT09,Déterminer la fonction de transfert d'un système LTI continu à partir de son équation différentielle.,0,0.3982119560
developper-1.1,Implémenter efficacement un algorithme dans un langage de la programmation structurée,AUTO-AUT10,"Identifier les éléments caractéristiques d'une fonction de transfert : pôles, zéros et gain.",0,0.3345731497
developper-1.1,Implémenter efficacement un algorithme dans un langage de la programmation structurée,AUTO-AUT11,"Analyser la réponse temporelle des systèmes du premier ordre (intégrateur, premier ordre) soumis à des signaux d’entrée standards.",0,0.2857593298
developper-1.1,Implémenter efficacement un algorithme dans un langage de la programmation structurée,AUTO-AUT12,"Analyser les caractéristiques temporelles (amortissement, oscillations, temps de stabilisation) des systèmes du second ordre en fonction de leurs pôles et de leurs paramètres.",0,0.3501632214
developper-1.1,Implémenter efficacement un algorithme dans un langage de la programmation structurée,AUTO-AUT13,Appliquer la transformée de Laplace et ses propriétés aux signaux et aux systèmes.,0,0.3648571372
developper-1.1,Implémenter efficacement un algorithme dans un langage de la programmation structurée,AUTO-AUT14,"Analyser la réponse fréquentielle des systèmes LTI à l’aide des diagrammes de Bode, Nyquist et Black.",0,0.3167510629
developper-1.1,Implémenter efficacement un algorithme dans un langage de la programmation structurée,AUTO-AUT15,Appliquer le critère de Routh pour déterminer la stabilité d’un système en boucle fermée à partir de son équation caractéristique.,0,0.4366356134
developper-1.1,Implémenter efficacement un algorithme dans un langage de la programmation structurée,AUTO-AUT16,Appliquer le critère de Nyquist pour déterminer la stabilité en boucle fermée à partir du diagramme de la fonction de transfert en boucle ouverte autour du point critique (-1).,0,0.4360884428
developper-1.1,Implémenter efficacement un algorithme dans un langage de la programmation structurée,AUTO-AUT17,"Évaluer les performances dynamiques (rapidité, amortissement) des systèmes en boucle fermée, en les reliant si possible aux caractéristiques en boucle ouverte.",0,0.4008850753
developper-1.1,Implémenter efficacement un algorithme dans un langage de la programmation structurée,AUTO-AUT18,"Interpréter les diagrammes de réponse fréquentielle (gain, phase) pour les systèmes élémentaires : gain pur, intégrateur, dérivateur, éléments du premier et du second ordre.",0,0.4032856822
developper-1.1,Implémenter efficacement un algorithme dans un langage de la programmation structurée,AUTO-AUT19,"Relier les performances en temps (constante de temps, temps de montée) aux notions fréquentielles (fréquence de coupure, bande passante) pour les systèmes du premier ordre.",0,0.2902500033
developper-1.1,Implémenter efficacement un algorithme dans un langage de la programmation structurée,AUTO-AUT20,Utiliser le critère du Revers pour une évaluation simplifiée de la stabilité à partir du diagramme de Nyquist ou de Black.,0,0.2427660376
developper-1.1,Implémenter efficacement un algorithme dans un langage de la programmation structurée,AUTO-AUT21,Identifier les pôles dominants dans les systèmes d’ordre supérieur et analyser leur influence sur la réponse transitoire.,0,0.3025966883
developper-1.1,Implémenter efficacement un algorithme dans un langage de la programmation structurée,AUTO-AUT22,Décrire la structure et le rôle d’un système automatique ou d’un système asservi (boucle de rétroaction).,0,0.3131348193
developper-1.1,Implémenter efficacement un algorithme dans un langage de la programmation structurée,AUTO-AUT23,Distinguer les caractéristiques des systèmes en boucle ouverte et en boucle fermée.,0,0.3268893659
developper-1.1,Implémenter efficacement un algorithme dans un langage de la programmation structurée,AUTO-AUT24,Analyser la stabilité des systèmes LTI à partir de la partie réelle des pôles de leur fonction de transfert.,0,0.2934679985
developper-1.1,Implémenter efficacement un algorithme dans un langage de la programmation structurée,AUTO-AUT25,Déterminer les marges de stabilité à partir des diagrammes fréquentiels en boucle ouverte.,0,0.3655115664
developper-1.1,Implémenter efficacement un algorithme dans un langage de la programmation structurée,AUTO-AUT26,Interpréter la signification des marges de stabilité pour évaluer la robustesse de la stabilité en boucle fermée.,0,0.3202893138
developper-1.1,Implémenter efficacement un algorithme dans un langage de la programmation structurée,AUTO-AUT27,Analyser l’erreur statique en régime permanent pour différents types de signaux d’entrée en fonction de la classe du système.,0,0.3088769913
developper-1.1,Implémenter efficacement un algorithme dans un langage de la programmation structurée,AUTO-AUT28,Analyser le rejet asymptotique des perturbations en fonction de la structure du système et du nombre d’intégrateurs.,0,0.3069018722
developper-1.1,Implémenter efficacement un algorithme dans un langage de la programmation structurée,AUTO-AUT29,Comprendre les limitations des systèmes non corrigés et la nécessité d’ajouter des correcteurs.,0,0.2717852294
developper-1.1,Implémenter efficacement un algorithme dans un langage de la programmation structurée,AUTO-AUT30,Décrire la fonction et les effets d’un correcteur intégral (I) sur les performances du système et sa réponse fréquentielle.,0,0.4153010249
developper-1.1,Implémenter efficacement un algorithme dans un langage de la programmation structurée,AUTO-AUT31,"Décrire la fonction et les effets d’un correcteur proportionnel-intégral (PI), combinant amélioration de la précision et impact minimal sur la dynamique rapide.",0,0.5064495206
developper-1.1,Implémenter efficacement un algorithme dans un langage de la programmation structurée,AUTO-AUT32,"Décrire la fonction et les effets d’un correcteur proportionnel-dérivatif (PD), améliorant principalement la stabilité et la dynamique rapide.",0,0.4295918345
developper-1.1,Implémenter efficacement un algorithme dans un langage de la programmation structurée,AUTO-AUT33,Décrire la fonction et les effets d’un correcteur à avance de phase comme approximation causale d’un correcteur PD.,0,0.3996271491
developper-1.1,Implémenter efficacement un algorithme dans un langage de la programmation structurée,AUTO-AUT34,Décrire les effets combinés et la structure d’un correcteur proportionnel-intégral-dérivatif (PID).,0,0.4565960169
developper-1.1,Implémenter efficacement un algorithme dans un langage de la programmation structurée,AUTO-AUT35,Tracer les diagrammes de Bode asymptotiques à partir de la forme normalisée de la fonction de transfert.,0,0.3043329120
developper-1.1,Implémenter efficacement un algorithme dans un langage de la programmation structurée,AUTO-AUT36,Tracer un diagramme de Nyquist,0,0.2064881325
developper-1.1,Implémenter efficacement un algorithme dans un langage de la programmation structurée,AUTO-AUT37,Tracer un diagramme de Black,0,0.3034074008
developper-1.2,Utiliser un logiciel de suivi de version,AUTO-AUT01,"Définir et classer les systèmes selon des caractéristiques telles que : statique/dynamique, monovariable/multivariable, continu/discret, linéaire/non-linéaire, causal et invariant.",0,0.2821147144
developper-1.2,Utiliser un logiciel de suivi de version,AUTO-AUT02,"Décrire la nature des signaux d'entrée/sortie, qu'ils soient continus ou discrets.",0,0.5056134462
developper-1.2,Utiliser un logiciel de suivi de version,AUTO-AUT03,"Identifier la classe d’un système à partir de sa réponse indicielle, impulsionnelle, etc.",0,0.2690993249
developper-1.2,Utiliser un logiciel de suivi de version,AUTO-AUT04,Représenter des signaux en utilisant un outil numérique (Scilab),0,0.4711613357
developper-1.2,Utiliser un logiciel de suivi de version,AUTO-AUT05,Analyser la stabilité d’un système en étudiant sa fonction de transfert à l’aide d’un outil numérique (Scilab),0,0.4434840381
developper-1.2,Utiliser un logiciel de suivi de version,AUTO-AUT06,"Tracer des les diagrammes de réponse en fréquence (gain, phase) à l’aide d’un outil numérique (Scilab)",0,0.4453878105
developper-1.2,Utiliser un logiciel de suivi de version,AUTO-AUT07,"Identifier les exigences clés dans la conception d’un système de commande : stabilité, marges, précision, rapidité, rejet des perturbations, robustesse.",0,0.2604359984
developper-1.2,Utiliser un logiciel de suivi de version,AUTO-AUT08,"Proposer une stratégie générale pour analyser un système non corrigé, définir les exigences, synthétiser un correcteur et vérifier les performances.",0,0.2731646299
developper-1.2,Utiliser un logiciel de suivi de version,AUTO-AUT09,Déterminer la fonction de transfert d'un système LTI continu à partir de son équation différentielle.,0,0.2735362053
developper-1.2,Utiliser un logiciel de suivi de version,AUTO-AUT10,"Identifier les éléments caractéristiques d'une fonction de transfert : pôles, zéros et gain.",0,0.2365910113
developper-1.2,Utiliser un logiciel de suivi de version,AUTO-AUT11,"Analyser la réponse temporelle des systèmes du premier ordre (intégrateur, premier ordre) soumis à des signaux d’entrée standards.",0,0.2916913033
developper-1.2,Utiliser un logiciel de suivi de version,AUTO-AUT12,"Analyser les caractéristiques temporelles (amortissement, oscillations, temps de stabilisation) des systèmes du second ordre en fonction de leurs pôles et de leurs paramètres.",0,0.2736177742
developper-1.2,Utiliser un logiciel de suivi de version,AUTO-AUT13,Appliquer la transformée de Laplace et ses propriétés aux signaux et aux systèmes.,0,0.3560500145
developper-1.2,Utiliser un logiciel de suivi de version,AUTO-AUT14,"Analyser la réponse fréquentielle des systèmes LTI à l’aide des diagrammes de Bode, Nyquist et Black.",0,0.3095704913
developper-1.2,Utiliser un logiciel de suivi de version,AUTO-AUT15,Appliquer le critère de Routh pour déterminer la stabilité d’un système en boucle fermée à partir de son équation caractéristique.,0,0.1701184958
developper-1.2,Utiliser un logiciel de suivi de version,AUTO-AUT16,Appliquer le critère de Nyquist pour déterminer la stabilité en boucle fermée à partir du diagramme de la fonction de transfert en boucle ouverte autour du point critique (-1).,0,0.2687973976
developper-1.2,Utiliser un logiciel de suivi de version,AUTO-AUT17,"Évaluer les performances dynamiques (rapidité, amortissement) des systèmes en boucle fermée, en les reliant si possible aux caractéristiques en boucle ouverte.",0,0.2604089379
developper-1.2,Utiliser un logiciel de suivi de version,AUTO-AUT18,"Interpréter les diagrammes de réponse fréquentielle (gain, phase) pour les systèmes élémentaires : gain pur, intégrateur, dérivateur, éléments du premier et du second ordre.",0,0.3175063729
developper-1.2,Utiliser un logiciel de suivi de version,AUTO-AUT19,"Relier les performances en temps (constante de temps, temps de montée) aux notions fréquentielles (fréquence de coupure, bande passante) pour les systèmes du premier ordre.",0,0.2649747431
developper-1.2,Utiliser un logiciel de suivi de version,AUTO-AUT20,Utiliser le critère du Revers pour une évaluation simplifiée de la stabilité à partir du diagramme de Nyquist ou de Black.,0,0.2324268669
developper-1.2,Utiliser un logiciel de suivi de version,AUTO-AUT21,Identifier les pôles dominants dans les systèmes d’ordre supérieur et analyser leur influence sur la réponse transitoire.,0,0.2803316712
developper-1.2,Utiliser un logiciel de suivi de version,AUTO-AUT22,Décrire la structure et le rôle d’un système automatique ou d’un système asservi (boucle de rétroaction).,0,0.3526368737
developper-1.2,Utiliser un logiciel de suivi de version,AUTO-AUT23,Distinguer les caractéristiques des systèmes en boucle ouverte et en boucle fermée.,0,0.2480994314
developper-1.2,Utiliser un logiciel de suivi de version,AUTO-AUT24,Analyser la stabilité des systèmes LTI à partir de la partie réelle des pôles de leur fonction de transfert.,0,0.2612723112
developper-1.2,Utiliser un logiciel de suivi de version,AUTO-AUT25,Déterminer les marges de stabilité à partir des diagrammes fréquentiels en boucle ouverte.,0,0.2761092186
developper-1.2,Utiliser un logiciel de suivi de version,AUTO-AUT26,Interpréter la signification des marges de stabilité pour évaluer la robustesse de la stabilité en boucle fermée.,0,0.1795556843
developper-1.2,Utiliser un logiciel de suivi de version,AUTO-AUT27,Analyser l’erreur statique en régime permanent pour différents types de signaux d’entrée en fonction de la classe du système.,0,0.3262251616
developper-1.2,Utiliser un logiciel de suivi de version,AUTO-AUT28,Analyser le rejet asymptotique des perturbations en fonction de la structure du système et du nombre d’intégrateurs.,0,0.2099404484
developper-1.2,Utiliser un logiciel de suivi de version,AUTO-AUT29,Comprendre les limitations des systèmes non corrigés et la nécessité d’ajouter des correcteurs.,0,0.2761486173
developper-1.2,Utiliser un logiciel de suivi de version,AUTO-AUT30,Décrire la fonction et les effets d’un correcteur intégral (I) sur les performances du système et sa réponse fréquentielle.,0,0.2908254862
developper-1.2,Utiliser un logiciel de suivi de version,AUTO-AUT31,"Décrire la fonction et les effets d’un correcteur proportionnel-intégral (PI), combinant amélioration de la précision et impact minimal sur la dynamique rapide.",0,0.2873852849
developper-1.2,Utiliser un logiciel de suivi de version,AUTO-AUT32,"Décrire la fonction et les effets d’un correcteur proportionnel-dérivatif (PD), améliorant principalement la stabilité et la dynamique rapide.",0,0.3126106262
developper-1.2,Utiliser un logiciel de suivi de version,AUTO-AUT33,Décrire la fonction et les effets d’un correcteur à avance de phase comme approximation causale d’un correcteur PD.,0,0.3342849314
developper-1.2,Utiliser un logiciel de suivi de version,AUTO-AUT34,Décrire les effets combinés et la structure d’un correcteur proportionnel-intégral-dérivatif (PID).,0,0.2347548902
developper-1.2,Utiliser un logiciel de suivi de version,AUTO-AUT35,Tracer les diagrammes de Bode asymptotiques à partir de la forme normalisée de la fonction de transfert.,0,0.2302001119
developper-1.2,Utiliser un logiciel de suivi de version,AUTO-AUT36,Tracer un diagramme de Nyquist,0,0.2508659363
developper-1.2,Utiliser un logiciel de suivi de version,AUTO-AUT37,Tracer un diagramme de Black,0,0.2027799934
developper-1.3,Caractériser le matériel et le système au regard des besoins,AUTO-AUT01,"Définir et classer les systèmes selon des caractéristiques telles que : statique/dynamique, monovariable/multivariable, continu/discret, linéaire/non-linéaire, causal et invariant.",1,0.4774266183
developper-1.3,Caractériser le matériel et le système au regard des besoins,AUTO-AUT02,"Décrire la nature des signaux d'entrée/sortie, qu'ils soient continus ou discrets.",0,0.2876808047
developper-1.3,Caractériser le matériel et le système au regard des besoins,AUTO-AUT03,"Identifier la classe d’un système à partir de sa réponse indicielle, impulsionnelle, etc.",0,0.3137037158
developper-1.3,Caractériser le matériel et le système au regard des besoins,AUTO-AUT04,Représenter des signaux en utilisant un outil numérique (Scilab),0,0.3416472673
developper-1.3,Caractériser le matériel et le système au regard des besoins,AUTO-AUT05,Analyser la stabilité d’un système en étudiant sa fonction de transfert à l’aide d’un outil numérique (Scilab),0,0.4819565415
developper-1.3,Caractériser le matériel et le système au regard des besoins,AUTO-AUT06,"Tracer des les diagrammes de réponse en fréquence (gain, phase) à l’aide d’un outil numérique (Scilab)",0,0.3646373749
developper-1.3,Caractériser le matériel et le système au regard des besoins,AUTO-AUT07,"Identifier les exigences clés dans la conception d’un système de commande : stabilité, marges, précision, rapidité, rejet des perturbations, robustesse.",1,0.5476818085
developper-1.3,Caractériser le matériel et le système au regard des besoins,AUTO-AUT08,"Proposer une stratégie générale pour analyser un système non corrigé, définir les exigences, synthétiser un correcteur et vérifier les performances.",0,0.5103498697
developper-1.3,Caractériser le matériel et le système au regard des besoins,AUTO-AUT09,Déterminer la fonction de transfert d'un système LTI continu à partir de son équation différentielle.,0,0.3479996920
developper-1.3,Caractériser le matériel et le système au regard des besoins,AUTO-AUT10,"Identifier les éléments caractéristiques d'une fonction de transfert : pôles, zéros et gain.",0,0.3651927114
developper-1.3,Caractériser le matériel et le système au regard des besoins,AUTO-AUT11,"Analyser la réponse temporelle des systèmes du premier ordre (intégrateur, premier ordre) soumis à des signaux d’entrée standards.",0,0.3243512511
developper-1.3,Caractériser le matériel et le système au regard des besoins,AUTO-AUT12,"Analyser les caractéristiques temporelles (amortissement, oscillations, temps de stabilisation) des systèmes du second ordre en fonction de leurs pôles et de leurs paramètres.",0,0.5156661272
developper-1.3,Caractériser le matériel et le système au regard des besoins,AUTO-AUT13,Appliquer la transformée de Laplace et ses propriétés aux signaux et aux systèmes.,0,0.3747403622
developper-1.3,Caractériser le matériel et le système au regard des besoins,AUTO-AUT14,"Analyser la réponse fréquentielle des systèmes LTI à l’aide des diagrammes de Bode, Nyquist et Black.",0,0.3681640029
developper-1.3,Caractériser le matériel et le système au regard des besoins,AUTO-AUT15,Appliquer le critère de Routh pour déterminer la stabilité d’un système en boucle fermée à partir de son équation caractéristique.,0,0.3687672019
developper-1.3,Caractériser le matériel et le système au regard des besoins,AUTO-AUT16,Appliquer le critère de Nyquist pour déterminer la stabilité en boucle fermée à partir du diagramme de la fonction de transfert en boucle ouverte autour du point critique (-1).,0,0.3748456240
developper-1.3,Caractériser le matériel et le système au regard des besoins,AUTO-AUT17,"Évaluer les performances dynamiques (rapidité, amortissement) des systèmes en boucle fermée, en les reliant si possible aux caractéristiques en boucle ouverte.",0,0.4862790108
developper-1.3,Caractériser le matériel et le système au regard des besoins,AUTO-AUT18,"Interpréter les diagrammes de réponse fréquentielle (gain, phase) pour les systèmes élémentaires : gain pur, intégrateur, dérivateur, éléments du premier et du second ordre.",0,0.4359994531
developper-1.3,Caractériser le matériel et le système au regard des besoins,AUTO-AUT19,"Relier les performances en temps (constante de temps, temps de montée) aux notions fréquentielles (fréquence de coupure, bande passante) pour les systèmes du premier ordre.",0,0.3523690999
developper-1.3,Caractériser le matériel et le système au regard des besoins,AUTO-AUT20,Utiliser le critère du Revers pour une évaluation simplifiée de la stabilité à partir du diagramme de Nyquist ou de Black.,0,0.2898149490
developper-1.3,Caractériser le matériel et le système au regard des besoins,AUTO-AUT21,Identifier les pôles dominants dans les systèmes d’ordre supérieur et analyser leur influence sur la réponse transitoire.,0,0.3264055252
developper-1.3,Caractériser le matériel et le système au regard des besoins,AUTO-AUT22,Décrire la structure et le rôle d’un système automatique ou d’un système asservi (boucle de rétroaction).,0,0.5243692994
developper-1.3,Caractériser le matériel et le système au regard des besoins,AUTO-AUT23,Distinguer les caractéristiques des systèmes en boucle ouverte et en boucle fermée.,0,0.2555960417
developper-1.3,Caractériser le matériel et le système au regard des besoins,AUTO-AUT24,Analyser la stabilité des systèmes LTI à partir de la partie réelle des pôles de leur fonction de transfert.,0,0.2965577841
developper-1.3,Caractériser le matériel et le système au regard des besoins,AUTO-AUT25,Déterminer les marges de stabilité à partir des diagrammes fréquentiels en boucle ouverte.,0,0.2373015136
developper-1.3,Caractériser le matériel et le système au regard des besoins,AUTO-AUT26,Interpréter la signification des marges de stabilité pour évaluer la robustesse de la stabilité en boucle fermée.,1,0.3500232100
developper-1.3,Caractériser le matériel et le système au regard des besoins,AUTO-AUT27,Analyser l’erreur statique en régime permanent pour différents types de signaux d’entrée en fonction de la classe du système.,1,0.3168585300
developper-1.3,Caractériser le matériel et le système au regard des besoins,AUTO-AUT28,Analyser le rejet asymptotique des perturbations en fonction de la structure du système et du nombre d’intégrateurs.,1,0.4246126413
developper-1.3,Caractériser le matériel et le système au regard des besoins,AUTO-AUT29,Comprendre les limitations des systèmes non corrigés et la nécessité d’ajouter des correcteurs.,1,0.3695045114
developper-1.3,Caractériser le matériel et le système au regard des besoins,AUTO-AUT30,Décrire la fonction et les effets d’un correcteur intégral (I) sur les performances du système et sa réponse fréquentielle.,0,0.4402611256
developper-1.3,Caractériser le matériel et le système au regard des besoins,AUTO-AUT31,"Décrire la fonction et les effets d’un correcteur proportionnel-intégral (PI), combinant amélioration de la précision et impact minimal sur la dynamique rapide.",0,0.4165986478
developper-1.3,Caractériser le matériel et le système au regard des besoins,AUTO-AUT32,"Décrire la fonction et les effets d’un correcteur proportionnel-dérivatif (PD), améliorant principalement la stabilité et la dynamique rapide.",0,0.3615038395
developper-1.3,Caractériser le matériel et le système au regard des besoins,AUTO-AUT33,Décrire la fonction et les effets d’un correcteur à avance de phase comme approximation causale d’un correcteur PD.,0,0.3537185192
developper-1.3,Caractériser le matériel et le système au regard des besoins,AUTO-AUT34,Décrire les effets combinés et la structure d’un correcteur proportionnel-intégral-dérivatif (PID).,0,0.3390147090
developper-1.3,Caractériser le matériel et le système au regard des besoins,AUTO-AUT35,Tracer les diagrammes de Bode asymptotiques à partir de la forme normalisée de la fonction de transfert.,0,0.2920117080
developper-1.3,Caractériser le matériel et le système au regard des besoins,AUTO-AUT36,Tracer un diagramme de Nyquist,0,0.3597970307
developper-1.3,Caractériser le matériel et le système au regard des besoins,AUTO-AUT37,Tracer un diagramme de Black,0,0.3653598428
developper-2.1,Implémenter dans un langage de la programmation orientée objet à partir de diagrammes UML,AUTO-AUT01,"Définir et classer les systèmes selon des caractéristiques telles que : statique/dynamique, monovariable/multivariable, continu/discret, linéaire/non-linéaire, causal et invariant.",0,0.4016555548
developper-2.1,Implémenter dans un langage de la programmation orientée objet à partir de diagrammes UML,AUTO-AUT02,"Décrire la nature des signaux d'entrée/sortie, qu'ils soient continus ou discrets.",0,0.2759602070
developper-2.1,Implémenter dans un langage de la programmation orientée objet à partir de diagrammes UML,AUTO-AUT03,"Identifier la classe d’un système à partir de sa réponse indicielle, impulsionnelle, etc.",0,0.3550062180
developper-2.1,Implémenter dans un langage de la programmation orientée objet à partir de diagrammes UML,AUTO-AUT04,Représenter des signaux en utilisant un outil numérique (Scilab),0,0.3958260119
developper-2.1,Implémenter dans un langage de la programmation orientée objet à partir de diagrammes UML,AUTO-AUT05,Analyser la stabilité d’un système en étudiant sa fonction de transfert à l’aide d’un outil numérique (Scilab),0,0.4365643561
developper-2.1,Implémenter dans un langage de la programmation orientée objet à partir de diagrammes UML,AUTO-AUT06,"Tracer des les diagrammes de réponse en fréquence (gain, phase) à l’aide d’un outil numérique (Scilab)",0,0.4225244522
developper-2.1,Implémenter dans un langage de la programmation orientée objet à partir de diagrammes UML,AUTO-AUT07,"Identifier les exigences clés dans la conception d’un système de commande : stabilité, marges, précision, rapidité, rejet des perturbations, robustesse.",0,0.4394615591
developper-2.1,Implémenter dans un langage de la programmation orientée objet à partir de diagrammes UML,AUTO-AUT08,"Proposer une stratégie générale pour analyser un système non corrigé, définir les exigences, synthétiser un correcteur et vérifier les performances.",0,0.3673580885
developper-2.1,Implémenter dans un langage de la programmation orientée objet à partir de diagrammes UML,AUTO-AUT09,Déterminer la fonction de transfert d'un système LTI continu à partir de son équation différentielle.,0,0.4203529954
developper-2.1,Implémenter dans un langage de la programmation orientée objet à partir de diagrammes UML,AUTO-AUT10,"Identifier les éléments caractéristiques d'une fonction de transfert : pôles, zéros et gain.",0,0.3498126566
developper-2.1,Implémenter dans un langage de la programmation orientée objet à partir de diagrammes UML,AUTO-AUT11,"Analyser la réponse temporelle des systèmes du premier ordre (intégrateur, premier ordre) soumis à des signaux d’entrée standards.",0,0.3518082500
developper-2.1,Implémenter dans un langage de la programmation orientée objet à partir de diagrammes UML,AUTO-AUT12,"Analyser les caractéristiques temporelles (amortissement, oscillations, temps de stabilisation) des systèmes du second ordre en fonction de leurs pôles et de leurs paramètres.",0,0.3338664472
developper-2.1,Implémenter dans un langage de la programmation orientée objet à partir de diagrammes UML,AUTO-AUT13,Appliquer la transformée de Laplace et ses propriétés aux signaux et aux systèmes.,0,0.3761540055
developper-2.1,Implémenter dans un langage de la programmation orientée objet à partir de diagrammes UML,AUTO-AUT14,"Analyser la réponse fréquentielle des systèmes LTI à l’aide des diagrammes de Bode, Nyquist et Black.",0,0.3706729710
developper-2.1,Implémenter dans un langage de la programmation orientée objet à partir de diagrammes UML,AUTO-AUT15,Appliquer le critère de Routh pour déterminer la stabilité d’un système en boucle fermée à partir de son équation caractéristique.,0,0.3081905842
developper-2.1,Implémenter dans un langage de la programmation orientée objet à partir de diagrammes UML,AUTO-AUT16,Appliquer le critère de Nyquist pour déterminer la stabilité en boucle fermée à partir du diagramme de la fonction de transfert en boucle ouverte autour du point critique (-1).,0,0.4215219021
developper-2.1,Implémenter dans un langage de la programmation orientée objet à partir de diagrammes UML,AUTO-AUT17,"Évaluer les performances dynamiques (rapidité, amortissement) des systèmes en boucle fermée, en les reliant si possible aux caractéristiques en boucle ouverte.",0,0.3670252264
developper-2.1,Implémenter dans un langage de la programmation orientée objet à partir de diagrammes UML,AUTO-AUT18,"Interpréter les diagrammes de réponse fréquentielle (gain, phase) pour les systèmes élémentaires : gain pur, intégrateur, dérivateur, éléments du premier et du second ordre.",0,0.4467999637
developper-2.1,Implémenter dans un langage de la programmation orientée objet à partir de diagrammes UML,AUTO-AUT19,"Relier les performances en temps (constante de temps, temps de montée) aux notions fréquentielles (fréquence de coupure, bande passante) pour les systèmes du premier ordre.",0,0.2736477256
developper-2.1,Implémenter dans un langage de la programmation orientée objet à partir de diagrammes UML,AUTO-AUT20,Utiliser le critère du Revers pour une évaluation simplifiée de la stabilité à partir du diagramme de Nyquist ou de Black.,0,0.1845962405
developper-2.1,Implémenter dans un langage de la programmation orientée objet à partir de diagrammes UML,AUTO-AUT21,Identifier les pôles dominants dans les systèmes d’ordre supérieur et analyser leur influence sur la réponse transitoire.,0,0.3331002295
developper-2.1,Implémenter dans un langage de la programmation orientée objet à partir de diagrammes UML,AUTO-AUT22,Décrire la structure et le rôle d’un système automatique ou d’un système asservi (boucle de rétroaction).,0,0.3603338599
developper-2.1,Implémenter dans un langage de la programmation orientée objet à partir de diagrammes UML,AUTO-AUT23,Distinguer les caractéristiques des systèmes en boucle ouverte et en boucle fermée.,0,0.3158704042
developper-2.1,Implémenter dans un langage de la programmation orientée objet à partir de diagrammes UML,AUTO-AUT24,Analyser la stabilité des systèmes LTI à partir de la partie réelle des pôles de leur fonction de transfert.,0,0.3167856634
developper-2.1,Implémenter dans un langage de la programmation orientée objet à partir de diagrammes UML,AUTO-AUT25,Déterminer les marges de stabilité à partir des diagrammes fréquentiels en boucle ouverte.,0,0.3404574692
developper-2.1,Implémenter dans un langage de la programmation orientée objet à partir de diagrammes UML,AUTO-AUT26,Interpréter la signification des marges de stabilité pour évaluer la robustesse de la stabilité en boucle fermée.,0,0.2167835832
developper-2.1,Implémenter dans un langage de la programmation orientée objet à partir de diagrammes UML,AUTO-AUT27,Analyser l’erreur statique en régime permanent pour différents types de signaux d’entrée en fonction de la classe du système.,0,0.3223547935
developper-2.1,Implémenter dans un langage de la programmation orientée objet à partir de diagrammes UML,AUTO-AUT28,Analyser le rejet asymptotique des perturbations en fonction de la structure du système et du nombre d’intégrateurs.,0,0.2952961922
developper-2.1,Implémenter dans un langage de la programmation orientée objet à partir de diagrammes UML,AUTO-AUT29,Comprendre les limitations des systèmes non corrigés et la nécessité d’ajouter des correcteurs.,0,0.2196052670
developper-2.1,Implémenter dans un langage de la programmation orientée objet à partir de diagrammes UML,AUTO-AUT30,Décrire la fonction et les effets d’un correcteur intégral (I) sur les performances du système et sa réponse fréquentielle.,0,0.3298238516
developper-2.1,Implémenter dans un langage de la programmation orientée objet à partir de diagrammes UML,AUTO-AUT31,"Décrire la fonction et les effets d’un correcteur proportionnel-intégral (PI), combinant amélioration de la précision et impact minimal sur la dynamique rapide.",0,0.3951701820
developper-2.1,Implémenter dans un langage de la programmation orientée objet à partir de diagrammes UML,AUTO-AUT32,"Décrire la fonction et les effets d’un correcteur proportionnel-dérivatif (PD), améliorant principalement la stabilité et la dynamique rapide.",0,0.3183504939
developper-2.1,Implémenter dans un langage de la programmation orientée objet à partir de diagrammes UML,AUTO-AUT33,Décrire la fonction et les effets d’un correcteur à avance de phase comme approximation causale d’un correcteur PD.,0,0.3650022149
developper-2.1,Implémenter dans un langage de la programmation orientée objet à partir de diagrammes UML,AUTO-AUT34,Décrire les effets combinés et la structure d’un correcteur proportionnel-intégral-dérivatif (PID).,0,0.3719882369
developper-2.1,Implémenter dans un langage de la programmation orientée objet à partir de diagrammes UML,AUTO-AUT35,Tracer les diagrammes de Bode asymptotiques à partir de la forme normalisée de la fonction de transfert.,0,0.4093884230
developper-2.1,Implémenter dans un langage de la programmation orientée objet à partir de diagrammes UML,AUTO-AUT36,Tracer un diagramme de Nyquist,0,0.2552012205
developper-2.1,Implémenter dans un langage de la programmation orientée objet à partir de diagrammes UML,AUTO-AUT37,Tracer un diagramme de Black,0,0.3324599564
developper-2.2,Exploiter une documentation,AUTO-AUT01,"Définir et classer les systèmes selon des caractéristiques telles que : statique/dynamique, monovariable/multivariable, continu/discret, linéaire/non-linéaire, causal et invariant.",0,0.1585041881
developper-2.2,Exploiter une documentation,AUTO-AUT02,"Décrire la nature des signaux d'entrée/sortie, qu'ils soient continus ou discrets.",0,0.2308347225
developper-2.2,Exploiter une documentation,AUTO-AUT03,"Identifier la classe d’un système à partir de sa réponse indicielle, impulsionnelle, etc.",0,0.2470247000
developper-2.2,Exploiter une documentation,AUTO-AUT04,Représenter des signaux en utilisant un outil numérique (Scilab),0,0.2375713736
developper-2.2,Exploiter une documentation,AUTO-AUT05,Analyser la stabilité d’un système en étudiant sa fonction de transfert à l’aide d’un outil numérique (Scilab),0,0.2692438662
developper-2.2,Exploiter une documentation,AUTO-AUT06,"Tracer des les diagrammes de réponse en fréquence (gain, phase) à l’aide d’un outil numérique (Scilab)",0,0.2031722516
developper-2.2,Exploiter une documentation,AUTO-AUT07,"Identifier les exigences clés dans la conception d’un système de commande : stabilité, marges, précision, rapidité, rejet des perturbations, robustesse.",0,0.1808094084
developper-2.2,Exploiter une documentation,AUTO-AUT08,"Proposer une stratégie générale pour analyser un système non corrigé, définir les exigences, synthétiser un correcteur et vérifier les performances.",0,0.2407972813
developper-2.2,Exploiter une documentation,AUTO-AUT09,Déterminer la fonction de transfert d'un système LTI continu à partir de son équation différentielle.,0,0.1537523866
developper-2.2,Exploiter une documentation,AUTO-AUT10,"Identifier les éléments caractéristiques d'une fonction de transfert : pôles, zéros et gain.",0,0.1296839714
developper-2.2,Exploiter une documentation,AUTO-AUT11,"Analyser la réponse temporelle des systèmes du premier ordre (intégrateur, premier ordre) soumis à des signaux d’entrée standards.",0,0.2465158850
developper-2.2,Exploiter une documentation,AUTO-AUT12,"Analyser les caractéristiques temporelles (amortissement, oscillations, temps de stabilisation) des systèmes du second ordre en fonction de leurs pôles et de leurs paramètres.",0,0.1687372029
developper-2.2,Exploiter une documentation,AUTO-AUT13,Appliquer la transformée de Laplace et ses propriétés aux signaux et aux systèmes.,0,0.1694846451
developper-2.2,Exploiter une documentation,AUTO-AUT14,"Analyser la réponse fréquentielle des systèmes LTI à l’aide des diagrammes de Bode, Nyquist et Black.",0,0.1278547645
developper-2.2,Exploiter une documentation,AUTO-AUT15,Appliquer le critère de Routh pour déterminer la stabilité d’un système en boucle fermée à partir de son équation caractéristique.,0,0.0865180939
developper-2.2,Exploiter une documentation,AUTO-AUT16,Appliquer le critère de Nyquist pour déterminer la stabilité en boucle fermée à partir du diagramme de la fonction de transfert en boucle ouverte autour du point critique (-1).,0,0.1777379811
developper-2.2,Exploiter une documentation,AUTO-AUT17,"Évaluer les performances dynamiques (rapidité, amortissement) des systèmes en boucle fermée, en les reliant si possible aux caractéristiques en boucle ouverte.",0,0.1941348314
developper-2.2,Exploiter une documentation,AUTO-AUT18,"Interpréter les diagrammes de réponse fréquentielle (gain, phase) pour les systèmes élémentaires : gain pur, intégrateur, dérivateur, éléments du premier et du second ordre.",0,0.2126244307
developper-2.2,Exploiter une documentation,AUTO-AUT19,"Relier les performances en temps (constante de temps, temps de montée) aux notions fréquentielles (fréquence de coupure, bande passante) pour les systèmes du premier ordre.",0,0.1376820654
developper-2.2,Exploiter une documentation,AUTO-AUT20,Utiliser le critère du Revers pour une évaluation simplifiée de la stabilité à partir du diagramme de Nyquist ou de Black.,0,0.0533991009
developper-2.2,Exploiter une documentation,AUTO-AUT21,Identifier les pôles dominants dans les systèmes d’ordre supérieur et analyser leur influence sur la réponse transitoire.,0,0.1444655061
developper-2.2,Exploiter une documentation,AUTO-AUT22,Décrire la structure et le rôle d’un système automatique ou d’un système asservi (boucle de rétroaction).,0,0.0649166182
developper-2.2,Exploiter une documentation,AUTO-AUT23,Distinguer les caractéristiques des systèmes en boucle ouverte et en boucle fermée.,0,0.1179880351
developper-2.2,Exploiter une documentation,AUTO-AUT24,Analyser la stabilité des systèmes LTI à partir de la partie réelle des pôles de leur fonction de transfert.,0,0.1913856268
developper-2.2,Exploiter une documentation,AUTO-AUT25,Déterminer les marges de stabilité à partir des diagrammes fréquentiels en boucle ouverte.,0,0.1508119702
developper-2.2,Exploiter une documentation,AUTO-AUT26,Interpréter la signification des marges de stabilité pour évaluer la robustesse de la stabilité en boucle fermée.,0,0.0733553022
developper-2.2,Exploiter une documentation,AUTO-AUT27,Analyser l’erreur statique en régime permanent pour différents types de signaux d’entrée en fonction de la classe du système.,0,0.1697280407
developper-2.2,Exploiter une documentation,AUTO-AUT28,Analyser le rejet asymptotique des perturbations en fonction de la structure du système et du nombre d’intégrateurs.,0,0.1507813185
developper-2.2,Exploiter une documentation,AUTO-AUT29,Comprendre les limitations des systèmes non corrigés et la nécessité d’ajouter des correcteurs.,0,0.1973297596
developper-2.2,Exploiter une documentation,AUTO-AUT30,Décrire la fonction et les effets d’un correcteur intégral (I) sur les performances du système et sa réponse fréquentielle.,0,0.2240716219
developper-2.2,Exploiter une documentation,AUTO-AUT31,"Décrire la fonction et les effets d’un correcteur proportionnel-intégral (PI), combinant amélioration de la précision et impact minimal sur la dynamique rapide.",0,0.2189314067
developper-2.2,Exploiter une documentation,AUTO-AUT32,"Décrire la fonction et les effets d’un correcteur proportionnel-dérivatif (PD), améliorant principalement la stabilité et la dynamique rapide.",0,0.1259095967
developper-2.2,Exploiter une documentation,AUTO-AUT33,Décrire la fonction et les effets d’un correcteur à avance de phase comme approximation causale d’un correcteur PD.,0,0.1874813437
developper-2.2,Exploiter une documentation,AUTO-AUT34,Décrire les effets combinés et la structure d’un correcteur proportionnel-intégral-dérivatif (PID).,0,0.0900655240
developper-2.2,Exploiter une documentation,AUTO-AUT35,Tracer les diagrammes de Bode asymptotiques à partir de la forme normalisée de la fonction de transfert.,0,0.1607685834
developper-2.2,Exploiter une documentation,AUTO-AUT36,Tracer un diagramme de Nyquist,0,0.0999289900
developper-2.2,Exploiter une documentation,AUTO-AUT37,Tracer un diagramme de Black,0,0.0833932608
developper-3.1,Caractériser et représenter l’information,AUTO-AUT01,"Définir et classer les systèmes selon des caractéristiques telles que : statique/dynamique, monovariable/multivariable, continu/discret, linéaire/non-linéaire, causal et invariant.",0,0.3506835997
developper-3.1,Caractériser et représenter l’information,AUTO-AUT02,"Décrire la nature des signaux d'entrée/sortie, qu'ils soient continus ou discrets.",0,0.3352853954
developper-3.1,Caractériser et représenter l’information,AUTO-AUT03,"Identifier la classe d’un système à partir de sa réponse indicielle, impulsionnelle, etc.",0,0.2846035957
developper-3.1,Caractériser et représenter l’information,AUTO-AUT04,Représenter des signaux en utilisant un outil numérique (Scilab),0,0.3613194823
developper-3.1,Caractériser et représenter l’information,AUTO-AUT05,Analyser la stabilité d’un système en étudiant sa fonction de transfert à l’aide d’un outil numérique (Scilab),0,0.3666766286
developper-3.1,Caractériser et représenter l’information,AUTO-AUT06,"Tracer des les diagrammes de réponse en fréquence (gain, phase) à l’aide d’un outil numérique (Scilab)",0,0.2836712599
developper-3.1,Caractériser et représenter l’information,AUTO-AUT07,"Identifier les exigences clés dans la conception d’un système de commande : stabilité, marges, précision, rapidité, rejet des perturbations, robustesse.",0,0.3514981270
developper-3.1,Caractériser et représenter l’information,AUTO-AUT08,"Proposer une stratégie générale pour analyser un système non corrigé, définir les exigences, synthétiser un correcteur et vérifier les performances.",0,0.4365922511
developper-3.1,Caractériser et représenter l’information,AUTO-AUT09,Déterminer la fonction de transfert d'un système LTI continu à partir de son équation différentielle.,0,0.2952005565
developper-3.1,Caractériser et représenter l’information,AUTO-AUT10,"Identifier les éléments caractéristiques d'une fonction de transfert : pôles, zéros et gain.",0,0.2973338366
developper-3.1,Caractériser et représenter l’information,AUTO-AUT11,"Analyser la réponse temporelle des systèmes du premier ordre (intégrateur, premier ordre) soumis à des signaux d’entrée standards.",0,0.2279074788
developper-3.1,Caractériser et représenter l’information,AUTO-AUT12,"Analyser les caractéristiques temporelles (amortissement, oscillations, temps de stabilisation) des systèmes du second ordre en fonction de leurs pôles et de leurs paramètres.",0,0.3889689744
developper-3.1,Caractériser et représenter l’information,AUTO-AUT13,Appliquer la transformée de Laplace et ses propriétés aux signaux et aux systèmes.,0,0.2719079256
developper-3.1,Caractériser et représenter l’information,AUTO-AUT14,"Analyser la réponse fréquentielle des systèmes LTI à l’aide des diagrammes de Bode, Nyquist et Black.",0,0.1951083839
developper-3.1,Caractériser et représenter l’information,AUTO-AUT15,Appliquer le critère de Routh pour déterminer la stabilité d’un système en boucle fermée à partir de son équation caractéristique.,0,0.2749278545
developper-3.1,Caractériser et représenter l’information,AUTO-AUT16,Appliquer le critère de Nyquist pour déterminer la stabilité en boucle fermée à partir du diagramme de la fonction de transfert en boucle ouverte autour du point critique (-1).,0,0.2266301513
developper-3.1,Caractériser et représenter l’information,AUTO-AUT17,"Évaluer les performances dynamiques (rapidité, amortissement) des systèmes en boucle fermée, en les reliant si possible aux caractéristiques en boucle ouverte.",0,0.3635304868
developper-3.1,Caractériser et représenter l’information,AUTO-AUT18,"Interpréter les diagrammes de réponse fréquentielle (gain, phase) pour les systèmes élémentaires : gain pur, intégrateur, dérivateur, éléments du premier et du second ordre.",0,0.3032850623
developper-3.1,Caractériser et représenter l’information,AUTO-AUT19,"Relier les performances en temps (constante de temps, temps de montée) aux notions fréquentielles (fréquence de coupure, bande passante) pour les systèmes du premier ordre.",0,0.3576784730
developper-3.1,Caractériser et représenter l’information,AUTO-AUT20,Utiliser le critère du Revers pour une évaluation simplifiée de la stabilité à partir du diagramme de Nyquist ou de Black.,0,0.2074449956
developper-3.1,Caractériser et représenter l’information,AUTO-AUT21,Identifier les pôles dominants dans les systèmes d’ordre supérieur et analyser leur influence sur la réponse transitoire.,0,0.1897285879
developper-3.1,Caractériser et représenter l’information,AUTO-AUT22,Décrire la structure et le rôle d’un système automatique ou d’un système asservi (boucle de rétroaction).,0,0.3836928010
developper-3.1,Caractériser et représenter l’information,AUTO-AUT23,Distinguer les caractéristiques des systèmes en boucle ouverte et en boucle fermée.,0,0.1258589029
developper-3.1,Caractériser et représenter l’information,AUTO-AUT24,Analyser la stabilité des systèmes LTI à partir de la partie réelle des pôles de leur fonction de transfert.,0,0.2646295726
developper-3.1,Caractériser et représenter l’information,AUTO-AUT25,Déterminer les marges de stabilité à partir des diagrammes fréquentiels en boucle ouverte.,0,0.1944865584
developper-3.1,Caractériser et représenter l’information,AUTO-AUT26,Interpréter la signification des marges de stabilité pour évaluer la robustesse de la stabilité en boucle fermée.,0,0.2977924049
developper-3.1,Caractériser et représenter l’information,AUTO-AUT27,Analyser l’erreur statique en régime permanent pour différents types de signaux d’entrée en fonction de la classe du système.,0,0.2431292832
developper-3.1,Caractériser et représenter l’information,AUTO-AUT28,Analyser le rejet asymptotique des perturbations en fonction de la structure du système et du nombre d’intégrateurs.,0,0.2773627937
developper-3.1,Caractériser et représenter l’information,AUTO-AUT29,Comprendre les limitations des systèmes non corrigés et la nécessité d’ajouter des correcteurs.,0,0.2546291351
developper-3.1,Caractériser et représenter l’information,AUTO-AUT30,Décrire la fonction et les effets d’un correcteur intégral (I) sur les performances du système et sa réponse fréquentielle.,0,0.4122146368
developper-3.1,Caractériser et représenter l’information,AUTO-AUT31,"Décrire la fonction et les effets d’un correcteur proportionnel-intégral (PI), combinant amélioration de la précision et impact minimal sur la dynamique rapide.",0,0.4303305745
developper-3.1,Caractériser et représenter l’information,AUTO-AUT32,"Décrire la fonction et les effets d’un correcteur proportionnel-dérivatif (PD), améliorant principalement la stabilité et la dynamique rapide.",0,0.3502938151
developper-3.1,Caractériser et représenter l’information,AUTO-AUT33,Décrire la fonction et les effets d’un correcteur à avance de phase comme approximation causale d’un correcteur PD.,0,0.3416885138
developper-3.1,Caractériser et représenter l’information,AUTO-AUT34,Décrire les effets combinés et la structure d’un correcteur proportionnel-intégral-dérivatif (PID).,0,0.3282310367
developper-3.1,Caractériser et représenter l’information,AUTO-AUT35,Tracer les diagrammes de Bode asymptotiques à partir de la forme normalisée de la fonction de transfert.,0,0.2317575812
developper-3.1,Caractériser et représenter l’information,AUTO-AUT36,Tracer un diagramme de Nyquist,0,0.2637892365
developper-3.1,Caractériser et représenter l’information,AUTO-AUT37,Tracer un diagramme de Black,0,0.3186943531
developper-3.2,Optimiser et sécuriser l’échange de données,AUTO-AUT01,"Définir et classer les systèmes selon des caractéristiques telles que : statique/dynamique, monovariable/multivariable, continu/discret, linéaire/non-linéaire, causal et invariant.",0,0.2491649985
developper-3.2,Optimiser et sécuriser l’échange de données,AUTO-AUT02,"Décrire la nature des signaux d'entrée/sortie, qu'ils soient continus ou discrets.",0,0.2349551320
developper-3.2,Optimiser et sécuriser l’échange de données,AUTO-AUT03,"Identifier la classe d’un système à partir de sa réponse indicielle, impulsionnelle, etc.",0,0.1435473561
developper-3.2,Optimiser et sécuriser l’échange de données,AUTO-AUT04,Représenter des signaux en utilisant un outil numérique (Scilab),0,0.2481941134
developper-3.2,Optimiser et sécuriser l’échange de données,AUTO-AUT05,Analyser la stabilité d’un système en étudiant sa fonction de transfert à l’aide d’un outil numérique (Scilab),0,0.3923052251
developper-3.2,Optimiser et sécuriser l’échange de données,AUTO-AUT06,"Tracer des les diagrammes de réponse en fréquence (gain, phase) à l’aide d’un outil numérique (Scilab)",0,0.2762123346
developper-3.2,Optimiser et sécuriser l’échange de données,AUTO-AUT07,"Identifier les exigences clés dans la conception d’un système de commande : stabilité, marges, précision, rapidité, rejet des perturbations, robustesse.",0,0.3151675761
developper-3.2,Optimiser et sécuriser l’échange de données,AUTO-AUT08,"Proposer une stratégie générale pour analyser un système non corrigé, définir les exigences, synthétiser un correcteur et vérifier les performances.",0,0.3506394327
developper-3.2,Optimiser et sécuriser l’échange de données,AUTO-AUT09,Déterminer la fonction de transfert d'un système LTI continu à partir de son équation différentielle.,0,0.2688478231
developper-3.2,Optimiser et sécuriser l’échange de données,AUTO-AUT10,"Identifier les éléments caractéristiques d'une fonction de transfert : pôles, zéros et gain.",0,0.3266673088
developper-3.2,Optimiser et sécuriser l’échange de données,AUTO-AUT11,"Analyser la réponse temporelle des systèmes du premier ordre (intégrateur, premier ordre) soumis à des signaux d’entrée standards.",0,0.2421426177
developper-3.2,Optimiser et sécuriser l’échange de données,AUTO-AUT12,"Analyser les caractéristiques temporelles (amortissement, oscillations, temps de stabilisation) des systèmes du second ordre en fonction de leurs pôles et de leurs paramètres.",0,0.3440090418
developper-3.2,Optimiser et sécuriser l’échange de données,AUTO-AUT13,Appliquer la transformée de Laplace et ses propriétés aux signaux et aux systèmes.,0,0.2747167945
developper-3.2,Optimiser et sécuriser l’échange de données,AUTO-AUT14,"Analyser la réponse fréquentielle des systèmes LTI à l’aide des diagrammes de Bode, Nyquist et Black.",0,0.2246544063
developper-3.2,Optimiser et sécuriser l’échange de données,AUTO-AUT15,Appliquer le critère de Routh pour déterminer la stabilité d’un système en boucle fermée à partir de son équation caractéristique.,0,0.3146299720
developper-3.2,Optimiser et sécuriser l’échange de données,AUTO-AUT16,Appliquer le critère de Nyquist pour déterminer la stabilité en boucle fermée à partir du diagramme de la fonction de transfert en boucle ouverte autour du point critique (-1).,0,0.3985804617
developper-3.2,Optimiser et sécuriser l’échange de données,AUTO-AUT17,"Évaluer les performances dynamiques (rapidité, amortissement) des systèmes en boucle fermée, en les reliant si possible aux caractéristiques en boucle ouverte.",0,0.3859720230
developper-3.2,Optimiser et sécuriser l’échange de données,AUTO-AUT18,"Interpréter les diagrammes de réponse fréquentielle (gain, phase) pour les systèmes élémentaires : gain pur, intégrateur, dérivateur, éléments du premier et du second ordre.",0,0.3062038422
developper-3.2,Optimiser et sécuriser l’échange de données,AUTO-AUT19,"Relier les performances en temps (constante de temps, temps de montée) aux notions fréquentielles (fréquence de coupure, bande passante) pour les systèmes du premier ordre.",0,0.3140869141
developper-3.2,Optimiser et sécuriser l’échange de données,AUTO-AUT20,Utiliser le critère du Revers pour une évaluation simplifiée de la stabilité à partir du diagramme de Nyquist ou de Black.,0,0.3245635629
developper-3.2,Optimiser et sécuriser l’échange de données,AUTO-AUT21,Identifier les pôles dominants dans les systèmes d’ordre supérieur et analyser leur influence sur la réponse transitoire.,0,0.2004226595
developper-3.2,Optimiser et sécuriser l’échange de données,AUTO-AUT22,Décrire la structure et le rôle d’un système automatique ou d’un système asservi (boucle de rétroaction).,0,0.2685906589
developper-3.2,Optimiser et sécuriser l’échange de données,AUTO-AUT23,Distinguer les caractéristiques des systèmes en boucle ouverte et en boucle fermée.,0,0.2504900992
developper-3.2,Optimiser et sécuriser l’échange de données,AUTO-AUT24,Analyser la stabilité des systèmes LTI à partir de la partie réelle des pôles de leur fonction de transfert.,0,0.3223746717
developper-3.2,Optimiser et sécuriser l’échange de données,AUTO-AUT25,Déterminer les marges de stabilité à partir des diagrammes fréquentiels en boucle ouverte.,0,0.2550624311
developper-3.2,Optimiser et sécuriser l’échange de données,AUTO-AUT26,Interpréter la signification des marges de stabilité pour évaluer la robustesse de la stabilité en boucle fermée.,0,0.3595197797
developper-3.2,Optimiser et sécuriser l’échange de données,AUTO-AUT27,Analyser l’erreur statique en régime permanent pour différents types de signaux d’entrée en fonction de la classe du système.,0,0.2861065865
developper-3.2,Optimiser et sécuriser l’échange de données,AUTO-AUT28,Analyser le rejet asymptotique des perturbations en fonction de la structure du système et du nombre d’intégrateurs.,0,0.2103776634
developper-3.2,Optimiser et sécuriser l’échange de données,AUTO-AUT29,Comprendre les limitations des systèmes non corrigés et la nécessité d’ajouter des correcteurs.,0,0.2689327002
developper-3.2,Optimiser et sécuriser l’échange de données,AUTO-AUT30,Décrire la fonction et les effets d’un correcteur intégral (I) sur les performances du système et sa réponse fréquentielle.,0,0.2643454373
developper-3.2,Optimiser et sécuriser l’échange de données,AUTO-AUT31,"Décrire la fonction et les effets d’un correcteur proportionnel-intégral (PI), combinant amélioration de la précision et impact minimal sur la dynamique rapide.",0,0.3736890554
developper-3.2,Optimiser et sécuriser l’échange de données,AUTO-AUT32,"Décrire la fonction et les effets d’un correcteur proportionnel-dérivatif (PD), améliorant principalement la stabilité et la dynamique rapide.",0,0.2752001882
developper-3.2,Optimiser et sécuriser l’échange de données,AUTO-AUT33,Décrire la fonction et les effets d’un correcteur à avance de phase comme approximation causale d’un correcteur PD.,0,0.2475772798
developper-3.2,Optimiser et sécuriser l’échange de données,AUTO-AUT34,Décrire les effets combinés et la structure d’un correcteur proportionnel-intégral-dérivatif (PID).,0,0.2572906315
developper-3.2,Optimiser et sécuriser l’échange de données,AUTO-AUT35,Tracer les diagrammes de Bode asymptotiques à partir de la forme normalisée de la fonction de transfert.,0,0.1998899430
developper-3.2,Optimiser et sécuriser l’échange de données,AUTO-AUT36,Tracer un diagramme de Nyquist,0,0.2627321482
developper-3.2,Optimiser et sécuriser l’échange de données,AUTO-AUT37,Tracer un diagramme de Black,0,0.2720629573
developper-3.3,Utiliser et paramétrer des frameworks adaptés,AUTO-AUT01,"Définir et classer les systèmes selon des caractéristiques telles que : statique/dynamique, monovariable/multivariable, continu/discret, linéaire/non-linéaire, causal et invariant.",0,0.3448075652
developper-3.3,Utiliser et paramétrer des frameworks adaptés,AUTO-AUT02,"Décrire la nature des signaux d'entrée/sortie, qu'ils soient continus ou discrets.",0,0.1488423645
developper-3.3,Utiliser et paramétrer des frameworks adaptés,AUTO-AUT03,"Identifier la classe d’un système à partir de sa réponse indicielle, impulsionnelle, etc.",0,0.2643675804
developper-3.3,Utiliser et paramétrer des frameworks adaptés,AUTO-AUT04,Représenter des signaux en utilisant un outil numérique (Scilab),0,0.3878445029
developper-3.3,Utiliser et paramétrer des frameworks adaptés,AUTO-AUT05,Analyser la stabilité d’un système en étudiant sa fonction de transfert à l’aide d’un outil numérique (Scilab),0,0.4436032176
developper-3.3,Utiliser et paramétrer des frameworks adaptés,AUTO-AUT06,"Tracer des les diagrammes de réponse en fréquence (gain, phase) à l’aide d’un outil numérique (Scilab)",0,0.3217774630
developper-3.3,Utiliser et paramétrer des frameworks adaptés,AUTO-AUT07,"Identifier les exigences clés dans la conception d’un système de commande : stabilité, marges, précision, rapidité, rejet des perturbations, robustesse.",0,0.4515695870
developper-3.3,Utiliser et paramétrer des frameworks adaptés,AUTO-AUT08,"Proposer une stratégie générale pour analyser un système non corrigé, définir les exigences, synthétiser un correcteur et vérifier les performances.",0,0.4350439906
developper-3.3,Utiliser et paramétrer des frameworks adaptés,AUTO-AUT09,Déterminer la fonction de transfert d'un système LTI continu à partir de son équation différentielle.,0,0.2536495030
developper-3.3,Utiliser et paramétrer des frameworks adaptés,AUTO-AUT10,"Identifier les éléments caractéristiques d'une fonction de transfert : pôles, zéros et gain.",0,0.2470108122
developper-3.3,Utiliser et paramétrer des frameworks adaptés,AUTO-AUT11,"Analyser la réponse temporelle des systèmes du premier ordre (intégrateur, premier ordre) soumis à des signaux d’entrée standards.",0,0.2193412930
developper-3.3,Utiliser et paramétrer des frameworks adaptés,AUTO-AUT12,"Analyser les caractéristiques temporelles (amortissement, oscillations, temps de stabilisation) des systèmes du second ordre en fonction de leurs pôles et de leurs paramètres.",0,0.3206933737
developper-3.3,Utiliser et paramétrer des frameworks adaptés,AUTO-AUT13,Appliquer la transformée de Laplace et ses propriétés aux signaux et aux systèmes.,0,0.3105089068
developper-3.3,Utiliser et paramétrer des frameworks adaptés,AUTO-AUT14,"Analyser la réponse fréquentielle des systèmes LTI à l’aide des diagrammes de Bode, Nyquist et Black.",0,0.2954280376
developper-3.3,Utiliser et paramétrer des frameworks adaptés,AUTO-AUT15,Appliquer le critère de Routh pour déterminer la stabilité d’un système en boucle fermée à partir de son équation caractéristique.,0,0.3155122697
developper-3.3,Utiliser et paramétrer des frameworks adaptés,AUTO-AUT16,Appliquer le critère de Nyquist pour déterminer la stabilité en boucle fermée à partir du diagramme de la fonction de transfert en boucle ouverte autour du point critique (-1).,0,0.3815378547
developper-3.3,Utiliser et paramétrer des frameworks adaptés,AUTO-AUT17,"Évaluer les performances dynamiques (rapidité, amortissement) des systèmes en boucle fermée, en les reliant si possible aux caractéristiques en boucle ouverte.",0,0.3260607123
developper-3.3,Utiliser et paramétrer des frameworks adaptés,AUTO-AUT18,"Interpréter les diagrammes de réponse fréquentielle (gain, phase) pour les systèmes élémentaires : gain pur, intégrateur, dérivateur, éléments du premier et du second ordre.",0,0.3256835938
developper-3.3,Utiliser et paramétrer des frameworks adaptés,AUTO-AUT19,"Relier les performances en temps (constante de temps, temps de montée) aux notions fréquentielles (fréquence de coupure, bande passante) pour les systèmes du premier ordre.",0,0.1895909756
developper-3.3,Utiliser et paramétrer des frameworks adaptés,AUTO-AUT20,Utiliser le critère du Revers pour une évaluation simplifiée de la stabilité à partir du diagramme de Nyquist ou de Black.,0,0.2656219900
developper-3.3,Utiliser et paramétrer des frameworks adaptés,AUTO-AUT21,Identifier les pôles dominants dans les systèmes d’ordre supérieur et analyser leur influence sur la réponse transitoire.,0,0.2393312156
developper-3.3,Utiliser et paramétrer des frameworks adaptés,AUTO-AUT22,Décrire la structure et le rôle d’un système automatique ou d’un système asservi (boucle de rétroaction).,0,0.3491657376
developper-3.3,Utiliser et paramétrer des frameworks adaptés,AUTO-AUT23,Distinguer les caractéristiques des systèmes en boucle ouverte et en boucle fermée.,0,0.3525649011
developper-3.3,Utiliser et paramétrer des frameworks adaptés,AUTO-AUT24,Analyser la stabilité des systèmes LTI à partir de la partie réelle des pôles de leur fonction de transfert.,0,0.2128126174
developper-3.3,Utiliser et paramétrer des frameworks adaptés,AUTO-AUT25,Déterminer les marges de stabilité à partir des diagrammes fréquentiels en boucle ouverte.,0,0.3259838820
developper-3.3,Utiliser et paramétrer des frameworks adaptés,AUTO-AUT26,Interpréter la signification des marges de stabilité pour évaluer la robustesse de la stabilité en boucle fermée.,0,0.2367169857
developper-3.3,Utiliser et paramétrer des frameworks adaptés,AUTO-AUT27,Analyser l’erreur statique en régime permanent pour différents types de signaux d’entrée en fonction de la classe du système.,0,0.2640304565
developper-3.3,Utiliser et paramétrer des frameworks adaptés,AUTO-AUT28,Analyser le rejet asymptotique des perturbations en fonction de la structure du système et du nombre d’intégrateurs.,0,0.2045744210
developper-3.3,Utiliser et paramétrer des frameworks adaptés,AUTO-AUT29,Comprendre les limitations des systèmes non corrigés et la nécessité d’ajouter des correcteurs.,0,0.3663402200
developper-3.3,Utiliser et paramétrer des frameworks adaptés,AUTO-AUT30,Décrire la fonction et les effets d’un correcteur intégral (I) sur les performances du système et sa réponse fréquentielle.,0,0.2974737883
developper-3.3,Utiliser et paramétrer des frameworks adaptés,AUTO-AUT31,"Décrire la fonction et les effets d’un correcteur proportionnel-intégral (PI), combinant amélioration de la précision et impact minimal sur la dynamique rapide.",0,0.3770678937
developper-3.3,Utiliser et paramétrer des frameworks adaptés,AUTO-AUT32,"Décrire la fonction et les effets d’un correcteur proportionnel-dérivatif (PD), améliorant principalement la stabilité et la dynamique rapide.",0,0.3375346959
developper-3.3,Utiliser et paramétrer des frameworks adaptés,AUTO-AUT33,Décrire la fonction et les effets d’un correcteur à avance de phase comme approximation causale d’un correcteur PD.,0,0.3395253718
developper-3.3,Utiliser et paramétrer des frameworks adaptés,AUTO-AUT34,Décrire les effets combinés et la structure d’un correcteur proportionnel-intégral-dérivatif (PID).,0,0.3525006473
developper-3.3,Utiliser et paramétrer des frameworks adaptés,AUTO-AUT35,Tracer les diagrammes de Bode asymptotiques à partir de la forme normalisée de la fonction de transfert.,0,0.2948198318
developper-3.3,Utiliser et paramétrer des frameworks adaptés,AUTO-AUT36,Tracer un diagramme de Nyquist,0,0.2975719571
developper-3.3,Utiliser et paramétrer des frameworks adaptés,AUTO-AUT37,Tracer un diagramme de Black,0,0.3822897673
developper-4.1,Automatiser les tâches de validation et de déploiement,AUTO-AUT01,"Définir et classer les systèmes selon des caractéristiques telles que : statique/dynamique, monovariable/multivariable, continu/discret, linéaire/non-linéaire, causal et invariant.",0,0.3213939071
developper-4.1,Automatiser les tâches de validation et de déploiement,AUTO-AUT02,"Décrire la nature des signaux d'entrée/sortie, qu'ils soient continus ou discrets.",0,0.1973024905
developper-4.1,Automatiser les tâches de validation et de déploiement,AUTO-AUT03,"Identifier la classe d’un système à partir de sa réponse indicielle, impulsionnelle, etc.",0,0.2205779850
developper-4.1,Automatiser les tâches de validation et de déploiement,AUTO-AUT04,Représenter des signaux en utilisant un outil numérique (Scilab),0,0.2605239153
developper-4.1,Automatiser les tâches de validation et de déploiement,AUTO-AUT05,Analyser la stabilité d’un système en étudiant sa fonction de transfert à l’aide d’un outil numérique (Scilab),0,0.4437742233
developper-4.1,Automatiser les tâches de validation et de déploiement,AUTO-AUT06,"Tracer des les diagrammes de réponse en fréquence (gain, phase) à l’aide d’un outil numérique (Scilab)",0,0.3167386055
developper-4.1,Automatiser les tâches de validation et de déploiement,AUTO-AUT07,"Identifier les exigences clés dans la conception d’un système de commande : stabilité, marges, précision, rapidité, rejet des perturbations, robustesse.",0,0.4322539568
developper-4.1,Automatiser les tâches de validation et de déploiement,AUTO-AUT08,"Proposer une stratégie générale pour analyser un système non corrigé, définir les exigences, synthétiser un correcteur et vérifier les performances.",0,0.3969354033
developper-4.1,Automatiser les tâches de validation et de déploiement,AUTO-AUT09,Déterminer la fonction de transfert d'un système LTI continu à partir de son équation différentielle.,0,0.3703383803
developper-4.1,Automatiser les tâches de validation et de déploiement,AUTO-AUT10,"Identifier les éléments caractéristiques d'une fonction de transfert : pôles, zéros et gain.",0,0.3724201620
developper-4.1,Automatiser les tâches de validation et de déploiement,AUTO-AUT11,"Analyser la réponse temporelle des systèmes du premier ordre (intégrateur, premier ordre) soumis à des signaux d’entrée standards.",0,0.3052725494
developper-4.1,Automatiser les tâches de validation et de déploiement,AUTO-AUT12,"Analyser les caractéristiques temporelles (amortissement, oscillations, temps de stabilisation) des systèmes du second ordre en fonction de leurs pôles et de leurs paramètres.",0,0.3744688034
developper-4.1,Automatiser les tâches de validation et de déploiement,AUTO-AUT13,Appliquer la transformée de Laplace et ses propriétés aux signaux et aux systèmes.,0,0.3687336445
developper-4.1,Automatiser les tâches de validation et de déploiement,AUTO-AUT14,"Analyser la réponse fréquentielle des systèmes LTI à l’aide des diagrammes de Bode, Nyquist et Black.",0,0.2704420686
developper-4.1,Automatiser les tâches de validation et de déploiement,AUTO-AUT15,Appliquer le critère de Routh pour déterminer la stabilité d’un système en boucle fermée à partir de son équation caractéristique.,0,0.2887541056
developper-4.1,Automatiser les tâches de validation et de déploiement,AUTO-AUT16,Appliquer le critère de Nyquist pour déterminer la stabilité en boucle fermée à partir du diagramme de la fonction de transfert en boucle ouverte autour du point critique (-1).,0,0.3766930997
developper-4.1,Automatiser les tâches de validation et de déploiement,AUTO-AUT17,"Évaluer les performances dynamiques (rapidité, amortissement) des systèmes en boucle fermée, en les reliant si possible aux caractéristiques en boucle ouverte.",0,0.3568554521
developper-4.1,Automatiser les tâches de validation et de déploiement,AUTO-AUT18,"Interpréter les diagrammes de réponse fréquentielle (gain, phase) pour les systèmes élémentaires : gain pur, intégrateur, dérivateur, éléments du premier et du second ordre.",0,0.3566157520
developper-4.1,Automatiser les tâches de validation et de déploiement,AUTO-AUT19,"Relier les performances en temps (constante de temps, temps de montée) aux notions fréquentielles (fréquence de coupure, bande passante) pour les systèmes du premier ordre.",0,0.2426685989
developper-4.1,Automatiser les tâches de validation et de déploiement,AUTO-AUT20,Utiliser le critère du Revers pour une évaluation simplifiée de la stabilité à partir du diagramme de Nyquist ou de Black.,0,0.2555285096
developper-4.1,Automatiser les tâches de validation et de déploiement,AUTO-AUT21,Identifier les pôles dominants dans les systèmes d’ordre supérieur et analyser leur influence sur la réponse transitoire.,0,0.3032689691
developper-4.1,Automatiser les tâches de validation et de déploiement,AUTO-AUT22,Décrire la structure et le rôle d’un système automatique ou d’un système asservi (boucle de rétroaction).,0,0.4962859154
developper-4.1,Automatiser les tâches de validation et de déploiement,AUTO-AUT23,Distinguer les caractéristiques des systèmes en boucle ouverte et en boucle fermée.,0,0.2594076991
developper-4.1,Automatiser les tâches de validation et de déploiement,AUTO-AUT24,Analyser la stabilité des systèmes LTI à partir de la partie réelle des pôles de leur fonction de transfert.,0,0.3699582815
developper-4.1,Automatiser les tâches de validation et de déploiement,AUTO-AUT25,Déterminer les marges de stabilité à partir des diagrammes fréquentiels en boucle ouverte.,0,0.2040481865
developper-4.1,Automatiser les tâches de validation et de déploiement,AUTO-AUT26,Interpréter la signification des marges de stabilité pour évaluer la robustesse de la stabilité en boucle fermée.,0,0.2998076379
developper-4.1,Automatiser les tâches de validation et de déploiement,AUTO-AUT27,Analyser l’erreur statique en régime permanent pour différents types de signaux d’entrée en fonction de la classe du système.,0,0.3757101297
developper-4.1,Automatiser les tâches de validation et de déploiement,AUTO-AUT28,Analyser le rejet asymptotique des perturbations en fonction de la structure du système et du nombre d’intégrateurs.,0,0.3558074236
developper-4.1,Automatiser les tâches de validation et de déploiement,AUTO-AUT29,Comprendre les limitations des systèmes non corrigés et la nécessité d’ajouter des correcteurs.,0,0.3682397604
developper-4.1,Automatiser les tâches de validation et de déploiement,AUTO-AUT30,Décrire la fonction et les effets d’un correcteur intégral (I) sur les performances du système et sa réponse fréquentielle.,0,0.3672586679
developper-4.1,Automatiser les tâches de validation et de déploiement,AUTO-AUT31,"Décrire la fonction et les effets d’un correcteur proportionnel-intégral (PI), combinant amélioration de la précision et impact minimal sur la dynamique rapide.",0,0.4138357043
developper-4.1,Automatiser les tâches de validation et de déploiement,AUTO-AUT32,"Décrire la fonction et les effets d’un correcteur proportionnel-dérivatif (PD), améliorant principalement la stabilité et la dynamique rapide.",0,0.3873133361
developper-4.1,Automatiser les tâches de validation et de déploiement,AUTO-AUT33,Décrire la fonction et les effets d’un correcteur à avance de phase comme approximation causale d’un correcteur PD.,0,0.4203651249
developper-4.1,Automatiser les tâches de validation et de déploiement,AUTO-AUT34,Décrire les effets combinés et la structure d’un correcteur proportionnel-intégral-dérivatif (PID).,0,0.3166216016
developper-4.1,Automatiser les tâches de validation et de déploiement,AUTO-AUT35,Tracer les diagrammes de Bode asymptotiques à partir de la forme normalisée de la fonction de transfert.,0,0.3385267854
developper-4.1,Automatiser les tâches de validation et de déploiement,AUTO-AUT36,Tracer un diagramme de Nyquist,0,0.2279997766
developper-4.1,Automatiser les tâches de validation et de déploiement,AUTO-AUT37,Tracer un diagramme de Black,0,0.2133272588
developper-4.2,Mettre en œuvre l’architecture matérielle et logicielle,AUTO-AUT01,"Définir et classer les systèmes selon des caractéristiques telles que : statique/dynamique, monovariable/multivariable, continu/discret, linéaire/non-linéaire, causal et invariant.",0,0.4051748514
developper-4.2,Mettre en œuvre l’architecture matérielle et logicielle,AUTO-AUT02,"Décrire la nature des signaux d'entrée/sortie, qu'ils soient continus ou discrets.",0,0.1662348360
developper-4.2,Mettre en œuvre l’architecture matérielle et logicielle,AUTO-AUT03,"Identifier la classe d’un système à partir de sa réponse indicielle, impulsionnelle, etc.",0,0.2009049654
developper-4.2,Mettre en œuvre l’architecture matérielle et logicielle,AUTO-AUT04,Représenter des signaux en utilisant un outil numérique (Scilab),0,0.2897302508
developper-4.2,Mettre en œuvre l’architecture matérielle et logicielle,AUTO-AUT05,Analyser la stabilité d’un système en étudiant sa fonction de transfert à l’aide d’un outil numérique (Scilab),0,0.4116052389
developper-4.2,Mettre en œuvre l’architecture matérielle et logicielle,AUTO-AUT06,"Tracer des les diagrammes de réponse en fréquence (gain, phase) à l’aide d’un outil numérique (Scilab)",0,0.2061437368
developper-4.2,Mettre en œuvre l’architecture matérielle et logicielle,AUTO-AUT07,"Identifier les exigences clés dans la conception d’un système de commande : stabilité, marges, précision, rapidité, rejet des perturbations, robustesse.",0,0.3175624609
developper-4.2,Mettre en œuvre l’architecture matérielle et logicielle,AUTO-AUT08,"Proposer une stratégie générale pour analyser un système non corrigé, définir les exigences, synthétiser un correcteur et vérifier les performances.",0,0.3890203834
developper-4.2,Mettre en œuvre l’architecture matérielle et logicielle,AUTO-AUT09,Déterminer la fonction de transfert d'un système LTI continu à partir de son équation différentielle.,0,0.3713052869
developper-4.2,Mettre en œuvre l’architecture matérielle et logicielle,AUTO-AUT10,"Identifier les éléments caractéristiques d'une fonction de transfert : pôles, zéros et gain.",0,0.2637407482
developper-4.2,Mettre en œuvre l’architecture matérielle et logicielle,AUTO-AUT11,"Analyser la réponse temporelle des systèmes du premier ordre (intégrateur, premier ordre) soumis à des signaux d’entrée standards.",0,0.2337028384
developper-4.2,Mettre en œuvre l’architecture matérielle et logicielle,AUTO-AUT12,"Analyser les caractéristiques temporelles (amortissement, oscillations, temps de stabilisation) des systèmes du second ordre en fonction de leurs pôles et de leurs paramètres.",0,0.3629136086
developper-4.2,Mettre en œuvre l’architecture matérielle et logicielle,AUTO-AUT13,Appliquer la transformée de Laplace et ses propriétés aux signaux et aux systèmes.,0,0.4265198708
developper-4.2,Mettre en œuvre l’architecture matérielle et logicielle,AUTO-AUT14,"Analyser la réponse fréquentielle des systèmes LTI à l’aide des diagrammes de Bode, Nyquist et Black.",0,0.2975764573
developper-4.2,Mettre en œuvre l’architecture matérielle et logicielle,AUTO-AUT15,Appliquer le critère de Routh pour déterminer la stabilité d’un système en boucle fermée à partir de son équation caractéristique.,0,0.2913475335
developper-4.2,Mettre en œuvre l’architecture matérielle et logicielle,AUTO-AUT16,Appliquer le critère de Nyquist pour déterminer la stabilité en boucle fermée à partir du diagramme de la fonction de transfert en boucle ouverte autour du point critique (-1).,0,0.3146036267
developper-4.2,Mettre en œuvre l’architecture matérielle et logicielle,AUTO-AUT17,"Évaluer les performances dynamiques (rapidité, amortissement) des systèmes en boucle fermée, en les reliant si possible aux caractéristiques en boucle ouverte.",0,0.3675222993
developper-4.2,Mettre en œuvre l’architecture matérielle et logicielle,AUTO-AUT18,"Interpréter les diagrammes de réponse fréquentielle (gain, phase) pour les systèmes élémentaires : gain pur, intégrateur, dérivateur, éléments du premier et du second ordre.",0,0.2614226937
developper-4.2,Mettre en œuvre l’architecture matérielle et logicielle,AUTO-AUT19,"Relier les performances en temps (constante de temps, temps de montée) aux notions fréquentielles (fréquence de coupure, bande passante) pour les systèmes du premier ordre.",0,0.2057732046
developper-4.2,Mettre en œuvre l’architecture matérielle et logicielle,AUTO-AUT20,Utiliser le critère du Revers pour une évaluation simplifiée de la stabilité à partir du diagramme de Nyquist ou de Black.,0,0.2244165838
developper-4.2,Mettre en œuvre l’architecture matérielle et logicielle,AUTO-AUT21,Identifier les pôles dominants dans les systèmes d’ordre supérieur et analyser leur influence sur la réponse transitoire.,0,0.2116924524
developper-4.2,Mettre en œuvre l’architecture matérielle et logicielle,AUTO-AUT22,Décrire la structure et le rôle d’un système automatique ou d’un système asservi (boucle de rétroaction).,0,0.4014872313
developper-4.2,Mettre en œuvre l’architecture matérielle et logicielle,AUTO-AUT23,Distinguer les caractéristiques des systèmes en boucle ouverte et en boucle fermée.,0,0.2396688908
developper-4.2,Mettre en œuvre l’architecture matérielle et logicielle,AUTO-AUT24,Analyser la stabilité des systèmes LTI à partir de la partie réelle des pôles de leur fonction de transfert.,0,0.3306118250
developper-4.2,Mettre en œuvre l’architecture matérielle et logicielle,AUTO-AUT25,Déterminer les marges de stabilité à partir des diagrammes fréquentiels en boucle ouverte.,0,0.1759484857
developper-4.2,Mettre en œuvre l’architecture matérielle et logicielle,AUTO-AUT26,Interpréter la signification des marges de stabilité pour évaluer la robustesse de la stabilité en boucle fermée.,0,0.2440277338
developper-4.2,Mettre en œuvre l’architecture matérielle et logicielle,AUTO-AUT27,Analyser l’erreur statique en régime permanent pour différents types de signaux d’entrée en fonction de la classe du système.,0,0.3186308146
developper-4.2,Mettre en œuvre l’architecture matérielle et logicielle,AUTO-AUT28,Analyser le rejet asymptotique des perturbations en fonction de la structure du système et du nombre d’intégrateurs.,0,0.2399841845
developper-4.2,Mettre en œuvre l’architecture matérielle et logicielle,AUTO-AUT29,Comprendre les limitations des systèmes non corrigés et la nécessité d’ajouter des correcteurs.,0,0.2385168970
developper-4.2,Mettre en œuvre l’architecture matérielle et logicielle,AUTO-AUT30,Décrire la fonction et les effets d’un correcteur intégral (I) sur les performances du système et sa réponse fréquentielle.,0,0.2923364937
developper-4.2,Mettre en œuvre l’architecture matérielle et logicielle,AUTO-AUT31,"Décrire la fonction et les effets d’un correcteur proportionnel-intégral (PI), combinant amélioration de la précision et impact minimal sur la dynamique rapide.",0,0.3485239744
developper-4.2,Mettre en œuvre l’architecture matérielle et logicielle,AUTO-AUT32,"Décrire la fonction et les effets d’un correcteur proportionnel-dérivatif (PD), améliorant principalement la stabilité et la dynamique rapide.",0,0.2747949958
developper-4.2,Mettre en œuvre l’architecture matérielle et logicielle,AUTO-AUT33,Décrire la fonction et les effets d’un correcteur à avance de phase comme approximation causale d’un correcteur PD.,0,0.2948555350
developper-4.2,Mettre en œuvre l’architecture matérielle et logicielle,AUTO-AUT34,Décrire les effets combinés et la structure d’un correcteur proportionnel-intégral-dérivatif (PID).,0,0.2843268514
developper-4.2,Mettre en œuvre l’architecture matérielle et logicielle,AUTO-AUT35,Tracer les diagrammes de Bode asymptotiques à partir de la forme normalisée de la fonction de transfert.,0,0.2355175465
developper-4.2,Mettre en œuvre l’architecture matérielle et logicielle,AUTO-AUT36,Tracer un diagramme de Nyquist,0,0.2358187139
developper-4.2,Mettre en œuvre l’architecture matérielle et logicielle,AUTO-AUT37,Tracer un diagramme de Black,0,0.1610288620
gerer-1.1,Utiliser une forge pour la gestion des tickets,AUTO-AUT01,"Définir et classer les systèmes selon des caractéristiques telles que : statique/dynamique, monovariable/multivariable, continu/discret, linéaire/non-linéaire, causal et invariant.",0,0.3212682605
gerer-1.1,Utiliser une forge pour la gestion des tickets,AUTO-AUT02,"Décrire la nature des signaux d'entrée/sortie, qu'ils soient continus ou discrets.",0,0.1419940144
gerer-1.1,Utiliser une forge pour la gestion des tickets,AUTO-AUT03,"Identifier la classe d’un système à partir de sa réponse indicielle, impulsionnelle, etc.",0,0.2026002705
gerer-1.1,Utiliser une forge pour la gestion des tickets,AUTO-AUT04,Représenter des signaux en utilisant un outil numérique (Scilab),0,0.2820740044
gerer-1.1,Utiliser une forge pour la gestion des tickets,AUTO-AUT05,Analyser la stabilité d’un système en étudiant sa fonction de transfert à l’aide d’un outil numérique (Scilab),0,0.4443883896
gerer-1.1,Utiliser une forge pour la gestion des tickets,AUTO-AUT06,"Tracer des les diagrammes de réponse en fréquence (gain, phase) à l’aide d’un outil numérique (Scilab)",0,0.3415962458
gerer-1.1,Utiliser une forge pour la gestion des tickets,AUTO-AUT07,"Identifier les exigences clés dans la conception d’un système de commande : stabilité, marges, précision, rapidité, rejet des perturbations, robustesse.",0,0.3348515332
gerer-1.1,Utiliser une forge pour la gestion des tickets,AUTO-AUT08,"Proposer une stratégie générale pour analyser un système non corrigé, définir les exigences, synthétiser un correcteur et vérifier les performances.",0,0.3272360563
gerer-1.1,Utiliser une forge pour la gestion des tickets,AUTO-AUT09,Déterminer la fonction de transfert d'un système LTI continu à partir de son équation différentielle.,0,0.2553554773
gerer-1.1,Utiliser une forge pour la gestion des tickets,AUTO-AUT10,"Identifier les éléments caractéristiques d'une fonction de transfert : pôles, zéros et gain.",0,0.2521787584
gerer-1.1,Utiliser une forge pour la gestion des tickets,AUTO-AUT11,"Analyser la réponse temporelle des systèmes du premier ordre (intégrateur, premier ordre) soumis à des signaux d’entrée standards.",0,0.1891804188
gerer-1.1,Utiliser une forge pour la gestion des tickets,AUTO-AUT12,"Analyser les caractéristiques temporelles (amortissement, oscillations, temps de stabilisation) des systèmes du second ordre en fonction de leurs pôles et de leurs paramètres.",0,0.2360018790
gerer-1.1,Utiliser une forge pour la gestion des tickets,AUTO-AUT13,Appliquer la transformée de Laplace et ses propriétés aux signaux et aux systèmes.,0,0.2704727054
gerer-1.1,Utiliser une forge pour la gestion des tickets,AUTO-AUT14,"Analyser la réponse fréquentielle des systèmes LTI à l’aide des diagrammes de Bode, Nyquist et Black.",0,0.2908688784
gerer-1.1,Utiliser une forge pour la gestion des tickets,AUTO-AUT15,Appliquer le critère de Routh pour déterminer la stabilité d’un système en boucle fermée à partir de son équation caractéristique.,0,0.2916492224
gerer-1.1,Utiliser une forge pour la gestion des tickets,AUTO-AUT16,Appliquer le critère de Nyquist pour déterminer la stabilité en boucle fermée à partir du diagramme de la fonction de transfert en boucle ouverte autour du point critique (-1).,0,0.3859157264
gerer-1.1,Utiliser une forge pour la gestion des tickets,AUTO-AUT17,"Évaluer les performances dynamiques (rapidité, amortissement) des systèmes en boucle fermée, en les reliant si possible aux caractéristiques en boucle ouverte.",0,0.3359684944
gerer-1.1,Utiliser une forge pour la gestion des tickets,AUTO-AUT18,"Interpréter les diagrammes de réponse fréquentielle (gain, phase) pour les systèmes élémentaires : gain pur, intégrateur, dérivateur, éléments du premier et du second ordre.",0,0.3088703156
gerer-1.1,Utiliser une forge pour la gestion des tickets,AUTO-AUT19,"Relier les performances en temps (constante de temps, temps de montée) aux notions fréquentielles (fréquence de coupure, bande passante) pour les systèmes du premier ordre.",0,0.2091358602
gerer-1.1,Utiliser une forge pour la gestion des tickets,AUTO-AUT20,Utiliser le critère du Revers pour une évaluation simplifiée de la stabilité à partir du diagramme de Nyquist ou de Black.,0,0.2316545397
gerer-1.1,Utiliser une forge pour la gestion des tickets,AUTO-AUT21,Identifier les pôles dominants dans les systèmes d’ordre supérieur et analyser leur influence sur la réponse transitoire.,0,0.1712941825
gerer-1.1,Utiliser une forge pour la gestion des tickets,AUTO-AUT22,Décrire la structure et le rôle d’un système automatique ou d’un système asservi (boucle de rétroaction).,0,0.3287668526
gerer-1.1,Utiliser une forge pour la gestion des tickets,AUTO-AUT23,Distinguer les caractéristiques des systèmes en boucle ouverte et en boucle fermée.,0,0.2545191646
gerer-1.1,Utiliser une forge pour la gestion des tickets,AUTO-AUT24,Analyser la stabilité des systèmes LTI à partir de la partie réelle des pôles de leur fonction de transfert.,0,0.2695601881
gerer-1.1,Utiliser une forge pour la gestion des tickets,AUTO-AUT25,Déterminer les marges de stabilité à partir des diagrammes fréquentiels en boucle ouverte.,0,0.2409845889
gerer-1.1,Utiliser une forge pour la gestion des tickets,AUTO-AUT26,Interpréter la signification des marges de stabilité pour évaluer la robustesse de la stabilité en boucle fermée.,0,0.2540719807
gerer-1.1,Utiliser une forge pour la gestion des tickets,AUTO-AUT27,Analyser l’erreur statique en régime permanent pour différents types de signaux d’entrée en fonction de la classe du système.,0,0.2767920494
gerer-1.1,Utiliser une forge pour la gestion des tickets,AUTO-AUT28,Analyser le rejet asymptotique des perturbations en fonction de la structure du système et du nombre d’intégrateurs.,0,0.1752373427
gerer-1.1,Utiliser une forge pour la gestion des tickets,AUTO-AUT29,Comprendre les limitations des systèmes non corrigés et la nécessité d’ajouter des correcteurs.,0,0.1893085837
gerer-1.1,Utiliser une forge pour la gestion des tickets,AUTO-AUT30,Décrire la fonction et les effets d’un correcteur intégral (I) sur les performances du système et sa réponse fréquentielle.,0,0.2876890898
gerer-1.1,Utiliser une forge pour la gestion des tickets,AUTO-AUT31,"Décrire la fonction et les effets d’un correcteur proportionnel-intégral (PI), combinant amélioration de la précision et impact minimal sur la dynamique rapide.",0,0.3698086143
gerer-1.1,Utiliser une forge pour la gestion des tickets,AUTO-AUT32,"Décrire la fonction et les effets d’un correcteur proportionnel-dérivatif (PD), améliorant principalement la stabilité et la dynamique rapide.",0,0.2888080478
gerer-1.1,Utiliser une forge pour la gestion des tickets,AUTO-AUT33,Décrire la fonction et les effets d’un correcteur à avance de phase comme approximation causale d’un correcteur PD.,0,0.2064431459
gerer-1.1,Utiliser une forge pour la gestion des tickets,AUTO-AUT34,Décrire les effets combinés et la structure d’un correcteur proportionnel-intégral-dérivatif (PID).,0,0.1931743473
gerer-1.1,Utiliser une forge pour la gestion des tickets,AUTO-AUT35,Tracer les diagrammes de Bode asymptotiques à partir de la forme normalisée de la fonction de transfert.,0,0.2873337865
gerer-1.1,Utiliser une forge pour la gestion des tickets,AUTO-AUT36,Tracer un diagramme de Nyquist,0,0.1476818770
gerer-1.1,Utiliser une forge pour la gestion des tickets,AUTO-AUT37,Tracer un diagramme de Black,0,0.2635386586
gerer-1.2,Utiliser le cycle de développement en V,AUTO-AUT01,"Définir et classer les systèmes selon des caractéristiques telles que : statique/dynamique, monovariable/multivariable, continu/discret, linéaire/non-linéaire, causal et invariant.",0,0.2544074655
gerer-1.2,Utiliser le cycle de développement en V,AUTO-AUT02,"Décrire la nature des signaux d'entrée/sortie, qu'ils soient continus ou discrets.",0,0.1662415713
gerer-1.2,Utiliser le cycle de développement en V,AUTO-AUT03,"Identifier la classe d’un système à partir de sa réponse indicielle, impulsionnelle, etc.",0,0.2568597794
gerer-1.2,Utiliser le cycle de développement en V,AUTO-AUT04,Représenter des signaux en utilisant un outil numérique (Scilab),0,0.3115996420
gerer-1.2,Utiliser le cycle de développement en V,AUTO-AUT05,Analyser la stabilité d’un système en étudiant sa fonction de transfert à l’aide d’un outil numérique (Scilab),0,0.3934834599
gerer-1.2,Utiliser le cycle de développement en V,AUTO-AUT06,"Tracer des les diagrammes de réponse en fréquence (gain, phase) à l’aide d’un outil numérique (Scilab)",0,0.3560600281
gerer-1.2,Utiliser le cycle de développement en V,AUTO-AUT07,"Identifier les exigences clés dans la conception d’un système de commande : stabilité, marges, précision, rapidité, rejet des perturbations, robustesse.",0,0.2329691350
gerer-1.2,Utiliser le cycle de développement en V,AUTO-AUT08,"Proposer une stratégie générale pour analyser un système non corrigé, définir les exigences, synthétiser un correcteur et vérifier les performances.",0,0.2627661526
gerer-1.2,Utiliser le cycle de développement en V,AUTO-AUT09,Déterminer la fonction de transfert d'un système LTI continu à partir de son équation différentielle.,0,0.3599154949
gerer-1.2,Utiliser le cycle de développement en V,AUTO-AUT10,"Identifier les éléments caractéristiques d'une fonction de transfert : pôles, zéros et gain.",0,0.2211355716
gerer-1.2,Utiliser le cycle de développement en V,AUTO-AUT11,"Analyser la réponse temporelle des systèmes du premier ordre (intégrateur, premier ordre) soumis à des signaux d’entrée standards.",0,0.2057766467
gerer-1.2,Utiliser le cycle de développement en V,AUTO-AUT12,"Analyser les caractéristiques temporelles (amortissement, oscillations, temps de stabilisation) des systèmes du second ordre en fonction de leurs pôles et de leurs paramètres.",0,0.2645499110
gerer-1.2,Utiliser le cycle de développement en V,AUTO-AUT13,Appliquer la transformée de Laplace et ses propriétés aux signaux et aux systèmes.,0,0.3345880806
gerer-1.2,Utiliser le cycle de développement en V,AUTO-AUT14,"Analyser la réponse fréquentielle des systèmes LTI à l’aide des diagrammes de Bode, Nyquist et Black.",0,0.2516205907
gerer-1.2,Utiliser le cycle de développement en V,AUTO-AUT15,Appliquer le critère de Routh pour déterminer la stabilité d’un système en boucle fermée à partir de son équation caractéristique.,0,0.2264786959
gerer-1.2,Utiliser le cycle de développement en V,AUTO-AUT16,Appliquer le critère de Nyquist pour déterminer la stabilité en boucle fermée à partir du diagramme de la fonction de transfert en boucle ouverte autour du point critique (-1).,0,0.2656884193
gerer-1.2,Utiliser le cycle de développement en V,AUTO-AUT17,"Évaluer les performances dynamiques (rapidité, amortissement) des systèmes en boucle fermée, en les reliant si possible aux caractéristiques en boucle ouverte.",0,0.2661964893
gerer-1.2,Utiliser le cycle de développement en V,AUTO-AUT18,"Interpréter les diagrammes de réponse fréquentielle (gain, phase) pour les systèmes élémentaires : gain pur, intégrateur, dérivateur, éléments du premier et du second ordre.",0,0.3134211302
gerer-1.2,Utiliser le cycle de développement en V,AUTO-AUT19,"Relier les performances en temps (constante de temps, temps de montée) aux notions fréquentielles (fréquence de coupure, bande passante) pour les systèmes du premier ordre.",0,0.2535890341
gerer-1.2,Utiliser le cycle de développement en V,AUTO-AUT20,Utiliser le critère du Revers pour une évaluation simplifiée de la stabilité à partir du diagramme de Nyquist ou de Black.,0,0.1786898971
gerer-1.2,Utiliser le cycle de développement en V,AUTO-AUT21,Identifier les pôles dominants dans les systèmes d’ordre supérieur et analyser leur influence sur la réponse transitoire.,0,0.2590210140
gerer-1.2,Utiliser le cycle de développement en V,AUTO-AUT22,Décrire la structure et le rôle d’un système automatique ou d’un système asservi (boucle de rétroaction).,0,0.2633284926
gerer-1.2,Utiliser le cycle de développement en V,AUTO-AUT23,Distinguer les caractéristiques des systèmes en boucle ouverte et en boucle fermée.,0,0.2259272337
gerer-1.2,Utiliser le cycle de développement en V,AUTO-AUT24,Analyser la stabilité des systèmes LTI à partir de la partie réelle des pôles de leur fonction de transfert.,0,0.2219398916
gerer-1.2,Utiliser le cycle de développement en V,AUTO-AUT25,Déterminer les marges de stabilité à partir des diagrammes fréquentiels en boucle ouverte.,0,0.1546096206
gerer-1.2,Utiliser le cycle de développement en V,AUTO-AUT26,Interpréter la signification des marges de stabilité pour évaluer la robustesse de la stabilité en boucle fermée.,0,0.0949776545
gerer-1.2,Utiliser le cycle de développement en V,AUTO-AUT27,Analyser l’erreur statique en régime permanent pour différents types de signaux d’entrée en fonction de la classe du système.,0,0.2594472766
gerer-1.2,Utiliser le cycle de développement en V,AUTO-AUT28,Analyser le rejet asymptotique des perturbations en fonction de la structure du système et du nombre d’intégrateurs.,0,0.2414213121
gerer-1.2,Utiliser le cycle de développement en V,AUTO-AUT29,Comprendre les limitations des systèmes non corrigés et la nécessité d’ajouter des correcteurs.,0,0.1797568798
gerer-1.2,Utiliser le cycle de développement en V,AUTO-AUT30,Décrire la fonction et les effets d’un correcteur intégral (I) sur les performances du système et sa réponse fréquentielle.,0,0.2583251595
gerer-1.2,Utiliser le cycle de développement en V,AUTO-AUT31,"Décrire la fonction et les effets d’un correcteur proportionnel-intégral (PI), combinant amélioration de la précision et impact minimal sur la dynamique rapide.",0,0.2889441848
gerer-1.2,Utiliser le cycle de développement en V,AUTO-AUT32,"Décrire la fonction et les effets d’un correcteur proportionnel-dérivatif (PD), améliorant principalement la stabilité et la dynamique rapide.",0,0.2730017900
gerer-1.2,Utiliser le cycle de développement en V,AUTO-AUT33,Décrire la fonction et les effets d’un correcteur à avance de phase comme approximation causale d’un correcteur PD.,0,0.3033218384
gerer-1.2,Utiliser le cycle de développement en V,AUTO-AUT34,Décrire les effets combinés et la structure d’un correcteur proportionnel-intégral-dérivatif (PID).,0,0.2607358694
gerer-1.2,Utiliser le cycle de développement en V,AUTO-AUT35,Tracer les diagrammes de Bode asymptotiques à partir de la forme normalisée de la fonction de transfert.,0,0.2026977688
gerer-1.2,Utiliser le cycle de développement en V,AUTO-AUT36,Tracer un diagramme de Nyquist,0,0.1467154920
gerer-1.2,Utiliser le cycle de développement en V,AUTO-AUT37,Tracer un diagramme de Black,0,0.1431795210
gerer-2.1,Utiliser un framework de tests unitaires,AUTO-AUT01,"Définir et classer les systèmes selon des caractéristiques telles que : statique/dynamique, monovariable/multivariable, continu/discret, linéaire/non-linéaire, causal et invariant.",0,0.2568003833
gerer-2.1,Utiliser un framework de tests unitaires,AUTO-AUT02,"Décrire la nature des signaux d'entrée/sortie, qu'ils soient continus ou discrets.",0,0.1597699225
gerer-2.1,Utiliser un framework de tests unitaires,AUTO-AUT03,"Identifier la classe d’un système à partir de sa réponse indicielle, impulsionnelle, etc.",0,0.2560648620
gerer-2.1,Utiliser un framework de tests unitaires,AUTO-AUT04,Représenter des signaux en utilisant un outil numérique (Scilab),0,0.4132159352
gerer-2.1,Utiliser un framework de tests unitaires,AUTO-AUT05,Analyser la stabilité d’un système en étudiant sa fonction de transfert à l’aide d’un outil numérique (Scilab),0,0.4622141719
gerer-2.1,Utiliser un framework de tests unitaires,AUTO-AUT06,"Tracer des les diagrammes de réponse en fréquence (gain, phase) à l’aide d’un outil numérique (Scilab)",0,0.4270893931
gerer-2.1,Utiliser un framework de tests unitaires,AUTO-AUT07,"Identifier les exigences clés dans la conception d’un système de commande : stabilité, marges, précision, rapidité, rejet des perturbations, robustesse.",0,0.3618729711
gerer-2.1,Utiliser un framework de tests unitaires,AUTO-AUT08,"Proposer une stratégie générale pour analyser un système non corrigé, définir les exigences, synthétiser un correcteur et vérifier les performances.",0,0.4624814391
gerer-2.1,Utiliser un framework de tests unitaires,AUTO-AUT09,Déterminer la fonction de transfert d'un système LTI continu à partir de son équation différentielle.,0,0.3224342763
gerer-2.1,Utiliser un framework de tests unitaires,AUTO-AUT10,"Identifier les éléments caractéristiques d'une fonction de transfert : pôles, zéros et gain.",0,0.2682468295
gerer-2.1,Utiliser un framework de tests unitaires,AUTO-AUT11,"Analyser la réponse temporelle des systèmes du premier ordre (intégrateur, premier ordre) soumis à des signaux d’entrée standards.",0,0.3399209976
gerer-2.1,Utiliser un framework de tests unitaires,AUTO-AUT12,"Analyser les caractéristiques temporelles (amortissement, oscillations, temps de stabilisation) des systèmes du second ordre en fonction de leurs pôles et de leurs paramètres.",0,0.3352538347
gerer-2.1,Utiliser un framework de tests unitaires,AUTO-AUT13,Appliquer la transformée de Laplace et ses propriétés aux signaux et aux systèmes.,0,0.3091295958
gerer-2.1,Utiliser un framework de tests unitaires,AUTO-AUT14,"Analyser la réponse fréquentielle des systèmes LTI à l’aide des diagrammes de Bode, Nyquist et Black.",0,0.3178748786
gerer-2.1,Utiliser un framework de tests unitaires,AUTO-AUT15,Appliquer le critère de Routh pour déterminer la stabilité d’un système en boucle fermée à partir de son équation caractéristique.,0,0.2676497102
gerer-2.1,Utiliser un framework de tests unitaires,AUTO-AUT16,Appliquer le critère de Nyquist pour déterminer la stabilité en boucle fermée à partir du diagramme de la fonction de transfert en boucle ouverte autour du point critique (-1).,0,0.3318293095
gerer-2.1,Utiliser un framework de tests unitaires,AUTO-AUT17,"Évaluer les performances dynamiques (rapidité, amortissement) des systèmes en boucle fermée, en les reliant si possible aux caractéristiques en boucle ouverte.",0,0.2896029353
gerer-2.1,Utiliser un framework de tests unitaires,AUTO-AUT18,"Interpréter les diagrammes de réponse fréquentielle (gain, phase) pour les systèmes élémentaires : gain pur, intégrateur, dérivateur, éléments du premier et du second ordre.",0,0.3410015106
gerer-2.1,Utiliser un framework de tests unitaires,AUTO-AUT19,"Relier les performances en temps (constante de temps, temps de montée) aux notions fréquentielles (fréquence de coupure, bande passante) pour les systèmes du premier ordre.",0,0.2766736746
gerer-2.1,Utiliser un framework de tests unitaires,AUTO-AUT20,Utiliser le critère du Revers pour une évaluation simplifiée de la stabilité à partir du diagramme de Nyquist ou de Black.,0,0.2961604595
gerer-2.1,Utiliser un framework de tests unitaires,AUTO-AUT21,Identifier les pôles dominants dans les systèmes d’ordre supérieur et analyser leur influence sur la réponse transitoire.,0,0.3132263422
gerer-2.1,Utiliser un framework de tests unitaires,AUTO-AUT22,Décrire la structure et le rôle d’un système automatique ou d’un système asservi (boucle de rétroaction).,0,0.3093805909
gerer-2.1,Utiliser un framework de tests unitaires,AUTO-AUT23,Distinguer les caractéristiques des systèmes en boucle ouverte et en boucle fermée.,0,0.2491752505
gerer-2.1,Utiliser un framework de tests unitaires,AUTO-AUT24,Analyser la stabilité des systèmes LTI à partir de la partie réelle des pôles de leur fonction de transfert.,0,0.2691568136
gerer-2.1,Utiliser un framework de tests unitaires,AUTO-AUT25,Déterminer les marges de stabilité à partir des diagrammes fréquentiels en boucle ouverte.,0,0.2330802381
gerer-2.1,Utiliser un framework de tests unitaires,AUTO-AUT26,Interpréter la signification des marges de stabilité pour évaluer la robustesse de la stabilité en boucle fermée.,0,0.2181782424
gerer-2.1,Utiliser un framework de tests unitaires,AUTO-AUT27,Analyser l’erreur statique en régime permanent pour différents types de signaux d’entrée en fonction de la classe du système.,0,0.2885748446
gerer-2.1,Utiliser un framework de tests unitaires,AUTO-AUT28,Analyser le rejet asymptotique des perturbations en fonction de la structure du système et du nombre d’intégrateurs.,0,0.2883860469
gerer-2.1,Utiliser un framework de tests unitaires,AUTO-AUT29,Comprendre les limitations des systèmes non corrigés et la nécessité d’ajouter des correcteurs.,0,0.2879003584
gerer-2.1,Utiliser un framework de tests unitaires,AUTO-AUT30,Décrire la fonction et les effets d’un correcteur intégral (I) sur les performances du système et sa réponse fréquentielle.,0,0.2811440527
gerer-2.1,Utiliser un framework de tests unitaires,AUTO-AUT31,"Décrire la fonction et les effets d’un correcteur proportionnel-intégral (PI), combinant amélioration de la précision et impact minimal sur la dynamique rapide.",0,0.3180920482
gerer-2.1,Utiliser un framework de tests unitaires,AUTO-AUT32,"Décrire la fonction et les effets d’un correcteur proportionnel-dérivatif (PD), améliorant principalement la stabilité et la dynamique rapide.",0,0.2402148694
gerer-2.1,Utiliser un framework de tests unitaires,AUTO-AUT33,Décrire la fonction et les effets d’un correcteur à avance de phase comme approximation causale d’un correcteur PD.,0,0.2681070268
gerer-2.1,Utiliser un framework de tests unitaires,AUTO-AUT34,Décrire les effets combinés et la structure d’un correcteur proportionnel-intégral-dérivatif (PID).,0,0.2901762128
gerer-2.1,Utiliser un framework de tests unitaires,AUTO-AUT35,Tracer les diagrammes de Bode asymptotiques à partir de la forme normalisée de la fonction de transfert.,0,0.2936706543
gerer-2.1,Utiliser un framework de tests unitaires,AUTO-AUT36,Tracer un diagramme de Nyquist,0,0.2133495808
gerer-2.1,Utiliser un framework de tests unitaires,AUTO-AUT37,Tracer un diagramme de Black,0,0.3117933273
gerer-2.2,Utiliser un logiciel d’audit de code statique,AUTO-AUT01,"Définir et classer les systèmes selon des caractéristiques telles que : statique/dynamique, monovariable/multivariable, continu/discret, linéaire/non-linéaire, causal et invariant.",0,0.3444610238
gerer-2.2,Utiliser un logiciel d’audit de code statique,AUTO-AUT02,"Décrire la nature des signaux d'entrée/sortie, qu'ils soient continus ou discrets.",0,0.2051183581
gerer-2.2,Utiliser un logiciel d’audit de code statique,AUTO-AUT03,"Identifier la classe d’un système à partir de sa réponse indicielle, impulsionnelle, etc.",0,0.2316827029
gerer-2.2,Utiliser un logiciel d’audit de code statique,AUTO-AUT04,Représenter des signaux en utilisant un outil numérique (Scilab),0,0.3955456018
gerer-2.2,Utiliser un logiciel d’audit de code statique,AUTO-AUT05,Analyser la stabilité d’un système en étudiant sa fonction de transfert à l’aide d’un outil numérique (Scilab),0,0.5058956146
gerer-2.2,Utiliser un logiciel d’audit de code statique,AUTO-AUT06,"Tracer des les diagrammes de réponse en fréquence (gain, phase) à l’aide d’un outil numérique (Scilab)",0,0.3384740651
gerer-2.2,Utiliser un logiciel d’audit de code statique,AUTO-AUT07,"Identifier les exigences clés dans la conception d’un système de commande : stabilité, marges, précision, rapidité, rejet des perturbations, robustesse.",0,0.4162675142
gerer-2.2,Utiliser un logiciel d’audit de code statique,AUTO-AUT08,"Proposer une stratégie générale pour analyser un système non corrigé, définir les exigences, synthétiser un correcteur et vérifier les performances.",0,0.3535895348
gerer-2.2,Utiliser un logiciel d’audit de code statique,AUTO-AUT09,Déterminer la fonction de transfert d'un système LTI continu à partir de son équation différentielle.,0,0.2700919807
gerer-2.2,Utiliser un logiciel d’audit de code statique,AUTO-AUT10,"Identifier les éléments caractéristiques d'une fonction de transfert : pôles, zéros et gain.",0,0.1801143587
gerer-2.2,Utiliser un logiciel d’audit de code statique,AUTO-AUT11,"Analyser la réponse temporelle des systèmes du premier ordre (intégrateur, premier ordre) soumis à des signaux d’entrée standards.",0,0.2942149341
gerer-2.2,Utiliser un logiciel d’audit de code statique,AUTO-AUT12,"Analyser les caractéristiques temporelles (amortissement, oscillations, temps de stabilisation) des systèmes du second ordre en fonction de leurs pôles et de leurs paramètres.",0,0.3211309314
gerer-2.2,Utiliser un logiciel d’audit de code statique,AUTO-AUT13,Appliquer la transformée de Laplace et ses propriétés aux signaux et aux systèmes.,0,0.3554389477
gerer-2.2,Utiliser un logiciel d’audit de code statique,AUTO-AUT14,"Analyser la réponse fréquentielle des systèmes LTI à l’aide des diagrammes de Bode, Nyquist et Black.",0,0.3310657740
gerer-2.2,Utiliser un logiciel d’audit de code statique,AUTO-AUT15,Appliquer le critère de Routh pour déterminer la stabilité d’un système en boucle fermée à partir de son équation caractéristique.,0,0.3479081094
gerer-2.2,Utiliser un logiciel d’audit de code statique,AUTO-AUT16,Appliquer le critère de Nyquist pour déterminer la stabilité en boucle fermée à partir du diagramme de la fonction de transfert en boucle ouverte autour du point critique (-1).,0,0.3417277932
gerer-2.2,Utiliser un logiciel d’audit de code statique,AUTO-AUT17,"Évaluer les performances dynamiques (rapidité, amortissement) des systèmes en boucle fermée, en les reliant si possible aux caractéristiques en boucle ouverte.",0,0.3672879338
gerer-2.2,Utiliser un logiciel d’audit de code statique,AUTO-AUT18,"Interpréter les diagrammes de réponse fréquentielle (gain, phase) pour les systèmes élémentaires : gain pur, intégrateur, dérivateur, éléments du premier et du second ordre.",0,0.2780269980
gerer-2.2,Utiliser un logiciel d’audit de code statique,AUTO-AUT19,"Relier les performances en temps (constante de temps, temps de montée) aux notions fréquentielles (fréquence de coupure, bande passante) pour les systèmes du premier ordre.",0,0.2388010621
gerer-2.2,Utiliser un logiciel d’audit de code statique,AUTO-AUT20,Utiliser le critère du Revers pour une évaluation simplifiée de la stabilité à partir du diagramme de Nyquist ou de Black.,0,0.3628591001
gerer-2.2,Utiliser un logiciel d’audit de code statique,AUTO-AUT21,Identifier les pôles dominants dans les systèmes d’ordre supérieur et analyser leur influence sur la réponse transitoire.,0,0.2749350667
gerer-2.2,Utiliser un logiciel d’audit de code statique,AUTO-AUT22,Décrire la structure et le rôle d’un système automatique ou d’un système asservi (boucle de rétroaction).,0,0.3187085390
gerer-2.2,Utiliser un logiciel d’audit de code statique,AUTO-AUT23,Distinguer les caractéristiques des systèmes en boucle ouverte et en boucle fermée.,0,0.2463712990
gerer-2.2,Utiliser un logiciel d’audit de code statique,AUTO-AUT24,Analyser la stabilité des systèmes LTI à partir de la partie réelle des pôles de leur fonction de transfert.,0,0.3006544709
gerer-2.2,Utiliser un logiciel d’audit de code statique,AUTO-AUT25,Déterminer les marges de stabilité à partir des diagrammes fréquentiels en boucle ouverte.,0,0.2734536529
gerer-2.2,Utiliser un logiciel d’audit de code statique,AUTO-AUT26,Interpréter la signification des marges de stabilité pour évaluer la robustesse de la stabilité en boucle fermée.,0,0.4091150165
gerer-2.2,Utiliser un logiciel d’audit de code statique,AUTO-AUT27,Analyser l’erreur statique en régime permanent pour différents types de signaux d’entrée en fonction de la classe du système.,0,0.4937763214
gerer-2.2,Utiliser un logiciel d’audit de code statique,AUTO-AUT28,Analyser le rejet asymptotique des perturbations en fonction de la structure du système et du nombre d’intégrateurs.,0,0.3242994547
gerer-2.2,Utiliser un logiciel d’audit de code statique,AUTO-AUT29,Comprendre les limitations des systèmes non corrigés et la nécessité d’ajouter des correcteurs.,0,0.3783372641
gerer-2.2,Utiliser un logiciel d’audit de code statique,AUTO-AUT30,Décrire la fonction et les effets d’un correcteur intégral (I) sur les performances du système et sa réponse fréquentielle.,0,0.2818934917
gerer-2.2,Utiliser un logiciel d’audit de code statique,AUTO-AUT31,"Décrire la fonction et les effets d’un correcteur proportionnel-intégral (PI), combinant amélioration de la précision et impact minimal sur la dynamique rapide.",0,0.3363296986
gerer-2.2,Utiliser un logiciel d’audit de code statique,AUTO-AUT32,"Décrire la fonction et les effets d’un correcteur proportionnel-dérivatif (PD), améliorant principalement la stabilité et la dynamique rapide.",0,0.2831866741
gerer-2.2,Utiliser un logiciel d’audit de code statique,AUTO-AUT33,Décrire la fonction et les effets d’un correcteur à avance de phase comme approximation causale d’un correcteur PD.,0,0.2836046219
gerer-2.2,Utiliser un logiciel d’audit de code statique,AUTO-AUT34,Décrire les effets combinés et la structure d’un correcteur proportionnel-intégral-dérivatif (PID).,0,0.2688798904
gerer-2.2,Utiliser un logiciel d’audit de code statique,AUTO-AUT35,Tracer les diagrammes de Bode asymptotiques à partir de la forme normalisée de la fonction de transfert.,0,0.2410031259
gerer-2.2,Utiliser un logiciel d’audit de code statique,AUTO-AUT36,Tracer un diagramme de Nyquist,0,0.2099415809
gerer-2.2,Utiliser un logiciel d’audit de code statique,AUTO-AUT37,Tracer un diagramme de Black,0,0.2692127526
gerer-2.3,Mettre en place des tests de non régression,AUTO-AUT01,"Définir et classer les systèmes selon des caractéristiques telles que : statique/dynamique, monovariable/multivariable, continu/discret, linéaire/non-linéaire, causal et invariant.",0,0.2874928713
gerer-2.3,Mettre en place des tests de non régression,AUTO-AUT02,"Décrire la nature des signaux d'entrée/sortie, qu'ils soient continus ou discrets.",0,0.2175825983
gerer-2.3,Mettre en place des tests de non régression,AUTO-AUT03,"Identifier la classe d’un système à partir de sa réponse indicielle, impulsionnelle, etc.",0,0.1548152864
gerer-2.3,Mettre en place des tests de non régression,AUTO-AUT04,Représenter des signaux en utilisant un outil numérique (Scilab),0,0.2083160281
gerer-2.3,Mettre en place des tests de non régression,AUTO-AUT05,Analyser la stabilité d’un système en étudiant sa fonction de transfert à l’aide d’un outil numérique (Scilab),0,0.4224891961
gerer-2.3,Mettre en place des tests de non régression,AUTO-AUT06,"Tracer des les diagrammes de réponse en fréquence (gain, phase) à l’aide d’un outil numérique (Scilab)",0,0.3188251257
gerer-2.3,Mettre en place des tests de non régression,AUTO-AUT07,"Identifier les exigences clés dans la conception d’un système de commande : stabilité, marges, précision, rapidité, rejet des perturbations, robustesse.",0,0.4057281017
gerer-2.3,Mettre en place des tests de non régression,AUTO-AUT08,"Proposer une stratégie générale pour analyser un système non corrigé, définir les exigences, synthétiser un correcteur et vérifier les performances.",0,0.4840907753
gerer-2.3,Mettre en place des tests de non régression,AUTO-AUT09,Déterminer la fonction de transfert d'un système LTI continu à partir de son équation différentielle.,0,0.3445975184
gerer-2.3,Mettre en place des tests de non régression,AUTO-AUT10,"Identifier les éléments caractéristiques d'une fonction de transfert : pôles, zéros et gain.",0,0.2726878524
gerer-2.3,Mettre en place des tests de non régression,AUTO-AUT11,"Analyser la réponse temporelle des systèmes du premier ordre (intégrateur, premier ordre) soumis à des signaux d’entrée standards.",0,0.2635582685
gerer-2.3,Mettre en place des tests de non régression,AUTO-AUT12,"Analyser les caractéristiques temporelles (amortissement, oscillations, temps de stabilisation) des systèmes du second ordre en fonction de leurs pôles et de leurs paramètres.",0,0.3375776410
gerer-2.3,Mettre en place des tests de non régression,AUTO-AUT13,Appliquer la transformée de Laplace et ses propriétés aux signaux et aux systèmes.,0,0.3345640898
gerer-2.3,Mettre en place des tests de non régression,AUTO-AUT14,"Analyser la réponse fréquentielle des systèmes LTI à l’aide des diagrammes de Bode, Nyquist et Black.",0,0.3344945908
gerer-2.3,Mettre en place des tests de non régression,AUTO-AUT15,Appliquer le critère de Routh pour déterminer la stabilité d’un système en boucle fermée à partir de son équation caractéristique.,0,0.3653646410
gerer-2.3,Mettre en place des tests de non régression,AUTO-AUT16,Appliquer le critère de Nyquist pour déterminer la stabilité en boucle fermée à partir du diagramme de la fonction de transfert en boucle ouverte autour du point critique (-1).,0,0.4097303748
gerer-2.3,Mettre en place des tests de non régression,AUTO-AUT17,"Évaluer les performances dynamiques (rapidité, amortissement) des systèmes en boucle fermée, en les reliant si possible aux caractéristiques en boucle ouverte.",0,0.3769593537
gerer-2.3,Mettre en place des tests de non régression,AUTO-AUT18,"Interpréter les diagrammes de réponse fréquentielle (gain, phase) pour les systèmes élémentaires : gain pur, intégrateur, dérivateur, éléments du premier et du second ordre.",0,0.2772471309
gerer-2.3,Mettre en place des tests de non régression,AUTO-AUT19,"Relier les performances en temps (constante de temps, temps de montée) aux notions fréquentielles (fréquence de coupure, bande passante) pour les systèmes du premier ordre.",0,0.2524779737
gerer-2.3,Mettre en place des tests de non régression,AUTO-AUT20,Utiliser le critère du Revers pour une évaluation simplifiée de la stabilité à partir du diagramme de Nyquist ou de Black.,0,0.3995345831
gerer-2.3,Mettre en place des tests de non régression,AUTO-AUT21,Identifier les pôles dominants dans les systèmes d’ordre supérieur et analyser leur influence sur la réponse transitoire.,0,0.2649107873
gerer-2.3,Mettre en place des tests de non régression,AUTO-AUT22,Décrire la structure et le rôle d’un système automatique ou d’un système asservi (boucle de rétroaction).,0,0.3602237105
gerer-2.3,Mettre en place des tests de non régression,AUTO-AUT23,Distinguer les caractéristiques des systèmes en boucle ouverte et en boucle fermée.,0,0.2619048953
gerer-2.3,Mettre en place des tests de non régression,AUTO-AUT24,Analyser la stabilité des systèmes LTI à partir de la partie réelle des pôles de leur fonction de transfert.,0,0.2837914526
gerer-2.3,Mettre en place des tests de non régression,AUTO-AUT25,Déterminer les marges de stabilité à partir des diagrammes fréquentiels en boucle ouverte.,0,0.3408782482
gerer-2.3,Mettre en place des tests de non régression,AUTO-AUT26,Interpréter la signification des marges de stabilité pour évaluer la robustesse de la stabilité en boucle fermée.,0,0.3200703263
gerer-2.3,Mettre en place des tests de non régression,AUTO-AUT27,Analyser l’erreur statique en régime permanent pour différents types de signaux d’entrée en fonction de la classe du système.,0,0.3549055457
gerer-2.3,Mettre en place des tests de non régression,AUTO-AUT28,Analyser le rejet asymptotique des perturbations en fonction de la structure du système et du nombre d’intégrateurs.,0,0.3335508406
gerer-2.3,Mettre en place des tests de non régression,AUTO-AUT29,Comprendre les limitations des systèmes non corrigés et la nécessité d’ajouter des correcteurs.,0,0.5038442612
gerer-2.3,Mettre en place des tests de non régression,AUTO-AUT30,Décrire la fonction et les effets d’un correcteur intégral (I) sur les performances du système et sa réponse fréquentielle.,0,0.3281998634
gerer-2.3,Mettre en place des tests de non régression,AUTO-AUT31,"Décrire la fonction et les effets d’un correcteur proportionnel-intégral (PI), combinant amélioration de la précision et impact minimal sur la dynamique rapide.",0,0.3685423136
gerer-2.3,Mettre en place des tests de non régression,AUTO-AUT32,"Décrire la fonction et les effets d’un correcteur proportionnel-dérivatif (PD), améliorant principalement la stabilité et la dynamique rapide.",0,0.3605259359
gerer-2.3,Mettre en place des tests de non régression,AUTO-AUT33,Décrire la fonction et les effets d’un correcteur à avance de phase comme approximation causale d’un correcteur PD.,0,0.3461943865
gerer-2.3,Mettre en place des tests de non régression,AUTO-AUT34,Décrire les effets combinés et la structure d’un correcteur proportionnel-intégral-dérivatif (PID).,0,0.3078392148
gerer-2.3,Mettre en place des tests de non régression,AUTO-AUT35,Tracer les diagrammes de Bode asymptotiques à partir de la forme normalisée de la fonction de transfert.,0,0.3013313711
gerer-2.3,Mettre en place des tests de non régression,AUTO-AUT36,Tracer un diagramme de Nyquist,0,0.2485121787
gerer-2.3,Mettre en place des tests de non régression,AUTO-AUT37,Tracer un diagramme de Black,0,0.2733042240
gerer-3.1,Utiliser un cycle de développement Agile,AUTO-AUT01,"Définir et classer les systèmes selon des caractéristiques telles que : statique/dynamique, monovariable/multivariable, continu/discret, linéaire/non-linéaire, causal et invariant.",0,0.2536689937
gerer-3.1,Utiliser un cycle de développement Agile,AUTO-AUT02,"Décrire la nature des signaux d'entrée/sortie, qu'ils soient continus ou discrets.",0,0.1028452143
gerer-3.1,Utiliser un cycle de développement Agile,AUTO-AUT03,"Identifier la classe d’un système à partir de sa réponse indicielle, impulsionnelle, etc.",0,0.2327290773
gerer-3.1,Utiliser un cycle de développement Agile,AUTO-AUT04,Représenter des signaux en utilisant un outil numérique (Scilab),0,0.2962000668
gerer-3.1,Utiliser un cycle de développement Agile,AUTO-AUT05,Analyser la stabilité d’un système en étudiant sa fonction de transfert à l’aide d’un outil numérique (Scilab),0,0.3806353211
gerer-3.1,Utiliser un cycle de développement Agile,AUTO-AUT06,"Tracer des les diagrammes de réponse en fréquence (gain, phase) à l’aide d’un outil numérique (Scilab)",0,0.3558123112
gerer-3.1,Utiliser un cycle de développement Agile,AUTO-AUT07,"Identifier les exigences clés dans la conception d’un système de commande : stabilité, marges, précision, rapidité, rejet des perturbations, robustesse.",0,0.2603324354
gerer-3.1,Utiliser un cycle de développement Agile,AUTO-AUT08,"Proposer une stratégie générale pour analyser un système non corrigé, définir les exigences, synthétiser un correcteur et vérifier les performances.",0,0.2176105976
gerer-3.1,Utiliser un cycle de développement Agile,AUTO-AUT09,Déterminer la fonction de transfert d'un système LTI continu à partir de son équation différentielle.,0,0.2910991609
gerer-3.1,Utiliser un cycle de développement Agile,AUTO-AUT10,"Identifier les éléments caractéristiques d'une fonction de transfert : pôles, zéros et gain.",0,0.1935930550
gerer-3.1,Utiliser un cycle de développement Agile,AUTO-AUT11,"Analyser la réponse temporelle des systèmes du premier ordre (intégrateur, premier ordre) soumis à des signaux d’entrée standards.",0,0.1708559841
gerer-3.1,Utiliser un cycle de développement Agile,AUTO-AUT12,"Analyser les caractéristiques temporelles (amortissement, oscillations, temps de stabilisation) des systèmes du second ordre en fonction de leurs pôles et de leurs paramètres.",0,0.2774190903
gerer-3.1,Utiliser un cycle de développement Agile,AUTO-AUT13,Appliquer la transformée de Laplace et ses propriétés aux signaux et aux systèmes.,0,0.3193080127
gerer-3.1,Utiliser un cycle de développement Agile,AUTO-AUT14,"Analyser la réponse fréquentielle des systèmes LTI à l’aide des diagrammes de Bode, Nyquist et Black.",0,0.2738097608
gerer-3.1,Utiliser un cycle de développement Agile,AUTO-AUT15,Appliquer le critère de Routh pour déterminer la stabilité d’un système en boucle fermée à partir de son équation caractéristique.,0,0.2289321721
gerer-3.1,Utiliser un cycle de développement Agile,AUTO-AUT16,Appliquer le critère de Nyquist pour déterminer la stabilité en boucle fermée à partir du diagramme de la fonction de transfert en boucle ouverte autour du point critique (-1).,0,0.2898128629
gerer-3.1,Utiliser un cycle de développement Agile,AUTO-AUT17,"Évaluer les performances dynamiques (rapidité, amortissement) des systèmes en boucle fermée, en les reliant si possible aux caractéristiques en boucle ouverte.",0,0.2537791133
gerer-3.1,Utiliser un cycle de développement Agile,AUTO-AUT18,"Interpréter les diagrammes de réponse fréquentielle (gain, phase) pour les systèmes élémentaires : gain pur, intégrateur, dérivateur, éléments du premier et du second ordre.",0,0.3258369863
gerer-3.1,Utiliser un cycle de développement Agile,AUTO-AUT19,"Relier les performances en temps (constante de temps, temps de montée) aux notions fréquentielles (fréquence de coupure, bande passante) pour les systèmes du premier ordre.",0,0.2318569720
gerer-3.1,Utiliser un cycle de développement Agile,AUTO-AUT20,Utiliser le critère du Revers pour une évaluation simplifiée de la stabilité à partir du diagramme de Nyquist ou de Black.,0,0.2310969830
gerer-3.1,Utiliser un cycle de développement Agile,AUTO-AUT21,Identifier les pôles dominants dans les systèmes d’ordre supérieur et analyser leur influence sur la réponse transitoire.,0,0.2129298151
gerer-3.1,Utiliser un cycle de développement Agile,AUTO-AUT22,Décrire la structure et le rôle d’un système automatique ou d’un système asservi (boucle de rétroaction).,0,0.2408143133
gerer-3.1,Utiliser un cycle de développement Agile,AUTO-AUT23,Distinguer les caractéristiques des systèmes en boucle ouverte et en boucle fermée.,0,0.3013954163
gerer-3.1,Utiliser un cycle de développement Agile,AUTO-AUT24,Analyser la stabilité des systèmes LTI à partir de la partie réelle des pôles de leur fonction de transfert.,0,0.1978839040
gerer-3.1,Utiliser un cycle de développement Agile,AUTO-AUT25,Déterminer les marges de stabilité à partir des diagrammes fréquentiels en boucle ouverte.,0,0.2109539211
gerer-3.1,Utiliser un cycle de développement Agile,AUTO-AUT26,Interpréter la signification des marges de stabilité pour évaluer la robustesse de la stabilité en boucle fermée.,0,0.0970410928
gerer-3.1,Utiliser un cycle de développement Agile,AUTO-AUT27,Analyser l’erreur statique en régime permanent pour différents types de signaux d’entrée en fonction de la classe du système.,0,0.2315917611
gerer-3.1,Utiliser un cycle de développement Agile,AUTO-AUT28,Analyser le rejet asymptotique des perturbations en fonction de la structure du système et du nombre d’intégrateurs.,0,0.1909766495
gerer-3.1,Utiliser un cycle de développement Agile,AUTO-AUT29,Comprendre les limitations des systèmes non corrigés et la nécessité d’ajouter des correcteurs.,0,0.1830226481
gerer-3.1,Utiliser un cycle de développement Agile,AUTO-AUT30,Décrire la fonction et les effets d’un correcteur intégral (I) sur les performances du système et sa réponse fréquentielle.,0,0.1861372292
gerer-3.1,Utiliser un cycle de développement Agile,AUTO-AUT31,"Décrire la fonction et les effets d’un correcteur proportionnel-intégral (PI), combinant amélioration de la précision et impact minimal sur la dynamique rapide.",0,0.2677616477
gerer-3.1,Utiliser un cycle de développement Agile,AUTO-AUT32,"Décrire la fonction et les effets d’un correcteur proportionnel-dérivatif (PD), améliorant principalement la stabilité et la dynamique rapide.",0,0.2540673614
gerer-3.1,Utiliser un cycle de développement Agile,AUTO-AUT33,Décrire la fonction et les effets d’un correcteur à avance de phase comme approximation causale d’un correcteur PD.,0,0.3019797206
gerer-3.1,Utiliser un cycle de développement Agile,AUTO-AUT34,Décrire les effets combinés et la structure d’un correcteur proportionnel-intégral-dérivatif (PID).,0,0.2457190603
gerer-3.1,Utiliser un cycle de développement Agile,AUTO-AUT35,Tracer les diagrammes de Bode asymptotiques à partir de la forme normalisée de la fonction de transfert.,0,0.2200268209
gerer-3.1,Utiliser un cycle de développement Agile,AUTO-AUT36,Tracer un diagramme de Nyquist,0,0.1186781004
gerer-3.1,Utiliser un cycle de développement Agile,AUTO-AUT37,Tracer un diagramme de Black,0,0.2108135521
gerer-3.2,Suivre des procédures,AUTO-AUT01,"Définir et classer les systèmes selon des caractéristiques telles que : statique/dynamique, monovariable/multivariable, continu/discret, linéaire/non-linéaire, causal et invariant.",0,0.2934791446
gerer-3.2,Suivre des procédures,AUTO-AUT02,"Décrire la nature des signaux d'entrée/sortie, qu'ils soient continus ou discrets.",0,0.3206869960
gerer-3.2,Suivre des procédures,AUTO-AUT03,"Identifier la classe d’un système à partir de sa réponse indicielle, impulsionnelle, etc.",0,0.2536888719
gerer-3.2,Suivre des procédures,AUTO-AUT04,Représenter des signaux en utilisant un outil numérique (Scilab),0,0.2914007306
gerer-3.2,Suivre des procédures,AUTO-AUT05,Analyser la stabilité d’un système en étudiant sa fonction de transfert à l’aide d’un outil numérique (Scilab),0,0.3536540270
gerer-3.2,Suivre des procédures,AUTO-AUT06,"Tracer des les diagrammes de réponse en fréquence (gain, phase) à l’aide d’un outil numérique (Scilab)",0,0.2979451418
gerer-3.2,Suivre des procédures,AUTO-AUT07,"Identifier les exigences clés dans la conception d’un système de commande : stabilité, marges, précision, rapidité, rejet des perturbations, robustesse.",0,0.3733571768
gerer-3.2,Suivre des procédures,AUTO-AUT08,"Proposer une stratégie générale pour analyser un système non corrigé, définir les exigences, synthétiser un correcteur et vérifier les performances.",0,0.3675057888
gerer-3.2,Suivre des procédures,AUTO-AUT09,Déterminer la fonction de transfert d'un système LTI continu à partir de son équation différentielle.,0,0.2436260879
gerer-3.2,Suivre des procédures,AUTO-AUT10,"Identifier les éléments caractéristiques d'une fonction de transfert : pôles, zéros et gain.",0,0.1903089881
gerer-3.2,Suivre des procédures,AUTO-AUT11,"Analyser la réponse temporelle des systèmes du premier ordre (intégrateur, premier ordre) soumis à des signaux d’entrée standards.",0,0.1954911947
gerer-3.2,Suivre des procédures,AUTO-AUT12,"Analyser les caractéristiques temporelles (amortissement, oscillations, temps de stabilisation) des systèmes du second ordre en fonction de leurs pôles et de leurs paramètres.",0,0.2766473889
gerer-3.2,Suivre des procédures,AUTO-AUT13,Appliquer la transformée de Laplace et ses propriétés aux signaux et aux systèmes.,0,0.2906167507
gerer-3.2,Suivre des procédures,AUTO-AUT14,"Analyser la réponse fréquentielle des systèmes LTI à l’aide des diagrammes de Bode, Nyquist et Black.",0,0.2149523944
gerer-3.2,Suivre des procédures,AUTO-AUT15,Appliquer le critère de Routh pour déterminer la stabilité d’un système en boucle fermée à partir de son équation caractéristique.,0,0.2002551407
gerer-3.2,Suivre des procédures,AUTO-AUT16,Appliquer le critère de Nyquist pour déterminer la stabilité en boucle fermée à partir du diagramme de la fonction de transfert en boucle ouverte autour du point critique (-1).,0,0.2463280112
gerer-3.2,Suivre des procédures,AUTO-AUT17,"Évaluer les performances dynamiques (rapidité, amortissement) des systèmes en boucle fermée, en les reliant si possible aux caractéristiques en boucle ouverte.",0,0.2668237090
gerer-3.2,Suivre des procédures,AUTO-AUT18,"Interpréter les diagrammes de réponse fréquentielle (gain, phase) pour les systèmes élémentaires : gain pur, intégrateur, dérivateur, éléments du premier et du second ordre.",0,0.2428494692
gerer-3.2,Suivre des procédures,AUTO-AUT19,"Relier les performances en temps (constante de temps, temps de montée) aux notions fréquentielles (fréquence de coupure, bande passante) pour les systèmes du premier ordre.",0,0.2384563088
gerer-3.2,Suivre des procédures,AUTO-AUT20,Utiliser le critère du Revers pour une évaluation simplifiée de la stabilité à partir du diagramme de Nyquist ou de Black.,0,0.1230900288
gerer-3.2,Suivre des procédures,AUTO-AUT21,Identifier les pôles dominants dans les systèmes d’ordre supérieur et analyser leur influence sur la réponse transitoire.,0,0.2117962241
gerer-3.2,Suivre des procédures,AUTO-AUT22,Décrire la structure et le rôle d’un système automatique ou d’un système asservi (boucle de rétroaction).,0,0.3292265534
gerer-3.2,Suivre des procédures,AUTO-AUT23,Distinguer les caractéristiques des systèmes en boucle ouverte et en boucle fermée.,0,0.2244745493
gerer-3.2,Suivre des procédures,AUTO-AUT24,Analyser la stabilité des systèmes LTI à partir de la partie réelle des pôles de leur fonction de transfert.,0,0.1580482572
gerer-3.2,Suivre des procédures,AUTO-AUT25,Déterminer les marges de stabilité à partir des diagrammes fréquentiels en boucle ouverte.,0,0.1461349279
gerer-3.2,Suivre des procédures,AUTO-AUT26,Interpréter la signification des marges de stabilité pour évaluer la robustesse de la stabilité en boucle fermée.,0,0.1570648849
gerer-3.2,Suivre des procédures,AUTO-AUT27,Analyser l’erreur statique en régime permanent pour différents types de signaux d’entrée en fonction de la classe du système.,0,0.2616765499
gerer-3.2,Suivre des procédures,AUTO-AUT28,Analyser le rejet asymptotique des perturbations en fonction de la structure du système et du nombre d’intégrateurs.,0,0.2272134423
gerer-3.2,Suivre des procédures,AUTO-AUT29,Comprendre les limitations des systèmes non corrigés et la nécessité d’ajouter des correcteurs.,0,0.2542743981
gerer-3.2,Suivre des procédures,AUTO-AUT30,Décrire la fonction et les effets d’un correcteur intégral (I) sur les performances du système et sa réponse fréquentielle.,0,0.2621722221
gerer-3.2,Suivre des procédures,AUTO-AUT31,"Décrire la fonction et les effets d’un correcteur proportionnel-intégral (PI), combinant amélioration de la précision et impact minimal sur la dynamique rapide.",0,0.2417682707
gerer-3.2,Suivre des procédures,AUTO-AUT32,"Décrire la fonction et les effets d’un correcteur proportionnel-dérivatif (PD), améliorant principalement la stabilité et la dynamique rapide.",0,0.2254642844
gerer-3.2,Suivre des procédures,AUTO-AUT33,Décrire la fonction et les effets d’un correcteur à avance de phase comme approximation causale d’un correcteur PD.,0,0.2635837197
gerer-3.2,Suivre des procédures,AUTO-AUT34,Décrire les effets combinés et la structure d’un correcteur proportionnel-intégral-dérivatif (PID).,0,0.1658354104
gerer-3.2,Suivre des procédures,AUTO-AUT35,Tracer les diagrammes de Bode asymptotiques à partir de la forme normalisée de la fonction de transfert.,0,0.2580399811
gerer-3.2,Suivre des procédures,AUTO-AUT36,Tracer un diagramme de Nyquist,0,0.2135317177
gerer-3.2,Suivre des procédures,AUTO-AUT37,Tracer un diagramme de Black,0,0.1988470256
gerer-3.3,Rédiger des procédures,AUTO-AUT01,"Définir et classer les systèmes selon des caractéristiques telles que : statique/dynamique, monovariable/multivariable, continu/discret, linéaire/non-linéaire, causal et invariant.",0,0.2321479023
gerer-3.3,Rédiger des procédures,AUTO-AUT02,"Décrire la nature des signaux d'entrée/sortie, qu'ils soient continus ou discrets.",0,0.0903058201
gerer-3.3,Rédiger des procédures,AUTO-AUT03,"Identifier la classe d’un système à partir de sa réponse indicielle, impulsionnelle, etc.",0,0.2425018251
gerer-3.3,Rédiger des procédures,AUTO-AUT04,Représenter des signaux en utilisant un outil numérique (Scilab),0,0.2177905738
gerer-3.3,Rédiger des procédures,AUTO-AUT05,Analyser la stabilité d’un système en étudiant sa fonction de transfert à l’aide d’un outil numérique (Scilab),0,0.3049190640
gerer-3.3,Rédiger des procédures,AUTO-AUT06,"Tracer des les diagrammes de réponse en fréquence (gain, phase) à l’aide d’un outil numérique (Scilab)",0,0.2553622723
gerer-3.3,Rédiger des procédures,AUTO-AUT07,"Identifier les exigences clés dans la conception d’un système de commande : stabilité, marges, précision, rapidité, rejet des perturbations, robustesse.",0,0.3647988141
gerer-3.3,Rédiger des procédures,AUTO-AUT08,"Proposer une stratégie générale pour analyser un système non corrigé, définir les exigences, synthétiser un correcteur et vérifier les performances.",0,0.4193540215
gerer-3.3,Rédiger des procédures,AUTO-AUT09,Déterminer la fonction de transfert d'un système LTI continu à partir de son équation différentielle.,0,0.2646115124
gerer-3.3,Rédiger des procédures,AUTO-AUT10,"Identifier les éléments caractéristiques d'une fonction de transfert : pôles, zéros et gain.",0,0.1041104048
gerer-3.3,Rédiger des procédures,AUTO-AUT11,"Analyser la réponse temporelle des systèmes du premier ordre (intégrateur, premier ordre) soumis à des signaux d’entrée standards.",0,0.1853336990
gerer-3.3,Rédiger des procédures,AUTO-AUT12,"Analyser les caractéristiques temporelles (amortissement, oscillations, temps de stabilisation) des systèmes du second ordre en fonction de leurs pôles et de leurs paramètres.",0,0.2442293316
gerer-3.3,Rédiger des procédures,AUTO-AUT13,Appliquer la transformée de Laplace et ses propriétés aux signaux et aux systèmes.,0,0.2607229948
gerer-3.3,Rédiger des procédures,AUTO-AUT14,"Analyser la réponse fréquentielle des systèmes LTI à l’aide des diagrammes de Bode, Nyquist et Black.",0,0.1811332107
gerer-3.3,Rédiger des procédures,AUTO-AUT15,Appliquer le critère de Routh pour déterminer la stabilité d’un système en boucle fermée à partir de son équation caractéristique.,0,0.2493964434
gerer-3.3,Rédiger des procédures,AUTO-AUT16,Appliquer le critère de Nyquist pour déterminer la stabilité en boucle fermée à partir du diagramme de la fonction de transfert en boucle ouverte autour du point critique (-1).,0,0.2390465885
gerer-3.3,Rédiger des procédures,AUTO-AUT17,"Évaluer les performances dynamiques (rapidité, amortissement) des systèmes en boucle fermée, en les reliant si possible aux caractéristiques en boucle ouverte.",0,0.2523024976
gerer-3.3,Rédiger des procédures,AUTO-AUT18,"Interpréter les diagrammes de réponse fréquentielle (gain, phase) pour les systèmes élémentaires : gain pur, intégrateur, dérivateur, éléments du premier et du second ordre.",0,0.2355686724
gerer-3.3,Rédiger des procédures,AUTO-AUT19,"Relier les performances en temps (constante de temps, temps de montée) aux notions fréquentielles (fréquence de coupure, bande passante) pour les systèmes du premier ordre.",0,0.1936144531
gerer-3.3,Rédiger des procédures,AUTO-AUT20,Utiliser le critère du Revers pour une évaluation simplifiée de la stabilité à partir du diagramme de Nyquist ou de Black.,0,0.1217795312
gerer-3.3,Rédiger des procédures,AUTO-AUT21,Identifier les pôles dominants dans les systèmes d’ordre supérieur et analyser leur influence sur la réponse transitoire.,0,0.1598962694
gerer-3.3,Rédiger des procédures,AUTO-AUT22,Décrire la structure et le rôle d’un système automatique ou d’un système asservi (boucle de rétroaction).,0,0.2871425450
gerer-3.3,Rédiger des procédures,AUTO-AUT23,Distinguer les caractéristiques des systèmes en boucle ouverte et en boucle fermée.,0,0.1915967464
gerer-3.3,Rédiger des procédures,AUTO-AUT24,Analyser la stabilité des systèmes LTI à partir de la partie réelle des pôles de leur fonction de transfert.,0,0.1074755639
gerer-3.3,Rédiger des procédures,AUTO-AUT25,Déterminer les marges de stabilité à partir des diagrammes fréquentiels en boucle ouverte.,0,0.1481222808
gerer-3.3,Rédiger des procédures,AUTO-AUT26,Interpréter la signification des marges de stabilité pour évaluer la robustesse de la stabilité en boucle fermée.,0,0.1500285119
gerer-3.3,Rédiger des procédures,AUTO-AUT27,Analyser l’erreur statique en régime permanent pour différents types de signaux d’entrée en fonction de la classe du système.,0,0.2263100743
gerer-3.3,Rédiger des procédures,AUTO-AUT28,Analyser le rejet asymptotique des perturbations en fonction de la structure du système et du nombre d’intégrateurs.,0,0.2251301706
gerer-3.3,Rédiger des procédures,AUTO-AUT29,Comprendre les limitations des systèmes non corrigés et la nécessité d’ajouter des correcteurs.,0,0.2804936767
gerer-3.3,Rédiger des procédures,AUTO-AUT30,Décrire la fonction et les effets d’un correcteur intégral (I) sur les performances du système et sa réponse fréquentielle.,0,0.3015695810
gerer-3.3,Rédiger des procédures,AUTO-AUT31,"Décrire la fonction et les effets d’un correcteur proportionnel-intégral (PI), combinant amélioration de la précision et impact minimal sur la dynamique rapide.",0,0.2926951647
gerer-3.3,Rédiger des procédures,AUTO-AUT32,"Décrire la fonction et les effets d’un correcteur proportionnel-dérivatif (PD), améliorant principalement la stabilité et la dynamique rapide.",0,0.2485816479
gerer-3.3,Rédiger des procédures,AUTO-AUT33,Décrire la fonction et les effets d’un correcteur à avance de phase comme approximation causale d’un correcteur PD.,0,0.2943050265
gerer-3.3,Rédiger des procédures,AUTO-AUT34,Décrire les effets combinés et la structure d’un correcteur proportionnel-intégral-dérivatif (PID).,0,0.2005235255
gerer-3.3,Rédiger des procédures,AUTO-AUT35,Tracer les diagrammes de Bode asymptotiques à partir de la forme normalisée de la fonction de transfert.,0,0.2699050605
gerer-3.3,Rédiger des procédures,AUTO-AUT36,Tracer un diagramme de Nyquist,0,0.1308725923
gerer-3.3,Rédiger des procédures,AUTO-AUT37,Tracer un diagramme de Black,0,0.1603080034
gerer-4.1,Auditer des projets,AUTO-AUT01,"Définir et classer les systèmes selon des caractéristiques telles que : statique/dynamique, monovariable/multivariable, continu/discret, linéaire/non-linéaire, causal et invariant.",0,0.0724380687
gerer-4.1,Auditer des projets,AUTO-AUT02,"Décrire la nature des signaux d'entrée/sortie, qu'ils soient continus ou discrets.",0,0.2822793126
gerer-4.1,Auditer des projets,AUTO-AUT03,"Identifier la classe d’un système à partir de sa réponse indicielle, impulsionnelle, etc.",0,0.2671212852
gerer-4.1,Auditer des projets,AUTO-AUT04,Représenter des signaux en utilisant un outil numérique (Scilab),0,0.1963897645
gerer-4.1,Auditer des projets,AUTO-AUT05,Analyser la stabilité d’un système en étudiant sa fonction de transfert à l’aide d’un outil numérique (Scilab),0,0.1811284125
gerer-4.1,Auditer des projets,AUTO-AUT06,"Tracer des les diagrammes de réponse en fréquence (gain, phase) à l’aide d’un outil numérique (Scilab)",0,0.2196908444
gerer-4.1,Auditer des projets,AUTO-AUT07,"Identifier les exigences clés dans la conception d’un système de commande : stabilité, marges, précision, rapidité, rejet des perturbations, robustesse.",0,0.2590931058
gerer-4.1,Auditer des projets,AUTO-AUT08,"Proposer une stratégie générale pour analyser un système non corrigé, définir les exigences, synthétiser un correcteur et vérifier les performances.",0,0.2858629525
gerer-4.1,Auditer des projets,AUTO-AUT09,Déterminer la fonction de transfert d'un système LTI continu à partir de son équation différentielle.,0,0.1265907288
gerer-4.1,Auditer des projets,AUTO-AUT10,"Identifier les éléments caractéristiques d'une fonction de transfert : pôles, zéros et gain.",0,0.2626534104
gerer-4.1,Auditer des projets,AUTO-AUT11,"Analyser la réponse temporelle des systèmes du premier ordre (intégrateur, premier ordre) soumis à des signaux d’entrée standards.",0,0.2946100235
gerer-4.1,Auditer des projets,AUTO-AUT12,"Analyser les caractéristiques temporelles (amortissement, oscillations, temps de stabilisation) des systèmes du second ordre en fonction de leurs pôles et de leurs paramètres.",0,0.1708301008
gerer-4.1,Auditer des projets,AUTO-AUT13,Appliquer la transformée de Laplace et ses propriétés aux signaux et aux systèmes.,0,0.2091947794
gerer-4.1,Auditer des projets,AUTO-AUT14,"Analyser la réponse fréquentielle des systèmes LTI à l’aide des diagrammes de Bode, Nyquist et Black.",0,0.1004052609
gerer-4.1,Auditer des projets,AUTO-AUT15,Appliquer le critère de Routh pour déterminer la stabilité d’un système en boucle fermée à partir de son équation caractéristique.,0,0.1194965690
gerer-4.1,Auditer des projets,AUTO-AUT16,Appliquer le critère de Nyquist pour déterminer la stabilité en boucle fermée à partir du diagramme de la fonction de transfert en boucle ouverte autour du point critique (-1).,0,0.1186068654
gerer-4.1,Auditer des projets,AUTO-AUT17,"Évaluer les performances dynamiques (rapidité, amortissement) des systèmes en boucle fermée, en les reliant si possible aux caractéristiques en boucle ouverte.",0,0.1749364734
gerer-4.1,Auditer des projets,AUTO-AUT18,"Interpréter les diagrammes de réponse fréquentielle (gain, phase) pour les systèmes élémentaires : gain pur, intégrateur, dérivateur, éléments du premier et du second ordre.",0,0.2406950891
gerer-4.1,Auditer des projets,AUTO-AUT19,"Relier les performances en temps (constante de temps, temps de montée) aux notions fréquentielles (fréquence de coupure, bande passante) pour les systèmes du premier ordre.",0,0.1408322006
gerer-4.1,Auditer des projets,AUTO-AUT20,Utiliser le critère du Revers pour une évaluation simplifiée de la stabilité à partir du diagramme de Nyquist ou de Black.,0,0.1281058937
gerer-4.1,Auditer des projets,AUTO-AUT21,Identifier les pôles dominants dans les systèmes d’ordre supérieur et analyser leur influence sur la réponse transitoire.,0,0.2037653625
gerer-4.1,Auditer des projets,AUTO-AUT22,Décrire la structure et le rôle d’un système automatique ou d’un système asservi (boucle de rétroaction).,0,0.2252831459
gerer-4.1,Auditer des projets,AUTO-AUT23,Distinguer les caractéristiques des systèmes en boucle ouverte et en boucle fermée.,0,0.1171839982
gerer-4.1,Auditer des projets,AUTO-AUT24,Analyser la stabilité des systèmes LTI à partir de la partie réelle des pôles de leur fonction de transfert.,0,0.2009247094
gerer-4.1,Auditer des projets,AUTO-AUT25,Déterminer les marges de stabilité à partir des diagrammes fréquentiels en boucle ouverte.,0,0.1285046637
gerer-4.1,Auditer des projets,AUTO-AUT26,Interpréter la signification des marges de stabilité pour évaluer la robustesse de la stabilité en boucle fermée.,0,0.1535156667
gerer-4.1,Auditer des projets,AUTO-AUT27,Analyser l’erreur statique en régime permanent pour différents types de signaux d’entrée en fonction de la classe du système.,0,0.1461303085
gerer-4.1,Auditer des projets,AUTO-AUT28,Analyser le rejet asymptotique des perturbations en fonction de la structure du système et du nombre d’intégrateurs.,0,0.1794221699
gerer-4.1,Auditer des projets,AUTO-AUT29,Comprendre les limitations des systèmes non corrigés et la nécessité d’ajouter des correcteurs.,0,0.1584327519
gerer-4.1,Auditer des projets,AUTO-AUT30,Décrire la fonction et les effets d’un correcteur intégral (I) sur les performances du système et sa réponse fréquentielle.,0,0.2079446018
gerer-4.1,Auditer des projets,AUTO-AUT31,"Décrire la fonction et les effets d’un correcteur proportionnel-intégral (PI), combinant amélioration de la précision et impact minimal sur la dynamique rapide.",0,0.1689535379
gerer-4.1,Auditer des projets,AUTO-AUT32,"Décrire la fonction et les effets d’un correcteur proportionnel-dérivatif (PD), améliorant principalement la stabilité et la dynamique rapide.",0,0.1741128862
gerer-4.1,Auditer des projets,AUTO-AUT33,Décrire la fonction et les effets d’un correcteur à avance de phase comme approximation causale d’un correcteur PD.,0,0.3023978174
gerer-4.1,Auditer des projets,AUTO-AUT34,Décrire les effets combinés et la structure d’un correcteur proportionnel-intégral-dérivatif (PID).,0,0.1728864312
gerer-4.1,Auditer des projets,AUTO-AUT35,Tracer les diagrammes de Bode asymptotiques à partir de la forme normalisée de la fonction de transfert.,0,0.0963465348
gerer-4.1,Auditer des projets,AUTO-AUT36,Tracer un diagramme de Nyquist,0,0.1963733733
gerer-4.1,Auditer des projets,AUTO-AUT37,Tracer un diagramme de Black,0,0.2790572643
gerer-4.2,Passer des audits,AUTO-AUT01,"Définir et classer les systèmes selon des caractéristiques telles que : statique/dynamique, monovariable/multivariable, continu/discret, linéaire/non-linéaire, causal et invariant.",0,0.0459246077
gerer-4.2,Passer des audits,AUTO-AUT02,"Décrire la nature des signaux d'entrée/sortie, qu'ils soient continus ou discrets.",0,0.1467128843
gerer-4.2,Passer des audits,AUTO-AUT03,"Identifier la classe d’un système à partir de sa réponse indicielle, impulsionnelle, etc.",0,0.1217685118
gerer-4.2,Passer des audits,AUTO-AUT04,Représenter des signaux en utilisant un outil numérique (Scilab),0,0.1199543774
gerer-4.2,Passer des audits,AUTO-AUT05,Analyser la stabilité d’un système en étudiant sa fonction de transfert à l’aide d’un outil numérique (Scilab),0,0.2261559218
gerer-4.2,Passer des audits,AUTO-AUT06,"Tracer des les diagrammes de réponse en fréquence (gain, phase) à l’aide d’un outil numérique (Scilab)",0,0.1731863320
gerer-4.2,Passer des audits,AUTO-AUT07,"Identifier les exigences clés dans la conception d’un système de commande : stabilité, marges, précision, rapidité, rejet des perturbations, robustesse.",0,0.3292089105
gerer-4.2,Passer des audits,AUTO-AUT08,"Proposer une stratégie générale pour analyser un système non corrigé, définir les exigences, synthétiser un correcteur et vérifier les performances.",0,0.3799169362
gerer-4.2,Passer des audits,AUTO-AUT09,Déterminer la fonction de transfert d'un système LTI continu à partir de son équation différentielle.,0,0.1684355140
gerer-4.2,Passer des audits,AUTO-AUT10,"Identifier les éléments caractéristiques d'une fonction de transfert : pôles, zéros et gain.",0,0.2220193744
gerer-4.2,Passer des audits,AUTO-AUT11,"Analyser la réponse temporelle des systèmes du premier ordre (intégrateur, premier ordre) soumis à des signaux d’entrée standards.",0,0.2195934653
gerer-4.2,Passer des audits,AUTO-AUT12,"Analyser les caractéristiques temporelles (amortissement, oscillations, temps de stabilisation) des systèmes du second ordre en fonction de leurs pôles et de leurs paramètres.",0,0.2005588412
gerer-4.2,Passer des audits,AUTO-AUT13,Appliquer la transformée de Laplace et ses propriétés aux signaux et aux systèmes.,0,0.2148695141
gerer-4.2,Passer des audits,AUTO-AUT14,"Analyser la réponse fréquentielle des systèmes LTI à l’aide des diagrammes de Bode, Nyquist et Black.",0,0.1824626625
gerer-4.2,Passer des audits,AUTO-AUT15,Appliquer le critère de Routh pour déterminer la stabilité d’un système en boucle fermée à partir de son équation caractéristique.,0,0.1734052300
gerer-4.2,Passer des audits,AUTO-AUT16,Appliquer le critère de Nyquist pour déterminer la stabilité en boucle fermée à partir du diagramme de la fonction de transfert en boucle ouverte autour du point critique (-1).,0,0.2233817726
gerer-4.2,Passer des audits,AUTO-AUT17,"Évaluer les performances dynamiques (rapidité, amortissement) des systèmes en boucle fermée, en les reliant si possible aux caractéristiques en boucle ouverte.",0,0.1885489821
gerer-4.2,Passer des audits,AUTO-AUT18,"Interpréter les diagrammes de réponse fréquentielle (gain, phase) pour les systèmes élémentaires : gain pur, intégrateur, dérivateur, éléments du premier et du second ordre.",0,0.1989671290
gerer-4.2,Passer des audits,AUTO-AUT19,"Relier les performances en temps (constante de temps, temps de montée) aux notions fréquentielles (fréquence de coupure, bande passante) pour les systèmes du premier ordre.",0,0.1721416712
gerer-4.2,Passer des audits,AUTO-AUT20,Utiliser le critère du Revers pour une évaluation simplifiée de la stabilité à partir du diagramme de Nyquist ou de Black.,0,0.2388872355
gerer-4.2,Passer des audits,AUTO-AUT21,Identifier les pôles dominants dans les systèmes d’ordre supérieur et analyser leur influence sur la réponse transitoire.,0,0.1260267645
gerer-4.2,Passer des audits,AUTO-AUT22,Décrire la structure et le rôle d’un système automatique ou d’un système asservi (boucle de rétroaction).,0,0.1487263739
gerer-4.2,Passer des audits,AUTO-AUT23,Distinguer les caractéristiques des systèmes en boucle ouverte et en boucle fermée.,0,0.1682136208
gerer-4.2,Passer des audits,AUTO-AUT24,Analyser la stabilité des systèmes LTI à partir de la partie réelle des pôles de leur fonction de transfert.,0,0.1457706988
gerer-4.2,Passer des audits,AUTO-AUT25,Déterminer les marges de stabilité à partir des diagrammes fréquentiels en boucle ouverte.,0,0.1759939492
gerer-4.2,Passer des audits,AUTO-AUT26,Interpréter la signification des marges de stabilité pour évaluer la robustesse de la stabilité en boucle fermée.,0,0.1685854644
gerer-4.2,Passer des audits,AUTO-AUT27,Analyser l’erreur statique en régime permanent pour différents types de signaux d’entrée en fonction de la classe du système.,0,0.1269228756
gerer-4.2,Passer des audits,AUTO-AUT28,Analyser le rejet asymptotique des perturbations en fonction de la structure du système et du nombre d’intégrateurs.,0,0.2914662361
gerer-4.2,Passer des audits,AUTO-AUT29,Comprendre les limitations des systèmes non corrigés et la nécessité d’ajouter des correcteurs.,0,0.3609676957
gerer-4.2,Passer des audits,AUTO-AUT30,Décrire la fonction et les effets d’un correcteur intégral (I) sur les performances du système et sa réponse fréquentielle.,0,0.2717825174
gerer-4.2,Passer des audits,AUTO-AUT31,"Décrire la fonction et les effets d’un correcteur proportionnel-intégral (PI), combinant amélioration de la précision et impact minimal sur la dynamique rapide.",0,0.2541747689
gerer-4.2,Passer des audits,AUTO-AUT32,"Décrire la fonction et les effets d’un correcteur proportionnel-dérivatif (PD), améliorant principalement la stabilité et la dynamique rapide.",0,0.1786254942
gerer-4.2,Passer des audits,AUTO-AUT33,Décrire la fonction et les effets d’un correcteur à avance de phase comme approximation causale d’un correcteur PD.,0,0.2101622075
gerer-4.2,Passer des audits,AUTO-AUT34,Décrire les effets combinés et la structure d’un correcteur proportionnel-intégral-dérivatif (PID).,0,0.1722338796
gerer-4.2,Passer des audits,AUTO-AUT35,Tracer les diagrammes de Bode asymptotiques à partir de la forme normalisée de la fonction de transfert.,0,0.1768071949
gerer-4.2,Passer des audits,AUTO-AUT36,Tracer un diagramme de Nyquist,0,0.1780267209
gerer-4.2,Passer des audits,AUTO-AUT37,Tracer un diagramme de Black,0,0.1875114739
gerer-4.3,Organiser les rôles et les tâches,AUTO-AUT01,"Définir et classer les systèmes selon des caractéristiques telles que : statique/dynamique, monovariable/multivariable, continu/discret, linéaire/non-linéaire, causal et invariant.",0,0.3088290095
gerer-4.3,Organiser les rôles et les tâches,AUTO-AUT02,"Décrire la nature des signaux d'entrée/sortie, qu'ils soient continus ou discrets.",0,0.2842617631
gerer-4.3,Organiser les rôles et les tâches,AUTO-AUT03,"Identifier la classe d’un système à partir de sa réponse indicielle, impulsionnelle, etc.",0,0.2907525897
gerer-4.3,Organiser les rôles et les tâches,AUTO-AUT04,Représenter des signaux en utilisant un outil numérique (Scilab),0,0.2660531998
gerer-4.3,Organiser les rôles et les tâches,AUTO-AUT05,Analyser la stabilité d’un système en étudiant sa fonction de transfert à l’aide d’un outil numérique (Scilab),0,0.3377896547
gerer-4.3,Organiser les rôles et les tâches,AUTO-AUT06,"Tracer des les diagrammes de réponse en fréquence (gain, phase) à l’aide d’un outil numérique (Scilab)",0,0.3054030538
gerer-4.3,Organiser les rôles et les tâches,AUTO-AUT07,"Identifier les exigences clés dans la conception d’un système de commande : stabilité, marges, précision, rapidité, rejet des perturbations, robustesse.",0,0.4462605417
gerer-4.3,Organiser les rôles et les tâches,AUTO-AUT08,"Proposer une stratégie générale pour analyser un système non corrigé, définir les exigences, synthétiser un correcteur et vérifier les performances.",0,0.3572409749
gerer-4.3,Organiser les rôles et les tâches,AUTO-AUT09,Déterminer la fonction de transfert d'un système LTI continu à partir de son équation différentielle.,0,0.3392950594
gerer-4.3,Organiser les rôles et les tâches,AUTO-AUT10,"Identifier les éléments caractéristiques d'une fonction de transfert : pôles, zéros et gain.",0,0.4110164344
gerer-4.3,Organiser les rôles et les tâches,AUTO-AUT11,"Analyser la réponse temporelle des systèmes du premier ordre (intégrateur, premier ordre) soumis à des signaux d’entrée standards.",0,0.2903301716
gerer-4.3,Organiser les rôles et les tâches,AUTO-AUT12,"Analyser les caractéristiques temporelles (amortissement, oscillations, temps de stabilisation) des systèmes du second ordre en fonction de leurs pôles et de leurs paramètres.",0,0.4633926749
gerer-4.3,Organiser les rôles et les tâches,AUTO-AUT13,Appliquer la transformée de Laplace et ses propriétés aux signaux et aux systèmes.,0,0.3113320470
gerer-4.3,Organiser les rôles et les tâches,AUTO-AUT14,"Analyser la réponse fréquentielle des systèmes LTI à l’aide des diagrammes de Bode, Nyquist et Black.",0,0.2207729220
gerer-4.3,Organiser les rôles et les tâches,AUTO-AUT15,Appliquer le critère de Routh pour déterminer la stabilité d’un système en boucle fermée à partir de son équation caractéristique.,0,0.2871861458
gerer-4.3,Organiser les rôles et les tâches,AUTO-AUT16,Appliquer le critère de Nyquist pour déterminer la stabilité en boucle fermée à partir du diagramme de la fonction de transfert en boucle ouverte autour du point critique (-1).,0,0.3022454381
gerer-4.3,Organiser les rôles et les tâches,AUTO-AUT17,"Évaluer les performances dynamiques (rapidité, amortissement) des systèmes en boucle fermée, en les reliant si possible aux caractéristiques en boucle ouverte.",0,0.4412771165
gerer-4.3,Organiser les rôles et les tâches,AUTO-AUT18,"Interpréter les diagrammes de réponse fréquentielle (gain, phase) pour les systèmes élémentaires : gain pur, intégrateur, dérivateur, éléments du premier et du second ordre.",0,0.3431625366
gerer-4.3,Organiser les rôles et les tâches,AUTO-AUT19,"Relier les performances en temps (constante de temps, temps de montée) aux notions fréquentielles (fréquence de coupure, bande passante) pour les systèmes du premier ordre.",0,0.3159306347
gerer-4.3,Organiser les rôles et les tâches,AUTO-AUT20,Utiliser le critère du Revers pour une évaluation simplifiée de la stabilité à partir du diagramme de Nyquist ou de Black.,0,0.1468753964
gerer-4.3,Organiser les rôles et les tâches,AUTO-AUT21,Identifier les pôles dominants dans les systèmes d’ordre supérieur et analyser leur influence sur la réponse transitoire.,0,0.3254410625
gerer-4.3,Organiser les rôles et les tâches,AUTO-AUT22,Décrire la structure et le rôle d’un système automatique ou d’un système asservi (boucle de rétroaction).,0,0.3919374347
gerer-4.3,Organiser les rôles et les tâches,AUTO-AUT23,Distinguer les caractéristiques des systèmes en boucle ouverte et en boucle fermée.,0,0.3414803743
gerer-4.3,Organiser les rôles et les tâches,AUTO-AUT24,Analyser la stabilité des systèmes LTI à partir de la partie réelle des pôles de leur fonction de transfert.,0,0.3428493440
gerer-4.3,Organiser les rôles et les tâches,AUTO-AUT25,Déterminer les marges de stabilité à partir des diagrammes fréquentiels en boucle ouverte.,0,0.2502354980
gerer-4.3,Organiser les rôles et les tâches,AUTO-AUT26,Interpréter la signification des marges de stabilité pour évaluer la robustesse de la stabilité en boucle fermée.,0,0.2609527409
gerer-4.3,Organiser les rôles et les tâches,AUTO-AUT27,Analyser l’erreur statique en régime permanent pour différents types de signaux d’entrée en fonction de la classe du système.,0,0.2712014914
gerer-4.3,Organiser les rôles et les tâches,AUTO-AUT28,Analyser le rejet asymptotique des perturbations en fonction de la structure du système et du nombre d’intégrateurs.,0,0.2887035012
gerer-4.3,Organiser les rôles et les tâches,AUTO-AUT29,Comprendre les limitations des systèmes non corrigés et la nécessité d’ajouter des correcteurs.,0,0.1449932903
gerer-4.3,Organiser les rôles et les tâches,AUTO-AUT30,Décrire la fonction et les effets d’un correcteur intégral (I) sur les performances du système et sa réponse fréquentielle.,0,0.3535359204
gerer-4.3,Organiser les rôles et les tâches,AUTO-AUT31,"Décrire la fonction et les effets d’un correcteur proportionnel-intégral (PI), combinant amélioration de la précision et impact minimal sur la dynamique rapide.",0,0.3568283319
gerer-4.3,Organiser les rôles et les tâches,AUTO-AUT32,"Décrire la fonction et les effets d’un correcteur proportionnel-dérivatif (PD), améliorant principalement la stabilité et la dynamique rapide.",0,0.3170533776
gerer-4.3,Organiser les rôles et les tâches,AUTO-AUT33,Décrire la fonction et les effets d’un correcteur à avance de phase comme approximation causale d’un correcteur PD.,0,0.3324637115
gerer-4.3,Organiser les rôles et les tâches,AUTO-AUT34,Décrire les effets combinés et la structure d’un correcteur proportionnel-intégral-dérivatif (PID).,0,0.3277043104
gerer-4.3,Organiser les rôles et les tâches,AUTO-AUT35,Tracer les diagrammes de Bode asymptotiques à partir de la forme normalisée de la fonction de transfert.,0,0.2701214552
gerer-4.3,Organiser les rôles et les tâches,AUTO-AUT36,Tracer un diagramme de Nyquist,0,0.2103582323
gerer-4.3,Organiser les rôles et les tâches,AUTO-AUT37,Tracer un diagramme de Black,0,0.1928281486
communiquer-1.1,Documenter le code à l’aide d’un framework,AUTO-AUT01,"Définir et classer les systèmes selon des caractéristiques telles que : statique/dynamique, monovariable/multivariable, continu/discret, linéaire/non-linéaire, causal et invariant.",0,0.3242328167
communiquer-1.1,Documenter le code à l’aide d’un framework,AUTO-AUT02,"Décrire la nature des signaux d'entrée/sortie, qu'ils soient continus ou discrets.",0,0.2559798956
communiquer-1.1,Documenter le code à l’aide d’un framework,AUTO-AUT03,"Identifier la classe d’un système à partir de sa réponse indicielle, impulsionnelle, etc.",0,0.3190858364
communiquer-1.1,Documenter le code à l’aide d’un framework,AUTO-AUT04,Représenter des signaux en utilisant un outil numérique (Scilab),0,0.5175209641
communiquer-1.1,Documenter le code à l’aide d’un framework,AUTO-AUT05,Analyser la stabilité d’un système en étudiant sa fonction de transfert à l’aide d’un outil numérique (Scilab),0,0.5239938498
communiquer-1.1,Documenter le code à l’aide d’un framework,AUTO-AUT06,"Tracer des les diagrammes de réponse en fréquence (gain, phase) à l’aide d’un outil numérique (Scilab)",0,0.4345425963
communiquer-1.1,Documenter le code à l’aide d’un framework,AUTO-AUT07,"Identifier les exigences clés dans la conception d’un système de commande : stabilité, marges, précision, rapidité, rejet des perturbations, robustesse.",0,0.4033556581
communiquer-1.1,Documenter le code à l’aide d’un framework,AUTO-AUT08,"Proposer une stratégie générale pour analyser un système non corrigé, définir les exigences, synthétiser un correcteur et vérifier les performances.",0,0.3865407109
communiquer-1.1,Documenter le code à l’aide d’un framework,AUTO-AUT09,Déterminer la fonction de transfert d'un système LTI continu à partir de son équation différentielle.,0,0.3327644467
communiquer-1.1,Documenter le code à l’aide d’un framework,AUTO-AUT10,"Identifier les éléments caractéristiques d'une fonction de transfert : pôles, zéros et gain.",0,0.2270980626
communiquer-1.1,Documenter le code à l’aide d’un framework,AUTO-AUT11,"Analyser la réponse temporelle des systèmes du premier ordre (intégrateur, premier ordre) soumis à des signaux d’entrée standards.",0,0.2721362710
communiquer-1.1,Documenter le code à l’aide d’un framework,AUTO-AUT12,"Analyser les caractéristiques temporelles (amortissement, oscillations, temps de stabilisation) des systèmes du second ordre en fonction de leurs pôles et de leurs paramètres.",0,0.3585743010
communiquer-1.1,Documenter le code à l’aide d’un framework,AUTO-AUT13,Appliquer la transformée de Laplace et ses propriétés aux signaux et aux systèmes.,0,0.3372424245
communiquer-1.1,Documenter le code à l’aide d’un framework,AUTO-AUT14,"Analyser la réponse fréquentielle des systèmes LTI à l’aide des diagrammes de Bode, Nyquist et Black.",0,0.3424716592
communiquer-1.1,Documenter le code à l’aide d’un framework,AUTO-AUT15,Appliquer le critère de Routh pour déterminer la stabilité d’un système en boucle fermée à partir de son équation caractéristique.,0,0.3161295056
communiquer-1.1,Documenter le code à l’aide d’un framework,AUTO-AUT16,Appliquer le critère de Nyquist pour déterminer la stabilité en boucle fermée à partir du diagramme de la fonction de transfert en boucle ouverte autour du point critique (-1).,0,0.3708896339
communiquer-1.1,Documenter le code à l’aide d’un framework,AUTO-AUT17,"Évaluer les performances dynamiques (rapidité, amortissement) des systèmes en boucle fermée, en les reliant si possible aux caractéristiques en boucle ouverte.",0,0.3189331293
communiquer-1.1,Documenter le code à l’aide d’un framework,AUTO-AUT18,"Interpréter les diagrammes de réponse fréquentielle (gain, phase) pour les systèmes élémentaires : gain pur, intégrateur, dérivateur, éléments du premier et du second ordre.",0,0.3403091133
communiquer-1.1,Documenter le code à l’aide d’un framework,AUTO-AUT19,"Relier les performances en temps (constante de temps, temps de montée) aux notions fréquentielles (fréquence de coupure, bande passante) pour les systèmes du premier ordre.",0,0.2381008565
communiquer-1.1,Documenter le code à l’aide d’un framework,AUTO-AUT20,Utiliser le critère du Revers pour une évaluation simplifiée de la stabilité à partir du diagramme de Nyquist ou de Black.,0,0.2204083353
communiquer-1.1,Documenter le code à l’aide d’un framework,AUTO-AUT21,Identifier les pôles dominants dans les systèmes d’ordre supérieur et analyser leur influence sur la réponse transitoire.,0,0.2685561776
communiquer-1.1,Documenter le code à l’aide d’un framework,AUTO-AUT22,Décrire la structure et le rôle d’un système automatique ou d’un système asservi (boucle de rétroaction).,0,0.2777839303
communiquer-1.1,Documenter le code à l’aide d’un framework,AUTO-AUT23,Distinguer les caractéristiques des systèmes en boucle ouverte et en boucle fermée.,0,0.2125912011
communiquer-1.1,Documenter le code à l’aide d’un framework,AUTO-AUT24,Analyser la stabilité des systèmes LTI à partir de la partie réelle des pôles de leur fonction de transfert.,0,0.2648428082
communiquer-1.1,Documenter le code à l’aide d’un framework,AUTO-AUT25,Déterminer les marges de stabilité à partir des diagrammes fréquentiels en boucle ouverte.,0,0.2994987965
communiquer-1.1,Documenter le code à l’aide d’un framework,AUTO-AUT26,Interpréter la signification des marges de stabilité pour évaluer la robustesse de la stabilité en boucle fermée.,0,0.2561525404
communiquer-1.1,Documenter le code à l’aide d’un framework,AUTO-AUT27,Analyser l’erreur statique en régime permanent pour différents types de signaux d’entrée en fonction de la classe du système.,0,0.3225757182
communiquer-1.1,Documenter le code à l’aide d’un framework,AUTO-AUT28,Analyser le rejet asymptotique des perturbations en fonction de la structure du système et du nombre d’intégrateurs.,0,0.2283266783
communiquer-1.1,Documenter le code à l’aide d’un framework,AUTO-AUT29,Comprendre les limitations des systèmes non corrigés et la nécessité d’ajouter des correcteurs.,0,0.2677198350
communiquer-1.1,Documenter le code à l’aide d’un framework,AUTO-AUT30,Décrire la fonction et les effets d’un correcteur intégral (I) sur les performances du système et sa réponse fréquentielle.,0,0.3264971673
communiquer-1.1,Documenter le code à l’aide d’un framework,AUTO-AUT31,"Décrire la fonction et les effets d’un correcteur proportionnel-intégral (PI), combinant amélioration de la précision et impact minimal sur la dynamique rapide.",0,0.3724619746
communiquer-1.1,Documenter le code à l’aide d’un framework,AUTO-AUT32,"Décrire la fonction et les effets d’un correcteur proportionnel-dérivatif (PD), améliorant principalement la stabilité et la dynamique rapide.",0,0.2798533142
communiquer-1.1,Documenter le code à l’aide d’un framework,AUTO-AUT33,Décrire la fonction et les effets d’un correcteur à avance de phase comme approximation causale d’un correcteur PD.,0,0.3142223358
communiquer-1.1,Documenter le code à l’aide d’un framework,AUTO-AUT34,Décrire les effets combinés et la structure d’un correcteur proportionnel-intégral-dérivatif (PID).,0,0.3119136691
communiquer-1.1,Documenter le code à l’aide d’un framework,AUTO-AUT35,Tracer les diagrammes de Bode asymptotiques à partir de la forme normalisée de la fonction de transfert.,0,0.2691572607
communiquer-1.1,Documenter le code à l’aide d’un framework,AUTO-AUT36,Tracer un diagramme de Nyquist,0,0.2520405054
communiquer-1.1,Documenter le code à l’aide d’un framework,AUTO-AUT37,Tracer un diagramme de Black,0,0.3650110364
communiquer-1.2,Rédiger un rapport cohérent retraçant toutes les étapes du cycle de vie du projet,AUTO-AUT01,"Définir et classer les systèmes selon des caractéristiques telles que : statique/dynamique, monovariable/multivariable, continu/discret, linéaire/non-linéaire, causal et invariant.",0,0.4200617671
communiquer-1.2,Rédiger un rapport cohérent retraçant toutes les étapes du cycle de vie du projet,AUTO-AUT02,"Décrire la nature des signaux d'entrée/sortie, qu'ils soient continus ou discrets.",0,0.3334854841
communiquer-1.2,Rédiger un rapport cohérent retraçant toutes les étapes du cycle de vie du projet,AUTO-AUT03,"Identifier la classe d’un système à partir de sa réponse indicielle, impulsionnelle, etc.",0,0.2941256166
communiquer-1.2,Rédiger un rapport cohérent retraçant toutes les étapes du cycle de vie du projet,AUTO-AUT04,Représenter des signaux en utilisant un outil numérique (Scilab),0,0.2340160012
communiquer-1.2,Rédiger un rapport cohérent retraçant toutes les étapes du cycle de vie du projet,AUTO-AUT05,Analyser la stabilité d’un système en étudiant sa fonction de transfert à l’aide d’un outil numérique (Scilab),0,0.3222853839
communiquer-1.2,Rédiger un rapport cohérent retraçant toutes les étapes du cycle de vie du projet,AUTO-AUT06,"Tracer des les diagrammes de réponse en fréquence (gain, phase) à l’aide d’un outil numérique (Scilab)",0,0.3666914105
communiquer-1.2,Rédiger un rapport cohérent retraçant toutes les étapes du cycle de vie du projet,AUTO-AUT07,"Identifier les exigences clés dans la conception d’un système de commande : stabilité, marges, précision, rapidité, rejet des perturbations, robustesse.",0,0.4471654892
communiquer-1.2,Rédiger un rapport cohérent retraçant toutes les étapes du cycle de vie du projet,AUTO-AUT08,"Proposer une stratégie générale pour analyser un système non corrigé, définir les exigences, synthétiser un correcteur et vérifier les performances.",0,0.4224335849
communiquer-1.2,Rédiger un rapport cohérent retraçant toutes les étapes du cycle de vie du projet,AUTO-AUT09,Déterminer la fonction de transfert d'un système LTI continu à partir de son équation différentielle.,0,0.3691588640
communiquer-1.2,Rédiger un rapport cohérent retraçant toutes les étapes du cycle de vie du projet,AUTO-AUT10,"Identifier les éléments caractéristiques d'une fonction de transfert : pôles, zéros et gain.",0,0.3013386130
communiquer-1.2,Rédiger un rapport cohérent retraçant toutes les étapes du cycle de vie du projet,AUTO-AUT11,"Analyser la réponse temporelle des systèmes du premier ordre (intégrateur, premier ordre) soumis à des signaux d’entrée standards.",0,0.3351792693
communiquer-1.2,Rédiger un rapport cohérent retraçant toutes les étapes du cycle de vie du projet,AUTO-AUT12,"Analyser les caractéristiques temporelles (amortissement, oscillations, temps de stabilisation) des systèmes du second ordre en fonction de leurs pôles et de leurs paramètres.",0,0.4984356761
communiquer-1.2,Rédiger un rapport cohérent retraçant toutes les étapes du cycle de vie du projet,AUTO-AUT13,Appliquer la transformée de Laplace et ses propriétés aux signaux et aux systèmes.,0,0.2471846491
communiquer-1.2,Rédiger un rapport cohérent retraçant toutes les étapes du cycle de vie du projet,AUTO-AUT14,"Analyser la réponse fréquentielle des systèmes LTI à l’aide des diagrammes de Bode, Nyquist et Black.",0,0.2304898798
communiquer-1.2,Rédiger un rapport cohérent retraçant toutes les étapes du cycle de vie du projet,AUTO-AUT15,Appliquer le critère de Routh pour déterminer la stabilité d’un système en boucle fermée à partir de son équation caractéristique.,0,0.3442375660
communiquer-1.2,Rédiger un rapport cohérent retraçant toutes les étapes du cycle de vie du projet,AUTO-AUT16,Appliquer le critère de Nyquist pour déterminer la stabilité en boucle fermée à partir du diagramme de la fonction de transfert en boucle ouverte autour du point critique (-1).,0,0.3983573616
communiquer-1.2,Rédiger un rapport cohérent retraçant toutes les étapes du cycle de vie du projet,AUTO-AUT17,"Évaluer les performances dynamiques (rapidité, amortissement) des systèmes en boucle fermée, en les reliant si possible aux caractéristiques en boucle ouverte.",0,0.4174806476
communiquer-1.2,Rédiger un rapport cohérent retraçant toutes les étapes du cycle de vie du projet,AUTO-AUT18,"Interpréter les diagrammes de réponse fréquentielle (gain, phase) pour les systèmes élémentaires : gain pur, intégrateur, dérivateur, éléments du premier et du second ordre.",0,0.4502640069
communiquer-1.2,Rédiger un rapport cohérent retraçant toutes les étapes du cycle de vie du projet,AUTO-AUT19,"Relier les performances en temps (constante de temps, temps de montée) aux notions fréquentielles (fréquence de coupure, bande passante) pour les systèmes du premier ordre.",0,0.4264432788
communiquer-1.2,Rédiger un rapport cohérent retraçant toutes les étapes du cycle de vie du projet,AUTO-AUT20,Utiliser le critère du Revers pour une évaluation simplifiée de la stabilité à partir du diagramme de Nyquist ou de Black.,0,0.2498414367
communiquer-1.2,Rédiger un rapport cohérent retraçant toutes les étapes du cycle de vie du projet,AUTO-AUT21,Identifier les pôles dominants dans les systèmes d’ordre supérieur et analyser leur influence sur la réponse transitoire.,0,0.3521638513
communiquer-1.2,Rédiger un rapport cohérent retraçant toutes les étapes du cycle de vie du projet,AUTO-AUT22,Décrire la structure et le rôle d’un système automatique ou d’un système asservi (boucle de rétroaction).,0,0.2733092904
communiquer-1.2,Rédiger un rapport cohérent retraçant toutes les étapes du cycle de vie du projet,AUTO-AUT23,Distinguer les caractéristiques des systèmes en boucle ouverte et en boucle fermée.,0,0.1740351468
communiquer-1.2,Rédiger un rapport cohérent retraçant toutes les étapes du cycle de vie du projet,AUTO-AUT24,Analyser la stabilité des systèmes LTI à partir de la partie réelle des pôles de leur fonction de transfert.,0,0.3345752358
communiquer-1.2,Rédiger un rapport cohérent retraçant toutes les étapes du cycle de vie du projet,AUTO-AUT25,Déterminer les marges de stabilité à partir des diagrammes fréquentiels en boucle ouverte.,0,0.3555997312
communiquer-1.2,Rédiger un rapport cohérent retraçant toutes les étapes du cycle de vie du projet,AUTO-AUT26,Interpréter la signification des marges de stabilité pour évaluer la robustesse de la stabilité en boucle fermée.,0,0.2857916951
communiquer-1.2,Rédiger un rapport cohérent retraçant toutes les étapes du cycle de vie du projet,AUTO-AUT27,Analyser l’erreur statique en régime permanent pour différents types de signaux d’entrée en fonction de la classe du système.,0,0.2857234776
communiquer-1.2,Rédiger un rapport cohérent retraçant toutes les étapes du cycle de vie du projet,AUTO-AUT28,Analyser le rejet asymptotique des perturbations en fonction de la structure du système et du nombre d’intégrateurs.,0,0.3573286533
communiquer-1.2,Rédiger un rapport cohérent retraçant toutes les étapes du cycle de vie du projet,AUTO-AUT29,Comprendre les limitations des systèmes non corrigés et la nécessité d’ajouter des correcteurs.,0,0.1805857718
communiquer-1.2,Rédiger un rapport cohérent retraçant toutes les étapes du cycle de vie du projet,AUTO-AUT30,Décrire la fonction et les effets d’un correcteur intégral (I) sur les performances du système et sa réponse fréquentielle.,0,0.4421949387
communiquer-1.2,Rédiger un rapport cohérent retraçant toutes les étapes du cycle de vie du projet,AUTO-AUT31,"Décrire la fonction et les effets d’un correcteur proportionnel-intégral (PI), combinant amélioration de la précision et impact minimal sur la dynamique rapide.",0,0.4653384089
communiquer-1.2,Rédiger un rapport cohérent retraçant toutes les étapes du cycle de vie du projet,AUTO-AUT32,"Décrire la fonction et les effets d’un correcteur proportionnel-dérivatif (PD), améliorant principalement la stabilité et la dynamique rapide.",0,0.4066850543
communiquer-1.2,Rédiger un rapport cohérent retraçant toutes les étapes du cycle de vie du projet,AUTO-AUT33,Décrire la fonction et les effets d’un correcteur à avance de phase comme approximation causale d’un correcteur PD.,0,0.4602003694
communiquer-1.2,Rédiger un rapport cohérent retraçant toutes les étapes du cycle de vie du projet,AUTO-AUT34,Décrire les effets combinés et la structure d’un correcteur proportionnel-intégral-dérivatif (PID).,0,0.4410910606
communiquer-1.2,Rédiger un rapport cohérent retraçant toutes les étapes du cycle de vie du projet,AUTO-AUT35,Tracer les diagrammes de Bode asymptotiques à partir de la forme normalisée de la fonction de transfert.,0,0.3018741608
communiquer-1.2,Rédiger un rapport cohérent retraçant toutes les étapes du cycle de vie du projet,AUTO-AUT36,Tracer un diagramme de Nyquist,0,0.2964679599
communiquer-1.2,Rédiger un rapport cohérent retraçant toutes les étapes du cycle de vie du projet,AUTO-AUT37,Tracer un diagramme de Black,0,0.2375005186
communiquer-1.3,Représenter les modèles à l’aide de langage formel,AUTO-AUT01,"Définir et classer les systèmes selon des caractéristiques telles que : statique/dynamique, monovariable/multivariable, continu/discret, linéaire/non-linéaire, causal et invariant.",0,0.4455946088
communiquer-1.3,Représenter les modèles à l’aide de langage formel,AUTO-AUT02,"Décrire la nature des signaux d'entrée/sortie, qu'ils soient continus ou discrets.",0,0.2980467379
communiquer-1.3,Représenter les modèles à l’aide de langage formel,AUTO-AUT03,"Identifier la classe d’un système à partir de sa réponse indicielle, impulsionnelle, etc.",0,0.3422138989
communiquer-1.3,Représenter les modèles à l’aide de langage formel,AUTO-AUT04,Représenter des signaux en utilisant un outil numérique (Scilab),0,0.5671846867
communiquer-1.3,Représenter les modèles à l’aide de langage formel,AUTO-AUT05,Analyser la stabilité d’un système en étudiant sa fonction de transfert à l’aide d’un outil numérique (Scilab),0,0.4580307007
communiquer-1.3,Représenter les modèles à l’aide de langage formel,AUTO-AUT06,"Tracer des les diagrammes de réponse en fréquence (gain, phase) à l’aide d’un outil numérique (Scilab)",0,0.4360780716
communiquer-1.3,Représenter les modèles à l’aide de langage formel,AUTO-AUT07,"Identifier les exigences clés dans la conception d’un système de commande : stabilité, marges, précision, rapidité, rejet des perturbations, robustesse.",0,0.3503932953
communiquer-1.3,Représenter les modèles à l’aide de langage formel,AUTO-AUT08,"Proposer une stratégie générale pour analyser un système non corrigé, définir les exigences, synthétiser un correcteur et vérifier les performances.",0,0.3573842347
communiquer-1.3,Représenter les modèles à l’aide de langage formel,AUTO-AUT09,Déterminer la fonction de transfert d'un système LTI continu à partir de son équation différentielle.,0,0.2814868689
communiquer-1.3,Représenter les modèles à l’aide de langage formel,AUTO-AUT10,"Identifier les éléments caractéristiques d'une fonction de transfert : pôles, zéros et gain.",0,0.2590644956
communiquer-1.3,Représenter les modèles à l’aide de langage formel,AUTO-AUT11,"Analyser la réponse temporelle des systèmes du premier ordre (intégrateur, premier ordre) soumis à des signaux d’entrée standards.",0,0.3071029484
communiquer-1.3,Représenter les modèles à l’aide de langage formel,AUTO-AUT12,"Analyser les caractéristiques temporelles (amortissement, oscillations, temps de stabilisation) des systèmes du second ordre en fonction de leurs pôles et de leurs paramètres.",0,0.3728322983
communiquer-1.3,Représenter les modèles à l’aide de langage formel,AUTO-AUT13,Appliquer la transformée de Laplace et ses propriétés aux signaux et aux systèmes.,0,0.3347909451
communiquer-1.3,Représenter les modèles à l’aide de langage formel,AUTO-AUT14,"Analyser la réponse fréquentielle des systèmes LTI à l’aide des diagrammes de Bode, Nyquist et Black.",0,0.3317673206
communiquer-1.3,Représenter les modèles à l’aide de langage formel,AUTO-AUT15,Appliquer le critère de Routh pour déterminer la stabilité d’un système en boucle fermée à partir de son équation caractéristique.,0,0.2199898958
communiquer-1.3,Représenter les modèles à l’aide de langage formel,AUTO-AUT16,Appliquer le critère de Nyquist pour déterminer la stabilité en boucle fermée à partir du diagramme de la fonction de transfert en boucle ouverte autour du point critique (-1).,0,0.2670170665
communiquer-1.3,Représenter les modèles à l’aide de langage formel,AUTO-AUT17,"Évaluer les performances dynamiques (rapidité, amortissement) des systèmes en boucle fermée, en les reliant si possible aux caractéristiques en boucle ouverte.",0,0.2946839929
communiquer-1.3,Représenter les modèles à l’aide de langage formel,AUTO-AUT18,"Interpréter les diagrammes de réponse fréquentielle (gain, phase) pour les systèmes élémentaires : gain pur, intégrateur, dérivateur, éléments du premier et du second ordre.",0,0.3863395154
communiquer-1.3,Représenter les modèles à l’aide de langage formel,AUTO-AUT19,"Relier les performances en temps (constante de temps, temps de montée) aux notions fréquentielles (fréquence de coupure, bande passante) pour les systèmes du premier ordre.",0,0.3899680078
communiquer-1.3,Représenter les modèles à l’aide de langage formel,AUTO-AUT20,Utiliser le critère du Revers pour une évaluation simplifiée de la stabilité à partir du diagramme de Nyquist ou de Black.,0,0.1851769388
communiquer-1.3,Représenter les modèles à l’aide de langage formel,AUTO-AUT21,Identifier les pôles dominants dans les systèmes d’ordre supérieur et analyser leur influence sur la réponse transitoire.,0,0.2392592281
communiquer-1.3,Représenter les modèles à l’aide de langage formel,AUTO-AUT22,Décrire la structure et le rôle d’un système automatique ou d’un système asservi (boucle de rétroaction).,0,0.3228830993
communiquer-1.3,Représenter les modèles à l’aide de langage formel,AUTO-AUT23,Distinguer les caractéristiques des systèmes en boucle ouverte et en boucle fermée.,0,0.2065714002
communiquer-1.3,Représenter les modèles à l’aide de langage formel,AUTO-AUT24,Analyser la stabilité des systèmes LTI à partir de la partie réelle des pôles de leur fonction de transfert.,0,0.2314132452
communiquer-1.3,Représenter les modèles à l’aide de langage formel,AUTO-AUT25,Déterminer les marges de stabilité à partir des diagrammes fréquentiels en boucle ouverte.,0,0.3161750436
communiquer-1.3,Représenter les modèles à l’aide de langage formel,AUTO-AUT26,Interpréter la signification des marges de stabilité pour évaluer la robustesse de la stabilité en boucle fermée.,0,0.2895155549
communiquer-1.3,Représenter les modèles à l’aide de langage formel,AUTO-AUT27,Analyser l’erreur statique en régime permanent pour différents types de signaux d’entrée en fonction de la classe du système.,0,0.3201146722
communiquer-1.3,Représenter les modèles à l’aide de langage formel,AUTO-AUT28,Analyser le rejet asymptotique des perturbations en fonction de la structure du système et du nombre d’intégrateurs.,0,0.2344641685
communiquer-1.3,Représenter les modèles à l’aide de langage formel,AUTO-AUT29,Comprendre les limitations des systèmes non corrigés et la nécessité d’ajouter des correcteurs.,0,0.2171961963
communiquer-1.3,Représenter les modèles à l’aide de langage formel,AUTO-AUT30,Décrire la fonction et les effets d’un correcteur intégral (I) sur les performances du système et sa réponse fréquentielle.,0,0.3092377186
communiquer-1.3,Représenter les modèles à l’aide de langage formel,AUTO-AUT31,"Décrire la fonction et les effets d’un correcteur proportionnel-intégral (PI), combinant amélioration de la précision et impact minimal sur la dynamique rapide.",0,0.3438805342
communiquer-1.3,Représenter les modèles à l’aide de langage formel,AUTO-AUT32,"Décrire la fonction et les effets d’un correcteur proportionnel-dérivatif (PD), améliorant principalement la stabilité et la dynamique rapide.",0,0.2515920401
communiquer-1.3,Représenter les modèles à l’aide de langage formel,AUTO-AUT33,Décrire la fonction et les effets d’un correcteur à avance de phase comme approximation causale d’un correcteur PD.,0,0.2936133444
communiquer-1.3,Représenter les modèles à l’aide de langage formel,AUTO-AUT34,Décrire les effets combinés et la structure d’un correcteur proportionnel-intégral-dérivatif (PID).,0,0.2329842299
communiquer-1.3,Représenter les modèles à l’aide de langage formel,AUTO-AUT35,Tracer les diagrammes de Bode asymptotiques à partir de la forme normalisée de la fonction de transfert.,0,0.3268930912
communiquer-1.3,Représenter les modèles à l’aide de langage formel,AUTO-AUT36,Tracer un diagramme de Nyquist,0,0.2279095054
communiquer-1.3,Représenter les modèles à l’aide de langage formel,AUTO-AUT37,Tracer un diagramme de Black,0,0.3044009805
communiquer-2.1,Rédiger des supports de présentation,AUTO-AUT01,"Définir et classer les systèmes selon des caractéristiques telles que : statique/dynamique, monovariable/multivariable, continu/discret, linéaire/non-linéaire, causal et invariant.",0,0.1980814338
communiquer-2.1,Rédiger des supports de présentation,AUTO-AUT02,"Décrire la nature des signaux d'entrée/sortie, qu'ils soient continus ou discrets.",0,0.2544243038
communiquer-2.1,Rédiger des supports de présentation,AUTO-AUT03,"Identifier la classe d’un système à partir de sa réponse indicielle, impulsionnelle, etc.",0,0.1939564645
communiquer-2.1,Rédiger des supports de présentation,AUTO-AUT04,Représenter des signaux en utilisant un outil numérique (Scilab),0,0.2201863229
communiquer-2.1,Rédiger des supports de présentation,AUTO-AUT05,Analyser la stabilité d’un système en étudiant sa fonction de transfert à l’aide d’un outil numérique (Scilab),0,0.2971302271
communiquer-2.1,Rédiger des supports de présentation,AUTO-AUT06,"Tracer des les diagrammes de réponse en fréquence (gain, phase) à l’aide d’un outil numérique (Scilab)",0,0.2268304676
communiquer-2.1,Rédiger des supports de présentation,AUTO-AUT07,"Identifier les exigences clés dans la conception d’un système de commande : stabilité, marges, précision, rapidité, rejet des perturbations, robustesse.",0,0.3052117229
communiquer-2.1,Rédiger des supports de présentation,AUTO-AUT08,"Proposer une stratégie générale pour analyser un système non corrigé, définir les exigences, synthétiser un correcteur et vérifier les performances.",0,0.3482499719
communiquer-2.1,Rédiger des supports de présentation,AUTO-AUT09,Déterminer la fonction de transfert d'un système LTI continu à partir de son équation différentielle.,0,0.2598996460
communiquer-2.1,Rédiger des supports de présentation,AUTO-AUT10,"Identifier les éléments caractéristiques d'une fonction de transfert : pôles, zéros et gain.",0,0.2256287932
communiquer-2.1,Rédiger des supports de présentation,AUTO-AUT11,"Analyser la réponse temporelle des systèmes du premier ordre (intégrateur, premier ordre) soumis à des signaux d’entrée standards.",0,0.3162979186
communiquer-2.1,Rédiger des supports de présentation,AUTO-AUT12,"Analyser les caractéristiques temporelles (amortissement, oscillations, temps de stabilisation) des systèmes du second ordre en fonction de leurs pôles et de leurs paramètres.",0,0.3272569478
communiquer-2.1,Rédiger des supports de présentation,AUTO-AUT13,Appliquer la transformée de Laplace et ses propriétés aux signaux et aux systèmes.,0,0.3299684227
communiquer-2.1,Rédiger des supports de présentation,AUTO-AUT14,"Analyser la réponse fréquentielle des systèmes LTI à l’aide des diagrammes de Bode, Nyquist et Black.",0,0.1977446824
communiquer-2.1,Rédiger des supports de présentation,AUTO-AUT15,Appliquer le critère de Routh pour déterminer la stabilité d’un système en boucle fermée à partir de son équation caractéristique.,0,0.1996885985
communiquer-2.1,Rédiger des supports de présentation,AUTO-AUT16,Appliquer le critère de Nyquist pour déterminer la stabilité en boucle fermée à partir du diagramme de la fonction de transfert en boucle ouverte autour du point critique (-1).,0,0.2881109715
communiquer-2.1,Rédiger des supports de présentation,AUTO-AUT17,"Évaluer les performances dynamiques (rapidité, amortissement) des systèmes en boucle fermée, en les reliant si possible aux caractéristiques en boucle ouverte.",0,0.3038957119
communiquer-2.1,Rédiger des supports de présentation,AUTO-AUT18,"Interpréter les diagrammes de réponse fréquentielle (gain, phase) pour les systèmes élémentaires : gain pur, intégrateur, dérivateur, éléments du premier et du second ordre.",0,0.3109470606
communiquer-2.1,Rédiger des supports de présentation,AUTO-AUT19,"Relier les performances en temps (constante de temps, temps de montée) aux notions fréquentielles (fréquence de coupure, bande passante) pour les systèmes du premier ordre.",0,0.2343703508
communiquer-2.1,Rédiger des supports de présentation,AUTO-AUT20,Utiliser le critère du Revers pour une évaluation simplifiée de la stabilité à partir du diagramme de Nyquist ou de Black.,0,0.1292714477
communiquer-2.1,Rédiger des supports de présentation,AUTO-AUT21,Identifier les pôles dominants dans les systèmes d’ordre supérieur et analyser leur influence sur la réponse transitoire.,0,0.2400556207
communiquer-2.1,Rédiger des supports de présentation,AUTO-AUT22,Décrire la structure et le rôle d’un système automatique ou d’un système asservi (boucle de rétroaction).,0,0.2816060781
communiquer-2.1,Rédiger des supports de présentation,AUTO-AUT23,Distinguer les caractéristiques des systèmes en boucle ouverte et en boucle fermée.,0,0.1765286922
communiquer-2.1,Rédiger des supports de présentation,AUTO-AUT24,Analyser la stabilité des systèmes LTI à partir de la partie réelle des pôles de leur fonction de transfert.,0,0.2814115286
communiquer-2.1,Rédiger des supports de présentation,AUTO-AUT25,Déterminer les marges de stabilité à partir des diagrammes fréquentiels en boucle ouverte.,0,0.2093728185
communiquer-2.1,Rédiger des supports de présentation,AUTO-AUT26,Interpréter la signification des marges de stabilité pour évaluer la robustesse de la stabilité en boucle fermée.,0,0.1922291815
communiquer-2.1,Rédiger des supports de présentation,AUTO-AUT27,Analyser l’erreur statique en régime permanent pour différents types de signaux d’entrée en fonction de la classe du système.,0,0.2685318589
communiquer-2.1,Rédiger des supports de présentation,AUTO-AUT28,Analyser le rejet asymptotique des perturbations en fonction de la structure du système et du nombre d’intégrateurs.,0,0.1739361584
communiquer-2.1,Rédiger des supports de présentation,AUTO-AUT29,Comprendre les limitations des systèmes non corrigés et la nécessité d’ajouter des correcteurs.,0,0.2310507894
communiquer-2.1,Rédiger des supports de présentation,AUTO-AUT30,Décrire la fonction et les effets d’un correcteur intégral (I) sur les performances du système et sa réponse fréquentielle.,0,0.3241004348
communiquer-2.1,Rédiger des supports de présentation,AUTO-AUT31,"Décrire la fonction et les effets d’un correcteur proportionnel-intégral (PI), combinant amélioration de la précision et impact minimal sur la dynamique rapide.",0,0.3356277943
communiquer-2.1,Rédiger des supports de présentation,AUTO-AUT32,"Décrire la fonction et les effets d’un correcteur proportionnel-dérivatif (PD), améliorant principalement la stabilité et la dynamique rapide.",0,0.3008333445
communiquer-2.1,Rédiger des supports de présentation,AUTO-AUT33,Décrire la fonction et les effets d’un correcteur à avance de phase comme approximation causale d’un correcteur PD.,0,0.3168792427
communiquer-2.1,Rédiger des supports de présentation,AUTO-AUT34,Décrire les effets combinés et la structure d’un correcteur proportionnel-intégral-dérivatif (PID).,0,0.3235946596
communiquer-2.1,Rédiger des supports de présentation,AUTO-AUT35,Tracer les diagrammes de Bode asymptotiques à partir de la forme normalisée de la fonction de transfert.,0,0.2030931711
communiquer-2.1,Rédiger des supports de présentation,AUTO-AUT36,Tracer un diagramme de Nyquist,0,0.2063567638
communiquer-2.1,Rédiger des supports de présentation,AUTO-AUT37,Tracer un diagramme de Black,0,0.1622620076
communiquer-2.2,Restituer oralement le travail réalisé,AUTO-AUT01,"Définir et classer les systèmes selon des caractéristiques telles que : statique/dynamique, monovariable/multivariable, continu/discret, linéaire/non-linéaire, causal et invariant.",0,0.2588764131
communiquer-2.2,Restituer oralement le travail réalisé,AUTO-AUT02,"Décrire la nature des signaux d'entrée/sortie, qu'ils soient continus ou discrets.",0,0.1581563950
communiquer-2.2,Restituer oralement le travail réalisé,AUTO-AUT03,"Identifier la classe d’un système à partir de sa réponse indicielle, impulsionnelle, etc.",0,0.1330225170
communiquer-2.2,Restituer oralement le travail réalisé,AUTO-AUT04,Représenter des signaux en utilisant un outil numérique (Scilab),0,0.0933584571
communiquer-2.2,Restituer oralement le travail réalisé,AUTO-AUT05,Analyser la stabilité d’un système en étudiant sa fonction de transfert à l’aide d’un outil numérique (Scilab),0,0.2237909734
communiquer-2.2,Restituer oralement le travail réalisé,AUTO-AUT06,"Tracer des les diagrammes de réponse en fréquence (gain, phase) à l’aide d’un outil numérique (Scilab)",0,0.1894167066
communiquer-2.2,Restituer oralement le travail réalisé,AUTO-AUT07,"Identifier les exigences clés dans la conception d’un système de commande : stabilité, marges, précision, rapidité, rejet des perturbations, robustesse.",0,0.3169818223
communiquer-2.2,Restituer oralement le travail réalisé,AUTO-AUT08,"Proposer une stratégie générale pour analyser un système non corrigé, définir les exigences, synthétiser un correcteur et vérifier les performances.",0,0.3452653289
communiquer-2.2,Restituer oralement le travail réalisé,AUTO-AUT09,Déterminer la fonction de transfert d'un système LTI continu à partir de son équation différentielle.,0,0.2810183167
communiquer-2.2,Restituer oralement le travail réalisé,AUTO-AUT10,"Identifier les éléments caractéristiques d'une fonction de transfert : pôles, zéros et gain.",0,0.2373652309
communiquer-2.2,Restituer oralement le travail réalisé,AUTO-AUT11,"Analyser la réponse temporelle des systèmes du premier ordre (intégrateur, premier ordre) soumis à des signaux d’entrée standards.",0,0.2985414267
communiquer-2.2,Restituer oralement le travail réalisé,AUTO-AUT12,"Analyser les caractéristiques temporelles (amortissement, oscillations, temps de stabilisation) des systèmes du second ordre en fonction de leurs pôles et de leurs paramètres.",0,0.3300577700
communiquer-2.2,Restituer oralement le travail réalisé,AUTO-AUT13,Appliquer la transformée de Laplace et ses propriétés aux signaux et aux systèmes.,0,0.2302685678
communiquer-2.2,Restituer oralement le travail réalisé,AUTO-AUT14,"Analyser la réponse fréquentielle des systèmes LTI à l’aide des diagrammes de Bode, Nyquist et Black.",0,0.1394283175
communiquer-2.2,Restituer oralement le travail réalisé,AUTO-AUT15,Appliquer le critère de Routh pour déterminer la stabilité d’un système en boucle fermée à partir de son équation caractéristique.,0,0.2129345983
communiquer-2.2,Restituer oralement le travail réalisé,AUTO-AUT16,Appliquer le critère de Nyquist pour déterminer la stabilité en boucle fermée à partir du diagramme de la fonction de transfert en boucle ouverte autour du point critique (-1).,0,0.2105284035
communiquer-2.2,Restituer oralement le travail réalisé,AUTO-AUT17,"Évaluer les performances dynamiques (rapidité, amortissement) des systèmes en boucle fermée, en les reliant si possible aux caractéristiques en boucle ouverte.",0,0.3057382107
communiquer-2.2,Restituer oralement le travail réalisé,AUTO-AUT18,"Interpréter les diagrammes de réponse fréquentielle (gain, phase) pour les systèmes élémentaires : gain pur, intégrateur, dérivateur, éléments du premier et du second ordre.",0,0.2303431034
communiquer-2.2,Restituer oralement le travail réalisé,AUTO-AUT19,"Relier les performances en temps (constante de temps, temps de montée) aux notions fréquentielles (fréquence de coupure, bande passante) pour les systèmes du premier ordre.",0,0.2166165709
communiquer-2.2,Restituer oralement le travail réalisé,AUTO-AUT20,Utiliser le critère du Revers pour une évaluation simplifiée de la stabilité à partir du diagramme de Nyquist ou de Black.,0,0.1767595410
communiquer-2.2,Restituer oralement le travail réalisé,AUTO-AUT21,Identifier les pôles dominants dans les systèmes d’ordre supérieur et analyser leur influence sur la réponse transitoire.,0,0.1955842078
communiquer-2.2,Restituer oralement le travail réalisé,AUTO-AUT22,Décrire la structure et le rôle d’un système automatique ou d’un système asservi (boucle de rétroaction).,0,0.3128293753
communiquer-2.2,Restituer oralement le travail réalisé,AUTO-AUT23,Distinguer les caractéristiques des systèmes en boucle ouverte et en boucle fermée.,0,0.2014497072
communiquer-2.2,Restituer oralement le travail réalisé,AUTO-AUT24,Analyser la stabilité des systèmes LTI à partir de la partie réelle des pôles de leur fonction de transfert.,0,0.2304499745
communiquer-2.2,Restituer oralement le travail réalisé,AUTO-AUT25,Déterminer les marges de stabilité à partir des diagrammes fréquentiels en boucle ouverte.,0,0.1691770256
communiquer-2.2,Restituer oralement le travail réalisé,AUTO-AUT26,Interpréter la signification des marges de stabilité pour évaluer la robustesse de la stabilité en boucle fermée.,0,0.2054160237
communiquer-2.2,Restituer oralement le travail réalisé,AUTO-AUT27,Analyser l’erreur statique en régime permanent pour différents types de signaux d’entrée en fonction de la classe du système.,0,0.2135666907
communiquer-2.2,Restituer oralement le travail réalisé,AUTO-AUT28,Analyser le rejet asymptotique des perturbations en fonction de la structure du système et du nombre d’intégrateurs.,0,0.2428722084
communiquer-2.2,Restituer oralement le travail réalisé,AUTO-AUT29,Comprendre les limitations des systèmes non corrigés et la nécessité d’ajouter des correcteurs.,0,0.2045452595
communiquer-2.2,Restituer oralement le travail réalisé,AUTO-AUT30,Décrire la fonction et les effets d’un correcteur intégral (I) sur les performances du système et sa réponse fréquentielle.,0,0.2859558463
communiquer-2.2,Restituer oralement le travail réalisé,AUTO-AUT31,"Décrire la fonction et les effets d’un correcteur proportionnel-intégral (PI), combinant amélioration de la précision et impact minimal sur la dynamique rapide.",0,0.2849077582
communiquer-2.2,Restituer oralement le travail réalisé,AUTO-AUT32,"Décrire la fonction et les effets d’un correcteur proportionnel-dérivatif (PD), améliorant principalement la stabilité et la dynamique rapide.",0,0.2671404183
communiquer-2.2,Restituer oralement le travail réalisé,AUTO-AUT33,Décrire la fonction et les effets d’un correcteur à avance de phase comme approximation causale d’un correcteur PD.,0,0.2760972381
communiquer-2.2,Restituer oralement le travail réalisé,AUTO-AUT34,Décrire les effets combinés et la structure d’un correcteur proportionnel-intégral-dérivatif (PID).,0,0.2018243372
communiquer-2.2,Restituer oralement le travail réalisé,AUTO-AUT35,Tracer les diagrammes de Bode asymptotiques à partir de la forme normalisée de la fonction de transfert.,0,0.2696267664
communiquer-2.2,Restituer oralement le travail réalisé,AUTO-AUT36,Tracer un diagramme de Nyquist,0,0.1515358537
communiquer-2.2,Restituer oralement le travail réalisé,AUTO-AUT37,Tracer un diagramme de Black,0,0.1435092092
communiquer-2.3,Synthétiser le travail réalisé,AUTO-AUT01,"Définir et classer les systèmes selon des caractéristiques telles que : statique/dynamique, monovariable/multivariable, continu/discret, linéaire/non-linéaire, causal et invariant.",0,0.2321430445
communiquer-2.3,Synthétiser le travail réalisé,AUTO-AUT02,"Décrire la nature des signaux d'entrée/sortie, qu'ils soient continus ou discrets.",0,0.2087591588
communiquer-2.3,Synthétiser le travail réalisé,AUTO-AUT03,"Identifier la classe d’un système à partir de sa réponse indicielle, impulsionnelle, etc.",0,0.2940238118
communiquer-2.3,Synthétiser le travail réalisé,AUTO-AUT04,Représenter des signaux en utilisant un outil numérique (Scilab),0,0.2907113135
communiquer-2.3,Synthétiser le travail réalisé,AUTO-AUT05,Analyser la stabilité d’un système en étudiant sa fonction de transfert à l’aide d’un outil numérique (Scilab),0,0.3247677088
communiquer-2.3,Synthétiser le travail réalisé,AUTO-AUT06,"Tracer des les diagrammes de réponse en fréquence (gain, phase) à l’aide d’un outil numérique (Scilab)",0,0.2830091715
communiquer-2.3,Synthétiser le travail réalisé,AUTO-AUT07,"Identifier les exigences clés dans la conception d’un système de commande : stabilité, marges, précision, rapidité, rejet des perturbations, robustesse.",0,0.3234578073
communiquer-2.3,Synthétiser le travail réalisé,AUTO-AUT08,"Proposer une stratégie générale pour analyser un système non corrigé, définir les exigences, synthétiser un correcteur et vérifier les performances.",0,0.3862783909
communiquer-2.3,Synthétiser le travail réalisé,AUTO-AUT09,Déterminer la fonction de transfert d'un système LTI continu à partir de son équation différentielle.,0,0.2555658817
communiquer-2.3,Synthétiser le travail réalisé,AUTO-AUT10,"Identifier les éléments caractéristiques d'une fonction de transfert : pôles, zéros et gain.",0,0.2524098754
communiquer-2.3,Synthétiser le travail réalisé,AUTO-AUT11,"Analyser la réponse temporelle des systèmes du premier ordre (intégrateur, premier ordre) soumis à des signaux d’entrée standards.",0,0.3167232275
communiquer-2.3,Synthétiser le travail réalisé,AUTO-AUT12,"Analyser les caractéristiques temporelles (amortissement, oscillations, temps de stabilisation) des systèmes du second ordre en fonction de leurs pôles et de leurs paramètres.",0,0.3557484746
communiquer-2.3,Synthétiser le travail réalisé,AUTO-AUT13,Appliquer la transformée de Laplace et ses propriétés aux signaux et aux systèmes.,0,0.3190788031
communiquer-2.3,Synthétiser le travail réalisé,AUTO-AUT14,"Analyser la réponse fréquentielle des systèmes LTI à l’aide des diagrammes de Bode, Nyquist et Black.",0,0.1435678303
communiquer-2.3,Synthétiser le travail réalisé,AUTO-AUT15,Appliquer le critère de Routh pour déterminer la stabilité d’un système en boucle fermée à partir de son équation caractéristique.,0,0.2314993739
communiquer-2.3,Synthétiser le travail réalisé,AUTO-AUT16,Appliquer le critère de Nyquist pour déterminer la stabilité en boucle fermée à partir du diagramme de la fonction de transfert en boucle ouverte autour du point critique (-1).,0,0.2367695868
communiquer-2.3,Synthétiser le travail réalisé,AUTO-AUT17,"Évaluer les performances dynamiques (rapidité, amortissement) des systèmes en boucle fermée, en les reliant si possible aux caractéristiques en boucle ouverte.",0,0.3297502398
communiquer-2.3,Synthétiser le travail réalisé,AUTO-AUT18,"Interpréter les diagrammes de réponse fréquentielle (gain, phase) pour les systèmes élémentaires : gain pur, intégrateur, dérivateur, éléments du premier et du second ordre.",0,0.3147419989
communiquer-2.3,Synthétiser le travail réalisé,AUTO-AUT19,"Relier les performances en temps (constante de temps, temps de montée) aux notions fréquentielles (fréquence de coupure, bande passante) pour les systèmes du premier ordre.",0,0.2441926897
communiquer-2.3,Synthétiser le travail réalisé,AUTO-AUT20,Utiliser le critère du Revers pour une évaluation simplifiée de la stabilité à partir du diagramme de Nyquist ou de Black.,0,0.1316020638
communiquer-2.3,Synthétiser le travail réalisé,AUTO-AUT21,Identifier les pôles dominants dans les systèmes d’ordre supérieur et analyser leur influence sur la réponse transitoire.,0,0.2693059444
communiquer-2.3,Synthétiser le travail réalisé,AUTO-AUT22,Décrire la structure et le rôle d’un système automatique ou d’un système asservi (boucle de rétroaction).,0,0.3732432723
communiquer-2.3,Synthétiser le travail réalisé,AUTO-AUT23,Distinguer les caractéristiques des systèmes en boucle ouverte et en boucle fermée.,0,0.1722671092
communiquer-2.3,Synthétiser le travail réalisé,AUTO-AUT24,Analyser la stabilité des systèmes LTI à partir de la partie réelle des pôles de leur fonction de transfert.,0,0.2540712357
communiquer-2.3,Synthétiser le travail réalisé,AUTO-AUT25,Déterminer les marges de stabilité à partir des diagrammes fréquentiels en boucle ouverte.,0,0.1736931503
communiquer-2.3,Synthétiser le travail réalisé,AUTO-AUT26,Interpréter la signification des marges de stabilité pour évaluer la robustesse de la stabilité en boucle fermée.,0,0.2741748095
communiquer-2.3,Synthétiser le travail réalisé,AUTO-AUT27,Analyser l’erreur statique en régime permanent pour différents types de signaux d’entrée en fonction de la classe du système.,0,0.2607048452
communiquer-2.3,Synthétiser le travail réalisé,AUTO-AUT28,Analyser le rejet asymptotique des perturbations en fonction de la structure du système et du nombre d’intégrateurs.,0,0.2758171558
communiquer-2.3,Synthétiser le travail réalisé,AUTO-AUT29,Comprendre les limitations des systèmes non corrigés et la nécessité d’ajouter des correcteurs.,0,0.1477111131
communiquer-2.3,Synthétiser le travail réalisé,AUTO-AUT30,Décrire la fonction et les effets d’un correcteur intégral (I) sur les performances du système et sa réponse fréquentielle.,0,0.3286322653
communiquer-2.3,Synthétiser le travail réalisé,AUTO-AUT31,"Décrire la fonction et les effets d’un correcteur proportionnel-intégral (PI), combinant amélioration de la précision et impact minimal sur la dynamique rapide.",0,0.3448219001
communiquer-2.3,Synthétiser le travail réalisé,AUTO-AUT32,"Décrire la fonction et les effets d’un correcteur proportionnel-dérivatif (PD), améliorant principalement la stabilité et la dynamique rapide.",0,0.3401590884
communiquer-2.3,Synthétiser le travail réalisé,AUTO-AUT33,Décrire la fonction et les effets d’un correcteur à avance de phase comme approximation causale d’un correcteur PD.,0,0.3318299651
communiquer-2.3,Synthétiser le travail réalisé,AUTO-AUT34,Décrire les effets combinés et la structure d’un correcteur proportionnel-intégral-dérivatif (PID).,0,0.2859472036
communiquer-2.3,Synthétiser le travail réalisé,AUTO-AUT35,Tracer les diagrammes de Bode asymptotiques à partir de la forme normalisée de la fonction de transfert.,0,0.2028065324
communiquer-2.3,Synthétiser le travail réalisé,AUTO-AUT36,Tracer un diagramme de Nyquist,0,0.1877976209
communiquer-2.3,Synthétiser le travail réalisé,AUTO-AUT37,Tracer un diagramme de Black,0,0.1475630850
communiquer-3.1,Interpréter les résultats dans le contexte du problème,AUTO-AUT01,"Définir et classer les systèmes selon des caractéristiques telles que : statique/dynamique, monovariable/multivariable, continu/discret, linéaire/non-linéaire, causal et invariant.",0,0.3354465961
communiquer-3.1,Interpréter les résultats dans le contexte du problème,AUTO-AUT02,"Décrire la nature des signaux d'entrée/sortie, qu'ils soient continus ou discrets.",0,0.4294403195
communiquer-3.1,Interpréter les résultats dans le contexte du problème,AUTO-AUT03,"Identifier la classe d’un système à partir de sa réponse indicielle, impulsionnelle, etc.",0,0.3707062006
communiquer-3.1,Interpréter les résultats dans le contexte du problème,AUTO-AUT04,Représenter des signaux en utilisant un outil numérique (Scilab),0,0.4252406061
communiquer-3.1,Interpréter les résultats dans le contexte du problème,AUTO-AUT05,Analyser la stabilité d’un système en étudiant sa fonction de transfert à l’aide d’un outil numérique (Scilab),0,0.3715162873
communiquer-3.1,Interpréter les résultats dans le contexte du problème,AUTO-AUT06,"Tracer des les diagrammes de réponse en fréquence (gain, phase) à l’aide d’un outil numérique (Scilab)",0,0.3805899620
communiquer-3.1,Interpréter les résultats dans le contexte du problème,AUTO-AUT07,"Identifier les exigences clés dans la conception d’un système de commande : stabilité, marges, précision, rapidité, rejet des perturbations, robustesse.",1,0.3601749241
communiquer-3.1,Interpréter les résultats dans le contexte du problème,AUTO-AUT08,"Proposer une stratégie générale pour analyser un système non corrigé, définir les exigences, synthétiser un correcteur et vérifier les performances.",0,0.4094094336
communiquer-3.1,Interpréter les résultats dans le contexte du problème,AUTO-AUT09,Déterminer la fonction de transfert d'un système LTI continu à partir de son équation différentielle.,0,0.3016947508
communiquer-3.1,Interpréter les résultats dans le contexte du problème,AUTO-AUT10,"Identifier les éléments caractéristiques d'une fonction de transfert : pôles, zéros et gain.",0,0.4342012107
communiquer-3.1,Interpréter les résultats dans le contexte du problème,AUTO-AUT11,"Analyser la réponse temporelle des systèmes du premier ordre (intégrateur, premier ordre) soumis à des signaux d’entrée standards.",1,0.3606381118
communiquer-3.1,Interpréter les résultats dans le contexte du problème,AUTO-AUT12,"Analyser les caractéristiques temporelles (amortissement, oscillations, temps de stabilisation) des systèmes du second ordre en fonction de leurs pôles et de leurs paramètres.",1,0.3561569452
communiquer-3.1,Interpréter les résultats dans le contexte du problème,AUTO-AUT13,Appliquer la transformée de Laplace et ses propriétés aux signaux et aux systèmes.,0,0.3321540654
communiquer-3.1,Interpréter les résultats dans le contexte du problème,AUTO-AUT14,"Analyser la réponse fréquentielle des systèmes LTI à l’aide des diagrammes de Bode, Nyquist et Black.",1,0.2279752493
communiquer-3.1,Interpréter les résultats dans le contexte du problème,AUTO-AUT15,Appliquer le critère de Routh pour déterminer la stabilité d’un système en boucle fermée à partir de son équation caractéristique.,1,0.2484158874
communiquer-3.1,Interpréter les résultats dans le contexte du problème,AUTO-AUT16,Appliquer le critère de Nyquist pour déterminer la stabilité en boucle fermée à partir du diagramme de la fonction de transfert en boucle ouverte autour du point critique (-1).,1,0.2669415474
communiquer-3.1,Interpréter les résultats dans le contexte du problème,AUTO-AUT17,"Évaluer les performances dynamiques (rapidité, amortissement) des systèmes en boucle fermée, en les reliant si possible aux caractéristiques en boucle ouverte.",1,0.3095205724
communiquer-3.1,Interpréter les résultats dans le contexte du problème,AUTO-AUT18,"Interpréter les diagrammes de réponse fréquentielle (gain, phase) pour les systèmes élémentaires : gain pur, intégrateur, dérivateur, éléments du premier et du second ordre.",1,0.3894489408
communiquer-3.1,Interpréter les résultats dans le contexte du problème,AUTO-AUT19,"Relier les performances en temps (constante de temps, temps de montée) aux notions fréquentielles (fréquence de coupure, bande passante) pour les systèmes du premier ordre.",1,0.3583666682
communiquer-3.1,Interpréter les résultats dans le contexte du problème,AUTO-AUT20,Utiliser le critère du Revers pour une évaluation simplifiée de la stabilité à partir du diagramme de Nyquist ou de Black.,1,0.2019622028
communiquer-3.1,Interpréter les résultats dans le contexte du problème,AUTO-AUT21,Identifier les pôles dominants dans les systèmes d’ordre supérieur et analyser leur influence sur la réponse transitoire.,1,0.2782195508
communiquer-3.1,Interpréter les résultats dans le contexte du problème,AUTO-AUT22,Décrire la structure et le rôle d’un système automatique ou d’un système asservi (boucle de rétroaction).,1,0.3256493807
communiquer-3.1,Interpréter les résultats dans le contexte du problème,AUTO-AUT23,Distinguer les caractéristiques des systèmes en boucle ouverte et en boucle fermée.,1,0.1933642030
communiquer-3.1,Interpréter les résultats dans le contexte du problème,AUTO-AUT24,Analyser la stabilité des systèmes LTI à partir de la partie réelle des pôles de leur fonction de transfert.,1,0.2761397958
communiquer-3.1,Interpréter les résultats dans le contexte du problème,AUTO-AUT25,Déterminer les marges de stabilité à partir des diagrammes fréquentiels en boucle ouverte.,1,0.2304875106
communiquer-3.1,Interpréter les résultats dans le contexte du problème,AUTO-AUT26,Interpréter la signification des marges de stabilité pour évaluer la robustesse de la stabilité en boucle fermée.,1,0.2804173231
communiquer-3.1,Interpréter les résultats dans le contexte du problème,AUTO-AUT27,Analyser l’erreur statique en régime permanent pour différents types de signaux d’entrée en fonction de la classe du système.,1,0.3495672941
communiquer-3.1,Interpréter les résultats dans le contexte du problème,AUTO-AUT28,Analyser le rejet asymptotique des perturbations en fonction de la structure du système et du nombre d’intégrateurs.,1,0.3544547558
communiquer-3.1,Interpréter les résultats dans le contexte du problème,AUTO-AUT29,Comprendre les limitations des systèmes non corrigés et la nécessité d’ajouter des correcteurs.,0,0.2205085754
communiquer-3.1,Interpréter les résultats dans le contexte du problème,AUTO-AUT30,Décrire la fonction et les effets d’un correcteur intégral (I) sur les performances du système et sa réponse fréquentielle.,0,0.3655326366
communiquer-3.1,Interpréter les résultats dans le contexte du problème,AUTO-AUT31,"Décrire la fonction et les effets d’un correcteur proportionnel-intégral (PI), combinant amélioration de la précision et impact minimal sur la dynamique rapide.",0,0.3309485018
communiquer-3.1,Interpréter les résultats dans le contexte du problème,AUTO-AUT32,"Décrire la fonction et les effets d’un correcteur proportionnel-dérivatif (PD), améliorant principalement la stabilité et la dynamique rapide.",0,0.2817475200
communiquer-3.1,Interpréter les résultats dans le contexte du problème,AUTO-AUT33,Décrire la fonction et les effets d’un correcteur à avance de phase comme approximation causale d’un correcteur PD.,0,0.3330174088
communiquer-3.1,Interpréter les résultats dans le contexte du problème,AUTO-AUT34,Décrire les effets combinés et la structure d’un correcteur proportionnel-intégral-dérivatif (PID).,0,0.3384088576
communiquer-3.1,Interpréter les résultats dans le contexte du problème,AUTO-AUT35,Tracer les diagrammes de Bode asymptotiques à partir de la forme normalisée de la fonction de transfert.,0,0.2934086919
communiquer-3.1,Interpréter les résultats dans le contexte du problème,AUTO-AUT36,Tracer un diagramme de Nyquist,0,0.3516580462
communiquer-3.1,Interpréter les résultats dans le contexte du problème,AUTO-AUT37,Tracer un diagramme de Black,0,0.4806165993
communiquer-3.2,Critiquer les résultats,AUTO-AUT01,"Définir et classer les systèmes selon des caractéristiques telles que : statique/dynamique, monovariable/multivariable, continu/discret, linéaire/non-linéaire, causal et invariant.",0,0.1895600259
communiquer-3.2,Critiquer les résultats,AUTO-AUT02,"Décrire la nature des signaux d'entrée/sortie, qu'ils soient continus ou discrets.",0,0.2696560621
communiquer-3.2,Critiquer les résultats,AUTO-AUT03,"Identifier la classe d’un système à partir de sa réponse indicielle, impulsionnelle, etc.",0,0.1878084987
communiquer-3.2,Critiquer les résultats,AUTO-AUT04,Représenter des signaux en utilisant un outil numérique (Scilab),0,0.1579723656
communiquer-3.2,Critiquer les résultats,AUTO-AUT05,Analyser la stabilité d’un système en étudiant sa fonction de transfert à l’aide d’un outil numérique (Scilab),0,0.1804435849
communiquer-3.2,Critiquer les résultats,AUTO-AUT06,"Tracer des les diagrammes de réponse en fréquence (gain, phase) à l’aide d’un outil numérique (Scilab)",0,0.1976284981
communiquer-3.2,Critiquer les résultats,AUTO-AUT07,"Identifier les exigences clés dans la conception d’un système de commande : stabilité, marges, précision, rapidité, rejet des perturbations, robustesse.",1,0.2392793298
communiquer-3.2,Critiquer les résultats,AUTO-AUT08,"Proposer une stratégie générale pour analyser un système non corrigé, définir les exigences, synthétiser un correcteur et vérifier les performances.",0,0.3822935224
communiquer-3.2,Critiquer les résultats,AUTO-AUT09,Déterminer la fonction de transfert d'un système LTI continu à partir de son équation différentielle.,0,0.1980317086
communiquer-3.2,Critiquer les résultats,AUTO-AUT10,"Identifier les éléments caractéristiques d'une fonction de transfert : pôles, zéros et gain.",0,0.3446142077
communiquer-3.2,Critiquer les résultats,AUTO-AUT11,"Analyser la réponse temporelle des systèmes du premier ordre (intégrateur, premier ordre) soumis à des signaux d’entrée standards.",0,0.2707122564
communiquer-3.2,Critiquer les résultats,AUTO-AUT12,"Analyser les caractéristiques temporelles (amortissement, oscillations, temps de stabilisation) des systèmes du second ordre en fonction de leurs pôles et de leurs paramètres.",0,0.3196237087
communiquer-3.2,Critiquer les résultats,AUTO-AUT13,Appliquer la transformée de Laplace et ses propriétés aux signaux et aux systèmes.,0,0.1877004504
communiquer-3.2,Critiquer les résultats,AUTO-AUT14,"Analyser la réponse fréquentielle des systèmes LTI à l’aide des diagrammes de Bode, Nyquist et Black.",0,0.1569433063
communiquer-3.2,Critiquer les résultats,AUTO-AUT15,Appliquer le critère de Routh pour déterminer la stabilité d’un système en boucle fermée à partir de son équation caractéristique.,0,0.2145446241
communiquer-3.2,Critiquer les résultats,AUTO-AUT16,Appliquer le critère de Nyquist pour déterminer la stabilité en boucle fermée à partir du diagramme de la fonction de transfert en boucle ouverte autour du point critique (-1).,0,0.1625727415
communiquer-3.2,Critiquer les résultats,AUTO-AUT17,"Évaluer les performances dynamiques (rapidité, amortissement) des systèmes en boucle fermée, en les reliant si possible aux caractéristiques en boucle ouverte.",0,0.3178700209
communiquer-3.2,Critiquer les résultats,AUTO-AUT18,"Interpréter les diagrammes de réponse fréquentielle (gain, phase) pour les systèmes élémentaires : gain pur, intégrateur, dérivateur, éléments du premier et du second ordre.",0,0.2941840291
communiquer-3.2,Critiquer les résultats,AUTO-AUT19,"Relier les performances en temps (constante de temps, temps de montée) aux notions fréquentielles (fréquence de coupure, bande passante) pour les systèmes du premier ordre.",0,0.2601186633
communiquer-3.2,Critiquer les résultats,AUTO-AUT20,Utiliser le critère du Revers pour une évaluation simplifiée de la stabilité à partir du diagramme de Nyquist ou de Black.,0,0.2237904966
communiquer-3.2,Critiquer les résultats,AUTO-AUT21,Identifier les pôles dominants dans les systèmes d’ordre supérieur et analyser leur influence sur la réponse transitoire.,0,0.2591682374
communiquer-3.2,Critiquer les résultats,AUTO-AUT22,Décrire la structure et le rôle d’un système automatique ou d’un système asservi (boucle de rétroaction).,0,0.3044942319
communiquer-3.2,Critiquer les résultats,AUTO-AUT23,Distinguer les caractéristiques des systèmes en boucle ouverte et en boucle fermée.,0,0.1547175795
communiquer-3.2,Critiquer les résultats,AUTO-AUT24,Analyser la stabilité des systèmes LTI à partir de la partie réelle des pôles de leur fonction de transfert.,0,0.2704468369
communiquer-3.2,Critiquer les résultats,AUTO-AUT25,Déterminer les marges de stabilité à partir des diagrammes fréquentiels en boucle ouverte.,0,0.1757649183
communiquer-3.2,Critiquer les résultats,AUTO-AUT26,Interpréter la signification des marges de stabilité pour évaluer la robustesse de la stabilité en boucle fermée.,0,0.2811478376
communiquer-3.2,Critiquer les résultats,AUTO-AUT27,Analyser l’erreur statique en régime permanent pour différents types de signaux d’entrée en fonction de la classe du système.,0,0.2205625027
communiquer-3.2,Critiquer les résultats,AUTO-AUT28,Analyser le rejet asymptotique des perturbations en fonction de la structure du système et du nombre d’intégrateurs.,0,0.3106896877
communiquer-3.2,Critiquer les résultats,AUTO-AUT29,Comprendre les limitations des systèmes non corrigés et la nécessité d’ajouter des correcteurs.,1,0.2589789629
communiquer-3.2,Critiquer les résultats,AUTO-AUT30,Décrire la fonction et les effets d’un correcteur intégral (I) sur les performances du système et sa réponse fréquentielle.,1,0.3591475189
communiquer-3.2,Critiquer les résultats,AUTO-AUT31,"Décrire la fonction et les effets d’un correcteur proportionnel-intégral (PI), combinant amélioration de la précision et impact minimal sur la dynamique rapide.",1,0.3343598545
communiquer-3.2,Critiquer les résultats,AUTO-AUT32,"Décrire la fonction et les effets d’un correcteur proportionnel-dérivatif (PD), améliorant principalement la stabilité et la dynamique rapide.",1,0.3360722065
communiquer-3.2,Critiquer les résultats,AUTO-AUT33,Décrire la fonction et les effets d’un correcteur à avance de phase comme approximation causale d’un correcteur PD.,1,0.3233107924
communiquer-3.2,Critiquer les résultats,AUTO-AUT34,Décrire les effets combinés et la structure d’un correcteur proportionnel-intégral-dérivatif (PID).,1,0.2918007374
communiquer-3.2,Critiquer les résultats,AUTO-AUT35,Tracer les diagrammes de Bode asymptotiques à partir de la forme normalisée de la fonction de transfert.,0,0.1107515097
communiquer-3.2,Critiquer les résultats,AUTO-AUT36,Tracer un diagramme de Nyquist,0,0.1623086929
communiquer-3.2,Critiquer les résultats,AUTO-AUT37,Tracer un diagramme de Black,0,0.1753973365
communiquer-3.3,Proposer des perspectives,AUTO-AUT01,"Définir et classer les systèmes selon des caractéristiques telles que : statique/dynamique, monovariable/multivariable, continu/discret, linéaire/non-linéaire, causal et invariant.",0,0.1184072047
communiquer-3.3,Proposer des perspectives,AUTO-AUT02,"Décrire la nature des signaux d'entrée/sortie, qu'ils soient continus ou discrets.",0,0.3354008198
communiquer-3.3,Proposer des perspectives,AUTO-AUT03,"Identifier la classe d’un système à partir de sa réponse indicielle, impulsionnelle, etc.",0,0.2364182174
communiquer-3.3,Proposer des perspectives,AUTO-AUT04,Représenter des signaux en utilisant un outil numérique (Scilab),0,0.2070234269
communiquer-3.3,Proposer des perspectives,AUTO-AUT05,Analyser la stabilité d’un système en étudiant sa fonction de transfert à l’aide d’un outil numérique (Scilab),0,0.1615291536
communiquer-3.3,Proposer des perspectives,AUTO-AUT06,"Tracer des les diagrammes de réponse en fréquence (gain, phase) à l’aide d’un outil numérique (Scilab)",0,0.1938286424
communiquer-3.3,Proposer des perspectives,AUTO-AUT07,"Identifier les exigences clés dans la conception d’un système de commande : stabilité, marges, précision, rapidité, rejet des perturbations, robustesse.",0,0.1832269728
communiquer-3.3,Proposer des perspectives,AUTO-AUT08,"Proposer une stratégie générale pour analyser un système non corrigé, définir les exigences, synthétiser un correcteur et vérifier les performances.",0,0.2349324077
communiquer-3.3,Proposer des perspectives,AUTO-AUT09,Déterminer la fonction de transfert d'un système LTI continu à partir de son équation différentielle.,0,0.1617704481
communiquer-3.3,Proposer des perspectives,AUTO-AUT10,"Identifier les éléments caractéristiques d'une fonction de transfert : pôles, zéros et gain.",0,0.0659970343
communiquer-3.3,Proposer des perspectives,AUTO-AUT11,"Analyser la réponse temporelle des systèmes du premier ordre (intégrateur, premier ordre) soumis à des signaux d’entrée standards.",0,0.1863233447
communiquer-3.3,Proposer des perspectives,AUTO-AUT12,"Analyser les caractéristiques temporelles (amortissement, oscillations, temps de stabilisation) des systèmes du second ordre en fonction de leurs pôles et de leurs paramètres.",0,0.1493708789
communiquer-3.3,Proposer des perspectives,AUTO-AUT13,Appliquer la transformée de Laplace et ses propriétés aux signaux et aux systèmes.,0,0.1952252984
communiquer-3.3,Proposer des perspectives,AUTO-AUT14,"Analyser la réponse fréquentielle des systèmes LTI à l’aide des diagrammes de Bode, Nyquist et Black.",0,0.1083829254
communiquer-3.3,Proposer des perspectives,AUTO-AUT15,Appliquer le critère de Routh pour déterminer la stabilité d’un système en boucle fermée à partir de son équation caractéristique.,0,0.0864084363
communiquer-3.3,Proposer des perspectives,AUTO-AUT16,Appliquer le critère de Nyquist pour déterminer la stabilité en boucle fermée à partir du diagramme de la fonction de transfert en boucle ouverte autour du point critique (-1).,0,0.1711614728
communiquer-3.3,Proposer des perspectives,AUTO-AUT17,"Évaluer les performances dynamiques (rapidité, amortissement) des systèmes en boucle fermée, en les reliant si possible aux caractéristiques en boucle ouverte.",0,0.2209972143
communiquer-3.3,Proposer des perspectives,AUTO-AUT18,"Interpréter les diagrammes de réponse fréquentielle (gain, phase) pour les systèmes élémentaires : gain pur, intégrateur, dérivateur, éléments du premier et du second ordre.",0,0.2357224524
communiquer-3.3,Proposer des perspectives,AUTO-AUT19,"Relier les performances en temps (constante de temps, temps de montée) aux notions fréquentielles (fréquence de coupure, bande passante) pour les systèmes du premier ordre.",0,0.1850503981
communiquer-3.3,Proposer des perspectives,AUTO-AUT20,Utiliser le critère du Revers pour une évaluation simplifiée de la stabilité à partir du diagramme de Nyquist ou de Black.,0,0.0463769287
communiquer-3.3,Proposer des perspectives,AUTO-AUT21,Identifier les pôles dominants dans les systèmes d’ordre supérieur et analyser leur influence sur la réponse transitoire.,0,0.1237326264
communiquer-3.3,Proposer des perspectives,AUTO-AUT22,Décrire la structure et le rôle d’un système automatique ou d’un système asservi (boucle de rétroaction).,0,0.1038570255
communiquer-3.3,Proposer des perspectives,AUTO-AUT23,Distinguer les caractéristiques des systèmes en boucle ouverte et en boucle fermée.,0,0.2202406377
communiquer-3.3,Proposer des perspectives,AUTO-AUT24,Analyser la stabilité des systèmes LTI à partir de la partie réelle des pôles de leur fonction de transfert.,0,0.0934528634
communiquer-3.3,Proposer des perspectives,AUTO-AUT25,Déterminer les marges de stabilité à partir des diagrammes fréquentiels en boucle ouverte.,0,0.2293094993
communiquer-3.3,Proposer des perspectives,AUTO-AUT26,Interpréter la signification des marges de stabilité pour évaluer la robustesse de la stabilité en boucle fermée.,0,0.0958924890
communiquer-3.3,Proposer des perspectives,AUTO-AUT27,Analyser l’erreur statique en régime permanent pour différents types de signaux d’entrée en fonction de la classe du système.,0,0.1483982354
communiquer-3.3,Proposer des perspectives,AUTO-AUT28,Analyser le rejet asymptotique des perturbations en fonction de la structure du système et du nombre d’intégrateurs.,0,0.0693923905
communiquer-3.3,Proposer des perspectives,AUTO-AUT29,Comprendre les limitations des systèmes non corrigés et la nécessité d’ajouter des correcteurs.,0,0.1037916541
communiquer-3.3,Proposer des perspectives,AUTO-AUT30,Décrire la fonction et les effets d’un correcteur intégral (I) sur les performances du système et sa réponse fréquentielle.,0,0.1810348034
communiquer-3.3,Proposer des perspectives,AUTO-AUT31,"Décrire la fonction et les effets d’un correcteur proportionnel-intégral (PI), combinant amélioration de la précision et impact minimal sur la dynamique rapide.",0,0.2332400680
communiquer-3.3,Proposer des perspectives,AUTO-AUT32,"Décrire la fonction et les effets d’un correcteur proportionnel-dérivatif (PD), améliorant principalement la stabilité et la dynamique rapide.",0,0.1609459221
communiquer-3.3,Proposer des perspectives,AUTO-AUT33,Décrire la fonction et les effets d’un correcteur à avance de phase comme approximation causale d’un correcteur PD.,0,0.2117010653
communiquer-3.3,Proposer des perspectives,AUTO-AUT34,Décrire les effets combinés et la structure d’un correcteur proportionnel-intégral-dérivatif (PID).,0,0.1674715877
communiquer-3.3,Proposer des perspectives,AUTO-AUT35,Tracer les diagrammes de Bode asymptotiques à partir de la forme normalisée de la fonction de transfert.,0,0.1166362092
communiquer-3.3,Proposer des perspectives,AUTO-AUT36,Tracer un diagramme de Nyquist,0,0.1315247267
communiquer-3.3,Proposer des perspectives,AUTO-AUT37,Tracer un diagramme de Black,0,0.1979612112
communiquer-3.4,Représenter de manière humainement compréhensible (graphiquement) les résultats,AUTO-AUT01,"Définir et classer les systèmes selon des caractéristiques telles que : statique/dynamique, monovariable/multivariable, continu/discret, linéaire/non-linéaire, causal et invariant.",0,0.3677783608
communiquer-3.4,Représenter de manière humainement compréhensible (graphiquement) les résultats,AUTO-AUT02,"Décrire la nature des signaux d'entrée/sortie, qu'ils soient continus ou discrets.",0,0.4020622373
communiquer-3.4,Représenter de manière humainement compréhensible (graphiquement) les résultats,AUTO-AUT03,"Identifier la classe d’un système à partir de sa réponse indicielle, impulsionnelle, etc.",0,0.2948248982
communiquer-3.4,Représenter de manière humainement compréhensible (graphiquement) les résultats,AUTO-AUT04,Représenter des signaux en utilisant un outil numérique (Scilab),0,0.4100999832
communiquer-3.4,Représenter de manière humainement compréhensible (graphiquement) les résultats,AUTO-AUT05,Analyser la stabilité d’un système en étudiant sa fonction de transfert à l’aide d’un outil numérique (Scilab),0,0.3153696656
communiquer-3.4,Représenter de manière humainement compréhensible (graphiquement) les résultats,AUTO-AUT06,"Tracer des les diagrammes de réponse en fréquence (gain, phase) à l’aide d’un outil numérique (Scilab)",0,0.3353307843
communiquer-3.4,Représenter de manière humainement compréhensible (graphiquement) les résultats,AUTO-AUT07,"Identifier les exigences clés dans la conception d’un système de commande : stabilité, marges, précision, rapidité, rejet des perturbations, robustesse.",0,0.2279395312
communiquer-3.4,Représenter de manière humainement compréhensible (graphiquement) les résultats,AUTO-AUT08,"Proposer une stratégie générale pour analyser un système non corrigé, définir les exigences, synthétiser un correcteur et vérifier les performances.",0,0.3281762600
communiquer-3.4,Représenter de manière humainement compréhensible (graphiquement) les résultats,AUTO-AUT09,Déterminer la fonction de transfert d'un système LTI continu à partir de son équation différentielle.,0,0.2417489886
communiquer-3.4,Représenter de manière humainement compréhensible (graphiquement) les résultats,AUTO-AUT10,"Identifier les éléments caractéristiques d'une fonction de transfert : pôles, zéros et gain.",0,0.3651688993
communiquer-3.4,Représenter de manière humainement compréhensible (graphiquement) les résultats,AUTO-AUT11,"Analyser la réponse temporelle des systèmes du premier ordre (intégrateur, premier ordre) soumis à des signaux d’entrée standards.",0,0.2835204303
communiquer-3.4,Représenter de manière humainement compréhensible (graphiquement) les résultats,AUTO-AUT12,"Analyser les caractéristiques temporelles (amortissement, oscillations, temps de stabilisation) des systèmes du second ordre en fonction de leurs pôles et de leurs paramètres.",0,0.3575112224
communiquer-3.4,Représenter de manière humainement compréhensible (graphiquement) les résultats,AUTO-AUT13,Appliquer la transformée de Laplace et ses propriétés aux signaux et aux systèmes.,0,0.2673906684
communiquer-3.4,Représenter de manière humainement compréhensible (graphiquement) les résultats,AUTO-AUT14,"Analyser la réponse fréquentielle des systèmes LTI à l’aide des diagrammes de Bode, Nyquist et Black.",0,0.1577944309
communiquer-3.4,Représenter de manière humainement compréhensible (graphiquement) les résultats,AUTO-AUT15,Appliquer le critère de Routh pour déterminer la stabilité d’un système en boucle fermée à partir de son équation caractéristique.,0,0.2270616293
communiquer-3.4,Représenter de manière humainement compréhensible (graphiquement) les résultats,AUTO-AUT16,Appliquer le critère de Nyquist pour déterminer la stabilité en boucle fermée à partir du diagramme de la fonction de transfert en boucle ouverte autour du point critique (-1).,0,0.2463876903
communiquer-3.4,Représenter de manière humainement compréhensible (graphiquement) les résultats,AUTO-AUT17,"Évaluer les performances dynamiques (rapidité, amortissement) des systèmes en boucle fermée, en les reliant si possible aux caractéristiques en boucle ouverte.",0,0.3399423063
communiquer-3.4,Représenter de manière humainement compréhensible (graphiquement) les résultats,AUTO-AUT18,"Interpréter les diagrammes de réponse fréquentielle (gain, phase) pour les systèmes élémentaires : gain pur, intégrateur, dérivateur, éléments du premier et du second ordre.",0,0.3497999907
communiquer-3.4,Représenter de manière humainement compréhensible (graphiquement) les résultats,AUTO-AUT19,"Relier les performances en temps (constante de temps, temps de montée) aux notions fréquentielles (fréquence de coupure, bande passante) pour les systèmes du premier ordre.",0,0.4461617470
communiquer-3.4,Représenter de manière humainement compréhensible (graphiquement) les résultats,AUTO-AUT20,Utiliser le critère du Revers pour une évaluation simplifiée de la stabilité à partir du diagramme de Nyquist ou de Black.,0,0.2303065658
communiquer-3.4,Représenter de manière humainement compréhensible (graphiquement) les résultats,AUTO-AUT21,Identifier les pôles dominants dans les systèmes d’ordre supérieur et analyser leur influence sur la réponse transitoire.,0,0.2019403279
communiquer-3.4,Représenter de manière humainement compréhensible (graphiquement) les résultats,AUTO-AUT22,Décrire la structure et le rôle d’un système automatique ou d’un système asservi (boucle de rétroaction).,0,0.2776459157
communiquer-3.4,Représenter de manière humainement compréhensible (graphiquement) les résultats,AUTO-AUT23,Distinguer les caractéristiques des systèmes en boucle ouverte et en boucle fermée.,0,0.1281094253
communiquer-3.4,Représenter de manière humainement compréhensible (graphiquement) les résultats,AUTO-AUT24,Analyser la stabilité des systèmes LTI à partir de la partie réelle des pôles de leur fonction de transfert.,0,0.2394573987
communiquer-3.4,Représenter de manière humainement compréhensible (graphiquement) les résultats,AUTO-AUT25,Déterminer les marges de stabilité à partir des diagrammes fréquentiels en boucle ouverte.,0,0.2426891923
communiquer-3.4,Représenter de manière humainement compréhensible (graphiquement) les résultats,AUTO-AUT26,Interpréter la signification des marges de stabilité pour évaluer la robustesse de la stabilité en boucle fermée.,0,0.2459733933
communiquer-3.4,Représenter de manière humainement compréhensible (graphiquement) les résultats,AUTO-AUT27,Analyser l’erreur statique en régime permanent pour différents types de signaux d’entrée en fonction de la classe du système.,0,0.2539707422
communiquer-3.4,Représenter de manière humainement compréhensible (graphiquement) les résultats,AUTO-AUT28,Analyser le rejet asymptotique des perturbations en fonction de la structure du système et du nombre d’intégrateurs.,0,0.2895202041
communiquer-3.4,Représenter de manière humainement compréhensible (graphiquement) les résultats,AUTO-AUT29,Comprendre les limitations des systèmes non corrigés et la nécessité d’ajouter des correcteurs.,0,0.1692567468
communiquer-3.4,Représenter de manière humainement compréhensible (graphiquement) les résultats,AUTO-AUT30,Décrire la fonction et les effets d’un correcteur intégral (I) sur les performances du système et sa réponse fréquentielle.,0,0.3882008195
communiquer-3.4,Représenter de manière humainement compréhensible (graphiquement) les résultats,AUTO-AUT31,"Décrire la fonction et les effets d’un correcteur proportionnel-intégral (PI), combinant amélioration de la précision et impact minimal sur la dynamique rapide.",0,0.3825534880
communiquer-3.4,Représenter de manière humainement compréhensible (graphiquement) les résultats,AUTO-AUT32,"Décrire la fonction et les effets d’un correcteur proportionnel-dérivatif (PD), améliorant principalement la stabilité et la dynamique rapide.",0,0.3290546238
communiquer-3.4,Représenter de manière humainement compréhensible (graphiquement) les résultats,AUTO-AUT33,Décrire la fonction et les effets d’un correcteur à avance de phase comme approximation causale d’un correcteur PD.,0,0.2888813019
communiquer-3.4,Représenter de manière humainement compréhensible (graphiquement) les résultats,AUTO-AUT34,Décrire les effets combinés et la structure d’un correcteur proportionnel-intégral-dérivatif (PID).,0,0.2743498087
communiquer-3.4,Représenter de manière humainement compréhensible (graphiquement) les résultats,AUTO-AUT35,Tracer les diagrammes de Bode asymptotiques à partir de la forme normalisée de la fonction de transfert.,1,0.2892024815
communiquer-3.4,Représenter de manière humainement compréhensible (graphiquement) les résultats,AUTO-AUT36,Tracer un diagramme de Nyquist,1,0.2681147456
communiquer-3.4,Représenter de manière humainement compréhensible (graphiquement) les résultats,AUTO-AUT37,Tracer un diagramme de Black,1,0.2210042477
communiquer-4.1,Résumer une méthode de l’état de l’art,AUTO-AUT01,"Définir et classer les systèmes selon des caractéristiques telles que : statique/dynamique, monovariable/multivariable, continu/discret, linéaire/non-linéaire, causal et invariant.",0,0.3667688668
communiquer-4.1,Résumer une méthode de l’état de l’art,AUTO-AUT02,"Décrire la nature des signaux d'entrée/sortie, qu'ils soient continus ou discrets.",0,0.3686308563
communiquer-4.1,Résumer une méthode de l’état de l’art,AUTO-AUT03,"Identifier la classe d’un système à partir de sa réponse indicielle, impulsionnelle, etc.",0,0.2580392957
communiquer-4.1,Résumer une méthode de l’état de l’art,AUTO-AUT04,Représenter des signaux en utilisant un outil numérique (Scilab),0,0.3593973517
communiquer-4.1,Résumer une méthode de l’état de l’art,AUTO-AUT05,Analyser la stabilité d’un système en étudiant sa fonction de transfert à l’aide d’un outil numérique (Scilab),0,0.3880691826
communiquer-4.1,Résumer une méthode de l’état de l’art,AUTO-AUT06,"Tracer des les diagrammes de réponse en fréquence (gain, phase) à l’aide d’un outil numérique (Scilab)",0,0.3582769334
communiquer-4.1,Résumer une méthode de l’état de l’art,AUTO-AUT07,"Identifier les exigences clés dans la conception d’un système de commande : stabilité, marges, précision, rapidité, rejet des perturbations, robustesse.",0,0.3502894044
communiquer-4.1,Résumer une méthode de l’état de l’art,AUTO-AUT08,"Proposer une stratégie générale pour analyser un système non corrigé, définir les exigences, synthétiser un correcteur et vérifier les performances.",0,0.4254234433
communiquer-4.1,Résumer une méthode de l’état de l’art,AUTO-AUT09,Déterminer la fonction de transfert d'un système LTI continu à partir de son équation différentielle.,0,0.2794377208
communiquer-4.1,Résumer une méthode de l’état de l’art,AUTO-AUT10,"Identifier les éléments caractéristiques d'une fonction de transfert : pôles, zéros et gain.",0,0.2230032682
communiquer-4.1,Résumer une méthode de l’état de l’art,AUTO-AUT11,"Analyser la réponse temporelle des systèmes du premier ordre (intégrateur, premier ordre) soumis à des signaux d’entrée standards.",0,0.3178343773
communiquer-4.1,Résumer une méthode de l’état de l’art,AUTO-AUT12,"Analyser les caractéristiques temporelles (amortissement, oscillations, temps de stabilisation) des systèmes du second ordre en fonction de leurs pôles et de leurs paramètres.",0,0.4176290631
communiquer-4.1,Résumer une méthode de l’état de l’art,AUTO-AUT13,Appliquer la transformée de Laplace et ses propriétés aux signaux et aux systèmes.,0,0.2823881805
communiquer-4.1,Résumer une méthode de l’état de l’art,AUTO-AUT14,"Analyser la réponse fréquentielle des systèmes LTI à l’aide des diagrammes de Bode, Nyquist et Black.",0,0.2477800101
communiquer-4.1,Résumer une méthode de l’état de l’art,AUTO-AUT15,Appliquer le critère de Routh pour déterminer la stabilité d’un système en boucle fermée à partir de son équation caractéristique.,0,0.3166117668
communiquer-4.1,Résumer une méthode de l’état de l’art,AUTO-AUT16,Appliquer le critère de Nyquist pour déterminer la stabilité en boucle fermée à partir du diagramme de la fonction de transfert en boucle ouverte autour du point critique (-1).,0,0.3603757024
communiquer-4.1,Résumer une méthode de l’état de l’art,AUTO-AUT17,"Évaluer les performances dynamiques (rapidité, amortissement) des systèmes en boucle fermée, en les reliant si possible aux caractéristiques en boucle ouverte.",0,0.4044910669
communiquer-4.1,Résumer une méthode de l’état de l’art,AUTO-AUT18,"Interpréter les diagrammes de réponse fréquentielle (gain, phase) pour les systèmes élémentaires : gain pur, intégrateur, dérivateur, éléments du premier et du second ordre.",0,0.3072676063
communiquer-4.1,Résumer une méthode de l’état de l’art,AUTO-AUT19,"Relier les performances en temps (constante de temps, temps de montée) aux notions fréquentielles (fréquence de coupure, bande passante) pour les systèmes du premier ordre.",0,0.4317772985
communiquer-4.1,Résumer une méthode de l’état de l’art,AUTO-AUT20,Utiliser le critère du Revers pour une évaluation simplifiée de la stabilité à partir du diagramme de Nyquist ou de Black.,0,0.2940684557
communiquer-4.1,Résumer une méthode de l’état de l’art,AUTO-AUT21,Identifier les pôles dominants dans les systèmes d’ordre supérieur et analyser leur influence sur la réponse transitoire.,0,0.2299431860
communiquer-4.1,Résumer une méthode de l’état de l’art,AUTO-AUT22,Décrire la structure et le rôle d’un système automatique ou d’un système asservi (boucle de rétroaction).,0,0.3002770245
communiquer-4.1,Résumer une méthode de l’état de l’art,AUTO-AUT23,Distinguer les caractéristiques des systèmes en boucle ouverte et en boucle fermée.,0,0.2106809616
communiquer-4.1,Résumer une méthode de l’état de l’art,AUTO-AUT24,Analyser la stabilité des systèmes LTI à partir de la partie réelle des pôles de leur fonction de transfert.,0,0.2338035703
communiquer-4.1,Résumer une méthode de l’état de l’art,AUTO-AUT25,Déterminer les marges de stabilité à partir des diagrammes fréquentiels en boucle ouverte.,0,0.3114901185
communiquer-4.1,Résumer une méthode de l’état de l’art,AUTO-AUT26,Interpréter la signification des marges de stabilité pour évaluer la robustesse de la stabilité en boucle fermée.,0,0.3563692570
communiquer-4.1,Résumer une méthode de l’état de l’art,AUTO-AUT27,Analyser l’erreur statique en régime permanent pour différents types de signaux d’entrée en fonction de la classe du système.,0,0.3686867952
communiquer-4.1,Résumer une méthode de l’état de l’art,AUTO-AUT28,Analyser le rejet asymptotique des perturbations en fonction de la structure du système et du nombre d’intégrateurs.,0,0.2651039660
communiquer-4.1,Résumer une méthode de l’état de l’art,AUTO-AUT29,Comprendre les limitations des systèmes non corrigés et la nécessité d’ajouter des correcteurs.,0,0.2409941852
communiquer-4.1,Résumer une méthode de l’état de l’art,AUTO-AUT30,Décrire la fonction et les effets d’un correcteur intégral (I) sur les performances du système et sa réponse fréquentielle.,0,0.3196474910
communiquer-4.1,Résumer une méthode de l’état de l’art,AUTO-AUT31,"Décrire la fonction et les effets d’un correcteur proportionnel-intégral (PI), combinant amélioration de la précision et impact minimal sur la dynamique rapide.",0,0.3777593970
communiquer-4.1,Résumer une méthode de l’état de l’art,AUTO-AUT32,"Décrire la fonction et les effets d’un correcteur proportionnel-dérivatif (PD), améliorant principalement la stabilité et la dynamique rapide.",0,0.3073540926
communiquer-4.1,Résumer une méthode de l’état de l’art,AUTO-AUT33,Décrire la fonction et les effets d’un correcteur à avance de phase comme approximation causale d’un correcteur PD.,0,0.3916006684
communiquer-4.1,Résumer une méthode de l’état de l’art,AUTO-AUT34,Décrire les effets combinés et la structure d’un correcteur proportionnel-intégral-dérivatif (PID).,0,0.2031831294
communiquer-4.1,Résumer une méthode de l’état de l’art,AUTO-AUT35,Tracer les diagrammes de Bode asymptotiques à partir de la forme normalisée de la fonction de transfert.,0,0.2585912347
communiquer-4.1,Résumer une méthode de l’état de l’art,AUTO-AUT36,Tracer un diagramme de Nyquist,0,0.2235402018
communiquer-4.1,Résumer une méthode de l’état de l’art,AUTO-AUT37,Tracer un diagramme de Black,0,0.2991716266
communiquer-4.2,Adapter son discours au public,AUTO-AUT01,"Définir et classer les systèmes selon des caractéristiques telles que : statique/dynamique, monovariable/multivariable, continu/discret, linéaire/non-linéaire, causal et invariant.",0,0.2070721090
communiquer-4.2,Adapter son discours au public,AUTO-AUT02,"Décrire la nature des signaux d'entrée/sortie, qu'ils soient continus ou discrets.",0,0.3154808283
communiquer-4.2,Adapter son discours au public,AUTO-AUT03,"Identifier la classe d’un système à partir de sa réponse indicielle, impulsionnelle, etc.",0,0.3079762459
communiquer-4.2,Adapter son discours au public,AUTO-AUT04,Représenter des signaux en utilisant un outil numérique (Scilab),0,0.2859984934
communiquer-4.2,Adapter son discours au public,AUTO-AUT05,Analyser la stabilité d’un système en étudiant sa fonction de transfert à l’aide d’un outil numérique (Scilab),0,0.2658646405
communiquer-4.2,Adapter son discours au public,AUTO-AUT06,"Tracer des les diagrammes de réponse en fréquence (gain, phase) à l’aide d’un outil numérique (Scilab)",0,0.3064678311
communiquer-4.2,Adapter son discours au public,AUTO-AUT07,"Identifier les exigences clés dans la conception d’un système de commande : stabilité, marges, précision, rapidité, rejet des perturbations, robustesse.",0,0.2821585536
communiquer-4.2,Adapter son discours au public,AUTO-AUT08,"Proposer une stratégie générale pour analyser un système non corrigé, définir les exigences, synthétiser un correcteur et vérifier les performances.",0,0.2766765356
communiquer-4.2,Adapter son discours au public,AUTO-AUT09,Déterminer la fonction de transfert d'un système LTI continu à partir de son équation différentielle.,0,0.1431809813
communiquer-4.2,Adapter son discours au public,AUTO-AUT10,"Identifier les éléments caractéristiques d'une fonction de transfert : pôles, zéros et gain.",0,0.1434544623
communiquer-4.2,Adapter son discours au public,AUTO-AUT11,"Analyser la réponse temporelle des systèmes du premier ordre (intégrateur, premier ordre) soumis à des signaux d’entrée standards.",0,0.2932727337
communiquer-4.2,Adapter son discours au public,AUTO-AUT12,"Analyser les caractéristiques temporelles (amortissement, oscillations, temps de stabilisation) des systèmes du second ordre en fonction de leurs pôles et de leurs paramètres.",0,0.2372000962
communiquer-4.2,Adapter son discours au public,AUTO-AUT13,Appliquer la transformée de Laplace et ses propriétés aux signaux et aux systèmes.,0,0.3219144940
communiquer-4.2,Adapter son discours au public,AUTO-AUT14,"Analyser la réponse fréquentielle des systèmes LTI à l’aide des diagrammes de Bode, Nyquist et Black.",0,0.1562475860
communiquer-4.2,Adapter son discours au public,AUTO-AUT15,Appliquer le critère de Routh pour déterminer la stabilité d’un système en boucle fermée à partir de son équation caractéristique.,0,0.1725621819
communiquer-4.2,Adapter son discours au public,AUTO-AUT16,Appliquer le critère de Nyquist pour déterminer la stabilité en boucle fermée à partir du diagramme de la fonction de transfert en boucle ouverte autour du point critique (-1).,0,0.2575774193
communiquer-4.2,Adapter son discours au public,AUTO-AUT17,"Évaluer les performances dynamiques (rapidité, amortissement) des systèmes en boucle fermée, en les reliant si possible aux caractéristiques en boucle ouverte.",0,0.2892999351
communiquer-4.2,Adapter son discours au public,AUTO-AUT18,"Interpréter les diagrammes de réponse fréquentielle (gain, phase) pour les systèmes élémentaires : gain pur, intégrateur, dérivateur, éléments du premier et du second ordre.",0,0.2609797120
communiquer-4.2,Adapter son discours au public,AUTO-AUT19,"Relier les performances en temps (constante de temps, temps de montée) aux notions fréquentielles (fréquence de coupure, bande passante) pour les systèmes du premier ordre.",0,0.2869113684
communiquer-4.2,Adapter son discours au public,AUTO-AUT20,Utiliser le critère du Revers pour une évaluation simplifiée de la stabilité à partir du diagramme de Nyquist ou de Black.,0,0.1259061694
communiquer-4.2,Adapter son discours au public,AUTO-AUT21,Identifier les pôles dominants dans les systèmes d’ordre supérieur et analyser leur influence sur la réponse transitoire.,0,0.2103487700
communiquer-4.2,Adapter son discours au public,AUTO-AUT22,Décrire la structure et le rôle d’un système automatique ou d’un système asservi (boucle de rétroaction).,0,0.2544829249
communiquer-4.2,Adapter son discours au public,AUTO-AUT23,Distinguer les caractéristiques des systèmes en boucle ouverte et en boucle fermée.,0,0.2839897275
communiquer-4.2,Adapter son discours au public,AUTO-AUT24,Analyser la stabilité des systèmes LTI à partir de la partie réelle des pôles de leur fonction de transfert.,0,0.1550856680
communiquer-4.2,Adapter son discours au public,AUTO-AUT25,Déterminer les marges de stabilité à partir des diagrammes fréquentiels en boucle ouverte.,0,0.1657480001
communiquer-4.2,Adapter son discours au public,AUTO-AUT26,Interpréter la signification des marges de stabilité pour évaluer la robustesse de la stabilité en boucle fermée.,0,0.1468066573
communiquer-4.2,Adapter son discours au public,AUTO-AUT27,Analyser l’erreur statique en régime permanent pour différents types de signaux d’entrée en fonction de la classe du système.,0,0.2642398775
communiquer-4.2,Adapter son discours au public,AUTO-AUT28,Analyser le rejet asymptotique des perturbations en fonction de la structure du système et du nombre d’intégrateurs.,0,0.1843568236
communiquer-4.2,Adapter son discours au public,AUTO-AUT29,Comprendre les limitations des systèmes non corrigés et la nécessité d’ajouter des correcteurs.,0,0.3058654070
communiquer-4.2,Adapter son discours au public,AUTO-AUT30,Décrire la fonction et les effets d’un correcteur intégral (I) sur les performances du système et sa réponse fréquentielle.,0,0.2598145008
communiquer-4.2,Adapter son discours au public,AUTO-AUT31,"Décrire la fonction et les effets d’un correcteur proportionnel-intégral (PI), combinant amélioration de la précision et impact minimal sur la dynamique rapide.",0,0.3173887730
communiquer-4.2,Adapter son discours au public,AUTO-AUT32,"Décrire la fonction et les effets d’un correcteur proportionnel-dérivatif (PD), améliorant principalement la stabilité et la dynamique rapide.",0,0.2644591331
communiquer-4.2,Adapter son discours au public,AUTO-AUT33,Décrire la fonction et les effets d’un correcteur à avance de phase comme approximation causale d’un correcteur PD.,0,0.3303116262
communiquer-4.2,Adapter son discours au public,AUTO-AUT34,Décrire les effets combinés et la structure d’un correcteur proportionnel-intégral-dérivatif (PID).,0,0.2209886014
communiquer-4.2,Adapter son discours au public,AUTO-AUT35,Tracer les diagrammes de Bode asymptotiques à partir de la forme normalisée de la fonction de transfert.,0,0.2035072148
communiquer-4.2,Adapter son discours au public,AUTO-AUT36,Tracer un diagramme de Nyquist,0,0.1117385179
communiquer-4.2,Adapter son discours au public,AUTO-AUT37,Tracer un diagramme de Black,0,0.2038826346
communiquer-4.3,Organiser la parole au sein d’un groupe,AUTO-AUT01,"Définir et classer les systèmes selon des caractéristiques telles que : statique/dynamique, monovariable/multivariable, continu/discret, linéaire/non-linéaire, causal et invariant.",0,0.3211686313
communiquer-4.3,Organiser la parole au sein d’un groupe,AUTO-AUT02,"Décrire la nature des signaux d'entrée/sortie, qu'ils soient continus ou discrets.",0,0.2674508691
communiquer-4.3,Organiser la parole au sein d’un groupe,AUTO-AUT03,"Identifier la classe d’un système à partir de sa réponse indicielle, impulsionnelle, etc.",0,0.3897368312
communiquer-4.3,Organiser la parole au sein d’un groupe,AUTO-AUT04,Représenter des signaux en utilisant un outil numérique (Scilab),0,0.2549327016
communiquer-4.3,Organiser la parole au sein d’un groupe,AUTO-AUT05,Analyser la stabilité d’un système en étudiant sa fonction de transfert à l’aide d’un outil numérique (Scilab),0,0.2833420634
communiquer-4.3,Organiser la parole au sein d’un groupe,AUTO-AUT06,"Tracer des les diagrammes de réponse en fréquence (gain, phase) à l’aide d’un outil numérique (Scilab)",0,0.3207483590
communiquer-4.3,Organiser la parole au sein d’un groupe,AUTO-AUT07,"Identifier les exigences clés dans la conception d’un système de commande : stabilité, marges, précision, rapidité, rejet des perturbations, robustesse.",0,0.2569594383
communiquer-4.3,Organiser la parole au sein d’un groupe,AUTO-AUT08,"Proposer une stratégie générale pour analyser un système non corrigé, définir les exigences, synthétiser un correcteur et vérifier les performances.",0,0.2386253476
communiquer-4.3,Organiser la parole au sein d’un groupe,AUTO-AUT09,Déterminer la fonction de transfert d'un système LTI continu à partir de son équation différentielle.,0,0.3486669362
communiquer-4.3,Organiser la parole au sein d’un groupe,AUTO-AUT10,"Identifier les éléments caractéristiques d'une fonction de transfert : pôles, zéros et gain.",0,0.2793224454
communiquer-4.3,Organiser la parole au sein d’un groupe,AUTO-AUT11,"Analyser la réponse temporelle des systèmes du premier ordre (intégrateur, premier ordre) soumis à des signaux d’entrée standards.",0,0.2756294012
communiquer-4.3,Organiser la parole au sein d’un groupe,AUTO-AUT12,"Analyser les caractéristiques temporelles (amortissement, oscillations, temps de stabilisation) des systèmes du second ordre en fonction de leurs pôles et de leurs paramètres.",0,0.3525970578
communiquer-4.3,Organiser la parole au sein d’un groupe,AUTO-AUT13,Appliquer la transformée de Laplace et ses propriétés aux signaux et aux systèmes.,0,0.2988003492
communiquer-4.3,Organiser la parole au sein d’un groupe,AUTO-AUT14,"Analyser la réponse fréquentielle des systèmes LTI à l’aide des diagrammes de Bode, Nyquist et Black.",0,0.1961675286
communiquer-4.3,Organiser la parole au sein d’un groupe,AUTO-AUT15,Appliquer le critère de Routh pour déterminer la stabilité d’un système en boucle fermée à partir de son équation caractéristique.,0,0.2193136066
communiquer-4.3,Organiser la parole au sein d’un groupe,AUTO-AUT16,Appliquer le critère de Nyquist pour déterminer la stabilité en boucle fermée à partir du diagramme de la fonction de transfert en boucle ouverte autour du point critique (-1).,0,0.2505859137
communiquer-4.3,Organiser la parole au sein d’un groupe,AUTO-AUT17,"Évaluer les performances dynamiques (rapidité, amortissement) des systèmes en boucle fermée, en les reliant si possible aux caractéristiques en boucle ouverte.",0,0.3092141449
communiquer-4.3,Organiser la parole au sein d’un groupe,AUTO-AUT18,"Interpréter les diagrammes de réponse fréquentielle (gain, phase) pour les systèmes élémentaires : gain pur, intégrateur, dérivateur, éléments du premier et du second ordre.",0,0.3904809952
communiquer-4.3,Organiser la parole au sein d’un groupe,AUTO-AUT19,"Relier les performances en temps (constante de temps, temps de montée) aux notions fréquentielles (fréquence de coupure, bande passante) pour les systèmes du premier ordre.",0,0.2240781188
communiquer-4.3,Organiser la parole au sein d’un groupe,AUTO-AUT20,Utiliser le critère du Revers pour une évaluation simplifiée de la stabilité à partir du diagramme de Nyquist ou de Black.,0,0.0263785217
communiquer-4.3,Organiser la parole au sein d’un groupe,AUTO-AUT21,Identifier les pôles dominants dans les systèmes d’ordre supérieur et analyser leur influence sur la réponse transitoire.,0,0.3376654387
communiquer-4.3,Organiser la parole au sein d’un groupe,AUTO-AUT22,Décrire la structure et le rôle d’un système automatique ou d’un système asservi (boucle de rétroaction).,0,0.3099829555
communiquer-4.3,Organiser la parole au sein d’un groupe,AUTO-AUT23,Distinguer les caractéristiques des systèmes en boucle ouverte et en boucle fermée.,0,0.2477339357
communiquer-4.3,Organiser la parole au sein d’un groupe,AUTO-AUT24,Analyser la stabilité des systèmes LTI à partir de la partie réelle des pôles de leur fonction de transfert.,0,0.2970398366
communiquer-4.3,Organiser la parole au sein d’un groupe,AUTO-AUT25,Déterminer les marges de stabilité à partir des diagrammes fréquentiels en boucle ouverte.,0,0.2342764139
communiquer-4.3,Organiser la parole au sein d’un groupe,AUTO-AUT26,Interpréter la signification des marges de stabilité pour évaluer la robustesse de la stabilité en boucle fermée.,0,0.1560842991
communiquer-4.3,Organiser la parole au sein d’un groupe,AUTO-AUT27,Analyser l’erreur statique en régime permanent pour différents types de signaux d’entrée en fonction de la classe du système.,0,0.2910438180
communiquer-4.3,Organiser la parole au sein d’un groupe,AUTO-AUT28,Analyser le rejet asymptotique des perturbations en fonction de la structure du système et du nombre d’intégrateurs.,0,0.2619706392
communiquer-4.3,Organiser la parole au sein d’un groupe,AUTO-AUT29,Comprendre les limitations des systèmes non corrigés et la nécessité d’ajouter des correcteurs.,0,0.0668405145
communiquer-4.3,Organiser la parole au sein d’un groupe,AUTO-AUT30,Décrire la fonction et les effets d’un correcteur intégral (I) sur les performances du système et sa réponse fréquentielle.,0,0.2824410796
communiquer-4.3,Organiser la parole au sein d’un groupe,AUTO-AUT31,"Décrire la fonction et les effets d’un correcteur proportionnel-intégral (PI), combinant amélioration de la précision et impact minimal sur la dynamique rapide.",0,0.2954143286
communiquer-4.3,Organiser la parole au sein d’un groupe,AUTO-AUT32,"Décrire la fonction et les effets d’un correcteur proportionnel-dérivatif (PD), améliorant principalement la stabilité et la dynamique rapide.",0,0.2397433072
communiquer-4.3,Organiser la parole au sein d’un groupe,AUTO-AUT33,Décrire la fonction et les effets d’un correcteur à avance de phase comme approximation causale d’un correcteur PD.,0,0.2559566796
communiquer-4.3,Organiser la parole au sein d’un groupe,AUTO-AUT34,Décrire les effets combinés et la structure d’un correcteur proportionnel-intégral-dérivatif (PID).,0,0.3443475068
communiquer-4.3,Organiser la parole au sein d’un groupe,AUTO-AUT35,Tracer les diagrammes de Bode asymptotiques à partir de la forme normalisée de la fonction de transfert.,0,0.2112267613
communiquer-4.3,Organiser la parole au sein d’un groupe,AUTO-AUT36,Tracer un diagramme de Nyquist,0,0.1258788556
communiquer-4.3,Organiser la parole au sein d’un groupe,AUTO-AUT37,Tracer un diagramme de Black,0,0.1260310113
communiquer-4.4,Convaincre son interlocuteur,AUTO-AUT01,"Définir et classer les systèmes selon des caractéristiques telles que : statique/dynamique, monovariable/multivariable, continu/discret, linéaire/non-linéaire, causal et invariant.",0,0.0902059227
communiquer-4.4,Convaincre son interlocuteur,AUTO-AUT02,"Décrire la nature des signaux d'entrée/sortie, qu'ils soient continus ou discrets.",0,0.3758791685
communiquer-4.4,Convaincre son interlocuteur,AUTO-AUT03,"Identifier la classe d’un système à partir de sa réponse indicielle, impulsionnelle, etc.",0,0.3088284731
communiquer-4.4,Convaincre son interlocuteur,AUTO-AUT04,Représenter des signaux en utilisant un outil numérique (Scilab),0,0.2333711833
communiquer-4.4,Convaincre son interlocuteur,AUTO-AUT05,Analyser la stabilité d’un système en étudiant sa fonction de transfert à l’aide d’un outil numérique (Scilab),0,0.1388966739
communiquer-4.4,Convaincre son interlocuteur,AUTO-AUT06,"Tracer des les diagrammes de réponse en fréquence (gain, phase) à l’aide d’un outil numérique (Scilab)",0,0.2051655650
communiquer-4.4,Convaincre son interlocuteur,AUTO-AUT07,"Identifier les exigences clés dans la conception d’un système de commande : stabilité, marges, précision, rapidité, rejet des perturbations, robustesse.",0,0.1696122587
communiquer-4.4,Convaincre son interlocuteur,AUTO-AUT08,"Proposer une stratégie générale pour analyser un système non corrigé, définir les exigences, synthétiser un correcteur et vérifier les performances.",0,0.1806661040
communiquer-4.4,Convaincre son interlocuteur,AUTO-AUT09,Déterminer la fonction de transfert d'un système LTI continu à partir de son équation différentielle.,0,0.1197608411
communiquer-4.4,Convaincre son interlocuteur,AUTO-AUT10,"Identifier les éléments caractéristiques d'une fonction de transfert : pôles, zéros et gain.",0,0.1894335151
communiquer-4.4,Convaincre son interlocuteur,AUTO-AUT11,"Analyser la réponse temporelle des systèmes du premier ordre (intégrateur, premier ordre) soumis à des signaux d’entrée standards.",0,0.2139979899
communiquer-4.4,Convaincre son interlocuteur,AUTO-AUT12,"Analyser les caractéristiques temporelles (amortissement, oscillations, temps de stabilisation) des systèmes du second ordre en fonction de leurs pôles et de leurs paramètres.",0,0.1275389194
communiquer-4.4,Convaincre son interlocuteur,AUTO-AUT13,Appliquer la transformée de Laplace et ses propriétés aux signaux et aux systèmes.,0,0.2160728276
communiquer-4.4,Convaincre son interlocuteur,AUTO-AUT14,"Analyser la réponse fréquentielle des systèmes LTI à l’aide des diagrammes de Bode, Nyquist et Black.",0,0.0115415212
communiquer-4.4,Convaincre son interlocuteur,AUTO-AUT15,Appliquer le critère de Routh pour déterminer la stabilité d’un système en boucle fermée à partir de son équation caractéristique.,0,0.0485139973
communiquer-4.4,Convaincre son interlocuteur,AUTO-AUT16,Appliquer le critère de Nyquist pour déterminer la stabilité en boucle fermée à partir du diagramme de la fonction de transfert en boucle ouverte autour du point critique (-1).,0,0.0891037509
communiquer-4.4,Convaincre son interlocuteur,AUTO-AUT17,"Évaluer les performances dynamiques (rapidité, amortissement) des systèmes en boucle fermée, en les reliant si possible aux caractéristiques en boucle ouverte.",0,0.1517359465
communiquer-4.4,Convaincre son interlocuteur,AUTO-AUT18,"Interpréter les diagrammes de réponse fréquentielle (gain, phase) pour les systèmes élémentaires : gain pur, intégrateur, dérivateur, éléments du premier et du second ordre.",0,0.2187502086
communiquer-4.4,Convaincre son interlocuteur,AUTO-AUT19,"Relier les performances en temps (constante de temps, temps de montée) aux notions fréquentielles (fréquence de coupure, bande passante) pour les systèmes du premier ordre.",0,0.2796078324
communiquer-4.4,Convaincre son interlocuteur,AUTO-AUT20,Utiliser le critère du Revers pour une évaluation simplifiée de la stabilité à partir du diagramme de Nyquist ou de Black.,0,0.0371762477
communiquer-4.4,Convaincre son interlocuteur,AUTO-AUT21,Identifier les pôles dominants dans les systèmes d’ordre supérieur et analyser leur influence sur la réponse transitoire.,0,0.2284074724
communiquer-4.4,Convaincre son interlocuteur,AUTO-AUT22,Décrire la structure et le rôle d’un système automatique ou d’un système asservi (boucle de rétroaction).,0,0.1919531971
communiquer-4.4,Convaincre son interlocuteur,AUTO-AUT23,Distinguer les caractéristiques des systèmes en boucle ouverte et en boucle fermée.,0,0.1001289040
communiquer-4.4,Convaincre son interlocuteur,AUTO-AUT24,Analyser la stabilité des systèmes LTI à partir de la partie réelle des pôles de leur fonction de transfert.,0,0.0813742578
communiquer-4.4,Convaincre son interlocuteur,AUTO-AUT25,Déterminer les marges de stabilité à partir des diagrammes fréquentiels en boucle ouverte.,0,0.0596423484
communiquer-4.4,Convaincre son interlocuteur,AUTO-AUT26,Interpréter la signification des marges de stabilité pour évaluer la robustesse de la stabilité en boucle fermée.,0,0.0219700858
communiquer-4.4,Convaincre son interlocuteur,AUTO-AUT27,Analyser l’erreur statique en régime permanent pour différents types de signaux d’entrée en fonction de la classe du système.,0,0.1613668352
communiquer-4.4,Convaincre son interlocuteur,AUTO-AUT28,Analyser le rejet asymptotique des perturbations en fonction de la structure du système et du nombre d’intégrateurs.,0,0.2310748696
communiquer-4.4,Convaincre son interlocuteur,AUTO-AUT29,Comprendre les limitations des systèmes non corrigés et la nécessité d’ajouter des correcteurs.,0,0.1027070284
communiquer-4.4,Convaincre son interlocuteur,AUTO-AUT30,Décrire la fonction et les effets d’un correcteur intégral (I) sur les performances du système et sa réponse fréquentielle.,0,0.2828943133
communiquer-4.4,Convaincre son interlocuteur,AUTO-AUT31,"Décrire la fonction et les effets d’un correcteur proportionnel-intégral (PI), combinant amélioration de la précision et impact minimal sur la dynamique rapide.",0,0.2250559926
communiquer-4.4,Convaincre son interlocuteur,AUTO-AUT32,"Décrire la fonction et les effets d’un correcteur proportionnel-dérivatif (PD), améliorant principalement la stabilité et la dynamique rapide.",0,0.1718640625
communiquer-4.4,Convaincre son interlocuteur,AUTO-AUT33,Décrire la fonction et les effets d’un correcteur à avance de phase comme approximation causale d’un correcteur PD.,0,0.2309525609
communiquer-4.4,Convaincre son interlocuteur,AUTO-AUT34,Décrire les effets combinés et la structure d’un correcteur proportionnel-intégral-dérivatif (PID).,0,0.1678820550
communiquer-4.4,Convaincre son interlocuteur,AUTO-AUT35,Tracer les diagrammes de Bode asymptotiques à partir de la forme normalisée de la fonction de transfert.,0,0.1050987840
communiquer-4.4,Convaincre son interlocuteur,AUTO-AUT36,Tracer un diagramme de Nyquist,0,0.1378250718
communiquer-4.4,Convaincre son interlocuteur,AUTO-AUT37,Tracer un diagramme de Black,0,0.1340195239
