AC-ID,AC-TITLE,AAD-ID,AAD-TITLE,LABEL,MEAN-MAXSIM
specifier-1.1,Décrire les types de données en entrée et sortie de chaque composant,PYTHON-PRG-01,"Choisir et utiliser les types de bases (bool, int, float, complex, list, etc.)",0,0.4526166618
specifier-1.1,Décrire les types de données en entrée et sortie de chaque composant,PYTHON-PRG-02,"Utiliser les structures de contrôle (if, for, while, etc.)",0,0.3019806147
specifier-1.1,Décrire les types de données en entrée et sortie de chaque composant,PYTHON-PRG-03,"Définir une fonction (arité variable, valeurs par défaut, obligation des paramètres positionnels ou nommés, etc.)",0,0.3439161777
specifier-1.1,Décrire les types de données en entrée et sortie de chaque composant,PYTHON-PRG-04,"Appeler une fonction (passage de paramètre posiitonnel ou nommé, tuple ou dictionnaire en paramètres effectifs, etc.)",0,0.4055775404
specifier-1.1,Décrire les types de données en entrée et sortie de chaque composant,PYTHON-PRG-05,"Créer des packages, modules et script",0,0.4551993012
specifier-1.1,Décrire les types de données en entrée et sortie de chaque composant,PYTHON-PRG-06,"Importer des modules, éléments de modules en les renommant si nécessaire",0,0.3380915225
specifier-1.1,Décrire les types de données en entrée et sortie de chaque composant,PYTHON-PRG-07,Comprendre l'affectation,0,0.2631074190
specifier-1.1,Décrire les types de données en entrée et sortie de chaque composant,PYTHON-PRG-08,Utiliser les fonctions lambda,0,0.2718155980
specifier-1.1,Décrire les types de données en entrée et sortie de chaque composant,PYTHON-PRG-09,"Utiliser les fonctions map, filter et comprehension de séquences",0,0.4266271591
specifier-1.1,Décrire les types de données en entrée et sortie de chaque composant,PYTHON-PRG-10,Utiliser l'instruction yield,0,0.2953730822
specifier-1.1,Décrire les types de données en entrée et sortie de chaque composant,PYTHON-POO-01,"Définir une classe (attributs, méthodes, initialiseur, etc.)",0,0.3654905558
specifier-1.1,Décrire les types de données en entrée et sortie de chaque composant,PYTHON-POO-02,Utiliser les propriétés,0,0.1553461403
specifier-1.1,Décrire les types de données en entrée et sortie de chaque composant,PYTHON-POO-03,Définir les méthodes spéciales,0,0.3412274122
specifier-1.1,Décrire les types de données en entrée et sortie de chaque composant,PYTHON-POO-04,Définir et utiliser les méthodes statiques et de classes,0,0.3351412416
specifier-1.1,Décrire les types de données en entrée et sortie de chaque composant,PYTHON-POO-05,Définir et utiliser des énumérations,0,0.2895930409
specifier-1.1,Décrire les types de données en entrée et sortie de chaque composant,PYTHON-POO-06,Définir et utiliser des dataclasses,0,0.4440627694
specifier-1.1,Décrire les types de données en entrée et sortie de chaque composant,PYTHON-POO-07,Définir et utiliser des classes abstraites et des protocoles,0,0.3613926768
specifier-1.1,Décrire les types de données en entrée et sortie de chaque composant,PYTHON-POO-08,Définir et utiliser des exceptions,0,0.2300964743
specifier-1.1,Décrire les types de données en entrée et sortie de chaque composant,PYTHON-POO-09,Définir et utiliser des gestionnaires de contexte,0,0.3081278801
specifier-1.1,Décrire les types de données en entrée et sortie de chaque composant,PYTHON-POO-10,Utiliser des flux,0,0.1855827272
specifier-1.1,Décrire les types de données en entrée et sortie de chaque composant,PYTHON-DEV-01,Dissocier Python du Système d'exploitation (pyenv),0,0.2797754407
specifier-1.1,Décrire les types de données en entrée et sortie de chaque composant,PYTHON-DEV-02,Gérer les dépendances,0,0.0980684161
specifier-1.1,Décrire les types de données en entrée et sortie de chaque composant,PYTHON-DEV-03,Céer et utiliser les tests unitaires,0,0.3173388243
specifier-1.1,Décrire les types de données en entrée et sortie de chaque composant,PYTHON-DEV-04,Utiliser les logs,0,0.2741820812
specifier-1.1,Décrire les types de données en entrée et sortie de chaque composant,PYTHON-DEV-05,Utiliser le annotations,0,0.2141642720
specifier-1.1,Décrire les types de données en entrée et sortie de chaque composant,PYTHON-DEV-06,Réaliser une audit statique de code,0,0.2088660896
specifier-1.1,Décrire les types de données en entrée et sortie de chaque composant,PYTHON-ARC-01,Créer des décorateurs,0,0.2745574117
specifier-1.1,Décrire les types de données en entrée et sortie de chaque composant,PYTHON-ARC-02,Créer et utiliser des métaclasses,0,0.3196623027
specifier-1.1,Décrire les types de données en entrée et sortie de chaque composant,PYTHON-ARC-03,Controler l'accès aux attributs,0,0.1749592274
specifier-1.1,Décrire les types de données en entrée et sortie de chaque composant,PYTHON-ARC-04,Créer et utiliser des coroutines,0,0.1770213544
specifier-1.2,Décomposer et organiser un processus,PYTHON-PRG-01,"Choisir et utiliser les types de bases (bool, int, float, complex, list, etc.)",0,0.2714111209
specifier-1.2,Décomposer et organiser un processus,PYTHON-PRG-02,"Utiliser les structures de contrôle (if, for, while, etc.)",0,0.2232894897
specifier-1.2,Décomposer et organiser un processus,PYTHON-PRG-03,"Définir une fonction (arité variable, valeurs par défaut, obligation des paramètres positionnels ou nommés, etc.)",0,0.2094257921
specifier-1.2,Décomposer et organiser un processus,PYTHON-PRG-04,"Appeler une fonction (passage de paramètre posiitonnel ou nommé, tuple ou dictionnaire en paramètres effectifs, etc.)",0,0.2362322062
specifier-1.2,Décomposer et organiser un processus,PYTHON-PRG-05,"Créer des packages, modules et script",0,0.4219576120
specifier-1.2,Décomposer et organiser un processus,PYTHON-PRG-06,"Importer des modules, éléments de modules en les renommant si nécessaire",0,0.2980043292
specifier-1.2,Décomposer et organiser un processus,PYTHON-PRG-07,Comprendre l'affectation,0,0.2815769315
specifier-1.2,Décomposer et organiser un processus,PYTHON-PRG-08,Utiliser les fonctions lambda,0,0.2778593302
specifier-1.2,Décomposer et organiser un processus,PYTHON-PRG-09,"Utiliser les fonctions map, filter et comprehension de séquences",0,0.3370652497
specifier-1.2,Décomposer et organiser un processus,PYTHON-PRG-10,Utiliser l'instruction yield,0,0.2051953673
specifier-1.2,Décomposer et organiser un processus,PYTHON-POO-01,"Définir une classe (attributs, méthodes, initialiseur, etc.)",0,0.2934784293
specifier-1.2,Décomposer et organiser un processus,PYTHON-POO-02,Utiliser les propriétés,0,0.0704149976
specifier-1.2,Décomposer et organiser un processus,PYTHON-POO-03,Définir les méthodes spéciales,0,0.3843713701
specifier-1.2,Décomposer et organiser un processus,PYTHON-POO-04,Définir et utiliser les méthodes statiques et de classes,0,0.3347562551
specifier-1.2,Décomposer et organiser un processus,PYTHON-POO-05,Définir et utiliser des énumérations,0,0.3399891257
specifier-1.2,Décomposer et organiser un processus,PYTHON-POO-06,Définir et utiliser des dataclasses,0,0.2434818745
specifier-1.2,Décomposer et organiser un processus,PYTHON-POO-07,Définir et utiliser des classes abstraites et des protocoles,0,0.3858874440
specifier-1.2,Décomposer et organiser un processus,PYTHON-POO-08,Définir et utiliser des exceptions,0,0.2063606530
specifier-1.2,Décomposer et organiser un processus,PYTHON-POO-09,Définir et utiliser des gestionnaires de contexte,0,0.3997713923
specifier-1.2,Décomposer et organiser un processus,PYTHON-POO-10,Utiliser des flux,0,0.1634088755
specifier-1.2,Décomposer et organiser un processus,PYTHON-DEV-01,Dissocier Python du Système d'exploitation (pyenv),0,0.2853378057
specifier-1.2,Décomposer et organiser un processus,PYTHON-DEV-02,Gérer les dépendances,0,0.2658804357
specifier-1.2,Décomposer et organiser un processus,PYTHON-DEV-03,Céer et utiliser les tests unitaires,0,0.2058556080
specifier-1.2,Décomposer et organiser un processus,PYTHON-DEV-04,Utiliser les logs,0,0.1149343699
specifier-1.2,Décomposer et organiser un processus,PYTHON-DEV-05,Utiliser le annotations,0,0.0944602489
specifier-1.2,Décomposer et organiser un processus,PYTHON-DEV-06,Réaliser une audit statique de code,0,0.1660080254
specifier-1.2,Décomposer et organiser un processus,PYTHON-ARC-01,Créer des décorateurs,0,0.3682290316
specifier-1.2,Décomposer et organiser un processus,PYTHON-ARC-02,Créer et utiliser des métaclasses,0,0.3244485259
specifier-1.2,Décomposer et organiser un processus,PYTHON-ARC-03,Controler l'accès aux attributs,0,0.0307385456
specifier-1.2,Décomposer et organiser un processus,PYTHON-ARC-04,Créer et utiliser des coroutines,0,0.1421967447
specifier-1.3,Utiliser un langage formel,PYTHON-PRG-01,"Choisir et utiliser les types de bases (bool, int, float, complex, list, etc.)",0,0.3319585323
specifier-1.3,Utiliser un langage formel,PYTHON-PRG-02,"Utiliser les structures de contrôle (if, for, while, etc.)",0,0.3096872568
specifier-1.3,Utiliser un langage formel,PYTHON-PRG-03,"Définir une fonction (arité variable, valeurs par défaut, obligation des paramètres positionnels ou nommés, etc.)",0,0.1941244602
specifier-1.3,Utiliser un langage formel,PYTHON-PRG-04,"Appeler une fonction (passage de paramètre posiitonnel ou nommé, tuple ou dictionnaire en paramètres effectifs, etc.)",0,0.2384714484
specifier-1.3,Utiliser un langage formel,PYTHON-PRG-05,"Créer des packages, modules et script",0,0.2647644877
specifier-1.3,Utiliser un langage formel,PYTHON-PRG-06,"Importer des modules, éléments de modules en les renommant si nécessaire",0,0.1668342352
specifier-1.3,Utiliser un langage formel,PYTHON-PRG-07,Comprendre l'affectation,0,0.1418863237
specifier-1.3,Utiliser un langage formel,PYTHON-PRG-08,Utiliser les fonctions lambda,0,0.3968685269
specifier-1.3,Utiliser un langage formel,PYTHON-PRG-09,"Utiliser les fonctions map, filter et comprehension de séquences",0,0.3236651421
specifier-1.3,Utiliser un langage formel,PYTHON-PRG-10,Utiliser l'instruction yield,0,0.2637153268
specifier-1.3,Utiliser un langage formel,PYTHON-POO-01,"Définir une classe (attributs, méthodes, initialiseur, etc.)",0,0.2835476398
specifier-1.3,Utiliser un langage formel,PYTHON-POO-02,Utiliser les propriétés,0,0.3388994336
specifier-1.3,Utiliser un langage formel,PYTHON-POO-03,Définir les méthodes spéciales,0,0.3823596835
specifier-1.3,Utiliser un langage formel,PYTHON-POO-04,Définir et utiliser les méthodes statiques et de classes,0,0.4594302773
specifier-1.3,Utiliser un langage formel,PYTHON-POO-05,Définir et utiliser des énumérations,0,0.4196973443
specifier-1.3,Utiliser un langage formel,PYTHON-POO-06,Définir et utiliser des dataclasses,0,0.3918657005
specifier-1.3,Utiliser un langage formel,PYTHON-POO-07,Définir et utiliser des classes abstraites et des protocoles,0,0.4756386280
specifier-1.3,Utiliser un langage formel,PYTHON-POO-08,Définir et utiliser des exceptions,0,0.4146048427
specifier-1.3,Utiliser un langage formel,PYTHON-POO-09,Définir et utiliser des gestionnaires de contexte,0,0.4489658475
specifier-1.3,Utiliser un langage formel,PYTHON-POO-10,Utiliser des flux,0,0.4564513862
specifier-1.3,Utiliser un langage formel,PYTHON-DEV-01,Dissocier Python du Système d'exploitation (pyenv),0,0.1103404462
specifier-1.3,Utiliser un langage formel,PYTHON-DEV-02,Gérer les dépendances,0,0.0995410308
specifier-1.3,Utiliser un langage formel,PYTHON-DEV-03,Céer et utiliser les tests unitaires,0,0.2465256304
specifier-1.3,Utiliser un langage formel,PYTHON-DEV-04,Utiliser les logs,0,0.5697079897
specifier-1.3,Utiliser un langage formel,PYTHON-DEV-05,Utiliser le annotations,0,0.3458832502
specifier-1.3,Utiliser un langage formel,PYTHON-DEV-06,Réaliser une audit statique de code,0,0.0939964280
specifier-1.3,Utiliser un langage formel,PYTHON-ARC-01,Créer des décorateurs,0,0.1842371225
specifier-1.3,Utiliser un langage formel,PYTHON-ARC-02,Créer et utiliser des métaclasses,0,0.3973334432
specifier-1.3,Utiliser un langage formel,PYTHON-ARC-03,Controler l'accès aux attributs,0,0.1402553916
specifier-1.3,Utiliser un langage formel,PYTHON-ARC-04,Créer et utiliser des coroutines,0,0.3469405174
specifier-2.1,Analyser la demande,PYTHON-PRG-01,"Choisir et utiliser les types de bases (bool, int, float, complex, list, etc.)",0,0.0359961614
specifier-2.1,Analyser la demande,PYTHON-PRG-02,"Utiliser les structures de contrôle (if, for, while, etc.)",0,0.2266900092
specifier-2.1,Analyser la demande,PYTHON-PRG-03,"Définir une fonction (arité variable, valeurs par défaut, obligation des paramètres positionnels ou nommés, etc.)",0,0.1650139689
specifier-2.1,Analyser la demande,PYTHON-PRG-04,"Appeler une fonction (passage de paramètre posiitonnel ou nommé, tuple ou dictionnaire en paramètres effectifs, etc.)",0,0.1464738846
specifier-2.1,Analyser la demande,PYTHON-PRG-05,"Créer des packages, modules et script",0,0.1130869091
specifier-2.1,Analyser la demande,PYTHON-PRG-06,"Importer des modules, éléments de modules en les renommant si nécessaire",0,0.1362572163
specifier-2.1,Analyser la demande,PYTHON-PRG-07,Comprendre l'affectation,0,0.4560327530
specifier-2.1,Analyser la demande,PYTHON-PRG-08,Utiliser les fonctions lambda,0,0.1443087757
specifier-2.1,Analyser la demande,PYTHON-PRG-09,"Utiliser les fonctions map, filter et comprehension de séquences",0,0.1940773576
specifier-2.1,Analyser la demande,PYTHON-PRG-10,Utiliser l'instruction yield,0,0.2190396786
specifier-2.1,Analyser la demande,PYTHON-POO-01,"Définir une classe (attributs, méthodes, initialiseur, etc.)",0,0.2601803243
specifier-2.1,Analyser la demande,PYTHON-POO-02,Utiliser les propriétés,0,0.1530613005
specifier-2.1,Analyser la demande,PYTHON-POO-03,Définir les méthodes spéciales,0,0.0854440480
specifier-2.1,Analyser la demande,PYTHON-POO-04,Définir et utiliser les méthodes statiques et de classes,0,0.1592421532
specifier-2.1,Analyser la demande,PYTHON-POO-05,Définir et utiliser des énumérations,0,0.2069189847
specifier-2.1,Analyser la demande,PYTHON-POO-06,Définir et utiliser des dataclasses,0,0.1905108839
specifier-2.1,Analyser la demande,PYTHON-POO-07,Définir et utiliser des classes abstraites et des protocoles,0,0.0809513927
specifier-2.1,Analyser la demande,PYTHON-POO-08,Définir et utiliser des exceptions,0,0.2572297752
specifier-2.1,Analyser la demande,PYTHON-POO-09,Définir et utiliser des gestionnaires de contexte,0,0.1316686273
specifier-2.1,Analyser la demande,PYTHON-POO-10,Utiliser des flux,0,0.0901217312
specifier-2.1,Analyser la demande,PYTHON-DEV-01,Dissocier Python du Système d'exploitation (pyenv),0,0.0845011696
specifier-2.1,Analyser la demande,PYTHON-DEV-02,Gérer les dépendances,0,0.2455874979
specifier-2.1,Analyser la demande,PYTHON-DEV-03,Céer et utiliser les tests unitaires,0,0.2827773094
specifier-2.1,Analyser la demande,PYTHON-DEV-04,Utiliser les logs,0,0.0836295336
specifier-2.1,Analyser la demande,PYTHON-DEV-05,Utiliser le annotations,0,0.2021765113
specifier-2.1,Analyser la demande,PYTHON-DEV-06,Réaliser une audit statique de code,0,0.2815930843
specifier-2.1,Analyser la demande,PYTHON-ARC-01,Créer des décorateurs,0,0.1817657202
specifier-2.1,Analyser la demande,PYTHON-ARC-02,Créer et utiliser des métaclasses,0,0.1180752069
specifier-2.1,Analyser la demande,PYTHON-ARC-03,Controler l'accès aux attributs,0,0.2305495143
specifier-2.1,Analyser la demande,PYTHON-ARC-04,Créer et utiliser des coroutines,0,0.0759021491
specifier-2.2,Définir des cas d’utilisation,PYTHON-PRG-01,"Choisir et utiliser les types de bases (bool, int, float, complex, list, etc.)",0,0.1891325414
specifier-2.2,Définir des cas d’utilisation,PYTHON-PRG-02,"Utiliser les structures de contrôle (if, for, while, etc.)",0,0.3344280422
specifier-2.2,Définir des cas d’utilisation,PYTHON-PRG-03,"Définir une fonction (arité variable, valeurs par défaut, obligation des paramètres positionnels ou nommés, etc.)",0,0.2166963518
specifier-2.2,Définir des cas d’utilisation,PYTHON-PRG-04,"Appeler une fonction (passage de paramètre posiitonnel ou nommé, tuple ou dictionnaire en paramètres effectifs, etc.)",0,0.2645900846
specifier-2.2,Définir des cas d’utilisation,PYTHON-PRG-05,"Créer des packages, modules et script",0,0.1945995390
specifier-2.2,Définir des cas d’utilisation,PYTHON-PRG-06,"Importer des modules, éléments de modules en les renommant si nécessaire",0,0.0909295976
specifier-2.2,Définir des cas d’utilisation,PYTHON-PRG-07,Comprendre l'affectation,0,0.2981893718
specifier-2.2,Définir des cas d’utilisation,PYTHON-PRG-08,Utiliser les fonctions lambda,0,0.2660930157
specifier-2.2,Définir des cas d’utilisation,PYTHON-PRG-09,"Utiliser les fonctions map, filter et comprehension de séquences",0,0.3531129360
specifier-2.2,Définir des cas d’utilisation,PYTHON-PRG-10,Utiliser l'instruction yield,0,0.2618127167
specifier-2.2,Définir des cas d’utilisation,PYTHON-POO-01,"Définir une classe (attributs, méthodes, initialiseur, etc.)",0,0.3696345091
specifier-2.2,Définir des cas d’utilisation,PYTHON-POO-02,Utiliser les propriétés,0,0.4433690012
specifier-2.2,Définir des cas d’utilisation,PYTHON-POO-03,Définir les méthodes spéciales,0,0.4479131699
specifier-2.2,Définir des cas d’utilisation,PYTHON-POO-04,Définir et utiliser les méthodes statiques et de classes,0,0.3654240668
specifier-2.2,Définir des cas d’utilisation,PYTHON-POO-05,Définir et utiliser des énumérations,0,0.3534590006
specifier-2.2,Définir des cas d’utilisation,PYTHON-POO-06,Définir et utiliser des dataclasses,0,0.3589474857
specifier-2.2,Définir des cas d’utilisation,PYTHON-POO-07,Définir et utiliser des classes abstraites et des protocoles,0,0.4078013599
specifier-2.2,Définir des cas d’utilisation,PYTHON-POO-08,Définir et utiliser des exceptions,0,0.5231363177
specifier-2.2,Définir des cas d’utilisation,PYTHON-POO-09,Définir et utiliser des gestionnaires de contexte,0,0.3727988303
specifier-2.2,Définir des cas d’utilisation,PYTHON-POO-10,Utiliser des flux,0,0.3750536442
specifier-2.2,Définir des cas d’utilisation,PYTHON-DEV-01,Dissocier Python du Système d'exploitation (pyenv),0,0.1419462860
specifier-2.2,Définir des cas d’utilisation,PYTHON-DEV-02,Gérer les dépendances,0,0.2916699350
specifier-2.2,Définir des cas d’utilisation,PYTHON-DEV-03,Céer et utiliser les tests unitaires,0,0.2738926709
specifier-2.2,Définir des cas d’utilisation,PYTHON-DEV-04,Utiliser les logs,0,0.3574073315
specifier-2.2,Définir des cas d’utilisation,PYTHON-DEV-05,Utiliser le annotations,0,0.4024037719
specifier-2.2,Définir des cas d’utilisation,PYTHON-DEV-06,Réaliser une audit statique de code,0,0.1669638008
specifier-2.2,Définir des cas d’utilisation,PYTHON-ARC-01,Créer des décorateurs,0,0.2110666335
specifier-2.2,Définir des cas d’utilisation,PYTHON-ARC-02,Créer et utiliser des métaclasses,0,0.2361921072
specifier-2.2,Définir des cas d’utilisation,PYTHON-ARC-03,Controler l'accès aux attributs,0,0.1839330345
specifier-2.2,Définir des cas d’utilisation,PYTHON-ARC-04,Créer et utiliser des coroutines,0,0.2892399430
specifier-2.3,Caractériser l’utilisation des données au regard du RGPD,PYTHON-PRG-01,"Choisir et utiliser les types de bases (bool, int, float, complex, list, etc.)",0,0.2682352960
specifier-2.3,Caractériser l’utilisation des données au regard du RGPD,PYTHON-PRG-02,"Utiliser les structures de contrôle (if, for, while, etc.)",0,0.4046743512
specifier-2.3,Caractériser l’utilisation des données au regard du RGPD,PYTHON-PRG-03,"Définir une fonction (arité variable, valeurs par défaut, obligation des paramètres positionnels ou nommés, etc.)",0,0.3567014337
specifier-2.3,Caractériser l’utilisation des données au regard du RGPD,PYTHON-PRG-04,"Appeler une fonction (passage de paramètre posiitonnel ou nommé, tuple ou dictionnaire en paramètres effectifs, etc.)",0,0.3180481791
specifier-2.3,Caractériser l’utilisation des données au regard du RGPD,PYTHON-PRG-05,"Créer des packages, modules et script",0,0.2200775146
specifier-2.3,Caractériser l’utilisation des données au regard du RGPD,PYTHON-PRG-06,"Importer des modules, éléments de modules en les renommant si nécessaire",0,0.2640237808
specifier-2.3,Caractériser l’utilisation des données au regard du RGPD,PYTHON-PRG-07,Comprendre l'affectation,0,0.2735026181
specifier-2.3,Caractériser l’utilisation des données au regard du RGPD,PYTHON-PRG-08,Utiliser les fonctions lambda,0,0.3263318837
specifier-2.3,Caractériser l’utilisation des données au regard du RGPD,PYTHON-PRG-09,"Utiliser les fonctions map, filter et comprehension de séquences",0,0.4279997647
specifier-2.3,Caractériser l’utilisation des données au regard du RGPD,PYTHON-PRG-10,Utiliser l'instruction yield,0,0.3284542561
specifier-2.3,Caractériser l’utilisation des données au regard du RGPD,PYTHON-POO-01,"Définir une classe (attributs, méthodes, initialiseur, etc.)",0,0.3459731340
specifier-2.3,Caractériser l’utilisation des données au regard du RGPD,PYTHON-POO-02,Utiliser les propriétés,0,0.4537637532
specifier-2.3,Caractériser l’utilisation des données au regard du RGPD,PYTHON-POO-03,Définir les méthodes spéciales,0,0.2953596711
specifier-2.3,Caractériser l’utilisation des données au regard du RGPD,PYTHON-POO-04,Définir et utiliser les méthodes statiques et de classes,0,0.3356441855
specifier-2.3,Caractériser l’utilisation des données au regard du RGPD,PYTHON-POO-05,Définir et utiliser des énumérations,0,0.2857583165
specifier-2.3,Caractériser l’utilisation des données au regard du RGPD,PYTHON-POO-06,Définir et utiliser des dataclasses,0,0.5096634626
specifier-2.3,Caractériser l’utilisation des données au regard du RGPD,PYTHON-POO-07,Définir et utiliser des classes abstraites et des protocoles,0,0.3761114776
specifier-2.3,Caractériser l’utilisation des données au regard du RGPD,PYTHON-POO-08,Définir et utiliser des exceptions,0,0.3603939712
specifier-2.3,Caractériser l’utilisation des données au regard du RGPD,PYTHON-POO-09,Définir et utiliser des gestionnaires de contexte,0,0.3897240758
specifier-2.3,Caractériser l’utilisation des données au regard du RGPD,PYTHON-POO-10,Utiliser des flux,0,0.2784944773
specifier-2.3,Caractériser l’utilisation des données au regard du RGPD,PYTHON-DEV-01,Dissocier Python du Système d'exploitation (pyenv),0,0.2523103356
specifier-2.3,Caractériser l’utilisation des données au regard du RGPD,PYTHON-DEV-02,Gérer les dépendances,0,0.1991482973
specifier-2.3,Caractériser l’utilisation des données au regard du RGPD,PYTHON-DEV-03,Céer et utiliser les tests unitaires,0,0.3088186979
specifier-2.3,Caractériser l’utilisation des données au regard du RGPD,PYTHON-DEV-04,Utiliser les logs,0,0.4337572753
specifier-2.3,Caractériser l’utilisation des données au regard du RGPD,PYTHON-DEV-05,Utiliser le annotations,0,0.4395766258
specifier-2.3,Caractériser l’utilisation des données au regard du RGPD,PYTHON-DEV-06,Réaliser une audit statique de code,0,0.4197343588
specifier-2.3,Caractériser l’utilisation des données au regard du RGPD,PYTHON-ARC-01,Créer des décorateurs,0,0.2701395452
specifier-2.3,Caractériser l’utilisation des données au regard du RGPD,PYTHON-ARC-02,Créer et utiliser des métaclasses,0,0.4158394635
specifier-2.3,Caractériser l’utilisation des données au regard du RGPD,PYTHON-ARC-03,Controler l'accès aux attributs,0,0.4209938943
specifier-2.3,Caractériser l’utilisation des données au regard du RGPD,PYTHON-ARC-04,Créer et utiliser des coroutines,0,0.3109586835
specifier-3.1,Discriminer et hiérarchiser les demandes,PYTHON-PRG-01,"Choisir et utiliser les types de bases (bool, int, float, complex, list, etc.)",0,0.1142625362
specifier-3.1,Discriminer et hiérarchiser les demandes,PYTHON-PRG-02,"Utiliser les structures de contrôle (if, for, while, etc.)",0,0.2616575360
specifier-3.1,Discriminer et hiérarchiser les demandes,PYTHON-PRG-03,"Définir une fonction (arité variable, valeurs par défaut, obligation des paramètres positionnels ou nommés, etc.)",0,0.3736792803
specifier-3.1,Discriminer et hiérarchiser les demandes,PYTHON-PRG-04,"Appeler une fonction (passage de paramètre posiitonnel ou nommé, tuple ou dictionnaire en paramètres effectifs, etc.)",0,0.3423452079
specifier-3.1,Discriminer et hiérarchiser les demandes,PYTHON-PRG-05,"Créer des packages, modules et script",0,0.1503066719
specifier-3.1,Discriminer et hiérarchiser les demandes,PYTHON-PRG-06,"Importer des modules, éléments de modules en les renommant si nécessaire",0,0.1743484139
specifier-3.1,Discriminer et hiérarchiser les demandes,PYTHON-PRG-07,Comprendre l'affectation,0,0.3104604781
specifier-3.1,Discriminer et hiérarchiser les demandes,PYTHON-PRG-08,Utiliser les fonctions lambda,0,0.3308320642
specifier-3.1,Discriminer et hiérarchiser les demandes,PYTHON-PRG-09,"Utiliser les fonctions map, filter et comprehension de séquences",0,0.3341886997
specifier-3.1,Discriminer et hiérarchiser les demandes,PYTHON-PRG-10,Utiliser l'instruction yield,0,0.3292945027
specifier-3.1,Discriminer et hiérarchiser les demandes,PYTHON-POO-01,"Définir une classe (attributs, méthodes, initialiseur, etc.)",0,0.3304833472
specifier-3.1,Discriminer et hiérarchiser les demandes,PYTHON-POO-02,Utiliser les propriétés,0,0.1867175102
specifier-3.1,Discriminer et hiérarchiser les demandes,PYTHON-POO-03,Définir les méthodes spéciales,0,0.2812199593
specifier-3.1,Discriminer et hiérarchiser les demandes,PYTHON-POO-04,Définir et utiliser les méthodes statiques et de classes,0,0.3118773699
specifier-3.1,Discriminer et hiérarchiser les demandes,PYTHON-POO-05,Définir et utiliser des énumérations,0,0.3442342877
specifier-3.1,Discriminer et hiérarchiser les demandes,PYTHON-POO-06,Définir et utiliser des dataclasses,0,0.3389350176
specifier-3.1,Discriminer et hiérarchiser les demandes,PYTHON-POO-07,Définir et utiliser des classes abstraites et des protocoles,0,0.2388584316
specifier-3.1,Discriminer et hiérarchiser les demandes,PYTHON-POO-08,Définir et utiliser des exceptions,0,0.3973261118
specifier-3.1,Discriminer et hiérarchiser les demandes,PYTHON-POO-09,Définir et utiliser des gestionnaires de contexte,0,0.3789640367
specifier-3.1,Discriminer et hiérarchiser les demandes,PYTHON-POO-10,Utiliser des flux,0,0.1616168022
specifier-3.1,Discriminer et hiérarchiser les demandes,PYTHON-DEV-01,Dissocier Python du Système d'exploitation (pyenv),0,0.2157163024
specifier-3.1,Discriminer et hiérarchiser les demandes,PYTHON-DEV-02,Gérer les dépendances,0,0.3263718486
specifier-3.1,Discriminer et hiérarchiser les demandes,PYTHON-DEV-03,Céer et utiliser les tests unitaires,0,0.2687197328
specifier-3.1,Discriminer et hiérarchiser les demandes,PYTHON-DEV-04,Utiliser les logs,0,0.3467734456
specifier-3.1,Discriminer et hiérarchiser les demandes,PYTHON-DEV-05,Utiliser le annotations,0,0.3506202400
specifier-3.1,Discriminer et hiérarchiser les demandes,PYTHON-DEV-06,Réaliser une audit statique de code,0,0.2508402467
specifier-3.1,Discriminer et hiérarchiser les demandes,PYTHON-ARC-01,Créer des décorateurs,0,0.2092218846
specifier-3.1,Discriminer et hiérarchiser les demandes,PYTHON-ARC-02,Créer et utiliser des métaclasses,0,0.3110127151
specifier-3.1,Discriminer et hiérarchiser les demandes,PYTHON-ARC-03,Controler l'accès aux attributs,0,0.2678579092
specifier-3.1,Discriminer et hiérarchiser les demandes,PYTHON-ARC-04,Créer et utiliser des coroutines,0,0.1793776602
specifier-3.2,Définir la recette,PYTHON-PRG-01,"Choisir et utiliser les types de bases (bool, int, float, complex, list, etc.)",0,0.1765817553
specifier-3.2,Définir la recette,PYTHON-PRG-02,"Utiliser les structures de contrôle (if, for, while, etc.)",0,0.1757932305
specifier-3.2,Définir la recette,PYTHON-PRG-03,"Définir une fonction (arité variable, valeurs par défaut, obligation des paramètres positionnels ou nommés, etc.)",0,0.1973254681
specifier-3.2,Définir la recette,PYTHON-PRG-04,"Appeler une fonction (passage de paramètre posiitonnel ou nommé, tuple ou dictionnaire en paramètres effectifs, etc.)",0,0.2588873804
specifier-3.2,Définir la recette,PYTHON-PRG-05,"Créer des packages, modules et script",0,0.2743805051
specifier-3.2,Définir la recette,PYTHON-PRG-06,"Importer des modules, éléments de modules en les renommant si nécessaire",0,0.1032914072
specifier-3.2,Définir la recette,PYTHON-PRG-07,Comprendre l'affectation,0,0.2588775754
specifier-3.2,Définir la recette,PYTHON-PRG-08,Utiliser les fonctions lambda,0,0.0836543888
specifier-3.2,Définir la recette,PYTHON-PRG-09,"Utiliser les fonctions map, filter et comprehension de séquences",0,0.1889861226
specifier-3.2,Définir la recette,PYTHON-PRG-10,Utiliser l'instruction yield,0,0.0535198599
specifier-3.2,Définir la recette,PYTHON-POO-01,"Définir une classe (attributs, méthodes, initialiseur, etc.)",0,0.2973210812
specifier-3.2,Définir la recette,PYTHON-POO-02,Utiliser les propriétés,0,0.2554495931
specifier-3.2,Définir la recette,PYTHON-POO-03,Définir les méthodes spéciales,0,0.3245261014
specifier-3.2,Définir la recette,PYTHON-POO-04,Définir et utiliser les méthodes statiques et de classes,0,0.2470878065
specifier-3.2,Définir la recette,PYTHON-POO-05,Définir et utiliser des énumérations,0,0.4565529525
specifier-3.2,Définir la recette,PYTHON-POO-06,Définir et utiliser des dataclasses,0,0.1723662168
specifier-3.2,Définir la recette,PYTHON-POO-07,Définir et utiliser des classes abstraites et des protocoles,0,0.1721048951
specifier-3.2,Définir la recette,PYTHON-POO-08,Définir et utiliser des exceptions,0,0.3130204976
specifier-3.2,Définir la recette,PYTHON-POO-09,Définir et utiliser des gestionnaires de contexte,0,0.1925434619
specifier-3.2,Définir la recette,PYTHON-POO-10,Utiliser des flux,0,0.0865805373
specifier-3.2,Définir la recette,PYTHON-DEV-01,Dissocier Python du Système d'exploitation (pyenv),0,0.1102127731
specifier-3.2,Définir la recette,PYTHON-DEV-02,Gérer les dépendances,0,0.0949082226
specifier-3.2,Définir la recette,PYTHON-DEV-03,Céer et utiliser les tests unitaires,0,0.1308060288
specifier-3.2,Définir la recette,PYTHON-DEV-04,Utiliser les logs,0,0.0056563159
specifier-3.2,Définir la recette,PYTHON-DEV-05,Utiliser le annotations,0,0.1306992769
specifier-3.2,Définir la recette,PYTHON-DEV-06,Réaliser une audit statique de code,0,0.0525125004
specifier-3.2,Définir la recette,PYTHON-ARC-01,Créer des décorateurs,0,0.3196584880
specifier-3.2,Définir la recette,PYTHON-ARC-02,Créer et utiliser des métaclasses,0,0.1530469358
specifier-3.2,Définir la recette,PYTHON-ARC-03,Controler l'accès aux attributs,0,-0.0096916910
specifier-3.2,Définir la recette,PYTHON-ARC-04,Créer et utiliser des coroutines,0,0.2417390645
specifier-3.3,Lister les tests fonctionnels,PYTHON-PRG-01,"Choisir et utiliser les types de bases (bool, int, float, complex, list, etc.)",0,0.3676944673
specifier-3.3,Lister les tests fonctionnels,PYTHON-PRG-02,"Utiliser les structures de contrôle (if, for, while, etc.)",0,0.2783114612
specifier-3.3,Lister les tests fonctionnels,PYTHON-PRG-03,"Définir une fonction (arité variable, valeurs par défaut, obligation des paramètres positionnels ou nommés, etc.)",0,0.3223397732
specifier-3.3,Lister les tests fonctionnels,PYTHON-PRG-04,"Appeler une fonction (passage de paramètre posiitonnel ou nommé, tuple ou dictionnaire en paramètres effectifs, etc.)",0,0.3443778753
specifier-3.3,Lister les tests fonctionnels,PYTHON-PRG-05,"Créer des packages, modules et script",0,0.2619630098
specifier-3.3,Lister les tests fonctionnels,PYTHON-PRG-06,"Importer des modules, éléments de modules en les renommant si nécessaire",0,0.3795398176
specifier-3.3,Lister les tests fonctionnels,PYTHON-PRG-07,Comprendre l'affectation,0,0.2525846958
specifier-3.3,Lister les tests fonctionnels,PYTHON-PRG-08,Utiliser les fonctions lambda,0,0.2658411860
specifier-3.3,Lister les tests fonctionnels,PYTHON-PRG-09,"Utiliser les fonctions map, filter et comprehension de séquences",0,0.2767531276
specifier-3.3,Lister les tests fonctionnels,PYTHON-PRG-10,Utiliser l'instruction yield,0,0.1751720011
specifier-3.3,Lister les tests fonctionnels,PYTHON-POO-01,"Définir une classe (attributs, méthodes, initialiseur, etc.)",0,0.2010084838
specifier-3.3,Lister les tests fonctionnels,PYTHON-POO-02,Utiliser les propriétés,0,0.1842277944
specifier-3.3,Lister les tests fonctionnels,PYTHON-POO-03,Définir les méthodes spéciales,0,0.2442757636
specifier-3.3,Lister les tests fonctionnels,PYTHON-POO-04,Définir et utiliser les méthodes statiques et de classes,0,0.3393331468
specifier-3.3,Lister les tests fonctionnels,PYTHON-POO-05,Définir et utiliser des énumérations,0,0.3971987069
specifier-3.3,Lister les tests fonctionnels,PYTHON-POO-06,Définir et utiliser des dataclasses,0,0.2130004466
specifier-3.3,Lister les tests fonctionnels,PYTHON-POO-07,Définir et utiliser des classes abstraites et des protocoles,0,0.2591098547
specifier-3.3,Lister les tests fonctionnels,PYTHON-POO-08,Définir et utiliser des exceptions,0,0.1989070922
specifier-3.3,Lister les tests fonctionnels,PYTHON-POO-09,Définir et utiliser des gestionnaires de contexte,0,0.2650774717
specifier-3.3,Lister les tests fonctionnels,PYTHON-POO-10,Utiliser des flux,0,0.1045150161
specifier-3.3,Lister les tests fonctionnels,PYTHON-DEV-01,Dissocier Python du Système d'exploitation (pyenv),0,0.2178125530
specifier-3.3,Lister les tests fonctionnels,PYTHON-DEV-02,Gérer les dépendances,0,0.1915980130
specifier-3.3,Lister les tests fonctionnels,PYTHON-DEV-03,Céer et utiliser les tests unitaires,0,0.2785072029
specifier-3.3,Lister les tests fonctionnels,PYTHON-DEV-04,Utiliser les logs,0,0.2049710751
specifier-3.3,Lister les tests fonctionnels,PYTHON-DEV-05,Utiliser le annotations,0,0.3030110002
specifier-3.3,Lister les tests fonctionnels,PYTHON-DEV-06,Réaliser une audit statique de code,0,0.3776319921
specifier-3.3,Lister les tests fonctionnels,PYTHON-ARC-01,Créer des décorateurs,0,0.2164681256
specifier-3.3,Lister les tests fonctionnels,PYTHON-ARC-02,Créer et utiliser des métaclasses,0,0.2587925196
specifier-3.3,Lister les tests fonctionnels,PYTHON-ARC-03,Controler l'accès aux attributs,0,0.1820680648
specifier-3.3,Lister les tests fonctionnels,PYTHON-ARC-04,Créer et utiliser des coroutines,0,0.2061610222
specifier-4.1,Recueillir et reformuler les demandes du prescripteur en confrontant sa demande (fonctionnalités et données) à ses besoins réels pour prendre en compte le DDRS,PYTHON-PRG-01,"Choisir et utiliser les types de bases (bool, int, float, complex, list, etc.)",0,0.3135316372
specifier-4.1,Recueillir et reformuler les demandes du prescripteur en confrontant sa demande (fonctionnalités et données) à ses besoins réels pour prendre en compte le DDRS,PYTHON-PRG-02,"Utiliser les structures de contrôle (if, for, while, etc.)",0,0.4089773297
specifier-4.1,Recueillir et reformuler les demandes du prescripteur en confrontant sa demande (fonctionnalités et données) à ses besoins réels pour prendre en compte le DDRS,PYTHON-PRG-03,"Définir une fonction (arité variable, valeurs par défaut, obligation des paramètres positionnels ou nommés, etc.)",0,0.4064140618
specifier-4.1,Recueillir et reformuler les demandes du prescripteur en confrontant sa demande (fonctionnalités et données) à ses besoins réels pour prendre en compte le DDRS,PYTHON-PRG-04,"Appeler une fonction (passage de paramètre posiitonnel ou nommé, tuple ou dictionnaire en paramètres effectifs, etc.)",0,0.4543278813
specifier-4.1,Recueillir et reformuler les demandes du prescripteur en confrontant sa demande (fonctionnalités et données) à ses besoins réels pour prendre en compte le DDRS,PYTHON-PRG-05,"Créer des packages, modules et script",0,0.2688903213
specifier-4.1,Recueillir et reformuler les demandes du prescripteur en confrontant sa demande (fonctionnalités et données) à ses besoins réels pour prendre en compte le DDRS,PYTHON-PRG-06,"Importer des modules, éléments de modules en les renommant si nécessaire",0,0.3077434599
specifier-4.1,Recueillir et reformuler les demandes du prescripteur en confrontant sa demande (fonctionnalités et données) à ses besoins réels pour prendre en compte le DDRS,PYTHON-PRG-07,Comprendre l'affectation,0,0.3310325742
specifier-4.1,Recueillir et reformuler les demandes du prescripteur en confrontant sa demande (fonctionnalités et données) à ses besoins réels pour prendre en compte le DDRS,PYTHON-PRG-08,Utiliser les fonctions lambda,0,0.3396172822
specifier-4.1,Recueillir et reformuler les demandes du prescripteur en confrontant sa demande (fonctionnalités et données) à ses besoins réels pour prendre en compte le DDRS,PYTHON-PRG-09,"Utiliser les fonctions map, filter et comprehension de séquences",0,0.4072389007
specifier-4.1,Recueillir et reformuler les demandes du prescripteur en confrontant sa demande (fonctionnalités et données) à ses besoins réels pour prendre en compte le DDRS,PYTHON-PRG-10,Utiliser l'instruction yield,0,0.3898836374
specifier-4.1,Recueillir et reformuler les demandes du prescripteur en confrontant sa demande (fonctionnalités et données) à ses besoins réels pour prendre en compte le DDRS,PYTHON-POO-01,"Définir une classe (attributs, méthodes, initialiseur, etc.)",0,0.4333526194
specifier-4.1,Recueillir et reformuler les demandes du prescripteur en confrontant sa demande (fonctionnalités et données) à ses besoins réels pour prendre en compte le DDRS,PYTHON-POO-02,Utiliser les propriétés,0,0.3405570984
specifier-4.1,Recueillir et reformuler les demandes du prescripteur en confrontant sa demande (fonctionnalités et données) à ses besoins réels pour prendre en compte le DDRS,PYTHON-POO-03,Définir les méthodes spéciales,0,0.2124801427
specifier-4.1,Recueillir et reformuler les demandes du prescripteur en confrontant sa demande (fonctionnalités et données) à ses besoins réels pour prendre en compte le DDRS,PYTHON-POO-04,Définir et utiliser les méthodes statiques et de classes,0,0.2859833241
specifier-4.1,Recueillir et reformuler les demandes du prescripteur en confrontant sa demande (fonctionnalités et données) à ses besoins réels pour prendre en compte le DDRS,PYTHON-POO-05,Définir et utiliser des énumérations,0,0.3292271495
specifier-4.1,Recueillir et reformuler les demandes du prescripteur en confrontant sa demande (fonctionnalités et données) à ses besoins réels pour prendre en compte le DDRS,PYTHON-POO-06,Définir et utiliser des dataclasses,0,0.4140837193
specifier-4.1,Recueillir et reformuler les demandes du prescripteur en confrontant sa demande (fonctionnalités et données) à ses besoins réels pour prendre en compte le DDRS,PYTHON-POO-07,Définir et utiliser des classes abstraites et des protocoles,0,0.2469978482
specifier-4.1,Recueillir et reformuler les demandes du prescripteur en confrontant sa demande (fonctionnalités et données) à ses besoins réels pour prendre en compte le DDRS,PYTHON-POO-08,Définir et utiliser des exceptions,0,0.3016508222
specifier-4.1,Recueillir et reformuler les demandes du prescripteur en confrontant sa demande (fonctionnalités et données) à ses besoins réels pour prendre en compte le DDRS,PYTHON-POO-09,Définir et utiliser des gestionnaires de contexte,0,0.3206436038
specifier-4.1,Recueillir et reformuler les demandes du prescripteur en confrontant sa demande (fonctionnalités et données) à ses besoins réels pour prendre en compte le DDRS,PYTHON-POO-10,Utiliser des flux,0,0.2889119089
specifier-4.1,Recueillir et reformuler les demandes du prescripteur en confrontant sa demande (fonctionnalités et données) à ses besoins réels pour prendre en compte le DDRS,PYTHON-DEV-01,Dissocier Python du Système d'exploitation (pyenv),0,0.2810215354
specifier-4.1,Recueillir et reformuler les demandes du prescripteur en confrontant sa demande (fonctionnalités et données) à ses besoins réels pour prendre en compte le DDRS,PYTHON-DEV-02,Gérer les dépendances,0,0.4025277793
specifier-4.1,Recueillir et reformuler les demandes du prescripteur en confrontant sa demande (fonctionnalités et données) à ses besoins réels pour prendre en compte le DDRS,PYTHON-DEV-03,Céer et utiliser les tests unitaires,0,0.3258669972
specifier-4.1,Recueillir et reformuler les demandes du prescripteur en confrontant sa demande (fonctionnalités et données) à ses besoins réels pour prendre en compte le DDRS,PYTHON-DEV-04,Utiliser les logs,0,0.2959806919
specifier-4.1,Recueillir et reformuler les demandes du prescripteur en confrontant sa demande (fonctionnalités et données) à ses besoins réels pour prendre en compte le DDRS,PYTHON-DEV-05,Utiliser le annotations,0,0.3082998395
specifier-4.1,Recueillir et reformuler les demandes du prescripteur en confrontant sa demande (fonctionnalités et données) à ses besoins réels pour prendre en compte le DDRS,PYTHON-DEV-06,Réaliser une audit statique de code,0,0.2911102772
specifier-4.1,Recueillir et reformuler les demandes du prescripteur en confrontant sa demande (fonctionnalités et données) à ses besoins réels pour prendre en compte le DDRS,PYTHON-ARC-01,Créer des décorateurs,0,0.3320723176
specifier-4.1,Recueillir et reformuler les demandes du prescripteur en confrontant sa demande (fonctionnalités et données) à ses besoins réels pour prendre en compte le DDRS,PYTHON-ARC-02,Créer et utiliser des métaclasses,0,0.2362734377
specifier-4.1,Recueillir et reformuler les demandes du prescripteur en confrontant sa demande (fonctionnalités et données) à ses besoins réels pour prendre en compte le DDRS,PYTHON-ARC-03,Controler l'accès aux attributs,0,0.3231247962
specifier-4.1,Recueillir et reformuler les demandes du prescripteur en confrontant sa demande (fonctionnalités et données) à ses besoins réels pour prendre en compte le DDRS,PYTHON-ARC-04,Créer et utiliser des coroutines,0,0.1757044792
specifier-4.2,Prototyper des interfaces utilisateurs en prenant la RGAA,PYTHON-PRG-01,"Choisir et utiliser les types de bases (bool, int, float, complex, list, etc.)",0,0.3570553064
specifier-4.2,Prototyper des interfaces utilisateurs en prenant la RGAA,PYTHON-PRG-02,"Utiliser les structures de contrôle (if, for, while, etc.)",0,0.3064590693
specifier-4.2,Prototyper des interfaces utilisateurs en prenant la RGAA,PYTHON-PRG-03,"Définir une fonction (arité variable, valeurs par défaut, obligation des paramètres positionnels ou nommés, etc.)",0,0.3097266555
specifier-4.2,Prototyper des interfaces utilisateurs en prenant la RGAA,PYTHON-PRG-04,"Appeler une fonction (passage de paramètre posiitonnel ou nommé, tuple ou dictionnaire en paramètres effectifs, etc.)",0,0.3935025334
specifier-4.2,Prototyper des interfaces utilisateurs en prenant la RGAA,PYTHON-PRG-05,"Créer des packages, modules et script",0,0.3939543068
specifier-4.2,Prototyper des interfaces utilisateurs en prenant la RGAA,PYTHON-PRG-06,"Importer des modules, éléments de modules en les renommant si nécessaire",0,0.3809396029
specifier-4.2,Prototyper des interfaces utilisateurs en prenant la RGAA,PYTHON-PRG-07,Comprendre l'affectation,0,0.2090409398
specifier-4.2,Prototyper des interfaces utilisateurs en prenant la RGAA,PYTHON-PRG-08,Utiliser les fonctions lambda,0,0.2498819232
specifier-4.2,Prototyper des interfaces utilisateurs en prenant la RGAA,PYTHON-PRG-09,"Utiliser les fonctions map, filter et comprehension de séquences",0,0.3027395904
specifier-4.2,Prototyper des interfaces utilisateurs en prenant la RGAA,PYTHON-PRG-10,Utiliser l'instruction yield,0,0.1981620491
specifier-4.2,Prototyper des interfaces utilisateurs en prenant la RGAA,PYTHON-POO-01,"Définir une classe (attributs, méthodes, initialiseur, etc.)",0,0.3547596931
specifier-4.2,Prototyper des interfaces utilisateurs en prenant la RGAA,PYTHON-POO-02,Utiliser les propriétés,0,0.2238826752
specifier-4.2,Prototyper des interfaces utilisateurs en prenant la RGAA,PYTHON-POO-03,Définir les méthodes spéciales,0,0.2927322090
specifier-4.2,Prototyper des interfaces utilisateurs en prenant la RGAA,PYTHON-POO-04,Définir et utiliser les méthodes statiques et de classes,0,0.2583864629
specifier-4.2,Prototyper des interfaces utilisateurs en prenant la RGAA,PYTHON-POO-05,Définir et utiliser des énumérations,0,0.2711807489
specifier-4.2,Prototyper des interfaces utilisateurs en prenant la RGAA,PYTHON-POO-06,Définir et utiliser des dataclasses,0,0.3094015121
specifier-4.2,Prototyper des interfaces utilisateurs en prenant la RGAA,PYTHON-POO-07,Définir et utiliser des classes abstraites et des protocoles,0,0.3743198812
specifier-4.2,Prototyper des interfaces utilisateurs en prenant la RGAA,PYTHON-POO-08,Définir et utiliser des exceptions,0,0.3093455136
specifier-4.2,Prototyper des interfaces utilisateurs en prenant la RGAA,PYTHON-POO-09,Définir et utiliser des gestionnaires de contexte,0,0.3538072109
specifier-4.2,Prototyper des interfaces utilisateurs en prenant la RGAA,PYTHON-POO-10,Utiliser des flux,0,0.2361800522
specifier-4.2,Prototyper des interfaces utilisateurs en prenant la RGAA,PYTHON-DEV-01,Dissocier Python du Système d'exploitation (pyenv),0,0.2658357620
specifier-4.2,Prototyper des interfaces utilisateurs en prenant la RGAA,PYTHON-DEV-02,Gérer les dépendances,0,0.1553077251
specifier-4.2,Prototyper des interfaces utilisateurs en prenant la RGAA,PYTHON-DEV-03,Céer et utiliser les tests unitaires,0,0.2850398421
specifier-4.2,Prototyper des interfaces utilisateurs en prenant la RGAA,PYTHON-DEV-04,Utiliser les logs,0,0.2956695557
specifier-4.2,Prototyper des interfaces utilisateurs en prenant la RGAA,PYTHON-DEV-05,Utiliser le annotations,0,0.3925859928
specifier-4.2,Prototyper des interfaces utilisateurs en prenant la RGAA,PYTHON-DEV-06,Réaliser une audit statique de code,0,0.2593901753
specifier-4.2,Prototyper des interfaces utilisateurs en prenant la RGAA,PYTHON-ARC-01,Créer des décorateurs,0,0.4184441566
specifier-4.2,Prototyper des interfaces utilisateurs en prenant la RGAA,PYTHON-ARC-02,Créer et utiliser des métaclasses,0,0.5046210885
specifier-4.2,Prototyper des interfaces utilisateurs en prenant la RGAA,PYTHON-ARC-03,Controler l'accès aux attributs,0,0.3614246547
specifier-4.2,Prototyper des interfaces utilisateurs en prenant la RGAA,PYTHON-ARC-04,Créer et utiliser des coroutines,0,0.3271436691
specifier-4.3,Respecter un référentiel qualité,PYTHON-PRG-01,"Choisir et utiliser les types de bases (bool, int, float, complex, list, etc.)",0,0.2203231454
specifier-4.3,Respecter un référentiel qualité,PYTHON-PRG-02,"Utiliser les structures de contrôle (if, for, while, etc.)",0,0.2986403704
specifier-4.3,Respecter un référentiel qualité,PYTHON-PRG-03,"Définir une fonction (arité variable, valeurs par défaut, obligation des paramètres positionnels ou nommés, etc.)",0,0.2707825601
specifier-4.3,Respecter un référentiel qualité,PYTHON-PRG-04,"Appeler une fonction (passage de paramètre posiitonnel ou nommé, tuple ou dictionnaire en paramètres effectifs, etc.)",0,0.2413614392
specifier-4.3,Respecter un référentiel qualité,PYTHON-PRG-05,"Créer des packages, modules et script",0,0.0502020083
specifier-4.3,Respecter un référentiel qualité,PYTHON-PRG-06,"Importer des modules, éléments de modules en les renommant si nécessaire",0,0.2683851123
specifier-4.3,Respecter un référentiel qualité,PYTHON-PRG-07,Comprendre l'affectation,0,0.2994310856
specifier-4.3,Respecter un référentiel qualité,PYTHON-PRG-08,Utiliser les fonctions lambda,0,0.1739052087
specifier-4.3,Respecter un référentiel qualité,PYTHON-PRG-09,"Utiliser les fonctions map, filter et comprehension de séquences",0,0.1818387508
specifier-4.3,Respecter un référentiel qualité,PYTHON-PRG-10,Utiliser l'instruction yield,0,0.2751042247
specifier-4.3,Respecter un référentiel qualité,PYTHON-POO-01,"Définir une classe (attributs, méthodes, initialiseur, etc.)",0,0.2349713594
specifier-4.3,Respecter un référentiel qualité,PYTHON-POO-02,Utiliser les propriétés,0,0.2611951232
specifier-4.3,Respecter un référentiel qualité,PYTHON-POO-03,Définir les méthodes spéciales,0,0.1742283255
specifier-4.3,Respecter un référentiel qualité,PYTHON-POO-04,Définir et utiliser les méthodes statiques et de classes,0,0.2107493430
specifier-4.3,Respecter un référentiel qualité,PYTHON-POO-05,Définir et utiliser des énumérations,0,0.1907743812
specifier-4.3,Respecter un référentiel qualité,PYTHON-POO-06,Définir et utiliser des dataclasses,0,0.3155536056
specifier-4.3,Respecter un référentiel qualité,PYTHON-POO-07,Définir et utiliser des classes abstraites et des protocoles,0,0.2353689075
specifier-4.3,Respecter un référentiel qualité,PYTHON-POO-08,Définir et utiliser des exceptions,0,0.3010659218
specifier-4.3,Respecter un référentiel qualité,PYTHON-POO-09,Définir et utiliser des gestionnaires de contexte,0,0.3381642699
specifier-4.3,Respecter un référentiel qualité,PYTHON-POO-10,Utiliser des flux,0,0.1811919063
specifier-4.3,Respecter un référentiel qualité,PYTHON-DEV-01,Dissocier Python du Système d'exploitation (pyenv),0,0.0929642767
specifier-4.3,Respecter un référentiel qualité,PYTHON-DEV-02,Gérer les dépendances,0,0.2605291009
specifier-4.3,Respecter un référentiel qualité,PYTHON-DEV-03,Céer et utiliser les tests unitaires,0,0.2636125088
specifier-4.3,Respecter un référentiel qualité,PYTHON-DEV-04,Utiliser les logs,0,0.3371010721
specifier-4.3,Respecter un référentiel qualité,PYTHON-DEV-05,Utiliser le annotations,0,0.2180855721
specifier-4.3,Respecter un référentiel qualité,PYTHON-DEV-06,Réaliser une audit statique de code,0,0.2999278903
specifier-4.3,Respecter un référentiel qualité,PYTHON-ARC-01,Créer des décorateurs,0,0.1995030940
specifier-4.3,Respecter un référentiel qualité,PYTHON-ARC-02,Créer et utiliser des métaclasses,0,0.3364737928
specifier-4.3,Respecter un référentiel qualité,PYTHON-ARC-03,Controler l'accès aux attributs,0,0.3672019541
specifier-4.3,Respecter un référentiel qualité,PYTHON-ARC-04,Créer et utiliser des coroutines,0,0.1515094638
modeliser-1.1,Représenter une collection de données numériquement ou symboliquement,PYTHON-PRG-01,"Choisir et utiliser les types de bases (bool, int, float, complex, list, etc.)",0,0.2444686592
modeliser-1.1,Représenter une collection de données numériquement ou symboliquement,PYTHON-PRG-02,"Utiliser les structures de contrôle (if, for, while, etc.)",0,0.2066771090
modeliser-1.1,Représenter une collection de données numériquement ou symboliquement,PYTHON-PRG-03,"Définir une fonction (arité variable, valeurs par défaut, obligation des paramètres positionnels ou nommés, etc.)",0,0.3493248224
modeliser-1.1,Représenter une collection de données numériquement ou symboliquement,PYTHON-PRG-04,"Appeler une fonction (passage de paramètre posiitonnel ou nommé, tuple ou dictionnaire en paramètres effectifs, etc.)",0,0.3867706358
modeliser-1.1,Représenter une collection de données numériquement ou symboliquement,PYTHON-PRG-05,"Créer des packages, modules et script",0,0.2901629210
modeliser-1.1,Représenter une collection de données numériquement ou symboliquement,PYTHON-PRG-06,"Importer des modules, éléments de modules en les renommant si nécessaire",0,0.3138871789
modeliser-1.1,Représenter une collection de données numériquement ou symboliquement,PYTHON-PRG-07,Comprendre l'affectation,0,0.3031674027
modeliser-1.1,Représenter une collection de données numériquement ou symboliquement,PYTHON-PRG-08,Utiliser les fonctions lambda,0,0.1849393100
modeliser-1.1,Représenter une collection de données numériquement ou symboliquement,PYTHON-PRG-09,"Utiliser les fonctions map, filter et comprehension de séquences",0,0.3755411506
modeliser-1.1,Représenter une collection de données numériquement ou symboliquement,PYTHON-PRG-10,Utiliser l'instruction yield,0,0.1534965336
modeliser-1.1,Représenter une collection de données numériquement ou symboliquement,PYTHON-POO-01,"Définir une classe (attributs, méthodes, initialiseur, etc.)",0,0.3305234909
modeliser-1.1,Représenter une collection de données numériquement ou symboliquement,PYTHON-POO-02,Utiliser les propriétés,0,0.2029096037
modeliser-1.1,Représenter une collection de données numériquement ou symboliquement,PYTHON-POO-03,Définir les méthodes spéciales,0,0.2637447715
modeliser-1.1,Représenter une collection de données numériquement ou symboliquement,PYTHON-POO-04,Définir et utiliser les méthodes statiques et de classes,0,0.2331459224
modeliser-1.1,Représenter une collection de données numériquement ou symboliquement,PYTHON-POO-05,Définir et utiliser des énumérations,0,0.4232038260
modeliser-1.1,Représenter une collection de données numériquement ou symboliquement,PYTHON-POO-06,Définir et utiliser des dataclasses,0,0.4606631994
modeliser-1.1,Représenter une collection de données numériquement ou symboliquement,PYTHON-POO-07,Définir et utiliser des classes abstraites et des protocoles,0,0.3414708972
modeliser-1.1,Représenter une collection de données numériquement ou symboliquement,PYTHON-POO-08,Définir et utiliser des exceptions,0,0.2522726357
modeliser-1.1,Représenter une collection de données numériquement ou symboliquement,PYTHON-POO-09,Définir et utiliser des gestionnaires de contexte,0,0.2797268033
modeliser-1.1,Représenter une collection de données numériquement ou symboliquement,PYTHON-POO-10,Utiliser des flux,0,0.1199168190
modeliser-1.1,Représenter une collection de données numériquement ou symboliquement,PYTHON-DEV-01,Dissocier Python du Système d'exploitation (pyenv),0,0.2358598411
modeliser-1.1,Représenter une collection de données numériquement ou symboliquement,PYTHON-DEV-02,Gérer les dépendances,0,0.0923527777
modeliser-1.1,Représenter une collection de données numériquement ou symboliquement,PYTHON-DEV-03,Céer et utiliser les tests unitaires,0,0.2041667402
modeliser-1.1,Représenter une collection de données numériquement ou symboliquement,PYTHON-DEV-04,Utiliser les logs,0,0.2561150789
modeliser-1.1,Représenter une collection de données numériquement ou symboliquement,PYTHON-DEV-05,Utiliser le annotations,0,0.3342686594
modeliser-1.1,Représenter une collection de données numériquement ou symboliquement,PYTHON-DEV-06,Réaliser une audit statique de code,0,0.2445005178
modeliser-1.1,Représenter une collection de données numériquement ou symboliquement,PYTHON-ARC-01,Créer des décorateurs,0,0.3060119152
modeliser-1.1,Représenter une collection de données numériquement ou symboliquement,PYTHON-ARC-02,Créer et utiliser des métaclasses,0,0.3102712631
modeliser-1.1,Représenter une collection de données numériquement ou symboliquement,PYTHON-ARC-03,Controler l'accès aux attributs,0,0.2054309547
modeliser-1.1,Représenter une collection de données numériquement ou symboliquement,PYTHON-ARC-04,Créer et utiliser des coroutines,0,0.0963935554
modeliser-1.2,Déterminer les propriétés des entrées sorties d’un composant logiciel ou matériel,PYTHON-PRG-01,"Choisir et utiliser les types de bases (bool, int, float, complex, list, etc.)",0,0.3916960955
modeliser-1.2,Déterminer les propriétés des entrées sorties d’un composant logiciel ou matériel,PYTHON-PRG-02,"Utiliser les structures de contrôle (if, for, while, etc.)",0,0.3528456092
modeliser-1.2,Déterminer les propriétés des entrées sorties d’un composant logiciel ou matériel,PYTHON-PRG-03,"Définir une fonction (arité variable, valeurs par défaut, obligation des paramètres positionnels ou nommés, etc.)",0,0.3649194241
modeliser-1.2,Déterminer les propriétés des entrées sorties d’un composant logiciel ou matériel,PYTHON-PRG-04,"Appeler une fonction (passage de paramètre posiitonnel ou nommé, tuple ou dictionnaire en paramètres effectifs, etc.)",0,0.3629717529
modeliser-1.2,Déterminer les propriétés des entrées sorties d’un composant logiciel ou matériel,PYTHON-PRG-05,"Créer des packages, modules et script",0,0.4308312833
modeliser-1.2,Déterminer les propriétés des entrées sorties d’un composant logiciel ou matériel,PYTHON-PRG-06,"Importer des modules, éléments de modules en les renommant si nécessaire",0,0.3727881312
modeliser-1.2,Déterminer les propriétés des entrées sorties d’un composant logiciel ou matériel,PYTHON-PRG-07,Comprendre l'affectation,0,0.3786708415
modeliser-1.2,Déterminer les propriétés des entrées sorties d’un composant logiciel ou matériel,PYTHON-PRG-08,Utiliser les fonctions lambda,0,0.1478177309
modeliser-1.2,Déterminer les propriétés des entrées sorties d’un composant logiciel ou matériel,PYTHON-PRG-09,"Utiliser les fonctions map, filter et comprehension de séquences",0,0.3182114363
modeliser-1.2,Déterminer les propriétés des entrées sorties d’un composant logiciel ou matériel,PYTHON-PRG-10,Utiliser l'instruction yield,0,0.1714997590
modeliser-1.2,Déterminer les propriétés des entrées sorties d’un composant logiciel ou matériel,PYTHON-POO-01,"Définir une classe (attributs, méthodes, initialiseur, etc.)",0,0.3644471765
modeliser-1.2,Déterminer les propriétés des entrées sorties d’un composant logiciel ou matériel,PYTHON-POO-02,Utiliser les propriétés,0,0.4278770089
modeliser-1.2,Déterminer les propriétés des entrées sorties d’un composant logiciel ou matériel,PYTHON-POO-03,Définir les méthodes spéciales,0,0.3169727325
modeliser-1.2,Déterminer les propriétés des entrées sorties d’un composant logiciel ou matériel,PYTHON-POO-04,Définir et utiliser les méthodes statiques et de classes,0,0.3190421462
modeliser-1.2,Déterminer les propriétés des entrées sorties d’un composant logiciel ou matériel,PYTHON-POO-05,Définir et utiliser des énumérations,0,0.2700714171
modeliser-1.2,Déterminer les propriétés des entrées sorties d’un composant logiciel ou matériel,PYTHON-POO-06,Définir et utiliser des dataclasses,0,0.2452186942
modeliser-1.2,Déterminer les propriétés des entrées sorties d’un composant logiciel ou matériel,PYTHON-POO-07,Définir et utiliser des classes abstraites et des protocoles,0,0.3293441534
modeliser-1.2,Déterminer les propriétés des entrées sorties d’un composant logiciel ou matériel,PYTHON-POO-08,Définir et utiliser des exceptions,0,0.2131576687
modeliser-1.2,Déterminer les propriétés des entrées sorties d’un composant logiciel ou matériel,PYTHON-POO-09,Définir et utiliser des gestionnaires de contexte,0,0.2867187262
modeliser-1.2,Déterminer les propriétés des entrées sorties d’un composant logiciel ou matériel,PYTHON-POO-10,Utiliser des flux,0,0.2703875005
modeliser-1.2,Déterminer les propriétés des entrées sorties d’un composant logiciel ou matériel,PYTHON-DEV-01,Dissocier Python du Système d'exploitation (pyenv),0,0.2588060498
modeliser-1.2,Déterminer les propriétés des entrées sorties d’un composant logiciel ou matériel,PYTHON-DEV-02,Gérer les dépendances,0,0.2311754227
modeliser-1.2,Déterminer les propriétés des entrées sorties d’un composant logiciel ou matériel,PYTHON-DEV-03,Céer et utiliser les tests unitaires,0,0.3147763610
modeliser-1.2,Déterminer les propriétés des entrées sorties d’un composant logiciel ou matériel,PYTHON-DEV-04,Utiliser les logs,0,0.2070464194
modeliser-1.2,Déterminer les propriétés des entrées sorties d’un composant logiciel ou matériel,PYTHON-DEV-05,Utiliser le annotations,0,0.2122764438
modeliser-1.2,Déterminer les propriétés des entrées sorties d’un composant logiciel ou matériel,PYTHON-DEV-06,Réaliser une audit statique de code,0,0.3427315652
modeliser-1.2,Déterminer les propriétés des entrées sorties d’un composant logiciel ou matériel,PYTHON-ARC-01,Créer des décorateurs,0,0.3359400928
modeliser-1.2,Déterminer les propriétés des entrées sorties d’un composant logiciel ou matériel,PYTHON-ARC-02,Créer et utiliser des métaclasses,0,0.1855559796
modeliser-1.2,Déterminer les propriétés des entrées sorties d’un composant logiciel ou matériel,PYTHON-ARC-03,Controler l'accès aux attributs,0,0.2897074521
modeliser-1.2,Déterminer les propriétés des entrées sorties d’un composant logiciel ou matériel,PYTHON-ARC-04,Créer et utiliser des coroutines,0,0.2572774291
modeliser-1.3,Déterminer la famille d’algorithmes à utiliser au regard des données numériques ou symboliques à traiter,PYTHON-PRG-01,"Choisir et utiliser les types de bases (bool, int, float, complex, list, etc.)",0,0.4500190914
modeliser-1.3,Déterminer la famille d’algorithmes à utiliser au regard des données numériques ou symboliques à traiter,PYTHON-PRG-02,"Utiliser les structures de contrôle (if, for, while, etc.)",0,0.4246718884
modeliser-1.3,Déterminer la famille d’algorithmes à utiliser au regard des données numériques ou symboliques à traiter,PYTHON-PRG-03,"Définir une fonction (arité variable, valeurs par défaut, obligation des paramètres positionnels ou nommés, etc.)",0,0.3671484590
modeliser-1.3,Déterminer la famille d’algorithmes à utiliser au regard des données numériques ou symboliques à traiter,PYTHON-PRG-04,"Appeler une fonction (passage de paramètre posiitonnel ou nommé, tuple ou dictionnaire en paramètres effectifs, etc.)",0,0.4255166352
modeliser-1.3,Déterminer la famille d’algorithmes à utiliser au regard des données numériques ou symboliques à traiter,PYTHON-PRG-05,"Créer des packages, modules et script",0,0.3186170161
modeliser-1.3,Déterminer la famille d’algorithmes à utiliser au regard des données numériques ou symboliques à traiter,PYTHON-PRG-06,"Importer des modules, éléments de modules en les renommant si nécessaire",0,0.3218414187
modeliser-1.3,Déterminer la famille d’algorithmes à utiliser au regard des données numériques ou symboliques à traiter,PYTHON-PRG-07,Comprendre l'affectation,0,0.3213903606
modeliser-1.3,Déterminer la famille d’algorithmes à utiliser au regard des données numériques ou symboliques à traiter,PYTHON-PRG-08,Utiliser les fonctions lambda,0,0.3083840311
modeliser-1.3,Déterminer la famille d’algorithmes à utiliser au regard des données numériques ou symboliques à traiter,PYTHON-PRG-09,"Utiliser les fonctions map, filter et comprehension de séquences",0,0.3657518029
modeliser-1.3,Déterminer la famille d’algorithmes à utiliser au regard des données numériques ou symboliques à traiter,PYTHON-PRG-10,Utiliser l'instruction yield,0,0.2922073305
modeliser-1.3,Déterminer la famille d’algorithmes à utiliser au regard des données numériques ou symboliques à traiter,PYTHON-POO-01,"Définir une classe (attributs, méthodes, initialiseur, etc.)",0,0.4163315892
modeliser-1.3,Déterminer la famille d’algorithmes à utiliser au regard des données numériques ou symboliques à traiter,PYTHON-POO-02,Utiliser les propriétés,0,0.3709092140
modeliser-1.3,Déterminer la famille d’algorithmes à utiliser au regard des données numériques ou symboliques à traiter,PYTHON-POO-03,Définir les méthodes spéciales,0,0.3524854779
modeliser-1.3,Déterminer la famille d’algorithmes à utiliser au regard des données numériques ou symboliques à traiter,PYTHON-POO-04,Définir et utiliser les méthodes statiques et de classes,0,0.4101745784
modeliser-1.3,Déterminer la famille d’algorithmes à utiliser au regard des données numériques ou symboliques à traiter,PYTHON-POO-05,Définir et utiliser des énumérations,0,0.3784804344
modeliser-1.3,Déterminer la famille d’algorithmes à utiliser au regard des données numériques ou symboliques à traiter,PYTHON-POO-06,Définir et utiliser des dataclasses,0,0.5627667904
modeliser-1.3,Déterminer la famille d’algorithmes à utiliser au regard des données numériques ou symboliques à traiter,PYTHON-POO-07,Définir et utiliser des classes abstraites et des protocoles,0,0.4245291352
modeliser-1.3,Déterminer la famille d’algorithmes à utiliser au regard des données numériques ou symboliques à traiter,PYTHON-POO-08,Définir et utiliser des exceptions,0,0.3217472434
modeliser-1.3,Déterminer la famille d’algorithmes à utiliser au regard des données numériques ou symboliques à traiter,PYTHON-POO-09,Définir et utiliser des gestionnaires de contexte,0,0.3219094276
modeliser-1.3,Déterminer la famille d’algorithmes à utiliser au regard des données numériques ou symboliques à traiter,PYTHON-POO-10,Utiliser des flux,0,0.2897047102
modeliser-1.3,Déterminer la famille d’algorithmes à utiliser au regard des données numériques ou symboliques à traiter,PYTHON-DEV-01,Dissocier Python du Système d'exploitation (pyenv),0,0.2236499041
modeliser-1.3,Déterminer la famille d’algorithmes à utiliser au regard des données numériques ou symboliques à traiter,PYTHON-DEV-02,Gérer les dépendances,0,0.1481211483
modeliser-1.3,Déterminer la famille d’algorithmes à utiliser au regard des données numériques ou symboliques à traiter,PYTHON-DEV-03,Céer et utiliser les tests unitaires,0,0.3781723380
modeliser-1.3,Déterminer la famille d’algorithmes à utiliser au regard des données numériques ou symboliques à traiter,PYTHON-DEV-04,Utiliser les logs,0,0.3663305044
modeliser-1.3,Déterminer la famille d’algorithmes à utiliser au regard des données numériques ou symboliques à traiter,PYTHON-DEV-05,Utiliser le annotations,0,0.4059582353
modeliser-1.3,Déterminer la famille d’algorithmes à utiliser au regard des données numériques ou symboliques à traiter,PYTHON-DEV-06,Réaliser une audit statique de code,0,0.3964545727
modeliser-1.3,Déterminer la famille d’algorithmes à utiliser au regard des données numériques ou symboliques à traiter,PYTHON-ARC-01,Créer des décorateurs,0,0.2998500764
modeliser-1.3,Déterminer la famille d’algorithmes à utiliser au regard des données numériques ou symboliques à traiter,PYTHON-ARC-02,Créer et utiliser des métaclasses,0,0.5033868551
modeliser-1.3,Déterminer la famille d’algorithmes à utiliser au regard des données numériques ou symboliques à traiter,PYTHON-ARC-03,Controler l'accès aux attributs,0,0.3105401397
modeliser-1.3,Déterminer la famille d’algorithmes à utiliser au regard des données numériques ou symboliques à traiter,PYTHON-ARC-04,Créer et utiliser des coroutines,0,0.2849066556
modeliser-1.4,Identifier le rôle des composants d’un ordinateur ou des systèmes électroniques,PYTHON-PRG-01,"Choisir et utiliser les types de bases (bool, int, float, complex, list, etc.)",0,0.3783225417
modeliser-1.4,Identifier le rôle des composants d’un ordinateur ou des systèmes électroniques,PYTHON-PRG-02,"Utiliser les structures de contrôle (if, for, while, etc.)",0,0.4002152085
modeliser-1.4,Identifier le rôle des composants d’un ordinateur ou des systèmes électroniques,PYTHON-PRG-03,"Définir une fonction (arité variable, valeurs par défaut, obligation des paramètres positionnels ou nommés, etc.)",0,0.2727348208
modeliser-1.4,Identifier le rôle des composants d’un ordinateur ou des systèmes électroniques,PYTHON-PRG-04,"Appeler une fonction (passage de paramètre posiitonnel ou nommé, tuple ou dictionnaire en paramètres effectifs, etc.)",0,0.3136156797
modeliser-1.4,Identifier le rôle des composants d’un ordinateur ou des systèmes électroniques,PYTHON-PRG-05,"Créer des packages, modules et script",0,0.3881760240
modeliser-1.4,Identifier le rôle des composants d’un ordinateur ou des systèmes électroniques,PYTHON-PRG-06,"Importer des modules, éléments de modules en les renommant si nécessaire",0,0.3153430521
modeliser-1.4,Identifier le rôle des composants d’un ordinateur ou des systèmes électroniques,PYTHON-PRG-07,Comprendre l'affectation,0,0.3642397821
modeliser-1.4,Identifier le rôle des composants d’un ordinateur ou des systèmes électroniques,PYTHON-PRG-08,Utiliser les fonctions lambda,0,0.1624372602
modeliser-1.4,Identifier le rôle des composants d’un ordinateur ou des systèmes électroniques,PYTHON-PRG-09,"Utiliser les fonctions map, filter et comprehension de séquences",0,0.2797613144
modeliser-1.4,Identifier le rôle des composants d’un ordinateur ou des systèmes électroniques,PYTHON-PRG-10,Utiliser l'instruction yield,0,0.2126018703
modeliser-1.4,Identifier le rôle des composants d’un ordinateur ou des systèmes électroniques,PYTHON-POO-01,"Définir une classe (attributs, méthodes, initialiseur, etc.)",0,0.4017394781
modeliser-1.4,Identifier le rôle des composants d’un ordinateur ou des systèmes électroniques,PYTHON-POO-02,Utiliser les propriétés,0,0.2630280256
modeliser-1.4,Identifier le rôle des composants d’un ordinateur ou des systèmes électroniques,PYTHON-POO-03,Définir les méthodes spéciales,0,0.3026535809
modeliser-1.4,Identifier le rôle des composants d’un ordinateur ou des systèmes électroniques,PYTHON-POO-04,Définir et utiliser les méthodes statiques et de classes,0,0.2947554588
modeliser-1.4,Identifier le rôle des composants d’un ordinateur ou des systèmes électroniques,PYTHON-POO-05,Définir et utiliser des énumérations,0,0.2601069212
modeliser-1.4,Identifier le rôle des composants d’un ordinateur ou des systèmes électroniques,PYTHON-POO-06,Définir et utiliser des dataclasses,0,0.2759940028
modeliser-1.4,Identifier le rôle des composants d’un ordinateur ou des systèmes électroniques,PYTHON-POO-07,Définir et utiliser des classes abstraites et des protocoles,0,0.3288879693
modeliser-1.4,Identifier le rôle des composants d’un ordinateur ou des systèmes électroniques,PYTHON-POO-08,Définir et utiliser des exceptions,0,0.1723565459
modeliser-1.4,Identifier le rôle des composants d’un ordinateur ou des systèmes électroniques,PYTHON-POO-09,Définir et utiliser des gestionnaires de contexte,0,0.3345859945
modeliser-1.4,Identifier le rôle des composants d’un ordinateur ou des systèmes électroniques,PYTHON-POO-10,Utiliser des flux,0,0.1448451579
modeliser-1.4,Identifier le rôle des composants d’un ordinateur ou des systèmes électroniques,PYTHON-DEV-01,Dissocier Python du Système d'exploitation (pyenv),0,0.2868831158
modeliser-1.4,Identifier le rôle des composants d’un ordinateur ou des systèmes électroniques,PYTHON-DEV-02,Gérer les dépendances,0,0.2703382969
modeliser-1.4,Identifier le rôle des composants d’un ordinateur ou des systèmes électroniques,PYTHON-DEV-03,Céer et utiliser les tests unitaires,0,0.3768066764
modeliser-1.4,Identifier le rôle des composants d’un ordinateur ou des systèmes électroniques,PYTHON-DEV-04,Utiliser les logs,0,0.2755084634
modeliser-1.4,Identifier le rôle des composants d’un ordinateur ou des systèmes électroniques,PYTHON-DEV-05,Utiliser le annotations,0,0.2347480357
modeliser-1.4,Identifier le rôle des composants d’un ordinateur ou des systèmes électroniques,PYTHON-DEV-06,Réaliser une audit statique de code,0,0.2495958954
modeliser-1.4,Identifier le rôle des composants d’un ordinateur ou des systèmes électroniques,PYTHON-ARC-01,Créer des décorateurs,0,0.3300204575
modeliser-1.4,Identifier le rôle des composants d’un ordinateur ou des systèmes électroniques,PYTHON-ARC-02,Créer et utiliser des métaclasses,0,0.1882799864
modeliser-1.4,Identifier le rôle des composants d’un ordinateur ou des systèmes électroniques,PYTHON-ARC-03,Controler l'accès aux attributs,0,0.2032469809
modeliser-1.4,Identifier le rôle des composants d’un ordinateur ou des systèmes électroniques,PYTHON-ARC-04,Créer et utiliser des coroutines,0,0.1829996705
modeliser-2.1,Analyser les données numériques et symboliques du problème,PYTHON-PRG-01,"Choisir et utiliser les types de bases (bool, int, float, complex, list, etc.)",0,0.2870102227
modeliser-2.1,Analyser les données numériques et symboliques du problème,PYTHON-PRG-02,"Utiliser les structures de contrôle (if, for, while, etc.)",0,0.3083848953
modeliser-2.1,Analyser les données numériques et symboliques du problème,PYTHON-PRG-03,"Définir une fonction (arité variable, valeurs par défaut, obligation des paramètres positionnels ou nommés, etc.)",0,0.3149092495
modeliser-2.1,Analyser les données numériques et symboliques du problème,PYTHON-PRG-04,"Appeler une fonction (passage de paramètre posiitonnel ou nommé, tuple ou dictionnaire en paramètres effectifs, etc.)",0,0.2950386703
modeliser-2.1,Analyser les données numériques et symboliques du problème,PYTHON-PRG-05,"Créer des packages, modules et script",0,0.2504277825
modeliser-2.1,Analyser les données numériques et symboliques du problème,PYTHON-PRG-06,"Importer des modules, éléments de modules en les renommant si nécessaire",0,0.2090491652
modeliser-2.1,Analyser les données numériques et symboliques du problème,PYTHON-PRG-07,Comprendre l'affectation,0,0.2348942757
modeliser-2.1,Analyser les données numériques et symboliques du problème,PYTHON-PRG-08,Utiliser les fonctions lambda,0,0.1490191370
modeliser-2.1,Analyser les données numériques et symboliques du problème,PYTHON-PRG-09,"Utiliser les fonctions map, filter et comprehension de séquences",0,0.3169271946
modeliser-2.1,Analyser les données numériques et symboliques du problème,PYTHON-PRG-10,Utiliser l'instruction yield,0,0.1692911685
modeliser-2.1,Analyser les données numériques et symboliques du problème,PYTHON-POO-01,"Définir une classe (attributs, méthodes, initialiseur, etc.)",0,0.3182078004
modeliser-2.1,Analyser les données numériques et symboliques du problème,PYTHON-POO-02,Utiliser les propriétés,0,0.1827288866
modeliser-2.1,Analyser les données numériques et symboliques du problème,PYTHON-POO-03,Définir les méthodes spéciales,0,0.2687363625
modeliser-2.1,Analyser les données numériques et symboliques du problème,PYTHON-POO-04,Définir et utiliser les méthodes statiques et de classes,0,0.2798409760
modeliser-2.1,Analyser les données numériques et symboliques du problème,PYTHON-POO-05,Définir et utiliser des énumérations,0,0.2421296537
modeliser-2.1,Analyser les données numériques et symboliques du problème,PYTHON-POO-06,Définir et utiliser des dataclasses,0,0.3904650807
modeliser-2.1,Analyser les données numériques et symboliques du problème,PYTHON-POO-07,Définir et utiliser des classes abstraites et des protocoles,0,0.3064071834
modeliser-2.1,Analyser les données numériques et symboliques du problème,PYTHON-POO-08,Définir et utiliser des exceptions,0,0.2518501878
modeliser-2.1,Analyser les données numériques et symboliques du problème,PYTHON-POO-09,Définir et utiliser des gestionnaires de contexte,0,0.3468006253
modeliser-2.1,Analyser les données numériques et symboliques du problème,PYTHON-POO-10,Utiliser des flux,0,0.0649231449
modeliser-2.1,Analyser les données numériques et symboliques du problème,PYTHON-DEV-01,Dissocier Python du Système d'exploitation (pyenv),0,0.1989017129
modeliser-2.1,Analyser les données numériques et symboliques du problème,PYTHON-DEV-02,Gérer les dépendances,0,0.1407442391
modeliser-2.1,Analyser les données numériques et symboliques du problème,PYTHON-DEV-03,Céer et utiliser les tests unitaires,0,0.2870427370
modeliser-2.1,Analyser les données numériques et symboliques du problème,PYTHON-DEV-04,Utiliser les logs,0,0.1794437915
modeliser-2.1,Analyser les données numériques et symboliques du problème,PYTHON-DEV-05,Utiliser le annotations,0,0.3072679341
modeliser-2.1,Analyser les données numériques et symboliques du problème,PYTHON-DEV-06,Réaliser une audit statique de code,0,0.4463156462
modeliser-2.1,Analyser les données numériques et symboliques du problème,PYTHON-ARC-01,Créer des décorateurs,0,0.2092702091
modeliser-2.1,Analyser les données numériques et symboliques du problème,PYTHON-ARC-02,Créer et utiliser des métaclasses,0,0.1854115427
modeliser-2.1,Analyser les données numériques et symboliques du problème,PYTHON-ARC-03,Controler l'accès aux attributs,0,0.3142766953
modeliser-2.1,Analyser les données numériques et symboliques du problème,PYTHON-ARC-04,Créer et utiliser des coroutines,0,0.1639884412
modeliser-2.2,Comparer les différentes représentations numériques et symboliques des données,PYTHON-PRG-01,"Choisir et utiliser les types de bases (bool, int, float, complex, list, etc.)",0,0.2977710962
modeliser-2.2,Comparer les différentes représentations numériques et symboliques des données,PYTHON-PRG-02,"Utiliser les structures de contrôle (if, for, while, etc.)",0,0.2394880354
modeliser-2.2,Comparer les différentes représentations numériques et symboliques des données,PYTHON-PRG-03,"Définir une fonction (arité variable, valeurs par défaut, obligation des paramètres positionnels ou nommés, etc.)",0,0.3282800019
modeliser-2.2,Comparer les différentes représentations numériques et symboliques des données,PYTHON-PRG-04,"Appeler une fonction (passage de paramètre posiitonnel ou nommé, tuple ou dictionnaire en paramètres effectifs, etc.)",0,0.3419634998
modeliser-2.2,Comparer les différentes représentations numériques et symboliques des données,PYTHON-PRG-05,"Créer des packages, modules et script",0,0.2305852175
modeliser-2.2,Comparer les différentes représentations numériques et symboliques des données,PYTHON-PRG-06,"Importer des modules, éléments de modules en les renommant si nécessaire",0,0.2889732122
modeliser-2.2,Comparer les différentes représentations numériques et symboliques des données,PYTHON-PRG-07,Comprendre l'affectation,0,0.2954379916
modeliser-2.2,Comparer les différentes représentations numériques et symboliques des données,PYTHON-PRG-08,Utiliser les fonctions lambda,0,0.1433197111
modeliser-2.2,Comparer les différentes représentations numériques et symboliques des données,PYTHON-PRG-09,"Utiliser les fonctions map, filter et comprehension de séquences",0,0.3902266622
modeliser-2.2,Comparer les différentes représentations numériques et symboliques des données,PYTHON-PRG-10,Utiliser l'instruction yield,0,0.1527191848
modeliser-2.2,Comparer les différentes représentations numériques et symboliques des données,PYTHON-POO-01,"Définir une classe (attributs, méthodes, initialiseur, etc.)",0,0.3284891546
modeliser-2.2,Comparer les différentes représentations numériques et symboliques des données,PYTHON-POO-02,Utiliser les propriétés,0,0.2673977315
modeliser-2.2,Comparer les différentes représentations numériques et symboliques des données,PYTHON-POO-03,Définir les méthodes spéciales,0,0.1799380481
modeliser-2.2,Comparer les différentes représentations numériques et symboliques des données,PYTHON-POO-04,Définir et utiliser les méthodes statiques et de classes,0,0.2752394080
modeliser-2.2,Comparer les différentes représentations numériques et symboliques des données,PYTHON-POO-05,Définir et utiliser des énumérations,0,0.2111376673
modeliser-2.2,Comparer les différentes représentations numériques et symboliques des données,PYTHON-POO-06,Définir et utiliser des dataclasses,0,0.4422870874
modeliser-2.2,Comparer les différentes représentations numériques et symboliques des données,PYTHON-POO-07,Définir et utiliser des classes abstraites et des protocoles,0,0.2944285870
modeliser-2.2,Comparer les différentes représentations numériques et symboliques des données,PYTHON-POO-08,Définir et utiliser des exceptions,0,0.1941865385
modeliser-2.2,Comparer les différentes représentations numériques et symboliques des données,PYTHON-POO-09,Définir et utiliser des gestionnaires de contexte,0,0.2043333054
modeliser-2.2,Comparer les différentes représentations numériques et symboliques des données,PYTHON-POO-10,Utiliser des flux,0,0.0781295896
modeliser-2.2,Comparer les différentes représentations numériques et symboliques des données,PYTHON-DEV-01,Dissocier Python du Système d'exploitation (pyenv),0,0.2258014679
modeliser-2.2,Comparer les différentes représentations numériques et symboliques des données,PYTHON-DEV-02,Gérer les dépendances,0,0.1145710275
modeliser-2.2,Comparer les différentes représentations numériques et symboliques des données,PYTHON-DEV-03,Céer et utiliser les tests unitaires,0,0.2355160117
modeliser-2.2,Comparer les différentes représentations numériques et symboliques des données,PYTHON-DEV-04,Utiliser les logs,0,0.2717795968
modeliser-2.2,Comparer les différentes représentations numériques et symboliques des données,PYTHON-DEV-05,Utiliser le annotations,0,0.2709693909
modeliser-2.2,Comparer les différentes représentations numériques et symboliques des données,PYTHON-DEV-06,Réaliser une audit statique de code,0,0.3198361397
modeliser-2.2,Comparer les différentes représentations numériques et symboliques des données,PYTHON-ARC-01,Créer des décorateurs,0,0.2162023634
modeliser-2.2,Comparer les différentes représentations numériques et symboliques des données,PYTHON-ARC-02,Créer et utiliser des métaclasses,0,0.2732092738
modeliser-2.2,Comparer les différentes représentations numériques et symboliques des données,PYTHON-ARC-03,Controler l'accès aux attributs,0,0.2253794670
modeliser-2.2,Comparer les différentes représentations numériques et symboliques des données,PYTHON-ARC-04,Créer et utiliser des coroutines,0,0.0919656605
modeliser-2.3,Représenter dans le paradigme de la programmation orienté objet aussi bien les données que les fonctionnalités du problème,PYTHON-PRG-01,"Choisir et utiliser les types de bases (bool, int, float, complex, list, etc.)",0,0.4302735329
modeliser-2.3,Représenter dans le paradigme de la programmation orienté objet aussi bien les données que les fonctionnalités du problème,PYTHON-PRG-02,"Utiliser les structures de contrôle (if, for, while, etc.)",0,0.3694666028
modeliser-2.3,Représenter dans le paradigme de la programmation orienté objet aussi bien les données que les fonctionnalités du problème,PYTHON-PRG-03,"Définir une fonction (arité variable, valeurs par défaut, obligation des paramètres positionnels ou nommés, etc.)",0,0.4258041382
modeliser-2.3,Représenter dans le paradigme de la programmation orienté objet aussi bien les données que les fonctionnalités du problème,PYTHON-PRG-04,"Appeler une fonction (passage de paramètre posiitonnel ou nommé, tuple ou dictionnaire en paramètres effectifs, etc.)",0,0.4068367779
modeliser-2.3,Représenter dans le paradigme de la programmation orienté objet aussi bien les données que les fonctionnalités du problème,PYTHON-PRG-05,"Créer des packages, modules et script",0,0.3225170970
modeliser-2.3,Représenter dans le paradigme de la programmation orienté objet aussi bien les données que les fonctionnalités du problème,PYTHON-PRG-06,"Importer des modules, éléments de modules en les renommant si nécessaire",0,0.3860409856
modeliser-2.3,Représenter dans le paradigme de la programmation orienté objet aussi bien les données que les fonctionnalités du problème,PYTHON-PRG-07,Comprendre l'affectation,0,0.2380997390
modeliser-2.3,Représenter dans le paradigme de la programmation orienté objet aussi bien les données que les fonctionnalités du problème,PYTHON-PRG-08,Utiliser les fonctions lambda,0,0.2909839153
modeliser-2.3,Représenter dans le paradigme de la programmation orienté objet aussi bien les données que les fonctionnalités du problème,PYTHON-PRG-09,"Utiliser les fonctions map, filter et comprehension de séquences",0,0.4099239111
modeliser-2.3,Représenter dans le paradigme de la programmation orienté objet aussi bien les données que les fonctionnalités du problème,PYTHON-PRG-10,Utiliser l'instruction yield,0,0.2245635241
modeliser-2.3,Représenter dans le paradigme de la programmation orienté objet aussi bien les données que les fonctionnalités du problème,PYTHON-POO-01,"Définir une classe (attributs, méthodes, initialiseur, etc.)",0,0.3812220097
modeliser-2.3,Représenter dans le paradigme de la programmation orienté objet aussi bien les données que les fonctionnalités du problème,PYTHON-POO-02,Utiliser les propriétés,0,0.2535687089
modeliser-2.3,Représenter dans le paradigme de la programmation orienté objet aussi bien les données que les fonctionnalités du problème,PYTHON-POO-03,Définir les méthodes spéciales,0,0.3784631193
modeliser-2.3,Représenter dans le paradigme de la programmation orienté objet aussi bien les données que les fonctionnalités du problème,PYTHON-POO-04,Définir et utiliser les méthodes statiques et de classes,0,0.3918834627
modeliser-2.3,Représenter dans le paradigme de la programmation orienté objet aussi bien les données que les fonctionnalités du problème,PYTHON-POO-05,Définir et utiliser des énumérations,0,0.3112189770
modeliser-2.3,Représenter dans le paradigme de la programmation orienté objet aussi bien les données que les fonctionnalités du problème,PYTHON-POO-06,Définir et utiliser des dataclasses,0,0.4424028695
modeliser-2.3,Représenter dans le paradigme de la programmation orienté objet aussi bien les données que les fonctionnalités du problème,PYTHON-POO-07,Définir et utiliser des classes abstraites et des protocoles,0,0.3970024884
modeliser-2.3,Représenter dans le paradigme de la programmation orienté objet aussi bien les données que les fonctionnalités du problème,PYTHON-POO-08,Définir et utiliser des exceptions,0,0.2681814134
modeliser-2.3,Représenter dans le paradigme de la programmation orienté objet aussi bien les données que les fonctionnalités du problème,PYTHON-POO-09,Définir et utiliser des gestionnaires de contexte,0,0.4091773033
modeliser-2.3,Représenter dans le paradigme de la programmation orienté objet aussi bien les données que les fonctionnalités du problème,PYTHON-POO-10,Utiliser des flux,0,0.1030013263
modeliser-2.3,Représenter dans le paradigme de la programmation orienté objet aussi bien les données que les fonctionnalités du problème,PYTHON-DEV-01,Dissocier Python du Système d'exploitation (pyenv),0,0.3675237298
modeliser-2.3,Représenter dans le paradigme de la programmation orienté objet aussi bien les données que les fonctionnalités du problème,PYTHON-DEV-02,Gérer les dépendances,0,0.1930446923
modeliser-2.3,Représenter dans le paradigme de la programmation orienté objet aussi bien les données que les fonctionnalités du problème,PYTHON-DEV-03,Céer et utiliser les tests unitaires,0,0.2172776461
modeliser-2.3,Représenter dans le paradigme de la programmation orienté objet aussi bien les données que les fonctionnalités du problème,PYTHON-DEV-04,Utiliser les logs,0,0.2257395089
modeliser-2.3,Représenter dans le paradigme de la programmation orienté objet aussi bien les données que les fonctionnalités du problème,PYTHON-DEV-05,Utiliser le annotations,0,0.2705249786
modeliser-2.3,Représenter dans le paradigme de la programmation orienté objet aussi bien les données que les fonctionnalités du problème,PYTHON-DEV-06,Réaliser une audit statique de code,0,0.3012136221
modeliser-2.3,Représenter dans le paradigme de la programmation orienté objet aussi bien les données que les fonctionnalités du problème,PYTHON-ARC-01,Créer des décorateurs,0,0.3830107152
modeliser-2.3,Représenter dans le paradigme de la programmation orienté objet aussi bien les données que les fonctionnalités du problème,PYTHON-ARC-02,Créer et utiliser des métaclasses,0,0.3738037348
modeliser-2.3,Représenter dans le paradigme de la programmation orienté objet aussi bien les données que les fonctionnalités du problème,PYTHON-ARC-03,Controler l'accès aux attributs,0,0.2085818052
modeliser-2.3,Représenter dans le paradigme de la programmation orienté objet aussi bien les données que les fonctionnalités du problème,PYTHON-ARC-04,Créer et utiliser des coroutines,0,0.2082389891
modeliser-2.4,Identifier le fonctionnement et les différentes implantations des composants d’un ordinateur ou des systèmes électroniques,PYTHON-PRG-01,"Choisir et utiliser les types de bases (bool, int, float, complex, list, etc.)",0,0.4071039557
modeliser-2.4,Identifier le fonctionnement et les différentes implantations des composants d’un ordinateur ou des systèmes électroniques,PYTHON-PRG-02,"Utiliser les structures de contrôle (if, for, while, etc.)",0,0.3806237578
modeliser-2.4,Identifier le fonctionnement et les différentes implantations des composants d’un ordinateur ou des systèmes électroniques,PYTHON-PRG-03,"Définir une fonction (arité variable, valeurs par défaut, obligation des paramètres positionnels ou nommés, etc.)",0,0.3168554604
modeliser-2.4,Identifier le fonctionnement et les différentes implantations des composants d’un ordinateur ou des systèmes électroniques,PYTHON-PRG-04,"Appeler une fonction (passage de paramètre posiitonnel ou nommé, tuple ou dictionnaire en paramètres effectifs, etc.)",0,0.3380001485
modeliser-2.4,Identifier le fonctionnement et les différentes implantations des composants d’un ordinateur ou des systèmes électroniques,PYTHON-PRG-05,"Créer des packages, modules et script",0,0.3892540634
modeliser-2.4,Identifier le fonctionnement et les différentes implantations des composants d’un ordinateur ou des systèmes électroniques,PYTHON-PRG-06,"Importer des modules, éléments de modules en les renommant si nécessaire",0,0.3638561964
modeliser-2.4,Identifier le fonctionnement et les différentes implantations des composants d’un ordinateur ou des systèmes électroniques,PYTHON-PRG-07,Comprendre l'affectation,0,0.4434193373
modeliser-2.4,Identifier le fonctionnement et les différentes implantations des composants d’un ordinateur ou des systèmes électroniques,PYTHON-PRG-08,Utiliser les fonctions lambda,0,0.1997047663
modeliser-2.4,Identifier le fonctionnement et les différentes implantations des composants d’un ordinateur ou des systèmes électroniques,PYTHON-PRG-09,"Utiliser les fonctions map, filter et comprehension de séquences",0,0.3369826972
modeliser-2.4,Identifier le fonctionnement et les différentes implantations des composants d’un ordinateur ou des systèmes électroniques,PYTHON-PRG-10,Utiliser l'instruction yield,0,0.1608359069
modeliser-2.4,Identifier le fonctionnement et les différentes implantations des composants d’un ordinateur ou des systèmes électroniques,PYTHON-POO-01,"Définir une classe (attributs, méthodes, initialiseur, etc.)",0,0.3504791558
modeliser-2.4,Identifier le fonctionnement et les différentes implantations des composants d’un ordinateur ou des systèmes électroniques,PYTHON-POO-02,Utiliser les propriétés,0,0.1671195030
modeliser-2.4,Identifier le fonctionnement et les différentes implantations des composants d’un ordinateur ou des systèmes électroniques,PYTHON-POO-03,Définir les méthodes spéciales,0,0.3044263721
modeliser-2.4,Identifier le fonctionnement et les différentes implantations des composants d’un ordinateur ou des systèmes électroniques,PYTHON-POO-04,Définir et utiliser les méthodes statiques et de classes,0,0.3093549907
modeliser-2.4,Identifier le fonctionnement et les différentes implantations des composants d’un ordinateur ou des systèmes électroniques,PYTHON-POO-05,Définir et utiliser des énumérations,0,0.3026686311
modeliser-2.4,Identifier le fonctionnement et les différentes implantations des composants d’un ordinateur ou des systèmes électroniques,PYTHON-POO-06,Définir et utiliser des dataclasses,0,0.2949706316
modeliser-2.4,Identifier le fonctionnement et les différentes implantations des composants d’un ordinateur ou des systèmes électroniques,PYTHON-POO-07,Définir et utiliser des classes abstraites et des protocoles,0,0.3105472326
modeliser-2.4,Identifier le fonctionnement et les différentes implantations des composants d’un ordinateur ou des systèmes électroniques,PYTHON-POO-08,Définir et utiliser des exceptions,0,0.2736243904
modeliser-2.4,Identifier le fonctionnement et les différentes implantations des composants d’un ordinateur ou des systèmes électroniques,PYTHON-POO-09,Définir et utiliser des gestionnaires de contexte,0,0.3140607178
modeliser-2.4,Identifier le fonctionnement et les différentes implantations des composants d’un ordinateur ou des systèmes électroniques,PYTHON-POO-10,Utiliser des flux,0,0.1492701173
modeliser-2.4,Identifier le fonctionnement et les différentes implantations des composants d’un ordinateur ou des systèmes électroniques,PYTHON-DEV-01,Dissocier Python du Système d'exploitation (pyenv),0,0.3229121566
modeliser-2.4,Identifier le fonctionnement et les différentes implantations des composants d’un ordinateur ou des systèmes électroniques,PYTHON-DEV-02,Gérer les dépendances,0,0.1987597942
modeliser-2.4,Identifier le fonctionnement et les différentes implantations des composants d’un ordinateur ou des systèmes électroniques,PYTHON-DEV-03,Céer et utiliser les tests unitaires,0,0.3306521773
modeliser-2.4,Identifier le fonctionnement et les différentes implantations des composants d’un ordinateur ou des systèmes électroniques,PYTHON-DEV-04,Utiliser les logs,0,0.2136662006
modeliser-2.4,Identifier le fonctionnement et les différentes implantations des composants d’un ordinateur ou des systèmes électroniques,PYTHON-DEV-05,Utiliser le annotations,0,0.1648277938
modeliser-2.4,Identifier le fonctionnement et les différentes implantations des composants d’un ordinateur ou des systèmes électroniques,PYTHON-DEV-06,Réaliser une audit statique de code,0,0.2155231535
modeliser-2.4,Identifier le fonctionnement et les différentes implantations des composants d’un ordinateur ou des systèmes électroniques,PYTHON-ARC-01,Créer des décorateurs,0,0.3493592441
modeliser-2.4,Identifier le fonctionnement et les différentes implantations des composants d’un ordinateur ou des systèmes électroniques,PYTHON-ARC-02,Créer et utiliser des métaclasses,0,0.2750998437
modeliser-2.4,Identifier le fonctionnement et les différentes implantations des composants d’un ordinateur ou des systèmes électroniques,PYTHON-ARC-03,Controler l'accès aux attributs,0,0.1435290575
modeliser-2.4,Identifier le fonctionnement et les différentes implantations des composants d’un ordinateur ou des systèmes électroniques,PYTHON-ARC-04,Créer et utiliser des coroutines,0,0.1786841154
modeliser-3.1,Normaliser des données pour appliquer un modèle,PYTHON-PRG-01,"Choisir et utiliser les types de bases (bool, int, float, complex, list, etc.)",0,0.3253952265
modeliser-3.1,Normaliser des données pour appliquer un modèle,PYTHON-PRG-02,"Utiliser les structures de contrôle (if, for, while, etc.)",0,0.3319851756
modeliser-3.1,Normaliser des données pour appliquer un modèle,PYTHON-PRG-03,"Définir une fonction (arité variable, valeurs par défaut, obligation des paramètres positionnels ou nommés, etc.)",0,0.3666538000
modeliser-3.1,Normaliser des données pour appliquer un modèle,PYTHON-PRG-04,"Appeler une fonction (passage de paramètre posiitonnel ou nommé, tuple ou dictionnaire en paramètres effectifs, etc.)",0,0.3862167001
modeliser-3.1,Normaliser des données pour appliquer un modèle,PYTHON-PRG-05,"Créer des packages, modules et script",0,0.3354105353
modeliser-3.1,Normaliser des données pour appliquer un modèle,PYTHON-PRG-06,"Importer des modules, éléments de modules en les renommant si nécessaire",0,0.4149793983
modeliser-3.1,Normaliser des données pour appliquer un modèle,PYTHON-PRG-07,Comprendre l'affectation,0,0.3331207633
modeliser-3.1,Normaliser des données pour appliquer un modèle,PYTHON-PRG-08,Utiliser les fonctions lambda,0,0.3564494848
modeliser-3.1,Normaliser des données pour appliquer un modèle,PYTHON-PRG-09,"Utiliser les fonctions map, filter et comprehension de séquences",0,0.3765305877
modeliser-3.1,Normaliser des données pour appliquer un modèle,PYTHON-PRG-10,Utiliser l'instruction yield,0,0.2981195450
modeliser-3.1,Normaliser des données pour appliquer un modèle,PYTHON-POO-01,"Définir une classe (attributs, méthodes, initialiseur, etc.)",0,0.3362091780
modeliser-3.1,Normaliser des données pour appliquer un modèle,PYTHON-POO-02,Utiliser les propriétés,0,0.3403539956
modeliser-3.1,Normaliser des données pour appliquer un modèle,PYTHON-POO-03,Définir les méthodes spéciales,0,0.3191137314
modeliser-3.1,Normaliser des données pour appliquer un modèle,PYTHON-POO-04,Définir et utiliser les méthodes statiques et de classes,0,0.3689832687
modeliser-3.1,Normaliser des données pour appliquer un modèle,PYTHON-POO-05,Définir et utiliser des énumérations,0,0.1978433728
modeliser-3.1,Normaliser des données pour appliquer un modèle,PYTHON-POO-06,Définir et utiliser des dataclasses,0,0.4883939922
modeliser-3.1,Normaliser des données pour appliquer un modèle,PYTHON-POO-07,Définir et utiliser des classes abstraites et des protocoles,0,0.3335474730
modeliser-3.1,Normaliser des données pour appliquer un modèle,PYTHON-POO-08,Définir et utiliser des exceptions,0,0.2534325421
modeliser-3.1,Normaliser des données pour appliquer un modèle,PYTHON-POO-09,Définir et utiliser des gestionnaires de contexte,0,0.3110319972
modeliser-3.1,Normaliser des données pour appliquer un modèle,PYTHON-POO-10,Utiliser des flux,0,0.1569729894
modeliser-3.1,Normaliser des données pour appliquer un modèle,PYTHON-DEV-01,Dissocier Python du Système d'exploitation (pyenv),0,0.1877278388
modeliser-3.1,Normaliser des données pour appliquer un modèle,PYTHON-DEV-02,Gérer les dépendances,0,0.1976025403
modeliser-3.1,Normaliser des données pour appliquer un modèle,PYTHON-DEV-03,Céer et utiliser les tests unitaires,0,0.2163746357
modeliser-3.1,Normaliser des données pour appliquer un modèle,PYTHON-DEV-04,Utiliser les logs,0,0.3707805872
modeliser-3.1,Normaliser des données pour appliquer un modèle,PYTHON-DEV-05,Utiliser le annotations,0,0.3349417448
modeliser-3.1,Normaliser des données pour appliquer un modèle,PYTHON-DEV-06,Réaliser une audit statique de code,0,0.2402223200
modeliser-3.1,Normaliser des données pour appliquer un modèle,PYTHON-ARC-01,Créer des décorateurs,0,0.2516465187
modeliser-3.1,Normaliser des données pour appliquer un modèle,PYTHON-ARC-02,Créer et utiliser des métaclasses,0,0.3742449880
modeliser-3.1,Normaliser des données pour appliquer un modèle,PYTHON-ARC-03,Controler l'accès aux attributs,0,0.4163871706
modeliser-3.1,Normaliser des données pour appliquer un modèle,PYTHON-ARC-04,Créer et utiliser des coroutines,0,0.1534434557
modeliser-3.2,Caractériser les données pour en déduire le modèle,PYTHON-PRG-01,"Choisir et utiliser les types de bases (bool, int, float, complex, list, etc.)",0,0.3041778207
modeliser-3.2,Caractériser les données pour en déduire le modèle,PYTHON-PRG-02,"Utiliser les structures de contrôle (if, for, while, etc.)",0,0.3105436563
modeliser-3.2,Caractériser les données pour en déduire le modèle,PYTHON-PRG-03,"Définir une fonction (arité variable, valeurs par défaut, obligation des paramètres positionnels ou nommés, etc.)",0,0.3824032545
modeliser-3.2,Caractériser les données pour en déduire le modèle,PYTHON-PRG-04,"Appeler une fonction (passage de paramètre posiitonnel ou nommé, tuple ou dictionnaire en paramètres effectifs, etc.)",0,0.3818622828
modeliser-3.2,Caractériser les données pour en déduire le modèle,PYTHON-PRG-05,"Créer des packages, modules et script",0,0.3141524792
modeliser-3.2,Caractériser les données pour en déduire le modèle,PYTHON-PRG-06,"Importer des modules, éléments de modules en les renommant si nécessaire",0,0.3018493056
modeliser-3.2,Caractériser les données pour en déduire le modèle,PYTHON-PRG-07,Comprendre l'affectation,0,0.3087464571
modeliser-3.2,Caractériser les données pour en déduire le modèle,PYTHON-PRG-08,Utiliser les fonctions lambda,0,0.2291697413
modeliser-3.2,Caractériser les données pour en déduire le modèle,PYTHON-PRG-09,"Utiliser les fonctions map, filter et comprehension de séquences",0,0.4258265197
modeliser-3.2,Caractériser les données pour en déduire le modèle,PYTHON-PRG-10,Utiliser l'instruction yield,0,0.2740570903
modeliser-3.2,Caractériser les données pour en déduire le modèle,PYTHON-POO-01,"Définir une classe (attributs, méthodes, initialiseur, etc.)",0,0.3911912441
modeliser-3.2,Caractériser les données pour en déduire le modèle,PYTHON-POO-02,Utiliser les propriétés,0,0.2155893892
modeliser-3.2,Caractériser les données pour en déduire le modèle,PYTHON-POO-03,Définir les méthodes spéciales,0,0.3311696649
modeliser-3.2,Caractériser les données pour en déduire le modèle,PYTHON-POO-04,Définir et utiliser les méthodes statiques et de classes,0,0.3342315555
modeliser-3.2,Caractériser les données pour en déduire le modèle,PYTHON-POO-05,Définir et utiliser des énumérations,0,0.2531381249
modeliser-3.2,Caractériser les données pour en déduire le modèle,PYTHON-POO-06,Définir et utiliser des dataclasses,0,0.4269406199
modeliser-3.2,Caractériser les données pour en déduire le modèle,PYTHON-POO-07,Définir et utiliser des classes abstraites et des protocoles,0,0.3227535486
modeliser-3.2,Caractériser les données pour en déduire le modèle,PYTHON-POO-08,Définir et utiliser des exceptions,0,0.2224957645
modeliser-3.2,Caractériser les données pour en déduire le modèle,PYTHON-POO-09,Définir et utiliser des gestionnaires de contexte,0,0.3796695471
modeliser-3.2,Caractériser les données pour en déduire le modèle,PYTHON-POO-10,Utiliser des flux,0,0.0485719331
modeliser-3.2,Caractériser les données pour en déduire le modèle,PYTHON-DEV-01,Dissocier Python du Système d'exploitation (pyenv),0,0.2654289603
modeliser-3.2,Caractériser les données pour en déduire le modèle,PYTHON-DEV-02,Gérer les dépendances,0,0.2027281076
modeliser-3.2,Caractériser les données pour en déduire le modèle,PYTHON-DEV-03,Céer et utiliser les tests unitaires,0,0.2581809163
modeliser-3.2,Caractériser les données pour en déduire le modèle,PYTHON-DEV-04,Utiliser les logs,0,0.2202976346
modeliser-3.2,Caractériser les données pour en déduire le modèle,PYTHON-DEV-05,Utiliser le annotations,0,0.3276676536
modeliser-3.2,Caractériser les données pour en déduire le modèle,PYTHON-DEV-06,Réaliser une audit statique de code,0,0.3552550673
modeliser-3.2,Caractériser les données pour en déduire le modèle,PYTHON-ARC-01,Créer des décorateurs,0,0.3004529476
modeliser-3.2,Caractériser les données pour en déduire le modèle,PYTHON-ARC-02,Créer et utiliser des métaclasses,0,0.3216900527
modeliser-3.2,Caractériser les données pour en déduire le modèle,PYTHON-ARC-03,Controler l'accès aux attributs,0,0.3587481976
modeliser-3.2,Caractériser les données pour en déduire le modèle,PYTHON-ARC-04,Créer et utiliser des coroutines,0,0.1508226991
modeliser-4.1,Transformer le modèle pour obtenir une résolution acceptable,PYTHON-PRG-01,"Choisir et utiliser les types de bases (bool, int, float, complex, list, etc.)",0,0.3015907407
modeliser-4.1,Transformer le modèle pour obtenir une résolution acceptable,PYTHON-PRG-02,"Utiliser les structures de contrôle (if, for, while, etc.)",0,0.2881175280
modeliser-4.1,Transformer le modèle pour obtenir une résolution acceptable,PYTHON-PRG-03,"Définir une fonction (arité variable, valeurs par défaut, obligation des paramètres positionnels ou nommés, etc.)",0,0.2869229317
modeliser-4.1,Transformer le modèle pour obtenir une résolution acceptable,PYTHON-PRG-04,"Appeler une fonction (passage de paramètre posiitonnel ou nommé, tuple ou dictionnaire en paramètres effectifs, etc.)",0,0.3263571262
modeliser-4.1,Transformer le modèle pour obtenir une résolution acceptable,PYTHON-PRG-05,"Créer des packages, modules et script",0,0.3802558184
modeliser-4.1,Transformer le modèle pour obtenir une résolution acceptable,PYTHON-PRG-06,"Importer des modules, éléments de modules en les renommant si nécessaire",0,0.4662428796
modeliser-4.1,Transformer le modèle pour obtenir une résolution acceptable,PYTHON-PRG-07,Comprendre l'affectation,0,0.2369320393
modeliser-4.1,Transformer le modèle pour obtenir une résolution acceptable,PYTHON-PRG-08,Utiliser les fonctions lambda,0,0.1800546497
modeliser-4.1,Transformer le modèle pour obtenir une résolution acceptable,PYTHON-PRG-09,"Utiliser les fonctions map, filter et comprehension de séquences",0,0.3426132798
modeliser-4.1,Transformer le modèle pour obtenir une résolution acceptable,PYTHON-PRG-10,Utiliser l'instruction yield,0,0.1527762115
modeliser-4.1,Transformer le modèle pour obtenir une résolution acceptable,PYTHON-POO-01,"Définir une classe (attributs, méthodes, initialiseur, etc.)",0,0.3290711641
modeliser-4.1,Transformer le modèle pour obtenir une résolution acceptable,PYTHON-POO-02,Utiliser les propriétés,0,0.1113379672
modeliser-4.1,Transformer le modèle pour obtenir une résolution acceptable,PYTHON-POO-03,Définir les méthodes spéciales,0,0.3693670034
modeliser-4.1,Transformer le modèle pour obtenir une résolution acceptable,PYTHON-POO-04,Définir et utiliser les méthodes statiques et de classes,0,0.3659229279
modeliser-4.1,Transformer le modèle pour obtenir une résolution acceptable,PYTHON-POO-05,Définir et utiliser des énumérations,0,0.2650361359
modeliser-4.1,Transformer le modèle pour obtenir une résolution acceptable,PYTHON-POO-06,Définir et utiliser des dataclasses,0,0.2541763186
modeliser-4.1,Transformer le modèle pour obtenir une résolution acceptable,PYTHON-POO-07,Définir et utiliser des classes abstraites et des protocoles,0,0.2913379073
modeliser-4.1,Transformer le modèle pour obtenir une résolution acceptable,PYTHON-POO-08,Définir et utiliser des exceptions,0,0.2800981104
modeliser-4.1,Transformer le modèle pour obtenir une résolution acceptable,PYTHON-POO-09,Définir et utiliser des gestionnaires de contexte,0,0.2341738641
modeliser-4.1,Transformer le modèle pour obtenir une résolution acceptable,PYTHON-POO-10,Utiliser des flux,0,0.0879068375
modeliser-4.1,Transformer le modèle pour obtenir une résolution acceptable,PYTHON-DEV-01,Dissocier Python du Système d'exploitation (pyenv),0,0.1637593061
modeliser-4.1,Transformer le modèle pour obtenir une résolution acceptable,PYTHON-DEV-02,Gérer les dépendances,0,0.1851962358
modeliser-4.1,Transformer le modèle pour obtenir une résolution acceptable,PYTHON-DEV-03,Céer et utiliser les tests unitaires,0,0.2531558573
modeliser-4.1,Transformer le modèle pour obtenir une résolution acceptable,PYTHON-DEV-04,Utiliser les logs,0,0.1164784282
modeliser-4.1,Transformer le modèle pour obtenir une résolution acceptable,PYTHON-DEV-05,Utiliser le annotations,0,0.2434182763
modeliser-4.1,Transformer le modèle pour obtenir une résolution acceptable,PYTHON-DEV-06,Réaliser une audit statique de code,0,0.2744810581
modeliser-4.1,Transformer le modèle pour obtenir une résolution acceptable,PYTHON-ARC-01,Créer des décorateurs,0,0.2823147178
modeliser-4.1,Transformer le modèle pour obtenir une résolution acceptable,PYTHON-ARC-02,Créer et utiliser des métaclasses,0,0.4091655910
modeliser-4.1,Transformer le modèle pour obtenir une résolution acceptable,PYTHON-ARC-03,Controler l'accès aux attributs,0,0.2193790525
modeliser-4.1,Transformer le modèle pour obtenir une résolution acceptable,PYTHON-ARC-04,Créer et utiliser des coroutines,0,0.1775025427
modeliser-4.2,Transformer les données pour obtenir une résolution acceptable,PYTHON-PRG-01,"Choisir et utiliser les types de bases (bool, int, float, complex, list, etc.)",0,0.1856176704
modeliser-4.2,Transformer les données pour obtenir une résolution acceptable,PYTHON-PRG-02,"Utiliser les structures de contrôle (if, for, while, etc.)",0,0.2340138853
modeliser-4.2,Transformer les données pour obtenir une résolution acceptable,PYTHON-PRG-03,"Définir une fonction (arité variable, valeurs par défaut, obligation des paramètres positionnels ou nommés, etc.)",0,0.3260448873
modeliser-4.2,Transformer les données pour obtenir une résolution acceptable,PYTHON-PRG-04,"Appeler une fonction (passage de paramètre posiitonnel ou nommé, tuple ou dictionnaire en paramètres effectifs, etc.)",0,0.3379293382
modeliser-4.2,Transformer les données pour obtenir une résolution acceptable,PYTHON-PRG-05,"Créer des packages, modules et script",0,0.2664933801
modeliser-4.2,Transformer les données pour obtenir une résolution acceptable,PYTHON-PRG-06,"Importer des modules, éléments de modules en les renommant si nécessaire",0,0.3774155080
modeliser-4.2,Transformer les données pour obtenir une résolution acceptable,PYTHON-PRG-07,Comprendre l'affectation,0,0.2896243334
modeliser-4.2,Transformer les données pour obtenir une résolution acceptable,PYTHON-PRG-08,Utiliser les fonctions lambda,0,0.2045670599
modeliser-4.2,Transformer les données pour obtenir une résolution acceptable,PYTHON-PRG-09,"Utiliser les fonctions map, filter et comprehension de séquences",0,0.3928334117
modeliser-4.2,Transformer les données pour obtenir une résolution acceptable,PYTHON-PRG-10,Utiliser l'instruction yield,0,0.2027413547
modeliser-4.2,Transformer les données pour obtenir une résolution acceptable,PYTHON-POO-01,"Définir une classe (attributs, méthodes, initialiseur, etc.)",0,0.2952426672
modeliser-4.2,Transformer les données pour obtenir une résolution acceptable,PYTHON-POO-02,Utiliser les propriétés,0,0.2455383837
modeliser-4.2,Transformer les données pour obtenir une résolution acceptable,PYTHON-POO-03,Définir les méthodes spéciales,0,0.3188361824
modeliser-4.2,Transformer les données pour obtenir une résolution acceptable,PYTHON-POO-04,Définir et utiliser les méthodes statiques et de classes,0,0.2195557952
modeliser-4.2,Transformer les données pour obtenir une résolution acceptable,PYTHON-POO-05,Définir et utiliser des énumérations,0,0.3101631999
modeliser-4.2,Transformer les données pour obtenir une résolution acceptable,PYTHON-POO-06,Définir et utiliser des dataclasses,0,0.3970018625
modeliser-4.2,Transformer les données pour obtenir une résolution acceptable,PYTHON-POO-07,Définir et utiliser des classes abstraites et des protocoles,0,0.2188497186
modeliser-4.2,Transformer les données pour obtenir une résolution acceptable,PYTHON-POO-08,Définir et utiliser des exceptions,0,0.2951258719
modeliser-4.2,Transformer les données pour obtenir une résolution acceptable,PYTHON-POO-09,Définir et utiliser des gestionnaires de contexte,0,0.2080271840
modeliser-4.2,Transformer les données pour obtenir une résolution acceptable,PYTHON-POO-10,Utiliser des flux,0,0.1322101057
modeliser-4.2,Transformer les données pour obtenir une résolution acceptable,PYTHON-DEV-01,Dissocier Python du Système d'exploitation (pyenv),0,0.1720447838
modeliser-4.2,Transformer les données pour obtenir une résolution acceptable,PYTHON-DEV-02,Gérer les dépendances,0,0.2071512192
modeliser-4.2,Transformer les données pour obtenir une résolution acceptable,PYTHON-DEV-03,Céer et utiliser les tests unitaires,0,0.2606922388
modeliser-4.2,Transformer les données pour obtenir une résolution acceptable,PYTHON-DEV-04,Utiliser les logs,0,0.2391519248
modeliser-4.2,Transformer les données pour obtenir une résolution acceptable,PYTHON-DEV-05,Utiliser le annotations,0,0.2833599448
modeliser-4.2,Transformer les données pour obtenir une résolution acceptable,PYTHON-DEV-06,Réaliser une audit statique de code,0,0.2328359187
modeliser-4.2,Transformer les données pour obtenir une résolution acceptable,PYTHON-ARC-01,Créer des décorateurs,0,0.1990563869
modeliser-4.2,Transformer les données pour obtenir une résolution acceptable,PYTHON-ARC-02,Créer et utiliser des métaclasses,0,0.3477115035
modeliser-4.2,Transformer les données pour obtenir une résolution acceptable,PYTHON-ARC-03,Controler l'accès aux attributs,0,0.2018094063
modeliser-4.2,Transformer les données pour obtenir une résolution acceptable,PYTHON-ARC-04,Créer et utiliser des coroutines,0,0.1786908805
modeliser-4.3,Construire les modèles statistiques adaptés aux données,PYTHON-PRG-01,"Choisir et utiliser les types de bases (bool, int, float, complex, list, etc.)",0,0.3847359717
modeliser-4.3,Construire les modèles statistiques adaptés aux données,PYTHON-PRG-02,"Utiliser les structures de contrôle (if, for, while, etc.)",0,0.3299599290
modeliser-4.3,Construire les modèles statistiques adaptés aux données,PYTHON-PRG-03,"Définir une fonction (arité variable, valeurs par défaut, obligation des paramètres positionnels ou nommés, etc.)",0,0.3461180329
modeliser-4.3,Construire les modèles statistiques adaptés aux données,PYTHON-PRG-04,"Appeler une fonction (passage de paramètre posiitonnel ou nommé, tuple ou dictionnaire en paramètres effectifs, etc.)",0,0.2943906486
modeliser-4.3,Construire les modèles statistiques adaptés aux données,PYTHON-PRG-05,"Créer des packages, modules et script",0,0.4057027102
modeliser-4.3,Construire les modèles statistiques adaptés aux données,PYTHON-PRG-06,"Importer des modules, éléments de modules en les renommant si nécessaire",0,0.4050701857
modeliser-4.3,Construire les modèles statistiques adaptés aux données,PYTHON-PRG-07,Comprendre l'affectation,0,0.1950695366
modeliser-4.3,Construire les modèles statistiques adaptés aux données,PYTHON-PRG-08,Utiliser les fonctions lambda,0,0.1521120965
modeliser-4.3,Construire les modèles statistiques adaptés aux données,PYTHON-PRG-09,"Utiliser les fonctions map, filter et comprehension de séquences",0,0.3377325535
modeliser-4.3,Construire les modèles statistiques adaptés aux données,PYTHON-PRG-10,Utiliser l'instruction yield,0,0.2190648764
modeliser-4.3,Construire les modèles statistiques adaptés aux données,PYTHON-POO-01,"Définir une classe (attributs, méthodes, initialiseur, etc.)",0,0.4240047336
modeliser-4.3,Construire les modèles statistiques adaptés aux données,PYTHON-POO-02,Utiliser les propriétés,0,0.2190194130
modeliser-4.3,Construire les modèles statistiques adaptés aux données,PYTHON-POO-03,Définir les méthodes spéciales,0,0.3531835079
modeliser-4.3,Construire les modèles statistiques adaptés aux données,PYTHON-POO-04,Définir et utiliser les méthodes statiques et de classes,0,0.3954578638
modeliser-4.3,Construire les modèles statistiques adaptés aux données,PYTHON-POO-05,Définir et utiliser des énumérations,0,0.1621134877
modeliser-4.3,Construire les modèles statistiques adaptés aux données,PYTHON-POO-06,Définir et utiliser des dataclasses,0,0.4733387232
modeliser-4.3,Construire les modèles statistiques adaptés aux données,PYTHON-POO-07,Définir et utiliser des classes abstraites et des protocoles,0,0.3600260913
modeliser-4.3,Construire les modèles statistiques adaptés aux données,PYTHON-POO-08,Définir et utiliser des exceptions,0,0.2119058073
modeliser-4.3,Construire les modèles statistiques adaptés aux données,PYTHON-POO-09,Définir et utiliser des gestionnaires de contexte,0,0.2974619865
modeliser-4.3,Construire les modèles statistiques adaptés aux données,PYTHON-POO-10,Utiliser des flux,0,0.0871076137
modeliser-4.3,Construire les modèles statistiques adaptés aux données,PYTHON-DEV-01,Dissocier Python du Système d'exploitation (pyenv),0,0.1749341786
modeliser-4.3,Construire les modèles statistiques adaptés aux données,PYTHON-DEV-02,Gérer les dépendances,0,0.1668526381
modeliser-4.3,Construire les modèles statistiques adaptés aux données,PYTHON-DEV-03,Céer et utiliser les tests unitaires,0,0.1294741333
modeliser-4.3,Construire les modèles statistiques adaptés aux données,PYTHON-DEV-04,Utiliser les logs,0,0.2537744641
modeliser-4.3,Construire les modèles statistiques adaptés aux données,PYTHON-DEV-05,Utiliser le annotations,0,0.3051076531
modeliser-4.3,Construire les modèles statistiques adaptés aux données,PYTHON-DEV-06,Réaliser une audit statique de code,0,0.2938849926
modeliser-4.3,Construire les modèles statistiques adaptés aux données,PYTHON-ARC-01,Créer des décorateurs,0,0.3007618189
modeliser-4.3,Construire les modèles statistiques adaptés aux données,PYTHON-ARC-02,Créer et utiliser des métaclasses,0,0.4513655305
modeliser-4.3,Construire les modèles statistiques adaptés aux données,PYTHON-ARC-03,Controler l'accès aux attributs,0,0.2278627157
modeliser-4.3,Construire les modèles statistiques adaptés aux données,PYTHON-ARC-04,Créer et utiliser des coroutines,0,0.2407951951
modeliser-4.4,Évaluer les besoins en ressources,PYTHON-PRG-01,"Choisir et utiliser les types de bases (bool, int, float, complex, list, etc.)",0,0.1609709859
modeliser-4.4,Évaluer les besoins en ressources,PYTHON-PRG-02,"Utiliser les structures de contrôle (if, for, while, etc.)",0,0.2992804050
modeliser-4.4,Évaluer les besoins en ressources,PYTHON-PRG-03,"Définir une fonction (arité variable, valeurs par défaut, obligation des paramètres positionnels ou nommés, etc.)",0,0.1895000488
modeliser-4.4,Évaluer les besoins en ressources,PYTHON-PRG-04,"Appeler une fonction (passage de paramètre posiitonnel ou nommé, tuple ou dictionnaire en paramètres effectifs, etc.)",0,0.1507179290
modeliser-4.4,Évaluer les besoins en ressources,PYTHON-PRG-05,"Créer des packages, modules et script",0,0.1478818655
modeliser-4.4,Évaluer les besoins en ressources,PYTHON-PRG-06,"Importer des modules, éléments de modules en les renommant si nécessaire",0,0.3043810725
modeliser-4.4,Évaluer les besoins en ressources,PYTHON-PRG-07,Comprendre l'affectation,0,0.4249405861
modeliser-4.4,Évaluer les besoins en ressources,PYTHON-PRG-08,Utiliser les fonctions lambda,0,0.1432341486
modeliser-4.4,Évaluer les besoins en ressources,PYTHON-PRG-09,"Utiliser les fonctions map, filter et comprehension de séquences",0,0.2736207247
modeliser-4.4,Évaluer les besoins en ressources,PYTHON-PRG-10,Utiliser l'instruction yield,0,0.2961492538
modeliser-4.4,Évaluer les besoins en ressources,PYTHON-POO-01,"Définir une classe (attributs, méthodes, initialiseur, etc.)",0,0.3269349933
modeliser-4.4,Évaluer les besoins en ressources,PYTHON-POO-02,Utiliser les propriétés,0,0.3830663562
modeliser-4.4,Évaluer les besoins en ressources,PYTHON-POO-03,Définir les méthodes spéciales,0,0.2371616364
modeliser-4.4,Évaluer les besoins en ressources,PYTHON-POO-04,Définir et utiliser les méthodes statiques et de classes,0,0.1628102660
modeliser-4.4,Évaluer les besoins en ressources,PYTHON-POO-05,Définir et utiliser des énumérations,0,0.3446051180
modeliser-4.4,Évaluer les besoins en ressources,PYTHON-POO-06,Définir et utiliser des dataclasses,0,0.3362977505
modeliser-4.4,Évaluer les besoins en ressources,PYTHON-POO-07,Définir et utiliser des classes abstraites et des protocoles,0,0.1495784223
modeliser-4.4,Évaluer les besoins en ressources,PYTHON-POO-08,Définir et utiliser des exceptions,0,0.3758164644
modeliser-4.4,Évaluer les besoins en ressources,PYTHON-POO-09,Définir et utiliser des gestionnaires de contexte,0,0.2226829678
modeliser-4.4,Évaluer les besoins en ressources,PYTHON-POO-10,Utiliser des flux,0,0.3024390936
modeliser-4.4,Évaluer les besoins en ressources,PYTHON-DEV-01,Dissocier Python du Système d'exploitation (pyenv),0,0.1118433028
modeliser-4.4,Évaluer les besoins en ressources,PYTHON-DEV-02,Gérer les dépendances,0,0.4075754881
modeliser-4.4,Évaluer les besoins en ressources,PYTHON-DEV-03,Céer et utiliser les tests unitaires,0,0.2471823096
modeliser-4.4,Évaluer les besoins en ressources,PYTHON-DEV-04,Utiliser les logs,0,0.3662905693
modeliser-4.4,Évaluer les besoins en ressources,PYTHON-DEV-05,Utiliser le annotations,0,0.3399069905
modeliser-4.4,Évaluer les besoins en ressources,PYTHON-DEV-06,Réaliser une audit statique de code,0,0.2434637100
modeliser-4.4,Évaluer les besoins en ressources,PYTHON-ARC-01,Créer des décorateurs,0,0.2859566212
modeliser-4.4,Évaluer les besoins en ressources,PYTHON-ARC-02,Créer et utiliser des métaclasses,0,0.2925980389
modeliser-4.4,Évaluer les besoins en ressources,PYTHON-ARC-03,Controler l'accès aux attributs,0,0.2740744054
modeliser-4.4,Évaluer les besoins en ressources,PYTHON-ARC-04,Créer et utiliser des coroutines,0,0.2052835822
concevoir-1.1,Transposer une expression formelle en algorithme et vice-versa,PYTHON-PRG-01,"Choisir et utiliser les types de bases (bool, int, float, complex, list, etc.)",0,0.3466321826
concevoir-1.1,Transposer une expression formelle en algorithme et vice-versa,PYTHON-PRG-02,"Utiliser les structures de contrôle (if, for, while, etc.)",0,0.2488159835
concevoir-1.1,Transposer une expression formelle en algorithme et vice-versa,PYTHON-PRG-03,"Définir une fonction (arité variable, valeurs par défaut, obligation des paramètres positionnels ou nommés, etc.)",0,0.3465474844
concevoir-1.1,Transposer une expression formelle en algorithme et vice-versa,PYTHON-PRG-04,"Appeler une fonction (passage de paramètre posiitonnel ou nommé, tuple ou dictionnaire en paramètres effectifs, etc.)",0,0.3809546828
concevoir-1.1,Transposer une expression formelle en algorithme et vice-versa,PYTHON-PRG-05,"Créer des packages, modules et script",0,0.3336975276
concevoir-1.1,Transposer une expression formelle en algorithme et vice-versa,PYTHON-PRG-06,"Importer des modules, éléments de modules en les renommant si nécessaire",0,0.3180227280
concevoir-1.1,Transposer une expression formelle en algorithme et vice-versa,PYTHON-PRG-07,Comprendre l'affectation,0,0.2133304030
concevoir-1.1,Transposer une expression formelle en algorithme et vice-versa,PYTHON-PRG-08,Utiliser les fonctions lambda,0,0.2060090899
concevoir-1.1,Transposer une expression formelle en algorithme et vice-versa,PYTHON-PRG-09,"Utiliser les fonctions map, filter et comprehension de séquences",0,0.3348401189
concevoir-1.1,Transposer une expression formelle en algorithme et vice-versa,PYTHON-PRG-10,Utiliser l'instruction yield,0,0.2116201222
concevoir-1.1,Transposer une expression formelle en algorithme et vice-versa,PYTHON-POO-01,"Définir une classe (attributs, méthodes, initialiseur, etc.)",0,0.3273293972
concevoir-1.1,Transposer une expression formelle en algorithme et vice-versa,PYTHON-POO-02,Utiliser les propriétés,0,0.0836907253
concevoir-1.1,Transposer une expression formelle en algorithme et vice-versa,PYTHON-POO-03,Définir les méthodes spéciales,0,0.3059106767
concevoir-1.1,Transposer une expression formelle en algorithme et vice-versa,PYTHON-POO-04,Définir et utiliser les méthodes statiques et de classes,0,0.3949320912
concevoir-1.1,Transposer une expression formelle en algorithme et vice-versa,PYTHON-POO-05,Définir et utiliser des énumérations,0,0.3935756087
concevoir-1.1,Transposer une expression formelle en algorithme et vice-versa,PYTHON-POO-06,Définir et utiliser des dataclasses,0,0.3019353747
concevoir-1.1,Transposer une expression formelle en algorithme et vice-versa,PYTHON-POO-07,Définir et utiliser des classes abstraites et des protocoles,0,0.4052214921
concevoir-1.1,Transposer une expression formelle en algorithme et vice-versa,PYTHON-POO-08,Définir et utiliser des exceptions,0,0.4779295027
concevoir-1.1,Transposer une expression formelle en algorithme et vice-versa,PYTHON-POO-09,Définir et utiliser des gestionnaires de contexte,0,0.2859784961
concevoir-1.1,Transposer une expression formelle en algorithme et vice-versa,PYTHON-POO-10,Utiliser des flux,0,0.1338970363
concevoir-1.1,Transposer une expression formelle en algorithme et vice-versa,PYTHON-DEV-01,Dissocier Python du Système d'exploitation (pyenv),0,0.2190116942
concevoir-1.1,Transposer une expression formelle en algorithme et vice-versa,PYTHON-DEV-02,Gérer les dépendances,0,0.0921764374
concevoir-1.1,Transposer une expression formelle en algorithme et vice-versa,PYTHON-DEV-03,Céer et utiliser les tests unitaires,0,0.2096639574
concevoir-1.1,Transposer une expression formelle en algorithme et vice-versa,PYTHON-DEV-04,Utiliser les logs,0,0.1427909434
concevoir-1.1,Transposer une expression formelle en algorithme et vice-versa,PYTHON-DEV-05,Utiliser le annotations,0,0.2284871936
concevoir-1.1,Transposer une expression formelle en algorithme et vice-versa,PYTHON-DEV-06,Réaliser une audit statique de code,0,0.2132275403
concevoir-1.1,Transposer une expression formelle en algorithme et vice-versa,PYTHON-ARC-01,Créer des décorateurs,0,0.2153695226
concevoir-1.1,Transposer une expression formelle en algorithme et vice-versa,PYTHON-ARC-02,Créer et utiliser des métaclasses,0,0.3663964868
concevoir-1.1,Transposer une expression formelle en algorithme et vice-versa,PYTHON-ARC-03,Controler l'accès aux attributs,0,0.2124167532
concevoir-1.1,Transposer une expression formelle en algorithme et vice-versa,PYTHON-ARC-04,Créer et utiliser des coroutines,0,0.2140077353
concevoir-1.2,Transposer une représentation formelle en structure de données et vice-versa,PYTHON-PRG-01,"Choisir et utiliser les types de bases (bool, int, float, complex, list, etc.)",0,0.4207776487
concevoir-1.2,Transposer une représentation formelle en structure de données et vice-versa,PYTHON-PRG-02,"Utiliser les structures de contrôle (if, for, while, etc.)",0,0.2901197672
concevoir-1.2,Transposer une représentation formelle en structure de données et vice-versa,PYTHON-PRG-03,"Définir une fonction (arité variable, valeurs par défaut, obligation des paramètres positionnels ou nommés, etc.)",0,0.3713911176
concevoir-1.2,Transposer une représentation formelle en structure de données et vice-versa,PYTHON-PRG-04,"Appeler une fonction (passage de paramètre posiitonnel ou nommé, tuple ou dictionnaire en paramètres effectifs, etc.)",0,0.3773891032
concevoir-1.2,Transposer une représentation formelle en structure de données et vice-versa,PYTHON-PRG-05,"Créer des packages, modules et script",0,0.3511213660
concevoir-1.2,Transposer une représentation formelle en structure de données et vice-versa,PYTHON-PRG-06,"Importer des modules, éléments de modules en les renommant si nécessaire",0,0.3134462237
concevoir-1.2,Transposer une représentation formelle en structure de données et vice-versa,PYTHON-PRG-07,Comprendre l'affectation,0,0.2955898643
concevoir-1.2,Transposer une représentation formelle en structure de données et vice-versa,PYTHON-PRG-08,Utiliser les fonctions lambda,0,0.1792536527
concevoir-1.2,Transposer une représentation formelle en structure de données et vice-versa,PYTHON-PRG-09,"Utiliser les fonctions map, filter et comprehension de séquences",0,0.4226853251
concevoir-1.2,Transposer une représentation formelle en structure de données et vice-versa,PYTHON-PRG-10,Utiliser l'instruction yield,0,0.1763415933
concevoir-1.2,Transposer une représentation formelle en structure de données et vice-versa,PYTHON-POO-01,"Définir une classe (attributs, méthodes, initialiseur, etc.)",0,0.3276890218
concevoir-1.2,Transposer une représentation formelle en structure de données et vice-versa,PYTHON-POO-02,Utiliser les propriétés,0,0.1594789177
concevoir-1.2,Transposer une représentation formelle en structure de données et vice-versa,PYTHON-POO-03,Définir les méthodes spéciales,0,0.2933045328
concevoir-1.2,Transposer une représentation formelle en structure de données et vice-versa,PYTHON-POO-04,Définir et utiliser les méthodes statiques et de classes,0,0.3883730173
concevoir-1.2,Transposer une représentation formelle en structure de données et vice-versa,PYTHON-POO-05,Définir et utiliser des énumérations,0,0.3861675560
concevoir-1.2,Transposer une représentation formelle en structure de données et vice-versa,PYTHON-POO-06,Définir et utiliser des dataclasses,0,0.4659960866
concevoir-1.2,Transposer une représentation formelle en structure de données et vice-versa,PYTHON-POO-07,Définir et utiliser des classes abstraites et des protocoles,0,0.4077999890
concevoir-1.2,Transposer une représentation formelle en structure de données et vice-versa,PYTHON-POO-08,Définir et utiliser des exceptions,0,0.4304127693
concevoir-1.2,Transposer une représentation formelle en structure de données et vice-versa,PYTHON-POO-09,Définir et utiliser des gestionnaires de contexte,0,0.3478576541
concevoir-1.2,Transposer une représentation formelle en structure de données et vice-versa,PYTHON-POO-10,Utiliser des flux,0,0.1118873656
concevoir-1.2,Transposer une représentation formelle en structure de données et vice-versa,PYTHON-DEV-01,Dissocier Python du Système d'exploitation (pyenv),0,0.2692125738
concevoir-1.2,Transposer une représentation formelle en structure de données et vice-versa,PYTHON-DEV-02,Gérer les dépendances,0,0.1180252433
concevoir-1.2,Transposer une représentation formelle en structure de données et vice-versa,PYTHON-DEV-03,Céer et utiliser les tests unitaires,0,0.1907821298
concevoir-1.2,Transposer une représentation formelle en structure de données et vice-versa,PYTHON-DEV-04,Utiliser les logs,0,0.1664709002
concevoir-1.2,Transposer une représentation formelle en structure de données et vice-versa,PYTHON-DEV-05,Utiliser le annotations,0,0.2179390788
concevoir-1.2,Transposer une représentation formelle en structure de données et vice-versa,PYTHON-DEV-06,Réaliser une audit statique de code,0,0.2330718935
concevoir-1.2,Transposer une représentation formelle en structure de données et vice-versa,PYTHON-ARC-01,Créer des décorateurs,0,0.3354046345
concevoir-1.2,Transposer une représentation formelle en structure de données et vice-versa,PYTHON-ARC-02,Créer et utiliser des métaclasses,0,0.4080663621
concevoir-1.2,Transposer une représentation formelle en structure de données et vice-versa,PYTHON-ARC-03,Controler l'accès aux attributs,0,0.1834683269
concevoir-1.2,Transposer une représentation formelle en structure de données et vice-versa,PYTHON-ARC-04,Créer et utiliser des coroutines,0,0.1982982159
concevoir-1.3,Intégrer des composants logiciels ou physiques au sein d’un système,PYTHON-PRG-01,"Choisir et utiliser les types de bases (bool, int, float, complex, list, etc.)",0,0.3965780437
concevoir-1.3,Intégrer des composants logiciels ou physiques au sein d’un système,PYTHON-PRG-02,"Utiliser les structures de contrôle (if, for, while, etc.)",0,0.3703121841
concevoir-1.3,Intégrer des composants logiciels ou physiques au sein d’un système,PYTHON-PRG-03,"Définir une fonction (arité variable, valeurs par défaut, obligation des paramètres positionnels ou nommés, etc.)",0,0.3225301504
concevoir-1.3,Intégrer des composants logiciels ou physiques au sein d’un système,PYTHON-PRG-04,"Appeler une fonction (passage de paramètre posiitonnel ou nommé, tuple ou dictionnaire en paramètres effectifs, etc.)",0,0.3015305400
concevoir-1.3,Intégrer des composants logiciels ou physiques au sein d’un système,PYTHON-PRG-05,"Créer des packages, modules et script",0,0.4756758511
concevoir-1.3,Intégrer des composants logiciels ou physiques au sein d’un système,PYTHON-PRG-06,"Importer des modules, éléments de modules en les renommant si nécessaire",0,0.3864884973
concevoir-1.3,Intégrer des composants logiciels ou physiques au sein d’un système,PYTHON-PRG-07,Comprendre l'affectation,0,0.2579947114
concevoir-1.3,Intégrer des composants logiciels ou physiques au sein d’un système,PYTHON-PRG-08,Utiliser les fonctions lambda,0,0.2453635931
concevoir-1.3,Intégrer des composants logiciels ou physiques au sein d’un système,PYTHON-PRG-09,"Utiliser les fonctions map, filter et comprehension de séquences",0,0.3069971502
concevoir-1.3,Intégrer des composants logiciels ou physiques au sein d’un système,PYTHON-PRG-10,Utiliser l'instruction yield,0,0.2234142423
concevoir-1.3,Intégrer des composants logiciels ou physiques au sein d’un système,PYTHON-POO-01,"Définir une classe (attributs, méthodes, initialiseur, etc.)",0,0.3456817269
concevoir-1.3,Intégrer des composants logiciels ou physiques au sein d’un système,PYTHON-POO-02,Utiliser les propriétés,0,0.2772859931
concevoir-1.3,Intégrer des composants logiciels ou physiques au sein d’un système,PYTHON-POO-03,Définir les méthodes spéciales,0,0.2609795034
concevoir-1.3,Intégrer des composants logiciels ou physiques au sein d’un système,PYTHON-POO-04,Définir et utiliser les méthodes statiques et de classes,0,0.3816040754
concevoir-1.3,Intégrer des composants logiciels ou physiques au sein d’un système,PYTHON-POO-05,Définir et utiliser des énumérations,0,0.1750496924
concevoir-1.3,Intégrer des composants logiciels ou physiques au sein d’un système,PYTHON-POO-06,Définir et utiliser des dataclasses,0,0.3304556012
concevoir-1.3,Intégrer des composants logiciels ou physiques au sein d’un système,PYTHON-POO-07,Définir et utiliser des classes abstraites et des protocoles,0,0.3933108449
concevoir-1.3,Intégrer des composants logiciels ou physiques au sein d’un système,PYTHON-POO-08,Définir et utiliser des exceptions,0,0.1434659064
concevoir-1.3,Intégrer des composants logiciels ou physiques au sein d’un système,PYTHON-POO-09,Définir et utiliser des gestionnaires de contexte,0,0.4099302888
concevoir-1.3,Intégrer des composants logiciels ou physiques au sein d’un système,PYTHON-POO-10,Utiliser des flux,0,0.1944416314
concevoir-1.3,Intégrer des composants logiciels ou physiques au sein d’un système,PYTHON-DEV-01,Dissocier Python du Système d'exploitation (pyenv),0,0.3430004418
concevoir-1.3,Intégrer des composants logiciels ou physiques au sein d’un système,PYTHON-DEV-02,Gérer les dépendances,0,0.2538212538
concevoir-1.3,Intégrer des composants logiciels ou physiques au sein d’un système,PYTHON-DEV-03,Céer et utiliser les tests unitaires,0,0.2457649857
concevoir-1.3,Intégrer des composants logiciels ou physiques au sein d’un système,PYTHON-DEV-04,Utiliser les logs,0,0.3533922136
concevoir-1.3,Intégrer des composants logiciels ou physiques au sein d’un système,PYTHON-DEV-05,Utiliser le annotations,0,0.1646258831
concevoir-1.3,Intégrer des composants logiciels ou physiques au sein d’un système,PYTHON-DEV-06,Réaliser une audit statique de code,0,0.3187245727
concevoir-1.3,Intégrer des composants logiciels ou physiques au sein d’un système,PYTHON-ARC-01,Créer des décorateurs,0,0.3936239481
concevoir-1.3,Intégrer des composants logiciels ou physiques au sein d’un système,PYTHON-ARC-02,Créer et utiliser des métaclasses,0,0.2646725178
concevoir-1.3,Intégrer des composants logiciels ou physiques au sein d’un système,PYTHON-ARC-03,Controler l'accès aux attributs,0,0.2644741535
concevoir-1.3,Intégrer des composants logiciels ou physiques au sein d’un système,PYTHON-ARC-04,Créer et utiliser des coroutines,0,0.2674663067
concevoir-2.1,Sélectionner les structures de données dont la complexité (en temps et en espace) est adaptée,PYTHON-PRG-01,"Choisir et utiliser les types de bases (bool, int, float, complex, list, etc.)",0,0.5451269150
concevoir-2.1,Sélectionner les structures de données dont la complexité (en temps et en espace) est adaptée,PYTHON-PRG-02,"Utiliser les structures de contrôle (if, for, while, etc.)",0,0.4738332927
concevoir-2.1,Sélectionner les structures de données dont la complexité (en temps et en espace) est adaptée,PYTHON-PRG-03,"Définir une fonction (arité variable, valeurs par défaut, obligation des paramètres positionnels ou nommés, etc.)",0,0.3980072439
concevoir-2.1,Sélectionner les structures de données dont la complexité (en temps et en espace) est adaptée,PYTHON-PRG-04,"Appeler une fonction (passage de paramètre posiitonnel ou nommé, tuple ou dictionnaire en paramètres effectifs, etc.)",0,0.4183419049
concevoir-2.1,Sélectionner les structures de données dont la complexité (en temps et en espace) est adaptée,PYTHON-PRG-05,"Créer des packages, modules et script",0,0.3299497664
concevoir-2.1,Sélectionner les structures de données dont la complexité (en temps et en espace) est adaptée,PYTHON-PRG-06,"Importer des modules, éléments de modules en les renommant si nécessaire",0,0.3716092110
concevoir-2.1,Sélectionner les structures de données dont la complexité (en temps et en espace) est adaptée,PYTHON-PRG-07,Comprendre l'affectation,0,0.2813552022
concevoir-2.1,Sélectionner les structures de données dont la complexité (en temps et en espace) est adaptée,PYTHON-PRG-08,Utiliser les fonctions lambda,0,0.3298365474
concevoir-2.1,Sélectionner les structures de données dont la complexité (en temps et en espace) est adaptée,PYTHON-PRG-09,"Utiliser les fonctions map, filter et comprehension de séquences",0,0.4304994941
concevoir-2.1,Sélectionner les structures de données dont la complexité (en temps et en espace) est adaptée,PYTHON-PRG-10,Utiliser l'instruction yield,0,0.2504759431
concevoir-2.1,Sélectionner les structures de données dont la complexité (en temps et en espace) est adaptée,PYTHON-POO-01,"Définir une classe (attributs, méthodes, initialiseur, etc.)",0,0.3846146166
concevoir-2.1,Sélectionner les structures de données dont la complexité (en temps et en espace) est adaptée,PYTHON-POO-02,Utiliser les propriétés,0,0.2347795665
concevoir-2.1,Sélectionner les structures de données dont la complexité (en temps et en espace) est adaptée,PYTHON-POO-03,Définir les méthodes spéciales,0,0.2827150226
concevoir-2.1,Sélectionner les structures de données dont la complexité (en temps et en espace) est adaptée,PYTHON-POO-04,Définir et utiliser les méthodes statiques et de classes,0,0.3784270883
concevoir-2.1,Sélectionner les structures de données dont la complexité (en temps et en espace) est adaptée,PYTHON-POO-05,Définir et utiliser des énumérations,0,0.2967108190
concevoir-2.1,Sélectionner les structures de données dont la complexité (en temps et en espace) est adaptée,PYTHON-POO-06,Définir et utiliser des dataclasses,0,0.4828382134
concevoir-2.1,Sélectionner les structures de données dont la complexité (en temps et en espace) est adaptée,PYTHON-POO-07,Définir et utiliser des classes abstraites et des protocoles,0,0.3450191617
concevoir-2.1,Sélectionner les structures de données dont la complexité (en temps et en espace) est adaptée,PYTHON-POO-08,Définir et utiliser des exceptions,0,0.3061200380
concevoir-2.1,Sélectionner les structures de données dont la complexité (en temps et en espace) est adaptée,PYTHON-POO-09,Définir et utiliser des gestionnaires de contexte,0,0.3159153163
concevoir-2.1,Sélectionner les structures de données dont la complexité (en temps et en espace) est adaptée,PYTHON-POO-10,Utiliser des flux,0,0.2063480914
concevoir-2.1,Sélectionner les structures de données dont la complexité (en temps et en espace) est adaptée,PYTHON-DEV-01,Dissocier Python du Système d'exploitation (pyenv),0,0.2765631676
concevoir-2.1,Sélectionner les structures de données dont la complexité (en temps et en espace) est adaptée,PYTHON-DEV-02,Gérer les dépendances,0,0.2549948394
concevoir-2.1,Sélectionner les structures de données dont la complexité (en temps et en espace) est adaptée,PYTHON-DEV-03,Céer et utiliser les tests unitaires,0,0.2415162474
concevoir-2.1,Sélectionner les structures de données dont la complexité (en temps et en espace) est adaptée,PYTHON-DEV-04,Utiliser les logs,0,0.2913646996
concevoir-2.1,Sélectionner les structures de données dont la complexité (en temps et en espace) est adaptée,PYTHON-DEV-05,Utiliser le annotations,0,0.3089389801
concevoir-2.1,Sélectionner les structures de données dont la complexité (en temps et en espace) est adaptée,PYTHON-DEV-06,Réaliser une audit statique de code,0,0.2987267673
concevoir-2.1,Sélectionner les structures de données dont la complexité (en temps et en espace) est adaptée,PYTHON-ARC-01,Créer des décorateurs,0,0.2155272663
concevoir-2.1,Sélectionner les structures de données dont la complexité (en temps et en espace) est adaptée,PYTHON-ARC-02,Créer et utiliser des métaclasses,0,0.4057808220
concevoir-2.1,Sélectionner les structures de données dont la complexité (en temps et en espace) est adaptée,PYTHON-ARC-03,Controler l'accès aux attributs,0,0.2794620693
concevoir-2.1,Sélectionner les structures de données dont la complexité (en temps et en espace) est adaptée,PYTHON-ARC-04,Créer et utiliser des coroutines,0,0.1900849938
concevoir-2.2,Choisir les patrons de conception,PYTHON-PRG-01,"Choisir et utiliser les types de bases (bool, int, float, complex, list, etc.)",0,0.4419016838
concevoir-2.2,Choisir les patrons de conception,PYTHON-PRG-02,"Utiliser les structures de contrôle (if, for, while, etc.)",0,0.2865507603
concevoir-2.2,Choisir les patrons de conception,PYTHON-PRG-03,"Définir une fonction (arité variable, valeurs par défaut, obligation des paramètres positionnels ou nommés, etc.)",0,0.2193755955
concevoir-2.2,Choisir les patrons de conception,PYTHON-PRG-04,"Appeler une fonction (passage de paramètre posiitonnel ou nommé, tuple ou dictionnaire en paramètres effectifs, etc.)",0,0.2992768288
concevoir-2.2,Choisir les patrons de conception,PYTHON-PRG-05,"Créer des packages, modules et script",0,0.3996691108
concevoir-2.2,Choisir les patrons de conception,PYTHON-PRG-06,"Importer des modules, éléments de modules en les renommant si nécessaire",0,0.3442234397
concevoir-2.2,Choisir les patrons de conception,PYTHON-PRG-07,Comprendre l'affectation,0,0.2557343543
concevoir-2.2,Choisir les patrons de conception,PYTHON-PRG-08,Utiliser les fonctions lambda,0,0.1304939389
concevoir-2.2,Choisir les patrons de conception,PYTHON-PRG-09,"Utiliser les fonctions map, filter et comprehension de séquences",0,0.2052796781
concevoir-2.2,Choisir les patrons de conception,PYTHON-PRG-10,Utiliser l'instruction yield,0,0.1096122935
concevoir-2.2,Choisir les patrons de conception,PYTHON-POO-01,"Définir une classe (attributs, méthodes, initialiseur, etc.)",0,0.3351256847
concevoir-2.2,Choisir les patrons de conception,PYTHON-POO-02,Utiliser les propriétés,0,0.2067162991
concevoir-2.2,Choisir les patrons de conception,PYTHON-POO-03,Définir les méthodes spéciales,0,0.2344861329
concevoir-2.2,Choisir les patrons de conception,PYTHON-POO-04,Définir et utiliser les méthodes statiques et de classes,0,0.2407368720
concevoir-2.2,Choisir les patrons de conception,PYTHON-POO-05,Définir et utiliser des énumérations,0,0.2013115585
concevoir-2.2,Choisir les patrons de conception,PYTHON-POO-06,Définir et utiliser des dataclasses,0,0.2338070571
concevoir-2.2,Choisir les patrons de conception,PYTHON-POO-07,Définir et utiliser des classes abstraites et des protocoles,0,0.3000822663
concevoir-2.2,Choisir les patrons de conception,PYTHON-POO-08,Définir et utiliser des exceptions,0,0.1125272214
concevoir-2.2,Choisir les patrons de conception,PYTHON-POO-09,Définir et utiliser des gestionnaires de contexte,0,0.3202398121
concevoir-2.2,Choisir les patrons de conception,PYTHON-POO-10,Utiliser des flux,0,0.0751558542
concevoir-2.2,Choisir les patrons de conception,PYTHON-DEV-01,Dissocier Python du Système d'exploitation (pyenv),0,0.1786293387
concevoir-2.2,Choisir les patrons de conception,PYTHON-DEV-02,Gérer les dépendances,0,0.0906655788
concevoir-2.2,Choisir les patrons de conception,PYTHON-DEV-03,Céer et utiliser les tests unitaires,0,0.2190122157
concevoir-2.2,Choisir les patrons de conception,PYTHON-DEV-04,Utiliser les logs,0,0.2154389620
concevoir-2.2,Choisir les patrons de conception,PYTHON-DEV-05,Utiliser le annotations,0,0.2692015171
concevoir-2.2,Choisir les patrons de conception,PYTHON-DEV-06,Réaliser une audit statique de code,0,0.3332851529
concevoir-2.2,Choisir les patrons de conception,PYTHON-ARC-01,Créer des décorateurs,0,0.4684616327
concevoir-2.2,Choisir les patrons de conception,PYTHON-ARC-02,Créer et utiliser des métaclasses,0,0.2430658489
concevoir-2.2,Choisir les patrons de conception,PYTHON-ARC-03,Controler l'accès aux attributs,0,0.2798375487
concevoir-2.2,Choisir les patrons de conception,PYTHON-ARC-04,Créer et utiliser des coroutines,0,0.2463047206
concevoir-2.3,Choisir le framework,PYTHON-PRG-01,"Choisir et utiliser les types de bases (bool, int, float, complex, list, etc.)",0,0.4081494808
concevoir-2.3,Choisir le framework,PYTHON-PRG-02,"Utiliser les structures de contrôle (if, for, while, etc.)",0,0.3386012912
concevoir-2.3,Choisir le framework,PYTHON-PRG-03,"Définir une fonction (arité variable, valeurs par défaut, obligation des paramètres positionnels ou nommés, etc.)",0,0.1790634096
concevoir-2.3,Choisir le framework,PYTHON-PRG-04,"Appeler une fonction (passage de paramètre posiitonnel ou nommé, tuple ou dictionnaire en paramètres effectifs, etc.)",0,0.2851512134
concevoir-2.3,Choisir le framework,PYTHON-PRG-05,"Créer des packages, modules et script",0,0.3775111437
concevoir-2.3,Choisir le framework,PYTHON-PRG-06,"Importer des modules, éléments de modules en les renommant si nécessaire",0,0.3554196954
concevoir-2.3,Choisir le framework,PYTHON-PRG-07,Comprendre l'affectation,0,0.2871658802
concevoir-2.3,Choisir le framework,PYTHON-PRG-08,Utiliser les fonctions lambda,0,0.1435939819
concevoir-2.3,Choisir le framework,PYTHON-PRG-09,"Utiliser les fonctions map, filter et comprehension de séquences",0,0.2431407273
concevoir-2.3,Choisir le framework,PYTHON-PRG-10,Utiliser l'instruction yield,0,0.1416219175
concevoir-2.3,Choisir le framework,PYTHON-POO-01,"Définir une classe (attributs, méthodes, initialiseur, etc.)",0,0.3042768836
concevoir-2.3,Choisir le framework,PYTHON-POO-02,Utiliser les propriétés,0,0.1391377747
concevoir-2.3,Choisir le framework,PYTHON-POO-03,Définir les méthodes spéciales,0,0.2846173048
concevoir-2.3,Choisir le framework,PYTHON-POO-04,Définir et utiliser les méthodes statiques et de classes,0,0.3490520716
concevoir-2.3,Choisir le framework,PYTHON-POO-05,Définir et utiliser des énumérations,0,0.2236690819
concevoir-2.3,Choisir le framework,PYTHON-POO-06,Définir et utiliser des dataclasses,0,0.3183322549
concevoir-2.3,Choisir le framework,PYTHON-POO-07,Définir et utiliser des classes abstraites et des protocoles,0,0.3629301786
concevoir-2.3,Choisir le framework,PYTHON-POO-08,Définir et utiliser des exceptions,0,0.1565946639
concevoir-2.3,Choisir le framework,PYTHON-POO-09,Définir et utiliser des gestionnaires de contexte,0,0.3974761367
concevoir-2.3,Choisir le framework,PYTHON-POO-10,Utiliser des flux,0,0.1092719138
concevoir-2.3,Choisir le framework,PYTHON-DEV-01,Dissocier Python du Système d'exploitation (pyenv),0,0.1480427086
concevoir-2.3,Choisir le framework,PYTHON-DEV-02,Gérer les dépendances,0,0.0566113666
concevoir-2.3,Choisir le framework,PYTHON-DEV-03,Céer et utiliser les tests unitaires,0,0.1142490953
concevoir-2.3,Choisir le framework,PYTHON-DEV-04,Utiliser les logs,0,0.1992739439
concevoir-2.3,Choisir le framework,PYTHON-DEV-05,Utiliser le annotations,0,0.2138235271
concevoir-2.3,Choisir le framework,PYTHON-DEV-06,Réaliser une audit statique de code,0,0.3064894676
concevoir-2.3,Choisir le framework,PYTHON-ARC-01,Créer des décorateurs,0,0.3356067836
concevoir-2.3,Choisir le framework,PYTHON-ARC-02,Créer et utiliser des métaclasses,0,0.3564249873
concevoir-2.3,Choisir le framework,PYTHON-ARC-03,Controler l'accès aux attributs,0,0.2637580633
concevoir-2.3,Choisir le framework,PYTHON-ARC-04,Créer et utiliser des coroutines,0,0.1284880787
concevoir-2.4,"Prétraiter, estimer et prédire un signal à l’aide d’un système linéaire",PYTHON-PRG-01,"Choisir et utiliser les types de bases (bool, int, float, complex, list, etc.)",0,0.3495878577
concevoir-2.4,"Prétraiter, estimer et prédire un signal à l’aide d’un système linéaire",PYTHON-PRG-02,"Utiliser les structures de contrôle (if, for, while, etc.)",0,0.3698367476
concevoir-2.4,"Prétraiter, estimer et prédire un signal à l’aide d’un système linéaire",PYTHON-PRG-03,"Définir une fonction (arité variable, valeurs par défaut, obligation des paramètres positionnels ou nommés, etc.)",0,0.4036084414
concevoir-2.4,"Prétraiter, estimer et prédire un signal à l’aide d’un système linéaire",PYTHON-PRG-04,"Appeler une fonction (passage de paramètre posiitonnel ou nommé, tuple ou dictionnaire en paramètres effectifs, etc.)",0,0.4310923815
concevoir-2.4,"Prétraiter, estimer et prédire un signal à l’aide d’un système linéaire",PYTHON-PRG-05,"Créer des packages, modules et script",0,0.3288757503
concevoir-2.4,"Prétraiter, estimer et prédire un signal à l’aide d’un système linéaire",PYTHON-PRG-06,"Importer des modules, éléments de modules en les renommant si nécessaire",0,0.3004003763
concevoir-2.4,"Prétraiter, estimer et prédire un signal à l’aide d’un système linéaire",PYTHON-PRG-07,Comprendre l'affectation,0,0.3865846992
concevoir-2.4,"Prétraiter, estimer et prédire un signal à l’aide d’un système linéaire",PYTHON-PRG-08,Utiliser les fonctions lambda,0,0.3381537199
concevoir-2.4,"Prétraiter, estimer et prédire un signal à l’aide d’un système linéaire",PYTHON-PRG-09,"Utiliser les fonctions map, filter et comprehension de séquences",0,0.4001051486
concevoir-2.4,"Prétraiter, estimer et prédire un signal à l’aide d’un système linéaire",PYTHON-PRG-10,Utiliser l'instruction yield,0,0.2745967805
concevoir-2.4,"Prétraiter, estimer et prédire un signal à l’aide d’un système linéaire",PYTHON-POO-01,"Définir une classe (attributs, méthodes, initialiseur, etc.)",0,0.5016782284
concevoir-2.4,"Prétraiter, estimer et prédire un signal à l’aide d’un système linéaire",PYTHON-POO-02,Utiliser les propriétés,0,0.4040001631
concevoir-2.4,"Prétraiter, estimer et prédire un signal à l’aide d’un système linéaire",PYTHON-POO-03,Définir les méthodes spéciales,0,0.4680063725
concevoir-2.4,"Prétraiter, estimer et prédire un signal à l’aide d’un système linéaire",PYTHON-POO-04,Définir et utiliser les méthodes statiques et de classes,0,0.3923524618
concevoir-2.4,"Prétraiter, estimer et prédire un signal à l’aide d’un système linéaire",PYTHON-POO-05,Définir et utiliser des énumérations,0,0.3959273100
concevoir-2.4,"Prétraiter, estimer et prédire un signal à l’aide d’un système linéaire",PYTHON-POO-06,Définir et utiliser des dataclasses,0,0.3659726083
concevoir-2.4,"Prétraiter, estimer et prédire un signal à l’aide d’un système linéaire",PYTHON-POO-07,Définir et utiliser des classes abstraites et des protocoles,0,0.4040132165
concevoir-2.4,"Prétraiter, estimer et prédire un signal à l’aide d’un système linéaire",PYTHON-POO-08,Définir et utiliser des exceptions,0,0.2656525970
concevoir-2.4,"Prétraiter, estimer et prédire un signal à l’aide d’un système linéaire",PYTHON-POO-09,Définir et utiliser des gestionnaires de contexte,0,0.3350543678
concevoir-2.4,"Prétraiter, estimer et prédire un signal à l’aide d’un système linéaire",PYTHON-POO-10,Utiliser des flux,0,0.3168363869
concevoir-2.4,"Prétraiter, estimer et prédire un signal à l’aide d’un système linéaire",PYTHON-DEV-01,Dissocier Python du Système d'exploitation (pyenv),0,0.3156241775
concevoir-2.4,"Prétraiter, estimer et prédire un signal à l’aide d’un système linéaire",PYTHON-DEV-02,Gérer les dépendances,0,0.3914116919
concevoir-2.4,"Prétraiter, estimer et prédire un signal à l’aide d’un système linéaire",PYTHON-DEV-03,Céer et utiliser les tests unitaires,0,0.2847601771
concevoir-2.4,"Prétraiter, estimer et prédire un signal à l’aide d’un système linéaire",PYTHON-DEV-04,Utiliser les logs,0,0.2851043940
concevoir-2.4,"Prétraiter, estimer et prédire un signal à l’aide d’un système linéaire",PYTHON-DEV-05,Utiliser le annotations,0,0.4104504287
concevoir-2.4,"Prétraiter, estimer et prédire un signal à l’aide d’un système linéaire",PYTHON-DEV-06,Réaliser une audit statique de code,0,0.3258005381
concevoir-2.4,"Prétraiter, estimer et prédire un signal à l’aide d’un système linéaire",PYTHON-ARC-01,Créer des décorateurs,0,0.5021502972
concevoir-2.4,"Prétraiter, estimer et prédire un signal à l’aide d’un système linéaire",PYTHON-ARC-02,Créer et utiliser des métaclasses,0,0.3033783436
concevoir-2.4,"Prétraiter, estimer et prédire un signal à l’aide d’un système linéaire",PYTHON-ARC-03,Controler l'accès aux attributs,0,0.2189270407
concevoir-2.4,"Prétraiter, estimer et prédire un signal à l’aide d’un système linéaire",PYTHON-ARC-04,Créer et utiliser des coroutines,0,0.2747343779
concevoir-2.5,Identifier le paradigme de traitement de données statistique,PYTHON-PRG-01,"Choisir et utiliser les types de bases (bool, int, float, complex, list, etc.)",0,0.2351102531
concevoir-2.5,Identifier le paradigme de traitement de données statistique,PYTHON-PRG-02,"Utiliser les structures de contrôle (if, for, while, etc.)",0,0.2499056458
concevoir-2.5,Identifier le paradigme de traitement de données statistique,PYTHON-PRG-03,"Définir une fonction (arité variable, valeurs par défaut, obligation des paramètres positionnels ou nommés, etc.)",0,0.3070246577
concevoir-2.5,Identifier le paradigme de traitement de données statistique,PYTHON-PRG-04,"Appeler une fonction (passage de paramètre posiitonnel ou nommé, tuple ou dictionnaire en paramètres effectifs, etc.)",0,0.3335498869
concevoir-2.5,Identifier le paradigme de traitement de données statistique,PYTHON-PRG-05,"Créer des packages, modules et script",0,0.2355834544
concevoir-2.5,Identifier le paradigme de traitement de données statistique,PYTHON-PRG-06,"Importer des modules, éléments de modules en les renommant si nécessaire",0,0.2188554406
concevoir-2.5,Identifier le paradigme de traitement de données statistique,PYTHON-PRG-07,Comprendre l'affectation,0,0.2571269572
concevoir-2.5,Identifier le paradigme de traitement de données statistique,PYTHON-PRG-08,Utiliser les fonctions lambda,0,0.1634022593
concevoir-2.5,Identifier le paradigme de traitement de données statistique,PYTHON-PRG-09,"Utiliser les fonctions map, filter et comprehension de séquences",0,0.4171576500
concevoir-2.5,Identifier le paradigme de traitement de données statistique,PYTHON-PRG-10,Utiliser l'instruction yield,0,0.1782252192
concevoir-2.5,Identifier le paradigme de traitement de données statistique,PYTHON-POO-01,"Définir une classe (attributs, méthodes, initialiseur, etc.)",0,0.3307234645
concevoir-2.5,Identifier le paradigme de traitement de données statistique,PYTHON-POO-02,Utiliser les propriétés,0,0.1287934780
concevoir-2.5,Identifier le paradigme de traitement de données statistique,PYTHON-POO-03,Définir les méthodes spéciales,0,0.3030028045
concevoir-2.5,Identifier le paradigme de traitement de données statistique,PYTHON-POO-04,Définir et utiliser les méthodes statiques et de classes,0,0.3322892785
concevoir-2.5,Identifier le paradigme de traitement de données statistique,PYTHON-POO-05,Définir et utiliser des énumérations,0,0.1850679219
concevoir-2.5,Identifier le paradigme de traitement de données statistique,PYTHON-POO-06,Définir et utiliser des dataclasses,0,0.4561534226
concevoir-2.5,Identifier le paradigme de traitement de données statistique,PYTHON-POO-07,Définir et utiliser des classes abstraites et des protocoles,0,0.2810791731
concevoir-2.5,Identifier le paradigme de traitement de données statistique,PYTHON-POO-08,Définir et utiliser des exceptions,0,0.1551804990
concevoir-2.5,Identifier le paradigme de traitement de données statistique,PYTHON-POO-09,Définir et utiliser des gestionnaires de contexte,0,0.3332035542
concevoir-2.5,Identifier le paradigme de traitement de données statistique,PYTHON-POO-10,Utiliser des flux,0,0.0097856838
concevoir-2.5,Identifier le paradigme de traitement de données statistique,PYTHON-DEV-01,Dissocier Python du Système d'exploitation (pyenv),0,0.1847768426
concevoir-2.5,Identifier le paradigme de traitement de données statistique,PYTHON-DEV-02,Gérer les dépendances,0,0.1610482633
concevoir-2.5,Identifier le paradigme de traitement de données statistique,PYTHON-DEV-03,Céer et utiliser les tests unitaires,0,0.2094979435
concevoir-2.5,Identifier le paradigme de traitement de données statistique,PYTHON-DEV-04,Utiliser les logs,0,0.1566248685
concevoir-2.5,Identifier le paradigme de traitement de données statistique,PYTHON-DEV-05,Utiliser le annotations,0,0.2037945539
concevoir-2.5,Identifier le paradigme de traitement de données statistique,PYTHON-DEV-06,Réaliser une audit statique de code,0,0.2490704060
concevoir-2.5,Identifier le paradigme de traitement de données statistique,PYTHON-ARC-01,Créer des décorateurs,0,0.2132853121
concevoir-2.5,Identifier le paradigme de traitement de données statistique,PYTHON-ARC-02,Créer et utiliser des métaclasses,0,0.3351908624
concevoir-2.5,Identifier le paradigme de traitement de données statistique,PYTHON-ARC-03,Controler l'accès aux attributs,0,0.2066657543
concevoir-2.5,Identifier le paradigme de traitement de données statistique,PYTHON-ARC-04,Créer et utiliser des coroutines,0,0.1179266721
concevoir-3.1,Évaluer la complexité du traitement,PYTHON-PRG-01,"Choisir et utiliser les types de bases (bool, int, float, complex, list, etc.)",0,0.3000234663
concevoir-3.1,Évaluer la complexité du traitement,PYTHON-PRG-02,"Utiliser les structures de contrôle (if, for, while, etc.)",0,0.1975315958
concevoir-3.1,Évaluer la complexité du traitement,PYTHON-PRG-03,"Définir une fonction (arité variable, valeurs par défaut, obligation des paramètres positionnels ou nommés, etc.)",0,0.2277502269
concevoir-3.1,Évaluer la complexité du traitement,PYTHON-PRG-04,"Appeler une fonction (passage de paramètre posiitonnel ou nommé, tuple ou dictionnaire en paramètres effectifs, etc.)",0,0.1597878933
concevoir-3.1,Évaluer la complexité du traitement,PYTHON-PRG-05,"Créer des packages, modules et script",0,0.2509825528
concevoir-3.1,Évaluer la complexité du traitement,PYTHON-PRG-06,"Importer des modules, éléments de modules en les renommant si nécessaire",0,0.2112445533
concevoir-3.1,Évaluer la complexité du traitement,PYTHON-PRG-07,Comprendre l'affectation,0,0.2249315381
concevoir-3.1,Évaluer la complexité du traitement,PYTHON-PRG-08,Utiliser les fonctions lambda,0,0.2681189179
concevoir-3.1,Évaluer la complexité du traitement,PYTHON-PRG-09,"Utiliser les fonctions map, filter et comprehension de séquences",0,0.3247569501
concevoir-3.1,Évaluer la complexité du traitement,PYTHON-PRG-10,Utiliser l'instruction yield,0,0.2318008542
concevoir-3.1,Évaluer la complexité du traitement,PYTHON-POO-01,"Définir une classe (attributs, méthodes, initialiseur, etc.)",0,0.2647748590
concevoir-3.1,Évaluer la complexité du traitement,PYTHON-POO-02,Utiliser les propriétés,0,0.1324971616
concevoir-3.1,Évaluer la complexité du traitement,PYTHON-POO-03,Définir les méthodes spéciales,0,0.3716161251
concevoir-3.1,Évaluer la complexité du traitement,PYTHON-POO-04,Définir et utiliser les méthodes statiques et de classes,0,0.3680762649
concevoir-3.1,Évaluer la complexité du traitement,PYTHON-POO-05,Définir et utiliser des énumérations,0,0.2560406923
concevoir-3.1,Évaluer la complexité du traitement,PYTHON-POO-06,Définir et utiliser des dataclasses,0,0.2068498135
concevoir-3.1,Évaluer la complexité du traitement,PYTHON-POO-07,Définir et utiliser des classes abstraites et des protocoles,0,0.3014613390
concevoir-3.1,Évaluer la complexité du traitement,PYTHON-POO-08,Définir et utiliser des exceptions,0,0.2334002852
concevoir-3.1,Évaluer la complexité du traitement,PYTHON-POO-09,Définir et utiliser des gestionnaires de contexte,0,0.3105641007
concevoir-3.1,Évaluer la complexité du traitement,PYTHON-POO-10,Utiliser des flux,0,0.0677278340
concevoir-3.1,Évaluer la complexité du traitement,PYTHON-DEV-01,Dissocier Python du Système d'exploitation (pyenv),0,0.1124697104
concevoir-3.1,Évaluer la complexité du traitement,PYTHON-DEV-02,Gérer les dépendances,0,0.1957761645
concevoir-3.1,Évaluer la complexité du traitement,PYTHON-DEV-03,Céer et utiliser les tests unitaires,0,0.2403313369
concevoir-3.1,Évaluer la complexité du traitement,PYTHON-DEV-04,Utiliser les logs,0,0.0285433829
concevoir-3.1,Évaluer la complexité du traitement,PYTHON-DEV-05,Utiliser le annotations,0,0.2148986459
concevoir-3.1,Évaluer la complexité du traitement,PYTHON-DEV-06,Réaliser une audit statique de code,0,0.2882038355
concevoir-3.1,Évaluer la complexité du traitement,PYTHON-ARC-01,Créer des décorateurs,0,0.2246671617
concevoir-3.1,Évaluer la complexité du traitement,PYTHON-ARC-02,Créer et utiliser des métaclasses,0,0.3150207400
concevoir-3.1,Évaluer la complexité du traitement,PYTHON-ARC-03,Controler l'accès aux attributs,0,0.1080603525
concevoir-3.1,Évaluer la complexité du traitement,PYTHON-ARC-04,Créer et utiliser des coroutines,0,0.1212454885
concevoir-3.2,Intégrer des patrons de conception,PYTHON-PRG-01,"Choisir et utiliser les types de bases (bool, int, float, complex, list, etc.)",0,0.3674488664
concevoir-3.2,Intégrer des patrons de conception,PYTHON-PRG-02,"Utiliser les structures de contrôle (if, for, while, etc.)",0,0.2641680241
concevoir-3.2,Intégrer des patrons de conception,PYTHON-PRG-03,"Définir une fonction (arité variable, valeurs par défaut, obligation des paramètres positionnels ou nommés, etc.)",0,0.2439941764
concevoir-3.2,Intégrer des patrons de conception,PYTHON-PRG-04,"Appeler une fonction (passage de paramètre posiitonnel ou nommé, tuple ou dictionnaire en paramètres effectifs, etc.)",0,0.2780671716
concevoir-3.2,Intégrer des patrons de conception,PYTHON-PRG-05,"Créer des packages, modules et script",0,0.4337472022
concevoir-3.2,Intégrer des patrons de conception,PYTHON-PRG-06,"Importer des modules, éléments de modules en les renommant si nécessaire",0,0.3284342587
concevoir-3.2,Intégrer des patrons de conception,PYTHON-PRG-07,Comprendre l'affectation,0,0.2707875371
concevoir-3.2,Intégrer des patrons de conception,PYTHON-PRG-08,Utiliser les fonctions lambda,0,0.1955544502
concevoir-3.2,Intégrer des patrons de conception,PYTHON-PRG-09,"Utiliser les fonctions map, filter et comprehension de séquences",0,0.2296278477
concevoir-3.2,Intégrer des patrons de conception,PYTHON-PRG-10,Utiliser l'instruction yield,0,0.1606701910
concevoir-3.2,Intégrer des patrons de conception,PYTHON-POO-01,"Définir une classe (attributs, méthodes, initialiseur, etc.)",0,0.3417767286
concevoir-3.2,Intégrer des patrons de conception,PYTHON-POO-02,Utiliser les propriétés,0,0.2488864958
concevoir-3.2,Intégrer des patrons de conception,PYTHON-POO-03,Définir les méthodes spéciales,0,0.2122704685
concevoir-3.2,Intégrer des patrons de conception,PYTHON-POO-04,Définir et utiliser les méthodes statiques et de classes,0,0.2821089625
concevoir-3.2,Intégrer des patrons de conception,PYTHON-POO-05,Définir et utiliser des énumérations,0,0.1927673221
concevoir-3.2,Intégrer des patrons de conception,PYTHON-POO-06,Définir et utiliser des dataclasses,0,0.2709363103
concevoir-3.2,Intégrer des patrons de conception,PYTHON-POO-07,Définir et utiliser des classes abstraites et des protocoles,0,0.3142795563
concevoir-3.2,Intégrer des patrons de conception,PYTHON-POO-08,Définir et utiliser des exceptions,0,0.1921610981
concevoir-3.2,Intégrer des patrons de conception,PYTHON-POO-09,Définir et utiliser des gestionnaires de contexte,0,0.3561195731
concevoir-3.2,Intégrer des patrons de conception,PYTHON-POO-10,Utiliser des flux,0,0.0849214047
concevoir-3.2,Intégrer des patrons de conception,PYTHON-DEV-01,Dissocier Python du Système d'exploitation (pyenv),0,0.2489917129
concevoir-3.2,Intégrer des patrons de conception,PYTHON-DEV-02,Gérer les dépendances,0,0.1404825449
concevoir-3.2,Intégrer des patrons de conception,PYTHON-DEV-03,Céer et utiliser les tests unitaires,0,0.2716681659
concevoir-3.2,Intégrer des patrons de conception,PYTHON-DEV-04,Utiliser les logs,0,0.2403646559
concevoir-3.2,Intégrer des patrons de conception,PYTHON-DEV-05,Utiliser le annotations,0,0.3256705999
concevoir-3.2,Intégrer des patrons de conception,PYTHON-DEV-06,Réaliser une audit statique de code,0,0.3151655495
concevoir-3.2,Intégrer des patrons de conception,PYTHON-ARC-01,Créer des décorateurs,0,0.4582465887
concevoir-3.2,Intégrer des patrons de conception,PYTHON-ARC-02,Créer et utiliser des métaclasses,0,0.2917128503
concevoir-3.2,Intégrer des patrons de conception,PYTHON-ARC-03,Controler l'accès aux attributs,0,0.3494802117
concevoir-3.2,Intégrer des patrons de conception,PYTHON-ARC-04,Créer et utiliser des coroutines,0,0.3670118153
concevoir-3.3,Adapter le framework,PYTHON-PRG-01,"Choisir et utiliser les types de bases (bool, int, float, complex, list, etc.)",0,0.3746262193
concevoir-3.3,Adapter le framework,PYTHON-PRG-02,"Utiliser les structures de contrôle (if, for, while, etc.)",0,0.2913677692
concevoir-3.3,Adapter le framework,PYTHON-PRG-03,"Définir une fonction (arité variable, valeurs par défaut, obligation des paramètres positionnels ou nommés, etc.)",0,0.1780879498
concevoir-3.3,Adapter le framework,PYTHON-PRG-04,"Appeler une fonction (passage de paramètre posiitonnel ou nommé, tuple ou dictionnaire en paramètres effectifs, etc.)",0,0.2636492252
concevoir-3.3,Adapter le framework,PYTHON-PRG-05,"Créer des packages, modules et script",0,0.3586217761
concevoir-3.3,Adapter le framework,PYTHON-PRG-06,"Importer des modules, éléments de modules en les renommant si nécessaire",0,0.4115454555
concevoir-3.3,Adapter le framework,PYTHON-PRG-07,Comprendre l'affectation,0,0.2468867302
concevoir-3.3,Adapter le framework,PYTHON-PRG-08,Utiliser les fonctions lambda,0,0.1522288322
concevoir-3.3,Adapter le framework,PYTHON-PRG-09,"Utiliser les fonctions map, filter et comprehension de séquences",0,0.2384465188
concevoir-3.3,Adapter le framework,PYTHON-PRG-10,Utiliser l'instruction yield,0,0.2289659679
concevoir-3.3,Adapter le framework,PYTHON-POO-01,"Définir une classe (attributs, méthodes, initialiseur, etc.)",0,0.3879899979
concevoir-3.3,Adapter le framework,PYTHON-POO-02,Utiliser les propriétés,0,0.1057037488
concevoir-3.3,Adapter le framework,PYTHON-POO-03,Définir les méthodes spéciales,0,0.2208472192
concevoir-3.3,Adapter le framework,PYTHON-POO-04,Définir et utiliser les méthodes statiques et de classes,0,0.3588514030
concevoir-3.3,Adapter le framework,PYTHON-POO-05,Définir et utiliser des énumérations,0,0.2198315859
concevoir-3.3,Adapter le framework,PYTHON-POO-06,Définir et utiliser des dataclasses,0,0.2957679033
concevoir-3.3,Adapter le framework,PYTHON-POO-07,Définir et utiliser des classes abstraites et des protocoles,0,0.3930706382
concevoir-3.3,Adapter le framework,PYTHON-POO-08,Définir et utiliser des exceptions,0,0.2479233146
concevoir-3.3,Adapter le framework,PYTHON-POO-09,Définir et utiliser des gestionnaires de contexte,0,0.4023208320
concevoir-3.3,Adapter le framework,PYTHON-POO-10,Utiliser des flux,0,0.0879869312
concevoir-3.3,Adapter le framework,PYTHON-DEV-01,Dissocier Python du Système d'exploitation (pyenv),0,0.1741527915
concevoir-3.3,Adapter le framework,PYTHON-DEV-02,Gérer les dépendances,0,0.2035615146
concevoir-3.3,Adapter le framework,PYTHON-DEV-03,Céer et utiliser les tests unitaires,0,0.0996950716
concevoir-3.3,Adapter le framework,PYTHON-DEV-04,Utiliser les logs,0,0.1716783941
concevoir-3.3,Adapter le framework,PYTHON-DEV-05,Utiliser le annotations,0,0.3171904683
concevoir-3.3,Adapter le framework,PYTHON-DEV-06,Réaliser une audit statique de code,0,0.2518610060
concevoir-3.3,Adapter le framework,PYTHON-ARC-01,Créer des décorateurs,0,0.2857364416
concevoir-3.3,Adapter le framework,PYTHON-ARC-02,Créer et utiliser des métaclasses,0,0.3852613270
concevoir-3.3,Adapter le framework,PYTHON-ARC-03,Controler l'accès aux attributs,0,0.2677181959
concevoir-3.3,Adapter le framework,PYTHON-ARC-04,Créer et utiliser des coroutines,0,0.2115263045
concevoir-3.4,Échanger de manière adaptée et sécurisée les données,PYTHON-PRG-01,"Choisir et utiliser les types de bases (bool, int, float, complex, list, etc.)",0,0.2298660874
concevoir-3.4,Échanger de manière adaptée et sécurisée les données,PYTHON-PRG-02,"Utiliser les structures de contrôle (if, for, while, etc.)",0,0.2484318465
concevoir-3.4,Échanger de manière adaptée et sécurisée les données,PYTHON-PRG-03,"Définir une fonction (arité variable, valeurs par défaut, obligation des paramètres positionnels ou nommés, etc.)",0,0.3167287111
concevoir-3.4,Échanger de manière adaptée et sécurisée les données,PYTHON-PRG-04,"Appeler une fonction (passage de paramètre posiitonnel ou nommé, tuple ou dictionnaire en paramètres effectifs, etc.)",0,0.2667459249
concevoir-3.4,Échanger de manière adaptée et sécurisée les données,PYTHON-PRG-05,"Créer des packages, modules et script",0,0.2644510567
concevoir-3.4,Échanger de manière adaptée et sécurisée les données,PYTHON-PRG-06,"Importer des modules, éléments de modules en les renommant si nécessaire",0,0.3078671694
concevoir-3.4,Échanger de manière adaptée et sécurisée les données,PYTHON-PRG-07,Comprendre l'affectation,0,0.2909943461
concevoir-3.4,Échanger de manière adaptée et sécurisée les données,PYTHON-PRG-08,Utiliser les fonctions lambda,0,0.1843058318
concevoir-3.4,Échanger de manière adaptée et sécurisée les données,PYTHON-PRG-09,"Utiliser les fonctions map, filter et comprehension de séquences",0,0.3512591720
concevoir-3.4,Échanger de manière adaptée et sécurisée les données,PYTHON-PRG-10,Utiliser l'instruction yield,0,0.2399861813
concevoir-3.4,Échanger de manière adaptée et sécurisée les données,PYTHON-POO-01,"Définir une classe (attributs, méthodes, initialiseur, etc.)",0,0.2704539299
concevoir-3.4,Échanger de manière adaptée et sécurisée les données,PYTHON-POO-02,Utiliser les propriétés,0,0.3485466540
concevoir-3.4,Échanger de manière adaptée et sécurisée les données,PYTHON-POO-03,Définir les méthodes spéciales,0,0.2406397015
concevoir-3.4,Échanger de manière adaptée et sécurisée les données,PYTHON-POO-04,Définir et utiliser les méthodes statiques et de classes,0,0.2574615777
concevoir-3.4,Échanger de manière adaptée et sécurisée les données,PYTHON-POO-05,Définir et utiliser des énumérations,0,0.4369307160
concevoir-3.4,Échanger de manière adaptée et sécurisée les données,PYTHON-POO-06,Définir et utiliser des dataclasses,0,0.4404898584
concevoir-3.4,Échanger de manière adaptée et sécurisée les données,PYTHON-POO-07,Définir et utiliser des classes abstraites et des protocoles,0,0.2187803090
concevoir-3.4,Échanger de manière adaptée et sécurisée les données,PYTHON-POO-08,Définir et utiliser des exceptions,0,0.2617828250
concevoir-3.4,Échanger de manière adaptée et sécurisée les données,PYTHON-POO-09,Définir et utiliser des gestionnaires de contexte,0,0.2682117820
concevoir-3.4,Échanger de manière adaptée et sécurisée les données,PYTHON-POO-10,Utiliser des flux,0,0.2774962783
concevoir-3.4,Échanger de manière adaptée et sécurisée les données,PYTHON-DEV-01,Dissocier Python du Système d'exploitation (pyenv),0,0.1826018095
concevoir-3.4,Échanger de manière adaptée et sécurisée les données,PYTHON-DEV-02,Gérer les dépendances,0,0.3150179088
concevoir-3.4,Échanger de manière adaptée et sécurisée les données,PYTHON-DEV-03,Céer et utiliser les tests unitaires,0,0.2428450882
concevoir-3.4,Échanger de manière adaptée et sécurisée les données,PYTHON-DEV-04,Utiliser les logs,0,0.3334503770
concevoir-3.4,Échanger de manière adaptée et sécurisée les données,PYTHON-DEV-05,Utiliser le annotations,0,0.3235939443
concevoir-3.4,Échanger de manière adaptée et sécurisée les données,PYTHON-DEV-06,Réaliser une audit statique de code,0,0.2333158851
concevoir-3.4,Échanger de manière adaptée et sécurisée les données,PYTHON-ARC-01,Créer des décorateurs,0,0.2683840096
concevoir-3.4,Échanger de manière adaptée et sécurisée les données,PYTHON-ARC-02,Créer et utiliser des métaclasses,0,0.2924664021
concevoir-3.4,Échanger de manière adaptée et sécurisée les données,PYTHON-ARC-03,Controler l'accès aux attributs,0,0.1652088463
concevoir-3.4,Échanger de manière adaptée et sécurisée les données,PYTHON-ARC-04,Créer et utiliser des coroutines,0,0.2201795578
concevoir-4.1,Aligner des structures de données issues de différents paradigmes,PYTHON-PRG-01,"Choisir et utiliser les types de bases (bool, int, float, complex, list, etc.)",0,0.4551832676
concevoir-4.1,Aligner des structures de données issues de différents paradigmes,PYTHON-PRG-02,"Utiliser les structures de contrôle (if, for, while, etc.)",0,0.3641260266
concevoir-4.1,Aligner des structures de données issues de différents paradigmes,PYTHON-PRG-03,"Définir une fonction (arité variable, valeurs par défaut, obligation des paramètres positionnels ou nommés, etc.)",0,0.3780916333
concevoir-4.1,Aligner des structures de données issues de différents paradigmes,PYTHON-PRG-04,"Appeler une fonction (passage de paramètre posiitonnel ou nommé, tuple ou dictionnaire en paramètres effectifs, etc.)",0,0.3627247810
concevoir-4.1,Aligner des structures de données issues de différents paradigmes,PYTHON-PRG-05,"Créer des packages, modules et script",0,0.3074584007
concevoir-4.1,Aligner des structures de données issues de différents paradigmes,PYTHON-PRG-06,"Importer des modules, éléments de modules en les renommant si nécessaire",0,0.3311898112
concevoir-4.1,Aligner des structures de données issues de différents paradigmes,PYTHON-PRG-07,Comprendre l'affectation,0,0.2768014669
concevoir-4.1,Aligner des structures de données issues de différents paradigmes,PYTHON-PRG-08,Utiliser les fonctions lambda,0,0.2058193982
concevoir-4.1,Aligner des structures de données issues de différents paradigmes,PYTHON-PRG-09,"Utiliser les fonctions map, filter et comprehension de séquences",0,0.3745009303
concevoir-4.1,Aligner des structures de données issues de différents paradigmes,PYTHON-PRG-10,Utiliser l'instruction yield,0,0.2233310342
concevoir-4.1,Aligner des structures de données issues de différents paradigmes,PYTHON-POO-01,"Définir une classe (attributs, méthodes, initialiseur, etc.)",0,0.3348205388
concevoir-4.1,Aligner des structures de données issues de différents paradigmes,PYTHON-POO-02,Utiliser les propriétés,0,0.1783317626
concevoir-4.1,Aligner des structures de données issues de différents paradigmes,PYTHON-POO-03,Définir les méthodes spéciales,0,0.2109706402
concevoir-4.1,Aligner des structures de données issues de différents paradigmes,PYTHON-POO-04,Définir et utiliser les méthodes statiques et de classes,0,0.3456049562
concevoir-4.1,Aligner des structures de données issues de différents paradigmes,PYTHON-POO-05,Définir et utiliser des énumérations,0,0.3060004115
concevoir-4.1,Aligner des structures de données issues de différents paradigmes,PYTHON-POO-06,Définir et utiliser des dataclasses,0,0.4777699411
concevoir-4.1,Aligner des structures de données issues de différents paradigmes,PYTHON-POO-07,Définir et utiliser des classes abstraites et des protocoles,0,0.3247814775
concevoir-4.1,Aligner des structures de données issues de différents paradigmes,PYTHON-POO-08,Définir et utiliser des exceptions,0,0.2005556822
concevoir-4.1,Aligner des structures de données issues de différents paradigmes,PYTHON-POO-09,Définir et utiliser des gestionnaires de contexte,0,0.3285160661
concevoir-4.1,Aligner des structures de données issues de différents paradigmes,PYTHON-POO-10,Utiliser des flux,0,0.0942096561
concevoir-4.1,Aligner des structures de données issues de différents paradigmes,PYTHON-DEV-01,Dissocier Python du Système d'exploitation (pyenv),0,0.3322880566
concevoir-4.1,Aligner des structures de données issues de différents paradigmes,PYTHON-DEV-02,Gérer les dépendances,0,0.1669942439
concevoir-4.1,Aligner des structures de données issues de différents paradigmes,PYTHON-DEV-03,Céer et utiliser les tests unitaires,0,0.2936821878
concevoir-4.1,Aligner des structures de données issues de différents paradigmes,PYTHON-DEV-04,Utiliser les logs,0,0.2708876729
concevoir-4.1,Aligner des structures de données issues de différents paradigmes,PYTHON-DEV-05,Utiliser le annotations,0,0.4131685793
concevoir-4.1,Aligner des structures de données issues de différents paradigmes,PYTHON-DEV-06,Réaliser une audit statique de code,0,0.2177241296
concevoir-4.1,Aligner des structures de données issues de différents paradigmes,PYTHON-ARC-01,Créer des décorateurs,0,0.2891924977
concevoir-4.1,Aligner des structures de données issues de différents paradigmes,PYTHON-ARC-02,Créer et utiliser des métaclasses,0,0.3220385611
concevoir-4.1,Aligner des structures de données issues de différents paradigmes,PYTHON-ARC-03,Controler l'accès aux attributs,0,0.3170544207
concevoir-4.1,Aligner des structures de données issues de différents paradigmes,PYTHON-ARC-04,Créer et utiliser des coroutines,0,0.1905039847
concevoir-4.2,Choisir le paradigme de programmation le mieux adapté aux traitements,PYTHON-PRG-01,"Choisir et utiliser les types de bases (bool, int, float, complex, list, etc.)",0,0.3676328361
concevoir-4.2,Choisir le paradigme de programmation le mieux adapté aux traitements,PYTHON-PRG-02,"Utiliser les structures de contrôle (if, for, while, etc.)",0,0.2275015414
concevoir-4.2,Choisir le paradigme de programmation le mieux adapté aux traitements,PYTHON-PRG-03,"Définir une fonction (arité variable, valeurs par défaut, obligation des paramètres positionnels ou nommés, etc.)",0,0.2585833669
concevoir-4.2,Choisir le paradigme de programmation le mieux adapté aux traitements,PYTHON-PRG-04,"Appeler une fonction (passage de paramètre posiitonnel ou nommé, tuple ou dictionnaire en paramètres effectifs, etc.)",0,0.3609256446
concevoir-4.2,Choisir le paradigme de programmation le mieux adapté aux traitements,PYTHON-PRG-05,"Créer des packages, modules et script",0,0.3666330874
concevoir-4.2,Choisir le paradigme de programmation le mieux adapté aux traitements,PYTHON-PRG-06,"Importer des modules, éléments de modules en les renommant si nécessaire",0,0.3852957189
concevoir-4.2,Choisir le paradigme de programmation le mieux adapté aux traitements,PYTHON-PRG-07,Comprendre l'affectation,0,0.2563203275
concevoir-4.2,Choisir le paradigme de programmation le mieux adapté aux traitements,PYTHON-PRG-08,Utiliser les fonctions lambda,0,0.2682757974
concevoir-4.2,Choisir le paradigme de programmation le mieux adapté aux traitements,PYTHON-PRG-09,"Utiliser les fonctions map, filter et comprehension de séquences",0,0.3327850699
concevoir-4.2,Choisir le paradigme de programmation le mieux adapté aux traitements,PYTHON-PRG-10,Utiliser l'instruction yield,0,0.1553093642
concevoir-4.2,Choisir le paradigme de programmation le mieux adapté aux traitements,PYTHON-POO-01,"Définir une classe (attributs, méthodes, initialiseur, etc.)",0,0.3352375031
concevoir-4.2,Choisir le paradigme de programmation le mieux adapté aux traitements,PYTHON-POO-02,Utiliser les propriétés,0,0.1495280564
concevoir-4.2,Choisir le paradigme de programmation le mieux adapté aux traitements,PYTHON-POO-03,Définir les méthodes spéciales,0,0.3727608323
concevoir-4.2,Choisir le paradigme de programmation le mieux adapté aux traitements,PYTHON-POO-04,Définir et utiliser les méthodes statiques et de classes,0,0.2894165218
concevoir-4.2,Choisir le paradigme de programmation le mieux adapté aux traitements,PYTHON-POO-05,Définir et utiliser des énumérations,0,0.1435552686
concevoir-4.2,Choisir le paradigme de programmation le mieux adapté aux traitements,PYTHON-POO-06,Définir et utiliser des dataclasses,0,0.3429596722
concevoir-4.2,Choisir le paradigme de programmation le mieux adapté aux traitements,PYTHON-POO-07,Définir et utiliser des classes abstraites et des protocoles,0,0.3049360514
concevoir-4.2,Choisir le paradigme de programmation le mieux adapté aux traitements,PYTHON-POO-08,Définir et utiliser des exceptions,0,0.1681730598
concevoir-4.2,Choisir le paradigme de programmation le mieux adapté aux traitements,PYTHON-POO-09,Définir et utiliser des gestionnaires de contexte,0,0.3705067039
concevoir-4.2,Choisir le paradigme de programmation le mieux adapté aux traitements,PYTHON-POO-10,Utiliser des flux,0,0.1098233461
concevoir-4.2,Choisir le paradigme de programmation le mieux adapté aux traitements,PYTHON-DEV-01,Dissocier Python du Système d'exploitation (pyenv),0,0.2457488179
concevoir-4.2,Choisir le paradigme de programmation le mieux adapté aux traitements,PYTHON-DEV-02,Gérer les dépendances,0,0.3351616263
concevoir-4.2,Choisir le paradigme de programmation le mieux adapté aux traitements,PYTHON-DEV-03,Céer et utiliser les tests unitaires,0,0.1915397942
concevoir-4.2,Choisir le paradigme de programmation le mieux adapté aux traitements,PYTHON-DEV-04,Utiliser les logs,0,0.1644032747
concevoir-4.2,Choisir le paradigme de programmation le mieux adapté aux traitements,PYTHON-DEV-05,Utiliser le annotations,0,0.2337637842
concevoir-4.2,Choisir le paradigme de programmation le mieux adapté aux traitements,PYTHON-DEV-06,Réaliser une audit statique de code,0,0.3251537681
concevoir-4.2,Choisir le paradigme de programmation le mieux adapté aux traitements,PYTHON-ARC-01,Créer des décorateurs,0,0.2584790587
concevoir-4.2,Choisir le paradigme de programmation le mieux adapté aux traitements,PYTHON-ARC-02,Créer et utiliser des métaclasses,0,0.3430649638
concevoir-4.2,Choisir le paradigme de programmation le mieux adapté aux traitements,PYTHON-ARC-03,Controler l'accès aux attributs,0,0.2431415021
concevoir-4.2,Choisir le paradigme de programmation le mieux adapté aux traitements,PYTHON-ARC-04,Créer et utiliser des coroutines,0,0.2283687890
concevoir-4.3,Choisir les patrons d'architecture,PYTHON-PRG-01,"Choisir et utiliser les types de bases (bool, int, float, complex, list, etc.)",0,0.4972059131
concevoir-4.3,Choisir les patrons d'architecture,PYTHON-PRG-02,"Utiliser les structures de contrôle (if, for, while, etc.)",0,0.3436611295
concevoir-4.3,Choisir les patrons d'architecture,PYTHON-PRG-03,"Définir une fonction (arité variable, valeurs par défaut, obligation des paramètres positionnels ou nommés, etc.)",0,0.2220728844
concevoir-4.3,Choisir les patrons d'architecture,PYTHON-PRG-04,"Appeler une fonction (passage de paramètre posiitonnel ou nommé, tuple ou dictionnaire en paramètres effectifs, etc.)",0,0.2980786264
concevoir-4.3,Choisir les patrons d'architecture,PYTHON-PRG-05,"Créer des packages, modules et script",0,0.3595051169
concevoir-4.3,Choisir les patrons d'architecture,PYTHON-PRG-06,"Importer des modules, éléments de modules en les renommant si nécessaire",0,0.3234852552
concevoir-4.3,Choisir les patrons d'architecture,PYTHON-PRG-07,Comprendre l'affectation,0,0.2430293113
concevoir-4.3,Choisir les patrons d'architecture,PYTHON-PRG-08,Utiliser les fonctions lambda,0,0.1286749840
concevoir-4.3,Choisir les patrons d'architecture,PYTHON-PRG-09,"Utiliser les fonctions map, filter et comprehension de séquences",0,0.1852708757
concevoir-4.3,Choisir les patrons d'architecture,PYTHON-PRG-10,Utiliser l'instruction yield,0,0.1005683839
concevoir-4.3,Choisir les patrons d'architecture,PYTHON-POO-01,"Définir une classe (attributs, méthodes, initialiseur, etc.)",0,0.2976241708
concevoir-4.3,Choisir les patrons d'architecture,PYTHON-POO-02,Utiliser les propriétés,0,0.1997227371
concevoir-4.3,Choisir les patrons d'architecture,PYTHON-POO-03,Définir les méthodes spéciales,0,0.1305533946
concevoir-4.3,Choisir les patrons d'architecture,PYTHON-POO-04,Définir et utiliser les méthodes statiques et de classes,0,0.3406736851
concevoir-4.3,Choisir les patrons d'architecture,PYTHON-POO-05,Définir et utiliser des énumérations,0,0.1887380183
concevoir-4.3,Choisir les patrons d'architecture,PYTHON-POO-06,Définir et utiliser des dataclasses,0,0.1762959063
concevoir-4.3,Choisir les patrons d'architecture,PYTHON-POO-07,Définir et utiliser des classes abstraites et des protocoles,0,0.2666065395
concevoir-4.3,Choisir les patrons d'architecture,PYTHON-POO-08,Définir et utiliser des exceptions,0,0.1079363227
concevoir-4.3,Choisir les patrons d'architecture,PYTHON-POO-09,Définir et utiliser des gestionnaires de contexte,0,0.2797195613
concevoir-4.3,Choisir les patrons d'architecture,PYTHON-POO-10,Utiliser des flux,0,0.0693876147
concevoir-4.3,Choisir les patrons d'architecture,PYTHON-DEV-01,Dissocier Python du Système d'exploitation (pyenv),0,0.1649225503
concevoir-4.3,Choisir les patrons d'architecture,PYTHON-DEV-02,Gérer les dépendances,0,0.1153707281
concevoir-4.3,Choisir les patrons d'architecture,PYTHON-DEV-03,Céer et utiliser les tests unitaires,0,0.2171756476
concevoir-4.3,Choisir les patrons d'architecture,PYTHON-DEV-04,Utiliser les logs,0,0.1791303903
concevoir-4.3,Choisir les patrons d'architecture,PYTHON-DEV-05,Utiliser le annotations,0,0.2419404089
concevoir-4.3,Choisir les patrons d'architecture,PYTHON-DEV-06,Réaliser une audit statique de code,0,0.3646698892
concevoir-4.3,Choisir les patrons d'architecture,PYTHON-ARC-01,Créer des décorateurs,0,0.3626914620
concevoir-4.3,Choisir les patrons d'architecture,PYTHON-ARC-02,Créer et utiliser des métaclasses,0,0.2338487804
concevoir-4.3,Choisir les patrons d'architecture,PYTHON-ARC-03,Controler l'accès aux attributs,0,0.2716162205
concevoir-4.3,Choisir les patrons d'architecture,PYTHON-ARC-04,Créer et utiliser des coroutines,0,0.1713848561
concevoir-4.4,"Prétraiter, estimer et prédire un signal à l’aide d’un système non linéaire",PYTHON-PRG-01,"Choisir et utiliser les types de bases (bool, int, float, complex, list, etc.)",0,0.3410198689
concevoir-4.4,"Prétraiter, estimer et prédire un signal à l’aide d’un système non linéaire",PYTHON-PRG-02,"Utiliser les structures de contrôle (if, for, while, etc.)",0,0.3599352837
concevoir-4.4,"Prétraiter, estimer et prédire un signal à l’aide d’un système non linéaire",PYTHON-PRG-03,"Définir une fonction (arité variable, valeurs par défaut, obligation des paramètres positionnels ou nommés, etc.)",0,0.4190892875
concevoir-4.4,"Prétraiter, estimer et prédire un signal à l’aide d’un système non linéaire",PYTHON-PRG-04,"Appeler une fonction (passage de paramètre posiitonnel ou nommé, tuple ou dictionnaire en paramètres effectifs, etc.)",0,0.4251968265
concevoir-4.4,"Prétraiter, estimer et prédire un signal à l’aide d’un système non linéaire",PYTHON-PRG-05,"Créer des packages, modules et script",0,0.3138022721
concevoir-4.4,"Prétraiter, estimer et prédire un signal à l’aide d’un système non linéaire",PYTHON-PRG-06,"Importer des modules, éléments de modules en les renommant si nécessaire",0,0.2849680185
concevoir-4.4,"Prétraiter, estimer et prédire un signal à l’aide d’un système non linéaire",PYTHON-PRG-07,Comprendre l'affectation,0,0.3779006600
concevoir-4.4,"Prétraiter, estimer et prédire un signal à l’aide d’un système non linéaire",PYTHON-PRG-08,Utiliser les fonctions lambda,0,0.3110589981
concevoir-4.4,"Prétraiter, estimer et prédire un signal à l’aide d’un système non linéaire",PYTHON-PRG-09,"Utiliser les fonctions map, filter et comprehension de séquences",0,0.3764943779
concevoir-4.4,"Prétraiter, estimer et prédire un signal à l’aide d’un système non linéaire",PYTHON-PRG-10,Utiliser l'instruction yield,0,0.2680455446
concevoir-4.4,"Prétraiter, estimer et prédire un signal à l’aide d’un système non linéaire",PYTHON-POO-01,"Définir une classe (attributs, méthodes, initialiseur, etc.)",0,0.4726797342
concevoir-4.4,"Prétraiter, estimer et prédire un signal à l’aide d’un système non linéaire",PYTHON-POO-02,Utiliser les propriétés,0,0.4055207670
concevoir-4.4,"Prétraiter, estimer et prédire un signal à l’aide d’un système non linéaire",PYTHON-POO-03,Définir les méthodes spéciales,0,0.4707570672
concevoir-4.4,"Prétraiter, estimer et prédire un signal à l’aide d’un système non linéaire",PYTHON-POO-04,Définir et utiliser les méthodes statiques et de classes,0,0.3312084377
concevoir-4.4,"Prétraiter, estimer et prédire un signal à l’aide d’un système non linéaire",PYTHON-POO-05,Définir et utiliser des énumérations,0,0.3871458471
concevoir-4.4,"Prétraiter, estimer et prédire un signal à l’aide d’un système non linéaire",PYTHON-POO-06,Définir et utiliser des dataclasses,0,0.3575940430
concevoir-4.4,"Prétraiter, estimer et prédire un signal à l’aide d’un système non linéaire",PYTHON-POO-07,Définir et utiliser des classes abstraites et des protocoles,0,0.3573068380
concevoir-4.4,"Prétraiter, estimer et prédire un signal à l’aide d’un système non linéaire",PYTHON-POO-08,Définir et utiliser des exceptions,0,0.2643036842
concevoir-4.4,"Prétraiter, estimer et prédire un signal à l’aide d’un système non linéaire",PYTHON-POO-09,Définir et utiliser des gestionnaires de contexte,0,0.3227938712
concevoir-4.4,"Prétraiter, estimer et prédire un signal à l’aide d’un système non linéaire",PYTHON-POO-10,Utiliser des flux,0,0.3172841966
concevoir-4.4,"Prétraiter, estimer et prédire un signal à l’aide d’un système non linéaire",PYTHON-DEV-01,Dissocier Python du Système d'exploitation (pyenv),0,0.3165729642
concevoir-4.4,"Prétraiter, estimer et prédire un signal à l’aide d’un système non linéaire",PYTHON-DEV-02,Gérer les dépendances,0,0.3843160272
concevoir-4.4,"Prétraiter, estimer et prédire un signal à l’aide d’un système non linéaire",PYTHON-DEV-03,Céer et utiliser les tests unitaires,0,0.3105965257
concevoir-4.4,"Prétraiter, estimer et prédire un signal à l’aide d’un système non linéaire",PYTHON-DEV-04,Utiliser les logs,0,0.2776978612
concevoir-4.4,"Prétraiter, estimer et prédire un signal à l’aide d’un système non linéaire",PYTHON-DEV-05,Utiliser le annotations,0,0.4111436903
concevoir-4.4,"Prétraiter, estimer et prédire un signal à l’aide d’un système non linéaire",PYTHON-DEV-06,Réaliser une audit statique de code,0,0.3080285788
concevoir-4.4,"Prétraiter, estimer et prédire un signal à l’aide d’un système non linéaire",PYTHON-ARC-01,Créer des décorateurs,0,0.5040257573
concevoir-4.4,"Prétraiter, estimer et prédire un signal à l’aide d’un système non linéaire",PYTHON-ARC-02,Créer et utiliser des métaclasses,0,0.3032167256
concevoir-4.4,"Prétraiter, estimer et prédire un signal à l’aide d’un système non linéaire",PYTHON-ARC-03,Controler l'accès aux attributs,0,0.2211875618
concevoir-4.4,"Prétraiter, estimer et prédire un signal à l’aide d’un système non linéaire",PYTHON-ARC-04,Créer et utiliser des coroutines,0,0.2782037854
concevoir-4.5,Échanger de manière adaptée et sécurisée les données en temps réel,PYTHON-PRG-01,"Choisir et utiliser les types de bases (bool, int, float, complex, list, etc.)",0,0.2348745912
concevoir-4.5,Échanger de manière adaptée et sécurisée les données en temps réel,PYTHON-PRG-02,"Utiliser les structures de contrôle (if, for, while, etc.)",0,0.2549991310
concevoir-4.5,Échanger de manière adaptée et sécurisée les données en temps réel,PYTHON-PRG-03,"Définir une fonction (arité variable, valeurs par défaut, obligation des paramètres positionnels ou nommés, etc.)",0,0.3212202191
concevoir-4.5,Échanger de manière adaptée et sécurisée les données en temps réel,PYTHON-PRG-04,"Appeler une fonction (passage de paramètre posiitonnel ou nommé, tuple ou dictionnaire en paramètres effectifs, etc.)",0,0.2884686589
concevoir-4.5,Échanger de manière adaptée et sécurisée les données en temps réel,PYTHON-PRG-05,"Créer des packages, modules et script",0,0.2303126901
concevoir-4.5,Échanger de manière adaptée et sécurisée les données en temps réel,PYTHON-PRG-06,"Importer des modules, éléments de modules en les renommant si nécessaire",0,0.2992863655
concevoir-4.5,Échanger de manière adaptée et sécurisée les données en temps réel,PYTHON-PRG-07,Comprendre l'affectation,0,0.2463140041
concevoir-4.5,Échanger de manière adaptée et sécurisée les données en temps réel,PYTHON-PRG-08,Utiliser les fonctions lambda,0,0.1772820950
concevoir-4.5,Échanger de manière adaptée et sécurisée les données en temps réel,PYTHON-PRG-09,"Utiliser les fonctions map, filter et comprehension de séquences",0,0.3439962268
concevoir-4.5,Échanger de manière adaptée et sécurisée les données en temps réel,PYTHON-PRG-10,Utiliser l'instruction yield,0,0.2103039771
concevoir-4.5,Échanger de manière adaptée et sécurisée les données en temps réel,PYTHON-POO-01,"Définir une classe (attributs, méthodes, initialiseur, etc.)",0,0.2655413747
concevoir-4.5,Échanger de manière adaptée et sécurisée les données en temps réel,PYTHON-POO-02,Utiliser les propriétés,0,0.2651668191
concevoir-4.5,Échanger de manière adaptée et sécurisée les données en temps réel,PYTHON-POO-03,Définir les méthodes spéciales,0,0.2616680264
concevoir-4.5,Échanger de manière adaptée et sécurisée les données en temps réel,PYTHON-POO-04,Définir et utiliser les méthodes statiques et de classes,0,0.2938418388
concevoir-4.5,Échanger de manière adaptée et sécurisée les données en temps réel,PYTHON-POO-05,Définir et utiliser des énumérations,0,0.3983967304
concevoir-4.5,Échanger de manière adaptée et sécurisée les données en temps réel,PYTHON-POO-06,Définir et utiliser des dataclasses,0,0.4143965244
concevoir-4.5,Échanger de manière adaptée et sécurisée les données en temps réel,PYTHON-POO-07,Définir et utiliser des classes abstraites et des protocoles,0,0.2261322737
concevoir-4.5,Échanger de manière adaptée et sécurisée les données en temps réel,PYTHON-POO-08,Définir et utiliser des exceptions,0,0.2571620047
concevoir-4.5,Échanger de manière adaptée et sécurisée les données en temps réel,PYTHON-POO-09,Définir et utiliser des gestionnaires de contexte,0,0.2589836717
concevoir-4.5,Échanger de manière adaptée et sécurisée les données en temps réel,PYTHON-POO-10,Utiliser des flux,0,0.2542866468
concevoir-4.5,Échanger de manière adaptée et sécurisée les données en temps réel,PYTHON-DEV-01,Dissocier Python du Système d'exploitation (pyenv),0,0.1785770357
concevoir-4.5,Échanger de manière adaptée et sécurisée les données en temps réel,PYTHON-DEV-02,Gérer les dépendances,0,0.2951869071
concevoir-4.5,Échanger de manière adaptée et sécurisée les données en temps réel,PYTHON-DEV-03,Céer et utiliser les tests unitaires,0,0.2503740191
concevoir-4.5,Échanger de manière adaptée et sécurisée les données en temps réel,PYTHON-DEV-04,Utiliser les logs,0,0.2272957414
concevoir-4.5,Échanger de manière adaptée et sécurisée les données en temps réel,PYTHON-DEV-05,Utiliser le annotations,0,0.3040084541
concevoir-4.5,Échanger de manière adaptée et sécurisée les données en temps réel,PYTHON-DEV-06,Réaliser une audit statique de code,0,0.2453495264
concevoir-4.5,Échanger de manière adaptée et sécurisée les données en temps réel,PYTHON-ARC-01,Créer des décorateurs,0,0.2363044322
concevoir-4.5,Échanger de manière adaptée et sécurisée les données en temps réel,PYTHON-ARC-02,Créer et utiliser des métaclasses,0,0.2676248550
concevoir-4.5,Échanger de manière adaptée et sécurisée les données en temps réel,PYTHON-ARC-03,Controler l'accès aux attributs,0,0.1650886834
concevoir-4.5,Échanger de manière adaptée et sécurisée les données en temps réel,PYTHON-ARC-04,Créer et utiliser des coroutines,0,0.1892968416
concevoir-4.6,Choisir un modèle optimal d'un problème de traitement de données et évaluer ses performances,PYTHON-PRG-01,"Choisir et utiliser les types de bases (bool, int, float, complex, list, etc.)",0,0.4030619860
concevoir-4.6,Choisir un modèle optimal d'un problème de traitement de données et évaluer ses performances,PYTHON-PRG-02,"Utiliser les structures de contrôle (if, for, while, etc.)",0,0.3341151476
concevoir-4.6,Choisir un modèle optimal d'un problème de traitement de données et évaluer ses performances,PYTHON-PRG-03,"Définir une fonction (arité variable, valeurs par défaut, obligation des paramètres positionnels ou nommés, etc.)",0,0.3355987668
concevoir-4.6,Choisir un modèle optimal d'un problème de traitement de données et évaluer ses performances,PYTHON-PRG-04,"Appeler une fonction (passage de paramètre posiitonnel ou nommé, tuple ou dictionnaire en paramètres effectifs, etc.)",0,0.3576897383
concevoir-4.6,Choisir un modèle optimal d'un problème de traitement de données et évaluer ses performances,PYTHON-PRG-05,"Créer des packages, modules et script",0,0.3999129832
concevoir-4.6,Choisir un modèle optimal d'un problème de traitement de données et évaluer ses performances,PYTHON-PRG-06,"Importer des modules, éléments de modules en les renommant si nécessaire",0,0.3521264791
concevoir-4.6,Choisir un modèle optimal d'un problème de traitement de données et évaluer ses performances,PYTHON-PRG-07,Comprendre l'affectation,0,0.3314928710
concevoir-4.6,Choisir un modèle optimal d'un problème de traitement de données et évaluer ses performances,PYTHON-PRG-08,Utiliser les fonctions lambda,0,0.2405128777
concevoir-4.6,Choisir un modèle optimal d'un problème de traitement de données et évaluer ses performances,PYTHON-PRG-09,"Utiliser les fonctions map, filter et comprehension de séquences",0,0.4098678529
concevoir-4.6,Choisir un modèle optimal d'un problème de traitement de données et évaluer ses performances,PYTHON-PRG-10,Utiliser l'instruction yield,0,0.2032943666
concevoir-4.6,Choisir un modèle optimal d'un problème de traitement de données et évaluer ses performances,PYTHON-POO-01,"Définir une classe (attributs, méthodes, initialiseur, etc.)",0,0.3539427221
concevoir-4.6,Choisir un modèle optimal d'un problème de traitement de données et évaluer ses performances,PYTHON-POO-02,Utiliser les propriétés,0,0.2437697053
concevoir-4.6,Choisir un modèle optimal d'un problème de traitement de données et évaluer ses performances,PYTHON-POO-03,Définir les méthodes spéciales,0,0.3867939115
concevoir-4.6,Choisir un modèle optimal d'un problème de traitement de données et évaluer ses performances,PYTHON-POO-04,Définir et utiliser les méthodes statiques et de classes,0,0.3469117880
concevoir-4.6,Choisir un modèle optimal d'un problème de traitement de données et évaluer ses performances,PYTHON-POO-05,Définir et utiliser des énumérations,0,0.2613998652
concevoir-4.6,Choisir un modèle optimal d'un problème de traitement de données et évaluer ses performances,PYTHON-POO-06,Définir et utiliser des dataclasses,0,0.4819220304
concevoir-4.6,Choisir un modèle optimal d'un problème de traitement de données et évaluer ses performances,PYTHON-POO-07,Définir et utiliser des classes abstraites et des protocoles,0,0.3055267930
concevoir-4.6,Choisir un modèle optimal d'un problème de traitement de données et évaluer ses performances,PYTHON-POO-08,Définir et utiliser des exceptions,0,0.3253888488
concevoir-4.6,Choisir un modèle optimal d'un problème de traitement de données et évaluer ses performances,PYTHON-POO-09,Définir et utiliser des gestionnaires de contexte,0,0.3385658264
concevoir-4.6,Choisir un modèle optimal d'un problème de traitement de données et évaluer ses performances,PYTHON-POO-10,Utiliser des flux,0,0.1320855021
concevoir-4.6,Choisir un modèle optimal d'un problème de traitement de données et évaluer ses performances,PYTHON-DEV-01,Dissocier Python du Système d'exploitation (pyenv),0,0.2155612707
concevoir-4.6,Choisir un modèle optimal d'un problème de traitement de données et évaluer ses performances,PYTHON-DEV-02,Gérer les dépendances,0,0.2433423400
concevoir-4.6,Choisir un modèle optimal d'un problème de traitement de données et évaluer ses performances,PYTHON-DEV-03,Céer et utiliser les tests unitaires,0,0.2642466426
concevoir-4.6,Choisir un modèle optimal d'un problème de traitement de données et évaluer ses performances,PYTHON-DEV-04,Utiliser les logs,0,0.2383268178
concevoir-4.6,Choisir un modèle optimal d'un problème de traitement de données et évaluer ses performances,PYTHON-DEV-05,Utiliser le annotations,0,0.2586564124
concevoir-4.6,Choisir un modèle optimal d'un problème de traitement de données et évaluer ses performances,PYTHON-DEV-06,Réaliser une audit statique de code,0,0.3128265440
concevoir-4.6,Choisir un modèle optimal d'un problème de traitement de données et évaluer ses performances,PYTHON-ARC-01,Créer des décorateurs,0,0.3248482049
concevoir-4.6,Choisir un modèle optimal d'un problème de traitement de données et évaluer ses performances,PYTHON-ARC-02,Créer et utiliser des métaclasses,0,0.3211848438
concevoir-4.6,Choisir un modèle optimal d'un problème de traitement de données et évaluer ses performances,PYTHON-ARC-03,Controler l'accès aux attributs,0,0.1917182952
concevoir-4.6,Choisir un modèle optimal d'un problème de traitement de données et évaluer ses performances,PYTHON-ARC-04,Créer et utiliser des coroutines,0,0.1349725872
developper-1.1,Implémenter efficacement un algorithme dans un langage de la programmation structurée,PYTHON-PRG-01,"Choisir et utiliser les types de bases (bool, int, float, complex, list, etc.)",0,0.3689897060
developper-1.1,Implémenter efficacement un algorithme dans un langage de la programmation structurée,PYTHON-PRG-02,"Utiliser les structures de contrôle (if, for, while, etc.)",0,0.2823923528
developper-1.1,Implémenter efficacement un algorithme dans un langage de la programmation structurée,PYTHON-PRG-03,"Définir une fonction (arité variable, valeurs par défaut, obligation des paramètres positionnels ou nommés, etc.)",0,0.2604466379
developper-1.1,Implémenter efficacement un algorithme dans un langage de la programmation structurée,PYTHON-PRG-04,"Appeler une fonction (passage de paramètre posiitonnel ou nommé, tuple ou dictionnaire en paramètres effectifs, etc.)",0,0.3247348070
developper-1.1,Implémenter efficacement un algorithme dans un langage de la programmation structurée,PYTHON-PRG-05,"Créer des packages, modules et script",0,0.3735997081
developper-1.1,Implémenter efficacement un algorithme dans un langage de la programmation structurée,PYTHON-PRG-06,"Importer des modules, éléments de modules en les renommant si nécessaire",0,0.3029252589
developper-1.1,Implémenter efficacement un algorithme dans un langage de la programmation structurée,PYTHON-PRG-07,Comprendre l'affectation,0,0.2281832099
developper-1.1,Implémenter efficacement un algorithme dans un langage de la programmation structurée,PYTHON-PRG-08,Utiliser les fonctions lambda,0,0.3212078810
developper-1.1,Implémenter efficacement un algorithme dans un langage de la programmation structurée,PYTHON-PRG-09,"Utiliser les fonctions map, filter et comprehension de séquences",0,0.3985808492
developper-1.1,Implémenter efficacement un algorithme dans un langage de la programmation structurée,PYTHON-PRG-10,Utiliser l'instruction yield,0,0.2960119843
developper-1.1,Implémenter efficacement un algorithme dans un langage de la programmation structurée,PYTHON-POO-01,"Définir une classe (attributs, méthodes, initialiseur, etc.)",0,0.3458355963
developper-1.1,Implémenter efficacement un algorithme dans un langage de la programmation structurée,PYTHON-POO-02,Utiliser les propriétés,0,0.2735205889
developper-1.1,Implémenter efficacement un algorithme dans un langage de la programmation structurée,PYTHON-POO-03,Définir les méthodes spéciales,0,0.3178662658
developper-1.1,Implémenter efficacement un algorithme dans un langage de la programmation structurée,PYTHON-POO-04,Définir et utiliser les méthodes statiques et de classes,0,0.4553282857
developper-1.1,Implémenter efficacement un algorithme dans un langage de la programmation structurée,PYTHON-POO-05,Définir et utiliser des énumérations,0,0.2631996572
developper-1.1,Implémenter efficacement un algorithme dans un langage de la programmation structurée,PYTHON-POO-06,Définir et utiliser des dataclasses,0,0.4581739306
developper-1.1,Implémenter efficacement un algorithme dans un langage de la programmation structurée,PYTHON-POO-07,Définir et utiliser des classes abstraites et des protocoles,0,0.4635793269
developper-1.1,Implémenter efficacement un algorithme dans un langage de la programmation structurée,PYTHON-POO-08,Définir et utiliser des exceptions,0,0.2571310103
developper-1.1,Implémenter efficacement un algorithme dans un langage de la programmation structurée,PYTHON-POO-09,Définir et utiliser des gestionnaires de contexte,0,0.4726210237
developper-1.1,Implémenter efficacement un algorithme dans un langage de la programmation structurée,PYTHON-POO-10,Utiliser des flux,0,0.2223781496
developper-1.1,Implémenter efficacement un algorithme dans un langage de la programmation structurée,PYTHON-DEV-01,Dissocier Python du Système d'exploitation (pyenv),0,0.3293666840
developper-1.1,Implémenter efficacement un algorithme dans un langage de la programmation structurée,PYTHON-DEV-02,Gérer les dépendances,0,0.2171584368
developper-1.1,Implémenter efficacement un algorithme dans un langage de la programmation structurée,PYTHON-DEV-03,Céer et utiliser les tests unitaires,0,0.2158314139
developper-1.1,Implémenter efficacement un algorithme dans un langage de la programmation structurée,PYTHON-DEV-04,Utiliser les logs,0,0.3812255859
developper-1.1,Implémenter efficacement un algorithme dans un langage de la programmation structurée,PYTHON-DEV-05,Utiliser le annotations,0,0.3598333001
developper-1.1,Implémenter efficacement un algorithme dans un langage de la programmation structurée,PYTHON-DEV-06,Réaliser une audit statique de code,0,0.2756888866
developper-1.1,Implémenter efficacement un algorithme dans un langage de la programmation structurée,PYTHON-ARC-01,Créer des décorateurs,0,0.2632350326
developper-1.1,Implémenter efficacement un algorithme dans un langage de la programmation structurée,PYTHON-ARC-02,Créer et utiliser des métaclasses,0,0.5125592947
developper-1.1,Implémenter efficacement un algorithme dans un langage de la programmation structurée,PYTHON-ARC-03,Controler l'accès aux attributs,0,0.3523268104
developper-1.1,Implémenter efficacement un algorithme dans un langage de la programmation structurée,PYTHON-ARC-04,Créer et utiliser des coroutines,0,0.3301124871
developper-1.2,Utiliser un logiciel de suivi de version,PYTHON-PRG-01,"Choisir et utiliser les types de bases (bool, int, float, complex, list, etc.)",0,0.3128555417
developper-1.2,Utiliser un logiciel de suivi de version,PYTHON-PRG-02,"Utiliser les structures de contrôle (if, for, while, etc.)",0,0.2572593093
developper-1.2,Utiliser un logiciel de suivi de version,PYTHON-PRG-03,"Définir une fonction (arité variable, valeurs par défaut, obligation des paramètres positionnels ou nommés, etc.)",0,0.3038137555
developper-1.2,Utiliser un logiciel de suivi de version,PYTHON-PRG-04,"Appeler une fonction (passage de paramètre posiitonnel ou nommé, tuple ou dictionnaire en paramètres effectifs, etc.)",0,0.3263307810
developper-1.2,Utiliser un logiciel de suivi de version,PYTHON-PRG-05,"Créer des packages, modules et script",0,0.4062927365
developper-1.2,Utiliser un logiciel de suivi de version,PYTHON-PRG-06,"Importer des modules, éléments de modules en les renommant si nécessaire",0,0.3604712486
developper-1.2,Utiliser un logiciel de suivi de version,PYTHON-PRG-07,Comprendre l'affectation,0,0.1353480816
developper-1.2,Utiliser un logiciel de suivi de version,PYTHON-PRG-08,Utiliser les fonctions lambda,0,0.3397710025
developper-1.2,Utiliser un logiciel de suivi de version,PYTHON-PRG-09,"Utiliser les fonctions map, filter et comprehension de séquences",0,0.4398581684
developper-1.2,Utiliser un logiciel de suivi de version,PYTHON-PRG-10,Utiliser l'instruction yield,0,0.2809726000
developper-1.2,Utiliser un logiciel de suivi de version,PYTHON-POO-01,"Définir une classe (attributs, méthodes, initialiseur, etc.)",0,0.2544809282
developper-1.2,Utiliser un logiciel de suivi de version,PYTHON-POO-02,Utiliser les propriétés,0,0.3367250264
developper-1.2,Utiliser un logiciel de suivi de version,PYTHON-POO-03,Définir les méthodes spéciales,0,0.2547398806
developper-1.2,Utiliser un logiciel de suivi de version,PYTHON-POO-04,Définir et utiliser les méthodes statiques et de classes,0,0.3380377591
developper-1.2,Utiliser un logiciel de suivi de version,PYTHON-POO-05,Définir et utiliser des énumérations,0,0.3158987164
developper-1.2,Utiliser un logiciel de suivi de version,PYTHON-POO-06,Définir et utiliser des dataclasses,0,0.3807138801
developper-1.2,Utiliser un logiciel de suivi de version,PYTHON-POO-07,Définir et utiliser des classes abstraites et des protocoles,0,0.3449728489
developper-1.2,Utiliser un logiciel de suivi de version,PYTHON-POO-08,Définir et utiliser des exceptions,0,0.2601160109
developper-1.2,Utiliser un logiciel de suivi de version,PYTHON-POO-09,Définir et utiliser des gestionnaires de contexte,0,0.3365915418
developper-1.2,Utiliser un logiciel de suivi de version,PYTHON-POO-10,Utiliser des flux,0,0.4260167480
developper-1.2,Utiliser un logiciel de suivi de version,PYTHON-DEV-01,Dissocier Python du Système d'exploitation (pyenv),0,0.2753401101
developper-1.2,Utiliser un logiciel de suivi de version,PYTHON-DEV-02,Gérer les dépendances,0,0.2017749995
developper-1.2,Utiliser un logiciel de suivi de version,PYTHON-DEV-03,Céer et utiliser les tests unitaires,0,0.1881567240
developper-1.2,Utiliser un logiciel de suivi de version,PYTHON-DEV-04,Utiliser les logs,0,0.3614533544
developper-1.2,Utiliser un logiciel de suivi de version,PYTHON-DEV-05,Utiliser le annotations,0,0.3501415551
developper-1.2,Utiliser un logiciel de suivi de version,PYTHON-DEV-06,Réaliser une audit statique de code,0,0.2141847908
developper-1.2,Utiliser un logiciel de suivi de version,PYTHON-ARC-01,Créer des décorateurs,0,0.2732304335
developper-1.2,Utiliser un logiciel de suivi de version,PYTHON-ARC-02,Créer et utiliser des métaclasses,0,0.4311120212
developper-1.2,Utiliser un logiciel de suivi de version,PYTHON-ARC-03,Controler l'accès aux attributs,0,0.2088592649
developper-1.2,Utiliser un logiciel de suivi de version,PYTHON-ARC-04,Créer et utiliser des coroutines,0,0.3409603238
developper-1.3,Caractériser le matériel et le système au regard des besoins,PYTHON-PRG-01,"Choisir et utiliser les types de bases (bool, int, float, complex, list, etc.)",0,0.3292711973
developper-1.3,Caractériser le matériel et le système au regard des besoins,PYTHON-PRG-02,"Utiliser les structures de contrôle (if, for, while, etc.)",0,0.4405610263
developper-1.3,Caractériser le matériel et le système au regard des besoins,PYTHON-PRG-03,"Définir une fonction (arité variable, valeurs par défaut, obligation des paramètres positionnels ou nommés, etc.)",0,0.3047249317
developper-1.3,Caractériser le matériel et le système au regard des besoins,PYTHON-PRG-04,"Appeler une fonction (passage de paramètre posiitonnel ou nommé, tuple ou dictionnaire en paramètres effectifs, etc.)",0,0.3717741966
developper-1.3,Caractériser le matériel et le système au regard des besoins,PYTHON-PRG-05,"Créer des packages, modules et script",0,0.2901070714
developper-1.3,Caractériser le matériel et le système au regard des besoins,PYTHON-PRG-06,"Importer des modules, éléments de modules en les renommant si nécessaire",0,0.2926466465
developper-1.3,Caractériser le matériel et le système au regard des besoins,PYTHON-PRG-07,Comprendre l'affectation,0,0.3204826415
developper-1.3,Caractériser le matériel et le système au regard des besoins,PYTHON-PRG-08,Utiliser les fonctions lambda,0,0.2331115156
developper-1.3,Caractériser le matériel et le système au regard des besoins,PYTHON-PRG-09,"Utiliser les fonctions map, filter et comprehension de séquences",0,0.3494859338
developper-1.3,Caractériser le matériel et le système au regard des besoins,PYTHON-PRG-10,Utiliser l'instruction yield,0,0.2557585835
developper-1.3,Caractériser le matériel et le système au regard des besoins,PYTHON-POO-01,"Définir une classe (attributs, méthodes, initialiseur, etc.)",0,0.3813389540
developper-1.3,Caractériser le matériel et le système au regard des besoins,PYTHON-POO-02,Utiliser les propriétés,0,0.3139646649
developper-1.3,Caractériser le matériel et le système au regard des besoins,PYTHON-POO-03,Définir les méthodes spéciales,0,0.3749569654
developper-1.3,Caractériser le matériel et le système au regard des besoins,PYTHON-POO-04,Définir et utiliser les méthodes statiques et de classes,0,0.3211725354
developper-1.3,Caractériser le matériel et le système au regard des besoins,PYTHON-POO-05,Définir et utiliser des énumérations,0,0.2596228421
developper-1.3,Caractériser le matériel et le système au regard des besoins,PYTHON-POO-06,Définir et utiliser des dataclasses,0,0.3118461072
developper-1.3,Caractériser le matériel et le système au regard des besoins,PYTHON-POO-07,Définir et utiliser des classes abstraites et des protocoles,0,0.3453487158
developper-1.3,Caractériser le matériel et le système au regard des besoins,PYTHON-POO-08,Définir et utiliser des exceptions,0,0.3471666276
developper-1.3,Caractériser le matériel et le système au regard des besoins,PYTHON-POO-09,Définir et utiliser des gestionnaires de contexte,0,0.3666630685
developper-1.3,Caractériser le matériel et le système au regard des besoins,PYTHON-POO-10,Utiliser des flux,0,0.1927228123
developper-1.3,Caractériser le matériel et le système au regard des besoins,PYTHON-DEV-01,Dissocier Python du Système d'exploitation (pyenv),0,0.3228882551
developper-1.3,Caractériser le matériel et le système au regard des besoins,PYTHON-DEV-02,Gérer les dépendances,0,0.3193445802
developper-1.3,Caractériser le matériel et le système au regard des besoins,PYTHON-DEV-03,Céer et utiliser les tests unitaires,0,0.2916010618
developper-1.3,Caractériser le matériel et le système au regard des besoins,PYTHON-DEV-04,Utiliser les logs,0,0.2632374763
developper-1.3,Caractériser le matériel et le système au regard des besoins,PYTHON-DEV-05,Utiliser le annotations,0,0.3272150159
developper-1.3,Caractériser le matériel et le système au regard des besoins,PYTHON-DEV-06,Réaliser une audit statique de code,0,0.3637403250
developper-1.3,Caractériser le matériel et le système au regard des besoins,PYTHON-ARC-01,Créer des décorateurs,0,0.3023283780
developper-1.3,Caractériser le matériel et le système au regard des besoins,PYTHON-ARC-02,Créer et utiliser des métaclasses,0,0.3004083037
developper-1.3,Caractériser le matériel et le système au regard des besoins,PYTHON-ARC-03,Controler l'accès aux attributs,0,0.4180683792
developper-1.3,Caractériser le matériel et le système au regard des besoins,PYTHON-ARC-04,Créer et utiliser des coroutines,0,0.2257623374
developper-2.1,Implémenter dans un langage de la programmation orientée objet à partir de diagrammes UML,PYTHON-PRG-01,"Choisir et utiliser les types de bases (bool, int, float, complex, list, etc.)",0,0.4411535263
developper-2.1,Implémenter dans un langage de la programmation orientée objet à partir de diagrammes UML,PYTHON-PRG-02,"Utiliser les structures de contrôle (if, for, while, etc.)",0,0.3372222185
developper-2.1,Implémenter dans un langage de la programmation orientée objet à partir de diagrammes UML,PYTHON-PRG-03,"Définir une fonction (arité variable, valeurs par défaut, obligation des paramètres positionnels ou nommés, etc.)",0,0.3352982998
developper-2.1,Implémenter dans un langage de la programmation orientée objet à partir de diagrammes UML,PYTHON-PRG-04,"Appeler une fonction (passage de paramètre posiitonnel ou nommé, tuple ou dictionnaire en paramètres effectifs, etc.)",0,0.3982210755
developper-2.1,Implémenter dans un langage de la programmation orientée objet à partir de diagrammes UML,PYTHON-PRG-05,"Créer des packages, modules et script",0,0.4458562136
developper-2.1,Implémenter dans un langage de la programmation orientée objet à partir de diagrammes UML,PYTHON-PRG-06,"Importer des modules, éléments de modules en les renommant si nécessaire",0,0.3807722330
developper-2.1,Implémenter dans un langage de la programmation orientée objet à partir de diagrammes UML,PYTHON-PRG-07,Comprendre l'affectation,0,0.2356619239
developper-2.1,Implémenter dans un langage de la programmation orientée objet à partir de diagrammes UML,PYTHON-PRG-08,Utiliser les fonctions lambda,0,0.4184109867
developper-2.1,Implémenter dans un langage de la programmation orientée objet à partir de diagrammes UML,PYTHON-PRG-09,"Utiliser les fonctions map, filter et comprehension de séquences",0,0.3343272805
developper-2.1,Implémenter dans un langage de la programmation orientée objet à partir de diagrammes UML,PYTHON-PRG-10,Utiliser l'instruction yield,0,0.2565844953
developper-2.1,Implémenter dans un langage de la programmation orientée objet à partir de diagrammes UML,PYTHON-POO-01,"Définir une classe (attributs, méthodes, initialiseur, etc.)",1,0.3881861269
developper-2.1,Implémenter dans un langage de la programmation orientée objet à partir de diagrammes UML,PYTHON-POO-02,Utiliser les propriétés,0,0.2502397895
developper-2.1,Implémenter dans un langage de la programmation orientée objet à partir de diagrammes UML,PYTHON-POO-03,Définir les méthodes spéciales,0,0.2659640312
developper-2.1,Implémenter dans un langage de la programmation orientée objet à partir de diagrammes UML,PYTHON-POO-04,Définir et utiliser les méthodes statiques et de classes,0,0.3936319053
developper-2.1,Implémenter dans un langage de la programmation orientée objet à partir de diagrammes UML,PYTHON-POO-05,Définir et utiliser des énumérations,0,0.3791850209
developper-2.1,Implémenter dans un langage de la programmation orientée objet à partir de diagrammes UML,PYTHON-POO-06,Définir et utiliser des dataclasses,0,0.3738213778
developper-2.1,Implémenter dans un langage de la programmation orientée objet à partir de diagrammes UML,PYTHON-POO-07,Définir et utiliser des classes abstraites et des protocoles,0,0.4748131633
developper-2.1,Implémenter dans un langage de la programmation orientée objet à partir de diagrammes UML,PYTHON-POO-08,Définir et utiliser des exceptions,0,0.3281684518
developper-2.1,Implémenter dans un langage de la programmation orientée objet à partir de diagrammes UML,PYTHON-POO-09,Définir et utiliser des gestionnaires de contexte,0,0.3615558147
developper-2.1,Implémenter dans un langage de la programmation orientée objet à partir de diagrammes UML,PYTHON-POO-10,Utiliser des flux,0,0.2393101454
developper-2.1,Implémenter dans un langage de la programmation orientée objet à partir de diagrammes UML,PYTHON-DEV-01,Dissocier Python du Système d'exploitation (pyenv),0,0.3142290711
developper-2.1,Implémenter dans un langage de la programmation orientée objet à partir de diagrammes UML,PYTHON-DEV-02,Gérer les dépendances,0,0.1704368740
developper-2.1,Implémenter dans un langage de la programmation orientée objet à partir de diagrammes UML,PYTHON-DEV-03,Céer et utiliser les tests unitaires,0,0.2524362206
developper-2.1,Implémenter dans un langage de la programmation orientée objet à partir de diagrammes UML,PYTHON-DEV-04,Utiliser les logs,0,0.3462697566
developper-2.1,Implémenter dans un langage de la programmation orientée objet à partir de diagrammes UML,PYTHON-DEV-05,Utiliser le annotations,0,0.3465280235
developper-2.1,Implémenter dans un langage de la programmation orientée objet à partir de diagrammes UML,PYTHON-DEV-06,Réaliser une audit statique de code,0,0.2184108496
developper-2.1,Implémenter dans un langage de la programmation orientée objet à partir de diagrammes UML,PYTHON-ARC-01,Créer des décorateurs,0,0.3166982532
developper-2.1,Implémenter dans un langage de la programmation orientée objet à partir de diagrammes UML,PYTHON-ARC-02,Créer et utiliser des métaclasses,0,0.4475942254
developper-2.1,Implémenter dans un langage de la programmation orientée objet à partir de diagrammes UML,PYTHON-ARC-03,Controler l'accès aux attributs,0,0.2798349261
developper-2.1,Implémenter dans un langage de la programmation orientée objet à partir de diagrammes UML,PYTHON-ARC-04,Créer et utiliser des coroutines,0,0.2976506948
developper-2.2,Exploiter une documentation,PYTHON-PRG-01,"Choisir et utiliser les types de bases (bool, int, float, complex, list, etc.)",0,0.2137711644
developper-2.2,Exploiter une documentation,PYTHON-PRG-02,"Utiliser les structures de contrôle (if, for, while, etc.)",0,0.2251638919
developper-2.2,Exploiter une documentation,PYTHON-PRG-03,"Définir une fonction (arité variable, valeurs par défaut, obligation des paramètres positionnels ou nommés, etc.)",0,0.1491374373
developper-2.2,Exploiter une documentation,PYTHON-PRG-04,"Appeler une fonction (passage de paramètre posiitonnel ou nommé, tuple ou dictionnaire en paramètres effectifs, etc.)",0,0.2525050640
developper-2.2,Exploiter une documentation,PYTHON-PRG-05,"Créer des packages, modules et script",0,0.1995969117
developper-2.2,Exploiter une documentation,PYTHON-PRG-06,"Importer des modules, éléments de modules en les renommant si nécessaire",0,0.2357473671
developper-2.2,Exploiter une documentation,PYTHON-PRG-07,Comprendre l'affectation,0,0.3561921716
developper-2.2,Exploiter une documentation,PYTHON-PRG-08,Utiliser les fonctions lambda,0,0.1122206599
developper-2.2,Exploiter une documentation,PYTHON-PRG-09,"Utiliser les fonctions map, filter et comprehension de séquences",0,0.2150662690
developper-2.2,Exploiter une documentation,PYTHON-PRG-10,Utiliser l'instruction yield,0,0.2297335267
developper-2.2,Exploiter une documentation,PYTHON-POO-01,"Définir une classe (attributs, méthodes, initialiseur, etc.)",0,0.3097357154
developper-2.2,Exploiter une documentation,PYTHON-POO-02,Utiliser les propriétés,0,0.2384400964
developper-2.2,Exploiter une documentation,PYTHON-POO-03,Définir les méthodes spéciales,0,0.2471527457
developper-2.2,Exploiter une documentation,PYTHON-POO-04,Définir et utiliser les méthodes statiques et de classes,0,0.1141649932
developper-2.2,Exploiter une documentation,PYTHON-POO-05,Définir et utiliser des énumérations,0,0.4517294168
developper-2.2,Exploiter une documentation,PYTHON-POO-06,Définir et utiliser des dataclasses,0,0.2758388519
developper-2.2,Exploiter une documentation,PYTHON-POO-07,Définir et utiliser des classes abstraites et des protocoles,0,0.2257933766
developper-2.2,Exploiter une documentation,PYTHON-POO-08,Définir et utiliser des exceptions,0,0.2212753743
developper-2.2,Exploiter une documentation,PYTHON-POO-09,Définir et utiliser des gestionnaires de contexte,0,0.2580932975
developper-2.2,Exploiter une documentation,PYTHON-POO-10,Utiliser des flux,0,0.2597804666
developper-2.2,Exploiter une documentation,PYTHON-DEV-01,Dissocier Python du Système d'exploitation (pyenv),0,0.0894152820
developper-2.2,Exploiter une documentation,PYTHON-DEV-02,Gérer les dépendances,0,0.2039264143
developper-2.2,Exploiter une documentation,PYTHON-DEV-03,Céer et utiliser les tests unitaires,0,0.1501629353
developper-2.2,Exploiter une documentation,PYTHON-DEV-04,Utiliser les logs,0,0.1824990213
developper-2.2,Exploiter une documentation,PYTHON-DEV-05,Utiliser le annotations,0,0.2875122726
developper-2.2,Exploiter une documentation,PYTHON-DEV-06,Réaliser une audit statique de code,0,0.1982398629
developper-2.2,Exploiter une documentation,PYTHON-ARC-01,Créer des décorateurs,0,0.3619034886
developper-2.2,Exploiter une documentation,PYTHON-ARC-02,Créer et utiliser des métaclasses,0,0.2323075235
developper-2.2,Exploiter une documentation,PYTHON-ARC-03,Controler l'accès aux attributs,0,0.2363322824
developper-2.2,Exploiter une documentation,PYTHON-ARC-04,Créer et utiliser des coroutines,0,0.0749115050
developper-3.1,Caractériser et représenter l’information,PYTHON-PRG-01,"Choisir et utiliser les types de bases (bool, int, float, complex, list, etc.)",0,0.2153600156
developper-3.1,Caractériser et représenter l’information,PYTHON-PRG-02,"Utiliser les structures de contrôle (if, for, while, etc.)",0,0.3289125264
developper-3.1,Caractériser et représenter l’information,PYTHON-PRG-03,"Définir une fonction (arité variable, valeurs par défaut, obligation des paramètres positionnels ou nommés, etc.)",0,0.3330294490
developper-3.1,Caractériser et représenter l’information,PYTHON-PRG-04,"Appeler une fonction (passage de paramètre posiitonnel ou nommé, tuple ou dictionnaire en paramètres effectifs, etc.)",0,0.3130164742
developper-3.1,Caractériser et représenter l’information,PYTHON-PRG-05,"Créer des packages, modules et script",0,0.2155560553
developper-3.1,Caractériser et représenter l’information,PYTHON-PRG-06,"Importer des modules, éléments de modules en les renommant si nécessaire",0,0.1495659947
developper-3.1,Caractériser et représenter l’information,PYTHON-PRG-07,Comprendre l'affectation,0,0.2489029467
developper-3.1,Caractériser et représenter l’information,PYTHON-PRG-08,Utiliser les fonctions lambda,0,0.1665583551
developper-3.1,Caractériser et représenter l’information,PYTHON-PRG-09,"Utiliser les fonctions map, filter et comprehension de séquences",0,0.3377922177
developper-3.1,Caractériser et représenter l’information,PYTHON-PRG-10,Utiliser l'instruction yield,0,0.3331541419
developper-3.1,Caractériser et représenter l’information,PYTHON-POO-01,"Définir une classe (attributs, méthodes, initialiseur, etc.)",1,0.3997475803
developper-3.1,Caractériser et représenter l’information,PYTHON-POO-02,Utiliser les propriétés,0,0.2555772066
developper-3.1,Caractériser et représenter l’information,PYTHON-POO-03,Définir les méthodes spéciales,0,0.2912667096
developper-3.1,Caractériser et représenter l’information,PYTHON-POO-04,Définir et utiliser les méthodes statiques et de classes,0,0.3389408290
developper-3.1,Caractériser et représenter l’information,PYTHON-POO-05,Définir et utiliser des énumérations,1,0.2735303640
developper-3.1,Caractériser et représenter l’information,PYTHON-POO-06,Définir et utiliser des dataclasses,1,0.4217221737
developper-3.1,Caractériser et représenter l’information,PYTHON-POO-07,Définir et utiliser des classes abstraites et des protocoles,1,0.3373526335
developper-3.1,Caractériser et représenter l’information,PYTHON-POO-08,Définir et utiliser des exceptions,0,0.2779123783
developper-3.1,Caractériser et représenter l’information,PYTHON-POO-09,Définir et utiliser des gestionnaires de contexte,0,0.3549152315
developper-3.1,Caractériser et représenter l’information,PYTHON-POO-10,Utiliser des flux,0,0.0895635933
developper-3.1,Caractériser et représenter l’information,PYTHON-DEV-01,Dissocier Python du Système d'exploitation (pyenv),0,0.2673977911
developper-3.1,Caractériser et représenter l’information,PYTHON-DEV-02,Gérer les dépendances,0,0.1756170094
developper-3.1,Caractériser et représenter l’information,PYTHON-DEV-03,Céer et utiliser les tests unitaires,0,0.1997709870
developper-3.1,Caractériser et représenter l’information,PYTHON-DEV-04,Utiliser les logs,0,0.2383614033
developper-3.1,Caractériser et représenter l’information,PYTHON-DEV-05,Utiliser le annotations,0,0.3233248591
developper-3.1,Caractériser et représenter l’information,PYTHON-DEV-06,Réaliser une audit statique de code,0,0.3227438331
developper-3.1,Caractériser et représenter l’information,PYTHON-ARC-01,Créer des décorateurs,0,0.2910698652
developper-3.1,Caractériser et représenter l’information,PYTHON-ARC-02,Créer et utiliser des métaclasses,0,0.3282167912
developper-3.1,Caractériser et représenter l’information,PYTHON-ARC-03,Controler l'accès aux attributs,0,0.3597267866
developper-3.1,Caractériser et représenter l’information,PYTHON-ARC-04,Créer et utiliser des coroutines,0,0.1414802670
developper-3.2,Optimiser et sécuriser l’échange de données,PYTHON-PRG-01,"Choisir et utiliser les types de bases (bool, int, float, complex, list, etc.)",0,0.2219754159
developper-3.2,Optimiser et sécuriser l’échange de données,PYTHON-PRG-02,"Utiliser les structures de contrôle (if, for, while, etc.)",0,0.2926419079
developper-3.2,Optimiser et sécuriser l’échange de données,PYTHON-PRG-03,"Définir une fonction (arité variable, valeurs par défaut, obligation des paramètres positionnels ou nommés, etc.)",0,0.2458830923
developper-3.2,Optimiser et sécuriser l’échange de données,PYTHON-PRG-04,"Appeler une fonction (passage de paramètre posiitonnel ou nommé, tuple ou dictionnaire en paramètres effectifs, etc.)",0,0.2400750369
developper-3.2,Optimiser et sécuriser l’échange de données,PYTHON-PRG-05,"Créer des packages, modules et script",0,0.2345002145
developper-3.2,Optimiser et sécuriser l’échange de données,PYTHON-PRG-06,"Importer des modules, éléments de modules en les renommant si nécessaire",0,0.2914074659
developper-3.2,Optimiser et sécuriser l’échange de données,PYTHON-PRG-07,Comprendre l'affectation,0,0.1713081002
developper-3.2,Optimiser et sécuriser l’échange de données,PYTHON-PRG-08,Utiliser les fonctions lambda,0,0.0788007826
developper-3.2,Optimiser et sécuriser l’échange de données,PYTHON-PRG-09,"Utiliser les fonctions map, filter et comprehension de séquences",0,0.3532893062
developper-3.2,Optimiser et sécuriser l’échange de données,PYTHON-PRG-10,Utiliser l'instruction yield,0,0.1871394515
developper-3.2,Optimiser et sécuriser l’échange de données,PYTHON-POO-01,"Définir une classe (attributs, méthodes, initialiseur, etc.)",0,0.2463611364
developper-3.2,Optimiser et sécuriser l’échange de données,PYTHON-POO-02,Utiliser les propriétés,0,0.2557017803
developper-3.2,Optimiser et sécuriser l’échange de données,PYTHON-POO-03,Définir les méthodes spéciales,0,0.3002631664
developper-3.2,Optimiser et sécuriser l’échange de données,PYTHON-POO-04,Définir et utiliser les méthodes statiques et de classes,0,0.2655609846
developper-3.2,Optimiser et sécuriser l’échange de données,PYTHON-POO-05,Définir et utiliser des énumérations,0,0.2967278361
developper-3.2,Optimiser et sécuriser l’échange de données,PYTHON-POO-06,Définir et utiliser des dataclasses,0,0.3763806522
developper-3.2,Optimiser et sécuriser l’échange de données,PYTHON-POO-07,Définir et utiliser des classes abstraites et des protocoles,0,0.2367231250
developper-3.2,Optimiser et sécuriser l’échange de données,PYTHON-POO-08,Définir et utiliser des exceptions,0,0.2016461194
developper-3.2,Optimiser et sécuriser l’échange de données,PYTHON-POO-09,Définir et utiliser des gestionnaires de contexte,0,0.2940260768
developper-3.2,Optimiser et sécuriser l’échange de données,PYTHON-POO-10,Utiliser des flux,1,0.3077447414
developper-3.2,Optimiser et sécuriser l’échange de données,PYTHON-DEV-01,Dissocier Python du Système d'exploitation (pyenv),0,0.1970215291
developper-3.2,Optimiser et sécuriser l’échange de données,PYTHON-DEV-02,Gérer les dépendances,0,0.2352654934
developper-3.2,Optimiser et sécuriser l’échange de données,PYTHON-DEV-03,Céer et utiliser les tests unitaires,0,0.2513771951
developper-3.2,Optimiser et sécuriser l’échange de données,PYTHON-DEV-04,Utiliser les logs,0,0.3194856644
developper-3.2,Optimiser et sécuriser l’échange de données,PYTHON-DEV-05,Utiliser le annotations,0,0.2904564142
developper-3.2,Optimiser et sécuriser l’échange de données,PYTHON-DEV-06,Réaliser une audit statique de code,0,0.2421255559
developper-3.2,Optimiser et sécuriser l’échange de données,PYTHON-ARC-01,Créer des décorateurs,0,0.2738965154
developper-3.2,Optimiser et sécuriser l’échange de données,PYTHON-ARC-02,Créer et utiliser des métaclasses,0,0.2383568883
developper-3.2,Optimiser et sécuriser l’échange de données,PYTHON-ARC-03,Controler l'accès aux attributs,0,0.2608792782
developper-3.2,Optimiser et sécuriser l’échange de données,PYTHON-ARC-04,Créer et utiliser des coroutines,0,0.2160550058
developper-3.3,Utiliser et paramétrer des frameworks adaptés,PYTHON-PRG-01,"Choisir et utiliser les types de bases (bool, int, float, complex, list, etc.)",0,0.4140505791
developper-3.3,Utiliser et paramétrer des frameworks adaptés,PYTHON-PRG-02,"Utiliser les structures de contrôle (if, for, while, etc.)",0,0.4145761728
developper-3.3,Utiliser et paramétrer des frameworks adaptés,PYTHON-PRG-03,"Définir une fonction (arité variable, valeurs par défaut, obligation des paramètres positionnels ou nommés, etc.)",0,0.3109114170
developper-3.3,Utiliser et paramétrer des frameworks adaptés,PYTHON-PRG-04,"Appeler une fonction (passage de paramètre posiitonnel ou nommé, tuple ou dictionnaire en paramètres effectifs, etc.)",0,0.3785364628
developper-3.3,Utiliser et paramétrer des frameworks adaptés,PYTHON-PRG-05,"Créer des packages, modules et script",0,0.4276514053
developper-3.3,Utiliser et paramétrer des frameworks adaptés,PYTHON-PRG-06,"Importer des modules, éléments de modules en les renommant si nécessaire",0,0.4682177901
developper-3.3,Utiliser et paramétrer des frameworks adaptés,PYTHON-PRG-07,Comprendre l'affectation,0,0.2290294766
developper-3.3,Utiliser et paramétrer des frameworks adaptés,PYTHON-PRG-08,Utiliser les fonctions lambda,0,0.2683086693
developper-3.3,Utiliser et paramétrer des frameworks adaptés,PYTHON-PRG-09,"Utiliser les fonctions map, filter et comprehension de séquences",0,0.3274377584
developper-3.3,Utiliser et paramétrer des frameworks adaptés,PYTHON-PRG-10,Utiliser l'instruction yield,0,0.2965894938
developper-3.3,Utiliser et paramétrer des frameworks adaptés,PYTHON-POO-01,"Définir une classe (attributs, méthodes, initialiseur, etc.)",0,0.3876402378
developper-3.3,Utiliser et paramétrer des frameworks adaptés,PYTHON-POO-02,Utiliser les propriétés,0,0.2616870403
developper-3.3,Utiliser et paramétrer des frameworks adaptés,PYTHON-POO-03,Définir les méthodes spéciales,0,0.3477342427
developper-3.3,Utiliser et paramétrer des frameworks adaptés,PYTHON-POO-04,Définir et utiliser les méthodes statiques et de classes,0,0.3866583407
developper-3.3,Utiliser et paramétrer des frameworks adaptés,PYTHON-POO-05,Définir et utiliser des énumérations,0,0.2777024508
developper-3.3,Utiliser et paramétrer des frameworks adaptés,PYTHON-POO-06,Définir et utiliser des dataclasses,0,0.4191499650
developper-3.3,Utiliser et paramétrer des frameworks adaptés,PYTHON-POO-07,Définir et utiliser des classes abstraites et des protocoles,0,0.4115444124
developper-3.3,Utiliser et paramétrer des frameworks adaptés,PYTHON-POO-08,Définir et utiliser des exceptions,0,0.3839885294
developper-3.3,Utiliser et paramétrer des frameworks adaptés,PYTHON-POO-09,Définir et utiliser des gestionnaires de contexte,0,0.4605807066
developper-3.3,Utiliser et paramétrer des frameworks adaptés,PYTHON-POO-10,Utiliser des flux,0,0.2514521778
developper-3.3,Utiliser et paramétrer des frameworks adaptés,PYTHON-DEV-01,Dissocier Python du Système d'exploitation (pyenv),0,0.2472040653
developper-3.3,Utiliser et paramétrer des frameworks adaptés,PYTHON-DEV-02,Gérer les dépendances,0,0.2776036859
developper-3.3,Utiliser et paramétrer des frameworks adaptés,PYTHON-DEV-03,Céer et utiliser les tests unitaires,0,0.1865446121
developper-3.3,Utiliser et paramétrer des frameworks adaptés,PYTHON-DEV-04,Utiliser les logs,1,0.3549055457
developper-3.3,Utiliser et paramétrer des frameworks adaptés,PYTHON-DEV-05,Utiliser le annotations,0,0.3618201613
developper-3.3,Utiliser et paramétrer des frameworks adaptés,PYTHON-DEV-06,Réaliser une audit statique de code,0,0.2804435492
developper-3.3,Utiliser et paramétrer des frameworks adaptés,PYTHON-ARC-01,Créer des décorateurs,0,0.3281376958
developper-3.3,Utiliser et paramétrer des frameworks adaptés,PYTHON-ARC-02,Créer et utiliser des métaclasses,0,0.4603598714
developper-3.3,Utiliser et paramétrer des frameworks adaptés,PYTHON-ARC-03,Controler l'accès aux attributs,0,0.3543393910
developper-3.3,Utiliser et paramétrer des frameworks adaptés,PYTHON-ARC-04,Créer et utiliser des coroutines,0,0.2793775797
developper-4.1,Automatiser les tâches de validation et de déploiement,PYTHON-PRG-01,"Choisir et utiliser les types de bases (bool, int, float, complex, list, etc.)",0,0.2525394559
developper-4.1,Automatiser les tâches de validation et de déploiement,PYTHON-PRG-02,"Utiliser les structures de contrôle (if, for, while, etc.)",0,0.3481765985
developper-4.1,Automatiser les tâches de validation et de déploiement,PYTHON-PRG-03,"Définir une fonction (arité variable, valeurs par défaut, obligation des paramètres positionnels ou nommés, etc.)",0,0.3241779506
developper-4.1,Automatiser les tâches de validation et de déploiement,PYTHON-PRG-04,"Appeler une fonction (passage de paramètre posiitonnel ou nommé, tuple ou dictionnaire en paramètres effectifs, etc.)",0,0.3232924342
developper-4.1,Automatiser les tâches de validation et de déploiement,PYTHON-PRG-05,"Créer des packages, modules et script",0,0.3310910761
developper-4.1,Automatiser les tâches de validation et de déploiement,PYTHON-PRG-06,"Importer des modules, éléments de modules en les renommant si nécessaire",0,0.3950612545
developper-4.1,Automatiser les tâches de validation et de déploiement,PYTHON-PRG-07,Comprendre l'affectation,0,0.2266384959
developper-4.1,Automatiser les tâches de validation et de déploiement,PYTHON-PRG-08,Utiliser les fonctions lambda,0,0.3163016438
developper-4.1,Automatiser les tâches de validation et de déploiement,PYTHON-PRG-09,"Utiliser les fonctions map, filter et comprehension de séquences",0,0.3495981097
developper-4.1,Automatiser les tâches de validation et de déploiement,PYTHON-PRG-10,Utiliser l'instruction yield,0,0.2448258996
developper-4.1,Automatiser les tâches de validation et de déploiement,PYTHON-POO-01,"Définir une classe (attributs, méthodes, initialiseur, etc.)",0,0.2825745344
developper-4.1,Automatiser les tâches de validation et de déploiement,PYTHON-POO-02,Utiliser les propriétés,0,0.2564104199
developper-4.1,Automatiser les tâches de validation et de déploiement,PYTHON-POO-03,Définir les méthodes spéciales,0,0.3325698972
developper-4.1,Automatiser les tâches de validation et de déploiement,PYTHON-POO-04,Définir et utiliser les méthodes statiques et de classes,0,0.4332773089
developper-4.1,Automatiser les tâches de validation et de déploiement,PYTHON-POO-05,Définir et utiliser des énumérations,0,0.2781886756
developper-4.1,Automatiser les tâches de validation et de déploiement,PYTHON-POO-06,Définir et utiliser des dataclasses,0,0.2677223086
developper-4.1,Automatiser les tâches de validation et de déploiement,PYTHON-POO-07,Définir et utiliser des classes abstraites et des protocoles,0,0.3125214577
developper-4.1,Automatiser les tâches de validation et de déploiement,PYTHON-POO-08,Définir et utiliser des exceptions,0,0.2854471803
developper-4.1,Automatiser les tâches de validation et de déploiement,PYTHON-POO-09,Définir et utiliser des gestionnaires de contexte,0,0.3634500504
developper-4.1,Automatiser les tâches de validation et de déploiement,PYTHON-POO-10,Utiliser des flux,0,0.2990200520
developper-4.1,Automatiser les tâches de validation et de déploiement,PYTHON-DEV-01,Dissocier Python du Système d'exploitation (pyenv),1,0.2625002563
developper-4.1,Automatiser les tâches de validation et de déploiement,PYTHON-DEV-02,Gérer les dépendances,1,0.2528599203
developper-4.1,Automatiser les tâches de validation et de déploiement,PYTHON-DEV-03,Céer et utiliser les tests unitaires,0,0.3071185648
developper-4.1,Automatiser les tâches de validation et de déploiement,PYTHON-DEV-04,Utiliser les logs,0,0.2327543050
developper-4.1,Automatiser les tâches de validation et de déploiement,PYTHON-DEV-05,Utiliser le annotations,0,0.4636732042
developper-4.1,Automatiser les tâches de validation et de déploiement,PYTHON-DEV-06,Réaliser une audit statique de code,0,0.3761959076
developper-4.1,Automatiser les tâches de validation et de déploiement,PYTHON-ARC-01,Créer des décorateurs,0,0.3206253350
developper-4.1,Automatiser les tâches de validation et de déploiement,PYTHON-ARC-02,Créer et utiliser des métaclasses,0,0.2580901980
developper-4.1,Automatiser les tâches de validation et de déploiement,PYTHON-ARC-03,Controler l'accès aux attributs,0,0.3890824318
developper-4.1,Automatiser les tâches de validation et de déploiement,PYTHON-ARC-04,Créer et utiliser des coroutines,0,0.3115552068
developper-4.2,Mettre en œuvre l’architecture matérielle et logicielle,PYTHON-PRG-01,"Choisir et utiliser les types de bases (bool, int, float, complex, list, etc.)",0,0.3977511525
developper-4.2,Mettre en œuvre l’architecture matérielle et logicielle,PYTHON-PRG-02,"Utiliser les structures de contrôle (if, for, while, etc.)",0,0.3434300125
developper-4.2,Mettre en œuvre l’architecture matérielle et logicielle,PYTHON-PRG-03,"Définir une fonction (arité variable, valeurs par défaut, obligation des paramètres positionnels ou nommés, etc.)",0,0.2941593826
developper-4.2,Mettre en œuvre l’architecture matérielle et logicielle,PYTHON-PRG-04,"Appeler une fonction (passage de paramètre posiitonnel ou nommé, tuple ou dictionnaire en paramètres effectifs, etc.)",0,0.2729726434
developper-4.2,Mettre en œuvre l’architecture matérielle et logicielle,PYTHON-PRG-05,"Créer des packages, modules et script",0,0.4165041447
developper-4.2,Mettre en œuvre l’architecture matérielle et logicielle,PYTHON-PRG-06,"Importer des modules, éléments de modules en les renommant si nécessaire",0,0.2795749307
developper-4.2,Mettre en œuvre l’architecture matérielle et logicielle,PYTHON-PRG-07,Comprendre l'affectation,0,0.2549238801
developper-4.2,Mettre en œuvre l’architecture matérielle et logicielle,PYTHON-PRG-08,Utiliser les fonctions lambda,0,0.2446286082
developper-4.2,Mettre en œuvre l’architecture matérielle et logicielle,PYTHON-PRG-09,"Utiliser les fonctions map, filter et comprehension de séquences",0,0.2484092265
developper-4.2,Mettre en œuvre l’architecture matérielle et logicielle,PYTHON-PRG-10,Utiliser l'instruction yield,0,0.2247468531
developper-4.2,Mettre en œuvre l’architecture matérielle et logicielle,PYTHON-POO-01,"Définir une classe (attributs, méthodes, initialiseur, etc.)",0,0.2986479998
developper-4.2,Mettre en œuvre l’architecture matérielle et logicielle,PYTHON-POO-02,Utiliser les propriétés,0,0.3004717827
developper-4.2,Mettre en œuvre l’architecture matérielle et logicielle,PYTHON-POO-03,Définir les méthodes spéciales,0,0.3322317600
developper-4.2,Mettre en œuvre l’architecture matérielle et logicielle,PYTHON-POO-04,Définir et utiliser les méthodes statiques et de classes,0,0.4892537892
developper-4.2,Mettre en œuvre l’architecture matérielle et logicielle,PYTHON-POO-05,Définir et utiliser des énumérations,0,0.1286031157
developper-4.2,Mettre en œuvre l’architecture matérielle et logicielle,PYTHON-POO-06,Définir et utiliser des dataclasses,0,0.3604226112
developper-4.2,Mettre en œuvre l’architecture matérielle et logicielle,PYTHON-POO-07,Définir et utiliser des classes abstraites et des protocoles,0,0.4485491514
developper-4.2,Mettre en œuvre l’architecture matérielle et logicielle,PYTHON-POO-08,Définir et utiliser des exceptions,0,0.1686829627
developper-4.2,Mettre en œuvre l’architecture matérielle et logicielle,PYTHON-POO-09,Définir et utiliser des gestionnaires de contexte,0,0.3438013494
developper-4.2,Mettre en œuvre l’architecture matérielle et logicielle,PYTHON-POO-10,Utiliser des flux,0,0.1703206301
developper-4.2,Mettre en œuvre l’architecture matérielle et logicielle,PYTHON-DEV-01,Dissocier Python du Système d'exploitation (pyenv),0,0.2963240147
developper-4.2,Mettre en œuvre l’architecture matérielle et logicielle,PYTHON-DEV-02,Gérer les dépendances,0,0.2548087835
developper-4.2,Mettre en œuvre l’architecture matérielle et logicielle,PYTHON-DEV-03,Céer et utiliser les tests unitaires,0,0.1634389162
developper-4.2,Mettre en œuvre l’architecture matérielle et logicielle,PYTHON-DEV-04,Utiliser les logs,0,0.2532430887
developper-4.2,Mettre en œuvre l’architecture matérielle et logicielle,PYTHON-DEV-05,Utiliser le annotations,0,0.0921690241
developper-4.2,Mettre en œuvre l’architecture matérielle et logicielle,PYTHON-DEV-06,Réaliser une audit statique de code,0,0.2784463167
developper-4.2,Mettre en œuvre l’architecture matérielle et logicielle,PYTHON-ARC-01,Créer des décorateurs,0,0.4213730693
developper-4.2,Mettre en œuvre l’architecture matérielle et logicielle,PYTHON-ARC-02,Créer et utiliser des métaclasses,0,0.3585169911
developper-4.2,Mettre en œuvre l’architecture matérielle et logicielle,PYTHON-ARC-03,Controler l'accès aux attributs,0,0.2080703378
developper-4.2,Mettre en œuvre l’architecture matérielle et logicielle,PYTHON-ARC-04,Créer et utiliser des coroutines,0,0.3632567227
gerer-1.1,Utiliser une forge pour la gestion des tickets,PYTHON-PRG-01,"Choisir et utiliser les types de bases (bool, int, float, complex, list, etc.)",0,0.3095915616
gerer-1.1,Utiliser une forge pour la gestion des tickets,PYTHON-PRG-02,"Utiliser les structures de contrôle (if, for, while, etc.)",0,0.3443544805
gerer-1.1,Utiliser une forge pour la gestion des tickets,PYTHON-PRG-03,"Définir une fonction (arité variable, valeurs par défaut, obligation des paramètres positionnels ou nommés, etc.)",0,0.1775259227
gerer-1.1,Utiliser une forge pour la gestion des tickets,PYTHON-PRG-04,"Appeler une fonction (passage de paramètre posiitonnel ou nommé, tuple ou dictionnaire en paramètres effectifs, etc.)",0,0.3287035525
gerer-1.1,Utiliser une forge pour la gestion des tickets,PYTHON-PRG-05,"Créer des packages, modules et script",0,0.2768776417
gerer-1.1,Utiliser une forge pour la gestion des tickets,PYTHON-PRG-06,"Importer des modules, éléments de modules en les renommant si nécessaire",0,0.1594187915
gerer-1.1,Utiliser une forge pour la gestion des tickets,PYTHON-PRG-07,Comprendre l'affectation,0,0.1778611243
gerer-1.1,Utiliser une forge pour la gestion des tickets,PYTHON-PRG-08,Utiliser les fonctions lambda,0,0.2815648913
gerer-1.1,Utiliser une forge pour la gestion des tickets,PYTHON-PRG-09,"Utiliser les fonctions map, filter et comprehension de séquences",0,0.2629205585
gerer-1.1,Utiliser une forge pour la gestion des tickets,PYTHON-PRG-10,Utiliser l'instruction yield,0,0.2244504243
gerer-1.1,Utiliser une forge pour la gestion des tickets,PYTHON-POO-01,"Définir une classe (attributs, méthodes, initialiseur, etc.)",0,0.1746622920
gerer-1.1,Utiliser une forge pour la gestion des tickets,PYTHON-POO-02,Utiliser les propriétés,0,0.3347051144
gerer-1.1,Utiliser une forge pour la gestion des tickets,PYTHON-POO-03,Définir les méthodes spéciales,0,0.2756950259
gerer-1.1,Utiliser une forge pour la gestion des tickets,PYTHON-POO-04,Définir et utiliser les méthodes statiques et de classes,0,0.3549009562
gerer-1.1,Utiliser une forge pour la gestion des tickets,PYTHON-POO-05,Définir et utiliser des énumérations,0,0.3009737730
gerer-1.1,Utiliser une forge pour la gestion des tickets,PYTHON-POO-06,Définir et utiliser des dataclasses,0,0.2405459881
gerer-1.1,Utiliser une forge pour la gestion des tickets,PYTHON-POO-07,Définir et utiliser des classes abstraites et des protocoles,0,0.3121995330
gerer-1.1,Utiliser une forge pour la gestion des tickets,PYTHON-POO-08,Définir et utiliser des exceptions,0,0.2874371111
gerer-1.1,Utiliser une forge pour la gestion des tickets,PYTHON-POO-09,Définir et utiliser des gestionnaires de contexte,0,0.4004596472
gerer-1.1,Utiliser une forge pour la gestion des tickets,PYTHON-POO-10,Utiliser des flux,0,0.3947181106
gerer-1.1,Utiliser une forge pour la gestion des tickets,PYTHON-DEV-01,Dissocier Python du Système d'exploitation (pyenv),0,0.1439240724
gerer-1.1,Utiliser une forge pour la gestion des tickets,PYTHON-DEV-02,Gérer les dépendances,0,0.2812100351
gerer-1.1,Utiliser une forge pour la gestion des tickets,PYTHON-DEV-03,Céer et utiliser les tests unitaires,0,0.3874458075
gerer-1.1,Utiliser une forge pour la gestion des tickets,PYTHON-DEV-04,Utiliser les logs,0,0.4158638418
gerer-1.1,Utiliser une forge pour la gestion des tickets,PYTHON-DEV-05,Utiliser le annotations,0,0.4460087419
gerer-1.1,Utiliser une forge pour la gestion des tickets,PYTHON-DEV-06,Réaliser une audit statique de code,0,0.2378665060
gerer-1.1,Utiliser une forge pour la gestion des tickets,PYTHON-ARC-01,Créer des décorateurs,0,0.3016026616
gerer-1.1,Utiliser une forge pour la gestion des tickets,PYTHON-ARC-02,Créer et utiliser des métaclasses,0,0.3217967153
gerer-1.1,Utiliser une forge pour la gestion des tickets,PYTHON-ARC-03,Controler l'accès aux attributs,0,0.2402467132
gerer-1.1,Utiliser une forge pour la gestion des tickets,PYTHON-ARC-04,Créer et utiliser des coroutines,0,0.3968646526
gerer-1.2,Utiliser le cycle de développement en V,PYTHON-PRG-01,"Choisir et utiliser les types de bases (bool, int, float, complex, list, etc.)",0,0.2728208303
gerer-1.2,Utiliser le cycle de développement en V,PYTHON-PRG-02,"Utiliser les structures de contrôle (if, for, while, etc.)",0,0.2178236842
gerer-1.2,Utiliser le cycle de développement en V,PYTHON-PRG-03,"Définir une fonction (arité variable, valeurs par défaut, obligation des paramètres positionnels ou nommés, etc.)",0,0.2392323762
gerer-1.2,Utiliser le cycle de développement en V,PYTHON-PRG-04,"Appeler une fonction (passage de paramètre posiitonnel ou nommé, tuple ou dictionnaire en paramètres effectifs, etc.)",0,0.2612715364
gerer-1.2,Utiliser le cycle de développement en V,PYTHON-PRG-05,"Créer des packages, modules et script",0,0.3927169144
gerer-1.2,Utiliser le cycle de développement en V,PYTHON-PRG-06,"Importer des modules, éléments de modules en les renommant si nécessaire",0,0.3356034160
gerer-1.2,Utiliser le cycle de développement en V,PYTHON-PRG-07,Comprendre l'affectation,0,0.1608131379
gerer-1.2,Utiliser le cycle de développement en V,PYTHON-PRG-08,Utiliser les fonctions lambda,0,0.2895665169
gerer-1.2,Utiliser le cycle de développement en V,PYTHON-PRG-09,"Utiliser les fonctions map, filter et comprehension de séquences",0,0.2677942514
gerer-1.2,Utiliser le cycle de développement en V,PYTHON-PRG-10,Utiliser l'instruction yield,0,0.3612038493
gerer-1.2,Utiliser le cycle de développement en V,PYTHON-POO-01,"Définir une classe (attributs, méthodes, initialiseur, etc.)",0,0.2138270587
gerer-1.2,Utiliser le cycle de développement en V,PYTHON-POO-02,Utiliser les propriétés,0,0.2874652147
gerer-1.2,Utiliser le cycle de développement en V,PYTHON-POO-03,Définir les méthodes spéciales,0,0.2945911288
gerer-1.2,Utiliser le cycle de développement en V,PYTHON-POO-04,Définir et utiliser les méthodes statiques et de classes,0,0.3867336512
gerer-1.2,Utiliser le cycle de développement en V,PYTHON-POO-05,Définir et utiliser des énumérations,0,0.2138888538
gerer-1.2,Utiliser le cycle de développement en V,PYTHON-POO-06,Définir et utiliser des dataclasses,0,0.3789550960
gerer-1.2,Utiliser le cycle de développement en V,PYTHON-POO-07,Définir et utiliser des classes abstraites et des protocoles,0,0.3420750797
gerer-1.2,Utiliser le cycle de développement en V,PYTHON-POO-08,Définir et utiliser des exceptions,0,0.3111199141
gerer-1.2,Utiliser le cycle de développement en V,PYTHON-POO-09,Définir et utiliser des gestionnaires de contexte,0,0.3590910435
gerer-1.2,Utiliser le cycle de développement en V,PYTHON-POO-10,Utiliser des flux,0,0.4530577064
gerer-1.2,Utiliser le cycle de développement en V,PYTHON-DEV-01,Dissocier Python du Système d'exploitation (pyenv),0,0.2825068235
gerer-1.2,Utiliser le cycle de développement en V,PYTHON-DEV-02,Gérer les dépendances,0,0.1659589112
gerer-1.2,Utiliser le cycle de développement en V,PYTHON-DEV-03,Céer et utiliser les tests unitaires,0,0.3750517666
gerer-1.2,Utiliser le cycle de développement en V,PYTHON-DEV-04,Utiliser les logs,0,0.3221110106
gerer-1.2,Utiliser le cycle de développement en V,PYTHON-DEV-05,Utiliser le annotations,0,0.2776632309
gerer-1.2,Utiliser le cycle de développement en V,PYTHON-DEV-06,Réaliser une audit statique de code,0,0.1386142075
gerer-1.2,Utiliser le cycle de développement en V,PYTHON-ARC-01,Créer des décorateurs,0,0.3025298417
gerer-1.2,Utiliser le cycle de développement en V,PYTHON-ARC-02,Créer et utiliser des métaclasses,0,0.4111191034
gerer-1.2,Utiliser le cycle de développement en V,PYTHON-ARC-03,Controler l'accès aux attributs,0,0.1790297031
gerer-1.2,Utiliser le cycle de développement en V,PYTHON-ARC-04,Créer et utiliser des coroutines,0,0.3508557379
gerer-2.1,Utiliser un framework de tests unitaires,PYTHON-PRG-01,"Choisir et utiliser les types de bases (bool, int, float, complex, list, etc.)",0,0.3837991357
gerer-2.1,Utiliser un framework de tests unitaires,PYTHON-PRG-02,"Utiliser les structures de contrôle (if, for, while, etc.)",0,0.4251354337
gerer-2.1,Utiliser un framework de tests unitaires,PYTHON-PRG-03,"Définir une fonction (arité variable, valeurs par défaut, obligation des paramètres positionnels ou nommés, etc.)",0,0.2129456699
gerer-2.1,Utiliser un framework de tests unitaires,PYTHON-PRG-04,"Appeler une fonction (passage de paramètre posiitonnel ou nommé, tuple ou dictionnaire en paramètres effectifs, etc.)",0,0.3190830648
gerer-2.1,Utiliser un framework de tests unitaires,PYTHON-PRG-05,"Créer des packages, modules et script",0,0.3588960171
gerer-2.1,Utiliser un framework de tests unitaires,PYTHON-PRG-06,"Importer des modules, éléments de modules en les renommant si nécessaire",0,0.3086895943
gerer-2.1,Utiliser un framework de tests unitaires,PYTHON-PRG-07,Comprendre l'affectation,0,0.1946042776
gerer-2.1,Utiliser un framework de tests unitaires,PYTHON-PRG-08,Utiliser les fonctions lambda,0,0.2891716957
gerer-2.1,Utiliser un framework de tests unitaires,PYTHON-PRG-09,"Utiliser les fonctions map, filter et comprehension de séquences",0,0.2669469714
gerer-2.1,Utiliser un framework de tests unitaires,PYTHON-PRG-10,Utiliser l'instruction yield,0,0.2742761970
gerer-2.1,Utiliser un framework de tests unitaires,PYTHON-POO-01,"Définir une classe (attributs, méthodes, initialiseur, etc.)",0,0.2692367435
gerer-2.1,Utiliser un framework de tests unitaires,PYTHON-POO-02,Utiliser les propriétés,0,0.2406112254
gerer-2.1,Utiliser un framework de tests unitaires,PYTHON-POO-03,Définir les méthodes spéciales,0,0.3072816730
gerer-2.1,Utiliser un framework de tests unitaires,PYTHON-POO-04,Définir et utiliser les méthodes statiques et de classes,0,0.3941364288
gerer-2.1,Utiliser un framework de tests unitaires,PYTHON-POO-05,Définir et utiliser des énumérations,0,0.2273941338
gerer-2.1,Utiliser un framework de tests unitaires,PYTHON-POO-06,Définir et utiliser des dataclasses,0,0.3818461597
gerer-2.1,Utiliser un framework de tests unitaires,PYTHON-POO-07,Définir et utiliser des classes abstraites et des protocoles,0,0.4342739880
gerer-2.1,Utiliser un framework de tests unitaires,PYTHON-POO-08,Définir et utiliser des exceptions,0,0.3970080316
gerer-2.1,Utiliser un framework de tests unitaires,PYTHON-POO-09,Définir et utiliser des gestionnaires de contexte,0,0.4326495528
gerer-2.1,Utiliser un framework de tests unitaires,PYTHON-POO-10,Utiliser des flux,0,0.4209691286
gerer-2.1,Utiliser un framework de tests unitaires,PYTHON-DEV-01,Dissocier Python du Système d'exploitation (pyenv),0,0.2351876944
gerer-2.1,Utiliser un framework de tests unitaires,PYTHON-DEV-02,Gérer les dépendances,0,0.2306068689
gerer-2.1,Utiliser un framework de tests unitaires,PYTHON-DEV-03,Céer et utiliser les tests unitaires,0,0.5495964289
gerer-2.1,Utiliser un framework de tests unitaires,PYTHON-DEV-04,Utiliser les logs,0,0.3311612308
gerer-2.1,Utiliser un framework de tests unitaires,PYTHON-DEV-05,Utiliser le annotations,0,0.2733065486
gerer-2.1,Utiliser un framework de tests unitaires,PYTHON-DEV-06,Réaliser une audit statique de code,0,0.3410030603
gerer-2.1,Utiliser un framework de tests unitaires,PYTHON-ARC-01,Créer des décorateurs,0,0.2257114053
gerer-2.1,Utiliser un framework de tests unitaires,PYTHON-ARC-02,Créer et utiliser des métaclasses,0,0.4304515719
gerer-2.1,Utiliser un framework de tests unitaires,PYTHON-ARC-03,Controler l'accès aux attributs,0,0.2716746330
gerer-2.1,Utiliser un framework de tests unitaires,PYTHON-ARC-04,Créer et utiliser des coroutines,0,0.2959749103
gerer-2.2,Utiliser un logiciel d’audit de code statique,PYTHON-PRG-01,"Choisir et utiliser les types de bases (bool, int, float, complex, list, etc.)",0,0.3566421866
gerer-2.2,Utiliser un logiciel d’audit de code statique,PYTHON-PRG-02,"Utiliser les structures de contrôle (if, for, while, etc.)",0,0.3899309039
gerer-2.2,Utiliser un logiciel d’audit de code statique,PYTHON-PRG-03,"Définir une fonction (arité variable, valeurs par défaut, obligation des paramètres positionnels ou nommés, etc.)",0,0.2750395536
gerer-2.2,Utiliser un logiciel d’audit de code statique,PYTHON-PRG-04,"Appeler une fonction (passage de paramètre posiitonnel ou nommé, tuple ou dictionnaire en paramètres effectifs, etc.)",0,0.3416901529
gerer-2.2,Utiliser un logiciel d’audit de code statique,PYTHON-PRG-05,"Créer des packages, modules et script",0,0.3528124690
gerer-2.2,Utiliser un logiciel d’audit de code statique,PYTHON-PRG-06,"Importer des modules, éléments de modules en les renommant si nécessaire",0,0.2923876643
gerer-2.2,Utiliser un logiciel d’audit de code statique,PYTHON-PRG-07,Comprendre l'affectation,0,0.1353970766
gerer-2.2,Utiliser un logiciel d’audit de code statique,PYTHON-PRG-08,Utiliser les fonctions lambda,0,0.3651107252
gerer-2.2,Utiliser un logiciel d’audit de code statique,PYTHON-PRG-09,"Utiliser les fonctions map, filter et comprehension de séquences",0,0.2563001215
gerer-2.2,Utiliser un logiciel d’audit de code statique,PYTHON-PRG-10,Utiliser l'instruction yield,0,0.2809074223
gerer-2.2,Utiliser un logiciel d’audit de code statique,PYTHON-POO-01,"Définir une classe (attributs, méthodes, initialiseur, etc.)",0,0.2171854079
gerer-2.2,Utiliser un logiciel d’audit de code statique,PYTHON-POO-02,Utiliser les propriétés,0,0.3969523311
gerer-2.2,Utiliser un logiciel d’audit de code statique,PYTHON-POO-03,Définir les méthodes spéciales,0,0.2116096467
gerer-2.2,Utiliser un logiciel d’audit de code statique,PYTHON-POO-04,Définir et utiliser les méthodes statiques et de classes,0,0.5540550947
gerer-2.2,Utiliser un logiciel d’audit de code statique,PYTHON-POO-05,Définir et utiliser des énumérations,0,0.1750092357
gerer-2.2,Utiliser un logiciel d’audit de code statique,PYTHON-POO-06,Définir et utiliser des dataclasses,0,0.3223540187
gerer-2.2,Utiliser un logiciel d’audit de code statique,PYTHON-POO-07,Définir et utiliser des classes abstraites et des protocoles,0,0.3917488456
gerer-2.2,Utiliser un logiciel d’audit de code statique,PYTHON-POO-08,Définir et utiliser des exceptions,0,0.2119659930
gerer-2.2,Utiliser un logiciel d’audit de code statique,PYTHON-POO-09,Définir et utiliser des gestionnaires de contexte,0,0.3445998430
gerer-2.2,Utiliser un logiciel d’audit de code statique,PYTHON-POO-10,Utiliser des flux,0,0.2532535493
gerer-2.2,Utiliser un logiciel d’audit de code statique,PYTHON-DEV-01,Dissocier Python du Système d'exploitation (pyenv),0,0.2299135923
gerer-2.2,Utiliser un logiciel d’audit de code statique,PYTHON-DEV-02,Gérer les dépendances,0,0.1834170669
gerer-2.2,Utiliser un logiciel d’audit de code statique,PYTHON-DEV-03,Céer et utiliser les tests unitaires,0,0.2809986472
gerer-2.2,Utiliser un logiciel d’audit de code statique,PYTHON-DEV-04,Utiliser les logs,0,0.5225083232
gerer-2.2,Utiliser un logiciel d’audit de code statique,PYTHON-DEV-05,Utiliser le annotations,0,0.4030260742
gerer-2.2,Utiliser un logiciel d’audit de code statique,PYTHON-DEV-06,Réaliser une audit statique de code,1,0.7380533814
gerer-2.2,Utiliser un logiciel d’audit de code statique,PYTHON-ARC-01,Créer des décorateurs,0,0.2451783568
gerer-2.2,Utiliser un logiciel d’audit de code statique,PYTHON-ARC-02,Créer et utiliser des métaclasses,0,0.3261606693
gerer-2.2,Utiliser un logiciel d’audit de code statique,PYTHON-ARC-03,Controler l'accès aux attributs,0,0.3549035788
gerer-2.2,Utiliser un logiciel d’audit de code statique,PYTHON-ARC-04,Créer et utiliser des coroutines,0,0.3786647320
gerer-2.3,Mettre en place des tests de non régression,PYTHON-PRG-01,"Choisir et utiliser les types de bases (bool, int, float, complex, list, etc.)",0,0.2081873715
gerer-2.3,Mettre en place des tests de non régression,PYTHON-PRG-02,"Utiliser les structures de contrôle (if, for, while, etc.)",0,0.3570266366
gerer-2.3,Mettre en place des tests de non régression,PYTHON-PRG-03,"Définir une fonction (arité variable, valeurs par défaut, obligation des paramètres positionnels ou nommés, etc.)",0,0.3047532737
gerer-2.3,Mettre en place des tests de non régression,PYTHON-PRG-04,"Appeler une fonction (passage de paramètre posiitonnel ou nommé, tuple ou dictionnaire en paramètres effectifs, etc.)",0,0.2888410687
gerer-2.3,Mettre en place des tests de non régression,PYTHON-PRG-05,"Créer des packages, modules et script",0,0.2967851758
gerer-2.3,Mettre en place des tests de non régression,PYTHON-PRG-06,"Importer des modules, éléments de modules en les renommant si nécessaire",0,0.2563005090
gerer-2.3,Mettre en place des tests de non régression,PYTHON-PRG-07,Comprendre l'affectation,0,0.2007392943
gerer-2.3,Mettre en place des tests de non régression,PYTHON-PRG-08,Utiliser les fonctions lambda,0,0.2953946590
gerer-2.3,Mettre en place des tests de non régression,PYTHON-PRG-09,"Utiliser les fonctions map, filter et comprehension de séquences",0,0.2636929452
gerer-2.3,Mettre en place des tests de non régression,PYTHON-PRG-10,Utiliser l'instruction yield,0,0.2380079925
gerer-2.3,Mettre en place des tests de non régression,PYTHON-POO-01,"Définir une classe (attributs, méthodes, initialiseur, etc.)",0,0.1936171502
gerer-2.3,Mettre en place des tests de non régression,PYTHON-POO-02,Utiliser les propriétés,0,0.1708967388
gerer-2.3,Mettre en place des tests de non régression,PYTHON-POO-03,Définir les méthodes spéciales,0,0.2562919259
gerer-2.3,Mettre en place des tests de non régression,PYTHON-POO-04,Définir et utiliser les méthodes statiques et de classes,0,0.2866298556
gerer-2.3,Mettre en place des tests de non régression,PYTHON-POO-05,Définir et utiliser des énumérations,0,0.1512126178
gerer-2.3,Mettre en place des tests de non régression,PYTHON-POO-06,Définir et utiliser des dataclasses,0,0.2301774770
gerer-2.3,Mettre en place des tests de non régression,PYTHON-POO-07,Définir et utiliser des classes abstraites et des protocoles,0,0.3095137775
gerer-2.3,Mettre en place des tests de non régression,PYTHON-POO-08,Définir et utiliser des exceptions,0,0.3082552254
gerer-2.3,Mettre en place des tests de non régression,PYTHON-POO-09,Définir et utiliser des gestionnaires de contexte,0,0.2609779239
gerer-2.3,Mettre en place des tests de non régression,PYTHON-POO-10,Utiliser des flux,0,0.1279398501
gerer-2.3,Mettre en place des tests de non régression,PYTHON-DEV-01,Dissocier Python du Système d'exploitation (pyenv),0,0.1998533607
gerer-2.3,Mettre en place des tests de non régression,PYTHON-DEV-02,Gérer les dépendances,0,0.2957004607
gerer-2.3,Mettre en place des tests de non régression,PYTHON-DEV-03,Céer et utiliser les tests unitaires,1,0.2822511196
gerer-2.3,Mettre en place des tests de non régression,PYTHON-DEV-04,Utiliser les logs,0,0.1495273262
gerer-2.3,Mettre en place des tests de non régression,PYTHON-DEV-05,Utiliser le annotations,0,0.1311350465
gerer-2.3,Mettre en place des tests de non régression,PYTHON-DEV-06,Réaliser une audit statique de code,0,0.3827313185
gerer-2.3,Mettre en place des tests de non régression,PYTHON-ARC-01,Créer des décorateurs,0,0.3210962415
gerer-2.3,Mettre en place des tests de non régression,PYTHON-ARC-02,Créer et utiliser des métaclasses,0,0.2570790648
gerer-2.3,Mettre en place des tests de non régression,PYTHON-ARC-03,Controler l'accès aux attributs,0,0.1899431646
gerer-2.3,Mettre en place des tests de non régression,PYTHON-ARC-04,Créer et utiliser des coroutines,0,0.2698450685
gerer-3.1,Utiliser un cycle de développement Agile,PYTHON-PRG-01,"Choisir et utiliser les types de bases (bool, int, float, complex, list, etc.)",0,0.3507838249
gerer-3.1,Utiliser un cycle de développement Agile,PYTHON-PRG-02,"Utiliser les structures de contrôle (if, for, while, etc.)",0,0.2069316208
gerer-3.1,Utiliser un cycle de développement Agile,PYTHON-PRG-03,"Définir une fonction (arité variable, valeurs par défaut, obligation des paramètres positionnels ou nommés, etc.)",0,0.1901345253
gerer-3.1,Utiliser un cycle de développement Agile,PYTHON-PRG-04,"Appeler une fonction (passage de paramètre posiitonnel ou nommé, tuple ou dictionnaire en paramètres effectifs, etc.)",0,0.2520986199
gerer-3.1,Utiliser un cycle de développement Agile,PYTHON-PRG-05,"Créer des packages, modules et script",0,0.3454329669
gerer-3.1,Utiliser un cycle de développement Agile,PYTHON-PRG-06,"Importer des modules, éléments de modules en les renommant si nécessaire",0,0.3319576383
gerer-3.1,Utiliser un cycle de développement Agile,PYTHON-PRG-07,Comprendre l'affectation,0,0.1792982519
gerer-3.1,Utiliser un cycle de développement Agile,PYTHON-PRG-08,Utiliser les fonctions lambda,0,0.3742378354
gerer-3.1,Utiliser un cycle de développement Agile,PYTHON-PRG-09,"Utiliser les fonctions map, filter et comprehension de séquences",0,0.2910539508
gerer-3.1,Utiliser un cycle de développement Agile,PYTHON-PRG-10,Utiliser l'instruction yield,0,0.3036771417
gerer-3.1,Utiliser un cycle de développement Agile,PYTHON-POO-01,"Définir une classe (attributs, méthodes, initialiseur, etc.)",0,0.2137136757
gerer-3.1,Utiliser un cycle de développement Agile,PYTHON-POO-02,Utiliser les propriétés,0,0.3899427056
gerer-3.1,Utiliser un cycle de développement Agile,PYTHON-POO-03,Définir les méthodes spéciales,0,0.2518231571
gerer-3.1,Utiliser un cycle de développement Agile,PYTHON-POO-04,Définir et utiliser les méthodes statiques et de classes,0,0.3636859357
gerer-3.1,Utiliser un cycle de développement Agile,PYTHON-POO-05,Définir et utiliser des énumérations,0,0.2699208558
gerer-3.1,Utiliser un cycle de développement Agile,PYTHON-POO-06,Définir et utiliser des dataclasses,0,0.3406782746
gerer-3.1,Utiliser un cycle de développement Agile,PYTHON-POO-07,Définir et utiliser des classes abstraites et des protocoles,0,0.3933671713
gerer-3.1,Utiliser un cycle de développement Agile,PYTHON-POO-08,Définir et utiliser des exceptions,0,0.2605527639
gerer-3.1,Utiliser un cycle de développement Agile,PYTHON-POO-09,Définir et utiliser des gestionnaires de contexte,0,0.3133767843
gerer-3.1,Utiliser un cycle de développement Agile,PYTHON-POO-10,Utiliser des flux,0,0.4489558339
gerer-3.1,Utiliser un cycle de développement Agile,PYTHON-DEV-01,Dissocier Python du Système d'exploitation (pyenv),0,0.2395651937
gerer-3.1,Utiliser un cycle de développement Agile,PYTHON-DEV-02,Gérer les dépendances,0,0.1964533925
gerer-3.1,Utiliser un cycle de développement Agile,PYTHON-DEV-03,Céer et utiliser les tests unitaires,0,0.2638755143
gerer-3.1,Utiliser un cycle de développement Agile,PYTHON-DEV-04,Utiliser les logs,0,0.3014184535
gerer-3.1,Utiliser un cycle de développement Agile,PYTHON-DEV-05,Utiliser le annotations,0,0.3131073117
gerer-3.1,Utiliser un cycle de développement Agile,PYTHON-DEV-06,Réaliser une audit statique de code,0,0.1323956847
gerer-3.1,Utiliser un cycle de développement Agile,PYTHON-ARC-01,Créer des décorateurs,0,0.2604041994
gerer-3.1,Utiliser un cycle de développement Agile,PYTHON-ARC-02,Créer et utiliser des métaclasses,0,0.3852002323
gerer-3.1,Utiliser un cycle de développement Agile,PYTHON-ARC-03,Controler l'accès aux attributs,0,0.2382059693
gerer-3.1,Utiliser un cycle de développement Agile,PYTHON-ARC-04,Créer et utiliser des coroutines,0,0.4391109943
gerer-3.2,Suivre des procédures,PYTHON-PRG-01,"Choisir et utiliser les types de bases (bool, int, float, complex, list, etc.)",0,0.2019625306
gerer-3.2,Suivre des procédures,PYTHON-PRG-02,"Utiliser les structures de contrôle (if, for, while, etc.)",0,0.3322828412
gerer-3.2,Suivre des procédures,PYTHON-PRG-03,"Définir une fonction (arité variable, valeurs par défaut, obligation des paramètres positionnels ou nommés, etc.)",0,0.1967934370
gerer-3.2,Suivre des procédures,PYTHON-PRG-04,"Appeler une fonction (passage de paramètre posiitonnel ou nommé, tuple ou dictionnaire en paramètres effectifs, etc.)",0,0.2760118246
gerer-3.2,Suivre des procédures,PYTHON-PRG-05,"Créer des packages, modules et script",0,0.2672311068
gerer-3.2,Suivre des procédures,PYTHON-PRG-06,"Importer des modules, éléments de modules en les renommant si nécessaire",0,0.1012917906
gerer-3.2,Suivre des procédures,PYTHON-PRG-07,Comprendre l'affectation,0,0.3174127340
gerer-3.2,Suivre des procédures,PYTHON-PRG-08,Utiliser les fonctions lambda,0,0.2112900317
gerer-3.2,Suivre des procédures,PYTHON-PRG-09,"Utiliser les fonctions map, filter et comprehension de séquences",0,0.3120002747
gerer-3.2,Suivre des procédures,PYTHON-PRG-10,Utiliser l'instruction yield,0,0.3138930202
gerer-3.2,Suivre des procédures,PYTHON-POO-01,"Définir une classe (attributs, méthodes, initialiseur, etc.)",0,0.3056004345
gerer-3.2,Suivre des procédures,PYTHON-POO-02,Utiliser les propriétés,0,0.2073284835
gerer-3.2,Suivre des procédures,PYTHON-POO-03,Définir les méthodes spéciales,0,0.3175457120
gerer-3.2,Suivre des procédures,PYTHON-POO-04,Définir et utiliser les méthodes statiques et de classes,0,0.3511075079
gerer-3.2,Suivre des procédures,PYTHON-POO-05,Définir et utiliser des énumérations,0,0.2210670412
gerer-3.2,Suivre des procédures,PYTHON-POO-06,Définir et utiliser des dataclasses,0,0.3239453435
gerer-3.2,Suivre des procédures,PYTHON-POO-07,Définir et utiliser des classes abstraites et des protocoles,0,0.3863946199
gerer-3.2,Suivre des procédures,PYTHON-POO-08,Définir et utiliser des exceptions,0,0.3469731808
gerer-3.2,Suivre des procédures,PYTHON-POO-09,Définir et utiliser des gestionnaires de contexte,0,0.3474853337
gerer-3.2,Suivre des procédures,PYTHON-POO-10,Utiliser des flux,0,0.2205219865
gerer-3.2,Suivre des procédures,PYTHON-DEV-01,Dissocier Python du Système d'exploitation (pyenv),0,0.1990080178
gerer-3.2,Suivre des procédures,PYTHON-DEV-02,Gérer les dépendances,0,0.2262434214
gerer-3.2,Suivre des procédures,PYTHON-DEV-03,Céer et utiliser les tests unitaires,0,0.2196668088
gerer-3.2,Suivre des procédures,PYTHON-DEV-04,Utiliser les logs,0,0.2424034923
gerer-3.2,Suivre des procédures,PYTHON-DEV-05,Utiliser le annotations,0,0.2141166329
gerer-3.2,Suivre des procédures,PYTHON-DEV-06,Réaliser une audit statique de code,0,0.2528032064
gerer-3.2,Suivre des procédures,PYTHON-ARC-01,Créer des décorateurs,0,0.2694663405
gerer-3.2,Suivre des procédures,PYTHON-ARC-02,Créer et utiliser des métaclasses,0,0.2339847237
gerer-3.2,Suivre des procédures,PYTHON-ARC-03,Controler l'accès aux attributs,0,0.2582681775
gerer-3.2,Suivre des procédures,PYTHON-ARC-04,Créer et utiliser des coroutines,0,0.1624686718
gerer-3.3,Rédiger des procédures,PYTHON-PRG-01,"Choisir et utiliser les types de bases (bool, int, float, complex, list, etc.)",0,0.1721264124
gerer-3.3,Rédiger des procédures,PYTHON-PRG-02,"Utiliser les structures de contrôle (if, for, while, etc.)",0,0.2883105278
gerer-3.3,Rédiger des procédures,PYTHON-PRG-03,"Définir une fonction (arité variable, valeurs par défaut, obligation des paramètres positionnels ou nommés, etc.)",0,0.1438852549
gerer-3.3,Rédiger des procédures,PYTHON-PRG-04,"Appeler une fonction (passage de paramètre posiitonnel ou nommé, tuple ou dictionnaire en paramètres effectifs, etc.)",0,0.2588392496
gerer-3.3,Rédiger des procédures,PYTHON-PRG-05,"Créer des packages, modules et script",0,0.2825864255
gerer-3.3,Rédiger des procédures,PYTHON-PRG-06,"Importer des modules, éléments de modules en les renommant si nécessaire",0,0.2286132872
gerer-3.3,Rédiger des procédures,PYTHON-PRG-07,Comprendre l'affectation,0,0.3133824468
gerer-3.3,Rédiger des procédures,PYTHON-PRG-08,Utiliser les fonctions lambda,0,0.1647365391
gerer-3.3,Rédiger des procédures,PYTHON-PRG-09,"Utiliser les fonctions map, filter et comprehension de séquences",0,0.3136310279
gerer-3.3,Rédiger des procédures,PYTHON-PRG-10,Utiliser l'instruction yield,0,0.3226639032
gerer-3.3,Rédiger des procédures,PYTHON-POO-01,"Définir une classe (attributs, méthodes, initialiseur, etc.)",0,0.2853333950
gerer-3.3,Rédiger des procédures,PYTHON-POO-02,Utiliser les propriétés,0,0.1586800516
gerer-3.3,Rédiger des procédures,PYTHON-POO-03,Définir les méthodes spéciales,0,0.3244584799
gerer-3.3,Rédiger des procédures,PYTHON-POO-04,Définir et utiliser les méthodes statiques et de classes,0,0.3238119483
gerer-3.3,Rédiger des procédures,PYTHON-POO-05,Définir et utiliser des énumérations,0,0.3822959661
gerer-3.3,Rédiger des procédures,PYTHON-POO-06,Définir et utiliser des dataclasses,0,0.2119584382
gerer-3.3,Rédiger des procédures,PYTHON-POO-07,Définir et utiliser des classes abstraites et des protocoles,0,0.3416319489
gerer-3.3,Rédiger des procédures,PYTHON-POO-08,Définir et utiliser des exceptions,0,0.3128886521
gerer-3.3,Rédiger des procédures,PYTHON-POO-09,Définir et utiliser des gestionnaires de contexte,0,0.3397724032
gerer-3.3,Rédiger des procédures,PYTHON-POO-10,Utiliser des flux,0,0.0853846520
gerer-3.3,Rédiger des procédures,PYTHON-DEV-01,Dissocier Python du Système d'exploitation (pyenv),0,0.1382778436
gerer-3.3,Rédiger des procédures,PYTHON-DEV-02,Gérer les dépendances,0,0.1862824261
gerer-3.3,Rédiger des procédures,PYTHON-DEV-03,Céer et utiliser les tests unitaires,0,0.3444823623
gerer-3.3,Rédiger des procédures,PYTHON-DEV-04,Utiliser les logs,0,0.2183487266
gerer-3.3,Rédiger des procédures,PYTHON-DEV-05,Utiliser le annotations,0,0.3145017028
gerer-3.3,Rédiger des procédures,PYTHON-DEV-06,Réaliser une audit statique de code,0,0.2486926317
gerer-3.3,Rédiger des procédures,PYTHON-ARC-01,Créer des décorateurs,0,0.3508192301
gerer-3.3,Rédiger des procédures,PYTHON-ARC-02,Créer et utiliser des métaclasses,0,0.2773442864
gerer-3.3,Rédiger des procédures,PYTHON-ARC-03,Controler l'accès aux attributs,0,0.1496924907
gerer-3.3,Rédiger des procédures,PYTHON-ARC-04,Créer et utiliser des coroutines,0,0.2041457593
gerer-4.1,Auditer des projets,PYTHON-PRG-01,"Choisir et utiliser les types de bases (bool, int, float, complex, list, etc.)",0,0.1962146461
gerer-4.1,Auditer des projets,PYTHON-PRG-02,"Utiliser les structures de contrôle (if, for, while, etc.)",0,0.2776889801
gerer-4.1,Auditer des projets,PYTHON-PRG-03,"Définir une fonction (arité variable, valeurs par défaut, obligation des paramètres positionnels ou nommés, etc.)",0,0.1486763358
gerer-4.1,Auditer des projets,PYTHON-PRG-04,"Appeler une fonction (passage de paramètre posiitonnel ou nommé, tuple ou dictionnaire en paramètres effectifs, etc.)",0,0.2157112360
gerer-4.1,Auditer des projets,PYTHON-PRG-05,"Créer des packages, modules et script",0,0.4570457339
gerer-4.1,Auditer des projets,PYTHON-PRG-06,"Importer des modules, éléments de modules en les renommant si nécessaire",0,0.2879289091
gerer-4.1,Auditer des projets,PYTHON-PRG-07,Comprendre l'affectation,0,0.4234152436
gerer-4.1,Auditer des projets,PYTHON-PRG-08,Utiliser les fonctions lambda,0,-0.0153716207
gerer-4.1,Auditer des projets,PYTHON-PRG-09,"Utiliser les fonctions map, filter et comprehension de séquences",0,0.2577174902
gerer-4.1,Auditer des projets,PYTHON-PRG-10,Utiliser l'instruction yield,0,0.2464028597
gerer-4.1,Auditer des projets,PYTHON-POO-01,"Définir une classe (attributs, méthodes, initialiseur, etc.)",0,0.2913420796
gerer-4.1,Auditer des projets,PYTHON-POO-02,Utiliser les propriétés,0,0.2092332691
gerer-4.1,Auditer des projets,PYTHON-POO-03,Définir les méthodes spéciales,0,0.1425760537
gerer-4.1,Auditer des projets,PYTHON-POO-04,Définir et utiliser les méthodes statiques et de classes,0,0.0873306170
gerer-4.1,Auditer des projets,PYTHON-POO-05,Définir et utiliser des énumérations,0,0.2693560123
gerer-4.1,Auditer des projets,PYTHON-POO-06,Définir et utiliser des dataclasses,0,0.2820260525
gerer-4.1,Auditer des projets,PYTHON-POO-07,Définir et utiliser des classes abstraites et des protocoles,0,0.1453835070
gerer-4.1,Auditer des projets,PYTHON-POO-08,Définir et utiliser des exceptions,0,0.1324409544
gerer-4.1,Auditer des projets,PYTHON-POO-09,Définir et utiliser des gestionnaires de contexte,0,0.1825504452
gerer-4.1,Auditer des projets,PYTHON-POO-10,Utiliser des flux,0,0.1116760448
gerer-4.1,Auditer des projets,PYTHON-DEV-01,Dissocier Python du Système d'exploitation (pyenv),0,0.2692670822
gerer-4.1,Auditer des projets,PYTHON-DEV-02,Gérer les dépendances,0,0.1631233394
gerer-4.1,Auditer des projets,PYTHON-DEV-03,Céer et utiliser les tests unitaires,0,0.2372483462
gerer-4.1,Auditer des projets,PYTHON-DEV-04,Utiliser les logs,0,0.1857300103
gerer-4.1,Auditer des projets,PYTHON-DEV-05,Utiliser le annotations,0,0.3133602142
gerer-4.1,Auditer des projets,PYTHON-DEV-06,Réaliser une audit statique de code,0,0.3250013292
gerer-4.1,Auditer des projets,PYTHON-ARC-01,Créer des décorateurs,0,0.3583783805
gerer-4.1,Auditer des projets,PYTHON-ARC-02,Créer et utiliser des métaclasses,0,0.1737661660
gerer-4.1,Auditer des projets,PYTHON-ARC-03,Controler l'accès aux attributs,0,0.3882927299
gerer-4.1,Auditer des projets,PYTHON-ARC-04,Créer et utiliser des coroutines,0,0.0705366209
gerer-4.2,Passer des audits,PYTHON-PRG-01,"Choisir et utiliser les types de bases (bool, int, float, complex, list, etc.)",0,0.1449238658
gerer-4.2,Passer des audits,PYTHON-PRG-02,"Utiliser les structures de contrôle (if, for, while, etc.)",0,0.2810778618
gerer-4.2,Passer des audits,PYTHON-PRG-03,"Définir une fonction (arité variable, valeurs par défaut, obligation des paramètres positionnels ou nommés, etc.)",0,0.0521467924
gerer-4.2,Passer des audits,PYTHON-PRG-04,"Appeler une fonction (passage de paramètre posiitonnel ou nommé, tuple ou dictionnaire en paramètres effectifs, etc.)",0,0.1652071774
gerer-4.2,Passer des audits,PYTHON-PRG-05,"Créer des packages, modules et script",0,0.1271524578
gerer-4.2,Passer des audits,PYTHON-PRG-06,"Importer des modules, éléments de modules en les renommant si nécessaire",0,0.1584820449
gerer-4.2,Passer des audits,PYTHON-PRG-07,Comprendre l'affectation,0,0.2742167115
gerer-4.2,Passer des audits,PYTHON-PRG-08,Utiliser les fonctions lambda,0,0.1669059694
gerer-4.2,Passer des audits,PYTHON-PRG-09,"Utiliser les fonctions map, filter et comprehension de séquences",0,0.1771862805
gerer-4.2,Passer des audits,PYTHON-PRG-10,Utiliser l'instruction yield,0,0.2610659003
gerer-4.2,Passer des audits,PYTHON-POO-01,"Définir une classe (attributs, méthodes, initialiseur, etc.)",0,0.2080079168
gerer-4.2,Passer des audits,PYTHON-POO-02,Utiliser les propriétés,0,0.1707219779
gerer-4.2,Passer des audits,PYTHON-POO-03,Définir les méthodes spéciales,0,0.0716961771
gerer-4.2,Passer des audits,PYTHON-POO-04,Définir et utiliser les méthodes statiques et de classes,0,0.1158375442
gerer-4.2,Passer des audits,PYTHON-POO-05,Définir et utiliser des énumérations,0,0.2910747826
gerer-4.2,Passer des audits,PYTHON-POO-06,Définir et utiliser des dataclasses,0,0.2050258070
gerer-4.2,Passer des audits,PYTHON-POO-07,Définir et utiliser des classes abstraites et des protocoles,0,0.2121790648
gerer-4.2,Passer des audits,PYTHON-POO-08,Définir et utiliser des exceptions,0,0.2621792257
gerer-4.2,Passer des audits,PYTHON-POO-09,Définir et utiliser des gestionnaires de contexte,0,0.1999378800
gerer-4.2,Passer des audits,PYTHON-POO-10,Utiliser des flux,0,0.2006503344
gerer-4.2,Passer des audits,PYTHON-DEV-01,Dissocier Python du Système d'exploitation (pyenv),0,0.0493701808
gerer-4.2,Passer des audits,PYTHON-DEV-02,Gérer les dépendances,0,0.1179282963
gerer-4.2,Passer des audits,PYTHON-DEV-03,Céer et utiliser les tests unitaires,0,0.3035601377
gerer-4.2,Passer des audits,PYTHON-DEV-04,Utiliser les logs,0,0.2456973493
gerer-4.2,Passer des audits,PYTHON-DEV-05,Utiliser le annotations,0,0.3096827269
gerer-4.2,Passer des audits,PYTHON-DEV-06,Réaliser une audit statique de code,0,0.4551322162
gerer-4.2,Passer des audits,PYTHON-ARC-01,Créer des décorateurs,0,0.1706954688
gerer-4.2,Passer des audits,PYTHON-ARC-02,Créer et utiliser des métaclasses,0,0.1487453878
gerer-4.2,Passer des audits,PYTHON-ARC-03,Controler l'accès aux attributs,0,0.3891953826
gerer-4.2,Passer des audits,PYTHON-ARC-04,Créer et utiliser des coroutines,0,0.0478242412
gerer-4.3,Organiser les rôles et les tâches,PYTHON-PRG-01,"Choisir et utiliser les types de bases (bool, int, float, complex, list, etc.)",0,0.2495923787
gerer-4.3,Organiser les rôles et les tâches,PYTHON-PRG-02,"Utiliser les structures de contrôle (if, for, while, etc.)",0,0.3330127597
gerer-4.3,Organiser les rôles et les tâches,PYTHON-PRG-03,"Définir une fonction (arité variable, valeurs par défaut, obligation des paramètres positionnels ou nommés, etc.)",0,0.2574879527
gerer-4.3,Organiser les rôles et les tâches,PYTHON-PRG-04,"Appeler une fonction (passage de paramètre posiitonnel ou nommé, tuple ou dictionnaire en paramètres effectifs, etc.)",0,0.2442993671
gerer-4.3,Organiser les rôles et les tâches,PYTHON-PRG-05,"Créer des packages, modules et script",0,0.3143801093
gerer-4.3,Organiser les rôles et les tâches,PYTHON-PRG-06,"Importer des modules, éléments de modules en les renommant si nécessaire",0,0.1744937599
gerer-4.3,Organiser les rôles et les tâches,PYTHON-PRG-07,Comprendre l'affectation,0,0.3795629740
gerer-4.3,Organiser les rôles et les tâches,PYTHON-PRG-08,Utiliser les fonctions lambda,0,0.2542206645
gerer-4.3,Organiser les rôles et les tâches,PYTHON-PRG-09,"Utiliser les fonctions map, filter et comprehension de séquences",0,0.3931342661
gerer-4.3,Organiser les rôles et les tâches,PYTHON-PRG-10,Utiliser l'instruction yield,0,0.2726960778
gerer-4.3,Organiser les rôles et les tâches,PYTHON-POO-01,"Définir une classe (attributs, méthodes, initialiseur, etc.)",0,0.3354257941
gerer-4.3,Organiser les rôles et les tâches,PYTHON-POO-02,Utiliser les propriétés,0,0.2815192938
gerer-4.3,Organiser les rôles et les tâches,PYTHON-POO-03,Définir les méthodes spéciales,0,0.2352985293
gerer-4.3,Organiser les rôles et les tâches,PYTHON-POO-04,Définir et utiliser les méthodes statiques et de classes,0,0.3342186213
gerer-4.3,Organiser les rôles et les tâches,PYTHON-POO-05,Définir et utiliser des énumérations,0,0.4274952412
gerer-4.3,Organiser les rôles et les tâches,PYTHON-POO-06,Définir et utiliser des dataclasses,0,0.3630878925
gerer-4.3,Organiser les rôles et les tâches,PYTHON-POO-07,Définir et utiliser des classes abstraites et des protocoles,0,0.3282474279
gerer-4.3,Organiser les rôles et les tâches,PYTHON-POO-08,Définir et utiliser des exceptions,0,0.2152044475
gerer-4.3,Organiser les rôles et les tâches,PYTHON-POO-09,Définir et utiliser des gestionnaires de contexte,0,0.4340180159
gerer-4.3,Organiser les rôles et les tâches,PYTHON-POO-10,Utiliser des flux,0,0.2359256297
gerer-4.3,Organiser les rôles et les tâches,PYTHON-DEV-01,Dissocier Python du Système d'exploitation (pyenv),0,0.2384228110
gerer-4.3,Organiser les rôles et les tâches,PYTHON-DEV-02,Gérer les dépendances,0,0.3388809860
gerer-4.3,Organiser les rôles et les tâches,PYTHON-DEV-03,Céer et utiliser les tests unitaires,0,0.2851902246
gerer-4.3,Organiser les rôles et les tâches,PYTHON-DEV-04,Utiliser les logs,0,0.3138457537
gerer-4.3,Organiser les rôles et les tâches,PYTHON-DEV-05,Utiliser le annotations,0,0.2631163001
gerer-4.3,Organiser les rôles et les tâches,PYTHON-DEV-06,Réaliser une audit statique de code,0,0.1964491755
gerer-4.3,Organiser les rôles et les tâches,PYTHON-ARC-01,Créer des décorateurs,0,0.4335507154
gerer-4.3,Organiser les rôles et les tâches,PYTHON-ARC-02,Créer et utiliser des métaclasses,0,0.3457741141
gerer-4.3,Organiser les rôles et les tâches,PYTHON-ARC-03,Controler l'accès aux attributs,0,0.1935588419
gerer-4.3,Organiser les rôles et les tâches,PYTHON-ARC-04,Créer et utiliser des coroutines,0,0.2013638616
communiquer-1.1,Documenter le code à l’aide d’un framework,PYTHON-PRG-01,"Choisir et utiliser les types de bases (bool, int, float, complex, list, etc.)",0,0.4133191109
communiquer-1.1,Documenter le code à l’aide d’un framework,PYTHON-PRG-02,"Utiliser les structures de contrôle (if, for, while, etc.)",0,0.3921439350
communiquer-1.1,Documenter le code à l’aide d’un framework,PYTHON-PRG-03,"Définir une fonction (arité variable, valeurs par défaut, obligation des paramètres positionnels ou nommés, etc.)",0,0.3241433501
communiquer-1.1,Documenter le code à l’aide d’un framework,PYTHON-PRG-04,"Appeler une fonction (passage de paramètre posiitonnel ou nommé, tuple ou dictionnaire en paramètres effectifs, etc.)",0,0.4325173497
communiquer-1.1,Documenter le code à l’aide d’un framework,PYTHON-PRG-05,"Créer des packages, modules et script",0,0.4295969605
communiquer-1.1,Documenter le code à l’aide d’un framework,PYTHON-PRG-06,"Importer des modules, éléments de modules en les renommant si nécessaire",0,0.3762696087
communiquer-1.1,Documenter le code à l’aide d’un framework,PYTHON-PRG-07,Comprendre l'affectation,0,0.3187995553
communiquer-1.1,Documenter le code à l’aide d’un framework,PYTHON-PRG-08,Utiliser les fonctions lambda,0,0.2645009756
communiquer-1.1,Documenter le code à l’aide d’un framework,PYTHON-PRG-09,"Utiliser les fonctions map, filter et comprehension de séquences",0,0.3576135635
communiquer-1.1,Documenter le code à l’aide d’un framework,PYTHON-PRG-10,Utiliser l'instruction yield,0,0.3703536987
communiquer-1.1,Documenter le code à l’aide d’un framework,PYTHON-POO-01,"Définir une classe (attributs, méthodes, initialiseur, etc.)",0,0.4054152071
communiquer-1.1,Documenter le code à l’aide d’un framework,PYTHON-POO-02,Utiliser les propriétés,0,0.2949147522
communiquer-1.1,Documenter le code à l’aide d’un framework,PYTHON-POO-03,Définir les méthodes spéciales,0,0.3344481587
communiquer-1.1,Documenter le code à l’aide d’un framework,PYTHON-POO-04,Définir et utiliser les méthodes statiques et de classes,0,0.4304487109
communiquer-1.1,Documenter le code à l’aide d’un framework,PYTHON-POO-05,Définir et utiliser des énumérations,0,0.4229454398
communiquer-1.1,Documenter le code à l’aide d’un framework,PYTHON-POO-06,Définir et utiliser des dataclasses,0,0.4304244518
communiquer-1.1,Documenter le code à l’aide d’un framework,PYTHON-POO-07,Définir et utiliser des classes abstraites et des protocoles,0,0.4226650596
communiquer-1.1,Documenter le code à l’aide d’un framework,PYTHON-POO-08,Définir et utiliser des exceptions,0,0.1756879389
communiquer-1.1,Documenter le code à l’aide d’un framework,PYTHON-POO-09,Définir et utiliser des gestionnaires de contexte,0,0.4319322109
communiquer-1.1,Documenter le code à l’aide d’un framework,PYTHON-POO-10,Utiliser des flux,0,0.2015972733
communiquer-1.1,Documenter le code à l’aide d’un framework,PYTHON-DEV-01,Dissocier Python du Système d'exploitation (pyenv),0,0.2340112627
communiquer-1.1,Documenter le code à l’aide d’un framework,PYTHON-DEV-02,Gérer les dépendances,0,0.1729205698
communiquer-1.1,Documenter le code à l’aide d’un framework,PYTHON-DEV-03,Céer et utiliser les tests unitaires,0,0.2696685195
communiquer-1.1,Documenter le code à l’aide d’un framework,PYTHON-DEV-04,Utiliser les logs,0,0.4680196345
communiquer-1.1,Documenter le code à l’aide d’un framework,PYTHON-DEV-05,Utiliser le annotations,0,0.3615950048
communiquer-1.1,Documenter le code à l’aide d’un framework,PYTHON-DEV-06,Réaliser une audit statique de code,0,0.4630917311
communiquer-1.1,Documenter le code à l’aide d’un framework,PYTHON-ARC-01,Créer des décorateurs,0,0.4041652679
communiquer-1.1,Documenter le code à l’aide d’un framework,PYTHON-ARC-02,Créer et utiliser des métaclasses,0,0.4160044193
communiquer-1.1,Documenter le code à l’aide d’un framework,PYTHON-ARC-03,Controler l'accès aux attributs,0,0.2708296180
communiquer-1.1,Documenter le code à l’aide d’un framework,PYTHON-ARC-04,Créer et utiliser des coroutines,0,0.2743337154
communiquer-1.2,Rédiger un rapport cohérent retraçant toutes les étapes du cycle de vie du projet,PYTHON-PRG-01,"Choisir et utiliser les types de bases (bool, int, float, complex, list, etc.)",0,0.2629530430
communiquer-1.2,Rédiger un rapport cohérent retraçant toutes les étapes du cycle de vie du projet,PYTHON-PRG-02,"Utiliser les structures de contrôle (if, for, while, etc.)",0,0.2934479117
communiquer-1.2,Rédiger un rapport cohérent retraçant toutes les étapes du cycle de vie du projet,PYTHON-PRG-03,"Définir une fonction (arité variable, valeurs par défaut, obligation des paramètres positionnels ou nommés, etc.)",0,0.2557423115
communiquer-1.2,Rédiger un rapport cohérent retraçant toutes les étapes du cycle de vie du projet,PYTHON-PRG-04,"Appeler une fonction (passage de paramètre posiitonnel ou nommé, tuple ou dictionnaire en paramètres effectifs, etc.)",0,0.3197881877
communiquer-1.2,Rédiger un rapport cohérent retraçant toutes les étapes du cycle de vie du projet,PYTHON-PRG-05,"Créer des packages, modules et script",0,0.4072310030
communiquer-1.2,Rédiger un rapport cohérent retraçant toutes les étapes du cycle de vie du projet,PYTHON-PRG-06,"Importer des modules, éléments de modules en les renommant si nécessaire",0,0.3436400890
communiquer-1.2,Rédiger un rapport cohérent retraçant toutes les étapes du cycle de vie du projet,PYTHON-PRG-07,Comprendre l'affectation,0,0.3690905273
communiquer-1.2,Rédiger un rapport cohérent retraçant toutes les étapes du cycle de vie du projet,PYTHON-PRG-08,Utiliser les fonctions lambda,0,0.1647006869
communiquer-1.2,Rédiger un rapport cohérent retraçant toutes les étapes du cycle de vie du projet,PYTHON-PRG-09,"Utiliser les fonctions map, filter et comprehension de séquences",0,0.3908636868
communiquer-1.2,Rédiger un rapport cohérent retraçant toutes les étapes du cycle de vie du projet,PYTHON-PRG-10,Utiliser l'instruction yield,0,0.2814898193
communiquer-1.2,Rédiger un rapport cohérent retraçant toutes les étapes du cycle de vie du projet,PYTHON-POO-01,"Définir une classe (attributs, méthodes, initialiseur, etc.)",0,0.2971605659
communiquer-1.2,Rédiger un rapport cohérent retraçant toutes les étapes du cycle de vie du projet,PYTHON-POO-02,Utiliser les propriétés,0,0.1234933287
communiquer-1.2,Rédiger un rapport cohérent retraçant toutes les étapes du cycle de vie du projet,PYTHON-POO-03,Définir les méthodes spéciales,0,0.1873566657
communiquer-1.2,Rédiger un rapport cohérent retraçant toutes les étapes du cycle de vie du projet,PYTHON-POO-04,Définir et utiliser les méthodes statiques et de classes,0,0.2425191402
communiquer-1.2,Rédiger un rapport cohérent retraçant toutes les étapes du cycle de vie du projet,PYTHON-POO-05,Définir et utiliser des énumérations,0,0.3964565992
communiquer-1.2,Rédiger un rapport cohérent retraçant toutes les étapes du cycle de vie du projet,PYTHON-POO-06,Définir et utiliser des dataclasses,0,0.3083304763
communiquer-1.2,Rédiger un rapport cohérent retraçant toutes les étapes du cycle de vie du projet,PYTHON-POO-07,Définir et utiliser des classes abstraites et des protocoles,0,0.2849644721
communiquer-1.2,Rédiger un rapport cohérent retraçant toutes les étapes du cycle de vie du projet,PYTHON-POO-08,Définir et utiliser des exceptions,0,0.2324892879
communiquer-1.2,Rédiger un rapport cohérent retraçant toutes les étapes du cycle de vie du projet,PYTHON-POO-09,Définir et utiliser des gestionnaires de contexte,0,0.3488210440
communiquer-1.2,Rédiger un rapport cohérent retraçant toutes les étapes du cycle de vie du projet,PYTHON-POO-10,Utiliser des flux,0,0.1137647629
communiquer-1.2,Rédiger un rapport cohérent retraçant toutes les étapes du cycle de vie du projet,PYTHON-DEV-01,Dissocier Python du Système d'exploitation (pyenv),0,0.2834344506
communiquer-1.2,Rédiger un rapport cohérent retraçant toutes les étapes du cycle de vie du projet,PYTHON-DEV-02,Gérer les dépendances,0,0.1972032487
communiquer-1.2,Rédiger un rapport cohérent retraçant toutes les étapes du cycle de vie du projet,PYTHON-DEV-03,Céer et utiliser les tests unitaires,0,0.2984618843
communiquer-1.2,Rédiger un rapport cohérent retraçant toutes les étapes du cycle de vie du projet,PYTHON-DEV-04,Utiliser les logs,0,0.2008587718
communiquer-1.2,Rédiger un rapport cohérent retraçant toutes les étapes du cycle de vie du projet,PYTHON-DEV-05,Utiliser le annotations,0,0.2953569591
communiquer-1.2,Rédiger un rapport cohérent retraçant toutes les étapes du cycle de vie du projet,PYTHON-DEV-06,Réaliser une audit statique de code,0,0.3044008613
communiquer-1.2,Rédiger un rapport cohérent retraçant toutes les étapes du cycle de vie du projet,PYTHON-ARC-01,Créer des décorateurs,0,0.2948405743
communiquer-1.2,Rédiger un rapport cohérent retraçant toutes les étapes du cycle de vie du projet,PYTHON-ARC-02,Créer et utiliser des métaclasses,0,0.2756094038
communiquer-1.2,Rédiger un rapport cohérent retraçant toutes les étapes du cycle de vie du projet,PYTHON-ARC-03,Controler l'accès aux attributs,0,0.1753230542
communiquer-1.2,Rédiger un rapport cohérent retraçant toutes les étapes du cycle de vie du projet,PYTHON-ARC-04,Créer et utiliser des coroutines,0,0.0999228880
communiquer-1.3,Représenter les modèles à l’aide de langage formel,PYTHON-PRG-01,"Choisir et utiliser les types de bases (bool, int, float, complex, list, etc.)",0,0.4411047101
communiquer-1.3,Représenter les modèles à l’aide de langage formel,PYTHON-PRG-02,"Utiliser les structures de contrôle (if, for, while, etc.)",0,0.3297922909
communiquer-1.3,Représenter les modèles à l’aide de langage formel,PYTHON-PRG-03,"Définir une fonction (arité variable, valeurs par défaut, obligation des paramètres positionnels ou nommés, etc.)",0,0.3075022101
communiquer-1.3,Représenter les modèles à l’aide de langage formel,PYTHON-PRG-04,"Appeler une fonction (passage de paramètre posiitonnel ou nommé, tuple ou dictionnaire en paramètres effectifs, etc.)",0,0.3664085269
communiquer-1.3,Représenter les modèles à l’aide de langage formel,PYTHON-PRG-05,"Créer des packages, modules et script",0,0.3801183701
communiquer-1.3,Représenter les modèles à l’aide de langage formel,PYTHON-PRG-06,"Importer des modules, éléments de modules en les renommant si nécessaire",0,0.3383885324
communiquer-1.3,Représenter les modèles à l’aide de langage formel,PYTHON-PRG-07,Comprendre l'affectation,0,0.2096289694
communiquer-1.3,Représenter les modèles à l’aide de langage formel,PYTHON-PRG-08,Utiliser les fonctions lambda,0,0.3207432926
communiquer-1.3,Représenter les modèles à l’aide de langage formel,PYTHON-PRG-09,"Utiliser les fonctions map, filter et comprehension de séquences",0,0.3956845701
communiquer-1.3,Représenter les modèles à l’aide de langage formel,PYTHON-PRG-10,Utiliser l'instruction yield,0,0.2469113767
communiquer-1.3,Représenter les modèles à l’aide de langage formel,PYTHON-POO-01,"Définir une classe (attributs, méthodes, initialiseur, etc.)",0,0.3706812263
communiquer-1.3,Représenter les modèles à l’aide de langage formel,PYTHON-POO-02,Utiliser les propriétés,0,0.2420983016
communiquer-1.3,Représenter les modèles à l’aide de langage formel,PYTHON-POO-03,Définir les méthodes spéciales,0,0.3842980266
communiquer-1.3,Représenter les modèles à l’aide de langage formel,PYTHON-POO-04,Définir et utiliser les méthodes statiques et de classes,0,0.4681552052
communiquer-1.3,Représenter les modèles à l’aide de langage formel,PYTHON-POO-05,Définir et utiliser des énumérations,0,0.3786637187
communiquer-1.3,Représenter les modèles à l’aide de langage formel,PYTHON-POO-06,Définir et utiliser des dataclasses,0,0.3860942125
communiquer-1.3,Représenter les modèles à l’aide de langage formel,PYTHON-POO-07,Définir et utiliser des classes abstraites et des protocoles,0,0.4627047181
communiquer-1.3,Représenter les modèles à l’aide de langage formel,PYTHON-POO-08,Définir et utiliser des exceptions,0,0.3016503155
communiquer-1.3,Représenter les modèles à l’aide de langage formel,PYTHON-POO-09,Définir et utiliser des gestionnaires de contexte,0,0.3685550690
communiquer-1.3,Représenter les modèles à l’aide de langage formel,PYTHON-POO-10,Utiliser des flux,0,0.2459755540
communiquer-1.3,Représenter les modèles à l’aide de langage formel,PYTHON-DEV-01,Dissocier Python du Système d'exploitation (pyenv),0,0.2502935529
communiquer-1.3,Représenter les modèles à l’aide de langage formel,PYTHON-DEV-02,Gérer les dépendances,0,0.0006773737
communiquer-1.3,Représenter les modèles à l’aide de langage formel,PYTHON-DEV-03,Céer et utiliser les tests unitaires,0,0.2690039873
communiquer-1.3,Représenter les modèles à l’aide de langage formel,PYTHON-DEV-04,Utiliser les logs,0,0.3985169530
communiquer-1.3,Représenter les modèles à l’aide de langage formel,PYTHON-DEV-05,Utiliser le annotations,0,0.3722983897
communiquer-1.3,Représenter les modèles à l’aide de langage formel,PYTHON-DEV-06,Réaliser une audit statique de code,0,0.2804913819
communiquer-1.3,Représenter les modèles à l’aide de langage formel,PYTHON-ARC-01,Créer des décorateurs,0,0.3837496042
communiquer-1.3,Représenter les modèles à l’aide de langage formel,PYTHON-ARC-02,Créer et utiliser des métaclasses,0,0.4625688791
communiquer-1.3,Représenter les modèles à l’aide de langage formel,PYTHON-ARC-03,Controler l'accès aux attributs,0,0.2611908913
communiquer-1.3,Représenter les modèles à l’aide de langage formel,PYTHON-ARC-04,Créer et utiliser des coroutines,0,0.2577489018
communiquer-2.1,Rédiger des supports de présentation,PYTHON-PRG-01,"Choisir et utiliser les types de bases (bool, int, float, complex, list, etc.)",0,0.2768486142
communiquer-2.1,Rédiger des supports de présentation,PYTHON-PRG-02,"Utiliser les structures de contrôle (if, for, while, etc.)",0,0.2875627875
communiquer-2.1,Rédiger des supports de présentation,PYTHON-PRG-03,"Définir une fonction (arité variable, valeurs par défaut, obligation des paramètres positionnels ou nommés, etc.)",0,0.1482500732
communiquer-2.1,Rédiger des supports de présentation,PYTHON-PRG-04,"Appeler une fonction (passage de paramètre posiitonnel ou nommé, tuple ou dictionnaire en paramètres effectifs, etc.)",0,0.3345363140
communiquer-2.1,Rédiger des supports de présentation,PYTHON-PRG-05,"Créer des packages, modules et script",0,0.4307588935
communiquer-2.1,Rédiger des supports de présentation,PYTHON-PRG-06,"Importer des modules, éléments de modules en les renommant si nécessaire",0,0.2664906383
communiquer-2.1,Rédiger des supports de présentation,PYTHON-PRG-07,Comprendre l'affectation,0,0.3506561816
communiquer-2.1,Rédiger des supports de présentation,PYTHON-PRG-08,Utiliser les fonctions lambda,0,0.1256875098
communiquer-2.1,Rédiger des supports de présentation,PYTHON-PRG-09,"Utiliser les fonctions map, filter et comprehension de séquences",0,0.2823207974
communiquer-2.1,Rédiger des supports de présentation,PYTHON-PRG-10,Utiliser l'instruction yield,0,0.3078241646
communiquer-2.1,Rédiger des supports de présentation,PYTHON-POO-01,"Définir une classe (attributs, méthodes, initialiseur, etc.)",0,0.2645398378
communiquer-2.1,Rédiger des supports de présentation,PYTHON-POO-02,Utiliser les propriétés,0,0.2406913638
communiquer-2.1,Rédiger des supports de présentation,PYTHON-POO-03,Définir les méthodes spéciales,0,0.1810809672
communiquer-2.1,Rédiger des supports de présentation,PYTHON-POO-04,Définir et utiliser les méthodes statiques et de classes,0,0.2825940847
communiquer-2.1,Rédiger des supports de présentation,PYTHON-POO-05,Définir et utiliser des énumérations,0,0.4075326324
communiquer-2.1,Rédiger des supports de présentation,PYTHON-POO-06,Définir et utiliser des dataclasses,0,0.2316404283
communiquer-2.1,Rédiger des supports de présentation,PYTHON-POO-07,Définir et utiliser des classes abstraites et des protocoles,0,0.3591364026
communiquer-2.1,Rédiger des supports de présentation,PYTHON-POO-08,Définir et utiliser des exceptions,0,0.2033617944
communiquer-2.1,Rédiger des supports de présentation,PYTHON-POO-09,Définir et utiliser des gestionnaires de contexte,0,0.3733339906
communiquer-2.1,Rédiger des supports de présentation,PYTHON-POO-10,Utiliser des flux,0,0.1939512342
communiquer-2.1,Rédiger des supports de présentation,PYTHON-DEV-01,Dissocier Python du Système d'exploitation (pyenv),0,0.1845603585
communiquer-2.1,Rédiger des supports de présentation,PYTHON-DEV-02,Gérer les dépendances,0,0.2468761057
communiquer-2.1,Rédiger des supports de présentation,PYTHON-DEV-03,Céer et utiliser les tests unitaires,0,0.3335187733
communiquer-2.1,Rédiger des supports de présentation,PYTHON-DEV-04,Utiliser les logs,0,0.2341645360
communiquer-2.1,Rédiger des supports de présentation,PYTHON-DEV-05,Utiliser le annotations,0,0.3429422081
communiquer-2.1,Rédiger des supports de présentation,PYTHON-DEV-06,Réaliser une audit statique de code,0,0.2665732205
communiquer-2.1,Rédiger des supports de présentation,PYTHON-ARC-01,Créer des décorateurs,0,0.4226004481
communiquer-2.1,Rédiger des supports de présentation,PYTHON-ARC-02,Créer et utiliser des métaclasses,0,0.2579828799
communiquer-2.1,Rédiger des supports de présentation,PYTHON-ARC-03,Controler l'accès aux attributs,0,0.2002137601
communiquer-2.1,Rédiger des supports de présentation,PYTHON-ARC-04,Créer et utiliser des coroutines,0,0.1544657946
communiquer-2.2,Restituer oralement le travail réalisé,PYTHON-PRG-01,"Choisir et utiliser les types de bases (bool, int, float, complex, list, etc.)",0,0.1643109471
communiquer-2.2,Restituer oralement le travail réalisé,PYTHON-PRG-02,"Utiliser les structures de contrôle (if, for, while, etc.)",0,0.2082684934
communiquer-2.2,Restituer oralement le travail réalisé,PYTHON-PRG-03,"Définir une fonction (arité variable, valeurs par défaut, obligation des paramètres positionnels ou nommés, etc.)",0,0.1436630785
communiquer-2.2,Restituer oralement le travail réalisé,PYTHON-PRG-04,"Appeler une fonction (passage de paramètre posiitonnel ou nommé, tuple ou dictionnaire en paramètres effectifs, etc.)",0,0.1932489723
communiquer-2.2,Restituer oralement le travail réalisé,PYTHON-PRG-05,"Créer des packages, modules et script",0,0.2595832348
communiquer-2.2,Restituer oralement le travail réalisé,PYTHON-PRG-06,"Importer des modules, éléments de modules en les renommant si nécessaire",0,0.1776660681
communiquer-2.2,Restituer oralement le travail réalisé,PYTHON-PRG-07,Comprendre l'affectation,0,0.1921504289
communiquer-2.2,Restituer oralement le travail réalisé,PYTHON-PRG-08,Utiliser les fonctions lambda,0,0.1817114055
communiquer-2.2,Restituer oralement le travail réalisé,PYTHON-PRG-09,"Utiliser les fonctions map, filter et comprehension de séquences",0,0.2183105499
communiquer-2.2,Restituer oralement le travail réalisé,PYTHON-PRG-10,Utiliser l'instruction yield,0,0.2265463471
communiquer-2.2,Restituer oralement le travail réalisé,PYTHON-POO-01,"Définir une classe (attributs, méthodes, initialiseur, etc.)",0,0.1467354447
communiquer-2.2,Restituer oralement le travail réalisé,PYTHON-POO-02,Utiliser les propriétés,0,0.2064361870
communiquer-2.2,Restituer oralement le travail réalisé,PYTHON-POO-03,Définir les méthodes spéciales,0,0.1596223116
communiquer-2.2,Restituer oralement le travail réalisé,PYTHON-POO-04,Définir et utiliser les méthodes statiques et de classes,0,0.2305957228
communiquer-2.2,Restituer oralement le travail réalisé,PYTHON-POO-05,Définir et utiliser des énumérations,0,0.2993170917
communiquer-2.2,Restituer oralement le travail réalisé,PYTHON-POO-06,Définir et utiliser des dataclasses,0,0.1435570568
communiquer-2.2,Restituer oralement le travail réalisé,PYTHON-POO-07,Définir et utiliser des classes abstraites et des protocoles,0,0.1798686385
communiquer-2.2,Restituer oralement le travail réalisé,PYTHON-POO-08,Définir et utiliser des exceptions,0,0.2978689075
communiquer-2.2,Restituer oralement le travail réalisé,PYTHON-POO-09,Définir et utiliser des gestionnaires de contexte,0,0.1706636548
communiquer-2.2,Restituer oralement le travail réalisé,PYTHON-POO-10,Utiliser des flux,0,0.1650162190
communiquer-2.2,Restituer oralement le travail réalisé,PYTHON-DEV-01,Dissocier Python du Système d'exploitation (pyenv),0,0.1557690799
communiquer-2.2,Restituer oralement le travail réalisé,PYTHON-DEV-02,Gérer les dépendances,0,0.2197671533
communiquer-2.2,Restituer oralement le travail réalisé,PYTHON-DEV-03,Céer et utiliser les tests unitaires,0,0.4048597217
communiquer-2.2,Restituer oralement le travail réalisé,PYTHON-DEV-04,Utiliser les logs,0,0.0777271241
communiquer-2.2,Restituer oralement le travail réalisé,PYTHON-DEV-05,Utiliser le annotations,0,0.2241019160
communiquer-2.2,Restituer oralement le travail réalisé,PYTHON-DEV-06,Réaliser une audit statique de code,0,0.2736927271
communiquer-2.2,Restituer oralement le travail réalisé,PYTHON-ARC-01,Créer des décorateurs,0,0.3666854799
communiquer-2.2,Restituer oralement le travail réalisé,PYTHON-ARC-02,Créer et utiliser des métaclasses,0,0.2920269370
communiquer-2.2,Restituer oralement le travail réalisé,PYTHON-ARC-03,Controler l'accès aux attributs,0,0.0716558620
communiquer-2.2,Restituer oralement le travail réalisé,PYTHON-ARC-04,Créer et utiliser des coroutines,0,0.2900807261
communiquer-2.3,Synthétiser le travail réalisé,PYTHON-PRG-01,"Choisir et utiliser les types de bases (bool, int, float, complex, list, etc.)",0,0.1600926518
communiquer-2.3,Synthétiser le travail réalisé,PYTHON-PRG-02,"Utiliser les structures de contrôle (if, for, while, etc.)",0,0.2638028562
communiquer-2.3,Synthétiser le travail réalisé,PYTHON-PRG-03,"Définir une fonction (arité variable, valeurs par défaut, obligation des paramètres positionnels ou nommés, etc.)",0,0.1318574101
communiquer-2.3,Synthétiser le travail réalisé,PYTHON-PRG-04,"Appeler une fonction (passage de paramètre posiitonnel ou nommé, tuple ou dictionnaire en paramètres effectifs, etc.)",0,0.2896479964
communiquer-2.3,Synthétiser le travail réalisé,PYTHON-PRG-05,"Créer des packages, modules et script",0,0.2552864850
communiquer-2.3,Synthétiser le travail réalisé,PYTHON-PRG-06,"Importer des modules, éléments de modules en les renommant si nécessaire",0,0.1283795983
communiquer-2.3,Synthétiser le travail réalisé,PYTHON-PRG-07,Comprendre l'affectation,0,0.3470564485
communiquer-2.3,Synthétiser le travail réalisé,PYTHON-PRG-08,Utiliser les fonctions lambda,0,0.2118642926
communiquer-2.3,Synthétiser le travail réalisé,PYTHON-PRG-09,"Utiliser les fonctions map, filter et comprehension de séquences",0,0.2883390784
communiquer-2.3,Synthétiser le travail réalisé,PYTHON-PRG-10,Utiliser l'instruction yield,0,0.1762888432
communiquer-2.3,Synthétiser le travail réalisé,PYTHON-POO-01,"Définir une classe (attributs, méthodes, initialiseur, etc.)",0,0.2953841686
communiquer-2.3,Synthétiser le travail réalisé,PYTHON-POO-02,Utiliser les propriétés,0,0.2374918461
communiquer-2.3,Synthétiser le travail réalisé,PYTHON-POO-03,Définir les méthodes spéciales,0,0.2630866766
communiquer-2.3,Synthétiser le travail réalisé,PYTHON-POO-04,Définir et utiliser les méthodes statiques et de classes,0,0.3447210193
communiquer-2.3,Synthétiser le travail réalisé,PYTHON-POO-05,Définir et utiliser des énumérations,0,0.3282399774
communiquer-2.3,Synthétiser le travail réalisé,PYTHON-POO-06,Définir et utiliser des dataclasses,0,0.3263663650
communiquer-2.3,Synthétiser le travail réalisé,PYTHON-POO-07,Définir et utiliser des classes abstraites et des protocoles,0,0.2926470637
communiquer-2.3,Synthétiser le travail réalisé,PYTHON-POO-08,Définir et utiliser des exceptions,0,0.2714921236
communiquer-2.3,Synthétiser le travail réalisé,PYTHON-POO-09,Définir et utiliser des gestionnaires de contexte,0,0.4002162814
communiquer-2.3,Synthétiser le travail réalisé,PYTHON-POO-10,Utiliser des flux,0,0.2282711416
communiquer-2.3,Synthétiser le travail réalisé,PYTHON-DEV-01,Dissocier Python du Système d'exploitation (pyenv),0,0.3050877452
communiquer-2.3,Synthétiser le travail réalisé,PYTHON-DEV-02,Gérer les dépendances,0,0.2735223770
communiquer-2.3,Synthétiser le travail réalisé,PYTHON-DEV-03,Céer et utiliser les tests unitaires,0,0.2093068212
communiquer-2.3,Synthétiser le travail réalisé,PYTHON-DEV-04,Utiliser les logs,0,0.1771170646
communiquer-2.3,Synthétiser le travail réalisé,PYTHON-DEV-05,Utiliser le annotations,0,0.4122479558
communiquer-2.3,Synthétiser le travail réalisé,PYTHON-DEV-06,Réaliser une audit statique de code,0,0.2808168530
communiquer-2.3,Synthétiser le travail réalisé,PYTHON-ARC-01,Créer des décorateurs,0,0.4520557821
communiquer-2.3,Synthétiser le travail réalisé,PYTHON-ARC-02,Créer et utiliser des métaclasses,0,0.3966422677
communiquer-2.3,Synthétiser le travail réalisé,PYTHON-ARC-03,Controler l'accès aux attributs,0,0.1891758591
communiquer-2.3,Synthétiser le travail réalisé,PYTHON-ARC-04,Créer et utiliser des coroutines,0,0.3058158457
communiquer-3.1,Interpréter les résultats dans le contexte du problème,PYTHON-PRG-01,"Choisir et utiliser les types de bases (bool, int, float, complex, list, etc.)",0,0.2632959485
communiquer-3.1,Interpréter les résultats dans le contexte du problème,PYTHON-PRG-02,"Utiliser les structures de contrôle (if, for, while, etc.)",0,0.3303224146
communiquer-3.1,Interpréter les résultats dans le contexte du problème,PYTHON-PRG-03,"Définir une fonction (arité variable, valeurs par défaut, obligation des paramètres positionnels ou nommés, etc.)",0,0.2977707684
communiquer-3.1,Interpréter les résultats dans le contexte du problème,PYTHON-PRG-04,"Appeler une fonction (passage de paramètre posiitonnel ou nommé, tuple ou dictionnaire en paramètres effectifs, etc.)",0,0.3218817711
communiquer-3.1,Interpréter les résultats dans le contexte du problème,PYTHON-PRG-05,"Créer des packages, modules et script",0,0.3008292317
communiquer-3.1,Interpréter les résultats dans le contexte du problème,PYTHON-PRG-06,"Importer des modules, éléments de modules en les renommant si nécessaire",0,0.2254787087
communiquer-3.1,Interpréter les résultats dans le contexte du problème,PYTHON-PRG-07,Comprendre l'affectation,0,0.3639532328
communiquer-3.1,Interpréter les résultats dans le contexte du problème,PYTHON-PRG-08,Utiliser les fonctions lambda,0,0.2166752517
communiquer-3.1,Interpréter les résultats dans le contexte du problème,PYTHON-PRG-09,"Utiliser les fonctions map, filter et comprehension de séquences",0,0.3776711822
communiquer-3.1,Interpréter les résultats dans le contexte du problème,PYTHON-PRG-10,Utiliser l'instruction yield,0,0.3195707798
communiquer-3.1,Interpréter les résultats dans le contexte du problème,PYTHON-POO-01,"Définir une classe (attributs, méthodes, initialiseur, etc.)",0,0.3418385386
communiquer-3.1,Interpréter les résultats dans le contexte du problème,PYTHON-POO-02,Utiliser les propriétés,0,0.2943568230
communiquer-3.1,Interpréter les résultats dans le contexte du problème,PYTHON-POO-03,Définir les méthodes spéciales,0,0.2420837879
communiquer-3.1,Interpréter les résultats dans le contexte du problème,PYTHON-POO-04,Définir et utiliser les méthodes statiques et de classes,0,0.2641331553
communiquer-3.1,Interpréter les résultats dans le contexte du problème,PYTHON-POO-05,Définir et utiliser des énumérations,0,0.3077537417
communiquer-3.1,Interpréter les résultats dans le contexte du problème,PYTHON-POO-06,Définir et utiliser des dataclasses,0,0.3336616158
communiquer-3.1,Interpréter les résultats dans le contexte du problème,PYTHON-POO-07,Définir et utiliser des classes abstraites et des protocoles,0,0.3536440730
communiquer-3.1,Interpréter les résultats dans le contexte du problème,PYTHON-POO-08,Définir et utiliser des exceptions,0,0.2806470394
communiquer-3.1,Interpréter les résultats dans le contexte du problème,PYTHON-POO-09,Définir et utiliser des gestionnaires de contexte,0,0.4115594029
communiquer-3.1,Interpréter les résultats dans le contexte du problème,PYTHON-POO-10,Utiliser des flux,0,0.1763312817
communiquer-3.1,Interpréter les résultats dans le contexte du problème,PYTHON-DEV-01,Dissocier Python du Système d'exploitation (pyenv),0,0.2085153162
communiquer-3.1,Interpréter les résultats dans le contexte du problème,PYTHON-DEV-02,Gérer les dépendances,0,0.1225576401
communiquer-3.1,Interpréter les résultats dans le contexte du problème,PYTHON-DEV-03,Céer et utiliser les tests unitaires,0,0.2401689291
communiquer-3.1,Interpréter les résultats dans le contexte du problème,PYTHON-DEV-04,Utiliser les logs,0,0.2584612370
communiquer-3.1,Interpréter les résultats dans le contexte du problème,PYTHON-DEV-05,Utiliser le annotations,0,0.3611117601
communiquer-3.1,Interpréter les résultats dans le contexte du problème,PYTHON-DEV-06,Réaliser une audit statique de code,0,0.3107545972
communiquer-3.1,Interpréter les résultats dans le contexte du problème,PYTHON-ARC-01,Créer des décorateurs,0,0.2913871408
communiquer-3.1,Interpréter les résultats dans le contexte du problème,PYTHON-ARC-02,Créer et utiliser des métaclasses,0,0.2555806637
communiquer-3.1,Interpréter les résultats dans le contexte du problème,PYTHON-ARC-03,Controler l'accès aux attributs,0,0.4275844097
communiquer-3.1,Interpréter les résultats dans le contexte du problème,PYTHON-ARC-04,Créer et utiliser des coroutines,0,0.0636861697
communiquer-3.2,Critiquer les résultats,PYTHON-PRG-01,"Choisir et utiliser les types de bases (bool, int, float, complex, list, etc.)",0,0.2350261807
communiquer-3.2,Critiquer les résultats,PYTHON-PRG-02,"Utiliser les structures de contrôle (if, for, while, etc.)",0,0.2925312519
communiquer-3.2,Critiquer les résultats,PYTHON-PRG-03,"Définir une fonction (arité variable, valeurs par défaut, obligation des paramètres positionnels ou nommés, etc.)",0,0.1709184349
communiquer-3.2,Critiquer les résultats,PYTHON-PRG-04,"Appeler une fonction (passage de paramètre posiitonnel ou nommé, tuple ou dictionnaire en paramètres effectifs, etc.)",0,0.1481884867
communiquer-3.2,Critiquer les résultats,PYTHON-PRG-05,"Créer des packages, modules et script",0,0.2492633015
communiquer-3.2,Critiquer les résultats,PYTHON-PRG-06,"Importer des modules, éléments de modules en les renommant si nécessaire",0,0.0929370970
communiquer-3.2,Critiquer les résultats,PYTHON-PRG-07,Comprendre l'affectation,0,0.2263250351
communiquer-3.2,Critiquer les résultats,PYTHON-PRG-08,Utiliser les fonctions lambda,0,0.0333615616
communiquer-3.2,Critiquer les résultats,PYTHON-PRG-09,"Utiliser les fonctions map, filter et comprehension de séquences",0,0.1722680628
communiquer-3.2,Critiquer les résultats,PYTHON-PRG-10,Utiliser l'instruction yield,0,0.1534161270
communiquer-3.2,Critiquer les résultats,PYTHON-POO-01,"Définir une classe (attributs, méthodes, initialiseur, etc.)",0,0.1544017494
communiquer-3.2,Critiquer les résultats,PYTHON-POO-02,Utiliser les propriétés,0,0.2194893956
communiquer-3.2,Critiquer les résultats,PYTHON-POO-03,Définir les méthodes spéciales,0,0.1385113895
communiquer-3.2,Critiquer les résultats,PYTHON-POO-04,Définir et utiliser les méthodes statiques et de classes,0,0.1262564063
communiquer-3.2,Critiquer les résultats,PYTHON-POO-05,Définir et utiliser des énumérations,0,0.1109607965
communiquer-3.2,Critiquer les résultats,PYTHON-POO-06,Définir et utiliser des dataclasses,0,0.1646699607
communiquer-3.2,Critiquer les résultats,PYTHON-POO-07,Définir et utiliser des classes abstraites et des protocoles,0,0.1301466823
communiquer-3.2,Critiquer les résultats,PYTHON-POO-08,Définir et utiliser des exceptions,0,0.1916514039
communiquer-3.2,Critiquer les résultats,PYTHON-POO-09,Définir et utiliser des gestionnaires de contexte,0,0.2205302119
communiquer-3.2,Critiquer les résultats,PYTHON-POO-10,Utiliser des flux,0,0.0893727392
communiquer-3.2,Critiquer les résultats,PYTHON-DEV-01,Dissocier Python du Système d'exploitation (pyenv),0,0.1030955836
communiquer-3.2,Critiquer les résultats,PYTHON-DEV-02,Gérer les dépendances,0,0.1084692180
communiquer-3.2,Critiquer les résultats,PYTHON-DEV-03,Céer et utiliser les tests unitaires,0,0.2433629781
communiquer-3.2,Critiquer les résultats,PYTHON-DEV-04,Utiliser les logs,0,0.0436235592
communiquer-3.2,Critiquer les résultats,PYTHON-DEV-05,Utiliser le annotations,0,0.2396857738
communiquer-3.2,Critiquer les résultats,PYTHON-DEV-06,Réaliser une audit statique de code,0,0.3344035745
communiquer-3.2,Critiquer les résultats,PYTHON-ARC-01,Créer des décorateurs,0,0.2816292644
communiquer-3.2,Critiquer les résultats,PYTHON-ARC-02,Créer et utiliser des métaclasses,0,0.1397582740
communiquer-3.2,Critiquer les résultats,PYTHON-ARC-03,Controler l'accès aux attributs,0,0.3042201996
communiquer-3.2,Critiquer les résultats,PYTHON-ARC-04,Créer et utiliser des coroutines,0,0.1028740034
communiquer-3.3,Proposer des perspectives,PYTHON-PRG-01,"Choisir et utiliser les types de bases (bool, int, float, complex, list, etc.)",0,0.1984636337
communiquer-3.3,Proposer des perspectives,PYTHON-PRG-02,"Utiliser les structures de contrôle (if, for, while, etc.)",0,0.1936482489
communiquer-3.3,Proposer des perspectives,PYTHON-PRG-03,"Définir une fonction (arité variable, valeurs par défaut, obligation des paramètres positionnels ou nommés, etc.)",0,0.2011518329
communiquer-3.3,Proposer des perspectives,PYTHON-PRG-04,"Appeler une fonction (passage de paramètre posiitonnel ou nommé, tuple ou dictionnaire en paramètres effectifs, etc.)",0,0.2523646355
communiquer-3.3,Proposer des perspectives,PYTHON-PRG-05,"Créer des packages, modules et script",0,0.3244078159
communiquer-3.3,Proposer des perspectives,PYTHON-PRG-06,"Importer des modules, éléments de modules en les renommant si nécessaire",0,0.2388852537
communiquer-3.3,Proposer des perspectives,PYTHON-PRG-07,Comprendre l'affectation,0,0.2812398970
communiquer-3.3,Proposer des perspectives,PYTHON-PRG-08,Utiliser les fonctions lambda,0,0.0592652075
communiquer-3.3,Proposer des perspectives,PYTHON-PRG-09,"Utiliser les fonctions map, filter et comprehension de séquences",0,0.2136653066
communiquer-3.3,Proposer des perspectives,PYTHON-PRG-10,Utiliser l'instruction yield,0,0.2163567692
communiquer-3.3,Proposer des perspectives,PYTHON-POO-01,"Définir une classe (attributs, méthodes, initialiseur, etc.)",0,0.3009380400
communiquer-3.3,Proposer des perspectives,PYTHON-POO-02,Utiliser les propriétés,0,0.2889598310
communiquer-3.3,Proposer des perspectives,PYTHON-POO-03,Définir les méthodes spéciales,0,0.2286027819
communiquer-3.3,Proposer des perspectives,PYTHON-POO-04,Définir et utiliser les méthodes statiques et de classes,0,0.1813534349
communiquer-3.3,Proposer des perspectives,PYTHON-POO-05,Définir et utiliser des énumérations,0,0.2640152574
communiquer-3.3,Proposer des perspectives,PYTHON-POO-06,Définir et utiliser des dataclasses,0,0.3697398305
communiquer-3.3,Proposer des perspectives,PYTHON-POO-07,Définir et utiliser des classes abstraites et des protocoles,0,0.2671497762
communiquer-3.3,Proposer des perspectives,PYTHON-POO-08,Définir et utiliser des exceptions,0,0.1339796484
communiquer-3.3,Proposer des perspectives,PYTHON-POO-09,Définir et utiliser des gestionnaires de contexte,0,0.3836641908
communiquer-3.3,Proposer des perspectives,PYTHON-POO-10,Utiliser des flux,0,0.1018700004
communiquer-3.3,Proposer des perspectives,PYTHON-DEV-01,Dissocier Python du Système d'exploitation (pyenv),0,0.2382638454
communiquer-3.3,Proposer des perspectives,PYTHON-DEV-02,Gérer les dépendances,0,0.2105404139
communiquer-3.3,Proposer des perspectives,PYTHON-DEV-03,Céer et utiliser les tests unitaires,0,0.0932033211
communiquer-3.3,Proposer des perspectives,PYTHON-DEV-04,Utiliser les logs,0,0.1477906853
communiquer-3.3,Proposer des perspectives,PYTHON-DEV-05,Utiliser le annotations,0,0.3077215850
communiquer-3.3,Proposer des perspectives,PYTHON-DEV-06,Réaliser une audit statique de code,0,0.2204366028
communiquer-3.3,Proposer des perspectives,PYTHON-ARC-01,Créer des décorateurs,0,0.3811204433
communiquer-3.3,Proposer des perspectives,PYTHON-ARC-02,Créer et utiliser des métaclasses,0,0.2898834348
communiquer-3.3,Proposer des perspectives,PYTHON-ARC-03,Controler l'accès aux attributs,0,0.2615848482
communiquer-3.3,Proposer des perspectives,PYTHON-ARC-04,Créer et utiliser des coroutines,0,0.1258576959
communiquer-3.4,Représenter de manière humainement compréhensible (graphiquement) les résultats,PYTHON-PRG-01,"Choisir et utiliser les types de bases (bool, int, float, complex, list, etc.)",0,0.2440078408
communiquer-3.4,Représenter de manière humainement compréhensible (graphiquement) les résultats,PYTHON-PRG-02,"Utiliser les structures de contrôle (if, for, while, etc.)",0,0.2806258798
communiquer-3.4,Représenter de manière humainement compréhensible (graphiquement) les résultats,PYTHON-PRG-03,"Définir une fonction (arité variable, valeurs par défaut, obligation des paramètres positionnels ou nommés, etc.)",0,0.3865484595
communiquer-3.4,Représenter de manière humainement compréhensible (graphiquement) les résultats,PYTHON-PRG-04,"Appeler une fonction (passage de paramètre posiitonnel ou nommé, tuple ou dictionnaire en paramètres effectifs, etc.)",0,0.3767469823
communiquer-3.4,Représenter de manière humainement compréhensible (graphiquement) les résultats,PYTHON-PRG-05,"Créer des packages, modules et script",0,0.2821223438
communiquer-3.4,Représenter de manière humainement compréhensible (graphiquement) les résultats,PYTHON-PRG-06,"Importer des modules, éléments de modules en les renommant si nécessaire",0,0.2352265418
communiquer-3.4,Représenter de manière humainement compréhensible (graphiquement) les résultats,PYTHON-PRG-07,Comprendre l'affectation,0,0.3334523737
communiquer-3.4,Représenter de manière humainement compréhensible (graphiquement) les résultats,PYTHON-PRG-08,Utiliser les fonctions lambda,0,0.2856873870
communiquer-3.4,Représenter de manière humainement compréhensible (graphiquement) les résultats,PYTHON-PRG-09,"Utiliser les fonctions map, filter et comprehension de séquences",0,0.3935768604
communiquer-3.4,Représenter de manière humainement compréhensible (graphiquement) les résultats,PYTHON-PRG-10,Utiliser l'instruction yield,0,0.2133301497
communiquer-3.4,Représenter de manière humainement compréhensible (graphiquement) les résultats,PYTHON-POO-01,"Définir une classe (attributs, méthodes, initialiseur, etc.)",0,0.2625281811
communiquer-3.4,Représenter de manière humainement compréhensible (graphiquement) les résultats,PYTHON-POO-02,Utiliser les propriétés,0,0.2576305270
communiquer-3.4,Représenter de manière humainement compréhensible (graphiquement) les résultats,PYTHON-POO-03,Définir les méthodes spéciales,0,0.2805339992
communiquer-3.4,Représenter de manière humainement compréhensible (graphiquement) les résultats,PYTHON-POO-04,Définir et utiliser les méthodes statiques et de classes,0,0.2569786906
communiquer-3.4,Représenter de manière humainement compréhensible (graphiquement) les résultats,PYTHON-POO-05,Définir et utiliser des énumérations,0,0.4129153788
communiquer-3.4,Représenter de manière humainement compréhensible (graphiquement) les résultats,PYTHON-POO-06,Définir et utiliser des dataclasses,0,0.3391720653
communiquer-3.4,Représenter de manière humainement compréhensible (graphiquement) les résultats,PYTHON-POO-07,Définir et utiliser des classes abstraites et des protocoles,0,0.3218832612
communiquer-3.4,Représenter de manière humainement compréhensible (graphiquement) les résultats,PYTHON-POO-08,Définir et utiliser des exceptions,0,0.3503780663
communiquer-3.4,Représenter de manière humainement compréhensible (graphiquement) les résultats,PYTHON-POO-09,Définir et utiliser des gestionnaires de contexte,0,0.3051215708
communiquer-3.4,Représenter de manière humainement compréhensible (graphiquement) les résultats,PYTHON-POO-10,Utiliser des flux,0,0.2845963240
communiquer-3.4,Représenter de manière humainement compréhensible (graphiquement) les résultats,PYTHON-DEV-01,Dissocier Python du Système d'exploitation (pyenv),0,0.1792505980
communiquer-3.4,Représenter de manière humainement compréhensible (graphiquement) les résultats,PYTHON-DEV-02,Gérer les dépendances,0,0.2209829390
communiquer-3.4,Représenter de manière humainement compréhensible (graphiquement) les résultats,PYTHON-DEV-03,Céer et utiliser les tests unitaires,0,0.2588464618
communiquer-3.4,Représenter de manière humainement compréhensible (graphiquement) les résultats,PYTHON-DEV-04,Utiliser les logs,0,0.3031419218
communiquer-3.4,Représenter de manière humainement compréhensible (graphiquement) les résultats,PYTHON-DEV-05,Utiliser le annotations,0,0.2914336920
communiquer-3.4,Représenter de manière humainement compréhensible (graphiquement) les résultats,PYTHON-DEV-06,Réaliser une audit statique de code,0,0.2186035216
communiquer-3.4,Représenter de manière humainement compréhensible (graphiquement) les résultats,PYTHON-ARC-01,Créer des décorateurs,0,0.2993656993
communiquer-3.4,Représenter de manière humainement compréhensible (graphiquement) les résultats,PYTHON-ARC-02,Créer et utiliser des métaclasses,0,0.2758579850
communiquer-3.4,Représenter de manière humainement compréhensible (graphiquement) les résultats,PYTHON-ARC-03,Controler l'accès aux attributs,0,0.2323319018
communiquer-3.4,Représenter de manière humainement compréhensible (graphiquement) les résultats,PYTHON-ARC-04,Créer et utiliser des coroutines,0,0.0801415145
communiquer-4.1,Résumer une méthode de l’état de l’art,PYTHON-PRG-01,"Choisir et utiliser les types de bases (bool, int, float, complex, list, etc.)",0,0.3640642762
communiquer-4.1,Résumer une méthode de l’état de l’art,PYTHON-PRG-02,"Utiliser les structures de contrôle (if, for, while, etc.)",0,0.3379285336
communiquer-4.1,Résumer une méthode de l’état de l’art,PYTHON-PRG-03,"Définir une fonction (arité variable, valeurs par défaut, obligation des paramètres positionnels ou nommés, etc.)",0,0.3311567903
communiquer-4.1,Résumer une méthode de l’état de l’art,PYTHON-PRG-04,"Appeler une fonction (passage de paramètre posiitonnel ou nommé, tuple ou dictionnaire en paramètres effectifs, etc.)",0,0.3538793325
communiquer-4.1,Résumer une méthode de l’état de l’art,PYTHON-PRG-05,"Créer des packages, modules et script",0,0.2149169892
communiquer-4.1,Résumer une méthode de l’état de l’art,PYTHON-PRG-06,"Importer des modules, éléments de modules en les renommant si nécessaire",0,0.2466088533
communiquer-4.1,Résumer une méthode de l’état de l’art,PYTHON-PRG-07,Comprendre l'affectation,0,0.2949727774
communiquer-4.1,Résumer une méthode de l’état de l’art,PYTHON-PRG-08,Utiliser les fonctions lambda,0,0.2141279876
communiquer-4.1,Résumer une méthode de l’état de l’art,PYTHON-PRG-09,"Utiliser les fonctions map, filter et comprehension de séquences",0,0.4031755328
communiquer-4.1,Résumer une méthode de l’état de l’art,PYTHON-PRG-10,Utiliser l'instruction yield,0,0.2022198588
communiquer-4.1,Résumer une méthode de l’état de l’art,PYTHON-POO-01,"Définir une classe (attributs, méthodes, initialiseur, etc.)",0,0.3333077133
communiquer-4.1,Résumer une méthode de l’état de l’art,PYTHON-POO-02,Utiliser les propriétés,0,0.1948814094
communiquer-4.1,Résumer une méthode de l’état de l’art,PYTHON-POO-03,Définir les méthodes spéciales,0,0.6081799865
communiquer-4.1,Résumer une méthode de l’état de l’art,PYTHON-POO-04,Définir et utiliser les méthodes statiques et de classes,0,0.5090938210
communiquer-4.1,Résumer une méthode de l’état de l’art,PYTHON-POO-05,Définir et utiliser des énumérations,0,0.5673061609
communiquer-4.1,Résumer une méthode de l’état de l’art,PYTHON-POO-06,Définir et utiliser des dataclasses,0,0.2894873619
communiquer-4.1,Résumer une méthode de l’état de l’art,PYTHON-POO-07,Définir et utiliser des classes abstraites et des protocoles,0,0.3512166739
communiquer-4.1,Résumer une méthode de l’état de l’art,PYTHON-POO-08,Définir et utiliser des exceptions,0,0.3381482363
communiquer-4.1,Résumer une méthode de l’état de l’art,PYTHON-POO-09,Définir et utiliser des gestionnaires de contexte,0,0.3566185832
communiquer-4.1,Résumer une méthode de l’état de l’art,PYTHON-POO-10,Utiliser des flux,0,0.2164870203
communiquer-4.1,Résumer une méthode de l’état de l’art,PYTHON-DEV-01,Dissocier Python du Système d'exploitation (pyenv),0,0.2086015344
communiquer-4.1,Résumer une méthode de l’état de l’art,PYTHON-DEV-02,Gérer les dépendances,0,0.1203044802
communiquer-4.1,Résumer une méthode de l’état de l’art,PYTHON-DEV-03,Céer et utiliser les tests unitaires,0,0.2404059470
communiquer-4.1,Résumer une méthode de l’état de l’art,PYTHON-DEV-04,Utiliser les logs,0,0.1694721133
communiquer-4.1,Résumer une méthode de l’état de l’art,PYTHON-DEV-05,Utiliser le annotations,0,0.3124133050
communiquer-4.1,Résumer une méthode de l’état de l’art,PYTHON-DEV-06,Réaliser une audit statique de code,0,0.3038319945
communiquer-4.1,Résumer une méthode de l’état de l’art,PYTHON-ARC-01,Créer des décorateurs,0,0.3607008457
communiquer-4.1,Résumer une méthode de l’état de l’art,PYTHON-ARC-02,Créer et utiliser des métaclasses,0,0.2878768444
communiquer-4.1,Résumer une méthode de l’état de l’art,PYTHON-ARC-03,Controler l'accès aux attributs,0,0.2155201137
communiquer-4.1,Résumer une méthode de l’état de l’art,PYTHON-ARC-04,Créer et utiliser des coroutines,0,0.1717241406
communiquer-4.2,Adapter son discours au public,PYTHON-PRG-01,"Choisir et utiliser les types de bases (bool, int, float, complex, list, etc.)",0,0.2224497795
communiquer-4.2,Adapter son discours au public,PYTHON-PRG-02,"Utiliser les structures de contrôle (if, for, while, etc.)",0,0.2319989055
communiquer-4.2,Adapter son discours au public,PYTHON-PRG-03,"Définir une fonction (arité variable, valeurs par défaut, obligation des paramètres positionnels ou nommés, etc.)",0,0.1795603037
communiquer-4.2,Adapter son discours au public,PYTHON-PRG-04,"Appeler une fonction (passage de paramètre posiitonnel ou nommé, tuple ou dictionnaire en paramètres effectifs, etc.)",0,0.2492257655
communiquer-4.2,Adapter son discours au public,PYTHON-PRG-05,"Créer des packages, modules et script",0,0.2951225340
communiquer-4.2,Adapter son discours au public,PYTHON-PRG-06,"Importer des modules, éléments de modules en les renommant si nécessaire",0,0.3223598003
communiquer-4.2,Adapter son discours au public,PYTHON-PRG-07,Comprendre l'affectation,0,0.3563457429
communiquer-4.2,Adapter son discours au public,PYTHON-PRG-08,Utiliser les fonctions lambda,0,0.2813237906
communiquer-4.2,Adapter son discours au public,PYTHON-PRG-09,"Utiliser les fonctions map, filter et comprehension de séquences",0,0.2175670266
communiquer-4.2,Adapter son discours au public,PYTHON-PRG-10,Utiliser l'instruction yield,0,0.2682343721
communiquer-4.2,Adapter son discours au public,PYTHON-POO-01,"Définir une classe (attributs, méthodes, initialiseur, etc.)",0,0.3304957747
communiquer-4.2,Adapter son discours au public,PYTHON-POO-02,Utiliser les propriétés,0,0.1495940536
communiquer-4.2,Adapter son discours au public,PYTHON-POO-03,Définir les méthodes spéciales,0,0.2086833268
communiquer-4.2,Adapter son discours au public,PYTHON-POO-04,Définir et utiliser les méthodes statiques et de classes,0,0.2644835114
communiquer-4.2,Adapter son discours au public,PYTHON-POO-05,Définir et utiliser des énumérations,0,0.3173472285
communiquer-4.2,Adapter son discours au public,PYTHON-POO-06,Définir et utiliser des dataclasses,0,0.2716016173
communiquer-4.2,Adapter son discours au public,PYTHON-POO-07,Définir et utiliser des classes abstraites et des protocoles,0,0.2650023699
communiquer-4.2,Adapter son discours au public,PYTHON-POO-08,Définir et utiliser des exceptions,0,0.2858089209
communiquer-4.2,Adapter son discours au public,PYTHON-POO-09,Définir et utiliser des gestionnaires de contexte,0,0.3714928031
communiquer-4.2,Adapter son discours au public,PYTHON-POO-10,Utiliser des flux,0,0.2823716402
communiquer-4.2,Adapter son discours au public,PYTHON-DEV-01,Dissocier Python du Système d'exploitation (pyenv),0,0.1637885273
communiquer-4.2,Adapter son discours au public,PYTHON-DEV-02,Gérer les dépendances,0,0.2856009603
communiquer-4.2,Adapter son discours au public,PYTHON-DEV-03,Céer et utiliser les tests unitaires,0,0.1381599754
communiquer-4.2,Adapter son discours au public,PYTHON-DEV-04,Utiliser les logs,0,0.2197141051
communiquer-4.2,Adapter son discours au public,PYTHON-DEV-05,Utiliser le annotations,0,0.3156800270
communiquer-4.2,Adapter son discours au public,PYTHON-DEV-06,Réaliser une audit statique de code,0,0.1413458586
communiquer-4.2,Adapter son discours au public,PYTHON-ARC-01,Créer des décorateurs,0,0.2976689935
communiquer-4.2,Adapter son discours au public,PYTHON-ARC-02,Créer et utiliser des métaclasses,0,0.2954483330
communiquer-4.2,Adapter son discours au public,PYTHON-ARC-03,Controler l'accès aux attributs,0,0.3074075878
communiquer-4.2,Adapter son discours au public,PYTHON-ARC-04,Créer et utiliser des coroutines,0,0.2197549641
communiquer-4.3,Organiser la parole au sein d’un groupe,PYTHON-PRG-01,"Choisir et utiliser les types de bases (bool, int, float, complex, list, etc.)",0,0.3905451894
communiquer-4.3,Organiser la parole au sein d’un groupe,PYTHON-PRG-02,"Utiliser les structures de contrôle (if, for, while, etc.)",0,0.2500511110
communiquer-4.3,Organiser la parole au sein d’un groupe,PYTHON-PRG-03,"Définir une fonction (arité variable, valeurs par défaut, obligation des paramètres positionnels ou nommés, etc.)",0,0.2077684402
communiquer-4.3,Organiser la parole au sein d’un groupe,PYTHON-PRG-04,"Appeler une fonction (passage de paramètre posiitonnel ou nommé, tuple ou dictionnaire en paramètres effectifs, etc.)",0,0.2176536024
communiquer-4.3,Organiser la parole au sein d’un groupe,PYTHON-PRG-05,"Créer des packages, modules et script",0,0.3447369933
communiquer-4.3,Organiser la parole au sein d’un groupe,PYTHON-PRG-06,"Importer des modules, éléments de modules en les renommant si nécessaire",0,0.1191286594
communiquer-4.3,Organiser la parole au sein d’un groupe,PYTHON-PRG-07,Comprendre l'affectation,0,0.2976954281
communiquer-4.3,Organiser la parole au sein d’un groupe,PYTHON-PRG-08,Utiliser les fonctions lambda,0,0.3300901353
communiquer-4.3,Organiser la parole au sein d’un groupe,PYTHON-PRG-09,"Utiliser les fonctions map, filter et comprehension de séquences",0,0.3068570495
communiquer-4.3,Organiser la parole au sein d’un groupe,PYTHON-PRG-10,Utiliser l'instruction yield,0,0.2502326965
communiquer-4.3,Organiser la parole au sein d’un groupe,PYTHON-POO-01,"Définir une classe (attributs, méthodes, initialiseur, etc.)",0,0.2822394967
communiquer-4.3,Organiser la parole au sein d’un groupe,PYTHON-POO-02,Utiliser les propriétés,0,0.2136121988
communiquer-4.3,Organiser la parole au sein d’un groupe,PYTHON-POO-03,Définir les méthodes spéciales,0,0.1662721038
communiquer-4.3,Organiser la parole au sein d’un groupe,PYTHON-POO-04,Définir et utiliser les méthodes statiques et de classes,0,0.3633067608
communiquer-4.3,Organiser la parole au sein d’un groupe,PYTHON-POO-05,Définir et utiliser des énumérations,0,0.3308355212
communiquer-4.3,Organiser la parole au sein d’un groupe,PYTHON-POO-06,Définir et utiliser des dataclasses,0,0.3178239465
communiquer-4.3,Organiser la parole au sein d’un groupe,PYTHON-POO-07,Définir et utiliser des classes abstraites et des protocoles,0,0.3055267334
communiquer-4.3,Organiser la parole au sein d’un groupe,PYTHON-POO-08,Définir et utiliser des exceptions,0,0.0664696097
communiquer-4.3,Organiser la parole au sein d’un groupe,PYTHON-POO-09,Définir et utiliser des gestionnaires de contexte,0,0.4077073634
communiquer-4.3,Organiser la parole au sein d’un groupe,PYTHON-POO-10,Utiliser des flux,0,0.2396718264
communiquer-4.3,Organiser la parole au sein d’un groupe,PYTHON-DEV-01,Dissocier Python du Système d'exploitation (pyenv),0,0.2814053893
communiquer-4.3,Organiser la parole au sein d’un groupe,PYTHON-DEV-02,Gérer les dépendances,0,0.2904634178
communiquer-4.3,Organiser la parole au sein d’un groupe,PYTHON-DEV-03,Céer et utiliser les tests unitaires,0,0.1956772208
communiquer-4.3,Organiser la parole au sein d’un groupe,PYTHON-DEV-04,Utiliser les logs,0,0.3041495085
communiquer-4.3,Organiser la parole au sein d’un groupe,PYTHON-DEV-05,Utiliser le annotations,0,0.2316336334
communiquer-4.3,Organiser la parole au sein d’un groupe,PYTHON-DEV-06,Réaliser une audit statique de code,0,0.1464402825
communiquer-4.3,Organiser la parole au sein d’un groupe,PYTHON-ARC-01,Créer des décorateurs,0,0.3682698607
communiquer-4.3,Organiser la parole au sein d’un groupe,PYTHON-ARC-02,Créer et utiliser des métaclasses,0,0.2842524052
communiquer-4.3,Organiser la parole au sein d’un groupe,PYTHON-ARC-03,Controler l'accès aux attributs,0,0.0868307799
communiquer-4.3,Organiser la parole au sein d’un groupe,PYTHON-ARC-04,Créer et utiliser des coroutines,0,0.2150225639
communiquer-4.4,Convaincre son interlocuteur,PYTHON-PRG-01,"Choisir et utiliser les types de bases (bool, int, float, complex, list, etc.)",0,0.0065789409
communiquer-4.4,Convaincre son interlocuteur,PYTHON-PRG-02,"Utiliser les structures de contrôle (if, for, while, etc.)",0,0.2322629094
communiquer-4.4,Convaincre son interlocuteur,PYTHON-PRG-03,"Définir une fonction (arité variable, valeurs par défaut, obligation des paramètres positionnels ou nommés, etc.)",0,0.2424027622
communiquer-4.4,Convaincre son interlocuteur,PYTHON-PRG-04,"Appeler une fonction (passage de paramètre posiitonnel ou nommé, tuple ou dictionnaire en paramètres effectifs, etc.)",0,0.1899998188
communiquer-4.4,Convaincre son interlocuteur,PYTHON-PRG-05,"Créer des packages, modules et script",0,0.0603942014
communiquer-4.4,Convaincre son interlocuteur,PYTHON-PRG-06,"Importer des modules, éléments de modules en les renommant si nécessaire",0,-0.0061906669
communiquer-4.4,Convaincre son interlocuteur,PYTHON-PRG-07,Comprendre l'affectation,0,0.4267283678
communiquer-4.4,Convaincre son interlocuteur,PYTHON-PRG-08,Utiliser les fonctions lambda,0,0.2231280655
communiquer-4.4,Convaincre son interlocuteur,PYTHON-PRG-09,"Utiliser les fonctions map, filter et comprehension de séquences",0,0.1711513102
communiquer-4.4,Convaincre son interlocuteur,PYTHON-PRG-10,Utiliser l'instruction yield,0,0.2372224927
communiquer-4.4,Convaincre son interlocuteur,PYTHON-POO-01,"Définir une classe (attributs, méthodes, initialiseur, etc.)",0,0.1847161055
communiquer-4.4,Convaincre son interlocuteur,PYTHON-POO-02,Utiliser les propriétés,0,0.1904195547
communiquer-4.4,Convaincre son interlocuteur,PYTHON-POO-03,Définir les méthodes spéciales,0,0.0178098306
communiquer-4.4,Convaincre son interlocuteur,PYTHON-POO-04,Définir et utiliser les méthodes statiques et de classes,0,0.1174394041
communiquer-4.4,Convaincre son interlocuteur,PYTHON-POO-05,Définir et utiliser des énumérations,0,0.2550194263
communiquer-4.4,Convaincre son interlocuteur,PYTHON-POO-06,Définir et utiliser des dataclasses,0,0.1562116146
communiquer-4.4,Convaincre son interlocuteur,PYTHON-POO-07,Définir et utiliser des classes abstraites et des protocoles,0,0.1876384914
communiquer-4.4,Convaincre son interlocuteur,PYTHON-POO-08,Définir et utiliser des exceptions,0,0.2513100505
communiquer-4.4,Convaincre son interlocuteur,PYTHON-POO-09,Définir et utiliser des gestionnaires de contexte,0,0.3338855505
communiquer-4.4,Convaincre son interlocuteur,PYTHON-POO-10,Utiliser des flux,0,0.2116201520
communiquer-4.4,Convaincre son interlocuteur,PYTHON-DEV-01,Dissocier Python du Système d'exploitation (pyenv),0,0.1513059884
communiquer-4.4,Convaincre son interlocuteur,PYTHON-DEV-02,Gérer les dépendances,0,0.1410285234
communiquer-4.4,Convaincre son interlocuteur,PYTHON-DEV-03,Céer et utiliser les tests unitaires,0,0.1772659719
communiquer-4.4,Convaincre son interlocuteur,PYTHON-DEV-04,Utiliser les logs,0,0.2667227387
communiquer-4.4,Convaincre son interlocuteur,PYTHON-DEV-05,Utiliser le annotations,0,0.1713789105
communiquer-4.4,Convaincre son interlocuteur,PYTHON-DEV-06,Réaliser une audit statique de code,0,0.1962902844
communiquer-4.4,Convaincre son interlocuteur,PYTHON-ARC-01,Créer des décorateurs,0,0.2299288958
communiquer-4.4,Convaincre son interlocuteur,PYTHON-ARC-02,Créer et utiliser des métaclasses,0,0.0018622640
communiquer-4.4,Convaincre son interlocuteur,PYTHON-ARC-03,Controler l'accès aux attributs,0,0.3428078890
communiquer-4.4,Convaincre son interlocuteur,PYTHON-ARC-04,Créer et utiliser des coroutines,0,0.0748708397
