AC-ID,AC-TITLE,AAD-ID,AAD-TITLE,LABEL,MEAN-MAXSIM
specifier-1.1,Décrire les types de données en entrée et sortie de chaque composant,TDS1.1,Décomposer une chaine de traitement du signal,0,0.4322560430
specifier-1.1,Décrire les types de données en entrée et sortie de chaque composant,TDS1.2,Identifier les différents types de signaux,1,0.4157762229
specifier-1.1,Décrire les types de données en entrée et sortie de chaque composant,TDS1.3,Comparer deux signaux temporel avec une correlation,0,0.2765527964
specifier-1.1,Décrire les types de données en entrée et sortie de chaque composant,TDS2.1,Calculer une représentation fréquentielle des signaux,0,0.3003481030
specifier-1.1,Décrire les types de données en entrée et sortie de chaque composant,TDS4.1,Identifier les différents types de systèmes,1,0.4521476030
specifier-1.1,Décrire les types de données en entrée et sortie de chaque composant,TDS4.2,Calculer la réponse d’un système linéaire,0,0.3375499249
specifier-1.1,Décrire les types de données en entrée et sortie de chaque composant,TDS4.3,Calculer une transformée de Laplace,0,0.3421324492
specifier-1.1,Décrire les types de données en entrée et sortie de chaque composant,TDS4.4,Caractériser la réponse fréquentielle d’un système linéaire,0,0.2867808938
specifier-1.1,Décrire les types de données en entrée et sortie de chaque composant,TDS5.1,synthétiser un filtre linéaire continu,0,0.3227221966
specifier-1.1,Décrire les types de données en entrée et sortie de chaque composant,TDS6.1,Echantillonner un signal continu,0,0.3000225425
specifier-1.1,Décrire les types de données en entrée et sortie de chaque composant,TDS7.1,Calculer une représentation fréquentielle d’un signal discret,0,0.2784969807
specifier-1.1,Décrire les types de données en entrée et sortie de chaque composant,TDS8.1,Caractériser un système linéaire discret,0,0.3104264736
specifier-1.1,Décrire les types de données en entrée et sortie de chaque composant,TDS8.2,Transiter d’une représentation temporelle à fréquentielle et inversement,0,0.3385770619
specifier-1.1,Décrire les types de données en entrée et sortie de chaque composant,TDS8.3,Calculer une transformée en Z,0,0.3037424088
specifier-1.1,Décrire les types de données en entrée et sortie de chaque composant,TDS9.1,Caractériser un filtre numérique,0,0.3132709861
specifier-1.1,Décrire les types de données en entrée et sortie de chaque composant,TDS9.2,Identifier un filtre RIF ou RII,0,0.1525924504
specifier-1.1,Décrire les types de données en entrée et sortie de chaque composant,TDS9.3,Synthétiser un filtre linéaire numérique,1,0.2401362956
specifier-1.2,Décomposer et organiser un processus,TDS1.1,Décomposer une chaine de traitement du signal,1,0.4246946573
specifier-1.2,Décomposer et organiser un processus,TDS1.2,Identifier les différents types de signaux,0,0.1514778882
specifier-1.2,Décomposer et organiser un processus,TDS1.3,Comparer deux signaux temporel avec une correlation,0,0.1831960082
specifier-1.2,Décomposer et organiser un processus,TDS2.1,Calculer une représentation fréquentielle des signaux,0,0.1933905184
specifier-1.2,Décomposer et organiser un processus,TDS4.1,Identifier les différents types de systèmes,0,0.2911989689
specifier-1.2,Décomposer et organiser un processus,TDS4.2,Calculer la réponse d’un système linéaire,0,0.2696071863
specifier-1.2,Décomposer et organiser un processus,TDS4.3,Calculer une transformée de Laplace,0,0.3208890557
specifier-1.2,Décomposer et organiser un processus,TDS4.4,Caractériser la réponse fréquentielle d’un système linéaire,0,0.2222268581
specifier-1.2,Décomposer et organiser un processus,TDS5.1,synthétiser un filtre linéaire continu,0,0.3403588831
specifier-1.2,Décomposer et organiser un processus,TDS6.1,Echantillonner un signal continu,0,0.2017279267
specifier-1.2,Décomposer et organiser un processus,TDS7.1,Calculer une représentation fréquentielle d’un signal discret,0,0.1196684092
specifier-1.2,Décomposer et organiser un processus,TDS8.1,Caractériser un système linéaire discret,0,0.2749241590
specifier-1.2,Décomposer et organiser un processus,TDS8.2,Transiter d’une représentation temporelle à fréquentielle et inversement,0,0.2720481455
specifier-1.2,Décomposer et organiser un processus,TDS8.3,Calculer une transformée en Z,0,0.2479482442
specifier-1.2,Décomposer et organiser un processus,TDS9.1,Caractériser un filtre numérique,0,0.1696455479
specifier-1.2,Décomposer et organiser un processus,TDS9.2,Identifier un filtre RIF ou RII,0,0.0093717678
specifier-1.2,Décomposer et organiser un processus,TDS9.3,Synthétiser un filtre linéaire numérique,0,0.1838761270
specifier-1.3,Utiliser un langage formel,TDS1.1,Décomposer une chaine de traitement du signal,0,0.1980915070
specifier-1.3,Utiliser un langage formel,TDS1.2,Identifier les différents types de signaux,0,0.3311729431
specifier-1.3,Utiliser un langage formel,TDS1.3,Comparer deux signaux temporel avec une correlation,0,0.2231520116
specifier-1.3,Utiliser un langage formel,TDS2.1,Calculer une représentation fréquentielle des signaux,0,0.2669939399
specifier-1.3,Utiliser un langage formel,TDS4.1,Identifier les différents types de systèmes,0,0.3174363375
specifier-1.3,Utiliser un langage formel,TDS4.2,Calculer la réponse d’un système linéaire,0,0.1880691350
specifier-1.3,Utiliser un langage formel,TDS4.3,Calculer une transformée de Laplace,0,0.2717956901
specifier-1.3,Utiliser un langage formel,TDS4.4,Caractériser la réponse fréquentielle d’un système linéaire,0,0.2542528808
specifier-1.3,Utiliser un langage formel,TDS5.1,synthétiser un filtre linéaire continu,0,0.1943774223
specifier-1.3,Utiliser un langage formel,TDS6.1,Echantillonner un signal continu,0,0.2251698375
specifier-1.3,Utiliser un langage formel,TDS7.1,Calculer une représentation fréquentielle d’un signal discret,0,0.2296271324
specifier-1.3,Utiliser un langage formel,TDS8.1,Caractériser un système linéaire discret,0,0.1434133798
specifier-1.3,Utiliser un langage formel,TDS8.2,Transiter d’une représentation temporelle à fréquentielle et inversement,0,0.3178362250
specifier-1.3,Utiliser un langage formel,TDS8.3,Calculer une transformée en Z,0,0.1833194196
specifier-1.3,Utiliser un langage formel,TDS9.1,Caractériser un filtre numérique,0,0.1119136214
specifier-1.3,Utiliser un langage formel,TDS9.2,Identifier un filtre RIF ou RII,0,0.0935970470
specifier-1.3,Utiliser un langage formel,TDS9.3,Synthétiser un filtre linéaire numérique,0,0.1491896212
specifier-2.1,Analyser la demande,TDS1.1,Décomposer une chaine de traitement du signal,0,0.2251710594
specifier-2.1,Analyser la demande,TDS1.2,Identifier les différents types de signaux,0,0.2933306694
specifier-2.1,Analyser la demande,TDS1.3,Comparer deux signaux temporel avec une correlation,0,0.2807313204
specifier-2.1,Analyser la demande,TDS2.1,Calculer une représentation fréquentielle des signaux,0,0.1686820686
specifier-2.1,Analyser la demande,TDS4.1,Identifier les différents types de systèmes,0,0.1891158670
specifier-2.1,Analyser la demande,TDS4.2,Calculer la réponse d’un système linéaire,0,0.2020040751
specifier-2.1,Analyser la demande,TDS4.3,Calculer une transformée de Laplace,0,0.1992298365
specifier-2.1,Analyser la demande,TDS4.4,Caractériser la réponse fréquentielle d’un système linéaire,0,0.1534706652
specifier-2.1,Analyser la demande,TDS5.1,synthétiser un filtre linéaire continu,1,0.2946871519
specifier-2.1,Analyser la demande,TDS6.1,Echantillonner un signal continu,0,0.3456580043
specifier-2.1,Analyser la demande,TDS7.1,Calculer une représentation fréquentielle d’un signal discret,0,0.1582195014
specifier-2.1,Analyser la demande,TDS8.1,Caractériser un système linéaire discret,0,0.1564673483
specifier-2.1,Analyser la demande,TDS8.2,Transiter d’une représentation temporelle à fréquentielle et inversement,0,0.1531814337
specifier-2.1,Analyser la demande,TDS8.3,Calculer une transformée en Z,0,0.2671955228
specifier-2.1,Analyser la demande,TDS9.1,Caractériser un filtre numérique,0,0.3200275004
specifier-2.1,Analyser la demande,TDS9.2,Identifier un filtre RIF ou RII,0,0.2290124893
specifier-2.1,Analyser la demande,TDS9.3,Synthétiser un filtre linéaire numérique,1,0.2355966866
specifier-2.2,Définir des cas d’utilisation,TDS1.1,Décomposer une chaine de traitement du signal,0,0.2539197206
specifier-2.2,Définir des cas d’utilisation,TDS1.2,Identifier les différents types de signaux,0,0.3136761189
specifier-2.2,Définir des cas d’utilisation,TDS1.3,Comparer deux signaux temporel avec une correlation,0,0.1684308946
specifier-2.2,Définir des cas d’utilisation,TDS2.1,Calculer une représentation fréquentielle des signaux,0,0.1618607938
specifier-2.2,Définir des cas d’utilisation,TDS4.1,Identifier les différents types de systèmes,0,0.2296671271
specifier-2.2,Définir des cas d’utilisation,TDS4.2,Calculer la réponse d’un système linéaire,0,0.1298807412
specifier-2.2,Définir des cas d’utilisation,TDS4.3,Calculer une transformée de Laplace,0,0.1550272107
specifier-2.2,Définir des cas d’utilisation,TDS4.4,Caractériser la réponse fréquentielle d’un système linéaire,0,0.1060131192
specifier-2.2,Définir des cas d’utilisation,TDS5.1,synthétiser un filtre linéaire continu,0,0.0775966197
specifier-2.2,Définir des cas d’utilisation,TDS6.1,Echantillonner un signal continu,0,0.1707455367
specifier-2.2,Définir des cas d’utilisation,TDS7.1,Calculer une représentation fréquentielle d’un signal discret,0,0.1209066883
specifier-2.2,Définir des cas d’utilisation,TDS8.1,Caractériser un système linéaire discret,0,0.1663937122
specifier-2.2,Définir des cas d’utilisation,TDS8.2,Transiter d’une représentation temporelle à fréquentielle et inversement,0,0.1700243950
specifier-2.2,Définir des cas d’utilisation,TDS8.3,Calculer une transformée en Z,0,0.1331111193
specifier-2.2,Définir des cas d’utilisation,TDS9.1,Caractériser un filtre numérique,0,0.1743810326
specifier-2.2,Définir des cas d’utilisation,TDS9.2,Identifier un filtre RIF ou RII,0,0.0928948224
specifier-2.2,Définir des cas d’utilisation,TDS9.3,Synthétiser un filtre linéaire numérique,0,0.0815921575
specifier-2.3,Caractériser l’utilisation des données au regard du RGPD,TDS1.1,Décomposer une chaine de traitement du signal,0,0.3072024286
specifier-2.3,Caractériser l’utilisation des données au regard du RGPD,TDS1.2,Identifier les différents types de signaux,0,0.2525296211
specifier-2.3,Caractériser l’utilisation des données au regard du RGPD,TDS1.3,Comparer deux signaux temporel avec une correlation,0,0.3685818911
specifier-2.3,Caractériser l’utilisation des données au regard du RGPD,TDS2.1,Calculer une représentation fréquentielle des signaux,0,0.3097023666
specifier-2.3,Caractériser l’utilisation des données au regard du RGPD,TDS4.1,Identifier les différents types de systèmes,0,0.1767506003
specifier-2.3,Caractériser l’utilisation des données au regard du RGPD,TDS4.2,Calculer la réponse d’un système linéaire,0,0.2584943175
specifier-2.3,Caractériser l’utilisation des données au regard du RGPD,TDS4.3,Calculer une transformée de Laplace,0,0.2312348485
specifier-2.3,Caractériser l’utilisation des données au regard du RGPD,TDS4.4,Caractériser la réponse fréquentielle d’un système linéaire,0,0.3852474689
specifier-2.3,Caractériser l’utilisation des données au regard du RGPD,TDS5.1,synthétiser un filtre linéaire continu,0,0.3205908537
specifier-2.3,Caractériser l’utilisation des données au regard du RGPD,TDS6.1,Echantillonner un signal continu,0,0.2686522603
specifier-2.3,Caractériser l’utilisation des données au regard du RGPD,TDS7.1,Calculer une représentation fréquentielle d’un signal discret,0,0.3356829286
specifier-2.3,Caractériser l’utilisation des données au regard du RGPD,TDS8.1,Caractériser un système linéaire discret,0,0.5123819113
specifier-2.3,Caractériser l’utilisation des données au regard du RGPD,TDS8.2,Transiter d’une représentation temporelle à fréquentielle et inversement,0,0.2857455909
specifier-2.3,Caractériser l’utilisation des données au regard du RGPD,TDS8.3,Calculer une transformée en Z,0,0.2980970144
specifier-2.3,Caractériser l’utilisation des données au regard du RGPD,TDS9.1,Caractériser un filtre numérique,0,0.5558700562
specifier-2.3,Caractériser l’utilisation des données au regard du RGPD,TDS9.2,Identifier un filtre RIF ou RII,0,0.4171078801
specifier-2.3,Caractériser l’utilisation des données au regard du RGPD,TDS9.3,Synthétiser un filtre linéaire numérique,0,0.3250438869
specifier-3.1,Discriminer et hiérarchiser les demandes,TDS1.1,Décomposer une chaine de traitement du signal,0,0.2973649502
specifier-3.1,Discriminer et hiérarchiser les demandes,TDS1.2,Identifier les différents types de signaux,0,0.3207581043
specifier-3.1,Discriminer et hiérarchiser les demandes,TDS1.3,Comparer deux signaux temporel avec une correlation,0,0.3443763256
specifier-3.1,Discriminer et hiérarchiser les demandes,TDS2.1,Calculer une représentation fréquentielle des signaux,0,0.2562960684
specifier-3.1,Discriminer et hiérarchiser les demandes,TDS4.1,Identifier les différents types de systèmes,0,0.2286072373
specifier-3.1,Discriminer et hiérarchiser les demandes,TDS4.2,Calculer la réponse d’un système linéaire,0,0.3085760474
specifier-3.1,Discriminer et hiérarchiser les demandes,TDS4.3,Calculer une transformée de Laplace,0,0.2142535150
specifier-3.1,Discriminer et hiérarchiser les demandes,TDS4.4,Caractériser la réponse fréquentielle d’un système linéaire,0,0.2845179439
specifier-3.1,Discriminer et hiérarchiser les demandes,TDS5.1,synthétiser un filtre linéaire continu,0,0.3415037096
specifier-3.1,Discriminer et hiérarchiser les demandes,TDS6.1,Echantillonner un signal continu,0,0.2580677867
specifier-3.1,Discriminer et hiérarchiser les demandes,TDS7.1,Calculer une représentation fréquentielle d’un signal discret,0,0.2708824873
specifier-3.1,Discriminer et hiérarchiser les demandes,TDS8.1,Caractériser un système linéaire discret,0,0.2914701998
specifier-3.1,Discriminer et hiérarchiser les demandes,TDS8.2,Transiter d’une représentation temporelle à fréquentielle et inversement,0,0.3007941842
specifier-3.1,Discriminer et hiérarchiser les demandes,TDS8.3,Calculer une transformée en Z,0,0.2653498650
specifier-3.1,Discriminer et hiérarchiser les demandes,TDS9.1,Caractériser un filtre numérique,0,0.2588621378
specifier-3.1,Discriminer et hiérarchiser les demandes,TDS9.2,Identifier un filtre RIF ou RII,0,0.2453575879
specifier-3.1,Discriminer et hiérarchiser les demandes,TDS9.3,Synthétiser un filtre linéaire numérique,0,0.3328117132
specifier-3.2,Définir la recette,TDS1.1,Décomposer une chaine de traitement du signal,0,0.1131636351
specifier-3.2,Définir la recette,TDS1.2,Identifier les différents types de signaux,0,0.0863647908
specifier-3.2,Définir la recette,TDS1.3,Comparer deux signaux temporel avec une correlation,0,0.0685360730
specifier-3.2,Définir la recette,TDS2.1,Calculer une représentation fréquentielle des signaux,0,0.0752875060
specifier-3.2,Définir la recette,TDS4.1,Identifier les différents types de systèmes,0,0.1205041111
specifier-3.2,Définir la recette,TDS4.2,Calculer la réponse d’un système linéaire,0,0.2005118579
specifier-3.2,Définir la recette,TDS4.3,Calculer une transformée de Laplace,0,0.2424823344
specifier-3.2,Définir la recette,TDS4.4,Caractériser la réponse fréquentielle d’un système linéaire,0,0.0936216712
specifier-3.2,Définir la recette,TDS5.1,synthétiser un filtre linéaire continu,0,0.1278797984
specifier-3.2,Définir la recette,TDS6.1,Echantillonner un signal continu,0,0.0576714203
specifier-3.2,Définir la recette,TDS7.1,Calculer une représentation fréquentielle d’un signal discret,0,0.0694154799
specifier-3.2,Définir la recette,TDS8.1,Caractériser un système linéaire discret,0,0.1395436674
specifier-3.2,Définir la recette,TDS8.2,Transiter d’une représentation temporelle à fréquentielle et inversement,0,0.1361208409
specifier-3.2,Définir la recette,TDS8.3,Calculer une transformée en Z,0,0.2509186864
specifier-3.2,Définir la recette,TDS9.1,Caractériser un filtre numérique,0,0.1828218997
specifier-3.2,Définir la recette,TDS9.2,Identifier un filtre RIF ou RII,0,0.1413738728
specifier-3.2,Définir la recette,TDS9.3,Synthétiser un filtre linéaire numérique,0,0.0085687749
specifier-3.3,Lister les tests fonctionnels,TDS1.1,Décomposer une chaine de traitement du signal,0,0.1942811906
specifier-3.3,Lister les tests fonctionnels,TDS1.2,Identifier les différents types de signaux,0,0.2895067334
specifier-3.3,Lister les tests fonctionnels,TDS1.3,Comparer deux signaux temporel avec une correlation,0,0.2769144773
specifier-3.3,Lister les tests fonctionnels,TDS2.1,Calculer une représentation fréquentielle des signaux,0,0.2809219956
specifier-3.3,Lister les tests fonctionnels,TDS4.1,Identifier les différents types de systèmes,0,0.3561518192
specifier-3.3,Lister les tests fonctionnels,TDS4.2,Calculer la réponse d’un système linéaire,0,0.2182519138
specifier-3.3,Lister les tests fonctionnels,TDS4.3,Calculer une transformée de Laplace,0,0.2412770391
specifier-3.3,Lister les tests fonctionnels,TDS4.4,Caractériser la réponse fréquentielle d’un système linéaire,0,0.2843504846
specifier-3.3,Lister les tests fonctionnels,TDS5.1,synthétiser un filtre linéaire continu,0,0.3232170343
specifier-3.3,Lister les tests fonctionnels,TDS6.1,Echantillonner un signal continu,0,0.2404775918
specifier-3.3,Lister les tests fonctionnels,TDS7.1,Calculer une représentation fréquentielle d’un signal discret,0,0.2517911196
specifier-3.3,Lister les tests fonctionnels,TDS8.1,Caractériser un système linéaire discret,0,0.2439171672
specifier-3.3,Lister les tests fonctionnels,TDS8.2,Transiter d’une représentation temporelle à fréquentielle et inversement,0,0.1961967200
specifier-3.3,Lister les tests fonctionnels,TDS8.3,Calculer une transformée en Z,0,0.3145058155
specifier-3.3,Lister les tests fonctionnels,TDS9.1,Caractériser un filtre numérique,0,0.3280698061
specifier-3.3,Lister les tests fonctionnels,TDS9.2,Identifier un filtre RIF ou RII,0,0.2222923338
specifier-3.3,Lister les tests fonctionnels,TDS9.3,Synthétiser un filtre linéaire numérique,0,0.2570863664
specifier-4.1,Recueillir et reformuler les demandes du prescripteur en confrontant sa demande (fonctionnalités et données) à ses besoins réels pour prendre en compte le DDRS,TDS1.1,Décomposer une chaine de traitement du signal,0,0.2899829149
specifier-4.1,Recueillir et reformuler les demandes du prescripteur en confrontant sa demande (fonctionnalités et données) à ses besoins réels pour prendre en compte le DDRS,TDS1.2,Identifier les différents types de signaux,0,0.2955587506
specifier-4.1,Recueillir et reformuler les demandes du prescripteur en confrontant sa demande (fonctionnalités et données) à ses besoins réels pour prendre en compte le DDRS,TDS1.3,Comparer deux signaux temporel avec une correlation,0,0.4634100795
specifier-4.1,Recueillir et reformuler les demandes du prescripteur en confrontant sa demande (fonctionnalités et données) à ses besoins réels pour prendre en compte le DDRS,TDS2.1,Calculer une représentation fréquentielle des signaux,0,0.3180296719
specifier-4.1,Recueillir et reformuler les demandes du prescripteur en confrontant sa demande (fonctionnalités et données) à ses besoins réels pour prendre en compte le DDRS,TDS4.1,Identifier les différents types de systèmes,0,0.2791600823
specifier-4.1,Recueillir et reformuler les demandes du prescripteur en confrontant sa demande (fonctionnalités et données) à ses besoins réels pour prendre en compte le DDRS,TDS4.2,Calculer la réponse d’un système linéaire,0,0.2654827833
specifier-4.1,Recueillir et reformuler les demandes du prescripteur en confrontant sa demande (fonctionnalités et données) à ses besoins réels pour prendre en compte le DDRS,TDS4.3,Calculer une transformée de Laplace,0,0.2037681341
specifier-4.1,Recueillir et reformuler les demandes du prescripteur en confrontant sa demande (fonctionnalités et données) à ses besoins réels pour prendre en compte le DDRS,TDS4.4,Caractériser la réponse fréquentielle d’un système linéaire,0,0.3476688862
specifier-4.1,Recueillir et reformuler les demandes du prescripteur en confrontant sa demande (fonctionnalités et données) à ses besoins réels pour prendre en compte le DDRS,TDS5.1,synthétiser un filtre linéaire continu,0,0.3826370835
specifier-4.1,Recueillir et reformuler les demandes du prescripteur en confrontant sa demande (fonctionnalités et données) à ses besoins réels pour prendre en compte le DDRS,TDS6.1,Echantillonner un signal continu,0,0.4082918167
specifier-4.1,Recueillir et reformuler les demandes du prescripteur en confrontant sa demande (fonctionnalités et données) à ses besoins réels pour prendre en compte le DDRS,TDS7.1,Calculer une représentation fréquentielle d’un signal discret,0,0.3149117529
specifier-4.1,Recueillir et reformuler les demandes du prescripteur en confrontant sa demande (fonctionnalités et données) à ses besoins réels pour prendre en compte le DDRS,TDS8.1,Caractériser un système linéaire discret,0,0.2891021371
specifier-4.1,Recueillir et reformuler les demandes du prescripteur en confrontant sa demande (fonctionnalités et données) à ses besoins réels pour prendre en compte le DDRS,TDS8.2,Transiter d’une représentation temporelle à fréquentielle et inversement,0,0.3097310960
specifier-4.1,Recueillir et reformuler les demandes du prescripteur en confrontant sa demande (fonctionnalités et données) à ses besoins réels pour prendre en compte le DDRS,TDS8.3,Calculer une transformée en Z,0,0.2335632741
specifier-4.1,Recueillir et reformuler les demandes du prescripteur en confrontant sa demande (fonctionnalités et données) à ses besoins réels pour prendre en compte le DDRS,TDS9.1,Caractériser un filtre numérique,0,0.3436917067
specifier-4.1,Recueillir et reformuler les demandes du prescripteur en confrontant sa demande (fonctionnalités et données) à ses besoins réels pour prendre en compte le DDRS,TDS9.2,Identifier un filtre RIF ou RII,0,0.3435191512
specifier-4.1,Recueillir et reformuler les demandes du prescripteur en confrontant sa demande (fonctionnalités et données) à ses besoins réels pour prendre en compte le DDRS,TDS9.3,Synthétiser un filtre linéaire numérique,0,0.2959131002
specifier-4.2,Prototyper des interfaces utilisateurs en prenant la RGAA,TDS1.1,Décomposer une chaine de traitement du signal,0,0.2423312962
specifier-4.2,Prototyper des interfaces utilisateurs en prenant la RGAA,TDS1.2,Identifier les différents types de signaux,0,0.2990898490
specifier-4.2,Prototyper des interfaces utilisateurs en prenant la RGAA,TDS1.3,Comparer deux signaux temporel avec une correlation,0,0.2583334446
specifier-4.2,Prototyper des interfaces utilisateurs en prenant la RGAA,TDS2.1,Calculer une représentation fréquentielle des signaux,0,0.3046599925
specifier-4.2,Prototyper des interfaces utilisateurs en prenant la RGAA,TDS4.1,Identifier les différents types de systèmes,0,0.2414211333
specifier-4.2,Prototyper des interfaces utilisateurs en prenant la RGAA,TDS4.2,Calculer la réponse d’un système linéaire,0,0.3062513471
specifier-4.2,Prototyper des interfaces utilisateurs en prenant la RGAA,TDS4.3,Calculer une transformée de Laplace,0,0.3885387182
specifier-4.2,Prototyper des interfaces utilisateurs en prenant la RGAA,TDS4.4,Caractériser la réponse fréquentielle d’un système linéaire,0,0.2583172023
specifier-4.2,Prototyper des interfaces utilisateurs en prenant la RGAA,TDS5.1,synthétiser un filtre linéaire continu,0,0.3576714396
specifier-4.2,Prototyper des interfaces utilisateurs en prenant la RGAA,TDS6.1,Echantillonner un signal continu,0,0.2696098685
specifier-4.2,Prototyper des interfaces utilisateurs en prenant la RGAA,TDS7.1,Calculer une représentation fréquentielle d’un signal discret,0,0.2468515635
specifier-4.2,Prototyper des interfaces utilisateurs en prenant la RGAA,TDS8.1,Caractériser un système linéaire discret,0,0.2726788521
specifier-4.2,Prototyper des interfaces utilisateurs en prenant la RGAA,TDS8.2,Transiter d’une représentation temporelle à fréquentielle et inversement,0,0.2752455175
specifier-4.2,Prototyper des interfaces utilisateurs en prenant la RGAA,TDS8.3,Calculer une transformée en Z,0,0.3181361556
specifier-4.2,Prototyper des interfaces utilisateurs en prenant la RGAA,TDS9.1,Caractériser un filtre numérique,0,0.3141945004
specifier-4.2,Prototyper des interfaces utilisateurs en prenant la RGAA,TDS9.2,Identifier un filtre RIF ou RII,0,0.2254111469
specifier-4.2,Prototyper des interfaces utilisateurs en prenant la RGAA,TDS9.3,Synthétiser un filtre linéaire numérique,0,0.2838146091
specifier-4.3,Respecter un référentiel qualité,TDS1.1,Décomposer une chaine de traitement du signal,0,0.0721666068
specifier-4.3,Respecter un référentiel qualité,TDS1.2,Identifier les différents types de signaux,0,0.2431903780
specifier-4.3,Respecter un référentiel qualité,TDS1.3,Comparer deux signaux temporel avec une correlation,0,0.2961722016
specifier-4.3,Respecter un référentiel qualité,TDS2.1,Calculer une représentation fréquentielle des signaux,0,0.2334769368
specifier-4.3,Respecter un référentiel qualité,TDS4.1,Identifier les différents types de systèmes,0,0.2950843275
specifier-4.3,Respecter un référentiel qualité,TDS4.2,Calculer la réponse d’un système linéaire,0,0.1069688722
specifier-4.3,Respecter un référentiel qualité,TDS4.3,Calculer une transformée de Laplace,0,0.0497433133
specifier-4.3,Respecter un référentiel qualité,TDS4.4,Caractériser la réponse fréquentielle d’un système linéaire,0,0.2416656911
specifier-4.3,Respecter un référentiel qualité,TDS5.1,synthétiser un filtre linéaire continu,0,0.1601714343
specifier-4.3,Respecter un référentiel qualité,TDS6.1,Echantillonner un signal continu,0,0.1319494992
specifier-4.3,Respecter un référentiel qualité,TDS7.1,Calculer une représentation fréquentielle d’un signal discret,0,0.2150898427
specifier-4.3,Respecter un référentiel qualité,TDS8.1,Caractériser un système linéaire discret,0,0.1869292706
specifier-4.3,Respecter un référentiel qualité,TDS8.2,Transiter d’une représentation temporelle à fréquentielle et inversement,0,0.2052320093
specifier-4.3,Respecter un référentiel qualité,TDS8.3,Calculer une transformée en Z,0,0.0421435162
specifier-4.3,Respecter un référentiel qualité,TDS9.1,Caractériser un filtre numérique,0,0.3501136899
specifier-4.3,Respecter un référentiel qualité,TDS9.2,Identifier un filtre RIF ou RII,0,0.2429061532
specifier-4.3,Respecter un référentiel qualité,TDS9.3,Synthétiser un filtre linéaire numérique,0,0.2388681322
modeliser-1.1,Représenter une collection de données numériquement ou symboliquement,TDS1.1,Décomposer une chaine de traitement du signal,0,0.3064309359
modeliser-1.1,Représenter une collection de données numériquement ou symboliquement,TDS1.2,Identifier les différents types de signaux,0,0.2551563382
modeliser-1.1,Représenter une collection de données numériquement ou symboliquement,TDS1.3,Comparer deux signaux temporel avec une correlation,0,0.3203218579
modeliser-1.1,Représenter une collection de données numériquement ou symboliquement,TDS2.1,Calculer une représentation fréquentielle des signaux,0,0.4233605266
modeliser-1.1,Représenter une collection de données numériquement ou symboliquement,TDS4.1,Identifier les différents types de systèmes,0,0.2375150025
modeliser-1.1,Représenter une collection de données numériquement ou symboliquement,TDS4.2,Calculer la réponse d’un système linéaire,0,0.2212558389
modeliser-1.1,Représenter une collection de données numériquement ou symboliquement,TDS4.3,Calculer une transformée de Laplace,0,0.2115031481
modeliser-1.1,Représenter une collection de données numériquement ou symboliquement,TDS4.4,Caractériser la réponse fréquentielle d’un système linéaire,0,0.2539608181
modeliser-1.1,Représenter une collection de données numériquement ou symboliquement,TDS5.1,synthétiser un filtre linéaire continu,0,0.2962478101
modeliser-1.1,Représenter une collection de données numériquement ou symboliquement,TDS6.1,Echantillonner un signal continu,1,0.2870031595
modeliser-1.1,Représenter une collection de données numériquement ou symboliquement,TDS7.1,Calculer une représentation fréquentielle d’un signal discret,0,0.3701679111
modeliser-1.1,Représenter une collection de données numériquement ou symboliquement,TDS8.1,Caractériser un système linéaire discret,0,0.3196961582
modeliser-1.1,Représenter une collection de données numériquement ou symboliquement,TDS8.2,Transiter d’une représentation temporelle à fréquentielle et inversement,0,0.4325553775
modeliser-1.1,Représenter une collection de données numériquement ou symboliquement,TDS8.3,Calculer une transformée en Z,0,0.2191159576
modeliser-1.1,Représenter une collection de données numériquement ou symboliquement,TDS9.1,Caractériser un filtre numérique,0,0.4294479191
modeliser-1.1,Représenter une collection de données numériquement ou symboliquement,TDS9.2,Identifier un filtre RIF ou RII,0,0.0997507721
modeliser-1.1,Représenter une collection de données numériquement ou symboliquement,TDS9.3,Synthétiser un filtre linéaire numérique,0,0.3616595864
modeliser-1.2,Déterminer les propriétés des entrées sorties d’un composant logiciel ou matériel,TDS1.1,Décomposer une chaine de traitement du signal,0,0.2955467105
modeliser-1.2,Déterminer les propriétés des entrées sorties d’un composant logiciel ou matériel,TDS1.2,Identifier les différents types de signaux,0,0.3306326866
modeliser-1.2,Déterminer les propriétés des entrées sorties d’un composant logiciel ou matériel,TDS1.3,Comparer deux signaux temporel avec une correlation,0,0.2984984815
modeliser-1.2,Déterminer les propriétés des entrées sorties d’un composant logiciel ou matériel,TDS2.1,Calculer une représentation fréquentielle des signaux,0,0.2820824385
modeliser-1.2,Déterminer les propriétés des entrées sorties d’un composant logiciel ou matériel,TDS4.1,Identifier les différents types de systèmes,1,0.4547203183
modeliser-1.2,Déterminer les propriétés des entrées sorties d’un composant logiciel ou matériel,TDS4.2,Calculer la réponse d’un système linéaire,0,0.4111735821
modeliser-1.2,Déterminer les propriétés des entrées sorties d’un composant logiciel ou matériel,TDS4.3,Calculer une transformée de Laplace,0,0.3122043312
modeliser-1.2,Déterminer les propriétés des entrées sorties d’un composant logiciel ou matériel,TDS4.4,Caractériser la réponse fréquentielle d’un système linéaire,0,0.3112505078
modeliser-1.2,Déterminer les propriétés des entrées sorties d’un composant logiciel ou matériel,TDS5.1,synthétiser un filtre linéaire continu,1,0.3041119874
modeliser-1.2,Déterminer les propriétés des entrées sorties d’un composant logiciel ou matériel,TDS6.1,Echantillonner un signal continu,0,0.2922884226
modeliser-1.2,Déterminer les propriétés des entrées sorties d’un composant logiciel ou matériel,TDS7.1,Calculer une représentation fréquentielle d’un signal discret,0,0.3044266701
modeliser-1.2,Déterminer les propriétés des entrées sorties d’un composant logiciel ou matériel,TDS8.1,Caractériser un système linéaire discret,1,0.4034561515
modeliser-1.2,Déterminer les propriétés des entrées sorties d’un composant logiciel ou matériel,TDS8.2,Transiter d’une représentation temporelle à fréquentielle et inversement,0,0.2756754160
modeliser-1.2,Déterminer les propriétés des entrées sorties d’un composant logiciel ou matériel,TDS8.3,Calculer une transformée en Z,0,0.3301729560
modeliser-1.2,Déterminer les propriétés des entrées sorties d’un composant logiciel ou matériel,TDS9.1,Caractériser un filtre numérique,0,0.3709172010
modeliser-1.2,Déterminer les propriétés des entrées sorties d’un composant logiciel ou matériel,TDS9.2,Identifier un filtre RIF ou RII,0,0.2405078858
modeliser-1.2,Déterminer les propriétés des entrées sorties d’un composant logiciel ou matériel,TDS9.3,Synthétiser un filtre linéaire numérique,1,0.2688570023
modeliser-1.3,Déterminer la famille d’algorithmes à utiliser au regard des données numériques ou symboliques à traiter,TDS1.1,Décomposer une chaine de traitement du signal,0,0.3609331846
modeliser-1.3,Déterminer la famille d’algorithmes à utiliser au regard des données numériques ou symboliques à traiter,TDS1.2,Identifier les différents types de signaux,0,0.3891947269
modeliser-1.3,Déterminer la famille d’algorithmes à utiliser au regard des données numériques ou symboliques à traiter,TDS1.3,Comparer deux signaux temporel avec une correlation,0,0.3507857919
modeliser-1.3,Déterminer la famille d’algorithmes à utiliser au regard des données numériques ou symboliques à traiter,TDS2.1,Calculer une représentation fréquentielle des signaux,0,0.3829873502
modeliser-1.3,Déterminer la famille d’algorithmes à utiliser au regard des données numériques ou symboliques à traiter,TDS4.1,Identifier les différents types de systèmes,0,0.3977139592
modeliser-1.3,Déterminer la famille d’algorithmes à utiliser au regard des données numériques ou symboliques à traiter,TDS4.2,Calculer la réponse d’un système linéaire,0,0.3399661183
modeliser-1.3,Déterminer la famille d’algorithmes à utiliser au regard des données numériques ou symboliques à traiter,TDS4.3,Calculer une transformée de Laplace,0,0.2640721202
modeliser-1.3,Déterminer la famille d’algorithmes à utiliser au regard des données numériques ou symboliques à traiter,TDS4.4,Caractériser la réponse fréquentielle d’un système linéaire,0,0.3482334018
modeliser-1.3,Déterminer la famille d’algorithmes à utiliser au regard des données numériques ou symboliques à traiter,TDS5.1,synthétiser un filtre linéaire continu,0,0.3161183596
modeliser-1.3,Déterminer la famille d’algorithmes à utiliser au regard des données numériques ou symboliques à traiter,TDS6.1,Echantillonner un signal continu,0,0.2730551362
modeliser-1.3,Déterminer la famille d’algorithmes à utiliser au regard des données numériques ou symboliques à traiter,TDS7.1,Calculer une représentation fréquentielle d’un signal discret,0,0.3517642021
modeliser-1.3,Déterminer la famille d’algorithmes à utiliser au regard des données numériques ou symboliques à traiter,TDS8.1,Caractériser un système linéaire discret,0,0.3186037242
modeliser-1.3,Déterminer la famille d’algorithmes à utiliser au regard des données numériques ou symboliques à traiter,TDS8.2,Transiter d’une représentation temporelle à fréquentielle et inversement,0,0.2901696563
modeliser-1.3,Déterminer la famille d’algorithmes à utiliser au regard des données numériques ou symboliques à traiter,TDS8.3,Calculer une transformée en Z,0,0.3826605082
modeliser-1.3,Déterminer la famille d’algorithmes à utiliser au regard des données numériques ou symboliques à traiter,TDS9.1,Caractériser un filtre numérique,0,0.4171531200
modeliser-1.3,Déterminer la famille d’algorithmes à utiliser au regard des données numériques ou symboliques à traiter,TDS9.2,Identifier un filtre RIF ou RII,0,0.2865088284
modeliser-1.3,Déterminer la famille d’algorithmes à utiliser au regard des données numériques ou symboliques à traiter,TDS9.3,Synthétiser un filtre linéaire numérique,1,0.3745944500
modeliser-1.4,Identifier le rôle des composants d’un ordinateur ou des systèmes électroniques,TDS1.1,Décomposer une chaine de traitement du signal,0,0.3773895204
modeliser-1.4,Identifier le rôle des composants d’un ordinateur ou des systèmes électroniques,TDS1.2,Identifier les différents types de signaux,0,0.3976942301
modeliser-1.4,Identifier le rôle des composants d’un ordinateur ou des systèmes électroniques,TDS1.3,Comparer deux signaux temporel avec une correlation,0,0.3042104244
modeliser-1.4,Identifier le rôle des composants d’un ordinateur ou des systèmes électroniques,TDS2.1,Calculer une représentation fréquentielle des signaux,0,0.2501872480
modeliser-1.4,Identifier le rôle des composants d’un ordinateur ou des systèmes électroniques,TDS4.1,Identifier les différents types de systèmes,0,0.5902817249
modeliser-1.4,Identifier le rôle des composants d’un ordinateur ou des systèmes électroniques,TDS4.2,Calculer la réponse d’un système linéaire,0,0.3546334803
modeliser-1.4,Identifier le rôle des composants d’un ordinateur ou des systèmes électroniques,TDS4.3,Calculer une transformée de Laplace,0,0.2469481677
modeliser-1.4,Identifier le rôle des composants d’un ordinateur ou des systèmes électroniques,TDS4.4,Caractériser la réponse fréquentielle d’un système linéaire,0,0.2237209678
modeliser-1.4,Identifier le rôle des composants d’un ordinateur ou des systèmes électroniques,TDS5.1,synthétiser un filtre linéaire continu,0,0.2135638893
modeliser-1.4,Identifier le rôle des composants d’un ordinateur ou des systèmes électroniques,TDS6.1,Echantillonner un signal continu,0,0.3237265646
modeliser-1.4,Identifier le rôle des composants d’un ordinateur ou des systèmes électroniques,TDS7.1,Calculer une représentation fréquentielle d’un signal discret,0,0.2003466040
modeliser-1.4,Identifier le rôle des composants d’un ordinateur ou des systèmes électroniques,TDS8.1,Caractériser un système linéaire discret,0,0.2678092122
modeliser-1.4,Identifier le rôle des composants d’un ordinateur ou des systèmes électroniques,TDS8.2,Transiter d’une représentation temporelle à fréquentielle et inversement,0,0.1503607631
modeliser-1.4,Identifier le rôle des composants d’un ordinateur ou des systèmes électroniques,TDS8.3,Calculer une transformée en Z,0,0.2179945409
modeliser-1.4,Identifier le rôle des composants d’un ordinateur ou des systèmes électroniques,TDS9.1,Caractériser un filtre numérique,0,0.2896966636
modeliser-1.4,Identifier le rôle des composants d’un ordinateur ou des systèmes électroniques,TDS9.2,Identifier un filtre RIF ou RII,0,0.2496731430
modeliser-1.4,Identifier le rôle des composants d’un ordinateur ou des systèmes électroniques,TDS9.3,Synthétiser un filtre linéaire numérique,0,0.2422402352
modeliser-2.1,Analyser les données numériques et symboliques du problème,TDS1.1,Décomposer une chaine de traitement du signal,0,0.3383393288
modeliser-2.1,Analyser les données numériques et symboliques du problème,TDS1.2,Identifier les différents types de signaux,0,0.2936154604
modeliser-2.1,Analyser les données numériques et symboliques du problème,TDS1.3,Comparer deux signaux temporel avec une correlation,0,0.3163637519
modeliser-2.1,Analyser les données numériques et symboliques du problème,TDS2.1,Calculer une représentation fréquentielle des signaux,0,0.3715360463
modeliser-2.1,Analyser les données numériques et symboliques du problème,TDS4.1,Identifier les différents types de systèmes,0,0.2908190489
modeliser-2.1,Analyser les données numériques et symboliques du problème,TDS4.2,Calculer la réponse d’un système linéaire,0,0.3262481987
modeliser-2.1,Analyser les données numériques et symboliques du problème,TDS4.3,Calculer une transformée de Laplace,0,0.1896059066
modeliser-2.1,Analyser les données numériques et symboliques du problème,TDS4.4,Caractériser la réponse fréquentielle d’un système linéaire,0,0.3378534913
modeliser-2.1,Analyser les données numériques et symboliques du problème,TDS5.1,synthétiser un filtre linéaire continu,0,0.3924124837
modeliser-2.1,Analyser les données numériques et symboliques du problème,TDS6.1,Echantillonner un signal continu,0,0.3537654579
modeliser-2.1,Analyser les données numériques et symboliques du problème,TDS7.1,Calculer une représentation fréquentielle d’un signal discret,0,0.3409730792
modeliser-2.1,Analyser les données numériques et symboliques du problème,TDS8.1,Caractériser un système linéaire discret,0,0.3561469913
modeliser-2.1,Analyser les données numériques et symboliques du problème,TDS8.2,Transiter d’une représentation temporelle à fréquentielle et inversement,0,0.2893701494
modeliser-2.1,Analyser les données numériques et symboliques du problème,TDS8.3,Calculer une transformée en Z,0,0.2974984646
modeliser-2.1,Analyser les données numériques et symboliques du problème,TDS9.1,Caractériser un filtre numérique,0,0.4770506620
modeliser-2.1,Analyser les données numériques et symboliques du problème,TDS9.2,Identifier un filtre RIF ou RII,0,0.2735332847
modeliser-2.1,Analyser les données numériques et symboliques du problème,TDS9.3,Synthétiser un filtre linéaire numérique,0,0.4086309671
modeliser-2.2,Comparer les différentes représentations numériques et symboliques des données,TDS1.1,Décomposer une chaine de traitement du signal,0,0.3053915799
modeliser-2.2,Comparer les différentes représentations numériques et symboliques des données,TDS1.2,Identifier les différents types de signaux,0,0.3230884969
modeliser-2.2,Comparer les différentes représentations numériques et symboliques des données,TDS1.3,Comparer deux signaux temporel avec une correlation,0,0.4912953973
modeliser-2.2,Comparer les différentes représentations numériques et symboliques des données,TDS2.1,Calculer une représentation fréquentielle des signaux,0,0.4680040479
modeliser-2.2,Comparer les différentes représentations numériques et symboliques des données,TDS4.1,Identifier les différents types de systèmes,0,0.3533593714
modeliser-2.2,Comparer les différentes représentations numériques et symboliques des données,TDS4.2,Calculer la réponse d’un système linéaire,0,0.2478405237
modeliser-2.2,Comparer les différentes représentations numériques et symboliques des données,TDS4.3,Calculer une transformée de Laplace,0,0.2209899724
modeliser-2.2,Comparer les différentes représentations numériques et symboliques des données,TDS4.4,Caractériser la réponse fréquentielle d’un système linéaire,0,0.2774012387
modeliser-2.2,Comparer les différentes représentations numériques et symboliques des données,TDS5.1,synthétiser un filtre linéaire continu,0,0.2356618047
modeliser-2.2,Comparer les différentes représentations numériques et symboliques des données,TDS6.1,Echantillonner un signal continu,1,0.2354600132
modeliser-2.2,Comparer les différentes représentations numériques et symboliques des données,TDS7.1,Calculer une représentation fréquentielle d’un signal discret,0,0.4059044719
modeliser-2.2,Comparer les différentes représentations numériques et symboliques des données,TDS8.1,Caractériser un système linéaire discret,0,0.3104287386
modeliser-2.2,Comparer les différentes représentations numériques et symboliques des données,TDS8.2,Transiter d’une représentation temporelle à fréquentielle et inversement,0,0.4068620801
modeliser-2.2,Comparer les différentes représentations numériques et symboliques des données,TDS8.3,Calculer une transformée en Z,0,0.3246917725
modeliser-2.2,Comparer les différentes représentations numériques et symboliques des données,TDS9.1,Caractériser un filtre numérique,0,0.4139433503
modeliser-2.2,Comparer les différentes représentations numériques et symboliques des données,TDS9.2,Identifier un filtre RIF ou RII,0,0.1493024826
modeliser-2.2,Comparer les différentes représentations numériques et symboliques des données,TDS9.3,Synthétiser un filtre linéaire numérique,0,0.3204418421
modeliser-2.3,Représenter dans le paradigme de la programmation orienté objet aussi bien les données que les fonctionnalités du problème,TDS1.1,Décomposer une chaine de traitement du signal,0,0.3164903522
modeliser-2.3,Représenter dans le paradigme de la programmation orienté objet aussi bien les données que les fonctionnalités du problème,TDS1.2,Identifier les différents types de signaux,0,0.3037149906
modeliser-2.3,Représenter dans le paradigme de la programmation orienté objet aussi bien les données que les fonctionnalités du problème,TDS1.3,Comparer deux signaux temporel avec une correlation,0,0.3634507060
modeliser-2.3,Représenter dans le paradigme de la programmation orienté objet aussi bien les données que les fonctionnalités du problème,TDS2.1,Calculer une représentation fréquentielle des signaux,0,0.3241405487
modeliser-2.3,Représenter dans le paradigme de la programmation orienté objet aussi bien les données que les fonctionnalités du problème,TDS4.1,Identifier les différents types de systèmes,0,0.3078465760
modeliser-2.3,Représenter dans le paradigme de la programmation orienté objet aussi bien les données que les fonctionnalités du problème,TDS4.2,Calculer la réponse d’un système linéaire,0,0.2713261843
modeliser-2.3,Représenter dans le paradigme de la programmation orienté objet aussi bien les données que les fonctionnalités du problème,TDS4.3,Calculer une transformée de Laplace,0,0.2627487183
modeliser-2.3,Représenter dans le paradigme de la programmation orienté objet aussi bien les données que les fonctionnalités du problème,TDS4.4,Caractériser la réponse fréquentielle d’un système linéaire,0,0.2643763125
modeliser-2.3,Représenter dans le paradigme de la programmation orienté objet aussi bien les données que les fonctionnalités du problème,TDS5.1,synthétiser un filtre linéaire continu,0,0.3527215421
modeliser-2.3,Représenter dans le paradigme de la programmation orienté objet aussi bien les données que les fonctionnalités du problème,TDS6.1,Echantillonner un signal continu,0,0.3251648545
modeliser-2.3,Représenter dans le paradigme de la programmation orienté objet aussi bien les données que les fonctionnalités du problème,TDS7.1,Calculer une représentation fréquentielle d’un signal discret,0,0.3333368301
modeliser-2.3,Représenter dans le paradigme de la programmation orienté objet aussi bien les données que les fonctionnalités du problème,TDS8.1,Caractériser un système linéaire discret,0,0.3544707894
modeliser-2.3,Représenter dans le paradigme de la programmation orienté objet aussi bien les données que les fonctionnalités du problème,TDS8.2,Transiter d’une représentation temporelle à fréquentielle et inversement,0,0.3552479446
modeliser-2.3,Représenter dans le paradigme de la programmation orienté objet aussi bien les données que les fonctionnalités du problème,TDS8.3,Calculer une transformée en Z,0,0.2635701299
modeliser-2.3,Représenter dans le paradigme de la programmation orienté objet aussi bien les données que les fonctionnalités du problème,TDS9.1,Caractériser un filtre numérique,0,0.2589775622
modeliser-2.3,Représenter dans le paradigme de la programmation orienté objet aussi bien les données que les fonctionnalités du problème,TDS9.2,Identifier un filtre RIF ou RII,0,0.0993575305
modeliser-2.3,Représenter dans le paradigme de la programmation orienté objet aussi bien les données que les fonctionnalités du problème,TDS9.3,Synthétiser un filtre linéaire numérique,0,0.3116951585
modeliser-2.4,Identifier le fonctionnement et les différentes implantations des composants d’un ordinateur ou des systèmes électroniques,TDS1.1,Décomposer une chaine de traitement du signal,0,0.2583267093
modeliser-2.4,Identifier le fonctionnement et les différentes implantations des composants d’un ordinateur ou des systèmes électroniques,TDS1.2,Identifier les différents types de signaux,0,0.3707427382
modeliser-2.4,Identifier le fonctionnement et les différentes implantations des composants d’un ordinateur ou des systèmes électroniques,TDS1.3,Comparer deux signaux temporel avec une correlation,0,0.2863873839
modeliser-2.4,Identifier le fonctionnement et les différentes implantations des composants d’un ordinateur ou des systèmes électroniques,TDS2.1,Calculer une représentation fréquentielle des signaux,0,0.2438448519
modeliser-2.4,Identifier le fonctionnement et les différentes implantations des composants d’un ordinateur ou des systèmes électroniques,TDS4.1,Identifier les différents types de systèmes,0,0.6448439360
modeliser-2.4,Identifier le fonctionnement et les différentes implantations des composants d’un ordinateur ou des systèmes électroniques,TDS4.2,Calculer la réponse d’un système linéaire,0,0.3213842511
modeliser-2.4,Identifier le fonctionnement et les différentes implantations des composants d’un ordinateur ou des systèmes électroniques,TDS4.3,Calculer une transformée de Laplace,0,0.3041456938
modeliser-2.4,Identifier le fonctionnement et les différentes implantations des composants d’un ordinateur ou des systèmes électroniques,TDS4.4,Caractériser la réponse fréquentielle d’un système linéaire,0,0.2202567905
modeliser-2.4,Identifier le fonctionnement et les différentes implantations des composants d’un ordinateur ou des systèmes électroniques,TDS5.1,synthétiser un filtre linéaire continu,0,0.1819274127
modeliser-2.4,Identifier le fonctionnement et les différentes implantations des composants d’un ordinateur ou des systèmes électroniques,TDS6.1,Echantillonner un signal continu,0,0.2771237195
modeliser-2.4,Identifier le fonctionnement et les différentes implantations des composants d’un ordinateur ou des systèmes électroniques,TDS7.1,Calculer une représentation fréquentielle d’un signal discret,0,0.2265991122
modeliser-2.4,Identifier le fonctionnement et les différentes implantations des composants d’un ordinateur ou des systèmes électroniques,TDS8.1,Caractériser un système linéaire discret,0,0.2337132692
modeliser-2.4,Identifier le fonctionnement et les différentes implantations des composants d’un ordinateur ou des systèmes électroniques,TDS8.2,Transiter d’une représentation temporelle à fréquentielle et inversement,0,0.2107268125
modeliser-2.4,Identifier le fonctionnement et les différentes implantations des composants d’un ordinateur ou des systèmes électroniques,TDS8.3,Calculer une transformée en Z,0,0.2902083099
modeliser-2.4,Identifier le fonctionnement et les différentes implantations des composants d’un ordinateur ou des systèmes électroniques,TDS9.1,Caractériser un filtre numérique,0,0.2002479434
modeliser-2.4,Identifier le fonctionnement et les différentes implantations des composants d’un ordinateur ou des systèmes électroniques,TDS9.2,Identifier un filtre RIF ou RII,0,0.2442271113
modeliser-2.4,Identifier le fonctionnement et les différentes implantations des composants d’un ordinateur ou des systèmes électroniques,TDS9.3,Synthétiser un filtre linéaire numérique,0,0.1196229830
modeliser-3.1,Normaliser des données pour appliquer un modèle,TDS1.1,Décomposer une chaine de traitement du signal,0,0.2220205665
modeliser-3.1,Normaliser des données pour appliquer un modèle,TDS1.2,Identifier les différents types de signaux,0,0.2391911149
modeliser-3.1,Normaliser des données pour appliquer un modèle,TDS1.3,Comparer deux signaux temporel avec une correlation,0,0.2345637232
modeliser-3.1,Normaliser des données pour appliquer un modèle,TDS2.1,Calculer une représentation fréquentielle des signaux,0,0.3148023486
modeliser-3.1,Normaliser des données pour appliquer un modèle,TDS4.1,Identifier les différents types de systèmes,0,0.2936998606
modeliser-3.1,Normaliser des données pour appliquer un modèle,TDS4.2,Calculer la réponse d’un système linéaire,0,0.3250862956
modeliser-3.1,Normaliser des données pour appliquer un modèle,TDS4.3,Calculer une transformée de Laplace,0,0.3205938935
modeliser-3.1,Normaliser des données pour appliquer un modèle,TDS4.4,Caractériser la réponse fréquentielle d’un système linéaire,0,0.3437800407
modeliser-3.1,Normaliser des données pour appliquer un modèle,TDS5.1,synthétiser un filtre linéaire continu,0,0.2137416303
modeliser-3.1,Normaliser des données pour appliquer un modèle,TDS6.1,Echantillonner un signal continu,0,0.2577797174
modeliser-3.1,Normaliser des données pour appliquer un modèle,TDS7.1,Calculer une représentation fréquentielle d’un signal discret,0,0.3014369607
modeliser-3.1,Normaliser des données pour appliquer un modèle,TDS8.1,Caractériser un système linéaire discret,0,0.2927392721
modeliser-3.1,Normaliser des données pour appliquer un modèle,TDS8.2,Transiter d’une représentation temporelle à fréquentielle et inversement,0,0.3071409762
modeliser-3.1,Normaliser des données pour appliquer un modèle,TDS8.3,Calculer une transformée en Z,0,0.2654629350
modeliser-3.1,Normaliser des données pour appliquer un modèle,TDS9.1,Caractériser un filtre numérique,0,0.3727756739
modeliser-3.1,Normaliser des données pour appliquer un modèle,TDS9.2,Identifier un filtre RIF ou RII,0,0.2148224115
modeliser-3.1,Normaliser des données pour appliquer un modèle,TDS9.3,Synthétiser un filtre linéaire numérique,0,0.2924354672
modeliser-3.2,Caractériser les données pour en déduire le modèle,TDS1.1,Décomposer une chaine de traitement du signal,0,0.3755270243
modeliser-3.2,Caractériser les données pour en déduire le modèle,TDS1.2,Identifier les différents types de signaux,0,0.3014418781
modeliser-3.2,Caractériser les données pour en déduire le modèle,TDS1.3,Comparer deux signaux temporel avec une correlation,0,0.4168519378
modeliser-3.2,Caractériser les données pour en déduire le modèle,TDS2.1,Calculer une représentation fréquentielle des signaux,0,0.3486108780
modeliser-3.2,Caractériser les données pour en déduire le modèle,TDS4.1,Identifier les différents types de systèmes,0,0.2993339896
modeliser-3.2,Caractériser les données pour en déduire le modèle,TDS4.2,Calculer la réponse d’un système linéaire,0,0.4015765786
modeliser-3.2,Caractériser les données pour en déduire le modèle,TDS4.3,Calculer une transformée de Laplace,0,0.3867827356
modeliser-3.2,Caractériser les données pour en déduire le modèle,TDS4.4,Caractériser la réponse fréquentielle d’un système linéaire,0,0.4281829000
modeliser-3.2,Caractériser les données pour en déduire le modèle,TDS5.1,synthétiser un filtre linéaire continu,0,0.3693525195
modeliser-3.2,Caractériser les données pour en déduire le modèle,TDS6.1,Echantillonner un signal continu,0,0.3463266492
modeliser-3.2,Caractériser les données pour en déduire le modèle,TDS7.1,Calculer une représentation fréquentielle d’un signal discret,0,0.3908042610
modeliser-3.2,Caractériser les données pour en déduire le modèle,TDS8.1,Caractériser un système linéaire discret,0,0.5492950678
modeliser-3.2,Caractériser les données pour en déduire le modèle,TDS8.2,Transiter d’une représentation temporelle à fréquentielle et inversement,0,0.3556291461
modeliser-3.2,Caractériser les données pour en déduire le modèle,TDS8.3,Calculer une transformée en Z,0,0.2970595360
modeliser-3.2,Caractériser les données pour en déduire le modèle,TDS9.1,Caractériser un filtre numérique,0,0.5675585270
modeliser-3.2,Caractériser les données pour en déduire le modèle,TDS9.2,Identifier un filtre RIF ou RII,0,0.2424848080
modeliser-3.2,Caractériser les données pour en déduire le modèle,TDS9.3,Synthétiser un filtre linéaire numérique,0,0.3587875366
modeliser-4.1,Transformer le modèle pour obtenir une résolution acceptable,TDS1.1,Décomposer une chaine de traitement du signal,0,0.2613675594
modeliser-4.1,Transformer le modèle pour obtenir une résolution acceptable,TDS1.2,Identifier les différents types de signaux,0,0.1481342465
modeliser-4.1,Transformer le modèle pour obtenir une résolution acceptable,TDS1.3,Comparer deux signaux temporel avec une correlation,0,0.2037951052
modeliser-4.1,Transformer le modèle pour obtenir une résolution acceptable,TDS2.1,Calculer une représentation fréquentielle des signaux,0,0.2018549442
modeliser-4.1,Transformer le modèle pour obtenir une résolution acceptable,TDS4.1,Identifier les différents types de systèmes,0,0.2409622818
modeliser-4.1,Transformer le modèle pour obtenir une résolution acceptable,TDS4.2,Calculer la réponse d’un système linéaire,0,0.3257337213
modeliser-4.1,Transformer le modèle pour obtenir une résolution acceptable,TDS4.3,Calculer une transformée de Laplace,0,0.4032222629
modeliser-4.1,Transformer le modèle pour obtenir une résolution acceptable,TDS4.4,Caractériser la réponse fréquentielle d’un système linéaire,0,0.2801019251
modeliser-4.1,Transformer le modèle pour obtenir une résolution acceptable,TDS5.1,synthétiser un filtre linéaire continu,0,0.3201352954
modeliser-4.1,Transformer le modèle pour obtenir une résolution acceptable,TDS6.1,Echantillonner un signal continu,0,0.1909959614
modeliser-4.1,Transformer le modèle pour obtenir une résolution acceptable,TDS7.1,Calculer une représentation fréquentielle d’un signal discret,0,0.2266583443
modeliser-4.1,Transformer le modèle pour obtenir une résolution acceptable,TDS8.1,Caractériser un système linéaire discret,0,0.3660961390
modeliser-4.1,Transformer le modèle pour obtenir une résolution acceptable,TDS8.2,Transiter d’une représentation temporelle à fréquentielle et inversement,0,0.3080744147
modeliser-4.1,Transformer le modèle pour obtenir une résolution acceptable,TDS8.3,Calculer une transformée en Z,0,0.3657754660
modeliser-4.1,Transformer le modèle pour obtenir une résolution acceptable,TDS9.1,Caractériser un filtre numérique,0,0.3227145672
modeliser-4.1,Transformer le modèle pour obtenir une résolution acceptable,TDS9.2,Identifier un filtre RIF ou RII,0,0.1594459116
modeliser-4.1,Transformer le modèle pour obtenir une résolution acceptable,TDS9.3,Synthétiser un filtre linéaire numérique,0,0.2611640990
modeliser-4.2,Transformer les données pour obtenir une résolution acceptable,TDS1.1,Décomposer une chaine de traitement du signal,0,0.3687807024
modeliser-4.2,Transformer les données pour obtenir une résolution acceptable,TDS1.2,Identifier les différents types de signaux,0,0.1719300151
modeliser-4.2,Transformer les données pour obtenir une résolution acceptable,TDS1.3,Comparer deux signaux temporel avec une correlation,0,0.2249559909
modeliser-4.2,Transformer les données pour obtenir une résolution acceptable,TDS2.1,Calculer une représentation fréquentielle des signaux,0,0.1930755824
modeliser-4.2,Transformer les données pour obtenir une résolution acceptable,TDS4.1,Identifier les différents types de systèmes,0,0.1144629940
modeliser-4.2,Transformer les données pour obtenir une résolution acceptable,TDS4.2,Calculer la réponse d’un système linéaire,0,0.2608147562
modeliser-4.2,Transformer les données pour obtenir une résolution acceptable,TDS4.3,Calculer une transformée de Laplace,0,0.3356542587
modeliser-4.2,Transformer les données pour obtenir une résolution acceptable,TDS4.4,Caractériser la réponse fréquentielle d’un système linéaire,0,0.2415427566
modeliser-4.2,Transformer les données pour obtenir une résolution acceptable,TDS5.1,synthétiser un filtre linéaire continu,0,0.3017380238
modeliser-4.2,Transformer les données pour obtenir une résolution acceptable,TDS6.1,Echantillonner un signal continu,1,0.2824921906
modeliser-4.2,Transformer les données pour obtenir une résolution acceptable,TDS7.1,Calculer une représentation fréquentielle d’un signal discret,0,0.2639718652
modeliser-4.2,Transformer les données pour obtenir une résolution acceptable,TDS8.1,Caractériser un système linéaire discret,0,0.3311266899
modeliser-4.2,Transformer les données pour obtenir une résolution acceptable,TDS8.2,Transiter d’une représentation temporelle à fréquentielle et inversement,0,0.3012032211
modeliser-4.2,Transformer les données pour obtenir une résolution acceptable,TDS8.3,Calculer une transformée en Z,0,0.3774754405
modeliser-4.2,Transformer les données pour obtenir une résolution acceptable,TDS9.1,Caractériser un filtre numérique,0,0.3222871721
modeliser-4.2,Transformer les données pour obtenir une résolution acceptable,TDS9.2,Identifier un filtre RIF ou RII,0,0.1516643912
modeliser-4.2,Transformer les données pour obtenir une résolution acceptable,TDS9.3,Synthétiser un filtre linéaire numérique,0,0.2629714310
modeliser-4.3,Construire les modèles statistiques adaptés aux données,TDS1.1,Décomposer une chaine de traitement du signal,0,0.3032248318
modeliser-4.3,Construire les modèles statistiques adaptés aux données,TDS1.2,Identifier les différents types de signaux,0,0.3404359221
modeliser-4.3,Construire les modèles statistiques adaptés aux données,TDS1.3,Comparer deux signaux temporel avec une correlation,0,0.3535478115
modeliser-4.3,Construire les modèles statistiques adaptés aux données,TDS2.1,Calculer une représentation fréquentielle des signaux,0,0.3558452725
modeliser-4.3,Construire les modèles statistiques adaptés aux données,TDS4.1,Identifier les différents types de systèmes,0,0.3519977331
modeliser-4.3,Construire les modèles statistiques adaptés aux données,TDS4.2,Calculer la réponse d’un système linéaire,0,0.2759538591
modeliser-4.3,Construire les modèles statistiques adaptés aux données,TDS4.3,Calculer une transformée de Laplace,0,0.2764723897
modeliser-4.3,Construire les modèles statistiques adaptés aux données,TDS4.4,Caractériser la réponse fréquentielle d’un système linéaire,0,0.3537240624
modeliser-4.3,Construire les modèles statistiques adaptés aux données,TDS5.1,synthétiser un filtre linéaire continu,1,0.2284976095
modeliser-4.3,Construire les modèles statistiques adaptés aux données,TDS6.1,Echantillonner un signal continu,0,0.2041721940
modeliser-4.3,Construire les modèles statistiques adaptés aux données,TDS7.1,Calculer une représentation fréquentielle d’un signal discret,0,0.3471267223
modeliser-4.3,Construire les modèles statistiques adaptés aux données,TDS8.1,Caractériser un système linéaire discret,0,0.3488656878
modeliser-4.3,Construire les modèles statistiques adaptés aux données,TDS8.2,Transiter d’une représentation temporelle à fréquentielle et inversement,0,0.3326139152
modeliser-4.3,Construire les modèles statistiques adaptés aux données,TDS8.3,Calculer une transformée en Z,0,0.2307281792
modeliser-4.3,Construire les modèles statistiques adaptés aux données,TDS9.1,Caractériser un filtre numérique,0,0.3846715093
modeliser-4.3,Construire les modèles statistiques adaptés aux données,TDS9.2,Identifier un filtre RIF ou RII,0,0.2064753473
modeliser-4.3,Construire les modèles statistiques adaptés aux données,TDS9.3,Synthétiser un filtre linéaire numérique,1,0.3173110187
modeliser-4.4,Évaluer les besoins en ressources,TDS1.1,Décomposer une chaine de traitement du signal,0,0.2144394219
modeliser-4.4,Évaluer les besoins en ressources,TDS1.2,Identifier les différents types de signaux,0,0.2575658560
modeliser-4.4,Évaluer les besoins en ressources,TDS1.3,Comparer deux signaux temporel avec une correlation,0,0.2539109588
modeliser-4.4,Évaluer les besoins en ressources,TDS2.1,Calculer une représentation fréquentielle des signaux,0,0.2161255777
modeliser-4.4,Évaluer les besoins en ressources,TDS4.1,Identifier les différents types de systèmes,0,0.3120330572
modeliser-4.4,Évaluer les besoins en ressources,TDS4.2,Calculer la réponse d’un système linéaire,0,0.2192438692
modeliser-4.4,Évaluer les besoins en ressources,TDS4.3,Calculer une transformée de Laplace,0,0.0341440141
modeliser-4.4,Évaluer les besoins en ressources,TDS4.4,Caractériser la réponse fréquentielle d’un système linéaire,0,0.2629520893
modeliser-4.4,Évaluer les besoins en ressources,TDS5.1,synthétiser un filtre linéaire continu,0,0.2338765562
modeliser-4.4,Évaluer les besoins en ressources,TDS6.1,Echantillonner un signal continu,0,0.2281121314
modeliser-4.4,Évaluer les besoins en ressources,TDS7.1,Calculer une représentation fréquentielle d’un signal discret,0,0.1954463571
modeliser-4.4,Évaluer les besoins en ressources,TDS8.1,Caractériser un système linéaire discret,0,0.2091747820
modeliser-4.4,Évaluer les besoins en ressources,TDS8.2,Transiter d’une représentation temporelle à fréquentielle et inversement,0,0.2607844472
modeliser-4.4,Évaluer les besoins en ressources,TDS8.3,Calculer une transformée en Z,0,0.2409210801
modeliser-4.4,Évaluer les besoins en ressources,TDS9.1,Caractériser un filtre numérique,0,0.2366428673
modeliser-4.4,Évaluer les besoins en ressources,TDS9.2,Identifier un filtre RIF ou RII,0,0.2242221981
modeliser-4.4,Évaluer les besoins en ressources,TDS9.3,Synthétiser un filtre linéaire numérique,0,0.2731838822
concevoir-1.1,Transposer une expression formelle en algorithme et vice-versa,TDS1.1,Décomposer une chaine de traitement du signal,0,0.3049553931
concevoir-1.1,Transposer une expression formelle en algorithme et vice-versa,TDS1.2,Identifier les différents types de signaux,0,0.2120612562
concevoir-1.1,Transposer une expression formelle en algorithme et vice-versa,TDS1.3,Comparer deux signaux temporel avec une correlation,0,0.2647731304
concevoir-1.1,Transposer une expression formelle en algorithme et vice-versa,TDS2.1,Calculer une représentation fréquentielle des signaux,0,0.2940688431
concevoir-1.1,Transposer une expression formelle en algorithme et vice-versa,TDS4.1,Identifier les différents types de systèmes,0,0.1513737440
concevoir-1.1,Transposer une expression formelle en algorithme et vice-versa,TDS4.2,Calculer la réponse d’un système linéaire,0,0.2482387424
concevoir-1.1,Transposer une expression formelle en algorithme et vice-versa,TDS4.3,Calculer une transformée de Laplace,0,0.3262178898
concevoir-1.1,Transposer une expression formelle en algorithme et vice-versa,TDS4.4,Caractériser la réponse fréquentielle d’un système linéaire,0,0.3185208142
concevoir-1.1,Transposer une expression formelle en algorithme et vice-versa,TDS5.1,synthétiser un filtre linéaire continu,0,0.3342000246
concevoir-1.1,Transposer une expression formelle en algorithme et vice-versa,TDS6.1,Echantillonner un signal continu,0,0.2489369065
concevoir-1.1,Transposer une expression formelle en algorithme et vice-versa,TDS7.1,Calculer une représentation fréquentielle d’un signal discret,0,0.2821534574
concevoir-1.1,Transposer une expression formelle en algorithme et vice-versa,TDS8.1,Caractériser un système linéaire discret,0,0.2550948858
concevoir-1.1,Transposer une expression formelle en algorithme et vice-versa,TDS8.2,Transiter d’une représentation temporelle à fréquentielle et inversement,0,0.4568266273
concevoir-1.1,Transposer une expression formelle en algorithme et vice-versa,TDS8.3,Calculer une transformée en Z,0,0.4014050961
concevoir-1.1,Transposer une expression formelle en algorithme et vice-versa,TDS9.1,Caractériser un filtre numérique,0,0.2586147189
concevoir-1.1,Transposer une expression formelle en algorithme et vice-versa,TDS9.2,Identifier un filtre RIF ou RII,0,0.1302088201
concevoir-1.1,Transposer une expression formelle en algorithme et vice-versa,TDS9.3,Synthétiser un filtre linéaire numérique,0,0.2322487682
concevoir-1.2,Transposer une représentation formelle en structure de données et vice-versa,TDS1.1,Décomposer une chaine de traitement du signal,0,0.3530111909
concevoir-1.2,Transposer une représentation formelle en structure de données et vice-versa,TDS1.2,Identifier les différents types de signaux,0,0.1421594918
concevoir-1.2,Transposer une représentation formelle en structure de données et vice-versa,TDS1.3,Comparer deux signaux temporel avec une correlation,0,0.2762672305
concevoir-1.2,Transposer une représentation formelle en structure de données et vice-versa,TDS2.1,Calculer une représentation fréquentielle des signaux,0,0.4067644477
concevoir-1.2,Transposer une représentation formelle en structure de données et vice-versa,TDS4.1,Identifier les différents types de systèmes,0,0.2083180696
concevoir-1.2,Transposer une représentation formelle en structure de données et vice-versa,TDS4.2,Calculer la réponse d’un système linéaire,0,0.3283500671
concevoir-1.2,Transposer une représentation formelle en structure de données et vice-versa,TDS4.3,Calculer une transformée de Laplace,0,0.3446277976
concevoir-1.2,Transposer une représentation formelle en structure de données et vice-versa,TDS4.4,Caractériser la réponse fréquentielle d’un système linéaire,0,0.3534318805
concevoir-1.2,Transposer une représentation formelle en structure de données et vice-versa,TDS5.1,synthétiser un filtre linéaire continu,0,0.3635279536
concevoir-1.2,Transposer une représentation formelle en structure de données et vice-versa,TDS6.1,Echantillonner un signal continu,0,0.2902654111
concevoir-1.2,Transposer une représentation formelle en structure de données et vice-versa,TDS7.1,Calculer une représentation fréquentielle d’un signal discret,0,0.3636471331
concevoir-1.2,Transposer une représentation formelle en structure de données et vice-versa,TDS8.1,Caractériser un système linéaire discret,0,0.3436641395
concevoir-1.2,Transposer une représentation formelle en structure de données et vice-versa,TDS8.2,Transiter d’une représentation temporelle à fréquentielle et inversement,0,0.5475116968
concevoir-1.2,Transposer une représentation formelle en structure de données et vice-versa,TDS8.3,Calculer une transformée en Z,0,0.3949383795
concevoir-1.2,Transposer une représentation formelle en structure de données et vice-versa,TDS9.1,Caractériser un filtre numérique,0,0.3011019230
concevoir-1.2,Transposer une représentation formelle en structure de données et vice-versa,TDS9.2,Identifier un filtre RIF ou RII,0,0.0865871608
concevoir-1.2,Transposer une représentation formelle en structure de données et vice-versa,TDS9.3,Synthétiser un filtre linéaire numérique,0,0.2884828448
concevoir-1.3,Intégrer des composants logiciels ou physiques au sein d’un système,TDS1.1,Décomposer une chaine de traitement du signal,0,0.3172782063
concevoir-1.3,Intégrer des composants logiciels ou physiques au sein d’un système,TDS1.2,Identifier les différents types de signaux,0,0.1791463345
concevoir-1.3,Intégrer des composants logiciels ou physiques au sein d’un système,TDS1.3,Comparer deux signaux temporel avec une correlation,0,0.1814098507
concevoir-1.3,Intégrer des composants logiciels ou physiques au sein d’un système,TDS2.1,Calculer une représentation fréquentielle des signaux,0,0.2004170120
concevoir-1.3,Intégrer des composants logiciels ou physiques au sein d’un système,TDS4.1,Identifier les différents types de systèmes,0,0.3822591603
concevoir-1.3,Intégrer des composants logiciels ou physiques au sein d’un système,TDS4.2,Calculer la réponse d’un système linéaire,0,0.2456342131
concevoir-1.3,Intégrer des composants logiciels ou physiques au sein d’un système,TDS4.3,Calculer une transformée de Laplace,0,0.2099180818
concevoir-1.3,Intégrer des composants logiciels ou physiques au sein d’un système,TDS4.4,Caractériser la réponse fréquentielle d’un système linéaire,0,0.2391210794
concevoir-1.3,Intégrer des composants logiciels ou physiques au sein d’un système,TDS5.1,synthétiser un filtre linéaire continu,0,0.2893772125
concevoir-1.3,Intégrer des composants logiciels ou physiques au sein d’un système,TDS6.1,Echantillonner un signal continu,0,0.2038507760
concevoir-1.3,Intégrer des composants logiciels ou physiques au sein d’un système,TDS7.1,Calculer une représentation fréquentielle d’un signal discret,0,0.1687406003
concevoir-1.3,Intégrer des composants logiciels ou physiques au sein d’un système,TDS8.1,Caractériser un système linéaire discret,0,0.3015641272
concevoir-1.3,Intégrer des composants logiciels ou physiques au sein d’un système,TDS8.2,Transiter d’une représentation temporelle à fréquentielle et inversement,0,0.2447517812
concevoir-1.3,Intégrer des composants logiciels ou physiques au sein d’un système,TDS8.3,Calculer une transformée en Z,0,0.1661198288
concevoir-1.3,Intégrer des composants logiciels ou physiques au sein d’un système,TDS9.1,Caractériser un filtre numérique,0,0.3046742380
concevoir-1.3,Intégrer des composants logiciels ou physiques au sein d’un système,TDS9.2,Identifier un filtre RIF ou RII,0,0.1525976062
concevoir-1.3,Intégrer des composants logiciels ou physiques au sein d’un système,TDS9.3,Synthétiser un filtre linéaire numérique,0,0.2469867319
concevoir-2.1,Sélectionner les structures de données dont la complexité (en temps et en espace) est adaptée,TDS1.1,Décomposer une chaine de traitement du signal,0,0.3529617190
concevoir-2.1,Sélectionner les structures de données dont la complexité (en temps et en espace) est adaptée,TDS1.2,Identifier les différents types de signaux,0,0.3234425783
concevoir-2.1,Sélectionner les structures de données dont la complexité (en temps et en espace) est adaptée,TDS1.3,Comparer deux signaux temporel avec une correlation,0,0.4098303318
concevoir-2.1,Sélectionner les structures de données dont la complexité (en temps et en espace) est adaptée,TDS2.1,Calculer une représentation fréquentielle des signaux,0,0.3336039484
concevoir-2.1,Sélectionner les structures de données dont la complexité (en temps et en espace) est adaptée,TDS4.1,Identifier les différents types de systèmes,0,0.4714257717
concevoir-2.1,Sélectionner les structures de données dont la complexité (en temps et en espace) est adaptée,TDS4.2,Calculer la réponse d’un système linéaire,0,0.3369336128
concevoir-2.1,Sélectionner les structures de données dont la complexité (en temps et en espace) est adaptée,TDS4.3,Calculer une transformée de Laplace,0,0.3362764418
concevoir-2.1,Sélectionner les structures de données dont la complexité (en temps et en espace) est adaptée,TDS4.4,Caractériser la réponse fréquentielle d’un système linéaire,0,0.3068128228
concevoir-2.1,Sélectionner les structures de données dont la complexité (en temps et en espace) est adaptée,TDS5.1,synthétiser un filtre linéaire continu,0,0.2996470630
concevoir-2.1,Sélectionner les structures de données dont la complexité (en temps et en espace) est adaptée,TDS6.1,Echantillonner un signal continu,0,0.2804188132
concevoir-2.1,Sélectionner les structures de données dont la complexité (en temps et en espace) est adaptée,TDS7.1,Calculer une représentation fréquentielle d’un signal discret,0,0.3334797323
concevoir-2.1,Sélectionner les structures de données dont la complexité (en temps et en espace) est adaptée,TDS8.1,Caractériser un système linéaire discret,0,0.4013893306
concevoir-2.1,Sélectionner les structures de données dont la complexité (en temps et en espace) est adaptée,TDS8.2,Transiter d’une représentation temporelle à fréquentielle et inversement,0,0.3813118935
concevoir-2.1,Sélectionner les structures de données dont la complexité (en temps et en espace) est adaptée,TDS8.3,Calculer une transformée en Z,0,0.3488473892
concevoir-2.1,Sélectionner les structures de données dont la complexité (en temps et en espace) est adaptée,TDS9.1,Caractériser un filtre numérique,0,0.4053813219
concevoir-2.1,Sélectionner les structures de données dont la complexité (en temps et en espace) est adaptée,TDS9.2,Identifier un filtre RIF ou RII,0,0.2543952763
concevoir-2.1,Sélectionner les structures de données dont la complexité (en temps et en espace) est adaptée,TDS9.3,Synthétiser un filtre linéaire numérique,0,0.3224381804
concevoir-2.2,Choisir les patrons de conception,TDS1.1,Décomposer une chaine de traitement du signal,0,0.1998258978
concevoir-2.2,Choisir les patrons de conception,TDS1.2,Identifier les différents types de signaux,0,0.3192968071
concevoir-2.2,Choisir les patrons de conception,TDS1.3,Comparer deux signaux temporel avec une correlation,0,0.2185550630
concevoir-2.2,Choisir les patrons de conception,TDS2.1,Calculer une représentation fréquentielle des signaux,0,0.2968804538
concevoir-2.2,Choisir les patrons de conception,TDS4.1,Identifier les différents types de systèmes,0,0.3111245632
concevoir-2.2,Choisir les patrons de conception,TDS4.2,Calculer la réponse d’un système linéaire,0,0.1601765007
concevoir-2.2,Choisir les patrons de conception,TDS4.3,Calculer une transformée de Laplace,0,0.3243752420
concevoir-2.2,Choisir les patrons de conception,TDS4.4,Caractériser la réponse fréquentielle d’un système linéaire,0,0.1674860418
concevoir-2.2,Choisir les patrons de conception,TDS5.1,synthétiser un filtre linéaire continu,0,0.2140389830
concevoir-2.2,Choisir les patrons de conception,TDS6.1,Echantillonner un signal continu,0,0.1492718160
concevoir-2.2,Choisir les patrons de conception,TDS7.1,Calculer une représentation fréquentielle d’un signal discret,0,0.2396957874
concevoir-2.2,Choisir les patrons de conception,TDS8.1,Caractériser un système linéaire discret,0,0.2002096772
concevoir-2.2,Choisir les patrons de conception,TDS8.2,Transiter d’une représentation temporelle à fréquentielle et inversement,0,0.1234201044
concevoir-2.2,Choisir les patrons de conception,TDS8.3,Calculer une transformée en Z,0,0.3221274316
concevoir-2.2,Choisir les patrons de conception,TDS9.1,Caractériser un filtre numérique,0,0.2554098070
concevoir-2.2,Choisir les patrons de conception,TDS9.2,Identifier un filtre RIF ou RII,0,0.1814754307
concevoir-2.2,Choisir les patrons de conception,TDS9.3,Synthétiser un filtre linéaire numérique,0,0.1808123440
concevoir-2.3,Choisir le framework,TDS1.1,Décomposer une chaine de traitement du signal,0,0.2079554349
concevoir-2.3,Choisir le framework,TDS1.2,Identifier les différents types de signaux,0,0.3058267534
concevoir-2.3,Choisir le framework,TDS1.3,Comparer deux signaux temporel avec une correlation,0,0.2342117578
concevoir-2.3,Choisir le framework,TDS2.1,Calculer une représentation fréquentielle des signaux,0,0.2691488564
concevoir-2.3,Choisir le framework,TDS4.1,Identifier les différents types de systèmes,0,0.4071943760
concevoir-2.3,Choisir le framework,TDS4.2,Calculer la réponse d’un système linéaire,0,0.1991793215
concevoir-2.3,Choisir le framework,TDS4.3,Calculer une transformée de Laplace,0,0.2503384948
concevoir-2.3,Choisir le framework,TDS4.4,Caractériser la réponse fréquentielle d’un système linéaire,0,0.2107977271
concevoir-2.3,Choisir le framework,TDS5.1,synthétiser un filtre linéaire continu,0,0.2066684067
concevoir-2.3,Choisir le framework,TDS6.1,Echantillonner un signal continu,0,0.1719302833
concevoir-2.3,Choisir le framework,TDS7.1,Calculer une représentation fréquentielle d’un signal discret,0,0.2050042003
concevoir-2.3,Choisir le framework,TDS8.1,Caractériser un système linéaire discret,0,0.2276991606
concevoir-2.3,Choisir le framework,TDS8.2,Transiter d’une représentation temporelle à fréquentielle et inversement,0,0.1679002345
concevoir-2.3,Choisir le framework,TDS8.3,Calculer une transformée en Z,0,0.2472514808
concevoir-2.3,Choisir le framework,TDS9.1,Caractériser un filtre numérique,0,0.1927211881
concevoir-2.3,Choisir le framework,TDS9.2,Identifier un filtre RIF ou RII,0,0.1903060675
concevoir-2.3,Choisir le framework,TDS9.3,Synthétiser un filtre linéaire numérique,0,0.1945049912
concevoir-2.4,"Prétraiter, estimer et prédire un signal à l’aide d’un système linéaire",TDS1.1,Décomposer une chaine de traitement du signal,1,0.5055746436
concevoir-2.4,"Prétraiter, estimer et prédire un signal à l’aide d’un système linéaire",TDS1.2,Identifier les différents types de signaux,0,0.5180468559
concevoir-2.4,"Prétraiter, estimer et prédire un signal à l’aide d’un système linéaire",TDS1.3,Comparer deux signaux temporel avec une correlation,0,0.4186426401
concevoir-2.4,"Prétraiter, estimer et prédire un signal à l’aide d’un système linéaire",TDS2.1,Calculer une représentation fréquentielle des signaux,0,0.4519864917
concevoir-2.4,"Prétraiter, estimer et prédire un signal à l’aide d’un système linéaire",TDS4.1,Identifier les différents types de systèmes,0,0.4658063650
concevoir-2.4,"Prétraiter, estimer et prédire un signal à l’aide d’un système linéaire",TDS4.2,Calculer la réponse d’un système linéaire,1,0.5227780342
concevoir-2.4,"Prétraiter, estimer et prédire un signal à l’aide d’un système linéaire",TDS4.3,Calculer une transformée de Laplace,1,0.3282024264
concevoir-2.4,"Prétraiter, estimer et prédire un signal à l’aide d’un système linéaire",TDS4.4,Caractériser la réponse fréquentielle d’un système linéaire,1,0.4526083171
concevoir-2.4,"Prétraiter, estimer et prédire un signal à l’aide d’un système linéaire",TDS5.1,synthétiser un filtre linéaire continu,1,0.3730798960
concevoir-2.4,"Prétraiter, estimer et prédire un signal à l’aide d’un système linéaire",TDS6.1,Echantillonner un signal continu,0,0.5113153458
concevoir-2.4,"Prétraiter, estimer et prédire un signal à l’aide d’un système linéaire",TDS7.1,Calculer une représentation fréquentielle d’un signal discret,0,0.4235137403
concevoir-2.4,"Prétraiter, estimer et prédire un signal à l’aide d’un système linéaire",TDS8.1,Caractériser un système linéaire discret,1,0.5053768754
concevoir-2.4,"Prétraiter, estimer et prédire un signal à l’aide d’un système linéaire",TDS8.2,Transiter d’une représentation temporelle à fréquentielle et inversement,1,0.3980936408
concevoir-2.4,"Prétraiter, estimer et prédire un signal à l’aide d’un système linéaire",TDS8.3,Calculer une transformée en Z,1,0.2748984098
concevoir-2.4,"Prétraiter, estimer et prédire un signal à l’aide d’un système linéaire",TDS9.1,Caractériser un filtre numérique,0,0.3456408978
concevoir-2.4,"Prétraiter, estimer et prédire un signal à l’aide d’un système linéaire",TDS9.2,Identifier un filtre RIF ou RII,0,0.2188909054
concevoir-2.4,"Prétraiter, estimer et prédire un signal à l’aide d’un système linéaire",TDS9.3,Synthétiser un filtre linéaire numérique,1,0.4210114181
concevoir-2.5,Identifier le paradigme de traitement de données statistique,TDS1.1,Décomposer une chaine de traitement du signal,0,0.4505178928
concevoir-2.5,Identifier le paradigme de traitement de données statistique,TDS1.2,Identifier les différents types de signaux,0,0.4463231266
concevoir-2.5,Identifier le paradigme de traitement de données statistique,TDS1.3,Comparer deux signaux temporel avec une correlation,0,0.3827159405
concevoir-2.5,Identifier le paradigme de traitement de données statistique,TDS2.1,Calculer une représentation fréquentielle des signaux,0,0.3114258349
concevoir-2.5,Identifier le paradigme de traitement de données statistique,TDS4.1,Identifier les différents types de systèmes,0,0.4080297649
concevoir-2.5,Identifier le paradigme de traitement de données statistique,TDS4.2,Calculer la réponse d’un système linéaire,0,0.2287916243
concevoir-2.5,Identifier le paradigme de traitement de données statistique,TDS4.3,Calculer une transformée de Laplace,0,0.2255906165
concevoir-2.5,Identifier le paradigme de traitement de données statistique,TDS4.4,Caractériser la réponse fréquentielle d’un système linéaire,0,0.2979506552
concevoir-2.5,Identifier le paradigme de traitement de données statistique,TDS5.1,synthétiser un filtre linéaire continu,0,0.3438617587
concevoir-2.5,Identifier le paradigme de traitement de données statistique,TDS6.1,Echantillonner un signal continu,0,0.3357617259
concevoir-2.5,Identifier le paradigme de traitement de données statistique,TDS7.1,Calculer une représentation fréquentielle d’un signal discret,0,0.3540789485
concevoir-2.5,Identifier le paradigme de traitement de données statistique,TDS8.1,Caractériser un système linéaire discret,0,0.3574182987
concevoir-2.5,Identifier le paradigme de traitement de données statistique,TDS8.2,Transiter d’une représentation temporelle à fréquentielle et inversement,0,0.3091316819
concevoir-2.5,Identifier le paradigme de traitement de données statistique,TDS8.3,Calculer une transformée en Z,0,0.2299092114
concevoir-2.5,Identifier le paradigme de traitement de données statistique,TDS9.1,Caractériser un filtre numérique,0,0.3392393589
concevoir-2.5,Identifier le paradigme de traitement de données statistique,TDS9.2,Identifier un filtre RIF ou RII,0,0.2463312447
concevoir-2.5,Identifier le paradigme de traitement de données statistique,TDS9.3,Synthétiser un filtre linéaire numérique,0,0.3286288679
concevoir-3.1,Évaluer la complexité du traitement,TDS1.1,Décomposer une chaine de traitement du signal,0,0.4132060409
concevoir-3.1,Évaluer la complexité du traitement,TDS1.2,Identifier les différents types de signaux,0,0.2243661582
concevoir-3.1,Évaluer la complexité du traitement,TDS1.3,Comparer deux signaux temporel avec une correlation,0,0.3079372644
concevoir-3.1,Évaluer la complexité du traitement,TDS2.1,Calculer une représentation fréquentielle des signaux,0,0.2190392911
concevoir-3.1,Évaluer la complexité du traitement,TDS4.1,Identifier les différents types de systèmes,0,0.2575752735
concevoir-3.1,Évaluer la complexité du traitement,TDS4.2,Calculer la réponse d’un système linéaire,0,0.2349994183
concevoir-3.1,Évaluer la complexité du traitement,TDS4.3,Calculer une transformée de Laplace,0,0.1927795112
concevoir-3.1,Évaluer la complexité du traitement,TDS4.4,Caractériser la réponse fréquentielle d’un système linéaire,0,0.2382300049
concevoir-3.1,Évaluer la complexité du traitement,TDS5.1,synthétiser un filtre linéaire continu,0,0.3300054073
concevoir-3.1,Évaluer la complexité du traitement,TDS6.1,Echantillonner un signal continu,0,0.1941229999
concevoir-3.1,Évaluer la complexité du traitement,TDS7.1,Calculer une représentation fréquentielle d’un signal discret,0,0.2195307314
concevoir-3.1,Évaluer la complexité du traitement,TDS8.1,Caractériser un système linéaire discret,0,0.3350359797
concevoir-3.1,Évaluer la complexité du traitement,TDS8.2,Transiter d’une représentation temporelle à fréquentielle et inversement,0,0.2683709562
concevoir-3.1,Évaluer la complexité du traitement,TDS8.3,Calculer une transformée en Z,0,0.3507109880
concevoir-3.1,Évaluer la complexité du traitement,TDS9.1,Caractériser un filtre numérique,0,0.2533983588
concevoir-3.1,Évaluer la complexité du traitement,TDS9.2,Identifier un filtre RIF ou RII,0,0.1903243959
concevoir-3.1,Évaluer la complexité du traitement,TDS9.3,Synthétiser un filtre linéaire numérique,0,0.2339081615
concevoir-3.2,Intégrer des patrons de conception,TDS1.1,Décomposer une chaine de traitement du signal,0,0.1751027405
concevoir-3.2,Intégrer des patrons de conception,TDS1.2,Identifier les différents types de signaux,0,0.1981297284
concevoir-3.2,Intégrer des patrons de conception,TDS1.3,Comparer deux signaux temporel avec une correlation,0,0.1528505683
concevoir-3.2,Intégrer des patrons de conception,TDS2.1,Calculer une représentation fréquentielle des signaux,0,0.1743099689
concevoir-3.2,Intégrer des patrons de conception,TDS4.1,Identifier les différents types de systèmes,0,0.2135539353
concevoir-3.2,Intégrer des patrons de conception,TDS4.2,Calculer la réponse d’un système linéaire,0,0.1755573004
concevoir-3.2,Intégrer des patrons de conception,TDS4.3,Calculer une transformée de Laplace,0,0.2950383723
concevoir-3.2,Intégrer des patrons de conception,TDS4.4,Caractériser la réponse fréquentielle d’un système linéaire,0,0.0768973678
concevoir-3.2,Intégrer des patrons de conception,TDS5.1,synthétiser un filtre linéaire continu,0,0.2206722796
concevoir-3.2,Intégrer des patrons de conception,TDS6.1,Echantillonner un signal continu,0,0.1116475761
concevoir-3.2,Intégrer des patrons de conception,TDS7.1,Calculer une représentation fréquentielle d’un signal discret,0,0.1392492056
concevoir-3.2,Intégrer des patrons de conception,TDS8.1,Caractériser un système linéaire discret,0,0.2365441322
concevoir-3.2,Intégrer des patrons de conception,TDS8.2,Transiter d’une représentation temporelle à fréquentielle et inversement,0,0.1459357142
concevoir-3.2,Intégrer des patrons de conception,TDS8.3,Calculer une transformée en Z,0,0.2630849481
concevoir-3.2,Intégrer des patrons de conception,TDS9.1,Caractériser un filtre numérique,0,0.2111966312
concevoir-3.2,Intégrer des patrons de conception,TDS9.2,Identifier un filtre RIF ou RII,0,0.0817632228
concevoir-3.2,Intégrer des patrons de conception,TDS9.3,Synthétiser un filtre linéaire numérique,0,0.1899458766
concevoir-3.3,Adapter le framework,TDS1.1,Décomposer une chaine de traitement du signal,0,0.2113319039
concevoir-3.3,Adapter le framework,TDS1.2,Identifier les différents types de signaux,0,0.2186116427
concevoir-3.3,Adapter le framework,TDS1.3,Comparer deux signaux temporel avec une correlation,0,0.1637165695
concevoir-3.3,Adapter le framework,TDS2.1,Calculer une représentation fréquentielle des signaux,0,0.2097533345
concevoir-3.3,Adapter le framework,TDS4.1,Identifier les différents types de systèmes,0,0.2975695133
concevoir-3.3,Adapter le framework,TDS4.2,Calculer la réponse d’un système linéaire,0,0.1319157481
concevoir-3.3,Adapter le framework,TDS4.3,Calculer une transformée de Laplace,0,0.2442475259
concevoir-3.3,Adapter le framework,TDS4.4,Caractériser la réponse fréquentielle d’un système linéaire,0,0.1719236076
concevoir-3.3,Adapter le framework,TDS5.1,synthétiser un filtre linéaire continu,0,0.2168138325
concevoir-3.3,Adapter le framework,TDS6.1,Echantillonner un signal continu,0,0.1702943146
concevoir-3.3,Adapter le framework,TDS7.1,Calculer une représentation fréquentielle d’un signal discret,0,0.1611132920
concevoir-3.3,Adapter le framework,TDS8.1,Caractériser un système linéaire discret,0,0.1963970214
concevoir-3.3,Adapter le framework,TDS8.2,Transiter d’une représentation temporelle à fréquentielle et inversement,0,0.1982177198
concevoir-3.3,Adapter le framework,TDS8.3,Calculer une transformée en Z,0,0.1680288613
concevoir-3.3,Adapter le framework,TDS9.1,Caractériser un filtre numérique,0,0.2013173103
concevoir-3.3,Adapter le framework,TDS9.2,Identifier un filtre RIF ou RII,0,0.1981981397
concevoir-3.3,Adapter le framework,TDS9.3,Synthétiser un filtre linéaire numérique,0,0.2232471406
concevoir-3.4,Échanger de manière adaptée et sécurisée les données,TDS1.1,Décomposer une chaine de traitement du signal,0,0.2572756708
concevoir-3.4,Échanger de manière adaptée et sécurisée les données,TDS1.2,Identifier les différents types de signaux,0,0.2056073546
concevoir-3.4,Échanger de manière adaptée et sécurisée les données,TDS1.3,Comparer deux signaux temporel avec une correlation,0,0.3275081217
concevoir-3.4,Échanger de manière adaptée et sécurisée les données,TDS2.1,Calculer une représentation fréquentielle des signaux,0,0.2388971299
concevoir-3.4,Échanger de manière adaptée et sécurisée les données,TDS4.1,Identifier les différents types de systèmes,0,0.1662738323
concevoir-3.4,Échanger de manière adaptée et sécurisée les données,TDS4.2,Calculer la réponse d’un système linéaire,0,0.2140711099
concevoir-3.4,Échanger de manière adaptée et sécurisée les données,TDS4.3,Calculer une transformée de Laplace,0,0.2015472651
concevoir-3.4,Échanger de manière adaptée et sécurisée les données,TDS4.4,Caractériser la réponse fréquentielle d’un système linéaire,0,0.2559024096
concevoir-3.4,Échanger de manière adaptée et sécurisée les données,TDS5.1,synthétiser un filtre linéaire continu,0,0.2737259269
concevoir-3.4,Échanger de manière adaptée et sécurisée les données,TDS6.1,Echantillonner un signal continu,0,0.3328447938
concevoir-3.4,Échanger de manière adaptée et sécurisée les données,TDS7.1,Calculer une représentation fréquentielle d’un signal discret,0,0.3027003109
concevoir-3.4,Échanger de manière adaptée et sécurisée les données,TDS8.1,Caractériser un système linéaire discret,0,0.3128052354
concevoir-3.4,Échanger de manière adaptée et sécurisée les données,TDS8.2,Transiter d’une représentation temporelle à fréquentielle et inversement,0,0.3488206267
concevoir-3.4,Échanger de manière adaptée et sécurisée les données,TDS8.3,Calculer une transformée en Z,0,0.1645901203
concevoir-3.4,Échanger de manière adaptée et sécurisée les données,TDS9.1,Caractériser un filtre numérique,0,0.2718462944
concevoir-3.4,Échanger de manière adaptée et sécurisée les données,TDS9.2,Identifier un filtre RIF ou RII,0,0.2524847388
concevoir-3.4,Échanger de manière adaptée et sécurisée les données,TDS9.3,Synthétiser un filtre linéaire numérique,0,0.2826756835
concevoir-4.1,Aligner des structures de données issues de différents paradigmes,TDS1.1,Décomposer une chaine de traitement du signal,0,0.3474681377
concevoir-4.1,Aligner des structures de données issues de différents paradigmes,TDS1.2,Identifier les différents types de signaux,0,0.2988963425
concevoir-4.1,Aligner des structures de données issues de différents paradigmes,TDS1.3,Comparer deux signaux temporel avec une correlation,0,0.3886026442
concevoir-4.1,Aligner des structures de données issues de différents paradigmes,TDS2.1,Calculer une représentation fréquentielle des signaux,0,0.2715554833
concevoir-4.1,Aligner des structures de données issues de différents paradigmes,TDS4.1,Identifier les différents types de systèmes,0,0.4023861289
concevoir-4.1,Aligner des structures de données issues de différents paradigmes,TDS4.2,Calculer la réponse d’un système linéaire,0,0.3321378231
concevoir-4.1,Aligner des structures de données issues de différents paradigmes,TDS4.3,Calculer une transformée de Laplace,0,0.3494735956
concevoir-4.1,Aligner des structures de données issues de différents paradigmes,TDS4.4,Caractériser la réponse fréquentielle d’un système linéaire,0,0.2851686478
concevoir-4.1,Aligner des structures de données issues de différents paradigmes,TDS5.1,synthétiser un filtre linéaire continu,0,0.2924624383
concevoir-4.1,Aligner des structures de données issues de différents paradigmes,TDS6.1,Echantillonner un signal continu,0,0.2533792853
concevoir-4.1,Aligner des structures de données issues de différents paradigmes,TDS7.1,Calculer une représentation fréquentielle d’un signal discret,0,0.2849408686
concevoir-4.1,Aligner des structures de données issues de différents paradigmes,TDS8.1,Caractériser un système linéaire discret,0,0.3474825621
concevoir-4.1,Aligner des structures de données issues de différents paradigmes,TDS8.2,Transiter d’une représentation temporelle à fréquentielle et inversement,0,0.3043136895
concevoir-4.1,Aligner des structures de données issues de différents paradigmes,TDS8.3,Calculer une transformée en Z,0,0.2559821010
concevoir-4.1,Aligner des structures de données issues de différents paradigmes,TDS9.1,Caractériser un filtre numérique,0,0.2943802476
concevoir-4.1,Aligner des structures de données issues de différents paradigmes,TDS9.2,Identifier un filtre RIF ou RII,0,0.2912789583
concevoir-4.1,Aligner des structures de données issues de différents paradigmes,TDS9.3,Synthétiser un filtre linéaire numérique,0,0.3105762601
concevoir-4.2,Choisir le paradigme de programmation le mieux adapté aux traitements,TDS1.1,Décomposer une chaine de traitement du signal,0,0.3423424959
concevoir-4.2,Choisir le paradigme de programmation le mieux adapté aux traitements,TDS1.2,Identifier les différents types de signaux,0,0.3089039028
concevoir-4.2,Choisir le paradigme de programmation le mieux adapté aux traitements,TDS1.3,Comparer deux signaux temporel avec une correlation,0,0.2511260808
concevoir-4.2,Choisir le paradigme de programmation le mieux adapté aux traitements,TDS2.1,Calculer une représentation fréquentielle des signaux,0,0.2925485969
concevoir-4.2,Choisir le paradigme de programmation le mieux adapté aux traitements,TDS4.1,Identifier les différents types de systèmes,0,0.2960322499
concevoir-4.2,Choisir le paradigme de programmation le mieux adapté aux traitements,TDS4.2,Calculer la réponse d’un système linéaire,0,0.2543855906
concevoir-4.2,Choisir le paradigme de programmation le mieux adapté aux traitements,TDS4.3,Calculer une transformée de Laplace,0,0.2252059579
concevoir-4.2,Choisir le paradigme de programmation le mieux adapté aux traitements,TDS4.4,Caractériser la réponse fréquentielle d’un système linéaire,0,0.2550706863
concevoir-4.2,Choisir le paradigme de programmation le mieux adapté aux traitements,TDS5.1,synthétiser un filtre linéaire continu,0,0.2817769647
concevoir-4.2,Choisir le paradigme de programmation le mieux adapté aux traitements,TDS6.1,Echantillonner un signal continu,0,0.2254267782
concevoir-4.2,Choisir le paradigme de programmation le mieux adapté aux traitements,TDS7.1,Calculer une représentation fréquentielle d’un signal discret,0,0.2690856457
concevoir-4.2,Choisir le paradigme de programmation le mieux adapté aux traitements,TDS8.1,Caractériser un système linéaire discret,0,0.2483292967
concevoir-4.2,Choisir le paradigme de programmation le mieux adapté aux traitements,TDS8.2,Transiter d’une représentation temporelle à fréquentielle et inversement,0,0.2275297642
concevoir-4.2,Choisir le paradigme de programmation le mieux adapté aux traitements,TDS8.3,Calculer une transformée en Z,0,0.2908027768
concevoir-4.2,Choisir le paradigme de programmation le mieux adapté aux traitements,TDS9.1,Caractériser un filtre numérique,0,0.2810931802
concevoir-4.2,Choisir le paradigme de programmation le mieux adapté aux traitements,TDS9.2,Identifier un filtre RIF ou RII,0,0.1501673758
concevoir-4.2,Choisir le paradigme de programmation le mieux adapté aux traitements,TDS9.3,Synthétiser un filtre linéaire numérique,0,0.3846176565
concevoir-4.3,Choisir les patrons d'architecture,TDS1.1,Décomposer une chaine de traitement du signal,0,0.0988301635
concevoir-4.3,Choisir les patrons d'architecture,TDS1.2,Identifier les différents types de signaux,0,0.2859883904
concevoir-4.3,Choisir les patrons d'architecture,TDS1.3,Comparer deux signaux temporel avec une correlation,0,0.2670963407
concevoir-4.3,Choisir les patrons d'architecture,TDS2.1,Calculer une représentation fréquentielle des signaux,0,0.2457310259
concevoir-4.3,Choisir les patrons d'architecture,TDS4.1,Identifier les différents types de systèmes,0,0.3216620684
concevoir-4.3,Choisir les patrons d'architecture,TDS4.2,Calculer la réponse d’un système linéaire,0,0.1713327169
concevoir-4.3,Choisir les patrons d'architecture,TDS4.3,Calculer une transformée de Laplace,0,0.2840873301
concevoir-4.3,Choisir les patrons d'architecture,TDS4.4,Caractériser la réponse fréquentielle d’un système linéaire,0,0.1680992693
concevoir-4.3,Choisir les patrons d'architecture,TDS5.1,synthétiser un filtre linéaire continu,0,0.1618138403
concevoir-4.3,Choisir les patrons d'architecture,TDS6.1,Echantillonner un signal continu,0,0.1274286658
concevoir-4.3,Choisir les patrons d'architecture,TDS7.1,Calculer une représentation fréquentielle d’un signal discret,0,0.1972642839
concevoir-4.3,Choisir les patrons d'architecture,TDS8.1,Caractériser un système linéaire discret,0,0.1603139192
concevoir-4.3,Choisir les patrons d'architecture,TDS8.2,Transiter d’une représentation temporelle à fréquentielle et inversement,0,0.1789310277
concevoir-4.3,Choisir les patrons d'architecture,TDS8.3,Calculer une transformée en Z,0,0.2396820784
concevoir-4.3,Choisir les patrons d'architecture,TDS9.1,Caractériser un filtre numérique,0,0.1797474027
concevoir-4.3,Choisir les patrons d'architecture,TDS9.2,Identifier un filtre RIF ou RII,0,0.1703005135
concevoir-4.3,Choisir les patrons d'architecture,TDS9.3,Synthétiser un filtre linéaire numérique,0,0.1873539090
concevoir-4.4,"Prétraiter, estimer et prédire un signal à l’aide d’un système non linéaire",TDS1.1,Décomposer une chaine de traitement du signal,0,0.4681749344
concevoir-4.4,"Prétraiter, estimer et prédire un signal à l’aide d’un système non linéaire",TDS1.2,Identifier les différents types de signaux,0,0.5264311433
concevoir-4.4,"Prétraiter, estimer et prédire un signal à l’aide d’un système non linéaire",TDS1.3,Comparer deux signaux temporel avec une correlation,0,0.3988634050
concevoir-4.4,"Prétraiter, estimer et prédire un signal à l’aide d’un système non linéaire",TDS2.1,Calculer une représentation fréquentielle des signaux,0,0.4433578253
concevoir-4.4,"Prétraiter, estimer et prédire un signal à l’aide d’un système non linéaire",TDS4.1,Identifier les différents types de systèmes,0,0.4645971954
concevoir-4.4,"Prétraiter, estimer et prédire un signal à l’aide d’un système non linéaire",TDS4.2,Calculer la réponse d’un système linéaire,0,0.4306589961
concevoir-4.4,"Prétraiter, estimer et prédire un signal à l’aide d’un système non linéaire",TDS4.3,Calculer une transformée de Laplace,0,0.2555701137
concevoir-4.4,"Prétraiter, estimer et prédire un signal à l’aide d’un système non linéaire",TDS4.4,Caractériser la réponse fréquentielle d’un système linéaire,0,0.3985179961
concevoir-4.4,"Prétraiter, estimer et prédire un signal à l’aide d’un système non linéaire",TDS5.1,synthétiser un filtre linéaire continu,0,0.3756755292
concevoir-4.4,"Prétraiter, estimer et prédire un signal à l’aide d’un système non linéaire",TDS6.1,Echantillonner un signal continu,0,0.5095534921
concevoir-4.4,"Prétraiter, estimer et prédire un signal à l’aide d’un système non linéaire",TDS7.1,Calculer une représentation fréquentielle d’un signal discret,0,0.4302861691
concevoir-4.4,"Prétraiter, estimer et prédire un signal à l’aide d’un système non linéaire",TDS8.1,Caractériser un système linéaire discret,0,0.4834022820
concevoir-4.4,"Prétraiter, estimer et prédire un signal à l’aide d’un système non linéaire",TDS8.2,Transiter d’une représentation temporelle à fréquentielle et inversement,0,0.3875868022
concevoir-4.4,"Prétraiter, estimer et prédire un signal à l’aide d’un système non linéaire",TDS8.3,Calculer une transformée en Z,0,0.2753280997
concevoir-4.4,"Prétraiter, estimer et prédire un signal à l’aide d’un système non linéaire",TDS9.1,Caractériser un filtre numérique,0,0.3636568189
concevoir-4.4,"Prétraiter, estimer et prédire un signal à l’aide d’un système non linéaire",TDS9.2,Identifier un filtre RIF ou RII,0,0.2220998704
concevoir-4.4,"Prétraiter, estimer et prédire un signal à l’aide d’un système non linéaire",TDS9.3,Synthétiser un filtre linéaire numérique,0,0.4230285883
concevoir-4.5,Échanger de manière adaptée et sécurisée les données en temps réel,TDS1.1,Décomposer une chaine de traitement du signal,0,0.2730563283
concevoir-4.5,Échanger de manière adaptée et sécurisée les données en temps réel,TDS1.2,Identifier les différents types de signaux,0,0.2705551088
concevoir-4.5,Échanger de manière adaptée et sécurisée les données en temps réel,TDS1.3,Comparer deux signaux temporel avec une correlation,0,0.4542625844
concevoir-4.5,Échanger de manière adaptée et sécurisée les données en temps réel,TDS2.1,Calculer une représentation fréquentielle des signaux,0,0.2862370610
concevoir-4.5,Échanger de manière adaptée et sécurisée les données en temps réel,TDS4.1,Identifier les différents types de systèmes,0,0.2134467214
concevoir-4.5,Échanger de manière adaptée et sécurisée les données en temps réel,TDS4.2,Calculer la réponse d’un système linéaire,0,0.2058334649
concevoir-4.5,Échanger de manière adaptée et sécurisée les données en temps réel,TDS4.3,Calculer une transformée de Laplace,0,0.1952713579
concevoir-4.5,Échanger de manière adaptée et sécurisée les données en temps réel,TDS4.4,Caractériser la réponse fréquentielle d’un système linéaire,0,0.2592238486
concevoir-4.5,Échanger de manière adaptée et sécurisée les données en temps réel,TDS5.1,synthétiser un filtre linéaire continu,0,0.3155560493
concevoir-4.5,Échanger de manière adaptée et sécurisée les données en temps réel,TDS6.1,Echantillonner un signal continu,0,0.4076550305
concevoir-4.5,Échanger de manière adaptée et sécurisée les données en temps réel,TDS7.1,Calculer une représentation fréquentielle d’un signal discret,0,0.2976078987
concevoir-4.5,Échanger de manière adaptée et sécurisée les données en temps réel,TDS8.1,Caractériser un système linéaire discret,0,0.3130192459
concevoir-4.5,Échanger de manière adaptée et sécurisée les données en temps réel,TDS8.2,Transiter d’une représentation temporelle à fréquentielle et inversement,0,0.4001913667
concevoir-4.5,Échanger de manière adaptée et sécurisée les données en temps réel,TDS8.3,Calculer une transformée en Z,0,0.2529652119
concevoir-4.5,Échanger de manière adaptée et sécurisée les données en temps réel,TDS9.1,Caractériser un filtre numérique,0,0.3463376164
concevoir-4.5,Échanger de manière adaptée et sécurisée les données en temps réel,TDS9.2,Identifier un filtre RIF ou RII,0,0.2465763986
concevoir-4.5,Échanger de manière adaptée et sécurisée les données en temps réel,TDS9.3,Synthétiser un filtre linéaire numérique,0,0.3389826417
concevoir-4.6,Choisir un modèle optimal d'un problème de traitement de données et évaluer ses performances,TDS1.1,Décomposer une chaine de traitement du signal,0,0.4270322919
concevoir-4.6,Choisir un modèle optimal d'un problème de traitement de données et évaluer ses performances,TDS1.2,Identifier les différents types de signaux,0,0.3116174340
concevoir-4.6,Choisir un modèle optimal d'un problème de traitement de données et évaluer ses performances,TDS1.3,Comparer deux signaux temporel avec une correlation,0,0.3456428647
concevoir-4.6,Choisir un modèle optimal d'un problème de traitement de données et évaluer ses performances,TDS2.1,Calculer une représentation fréquentielle des signaux,0,0.3342373371
concevoir-4.6,Choisir un modèle optimal d'un problème de traitement de données et évaluer ses performances,TDS4.1,Identifier les différents types de systèmes,0,0.3954982162
concevoir-4.6,Choisir un modèle optimal d'un problème de traitement de données et évaluer ses performances,TDS4.2,Calculer la réponse d’un système linéaire,0,0.3058589101
concevoir-4.6,Choisir un modèle optimal d'un problème de traitement de données et évaluer ses performances,TDS4.3,Calculer une transformée de Laplace,0,0.2807148695
concevoir-4.6,Choisir un modèle optimal d'un problème de traitement de données et évaluer ses performances,TDS4.4,Caractériser la réponse fréquentielle d’un système linéaire,0,0.2988646626
concevoir-4.6,Choisir un modèle optimal d'un problème de traitement de données et évaluer ses performances,TDS5.1,synthétiser un filtre linéaire continu,0,0.3466815352
concevoir-4.6,Choisir un modèle optimal d'un problème de traitement de données et évaluer ses performances,TDS6.1,Echantillonner un signal continu,0,0.3247862458
concevoir-4.6,Choisir un modèle optimal d'un problème de traitement de données et évaluer ses performances,TDS7.1,Calculer une représentation fréquentielle d’un signal discret,0,0.3192108572
concevoir-4.6,Choisir un modèle optimal d'un problème de traitement de données et évaluer ses performances,TDS8.1,Caractériser un système linéaire discret,0,0.2990705967
concevoir-4.6,Choisir un modèle optimal d'un problème de traitement de données et évaluer ses performances,TDS8.2,Transiter d’une représentation temporelle à fréquentielle et inversement,0,0.3384743929
concevoir-4.6,Choisir un modèle optimal d'un problème de traitement de données et évaluer ses performances,TDS8.3,Calculer une transformée en Z,0,0.3473966122
concevoir-4.6,Choisir un modèle optimal d'un problème de traitement de données et évaluer ses performances,TDS9.1,Caractériser un filtre numérique,0,0.3109345734
concevoir-4.6,Choisir un modèle optimal d'un problème de traitement de données et évaluer ses performances,TDS9.2,Identifier un filtre RIF ou RII,0,0.2161934972
concevoir-4.6,Choisir un modèle optimal d'un problème de traitement de données et évaluer ses performances,TDS9.3,Synthétiser un filtre linéaire numérique,0,0.3087502718
developper-1.1,Implémenter efficacement un algorithme dans un langage de la programmation structurée,TDS1.1,Décomposer une chaine de traitement du signal,0,0.3529409170
developper-1.1,Implémenter efficacement un algorithme dans un langage de la programmation structurée,TDS1.2,Identifier les différents types de signaux,0,0.2106577754
developper-1.1,Implémenter efficacement un algorithme dans un langage de la programmation structurée,TDS1.3,Comparer deux signaux temporel avec une correlation,0,0.2661499977
developper-1.1,Implémenter efficacement un algorithme dans un langage de la programmation structurée,TDS2.1,Calculer une représentation fréquentielle des signaux,0,0.2917734981
developper-1.1,Implémenter efficacement un algorithme dans un langage de la programmation structurée,TDS4.1,Identifier les différents types de systèmes,0,0.2135388851
developper-1.1,Implémenter efficacement un algorithme dans un langage de la programmation structurée,TDS4.2,Calculer la réponse d’un système linéaire,0,0.3278439641
developper-1.1,Implémenter efficacement un algorithme dans un langage de la programmation structurée,TDS4.3,Calculer une transformée de Laplace,0,0.2805736065
developper-1.1,Implémenter efficacement un algorithme dans un langage de la programmation structurée,TDS4.4,Caractériser la réponse fréquentielle d’un système linéaire,0,0.3146890700
developper-1.1,Implémenter efficacement un algorithme dans un langage de la programmation structurée,TDS5.1,synthétiser un filtre linéaire continu,0,0.3242413104
developper-1.1,Implémenter efficacement un algorithme dans un langage de la programmation structurée,TDS6.1,Echantillonner un signal continu,0,0.2290419936
developper-1.1,Implémenter efficacement un algorithme dans un langage de la programmation structurée,TDS7.1,Calculer une représentation fréquentielle d’un signal discret,0,0.2948634028
developper-1.1,Implémenter efficacement un algorithme dans un langage de la programmation structurée,TDS8.1,Caractériser un système linéaire discret,0,0.3119482398
developper-1.1,Implémenter efficacement un algorithme dans un langage de la programmation structurée,TDS8.2,Transiter d’une représentation temporelle à fréquentielle et inversement,0,0.3081423640
developper-1.1,Implémenter efficacement un algorithme dans un langage de la programmation structurée,TDS8.3,Calculer une transformée en Z,0,0.3248802423
developper-1.1,Implémenter efficacement un algorithme dans un langage de la programmation structurée,TDS9.1,Caractériser un filtre numérique,0,0.2617906928
developper-1.1,Implémenter efficacement un algorithme dans un langage de la programmation structurée,TDS9.2,Identifier un filtre RIF ou RII,0,0.1812143922
developper-1.1,Implémenter efficacement un algorithme dans un langage de la programmation structurée,TDS9.3,Synthétiser un filtre linéaire numérique,0,0.3216258883
developper-1.2,Utiliser un logiciel de suivi de version,TDS1.1,Décomposer une chaine de traitement du signal,0,0.3096216023
developper-1.2,Utiliser un logiciel de suivi de version,TDS1.2,Identifier les différents types de signaux,0,0.3396561444
developper-1.2,Utiliser un logiciel de suivi de version,TDS1.3,Comparer deux signaux temporel avec une correlation,0,0.2447113991
developper-1.2,Utiliser un logiciel de suivi de version,TDS2.1,Calculer une représentation fréquentielle des signaux,0,0.3905025423
developper-1.2,Utiliser un logiciel de suivi de version,TDS4.1,Identifier les différents types de systèmes,0,0.3537149429
developper-1.2,Utiliser un logiciel de suivi de version,TDS4.2,Calculer la réponse d’un système linéaire,0,0.2078481466
developper-1.2,Utiliser un logiciel de suivi de version,TDS4.3,Calculer une transformée de Laplace,0,0.1976390630
developper-1.2,Utiliser un logiciel de suivi de version,TDS4.4,Caractériser la réponse fréquentielle d’un système linéaire,0,0.3091839850
developper-1.2,Utiliser un logiciel de suivi de version,TDS5.1,synthétiser un filtre linéaire continu,0,0.2930548191
developper-1.2,Utiliser un logiciel de suivi de version,TDS6.1,Echantillonner un signal continu,0,0.3906756938
developper-1.2,Utiliser un logiciel de suivi de version,TDS7.1,Calculer une représentation fréquentielle d’un signal discret,0,0.3846544027
developper-1.2,Utiliser un logiciel de suivi de version,TDS8.1,Caractériser un système linéaire discret,0,0.2500708103
developper-1.2,Utiliser un logiciel de suivi de version,TDS8.2,Transiter d’une représentation temporelle à fréquentielle et inversement,0,0.3650939465
developper-1.2,Utiliser un logiciel de suivi de version,TDS8.3,Calculer une transformée en Z,0,0.1972823739
developper-1.2,Utiliser un logiciel de suivi de version,TDS9.1,Caractériser un filtre numérique,0,0.2392918468
developper-1.2,Utiliser un logiciel de suivi de version,TDS9.2,Identifier un filtre RIF ou RII,0,0.1357355267
developper-1.2,Utiliser un logiciel de suivi de version,TDS9.3,Synthétiser un filtre linéaire numérique,0,0.3444963694
developper-1.3,Caractériser le matériel et le système au regard des besoins,TDS1.1,Décomposer une chaine de traitement du signal,0,0.3448435068
developper-1.3,Caractériser le matériel et le système au regard des besoins,TDS1.2,Identifier les différents types de signaux,0,0.2675171494
developper-1.3,Caractériser le matériel et le système au regard des besoins,TDS1.3,Comparer deux signaux temporel avec une correlation,0,0.3826583624
developper-1.3,Caractériser le matériel et le système au regard des besoins,TDS2.1,Calculer une représentation fréquentielle des signaux,0,0.3131499290
developper-1.3,Caractériser le matériel et le système au regard des besoins,TDS4.1,Identifier les différents types de systèmes,0,0.4510383010
developper-1.3,Caractériser le matériel et le système au regard des besoins,TDS4.2,Calculer la réponse d’un système linéaire,0,0.3669567704
developper-1.3,Caractériser le matériel et le système au regard des besoins,TDS4.3,Calculer une transformée de Laplace,0,0.2914824486
developper-1.3,Caractériser le matériel et le système au regard des besoins,TDS4.4,Caractériser la réponse fréquentielle d’un système linéaire,0,0.3890710473
developper-1.3,Caractériser le matériel et le système au regard des besoins,TDS5.1,synthétiser un filtre linéaire continu,0,0.3114817739
developper-1.3,Caractériser le matériel et le système au regard des besoins,TDS6.1,Echantillonner un signal continu,0,0.2628653049
developper-1.3,Caractériser le matériel et le système au regard des besoins,TDS7.1,Calculer une représentation fréquentielle d’un signal discret,0,0.2965596616
developper-1.3,Caractériser le matériel et le système au regard des besoins,TDS8.1,Caractériser un système linéaire discret,0,0.5035819411
developper-1.3,Caractériser le matériel et le système au regard des besoins,TDS8.2,Transiter d’une représentation temporelle à fréquentielle et inversement,0,0.2672672868
developper-1.3,Caractériser le matériel et le système au regard des besoins,TDS8.3,Calculer une transformée en Z,0,0.3031329215
developper-1.3,Caractériser le matériel et le système au regard des besoins,TDS9.1,Caractériser un filtre numérique,0,0.5171413422
developper-1.3,Caractériser le matériel et le système au regard des besoins,TDS9.2,Identifier un filtre RIF ou RII,0,0.2169859111
developper-1.3,Caractériser le matériel et le système au regard des besoins,TDS9.3,Synthétiser un filtre linéaire numérique,0,0.2931064069
developper-2.1,Implémenter dans un langage de la programmation orientée objet à partir de diagrammes UML,TDS1.1,Décomposer une chaine de traitement du signal,0,0.3706322908
developper-2.1,Implémenter dans un langage de la programmation orientée objet à partir de diagrammes UML,TDS1.2,Identifier les différents types de signaux,0,0.2605720758
developper-2.1,Implémenter dans un langage de la programmation orientée objet à partir de diagrammes UML,TDS1.3,Comparer deux signaux temporel avec une correlation,0,0.2477060854
developper-2.1,Implémenter dans un langage de la programmation orientée objet à partir de diagrammes UML,TDS2.1,Calculer une représentation fréquentielle des signaux,0,0.2887248397
developper-2.1,Implémenter dans un langage de la programmation orientée objet à partir de diagrammes UML,TDS4.1,Identifier les différents types de systèmes,0,0.3018917441
developper-2.1,Implémenter dans un langage de la programmation orientée objet à partir de diagrammes UML,TDS4.2,Calculer la réponse d’un système linéaire,0,0.3233478367
developper-2.1,Implémenter dans un langage de la programmation orientée objet à partir de diagrammes UML,TDS4.3,Calculer une transformée de Laplace,0,0.3600101471
developper-2.1,Implémenter dans un langage de la programmation orientée objet à partir de diagrammes UML,TDS4.4,Caractériser la réponse fréquentielle d’un système linéaire,0,0.3082253933
developper-2.1,Implémenter dans un langage de la programmation orientée objet à partir de diagrammes UML,TDS5.1,synthétiser un filtre linéaire continu,0,0.3492017984
developper-2.1,Implémenter dans un langage de la programmation orientée objet à partir de diagrammes UML,TDS6.1,Echantillonner un signal continu,0,0.2528914809
developper-2.1,Implémenter dans un langage de la programmation orientée objet à partir de diagrammes UML,TDS7.1,Calculer une représentation fréquentielle d’un signal discret,0,0.2922826409
developper-2.1,Implémenter dans un langage de la programmation orientée objet à partir de diagrammes UML,TDS8.1,Caractériser un système linéaire discret,0,0.3047061563
developper-2.1,Implémenter dans un langage de la programmation orientée objet à partir de diagrammes UML,TDS8.2,Transiter d’une représentation temporelle à fréquentielle et inversement,0,0.3038826287
developper-2.1,Implémenter dans un langage de la programmation orientée objet à partir de diagrammes UML,TDS8.3,Calculer une transformée en Z,0,0.3877064884
developper-2.1,Implémenter dans un langage de la programmation orientée objet à partir de diagrammes UML,TDS9.1,Caractériser un filtre numérique,0,0.2136825025
developper-2.1,Implémenter dans un langage de la programmation orientée objet à partir de diagrammes UML,TDS9.2,Identifier un filtre RIF ou RII,0,0.1333456635
developper-2.1,Implémenter dans un langage de la programmation orientée objet à partir de diagrammes UML,TDS9.3,Synthétiser un filtre linéaire numérique,0,0.2468829900
developper-2.2,Exploiter une documentation,TDS1.1,Décomposer une chaine de traitement du signal,0,0.0447464250
developper-2.2,Exploiter une documentation,TDS1.2,Identifier les différents types de signaux,0,0.0901793540
developper-2.2,Exploiter une documentation,TDS1.3,Comparer deux signaux temporel avec une correlation,0,0.0280644447
developper-2.2,Exploiter une documentation,TDS2.1,Calculer une représentation fréquentielle des signaux,0,0.2144783884
developper-2.2,Exploiter une documentation,TDS4.1,Identifier les différents types de systèmes,0,0.1733531505
developper-2.2,Exploiter une documentation,TDS4.2,Calculer la réponse d’un système linéaire,0,0.0577431992
developper-2.2,Exploiter une documentation,TDS4.3,Calculer une transformée de Laplace,0,0.1346568912
developper-2.2,Exploiter une documentation,TDS4.4,Caractériser la réponse fréquentielle d’un système linéaire,0,0.1451966316
developper-2.2,Exploiter une documentation,TDS5.1,synthétiser un filtre linéaire continu,0,0.1593325734
developper-2.2,Exploiter une documentation,TDS6.1,Echantillonner un signal continu,0,0.1521167010
developper-2.2,Exploiter une documentation,TDS7.1,Calculer une représentation fréquentielle d’un signal discret,0,0.1982985139
developper-2.2,Exploiter une documentation,TDS8.1,Caractériser un système linéaire discret,0,0.1308891177
developper-2.2,Exploiter une documentation,TDS8.2,Transiter d’une représentation temporelle à fréquentielle et inversement,0,0.2708123326
developper-2.2,Exploiter une documentation,TDS8.3,Calculer une transformée en Z,0,0.0621252619
developper-2.2,Exploiter une documentation,TDS9.1,Caractériser un filtre numérique,0,0.2529557347
developper-2.2,Exploiter une documentation,TDS9.2,Identifier un filtre RIF ou RII,0,0.1584619582
developper-2.2,Exploiter une documentation,TDS9.3,Synthétiser un filtre linéaire numérique,0,0.1872451305
developper-3.1,Caractériser et représenter l’information,TDS1.1,Décomposer une chaine de traitement du signal,0,0.2916966379
developper-3.1,Caractériser et représenter l’information,TDS1.2,Identifier les différents types de signaux,1,0.2227548212
developper-3.1,Caractériser et représenter l’information,TDS1.3,Comparer deux signaux temporel avec une correlation,0,0.3902021050
developper-3.1,Caractériser et représenter l’information,TDS2.1,Calculer une représentation fréquentielle des signaux,0,0.3700833619
developper-3.1,Caractériser et représenter l’information,TDS4.1,Identifier les différents types de systèmes,0,0.1728301644
developper-3.1,Caractériser et représenter l’information,TDS4.2,Calculer la réponse d’un système linéaire,0,0.2419076264
developper-3.1,Caractériser et représenter l’information,TDS4.3,Calculer une transformée de Laplace,0,0.2805016637
developper-3.1,Caractériser et représenter l’information,TDS4.4,Caractériser la réponse fréquentielle d’un système linéaire,0,0.3458411694
developper-3.1,Caractériser et représenter l’information,TDS5.1,synthétiser un filtre linéaire continu,0,0.2020198703
developper-3.1,Caractériser et représenter l’information,TDS6.1,Echantillonner un signal continu,0,0.1892121881
developper-3.1,Caractériser et représenter l’information,TDS7.1,Calculer une représentation fréquentielle d’un signal discret,0,0.3422456980
developper-3.1,Caractériser et représenter l’information,TDS8.1,Caractériser un système linéaire discret,0,0.4409607649
developper-3.1,Caractériser et représenter l’information,TDS8.2,Transiter d’une représentation temporelle à fréquentielle et inversement,0,0.3828927577
developper-3.1,Caractériser et représenter l’information,TDS8.3,Calculer une transformée en Z,0,0.2300560772
developper-3.1,Caractériser et représenter l’information,TDS9.1,Caractériser un filtre numérique,0,0.4835375845
developper-3.1,Caractériser et représenter l’information,TDS9.2,Identifier un filtre RIF ou RII,0,0.1537309885
developper-3.1,Caractériser et représenter l’information,TDS9.3,Synthétiser un filtre linéaire numérique,0,0.2638241947
developper-3.2,Optimiser et sécuriser l’échange de données,TDS1.1,Décomposer une chaine de traitement du signal,0,0.2588647604
developper-3.2,Optimiser et sécuriser l’échange de données,TDS1.2,Identifier les différents types de signaux,0,0.1453985721
developper-3.2,Optimiser et sécuriser l’échange de données,TDS1.3,Comparer deux signaux temporel avec une correlation,0,0.2585858703
developper-3.2,Optimiser et sécuriser l’échange de données,TDS2.1,Calculer une représentation fréquentielle des signaux,0,0.2363502383
developper-3.2,Optimiser et sécuriser l’échange de données,TDS4.1,Identifier les différents types de systèmes,0,0.1301864684
developper-3.2,Optimiser et sécuriser l’échange de données,TDS4.2,Calculer la réponse d’un système linéaire,0,0.1046875119
developper-3.2,Optimiser et sécuriser l’échange de données,TDS4.3,Calculer une transformée de Laplace,0,0.0902106389
developper-3.2,Optimiser et sécuriser l’échange de données,TDS4.4,Caractériser la réponse fréquentielle d’un système linéaire,0,0.1869948953
developper-3.2,Optimiser et sécuriser l’échange de données,TDS5.1,synthétiser un filtre linéaire continu,0,0.2654117942
developper-3.2,Optimiser et sécuriser l’échange de données,TDS6.1,Echantillonner un signal continu,0,0.2689943910
developper-3.2,Optimiser et sécuriser l’échange de données,TDS7.1,Calculer une représentation fréquentielle d’un signal discret,0,0.2611736357
developper-3.2,Optimiser et sécuriser l’échange de données,TDS8.1,Caractériser un système linéaire discret,0,0.2922697961
developper-3.2,Optimiser et sécuriser l’échange de données,TDS8.2,Transiter d’une représentation temporelle à fréquentielle et inversement,0,0.2812595069
developper-3.2,Optimiser et sécuriser l’échange de données,TDS8.3,Calculer une transformée en Z,0,0.2021299303
developper-3.2,Optimiser et sécuriser l’échange de données,TDS9.1,Caractériser un filtre numérique,0,0.3334264755
developper-3.2,Optimiser et sécuriser l’échange de données,TDS9.2,Identifier un filtre RIF ou RII,0,0.2846360803
developper-3.2,Optimiser et sécuriser l’échange de données,TDS9.3,Synthétiser un filtre linéaire numérique,0,0.3468849957
developper-3.3,Utiliser et paramétrer des frameworks adaptés,TDS1.1,Décomposer une chaine de traitement du signal,0,0.2281654775
developper-3.3,Utiliser et paramétrer des frameworks adaptés,TDS1.2,Identifier les différents types de signaux,0,0.3159716129
developper-3.3,Utiliser et paramétrer des frameworks adaptés,TDS1.3,Comparer deux signaux temporel avec une correlation,0,0.1842334569
developper-3.3,Utiliser et paramétrer des frameworks adaptés,TDS2.1,Calculer une représentation fréquentielle des signaux,0,0.2367846668
developper-3.3,Utiliser et paramétrer des frameworks adaptés,TDS4.1,Identifier les différents types de systèmes,0,0.3840308189
developper-3.3,Utiliser et paramétrer des frameworks adaptés,TDS4.2,Calculer la réponse d’un système linéaire,0,0.1828495860
developper-3.3,Utiliser et paramétrer des frameworks adaptés,TDS4.3,Calculer une transformée de Laplace,0,0.2247630656
developper-3.3,Utiliser et paramétrer des frameworks adaptés,TDS4.4,Caractériser la réponse fréquentielle d’un système linéaire,0,0.2256353498
developper-3.3,Utiliser et paramétrer des frameworks adaptés,TDS5.1,synthétiser un filtre linéaire continu,0,0.2253345549
developper-3.3,Utiliser et paramétrer des frameworks adaptés,TDS6.1,Echantillonner un signal continu,0,0.1987076402
developper-3.3,Utiliser et paramétrer des frameworks adaptés,TDS7.1,Calculer une représentation fréquentielle d’un signal discret,0,0.1951943338
developper-3.3,Utiliser et paramétrer des frameworks adaptés,TDS8.1,Caractériser un système linéaire discret,0,0.2908412814
developper-3.3,Utiliser et paramétrer des frameworks adaptés,TDS8.2,Transiter d’une représentation temporelle à fréquentielle et inversement,0,0.1515095979
developper-3.3,Utiliser et paramétrer des frameworks adaptés,TDS8.3,Calculer une transformée en Z,0,0.1746953726
developper-3.3,Utiliser et paramétrer des frameworks adaptés,TDS9.1,Caractériser un filtre numérique,0,0.2859219313
developper-3.3,Utiliser et paramétrer des frameworks adaptés,TDS9.2,Identifier un filtre RIF ou RII,0,0.2224135101
developper-3.3,Utiliser et paramétrer des frameworks adaptés,TDS9.3,Synthétiser un filtre linéaire numérique,0,0.2179894745
developper-4.1,Automatiser les tâches de validation et de déploiement,TDS1.1,Décomposer une chaine de traitement du signal,0,0.2780973613
developper-4.1,Automatiser les tâches de validation et de déploiement,TDS1.2,Identifier les différents types de signaux,0,0.1523119509
developper-4.1,Automatiser les tâches de validation et de déploiement,TDS1.3,Comparer deux signaux temporel avec une correlation,0,0.2490321398
developper-4.1,Automatiser les tâches de validation et de déploiement,TDS2.1,Calculer une représentation fréquentielle des signaux,0,0.1774930954
developper-4.1,Automatiser les tâches de validation et de déploiement,TDS4.1,Identifier les différents types de systèmes,0,0.1379515082
developper-4.1,Automatiser les tâches de validation et de déploiement,TDS4.2,Calculer la réponse d’un système linéaire,0,0.2086800486
developper-4.1,Automatiser les tâches de validation et de déploiement,TDS4.3,Calculer une transformée de Laplace,0,0.3127599061
developper-4.1,Automatiser les tâches de validation et de déploiement,TDS4.4,Caractériser la réponse fréquentielle d’un système linéaire,0,0.2373366207
developper-4.1,Automatiser les tâches de validation et de déploiement,TDS5.1,synthétiser un filtre linéaire continu,0,0.2691593170
developper-4.1,Automatiser les tâches de validation et de déploiement,TDS6.1,Echantillonner un signal continu,0,0.2000610232
developper-4.1,Automatiser les tâches de validation et de déploiement,TDS7.1,Calculer une représentation fréquentielle d’un signal discret,0,0.1557938755
developper-4.1,Automatiser les tâches de validation et de déploiement,TDS8.1,Caractériser un système linéaire discret,0,0.2721251249
developper-4.1,Automatiser les tâches de validation et de déploiement,TDS8.2,Transiter d’une représentation temporelle à fréquentielle et inversement,0,0.2237426788
developper-4.1,Automatiser les tâches de validation et de déploiement,TDS8.3,Calculer une transformée en Z,0,0.2458843887
developper-4.1,Automatiser les tâches de validation et de déploiement,TDS9.1,Caractériser un filtre numérique,0,0.3633961678
developper-4.1,Automatiser les tâches de validation et de déploiement,TDS9.2,Identifier un filtre RIF ou RII,0,0.2074913830
developper-4.1,Automatiser les tâches de validation et de déploiement,TDS9.3,Synthétiser un filtre linéaire numérique,0,0.2550552785
developper-4.2,Mettre en œuvre l’architecture matérielle et logicielle,TDS1.1,Décomposer une chaine de traitement du signal,0,0.2489862591
developper-4.2,Mettre en œuvre l’architecture matérielle et logicielle,TDS1.2,Identifier les différents types de signaux,0,0.1452346593
developper-4.2,Mettre en œuvre l’architecture matérielle et logicielle,TDS1.3,Comparer deux signaux temporel avec une correlation,0,0.1040612906
developper-4.2,Mettre en œuvre l’architecture matérielle et logicielle,TDS2.1,Calculer une représentation fréquentielle des signaux,0,0.1965403855
developper-4.2,Mettre en œuvre l’architecture matérielle et logicielle,TDS4.1,Identifier les différents types de systèmes,0,0.2697038054
developper-4.2,Mettre en œuvre l’architecture matérielle et logicielle,TDS4.2,Calculer la réponse d’un système linéaire,0,0.2060582191
developper-4.2,Mettre en œuvre l’architecture matérielle et logicielle,TDS4.3,Calculer une transformée de Laplace,0,0.2785648406
developper-4.2,Mettre en œuvre l’architecture matérielle et logicielle,TDS4.4,Caractériser la réponse fréquentielle d’un système linéaire,0,0.2354206145
developper-4.2,Mettre en œuvre l’architecture matérielle et logicielle,TDS5.1,synthétiser un filtre linéaire continu,0,0.2776772976
developper-4.2,Mettre en œuvre l’architecture matérielle et logicielle,TDS6.1,Echantillonner un signal continu,0,0.1612778455
developper-4.2,Mettre en œuvre l’architecture matérielle et logicielle,TDS7.1,Calculer une représentation fréquentielle d’un signal discret,0,0.1507009566
developper-4.2,Mettre en œuvre l’architecture matérielle et logicielle,TDS8.1,Caractériser un système linéaire discret,0,0.2461257279
developper-4.2,Mettre en œuvre l’architecture matérielle et logicielle,TDS8.2,Transiter d’une représentation temporelle à fréquentielle et inversement,0,0.2529581785
developper-4.2,Mettre en œuvre l’architecture matérielle et logicielle,TDS8.3,Calculer une transformée en Z,0,0.1368957758
developper-4.2,Mettre en œuvre l’architecture matérielle et logicielle,TDS9.1,Caractériser un filtre numérique,0,0.2551071942
developper-4.2,Mettre en œuvre l’architecture matérielle et logicielle,TDS9.2,Identifier un filtre RIF ou RII,0,0.0308870748
developper-4.2,Mettre en œuvre l’architecture matérielle et logicielle,TDS9.3,Synthétiser un filtre linéaire numérique,0,0.2934602499
gerer-1.1,Utiliser une forge pour la gestion des tickets,TDS1.1,Décomposer une chaine de traitement du signal,0,0.2278955728
gerer-1.1,Utiliser une forge pour la gestion des tickets,TDS1.2,Identifier les différents types de signaux,0,0.2338736653
gerer-1.1,Utiliser une forge pour la gestion des tickets,TDS1.3,Comparer deux signaux temporel avec une correlation,0,0.1061104089
gerer-1.1,Utiliser une forge pour la gestion des tickets,TDS2.1,Calculer une représentation fréquentielle des signaux,0,0.1950952560
gerer-1.1,Utiliser une forge pour la gestion des tickets,TDS4.1,Identifier les différents types de systèmes,0,0.2057368755
gerer-1.1,Utiliser une forge pour la gestion des tickets,TDS4.2,Calculer la réponse d’un système linéaire,0,0.1138650775
gerer-1.1,Utiliser une forge pour la gestion des tickets,TDS4.3,Calculer une transformée de Laplace,0,0.1950532794
gerer-1.1,Utiliser une forge pour la gestion des tickets,TDS4.4,Caractériser la réponse fréquentielle d’un système linéaire,0,0.2380638421
gerer-1.1,Utiliser une forge pour la gestion des tickets,TDS5.1,synthétiser un filtre linéaire continu,0,0.2678717971
gerer-1.1,Utiliser une forge pour la gestion des tickets,TDS6.1,Echantillonner un signal continu,0,0.1377142072
gerer-1.1,Utiliser une forge pour la gestion des tickets,TDS7.1,Calculer une représentation fréquentielle d’un signal discret,0,0.1777482033
gerer-1.1,Utiliser une forge pour la gestion des tickets,TDS8.1,Caractériser un système linéaire discret,0,0.1915790886
gerer-1.1,Utiliser une forge pour la gestion des tickets,TDS8.2,Transiter d’une représentation temporelle à fréquentielle et inversement,0,0.0943016857
gerer-1.1,Utiliser une forge pour la gestion des tickets,TDS8.3,Calculer une transformée en Z,0,0.1391700208
gerer-1.1,Utiliser une forge pour la gestion des tickets,TDS9.1,Caractériser un filtre numérique,0,0.1845650375
gerer-1.1,Utiliser une forge pour la gestion des tickets,TDS9.2,Identifier un filtre RIF ou RII,0,0.2175163627
gerer-1.1,Utiliser une forge pour la gestion des tickets,TDS9.3,Synthétiser un filtre linéaire numérique,0,0.2344896942
gerer-1.2,Utiliser le cycle de développement en V,TDS1.1,Décomposer une chaine de traitement du signal,0,0.2968365550
gerer-1.2,Utiliser le cycle de développement en V,TDS1.2,Identifier les différents types de signaux,0,0.2779799104
gerer-1.2,Utiliser le cycle de développement en V,TDS1.3,Comparer deux signaux temporel avec une correlation,0,0.1279586405
gerer-1.2,Utiliser le cycle de développement en V,TDS2.1,Calculer une représentation fréquentielle des signaux,0,0.1757487357
gerer-1.2,Utiliser le cycle de développement en V,TDS4.1,Identifier les différents types de systèmes,0,0.3106909990
gerer-1.2,Utiliser le cycle de développement en V,TDS4.2,Calculer la réponse d’un système linéaire,0,0.1949928701
gerer-1.2,Utiliser le cycle de développement en V,TDS4.3,Calculer une transformée de Laplace,0,0.1970555931
gerer-1.2,Utiliser le cycle de développement en V,TDS4.4,Caractériser la réponse fréquentielle d’un système linéaire,0,0.1823182702
gerer-1.2,Utiliser le cycle de développement en V,TDS5.1,synthétiser un filtre linéaire continu,0,0.2273368835
gerer-1.2,Utiliser le cycle de développement en V,TDS6.1,Echantillonner un signal continu,0,0.2646257877
gerer-1.2,Utiliser le cycle de développement en V,TDS7.1,Calculer une représentation fréquentielle d’un signal discret,0,0.1350194812
gerer-1.2,Utiliser le cycle de développement en V,TDS8.1,Caractériser un système linéaire discret,0,0.1056643575
gerer-1.2,Utiliser le cycle de développement en V,TDS8.2,Transiter d’une représentation temporelle à fréquentielle et inversement,0,0.1918240786
gerer-1.2,Utiliser le cycle de développement en V,TDS8.3,Calculer une transformée en Z,0,0.3124923706
gerer-1.2,Utiliser le cycle de développement en V,TDS9.1,Caractériser un filtre numérique,0,0.0791636556
gerer-1.2,Utiliser le cycle de développement en V,TDS9.2,Identifier un filtre RIF ou RII,0,0.1969700307
gerer-1.2,Utiliser le cycle de développement en V,TDS9.3,Synthétiser un filtre linéaire numérique,0,0.1711955070
gerer-2.1,Utiliser un framework de tests unitaires,TDS1.1,Décomposer une chaine de traitement du signal,0,0.1997778863
gerer-2.1,Utiliser un framework de tests unitaires,TDS1.2,Identifier les différents types de signaux,0,0.2891110778
gerer-2.1,Utiliser un framework de tests unitaires,TDS1.3,Comparer deux signaux temporel avec une correlation,0,0.1811817884
gerer-2.1,Utiliser un framework de tests unitaires,TDS2.1,Calculer une représentation fréquentielle des signaux,0,0.2017244250
gerer-2.1,Utiliser un framework de tests unitaires,TDS4.1,Identifier les différents types de systèmes,0,0.3669983745
gerer-2.1,Utiliser un framework de tests unitaires,TDS4.2,Calculer la réponse d’un système linéaire,0,0.2034384906
gerer-2.1,Utiliser un framework de tests unitaires,TDS4.3,Calculer une transformée de Laplace,0,0.2277183533
gerer-2.1,Utiliser un framework de tests unitaires,TDS4.4,Caractériser la réponse fréquentielle d’un système linéaire,0,0.2034842968
gerer-2.1,Utiliser un framework de tests unitaires,TDS5.1,synthétiser un filtre linéaire continu,0,0.3450947404
gerer-2.1,Utiliser un framework de tests unitaires,TDS6.1,Echantillonner un signal continu,0,0.2912380099
gerer-2.1,Utiliser un framework de tests unitaires,TDS7.1,Calculer une représentation fréquentielle d’un signal discret,0,0.1536494493
gerer-2.1,Utiliser un framework de tests unitaires,TDS8.1,Caractériser un système linéaire discret,0,0.2128217220
gerer-2.1,Utiliser un framework de tests unitaires,TDS8.2,Transiter d’une représentation temporelle à fréquentielle et inversement,0,0.2245478332
gerer-2.1,Utiliser un framework de tests unitaires,TDS8.3,Calculer une transformée en Z,0,0.2677747607
gerer-2.1,Utiliser un framework de tests unitaires,TDS9.1,Caractériser un filtre numérique,0,0.2640083134
gerer-2.1,Utiliser un framework de tests unitaires,TDS9.2,Identifier un filtre RIF ou RII,0,0.2348068208
gerer-2.1,Utiliser un framework de tests unitaires,TDS9.3,Synthétiser un filtre linéaire numérique,0,0.2006135732
gerer-2.2,Utiliser un logiciel d’audit de code statique,TDS1.1,Décomposer une chaine de traitement du signal,0,0.1864073277
gerer-2.2,Utiliser un logiciel d’audit de code statique,TDS1.2,Identifier les différents types de signaux,0,0.3380301595
gerer-2.2,Utiliser un logiciel d’audit de code statique,TDS1.3,Comparer deux signaux temporel avec une correlation,0,0.3723677993
gerer-2.2,Utiliser un logiciel d’audit de code statique,TDS2.1,Calculer une représentation fréquentielle des signaux,0,0.2079084814
gerer-2.2,Utiliser un logiciel d’audit de code statique,TDS4.1,Identifier les différents types de systèmes,0,0.3584422469
gerer-2.2,Utiliser un logiciel d’audit de code statique,TDS4.2,Calculer la réponse d’un système linéaire,0,0.2182008773
gerer-2.2,Utiliser un logiciel d’audit de code statique,TDS4.3,Calculer une transformée de Laplace,0,0.2295048237
gerer-2.2,Utiliser un logiciel d’audit de code statique,TDS4.4,Caractériser la réponse fréquentielle d’un système linéaire,0,0.2339086384
gerer-2.2,Utiliser un logiciel d’audit de code statique,TDS5.1,synthétiser un filtre linéaire continu,0,0.2709880471
gerer-2.2,Utiliser un logiciel d’audit de code statique,TDS6.1,Echantillonner un signal continu,0,0.2335288227
gerer-2.2,Utiliser un logiciel d’audit de code statique,TDS7.1,Calculer une représentation fréquentielle d’un signal discret,0,0.2548101544
gerer-2.2,Utiliser un logiciel d’audit de code statique,TDS8.1,Caractériser un système linéaire discret,0,0.2945991457
gerer-2.2,Utiliser un logiciel d’audit de code statique,TDS8.2,Transiter d’une représentation temporelle à fréquentielle et inversement,0,0.2197845727
gerer-2.2,Utiliser un logiciel d’audit de code statique,TDS8.3,Calculer une transformée en Z,0,0.0467781872
gerer-2.2,Utiliser un logiciel d’audit de code statique,TDS9.1,Caractériser un filtre numérique,0,0.3767998815
gerer-2.2,Utiliser un logiciel d’audit de code statique,TDS9.2,Identifier un filtre RIF ou RII,0,0.2883810997
gerer-2.2,Utiliser un logiciel d’audit de code statique,TDS9.3,Synthétiser un filtre linéaire numérique,0,0.3446687460
gerer-2.3,Mettre en place des tests de non régression,TDS1.1,Décomposer une chaine de traitement du signal,0,0.2238858640
gerer-2.3,Mettre en place des tests de non régression,TDS1.2,Identifier les différents types de signaux,0,0.2557038665
gerer-2.3,Mettre en place des tests de non régression,TDS1.3,Comparer deux signaux temporel avec une correlation,0,0.2313667536
gerer-2.3,Mettre en place des tests de non régression,TDS2.1,Calculer une représentation fréquentielle des signaux,0,0.2474774420
gerer-2.3,Mettre en place des tests de non régression,TDS4.1,Identifier les différents types de systèmes,0,0.1982508153
gerer-2.3,Mettre en place des tests de non régression,TDS4.2,Calculer la réponse d’un système linéaire,0,0.2110960484
gerer-2.3,Mettre en place des tests de non régression,TDS4.3,Calculer une transformée de Laplace,0,0.3290047050
gerer-2.3,Mettre en place des tests de non régression,TDS4.4,Caractériser la réponse fréquentielle d’un système linéaire,0,0.2469024658
gerer-2.3,Mettre en place des tests de non régression,TDS5.1,synthétiser un filtre linéaire continu,0,0.3289049864
gerer-2.3,Mettre en place des tests de non régression,TDS6.1,Echantillonner un signal continu,0,0.2354048193
gerer-2.3,Mettre en place des tests de non régression,TDS7.1,Calculer une représentation fréquentielle d’un signal discret,0,0.2858089507
gerer-2.3,Mettre en place des tests de non régression,TDS8.1,Caractériser un système linéaire discret,0,0.3197860718
gerer-2.3,Mettre en place des tests de non régression,TDS8.2,Transiter d’une représentation temporelle à fréquentielle et inversement,0,0.2753646076
gerer-2.3,Mettre en place des tests de non régression,TDS8.3,Calculer une transformée en Z,0,0.2737525403
gerer-2.3,Mettre en place des tests de non régression,TDS9.1,Caractériser un filtre numérique,0,0.3131873906
gerer-2.3,Mettre en place des tests de non régression,TDS9.2,Identifier un filtre RIF ou RII,0,0.2194776684
gerer-2.3,Mettre en place des tests de non régression,TDS9.3,Synthétiser un filtre linéaire numérique,0,0.2429753542
gerer-3.1,Utiliser un cycle de développement Agile,TDS1.1,Décomposer une chaine de traitement du signal,0,0.2756427824
gerer-3.1,Utiliser un cycle de développement Agile,TDS1.2,Identifier les différents types de signaux,0,0.2851037383
gerer-3.1,Utiliser un cycle de développement Agile,TDS1.3,Comparer deux signaux temporel avec une correlation,0,0.1047302708
gerer-3.1,Utiliser un cycle de développement Agile,TDS2.1,Calculer une représentation fréquentielle des signaux,0,0.1686439067
gerer-3.1,Utiliser un cycle de développement Agile,TDS4.1,Identifier les différents types de systèmes,0,0.3347784281
gerer-3.1,Utiliser un cycle de développement Agile,TDS4.2,Calculer la réponse d’un système linéaire,0,0.1692045033
gerer-3.1,Utiliser un cycle de développement Agile,TDS4.3,Calculer une transformée de Laplace,0,0.1994064450
gerer-3.1,Utiliser un cycle de développement Agile,TDS4.4,Caractériser la réponse fréquentielle d’un système linéaire,0,0.1535129845
gerer-3.1,Utiliser un cycle de développement Agile,TDS5.1,synthétiser un filtre linéaire continu,0,0.2301746905
gerer-3.1,Utiliser un cycle de développement Agile,TDS6.1,Echantillonner un signal continu,0,0.2441077232
gerer-3.1,Utiliser un cycle de développement Agile,TDS7.1,Calculer une représentation fréquentielle d’un signal discret,0,0.1551903784
gerer-3.1,Utiliser un cycle de développement Agile,TDS8.1,Caractériser un système linéaire discret,0,0.1645532399
gerer-3.1,Utiliser un cycle de développement Agile,TDS8.2,Transiter d’une représentation temporelle à fréquentielle et inversement,0,0.1410485059
gerer-3.1,Utiliser un cycle de développement Agile,TDS8.3,Calculer une transformée en Z,0,0.1521914899
gerer-3.1,Utiliser un cycle de développement Agile,TDS9.1,Caractériser un filtre numérique,0,0.0802776068
gerer-3.1,Utiliser un cycle de développement Agile,TDS9.2,Identifier un filtre RIF ou RII,0,0.1791545451
gerer-3.1,Utiliser un cycle de développement Agile,TDS9.3,Synthétiser un filtre linéaire numérique,0,0.1770554781
gerer-3.2,Suivre des procédures,TDS1.1,Décomposer une chaine de traitement du signal,0,0.2431826890
gerer-3.2,Suivre des procédures,TDS1.2,Identifier les différents types de signaux,0,0.3292296529
gerer-3.2,Suivre des procédures,TDS1.3,Comparer deux signaux temporel avec une correlation,0,0.1710771173
gerer-3.2,Suivre des procédures,TDS2.1,Calculer une représentation fréquentielle des signaux,0,0.2807437778
gerer-3.2,Suivre des procédures,TDS4.1,Identifier les différents types de systèmes,0,0.3013441563
gerer-3.2,Suivre des procédures,TDS4.2,Calculer la réponse d’un système linéaire,0,0.1818235219
gerer-3.2,Suivre des procédures,TDS4.3,Calculer une transformée de Laplace,0,0.2730223536
gerer-3.2,Suivre des procédures,TDS4.4,Caractériser la réponse fréquentielle d’un système linéaire,0,0.2024475336
gerer-3.2,Suivre des procédures,TDS5.1,synthétiser un filtre linéaire continu,0,0.2018843591
gerer-3.2,Suivre des procédures,TDS6.1,Echantillonner un signal continu,0,0.3282379806
gerer-3.2,Suivre des procédures,TDS7.1,Calculer une représentation fréquentielle d’un signal discret,0,0.1985360980
gerer-3.2,Suivre des procédures,TDS8.1,Caractériser un système linéaire discret,0,0.1756124347
gerer-3.2,Suivre des procédures,TDS8.2,Transiter d’une représentation temporelle à fréquentielle et inversement,0,0.2005625069
gerer-3.2,Suivre des procédures,TDS8.3,Calculer une transformée en Z,0,0.2168572545
gerer-3.2,Suivre des procédures,TDS9.1,Caractériser un filtre numérique,0,0.2416037321
gerer-3.2,Suivre des procédures,TDS9.2,Identifier un filtre RIF ou RII,0,0.0674145073
gerer-3.2,Suivre des procédures,TDS9.3,Synthétiser un filtre linéaire numérique,0,0.1905381083
gerer-3.3,Rédiger des procédures,TDS1.1,Décomposer une chaine de traitement du signal,0,0.2131210715
gerer-3.3,Rédiger des procédures,TDS1.2,Identifier les différents types de signaux,0,0.1934399605
gerer-3.3,Rédiger des procédures,TDS1.3,Comparer deux signaux temporel avec une correlation,0,0.1363684535
gerer-3.3,Rédiger des procédures,TDS2.1,Calculer une représentation fréquentielle des signaux,0,0.1846781373
gerer-3.3,Rédiger des procédures,TDS4.1,Identifier les différents types de systèmes,0,0.2557820082
gerer-3.3,Rédiger des procédures,TDS4.2,Calculer la réponse d’un système linéaire,0,0.2672272325
gerer-3.3,Rédiger des procédures,TDS4.3,Calculer une transformée de Laplace,0,0.3327690363
gerer-3.3,Rédiger des procédures,TDS4.4,Caractériser la réponse fréquentielle d’un système linéaire,0,0.1956616938
gerer-3.3,Rédiger des procédures,TDS5.1,synthétiser un filtre linéaire continu,0,0.3058856130
gerer-3.3,Rédiger des procédures,TDS6.1,Echantillonner un signal continu,0,0.1718054265
gerer-3.3,Rédiger des procédures,TDS7.1,Calculer une représentation fréquentielle d’un signal discret,0,0.0896566659
gerer-3.3,Rédiger des procédures,TDS8.1,Caractériser un système linéaire discret,0,0.1735638678
gerer-3.3,Rédiger des procédures,TDS8.2,Transiter d’une représentation temporelle à fréquentielle et inversement,0,0.1681396067
gerer-3.3,Rédiger des procédures,TDS8.3,Calculer une transformée en Z,0,0.2288864255
gerer-3.3,Rédiger des procédures,TDS9.1,Caractériser un filtre numérique,0,0.2178027034
gerer-3.3,Rédiger des procédures,TDS9.2,Identifier un filtre RIF ou RII,0,0.1728126556
gerer-3.3,Rédiger des procédures,TDS9.3,Synthétiser un filtre linéaire numérique,0,0.1699799746
gerer-4.1,Auditer des projets,TDS1.1,Décomposer une chaine de traitement du signal,0,0.2597665191
gerer-4.1,Auditer des projets,TDS1.2,Identifier les différents types de signaux,0,0.3238002062
gerer-4.1,Auditer des projets,TDS1.3,Comparer deux signaux temporel avec une correlation,0,0.2826187313
gerer-4.1,Auditer des projets,TDS2.1,Calculer une représentation fréquentielle des signaux,0,0.2215207666
gerer-4.1,Auditer des projets,TDS4.1,Identifier les différents types de systèmes,0,0.2662638426
gerer-4.1,Auditer des projets,TDS4.2,Calculer la réponse d’un système linéaire,0,0.1894558072
gerer-4.1,Auditer des projets,TDS4.3,Calculer une transformée de Laplace,0,0.1137344092
gerer-4.1,Auditer des projets,TDS4.4,Caractériser la réponse fréquentielle d’un système linéaire,0,0.1945466697
gerer-4.1,Auditer des projets,TDS5.1,synthétiser un filtre linéaire continu,0,0.2012332082
gerer-4.1,Auditer des projets,TDS6.1,Echantillonner un signal continu,0,0.3746480346
gerer-4.1,Auditer des projets,TDS7.1,Calculer une représentation fréquentielle d’un signal discret,0,0.2044248283
gerer-4.1,Auditer des projets,TDS8.1,Caractériser un système linéaire discret,0,0.1713569164
gerer-4.1,Auditer des projets,TDS8.2,Transiter d’une représentation temporelle à fréquentielle et inversement,0,0.1393232197
gerer-4.1,Auditer des projets,TDS8.3,Calculer une transformée en Z,0,0.1955524534
gerer-4.1,Auditer des projets,TDS9.1,Caractériser un filtre numérique,0,0.3089774847
gerer-4.1,Auditer des projets,TDS9.2,Identifier un filtre RIF ou RII,0,0.3014156818
gerer-4.1,Auditer des projets,TDS9.3,Synthétiser un filtre linéaire numérique,0,0.2496242821
gerer-4.2,Passer des audits,TDS1.1,Décomposer une chaine de traitement du signal,0,0.1091520637
gerer-4.2,Passer des audits,TDS1.2,Identifier les différents types de signaux,0,0.1714815646
gerer-4.2,Passer des audits,TDS1.3,Comparer deux signaux temporel avec une correlation,0,0.2151259333
gerer-4.2,Passer des audits,TDS2.1,Calculer une représentation fréquentielle des signaux,0,0.1505857855
gerer-4.2,Passer des audits,TDS4.1,Identifier les différents types de systèmes,0,0.1241187900
gerer-4.2,Passer des audits,TDS4.2,Calculer la réponse d’un système linéaire,0,-0.0032347469
gerer-4.2,Passer des audits,TDS4.3,Calculer une transformée de Laplace,0,0.1390720457
gerer-4.2,Passer des audits,TDS4.4,Caractériser la réponse fréquentielle d’un système linéaire,0,0.0811657757
gerer-4.2,Passer des audits,TDS5.1,synthétiser un filtre linéaire continu,0,0.1891720593
gerer-4.2,Passer des audits,TDS6.1,Echantillonner un signal continu,0,0.1811050028
gerer-4.2,Passer des audits,TDS7.1,Calculer une représentation fréquentielle d’un signal discret,0,0.1170056760
gerer-4.2,Passer des audits,TDS8.1,Caractériser un système linéaire discret,0,0.0578414574
gerer-4.2,Passer des audits,TDS8.2,Transiter d’une représentation temporelle à fréquentielle et inversement,0,0.1539102346
gerer-4.2,Passer des audits,TDS8.3,Calculer une transformée en Z,0,0.1363553703
gerer-4.2,Passer des audits,TDS9.1,Caractériser un filtre numérique,0,0.3252262473
gerer-4.2,Passer des audits,TDS9.2,Identifier un filtre RIF ou RII,0,0.2457558364
gerer-4.2,Passer des audits,TDS9.3,Synthétiser un filtre linéaire numérique,0,0.1946143359
gerer-4.3,Organiser les rôles et les tâches,TDS1.1,Décomposer une chaine de traitement du signal,0,0.3625083566
gerer-4.3,Organiser les rôles et les tâches,TDS1.2,Identifier les différents types de signaux,0,0.2563945055
gerer-4.3,Organiser les rôles et les tâches,TDS1.3,Comparer deux signaux temporel avec une correlation,0,0.2456525862
gerer-4.3,Organiser les rôles et les tâches,TDS2.1,Calculer une représentation fréquentielle des signaux,0,0.3390653431
gerer-4.3,Organiser les rôles et les tâches,TDS4.1,Identifier les différents types de systèmes,0,0.2108990550
gerer-4.3,Organiser les rôles et les tâches,TDS4.2,Calculer la réponse d’un système linéaire,0,0.2903853655
gerer-4.3,Organiser les rôles et les tâches,TDS4.3,Calculer une transformée de Laplace,0,0.2648035288
gerer-4.3,Organiser les rôles et les tâches,TDS4.4,Caractériser la réponse fréquentielle d’un système linéaire,0,0.2221691161
gerer-4.3,Organiser les rôles et les tâches,TDS5.1,synthétiser un filtre linéaire continu,0,0.2682195306
gerer-4.3,Organiser les rôles et les tâches,TDS6.1,Echantillonner un signal continu,0,0.2900686860
gerer-4.3,Organiser les rôles et les tâches,TDS7.1,Calculer une représentation fréquentielle d’un signal discret,0,0.2397381663
gerer-4.3,Organiser les rôles et les tâches,TDS8.1,Caractériser un système linéaire discret,0,0.1843569428
gerer-4.3,Organiser les rôles et les tâches,TDS8.2,Transiter d’une représentation temporelle à fréquentielle et inversement,0,0.3349529505
gerer-4.3,Organiser les rôles et les tâches,TDS8.3,Calculer une transformée en Z,0,0.2882391214
gerer-4.3,Organiser les rôles et les tâches,TDS9.1,Caractériser un filtre numérique,0,0.1041944474
gerer-4.3,Organiser les rôles et les tâches,TDS9.2,Identifier un filtre RIF ou RII,0,0.0560915321
gerer-4.3,Organiser les rôles et les tâches,TDS9.3,Synthétiser un filtre linéaire numérique,0,0.2098792195
communiquer-1.1,Documenter le code à l’aide d’un framework,TDS1.1,Décomposer une chaine de traitement du signal,0,0.2836035490
communiquer-1.1,Documenter le code à l’aide d’un framework,TDS1.2,Identifier les différents types de signaux,0,0.4087208807
communiquer-1.1,Documenter le code à l’aide d’un framework,TDS1.3,Comparer deux signaux temporel avec une correlation,0,0.2634519935
communiquer-1.1,Documenter le code à l’aide d’un framework,TDS2.1,Calculer une représentation fréquentielle des signaux,0,0.3456137776
communiquer-1.1,Documenter le code à l’aide d’un framework,TDS4.1,Identifier les différents types de systèmes,0,0.4222973287
communiquer-1.1,Documenter le code à l’aide d’un framework,TDS4.2,Calculer la réponse d’un système linéaire,0,0.3089889884
communiquer-1.1,Documenter le code à l’aide d’un framework,TDS4.3,Calculer une transformée de Laplace,0,0.2780410945
communiquer-1.1,Documenter le code à l’aide d’un framework,TDS4.4,Caractériser la réponse fréquentielle d’un système linéaire,0,0.3250964582
communiquer-1.1,Documenter le code à l’aide d’un framework,TDS5.1,synthétiser un filtre linéaire continu,0,0.3070080578
communiquer-1.1,Documenter le code à l’aide d’un framework,TDS6.1,Echantillonner un signal continu,0,0.3097035289
communiquer-1.1,Documenter le code à l’aide d’un framework,TDS7.1,Calculer une représentation fréquentielle d’un signal discret,0,0.3236595690
communiquer-1.1,Documenter le code à l’aide d’un framework,TDS8.1,Caractériser un système linéaire discret,0,0.2645449936
communiquer-1.1,Documenter le code à l’aide d’un framework,TDS8.2,Transiter d’une représentation temporelle à fréquentielle et inversement,0,0.2418662161
communiquer-1.1,Documenter le code à l’aide d’un framework,TDS8.3,Calculer une transformée en Z,0,0.1523729563
communiquer-1.1,Documenter le code à l’aide d’un framework,TDS9.1,Caractériser un filtre numérique,0,0.3296650052
communiquer-1.1,Documenter le code à l’aide d’un framework,TDS9.2,Identifier un filtre RIF ou RII,0,0.2832237184
communiquer-1.1,Documenter le code à l’aide d’un framework,TDS9.3,Synthétiser un filtre linéaire numérique,0,0.2961293161
communiquer-1.2,Rédiger un rapport cohérent retraçant toutes les étapes du cycle de vie du projet,TDS1.1,Décomposer une chaine de traitement du signal,0,0.3062822223
communiquer-1.2,Rédiger un rapport cohérent retraçant toutes les étapes du cycle de vie du projet,TDS1.2,Identifier les différents types de signaux,0,0.1920715868
communiquer-1.2,Rédiger un rapport cohérent retraçant toutes les étapes du cycle de vie du projet,TDS1.3,Comparer deux signaux temporel avec une correlation,0,0.4085103571
communiquer-1.2,Rédiger un rapport cohérent retraçant toutes les étapes du cycle de vie du projet,TDS2.1,Calculer une représentation fréquentielle des signaux,0,0.3768292665
communiquer-1.2,Rédiger un rapport cohérent retraçant toutes les étapes du cycle de vie du projet,TDS4.1,Identifier les différents types de systèmes,0,0.2675233483
communiquer-1.2,Rédiger un rapport cohérent retraçant toutes les étapes du cycle de vie du projet,TDS4.2,Calculer la réponse d’un système linéaire,0,0.3032394648
communiquer-1.2,Rédiger un rapport cohérent retraçant toutes les étapes du cycle de vie du projet,TDS4.3,Calculer une transformée de Laplace,0,0.2519698739
communiquer-1.2,Rédiger un rapport cohérent retraçant toutes les étapes du cycle de vie du projet,TDS4.4,Caractériser la réponse fréquentielle d’un système linéaire,0,0.3502798975
communiquer-1.2,Rédiger un rapport cohérent retraçant toutes les étapes du cycle de vie du projet,TDS5.1,synthétiser un filtre linéaire continu,0,0.3529032171
communiquer-1.2,Rédiger un rapport cohérent retraçant toutes les étapes du cycle de vie du projet,TDS6.1,Echantillonner un signal continu,0,0.2907513380
communiquer-1.2,Rédiger un rapport cohérent retraçant toutes les étapes du cycle de vie du projet,TDS7.1,Calculer une représentation fréquentielle d’un signal discret,0,0.3525315225
communiquer-1.2,Rédiger un rapport cohérent retraçant toutes les étapes du cycle de vie du projet,TDS8.1,Caractériser un système linéaire discret,0,0.2664289474
communiquer-1.2,Rédiger un rapport cohérent retraçant toutes les étapes du cycle de vie du projet,TDS8.2,Transiter d’une représentation temporelle à fréquentielle et inversement,0,0.4552755952
communiquer-1.2,Rédiger un rapport cohérent retraçant toutes les étapes du cycle de vie du projet,TDS8.3,Calculer une transformée en Z,0,0.3042047620
communiquer-1.2,Rédiger un rapport cohérent retraçant toutes les étapes du cycle de vie du projet,TDS9.1,Caractériser un filtre numérique,0,0.2691491544
communiquer-1.2,Rédiger un rapport cohérent retraçant toutes les étapes du cycle de vie du projet,TDS9.2,Identifier un filtre RIF ou RII,0,0.2574275136
communiquer-1.2,Rédiger un rapport cohérent retraçant toutes les étapes du cycle de vie du projet,TDS9.3,Synthétiser un filtre linéaire numérique,0,0.2544980645
communiquer-1.3,Représenter les modèles à l’aide de langage formel,TDS1.1,Décomposer une chaine de traitement du signal,0,0.2508884370
communiquer-1.3,Représenter les modèles à l’aide de langage formel,TDS1.2,Identifier les différents types de signaux,0,0.3446498215
communiquer-1.3,Représenter les modèles à l’aide de langage formel,TDS1.3,Comparer deux signaux temporel avec une correlation,0,0.3354801238
communiquer-1.3,Représenter les modèles à l’aide de langage formel,TDS2.1,Calculer une représentation fréquentielle des signaux,0,0.4439860582
communiquer-1.3,Représenter les modèles à l’aide de langage formel,TDS4.1,Identifier les différents types de systèmes,0,0.3717604280
communiquer-1.3,Représenter les modèles à l’aide de langage formel,TDS4.2,Calculer la réponse d’un système linéaire,0,0.2403657138
communiquer-1.3,Représenter les modèles à l’aide de langage formel,TDS4.3,Calculer une transformée de Laplace,0,0.3128565252
communiquer-1.3,Représenter les modèles à l’aide de langage formel,TDS4.4,Caractériser la réponse fréquentielle d’un système linéaire,0,0.3551796079
communiquer-1.3,Représenter les modèles à l’aide de langage formel,TDS5.1,synthétiser un filtre linéaire continu,0,0.3321672976
communiquer-1.3,Représenter les modèles à l’aide de langage formel,TDS6.1,Echantillonner un signal continu,0,0.3165434897
communiquer-1.3,Représenter les modèles à l’aide de langage formel,TDS7.1,Calculer une représentation fréquentielle d’un signal discret,0,0.3843966722
communiquer-1.3,Représenter les modèles à l’aide de langage formel,TDS8.1,Caractériser un système linéaire discret,0,0.3122442961
communiquer-1.3,Représenter les modèles à l’aide de langage formel,TDS8.2,Transiter d’une représentation temporelle à fréquentielle et inversement,0,0.4954561591
communiquer-1.3,Représenter les modèles à l’aide de langage formel,TDS8.3,Calculer une transformée en Z,0,0.1701128483
communiquer-1.3,Représenter les modèles à l’aide de langage formel,TDS9.1,Caractériser un filtre numérique,0,0.2759681344
communiquer-1.3,Représenter les modèles à l’aide de langage formel,TDS9.2,Identifier un filtre RIF ou RII,0,0.0706100762
communiquer-1.3,Représenter les modèles à l’aide de langage formel,TDS9.3,Synthétiser un filtre linéaire numérique,0,0.2586065829
communiquer-2.1,Rédiger des supports de présentation,TDS1.1,Décomposer une chaine de traitement du signal,0,0.2630960643
communiquer-2.1,Rédiger des supports de présentation,TDS1.2,Identifier les différents types de signaux,0,0.1336277723
communiquer-2.1,Rédiger des supports de présentation,TDS1.3,Comparer deux signaux temporel avec une correlation,0,0.1869975179
communiquer-2.1,Rédiger des supports de présentation,TDS2.1,Calculer une représentation fréquentielle des signaux,0,0.3776445985
communiquer-2.1,Rédiger des supports de présentation,TDS4.1,Identifier les différents types de systèmes,0,0.1267880946
communiquer-2.1,Rédiger des supports de présentation,TDS4.2,Calculer la réponse d’un système linéaire,0,0.2409819067
communiquer-2.1,Rédiger des supports de présentation,TDS4.3,Calculer une transformée de Laplace,0,0.3312514424
communiquer-2.1,Rédiger des supports de présentation,TDS4.4,Caractériser la réponse fréquentielle d’un système linéaire,0,0.2376501262
communiquer-2.1,Rédiger des supports de présentation,TDS5.1,synthétiser un filtre linéaire continu,0,0.3317149878
communiquer-2.1,Rédiger des supports de présentation,TDS6.1,Echantillonner un signal continu,0,0.2387180626
communiquer-2.1,Rédiger des supports de présentation,TDS7.1,Calculer une représentation fréquentielle d’un signal discret,0,0.2643006444
communiquer-2.1,Rédiger des supports de présentation,TDS8.1,Caractériser un système linéaire discret,0,0.1705195606
communiquer-2.1,Rédiger des supports de présentation,TDS8.2,Transiter d’une représentation temporelle à fréquentielle et inversement,0,0.3184703290
communiquer-2.1,Rédiger des supports de présentation,TDS8.3,Calculer une transformée en Z,0,0.1622906029
communiquer-2.1,Rédiger des supports de présentation,TDS9.1,Caractériser un filtre numérique,0,0.2321447134
communiquer-2.1,Rédiger des supports de présentation,TDS9.2,Identifier un filtre RIF ou RII,0,0.1434456706
communiquer-2.1,Rédiger des supports de présentation,TDS9.3,Synthétiser un filtre linéaire numérique,0,0.2585475445
communiquer-2.2,Restituer oralement le travail réalisé,TDS1.1,Décomposer une chaine de traitement du signal,0,0.2366397977
communiquer-2.2,Restituer oralement le travail réalisé,TDS1.2,Identifier les différents types de signaux,0,0.0342617631
communiquer-2.2,Restituer oralement le travail réalisé,TDS1.3,Comparer deux signaux temporel avec une correlation,0,0.1656551212
communiquer-2.2,Restituer oralement le travail réalisé,TDS2.1,Calculer une représentation fréquentielle des signaux,0,0.1466948688
communiquer-2.2,Restituer oralement le travail réalisé,TDS4.1,Identifier les différents types de systèmes,0,0.0288908035
communiquer-2.2,Restituer oralement le travail réalisé,TDS4.2,Calculer la réponse d’un système linéaire,0,0.1570530832
communiquer-2.2,Restituer oralement le travail réalisé,TDS4.3,Calculer une transformée de Laplace,0,0.2213885486
communiquer-2.2,Restituer oralement le travail réalisé,TDS4.4,Caractériser la réponse fréquentielle d’un système linéaire,0,0.2297239751
communiquer-2.2,Restituer oralement le travail réalisé,TDS5.1,synthétiser un filtre linéaire continu,0,0.3341203332
communiquer-2.2,Restituer oralement le travail réalisé,TDS6.1,Echantillonner un signal continu,0,0.1347516477
communiquer-2.2,Restituer oralement le travail réalisé,TDS7.1,Calculer une représentation fréquentielle d’un signal discret,0,0.0925854594
communiquer-2.2,Restituer oralement le travail réalisé,TDS8.1,Caractériser un système linéaire discret,0,0.1403518617
communiquer-2.2,Restituer oralement le travail réalisé,TDS8.2,Transiter d’une représentation temporelle à fréquentielle et inversement,0,0.3122648001
communiquer-2.2,Restituer oralement le travail réalisé,TDS8.3,Calculer une transformée en Z,0,0.2385926843
communiquer-2.2,Restituer oralement le travail réalisé,TDS9.1,Caractériser un filtre numérique,0,0.2438893914
communiquer-2.2,Restituer oralement le travail réalisé,TDS9.2,Identifier un filtre RIF ou RII,0,0.2044215798
communiquer-2.2,Restituer oralement le travail réalisé,TDS9.3,Synthétiser un filtre linéaire numérique,0,0.2165704966
communiquer-2.3,Synthétiser le travail réalisé,TDS1.1,Décomposer une chaine de traitement du signal,0,0.3387703896
communiquer-2.3,Synthétiser le travail réalisé,TDS1.2,Identifier les différents types de signaux,0,0.2194561958
communiquer-2.3,Synthétiser le travail réalisé,TDS1.3,Comparer deux signaux temporel avec une correlation,0,0.3085477948
communiquer-2.3,Synthétiser le travail réalisé,TDS2.1,Calculer une représentation fréquentielle des signaux,0,0.2825613618
communiquer-2.3,Synthétiser le travail réalisé,TDS4.1,Identifier les différents types de systèmes,0,0.0979051292
communiquer-2.3,Synthétiser le travail réalisé,TDS4.2,Calculer la réponse d’un système linéaire,0,0.2798883915
communiquer-2.3,Synthétiser le travail réalisé,TDS4.3,Calculer une transformée de Laplace,0,0.2176305950
communiquer-2.3,Synthétiser le travail réalisé,TDS4.4,Caractériser la réponse fréquentielle d’un système linéaire,0,0.2780833840
communiquer-2.3,Synthétiser le travail réalisé,TDS5.1,synthétiser un filtre linéaire continu,0,0.3227564991
communiquer-2.3,Synthétiser le travail réalisé,TDS6.1,Echantillonner un signal continu,0,0.3070529699
communiquer-2.3,Synthétiser le travail réalisé,TDS7.1,Calculer une représentation fréquentielle d’un signal discret,0,0.1979925931
communiquer-2.3,Synthétiser le travail réalisé,TDS8.1,Caractériser un système linéaire discret,0,0.2031366527
communiquer-2.3,Synthétiser le travail réalisé,TDS8.2,Transiter d’une représentation temporelle à fréquentielle et inversement,0,0.3078976870
communiquer-2.3,Synthétiser le travail réalisé,TDS8.3,Calculer une transformée en Z,0,0.2515084743
communiquer-2.3,Synthétiser le travail réalisé,TDS9.1,Caractériser un filtre numérique,0,0.2372944057
communiquer-2.3,Synthétiser le travail réalisé,TDS9.2,Identifier un filtre RIF ou RII,0,0.0762384683
communiquer-2.3,Synthétiser le travail réalisé,TDS9.3,Synthétiser un filtre linéaire numérique,0,0.4172408581
communiquer-3.1,Interpréter les résultats dans le contexte du problème,TDS1.1,Décomposer une chaine de traitement du signal,0,0.2830817699
communiquer-3.1,Interpréter les résultats dans le contexte du problème,TDS1.2,Identifier les différents types de signaux,0,0.3551509380
communiquer-3.1,Interpréter les résultats dans le contexte du problème,TDS1.3,Comparer deux signaux temporel avec une correlation,0,0.3831072748
communiquer-3.1,Interpréter les résultats dans le contexte du problème,TDS2.1,Calculer une représentation fréquentielle des signaux,0,0.3447219729
communiquer-3.1,Interpréter les résultats dans le contexte du problème,TDS4.1,Identifier les différents types de systèmes,0,0.3211594820
communiquer-3.1,Interpréter les résultats dans le contexte du problème,TDS4.2,Calculer la réponse d’un système linéaire,0,0.2745202184
communiquer-3.1,Interpréter les résultats dans le contexte du problème,TDS4.3,Calculer une transformée de Laplace,0,0.2082437873
communiquer-3.1,Interpréter les résultats dans le contexte du problème,TDS4.4,Caractériser la réponse fréquentielle d’un système linéaire,0,0.2943941951
communiquer-3.1,Interpréter les résultats dans le contexte du problème,TDS5.1,synthétiser un filtre linéaire continu,0,0.3175214827
communiquer-3.1,Interpréter les résultats dans le contexte du problème,TDS6.1,Echantillonner un signal continu,0,0.4616236091
communiquer-3.1,Interpréter les résultats dans le contexte du problème,TDS7.1,Calculer une représentation fréquentielle d’un signal discret,0,0.3138208389
communiquer-3.1,Interpréter les résultats dans le contexte du problème,TDS8.1,Caractériser un système linéaire discret,0,0.3276562691
communiquer-3.1,Interpréter les résultats dans le contexte du problème,TDS8.2,Transiter d’une représentation temporelle à fréquentielle et inversement,0,0.3908879757
communiquer-3.1,Interpréter les résultats dans le contexte du problème,TDS8.3,Calculer une transformée en Z,0,0.2934884727
communiquer-3.1,Interpréter les résultats dans le contexte du problème,TDS9.1,Caractériser un filtre numérique,0,0.3470661044
communiquer-3.1,Interpréter les résultats dans le contexte du problème,TDS9.2,Identifier un filtre RIF ou RII,0,0.2758919001
communiquer-3.1,Interpréter les résultats dans le contexte du problème,TDS9.3,Synthétiser un filtre linéaire numérique,0,0.2911055684
communiquer-3.2,Critiquer les résultats,TDS1.1,Décomposer une chaine de traitement du signal,0,0.2105446458
communiquer-3.2,Critiquer les résultats,TDS1.2,Identifier les différents types de signaux,0,0.2517746687
communiquer-3.2,Critiquer les résultats,TDS1.3,Comparer deux signaux temporel avec une correlation,0,0.3964799643
communiquer-3.2,Critiquer les résultats,TDS2.1,Calculer une représentation fréquentielle des signaux,0,0.2056481838
communiquer-3.2,Critiquer les résultats,TDS4.1,Identifier les différents types de systèmes,0,0.1658881605
communiquer-3.2,Critiquer les résultats,TDS4.2,Calculer la réponse d’un système linéaire,0,0.1450300664
communiquer-3.2,Critiquer les résultats,TDS4.3,Calculer une transformée de Laplace,0,0.0046615559
communiquer-3.2,Critiquer les résultats,TDS4.4,Caractériser la réponse fréquentielle d’un système linéaire,0,0.2587238550
communiquer-3.2,Critiquer les résultats,TDS5.1,synthétiser un filtre linéaire continu,0,0.2503104210
communiquer-3.2,Critiquer les résultats,TDS6.1,Echantillonner un signal continu,0,0.2415441275
communiquer-3.2,Critiquer les résultats,TDS7.1,Calculer une représentation fréquentielle d’un signal discret,0,0.2045752406
communiquer-3.2,Critiquer les résultats,TDS8.1,Caractériser un système linéaire discret,0,0.3001965284
communiquer-3.2,Critiquer les résultats,TDS8.2,Transiter d’une représentation temporelle à fréquentielle et inversement,0,0.1871491969
communiquer-3.2,Critiquer les résultats,TDS8.3,Calculer une transformée en Z,0,0.2512513995
communiquer-3.2,Critiquer les résultats,TDS9.1,Caractériser un filtre numérique,0,0.3533768356
communiquer-3.2,Critiquer les résultats,TDS9.2,Identifier un filtre RIF ou RII,0,0.2973361909
communiquer-3.2,Critiquer les résultats,TDS9.3,Synthétiser un filtre linéaire numérique,0,0.2717924714
communiquer-3.3,Proposer des perspectives,TDS1.1,Décomposer une chaine de traitement du signal,0,0.2732140720
communiquer-3.3,Proposer des perspectives,TDS1.2,Identifier les différents types de signaux,0,0.1802577078
communiquer-3.3,Proposer des perspectives,TDS1.3,Comparer deux signaux temporel avec une correlation,0,0.1961031258
communiquer-3.3,Proposer des perspectives,TDS2.1,Calculer une représentation fréquentielle des signaux,0,0.3276274204
communiquer-3.3,Proposer des perspectives,TDS4.1,Identifier les différents types de systèmes,0,0.0780679360
communiquer-3.3,Proposer des perspectives,TDS4.2,Calculer la réponse d’un système linéaire,0,0.0987793431
communiquer-3.3,Proposer des perspectives,TDS4.3,Calculer une transformée de Laplace,0,0.0523734614
communiquer-3.3,Proposer des perspectives,TDS4.4,Caractériser la réponse fréquentielle d’un système linéaire,0,0.2493538260
communiquer-3.3,Proposer des perspectives,TDS5.1,synthétiser un filtre linéaire continu,0,0.2372503877
communiquer-3.3,Proposer des perspectives,TDS6.1,Echantillonner un signal continu,0,0.2745801806
communiquer-3.3,Proposer des perspectives,TDS7.1,Calculer une représentation fréquentielle d’un signal discret,0,0.3137556314
communiquer-3.3,Proposer des perspectives,TDS8.1,Caractériser un système linéaire discret,0,0.1597418189
communiquer-3.3,Proposer des perspectives,TDS8.2,Transiter d’une représentation temporelle à fréquentielle et inversement,0,0.2976747453
communiquer-3.3,Proposer des perspectives,TDS8.3,Calculer une transformée en Z,0,0.0723707676
communiquer-3.3,Proposer des perspectives,TDS9.1,Caractériser un filtre numérique,0,0.1510223150
communiquer-3.3,Proposer des perspectives,TDS9.2,Identifier un filtre RIF ou RII,0,0.0855115503
communiquer-3.3,Proposer des perspectives,TDS9.3,Synthétiser un filtre linéaire numérique,0,0.2047452331
communiquer-3.4,Représenter de manière humainement compréhensible (graphiquement) les résultats,TDS1.1,Décomposer une chaine de traitement du signal,0,0.2436976433
communiquer-3.4,Représenter de manière humainement compréhensible (graphiquement) les résultats,TDS1.2,Identifier les différents types de signaux,0,0.2713008225
communiquer-3.4,Représenter de manière humainement compréhensible (graphiquement) les résultats,TDS1.3,Comparer deux signaux temporel avec une correlation,0,0.3542423844
communiquer-3.4,Représenter de manière humainement compréhensible (graphiquement) les résultats,TDS2.1,Calculer une représentation fréquentielle des signaux,0,0.4099962413
communiquer-3.4,Représenter de manière humainement compréhensible (graphiquement) les résultats,TDS4.1,Identifier les différents types de systèmes,0,0.2285428494
communiquer-3.4,Représenter de manière humainement compréhensible (graphiquement) les résultats,TDS4.2,Calculer la réponse d’un système linéaire,0,0.3156686425
communiquer-3.4,Représenter de manière humainement compréhensible (graphiquement) les résultats,TDS4.3,Calculer une transformée de Laplace,0,0.2397607565
communiquer-3.4,Représenter de manière humainement compréhensible (graphiquement) les résultats,TDS4.4,Caractériser la réponse fréquentielle d’un système linéaire,0,0.3127318025
communiquer-3.4,Représenter de manière humainement compréhensible (graphiquement) les résultats,TDS5.1,synthétiser un filtre linéaire continu,0,0.2415840477
communiquer-3.4,Représenter de manière humainement compréhensible (graphiquement) les résultats,TDS6.1,Echantillonner un signal continu,0,0.2630531192
communiquer-3.4,Représenter de manière humainement compréhensible (graphiquement) les résultats,TDS7.1,Calculer une représentation fréquentielle d’un signal discret,0,0.3810179234
communiquer-3.4,Représenter de manière humainement compréhensible (graphiquement) les résultats,TDS8.1,Caractériser un système linéaire discret,0,0.3909196258
communiquer-3.4,Représenter de manière humainement compréhensible (graphiquement) les résultats,TDS8.2,Transiter d’une représentation temporelle à fréquentielle et inversement,0,0.4219463766
communiquer-3.4,Représenter de manière humainement compréhensible (graphiquement) les résultats,TDS8.3,Calculer une transformée en Z,0,0.3174545467
communiquer-3.4,Représenter de manière humainement compréhensible (graphiquement) les résultats,TDS9.1,Caractériser un filtre numérique,0,0.2912129760
communiquer-3.4,Représenter de manière humainement compréhensible (graphiquement) les résultats,TDS9.2,Identifier un filtre RIF ou RII,0,0.2270840704
communiquer-3.4,Représenter de manière humainement compréhensible (graphiquement) les résultats,TDS9.3,Synthétiser un filtre linéaire numérique,0,0.2214623690
communiquer-4.1,Résumer une méthode de l’état de l’art,TDS1.1,Décomposer une chaine de traitement du signal,0,0.3132509589
communiquer-4.1,Résumer une méthode de l’état de l’art,TDS1.2,Identifier les différents types de signaux,0,0.2750644088
communiquer-4.1,Résumer une méthode de l’état de l’art,TDS1.3,Comparer deux signaux temporel avec une correlation,0,0.3353834748
communiquer-4.1,Résumer une méthode de l’état de l’art,TDS2.1,Calculer une représentation fréquentielle des signaux,0,0.3437535167
communiquer-4.1,Résumer une méthode de l’état de l’art,TDS4.1,Identifier les différents types de systèmes,0,0.2799776495
communiquer-4.1,Résumer une méthode de l’état de l’art,TDS4.2,Calculer la réponse d’un système linéaire,0,0.2868296206
communiquer-4.1,Résumer une méthode de l’état de l’art,TDS4.3,Calculer une transformée de Laplace,0,0.3033609092
communiquer-4.1,Résumer une méthode de l’état de l’art,TDS4.4,Caractériser la réponse fréquentielle d’un système linéaire,0,0.3133798540
communiquer-4.1,Résumer une méthode de l’état de l’art,TDS5.1,synthétiser un filtre linéaire continu,0,0.3707843423
communiquer-4.1,Résumer une méthode de l’état de l’art,TDS6.1,Echantillonner un signal continu,0,0.2996235788
communiquer-4.1,Résumer une méthode de l’état de l’art,TDS7.1,Calculer une représentation fréquentielle d’un signal discret,0,0.3015407920
communiquer-4.1,Résumer une méthode de l’état de l’art,TDS8.1,Caractériser un système linéaire discret,0,0.3043092489
communiquer-4.1,Résumer une méthode de l’état de l’art,TDS8.2,Transiter d’une représentation temporelle à fréquentielle et inversement,0,0.3927817941
communiquer-4.1,Résumer une méthode de l’état de l’art,TDS8.3,Calculer une transformée en Z,0,0.2622191608
communiquer-4.1,Résumer une méthode de l’état de l’art,TDS9.1,Caractériser un filtre numérique,0,0.3272004426
communiquer-4.1,Résumer une méthode de l’état de l’art,TDS9.2,Identifier un filtre RIF ou RII,0,0.2473408580
communiquer-4.1,Résumer une méthode de l’état de l’art,TDS9.3,Synthétiser un filtre linéaire numérique,0,0.2940067649
communiquer-4.2,Adapter son discours au public,TDS1.1,Décomposer une chaine de traitement du signal,0,0.1647541076
communiquer-4.2,Adapter son discours au public,TDS1.2,Identifier les différents types de signaux,0,0.2245828956
communiquer-4.2,Adapter son discours au public,TDS1.3,Comparer deux signaux temporel avec une correlation,0,0.2027694881
communiquer-4.2,Adapter son discours au public,TDS2.1,Calculer une représentation fréquentielle des signaux,0,0.1823711693
communiquer-4.2,Adapter son discours au public,TDS4.1,Identifier les différents types de systèmes,0,0.0723852292
communiquer-4.2,Adapter son discours au public,TDS4.2,Calculer la réponse d’un système linéaire,0,0.1812593341
communiquer-4.2,Adapter son discours au public,TDS4.3,Calculer une transformée de Laplace,0,0.1896415502
communiquer-4.2,Adapter son discours au public,TDS4.4,Caractériser la réponse fréquentielle d’un système linéaire,0,0.1585492641
communiquer-4.2,Adapter son discours au public,TDS5.1,synthétiser un filtre linéaire continu,0,0.1909256577
communiquer-4.2,Adapter son discours au public,TDS6.1,Echantillonner un signal continu,0,0.2368314117
communiquer-4.2,Adapter son discours au public,TDS7.1,Calculer une représentation fréquentielle d’un signal discret,0,0.1404887438
communiquer-4.2,Adapter son discours au public,TDS8.1,Caractériser un système linéaire discret,0,0.1069637537
communiquer-4.2,Adapter son discours au public,TDS8.2,Transiter d’une représentation temporelle à fréquentielle et inversement,0,0.2539449632
communiquer-4.2,Adapter son discours au public,TDS8.3,Calculer une transformée en Z,0,0.1009847894
communiquer-4.2,Adapter son discours au public,TDS9.1,Caractériser un filtre numérique,0,0.0908267498
communiquer-4.2,Adapter son discours au public,TDS9.2,Identifier un filtre RIF ou RII,0,0.1038511321
communiquer-4.2,Adapter son discours au public,TDS9.3,Synthétiser un filtre linéaire numérique,0,0.1825213134
communiquer-4.3,Organiser la parole au sein d’un groupe,TDS1.1,Décomposer une chaine de traitement du signal,0,0.2963064909
communiquer-4.3,Organiser la parole au sein d’un groupe,TDS1.2,Identifier les différents types de signaux,0,0.2311766148
communiquer-4.3,Organiser la parole au sein d’un groupe,TDS1.3,Comparer deux signaux temporel avec une correlation,0,0.1855680346
communiquer-4.3,Organiser la parole au sein d’un groupe,TDS2.1,Calculer une représentation fréquentielle des signaux,0,0.2709404230
communiquer-4.3,Organiser la parole au sein d’un groupe,TDS4.1,Identifier les différents types de systèmes,0,0.2780149579
communiquer-4.3,Organiser la parole au sein d’un groupe,TDS4.2,Calculer la réponse d’un système linéaire,0,0.3428664207
communiquer-4.3,Organiser la parole au sein d’un groupe,TDS4.3,Calculer une transformée de Laplace,0,0.2840077877
communiquer-4.3,Organiser la parole au sein d’un groupe,TDS4.4,Caractériser la réponse fréquentielle d’un système linéaire,0,0.2726979852
communiquer-4.3,Organiser la parole au sein d’un groupe,TDS5.1,synthétiser un filtre linéaire continu,0,0.2501761913
communiquer-4.3,Organiser la parole au sein d’un groupe,TDS6.1,Echantillonner un signal continu,0,0.2537600696
communiquer-4.3,Organiser la parole au sein d’un groupe,TDS7.1,Calculer une représentation fréquentielle d’un signal discret,0,0.2377595156
communiquer-4.3,Organiser la parole au sein d’un groupe,TDS8.1,Caractériser un système linéaire discret,0,0.1781532466
communiquer-4.3,Organiser la parole au sein d’un groupe,TDS8.2,Transiter d’une représentation temporelle à fréquentielle et inversement,0,0.2838493586
communiquer-4.3,Organiser la parole au sein d’un groupe,TDS8.3,Calculer une transformée en Z,0,0.2278884351
communiquer-4.3,Organiser la parole au sein d’un groupe,TDS9.1,Caractériser un filtre numérique,0,0.0286266636
communiquer-4.3,Organiser la parole au sein d’un groupe,TDS9.2,Identifier un filtre RIF ou RII,0,-0.0251889303
communiquer-4.3,Organiser la parole au sein d’un groupe,TDS9.3,Synthétiser un filtre linéaire numérique,0,0.1892646253
communiquer-4.4,Convaincre son interlocuteur,TDS1.1,Décomposer une chaine de traitement du signal,0,0.0741446987
communiquer-4.4,Convaincre son interlocuteur,TDS1.2,Identifier les différents types de signaux,0,0.3202808499
communiquer-4.4,Convaincre son interlocuteur,TDS1.3,Comparer deux signaux temporel avec une correlation,0,0.3579721451
communiquer-4.4,Convaincre son interlocuteur,TDS2.1,Calculer une représentation fréquentielle des signaux,0,0.2360566854
communiquer-4.4,Convaincre son interlocuteur,TDS4.1,Identifier les différents types de systèmes,0,0.1064010933
communiquer-4.4,Convaincre son interlocuteur,TDS4.2,Calculer la réponse d’un système linéaire,0,0.2185452282
communiquer-4.4,Convaincre son interlocuteur,TDS4.3,Calculer une transformée de Laplace,0,0.0925456733
communiquer-4.4,Convaincre son interlocuteur,TDS4.4,Caractériser la réponse fréquentielle d’un système linéaire,0,0.1993773878
communiquer-4.4,Convaincre son interlocuteur,TDS5.1,synthétiser un filtre linéaire continu,0,0.1290827990
communiquer-4.4,Convaincre son interlocuteur,TDS6.1,Echantillonner un signal continu,0,0.2818421125
communiquer-4.4,Convaincre son interlocuteur,TDS7.1,Calculer une représentation fréquentielle d’un signal discret,0,0.2011314929
communiquer-4.4,Convaincre son interlocuteur,TDS8.1,Caractériser un système linéaire discret,0,0.1516959369
communiquer-4.4,Convaincre son interlocuteur,TDS8.2,Transiter d’une représentation temporelle à fréquentielle et inversement,0,0.1842827797
communiquer-4.4,Convaincre son interlocuteur,TDS8.3,Calculer une transformée en Z,0,0.0830966756
communiquer-4.4,Convaincre son interlocuteur,TDS9.1,Caractériser un filtre numérique,0,0.2571955621
communiquer-4.4,Convaincre son interlocuteur,TDS9.2,Identifier un filtre RIF ou RII,0,0.2195956111
communiquer-4.4,Convaincre son interlocuteur,TDS9.3,Synthétiser un filtre linéaire numérique,0,0.1645947695
