AC-ID,AC-TITLE,AAD-ID,AAD-TITLE,LABEL,MEAN-MAXSIM
specifier-1.1,Décrire les types de données en entrée et sortie de chaque composant,PROGAV-33-1,Implémenter un design pattern MVC,0,0.5200906992
specifier-1.1,Décrire les types de données en entrée et sortie de chaque composant,PROGAV-33-2,Utiliser la délégation d’événement,0,0.5130110979
specifier-1.1,Décrire les types de données en entrée et sortie de chaque composant,PROGAV-40-1,Sérialiser et désérialiser des objets,0,0.5289667845
specifier-1.1,Décrire les types de données en entrée et sortie de chaque composant,PROGAV-40-2,Prendre en compte la sensibilité des données,0,0.5448709130
specifier-1.1,Décrire les types de données en entrée et sortie de chaque composant,PROGAV-51-1,Choisir les types,0,0.5629113913
specifier-1.1,Décrire les types de données en entrée et sortie de chaque composant,PROGAV-51-2,Définir des types,0,0.5703032017
specifier-1.1,Décrire les types de données en entrée et sortie de chaque composant,PROGAV-51-3,Créer une classe,0,0.5279852152
specifier-1.1,Décrire les types de données en entrée et sortie de chaque composant,PROGAV-51-4,Gérer l’instanciation/destruction d’un objet,0,0.4990087152
specifier-1.1,Décrire les types de données en entrée et sortie de chaque composant,PROGAV-51-5,Gérer la visibilité des membres,0,0.5256087780
specifier-1.1,Décrire les types de données en entrée et sortie de chaque composant,PROGAV-51-6,Utiliser l’attribut this et les constructeurs this,0,0.5166715384
specifier-1.1,Décrire les types de données en entrée et sortie de chaque composant,PROGAV-51-7,Créer/Utiliser des membres d’instances/classes,0,0.5079243779
specifier-1.1,Décrire les types de données en entrée et sortie de chaque composant,PROGAV-51-8,Organiser le développement,0,0.5377712250
specifier-1.1,Décrire les types de données en entrée et sortie de chaque composant,PROGAV-51-9,Compiler du code java avec et sans bibliothèques,0,0.4811745286
specifier-1.1,Décrire les types de données en entrée et sortie de chaque composant,PROGAV-51-10,Exécuter du code java avec et sans bibliothèque,0,0.4871505499
specifier-1.1,Décrire les types de données en entrée et sortie de chaque composant,PROGAV-51-11,Créer et manipuler des types énumérés,0,0.5460836291
specifier-1.1,Décrire les types de données en entrée et sortie de chaque composant,PROGAV-51-12,Gestion de l’héritage,0,0.5182523727
specifier-1.1,Décrire les types de données en entrée et sortie de chaque composant,PROGAV-51-13,Choisir la composition ou l’héritage,0,0.5020699501
specifier-1.1,Décrire les types de données en entrée et sortie de chaque composant,PROGAV-51-14,Gérer le polymorphisme,0,0.5357444882
specifier-1.1,Décrire les types de données en entrée et sortie de chaque composant,PROGAV-51-15,Manipuler super en attribut et en constructeur,0,0.5268619061
specifier-1.1,Décrire les types de données en entrée et sortie de chaque composant,PROGAV-51-16,Utiliser des classes abstraites ou des interfaces,0,0.5201280117
specifier-1.1,Décrire les types de données en entrée et sortie de chaque composant,PROGAV-51-17,Créer des classes de données simple,0,0.5587683916
specifier-1.1,Décrire les types de données en entrée et sortie de chaque composant,PROGAV-51-18,Mettre en place une gestion/nomenclature d’erreur,0,0.4938194752
specifier-1.1,Décrire les types de données en entrée et sortie de chaque composant,PROGAV-51-19,Lancer/Propager/Attraper des exceptions,0,0.5187160969
specifier-1.1,Décrire les types de données en entrée et sortie de chaque composant,PROGAV-51-20,Expliciter les exceptions,0,0.5465416908
specifier-1.1,Décrire les types de données en entrée et sortie de chaque composant,PROGAV-51-21,Comprendre l’introspection,0,0.5262039304
specifier-1.1,Décrire les types de données en entrée et sortie de chaque composant,PROGAV-51-22,Utiliser l’introspection,0,0.5373457074
specifier-1.1,Décrire les types de données en entrée et sortie de chaque composant,PROGAV-51-23,Concevoir une interface graphique,0,0.5332118273
specifier-1.1,Décrire les types de données en entrée et sortie de chaque composant,PROGAV-52-1,Choisir le bon type de collection,0,0.5211338401
specifier-1.1,Décrire les types de données en entrée et sortie de chaque composant,PROGAV-53-1,Utiliser la Généricité,0,0.5172491074
specifier-1.1,Décrire les types de données en entrée et sortie de chaque composant,PROGAV-53-2,Créer des types génériques,0,0.5482875109
specifier-1.1,Décrire les types de données en entrée et sortie de chaque composant,PROGAV-53-3,Créer des méthodes génériques,0,0.5272200704
specifier-1.1,Décrire les types de données en entrée et sortie de chaque composant,PROGAV-53-4,Utiliser des lambdas expressions,0,0.5167419910
specifier-1.1,Décrire les types de données en entrée et sortie de chaque composant,PROGAV-53-5,Comprendre le fct des Stream de données,0,0.5549832582
specifier-1.1,Décrire les types de données en entrée et sortie de chaque composant,PROGAV-53-22,Créer des classes/interfaces incomplètes,0,0.5053449869
specifier-1.1,Décrire les types de données en entrée et sortie de chaque composant,PROGAV-54-3,Utiliser les IO,0,0.5300397873
specifier-1.1,Décrire les types de données en entrée et sortie de chaque composant,PROGAV-54-4,Utiliser les flux standards,0,0.5587350726
specifier-1.1,Décrire les types de données en entrée et sortie de chaque composant,PROGAV-61-1,Création de tests unitaires,0,0.5225916505
specifier-1.1,Décrire les types de données en entrée et sortie de chaque composant,PROGAV-61-2,Utiliser la notion de contrats simples et combinés,0,0.5079011917
specifier-1.1,Décrire les types de données en entrée et sortie de chaque composant,PROGAV-61-3,Créer des fixtures,0,0.5378322601
specifier-1.1,Décrire les types de données en entrée et sortie de chaque composant,PROGAV-61-4,Créer et utiliser les suites de tests,0,0.5044418573
specifier-1.2,Décomposer et organiser un processus,PROGAV-33-1,Implémenter un design pattern MVC,0,0.5453253984
specifier-1.2,Décomposer et organiser un processus,PROGAV-33-2,Utiliser la délégation d’événement,0,0.5464869142
specifier-1.2,Décomposer et organiser un processus,PROGAV-40-1,Sérialiser et désérialiser des objets,0,0.5604045391
specifier-1.2,Décomposer et organiser un processus,PROGAV-40-2,Prendre en compte la sensibilité des données,0,0.5331203341
specifier-1.2,Décomposer et organiser un processus,PROGAV-51-1,Choisir les types,0,0.5506989956
specifier-1.2,Décomposer et organiser un processus,PROGAV-51-2,Définir des types,0,0.5610249043
specifier-1.2,Décomposer et organiser un processus,PROGAV-51-3,Créer une classe,0,0.5563099980
specifier-1.2,Décomposer et organiser un processus,PROGAV-51-4,Gérer l’instanciation/destruction d’un objet,0,0.5597130060
specifier-1.2,Décomposer et organiser un processus,PROGAV-51-5,Gérer la visibilité des membres,0,0.5466204882
specifier-1.2,Décomposer et organiser un processus,PROGAV-51-6,Utiliser l’attribut this et les constructeurs this,0,0.5204714537
specifier-1.2,Décomposer et organiser un processus,PROGAV-51-7,Créer/Utiliser des membres d’instances/classes,0,0.5282554030
specifier-1.2,Décomposer et organiser un processus,PROGAV-51-8,Organiser le développement,0,0.6409705877
specifier-1.2,Décomposer et organiser un processus,PROGAV-51-9,Compiler du code java avec et sans bibliothèques,0,0.4991373420
specifier-1.2,Décomposer et organiser un processus,PROGAV-51-10,Exécuter du code java avec et sans bibliothèque,0,0.5049757957
specifier-1.2,Décomposer et organiser un processus,PROGAV-51-11,Créer et manipuler des types énumérés,0,0.5643557310
specifier-1.2,Décomposer et organiser un processus,PROGAV-51-12,Gestion de l’héritage,0,0.5599739552
specifier-1.2,Décomposer et organiser un processus,PROGAV-51-13,Choisir la composition ou l’héritage,0,0.5306644440
specifier-1.2,Décomposer et organiser un processus,PROGAV-51-14,Gérer le polymorphisme,0,0.5749822855
specifier-1.2,Décomposer et organiser un processus,PROGAV-51-15,Manipuler super en attribut et en constructeur,0,0.5481429696
specifier-1.2,Décomposer et organiser un processus,PROGAV-51-16,Utiliser des classes abstraites ou des interfaces,0,0.5351626873
specifier-1.2,Décomposer et organiser un processus,PROGAV-51-17,Créer des classes de données simple,0,0.5378131866
specifier-1.2,Décomposer et organiser un processus,PROGAV-51-18,Mettre en place une gestion/nomenclature d’erreur,0,0.5418958068
specifier-1.2,Décomposer et organiser un processus,PROGAV-51-19,Lancer/Propager/Attraper des exceptions,0,0.5419019461
specifier-1.2,Décomposer et organiser un processus,PROGAV-51-20,Expliciter les exceptions,0,0.5651084185
specifier-1.2,Décomposer et organiser un processus,PROGAV-51-21,Comprendre l’introspection,0,0.5559156537
specifier-1.2,Décomposer et organiser un processus,PROGAV-51-22,Utiliser l’introspection,0,0.5680236816
specifier-1.2,Décomposer et organiser un processus,PROGAV-51-23,Concevoir une interface graphique,0,0.5556889772
specifier-1.2,Décomposer et organiser un processus,PROGAV-52-1,Choisir le bon type de collection,0,0.5215778351
specifier-1.2,Décomposer et organiser un processus,PROGAV-53-1,Utiliser la Généricité,0,0.5488014221
specifier-1.2,Décomposer et organiser un processus,PROGAV-53-2,Créer des types génériques,0,0.5500838757
specifier-1.2,Décomposer et organiser un processus,PROGAV-53-3,Créer des méthodes génériques,0,0.5716181993
specifier-1.2,Décomposer et organiser un processus,PROGAV-53-4,Utiliser des lambdas expressions,0,0.5365867615
specifier-1.2,Décomposer et organiser un processus,PROGAV-53-5,Comprendre le fct des Stream de données,0,0.5262622833
specifier-1.2,Décomposer et organiser un processus,PROGAV-53-22,Créer des classes/interfaces incomplètes,0,0.5305783153
specifier-1.2,Décomposer et organiser un processus,PROGAV-54-3,Utiliser les IO,0,0.5506535769
specifier-1.2,Décomposer et organiser un processus,PROGAV-54-4,Utiliser les flux standards,0,0.5667275190
specifier-1.2,Décomposer et organiser un processus,PROGAV-61-1,Création de tests unitaires,0,0.5407893062
specifier-1.2,Décomposer et organiser un processus,PROGAV-61-2,Utiliser la notion de contrats simples et combinés,0,0.5337363482
specifier-1.2,Décomposer et organiser un processus,PROGAV-61-3,Créer des fixtures,0,0.5636452436
specifier-1.2,Décomposer et organiser un processus,PROGAV-61-4,Créer et utiliser les suites de tests,0,0.5260329247
specifier-1.3,Utiliser un langage formel,PROGAV-33-1,Implémenter un design pattern MVC,0,0.5582900047
specifier-1.3,Utiliser un langage formel,PROGAV-33-2,Utiliser la délégation d’événement,0,0.5784620047
specifier-1.3,Utiliser un langage formel,PROGAV-40-1,Sérialiser et désérialiser des objets,0,0.5531476140
specifier-1.3,Utiliser un langage formel,PROGAV-40-2,Prendre en compte la sensibilité des données,0,0.5390623808
specifier-1.3,Utiliser un langage formel,PROGAV-51-1,Choisir les types,0,0.5561147332
specifier-1.3,Utiliser un langage formel,PROGAV-51-2,Définir des types,0,0.5603924990
specifier-1.3,Utiliser un langage formel,PROGAV-51-3,Créer une classe,0,0.5751549006
specifier-1.3,Utiliser un langage formel,PROGAV-51-4,Gérer l’instanciation/destruction d’un objet,0,0.5267389417
specifier-1.3,Utiliser un langage formel,PROGAV-51-5,Gérer la visibilité des membres,0,0.5387603045
specifier-1.3,Utiliser un langage formel,PROGAV-51-6,Utiliser l’attribut this et les constructeurs this,0,0.5643159151
specifier-1.3,Utiliser un langage formel,PROGAV-51-7,Créer/Utiliser des membres d’instances/classes,0,0.5635251999
specifier-1.3,Utiliser un langage formel,PROGAV-51-8,Organiser le développement,0,0.5597432256
specifier-1.3,Utiliser un langage formel,PROGAV-51-9,Compiler du code java avec et sans bibliothèques,0,0.5227767825
specifier-1.3,Utiliser un langage formel,PROGAV-51-10,Exécuter du code java avec et sans bibliothèque,0,0.5243405104
specifier-1.3,Utiliser un langage formel,PROGAV-51-11,Créer et manipuler des types énumérés,0,0.5546461344
specifier-1.3,Utiliser un langage formel,PROGAV-51-12,Gestion de l’héritage,0,0.5445792675
specifier-1.3,Utiliser un langage formel,PROGAV-51-13,Choisir la composition ou l’héritage,0,0.5276638865
specifier-1.3,Utiliser un langage formel,PROGAV-51-14,Gérer le polymorphisme,0,0.5588470101
specifier-1.3,Utiliser un langage formel,PROGAV-51-15,Manipuler super en attribut et en constructeur,0,0.5479931831
specifier-1.3,Utiliser un langage formel,PROGAV-51-16,Utiliser des classes abstraites ou des interfaces,0,0.5811825991
specifier-1.3,Utiliser un langage formel,PROGAV-51-17,Créer des classes de données simple,0,0.5560556650
specifier-1.3,Utiliser un langage formel,PROGAV-51-18,Mettre en place une gestion/nomenclature d’erreur,0,0.5326869488
specifier-1.3,Utiliser un langage formel,PROGAV-51-19,Lancer/Propager/Attraper des exceptions,0,0.5461925268
specifier-1.3,Utiliser un langage formel,PROGAV-51-20,Expliciter les exceptions,0,0.5739392638
specifier-1.3,Utiliser un langage formel,PROGAV-51-21,Comprendre l’introspection,0,0.5504825115
specifier-1.3,Utiliser un langage formel,PROGAV-51-22,Utiliser l’introspection,0,0.6198883653
specifier-1.3,Utiliser un langage formel,PROGAV-51-23,Concevoir une interface graphique,0,0.5590501428
specifier-1.3,Utiliser un langage formel,PROGAV-52-1,Choisir le bon type de collection,0,0.5314114094
specifier-1.3,Utiliser un langage formel,PROGAV-53-1,Utiliser la Généricité,0,0.6010992527
specifier-1.3,Utiliser un langage formel,PROGAV-53-2,Créer des types génériques,0,0.5619953871
specifier-1.3,Utiliser un langage formel,PROGAV-53-3,Créer des méthodes génériques,0,0.5774981976
specifier-1.3,Utiliser un langage formel,PROGAV-53-4,Utiliser des lambdas expressions,0,0.6019216776
specifier-1.3,Utiliser un langage formel,PROGAV-53-5,Comprendre le fct des Stream de données,0,0.5270618200
specifier-1.3,Utiliser un langage formel,PROGAV-53-22,Créer des classes/interfaces incomplètes,0,0.5437585711
specifier-1.3,Utiliser un langage formel,PROGAV-54-3,Utiliser les IO,0,0.5983214974
specifier-1.3,Utiliser un langage formel,PROGAV-54-4,Utiliser les flux standards,0,0.6099244356
specifier-1.3,Utiliser un langage formel,PROGAV-61-1,Création de tests unitaires,0,0.5360611677
specifier-1.3,Utiliser un langage formel,PROGAV-61-2,Utiliser la notion de contrats simples et combinés,0,0.5760273933
specifier-1.3,Utiliser un langage formel,PROGAV-61-3,Créer des fixtures,0,0.5632440448
specifier-1.3,Utiliser un langage formel,PROGAV-61-4,Créer et utiliser les suites de tests,0,0.5489522219
specifier-2.1,Analyser la demande,PROGAV-33-1,Implémenter un design pattern MVC,0,0.5360877514
specifier-2.1,Analyser la demande,PROGAV-33-2,Utiliser la délégation d’événement,0,0.5399373174
specifier-2.1,Analyser la demande,PROGAV-40-1,Sérialiser et désérialiser des objets,0,0.5451304317
specifier-2.1,Analyser la demande,PROGAV-40-2,Prendre en compte la sensibilité des données,0,0.5529277325
specifier-2.1,Analyser la demande,PROGAV-51-1,Choisir les types,0,0.5472332239
specifier-2.1,Analyser la demande,PROGAV-51-2,Définir des types,0,0.5439793468
specifier-2.1,Analyser la demande,PROGAV-51-3,Créer une classe,0,0.5397491455
specifier-2.1,Analyser la demande,PROGAV-51-4,Gérer l’instanciation/destruction d’un objet,0,0.5223494172
specifier-2.1,Analyser la demande,PROGAV-51-5,Gérer la visibilité des membres,0,0.5424947739
specifier-2.1,Analyser la demande,PROGAV-51-6,Utiliser l’attribut this et les constructeurs this,0,0.5214982033
specifier-2.1,Analyser la demande,PROGAV-51-7,Créer/Utiliser des membres d’instances/classes,0,0.5172462463
specifier-2.1,Analyser la demande,PROGAV-51-8,Organiser le développement,0,0.5577734113
specifier-2.1,Analyser la demande,PROGAV-51-9,Compiler du code java avec et sans bibliothèques,0,0.5030230284
specifier-2.1,Analyser la demande,PROGAV-51-10,Exécuter du code java avec et sans bibliothèque,0,0.5104148984
specifier-2.1,Analyser la demande,PROGAV-51-11,Créer et manipuler des types énumérés,0,0.5376291871
specifier-2.1,Analyser la demande,PROGAV-51-12,Gestion de l’héritage,0,0.5513235927
specifier-2.1,Analyser la demande,PROGAV-51-13,Choisir la composition ou l’héritage,0,0.5142312646
specifier-2.1,Analyser la demande,PROGAV-51-14,Gérer le polymorphisme,0,0.5485002995
specifier-2.1,Analyser la demande,PROGAV-51-15,Manipuler super en attribut et en constructeur,0,0.5434139967
specifier-2.1,Analyser la demande,PROGAV-51-16,Utiliser des classes abstraites ou des interfaces,0,0.5353934765
specifier-2.1,Analyser la demande,PROGAV-51-17,Créer des classes de données simple,0,0.5356023312
specifier-2.1,Analyser la demande,PROGAV-51-18,Mettre en place une gestion/nomenclature d’erreur,0,0.5197375417
specifier-2.1,Analyser la demande,PROGAV-51-19,Lancer/Propager/Attraper des exceptions,0,0.5412370563
specifier-2.1,Analyser la demande,PROGAV-51-20,Expliciter les exceptions,0,0.5650906563
specifier-2.1,Analyser la demande,PROGAV-51-21,Comprendre l’introspection,0,0.5514321923
specifier-2.1,Analyser la demande,PROGAV-51-22,Utiliser l’introspection,0,0.5674146414
specifier-2.1,Analyser la demande,PROGAV-51-23,Concevoir une interface graphique,0,0.5433645248
specifier-2.1,Analyser la demande,PROGAV-52-1,Choisir le bon type de collection,0,0.5246776938
specifier-2.1,Analyser la demande,PROGAV-53-1,Utiliser la Généricité,0,0.5511821508
specifier-2.1,Analyser la demande,PROGAV-53-2,Créer des types génériques,0,0.5389563441
specifier-2.1,Analyser la demande,PROGAV-53-3,Créer des méthodes génériques,0,0.5417956114
specifier-2.1,Analyser la demande,PROGAV-53-4,Utiliser des lambdas expressions,0,0.5480417609
specifier-2.1,Analyser la demande,PROGAV-53-5,Comprendre le fct des Stream de données,0,0.5324891806
specifier-2.1,Analyser la demande,PROGAV-53-22,Créer des classes/interfaces incomplètes,0,0.5237375498
specifier-2.1,Analyser la demande,PROGAV-54-3,Utiliser les IO,0,0.5527348518
specifier-2.1,Analyser la demande,PROGAV-54-4,Utiliser les flux standards,0,0.5732724667
specifier-2.1,Analyser la demande,PROGAV-61-1,Création de tests unitaires,0,0.5340530872
specifier-2.1,Analyser la demande,PROGAV-61-2,Utiliser la notion de contrats simples et combinés,0,0.5372294188
specifier-2.1,Analyser la demande,PROGAV-61-3,Créer des fixtures,0,0.5378134251
specifier-2.1,Analyser la demande,PROGAV-61-4,Créer et utiliser les suites de tests,0,0.5166506171
specifier-2.2,Définir des cas d’utilisation,PROGAV-33-1,Implémenter un design pattern MVC,0,0.5260644555
specifier-2.2,Définir des cas d’utilisation,PROGAV-33-2,Utiliser la délégation d’événement,0,0.5684397817
specifier-2.2,Définir des cas d’utilisation,PROGAV-40-1,Sérialiser et désérialiser des objets,0,0.5376011133
specifier-2.2,Définir des cas d’utilisation,PROGAV-40-2,Prendre en compte la sensibilité des données,0,0.5291466713
specifier-2.2,Définir des cas d’utilisation,PROGAV-51-1,Choisir les types,0,0.5462079644
specifier-2.2,Définir des cas d’utilisation,PROGAV-51-2,Définir des types,0,0.5948595405
specifier-2.2,Définir des cas d’utilisation,PROGAV-51-3,Créer une classe,0,0.5405825377
specifier-2.2,Définir des cas d’utilisation,PROGAV-51-4,Gérer l’instanciation/destruction d’un objet,0,0.5132162571
specifier-2.2,Définir des cas d’utilisation,PROGAV-51-5,Gérer la visibilité des membres,0,0.5293180943
specifier-2.2,Définir des cas d’utilisation,PROGAV-51-6,Utiliser l’attribut this et les constructeurs this,0,0.5493311882
specifier-2.2,Définir des cas d’utilisation,PROGAV-51-7,Créer/Utiliser des membres d’instances/classes,0,0.5450963974
specifier-2.2,Définir des cas d’utilisation,PROGAV-51-8,Organiser le développement,0,0.5468196273
specifier-2.2,Définir des cas d’utilisation,PROGAV-51-9,Compiler du code java avec et sans bibliothèques,0,0.4932873249
specifier-2.2,Définir des cas d’utilisation,PROGAV-51-10,Exécuter du code java avec et sans bibliothèque,0,0.5013544559
specifier-2.2,Définir des cas d’utilisation,PROGAV-51-11,Créer et manipuler des types énumérés,0,0.5311036110
specifier-2.2,Définir des cas d’utilisation,PROGAV-51-12,Gestion de l’héritage,0,0.5379791260
specifier-2.2,Définir des cas d’utilisation,PROGAV-51-13,Choisir la composition ou l’héritage,0,0.5127527714
specifier-2.2,Définir des cas d’utilisation,PROGAV-51-14,Gérer le polymorphisme,0,0.5369904637
specifier-2.2,Définir des cas d’utilisation,PROGAV-51-15,Manipuler super en attribut et en constructeur,0,0.5357736945
specifier-2.2,Définir des cas d’utilisation,PROGAV-51-16,Utiliser des classes abstraites ou des interfaces,0,0.5645511746
specifier-2.2,Définir des cas d’utilisation,PROGAV-51-17,Créer des classes de données simple,0,0.5310785770
specifier-2.2,Définir des cas d’utilisation,PROGAV-51-18,Mettre en place une gestion/nomenclature d’erreur,0,0.5088837743
specifier-2.2,Définir des cas d’utilisation,PROGAV-51-19,Lancer/Propager/Attraper des exceptions,0,0.5516440868
specifier-2.2,Définir des cas d’utilisation,PROGAV-51-20,Expliciter les exceptions,0,0.5801663995
specifier-2.2,Définir des cas d’utilisation,PROGAV-51-21,Comprendre l’introspection,0,0.5443988442
specifier-2.2,Définir des cas d’utilisation,PROGAV-51-22,Utiliser l’introspection,0,0.6057039499
specifier-2.2,Définir des cas d’utilisation,PROGAV-51-23,Concevoir une interface graphique,0,0.5388573408
specifier-2.2,Définir des cas d’utilisation,PROGAV-52-1,Choisir le bon type de collection,0,0.5165637732
specifier-2.2,Définir des cas d’utilisation,PROGAV-53-1,Utiliser la Généricité,0,0.5885813236
specifier-2.2,Définir des cas d’utilisation,PROGAV-53-2,Créer des types génériques,0,0.5400682688
specifier-2.2,Définir des cas d’utilisation,PROGAV-53-3,Créer des méthodes génériques,0,0.5467154980
specifier-2.2,Définir des cas d’utilisation,PROGAV-53-4,Utiliser des lambdas expressions,0,0.5739191175
specifier-2.2,Définir des cas d’utilisation,PROGAV-53-5,Comprendre le fct des Stream de données,0,0.5167650580
specifier-2.2,Définir des cas d’utilisation,PROGAV-53-22,Créer des classes/interfaces incomplètes,0,0.5212799311
specifier-2.2,Définir des cas d’utilisation,PROGAV-54-3,Utiliser les IO,0,0.5817089677
specifier-2.2,Définir des cas d’utilisation,PROGAV-54-4,Utiliser les flux standards,0,0.5897318125
specifier-2.2,Définir des cas d’utilisation,PROGAV-61-1,Création de tests unitaires,0,0.5314314961
specifier-2.2,Définir des cas d’utilisation,PROGAV-61-2,Utiliser la notion de contrats simples et combinés,0,0.5588949919
specifier-2.2,Définir des cas d’utilisation,PROGAV-61-3,Créer des fixtures,0,0.5449815392
specifier-2.2,Définir des cas d’utilisation,PROGAV-61-4,Créer et utiliser les suites de tests,0,0.5393773913
specifier-2.3,Caractériser l’utilisation des données au regard du RGPD,PROGAV-33-1,Implémenter un design pattern MVC,0,0.5145400763
specifier-2.3,Caractériser l’utilisation des données au regard du RGPD,PROGAV-33-2,Utiliser la délégation d’événement,0,0.5462228060
specifier-2.3,Caractériser l’utilisation des données au regard du RGPD,PROGAV-40-1,Sérialiser et désérialiser des objets,0,0.5280597210
specifier-2.3,Caractériser l’utilisation des données au regard du RGPD,PROGAV-40-2,Prendre en compte la sensibilité des données,0,0.5626434088
specifier-2.3,Caractériser l’utilisation des données au regard du RGPD,PROGAV-51-1,Choisir les types,0,0.5318924189
specifier-2.3,Caractériser l’utilisation des données au regard du RGPD,PROGAV-51-2,Définir des types,0,0.5483322144
specifier-2.3,Caractériser l’utilisation des données au regard du RGPD,PROGAV-51-3,Créer une classe,0,0.5385457277
specifier-2.3,Caractériser l’utilisation des données au regard du RGPD,PROGAV-51-4,Gérer l’instanciation/destruction d’un objet,0,0.5045291185
specifier-2.3,Caractériser l’utilisation des données au regard du RGPD,PROGAV-51-5,Gérer la visibilité des membres,0,0.5279989839
specifier-2.3,Caractériser l’utilisation des données au regard du RGPD,PROGAV-51-6,Utiliser l’attribut this et les constructeurs this,0,0.5302941203
specifier-2.3,Caractériser l’utilisation des données au regard du RGPD,PROGAV-51-7,Créer/Utiliser des membres d’instances/classes,0,0.5185722709
specifier-2.3,Caractériser l’utilisation des données au regard du RGPD,PROGAV-51-8,Organiser le développement,0,0.5446180105
specifier-2.3,Caractériser l’utilisation des données au regard du RGPD,PROGAV-51-9,Compiler du code java avec et sans bibliothèques,0,0.4810917377
specifier-2.3,Caractériser l’utilisation des données au regard du RGPD,PROGAV-51-10,Exécuter du code java avec et sans bibliothèque,0,0.4886142612
specifier-2.3,Caractériser l’utilisation des données au regard du RGPD,PROGAV-51-11,Créer et manipuler des types énumérés,0,0.5200442076
specifier-2.3,Caractériser l’utilisation des données au regard du RGPD,PROGAV-51-12,Gestion de l’héritage,0,0.5338824391
specifier-2.3,Caractériser l’utilisation des données au regard du RGPD,PROGAV-51-13,Choisir la composition ou l’héritage,0,0.4990180731
specifier-2.3,Caractériser l’utilisation des données au regard du RGPD,PROGAV-51-14,Gérer le polymorphisme,0,0.5343142152
specifier-2.3,Caractériser l’utilisation des données au regard du RGPD,PROGAV-51-15,Manipuler super en attribut et en constructeur,0,0.5295403004
specifier-2.3,Caractériser l’utilisation des données au regard du RGPD,PROGAV-51-16,Utiliser des classes abstraites ou des interfaces,0,0.5352511406
specifier-2.3,Caractériser l’utilisation des données au regard du RGPD,PROGAV-51-17,Créer des classes de données simple,0,0.5423064828
specifier-2.3,Caractériser l’utilisation des données au regard du RGPD,PROGAV-51-18,Mettre en place une gestion/nomenclature d’erreur,0,0.5017436743
specifier-2.3,Caractériser l’utilisation des données au regard du RGPD,PROGAV-51-19,Lancer/Propager/Attraper des exceptions,0,0.5186523199
specifier-2.3,Caractériser l’utilisation des données au regard du RGPD,PROGAV-51-20,Expliciter les exceptions,0,0.5521284342
specifier-2.3,Caractériser l’utilisation des données au regard du RGPD,PROGAV-51-21,Comprendre l’introspection,0,0.5341770649
specifier-2.3,Caractériser l’utilisation des données au regard du RGPD,PROGAV-51-22,Utiliser l’introspection,0,0.5899963379
specifier-2.3,Caractériser l’utilisation des données au regard du RGPD,PROGAV-51-23,Concevoir une interface graphique,0,0.5348338485
specifier-2.3,Caractériser l’utilisation des données au regard du RGPD,PROGAV-52-1,Choisir le bon type de collection,0,0.5077892542
specifier-2.3,Caractériser l’utilisation des données au regard du RGPD,PROGAV-53-1,Utiliser la Généricité,0,0.5724416971
specifier-2.3,Caractériser l’utilisation des données au regard du RGPD,PROGAV-53-2,Créer des types génériques,0,0.5265724063
specifier-2.3,Caractériser l’utilisation des données au regard du RGPD,PROGAV-53-3,Créer des méthodes génériques,0,0.5261554718
specifier-2.3,Caractériser l’utilisation des données au regard du RGPD,PROGAV-53-4,Utiliser des lambdas expressions,0,0.5440315604
specifier-2.3,Caractériser l’utilisation des données au regard du RGPD,PROGAV-53-5,Comprendre le fct des Stream de données,0,0.5357286930
specifier-2.3,Caractériser l’utilisation des données au regard du RGPD,PROGAV-53-22,Créer des classes/interfaces incomplètes,0,0.5084121823
specifier-2.3,Caractériser l’utilisation des données au regard du RGPD,PROGAV-54-3,Utiliser les IO,0,0.5668362379
specifier-2.3,Caractériser l’utilisation des données au regard du RGPD,PROGAV-54-4,Utiliser les flux standards,0,0.5778348446
specifier-2.3,Caractériser l’utilisation des données au regard du RGPD,PROGAV-61-1,Création de tests unitaires,0,0.5170170069
specifier-2.3,Caractériser l’utilisation des données au regard du RGPD,PROGAV-61-2,Utiliser la notion de contrats simples et combinés,0,0.5305033922
specifier-2.3,Caractériser l’utilisation des données au regard du RGPD,PROGAV-61-3,Créer des fixtures,0,0.5272036791
specifier-2.3,Caractériser l’utilisation des données au regard du RGPD,PROGAV-61-4,Créer et utiliser les suites de tests,0,0.5133315325
specifier-3.1,Discriminer et hiérarchiser les demandes,PROGAV-33-1,Implémenter un design pattern MVC,0,0.5292689204
specifier-3.1,Discriminer et hiérarchiser les demandes,PROGAV-33-2,Utiliser la délégation d’événement,0,0.5349485278
specifier-3.1,Discriminer et hiérarchiser les demandes,PROGAV-40-1,Sérialiser et désérialiser des objets,0,0.5493363142
specifier-3.1,Discriminer et hiérarchiser les demandes,PROGAV-40-2,Prendre en compte la sensibilité des données,0,0.5423691273
specifier-3.1,Discriminer et hiérarchiser les demandes,PROGAV-51-1,Choisir les types,0,0.5590941906
specifier-3.1,Discriminer et hiérarchiser les demandes,PROGAV-51-2,Définir des types,0,0.5585730672
specifier-3.1,Discriminer et hiérarchiser les demandes,PROGAV-51-3,Créer une classe,0,0.5379883051
specifier-3.1,Discriminer et hiérarchiser les demandes,PROGAV-51-4,Gérer l’instanciation/destruction d’un objet,0,0.5261385441
specifier-3.1,Discriminer et hiérarchiser les demandes,PROGAV-51-5,Gérer la visibilité des membres,0,0.5477278829
specifier-3.1,Discriminer et hiérarchiser les demandes,PROGAV-51-6,Utiliser l’attribut this et les constructeurs this,0,0.5175305605
specifier-3.1,Discriminer et hiérarchiser les demandes,PROGAV-51-7,Créer/Utiliser des membres d’instances/classes,0,0.5122320652
specifier-3.1,Discriminer et hiérarchiser les demandes,PROGAV-51-8,Organiser le développement,0,0.5674594045
specifier-3.1,Discriminer et hiérarchiser les demandes,PROGAV-51-9,Compiler du code java avec et sans bibliothèques,0,0.4944002628
specifier-3.1,Discriminer et hiérarchiser les demandes,PROGAV-51-10,Exécuter du code java avec et sans bibliothèque,0,0.5015083551
specifier-3.1,Discriminer et hiérarchiser les demandes,PROGAV-51-11,Créer et manipuler des types énumérés,0,0.5429841280
specifier-3.1,Discriminer et hiérarchiser les demandes,PROGAV-51-12,Gestion de l’héritage,0,0.5525561571
specifier-3.1,Discriminer et hiérarchiser les demandes,PROGAV-51-13,Choisir la composition ou l’héritage,0,0.5138915777
specifier-3.1,Discriminer et hiérarchiser les demandes,PROGAV-51-14,Gérer le polymorphisme,0,0.5634522438
specifier-3.1,Discriminer et hiérarchiser les demandes,PROGAV-51-15,Manipuler super en attribut et en constructeur,0,0.5383172631
specifier-3.1,Discriminer et hiérarchiser les demandes,PROGAV-51-16,Utiliser des classes abstraites ou des interfaces,0,0.5344920158
specifier-3.1,Discriminer et hiérarchiser les demandes,PROGAV-51-17,Créer des classes de données simple,0,0.5277876258
specifier-3.1,Discriminer et hiérarchiser les demandes,PROGAV-51-18,Mettre en place une gestion/nomenclature d’erreur,0,0.5231103897
specifier-3.1,Discriminer et hiérarchiser les demandes,PROGAV-51-19,Lancer/Propager/Attraper des exceptions,0,0.5435548425
specifier-3.1,Discriminer et hiérarchiser les demandes,PROGAV-51-20,Expliciter les exceptions,0,0.5796232820
specifier-3.1,Discriminer et hiérarchiser les demandes,PROGAV-51-21,Comprendre l’introspection,0,0.5420392752
specifier-3.1,Discriminer et hiérarchiser les demandes,PROGAV-51-22,Utiliser l’introspection,0,0.5576355457
specifier-3.1,Discriminer et hiérarchiser les demandes,PROGAV-51-23,Concevoir une interface graphique,0,0.5394361615
specifier-3.1,Discriminer et hiérarchiser les demandes,PROGAV-52-1,Choisir le bon type de collection,0,0.5263929367
specifier-3.1,Discriminer et hiérarchiser les demandes,PROGAV-53-1,Utiliser la Généricité,0,0.5397033691
specifier-3.1,Discriminer et hiérarchiser les demandes,PROGAV-53-2,Créer des types génériques,0,0.5414389372
specifier-3.1,Discriminer et hiérarchiser les demandes,PROGAV-53-3,Créer des méthodes génériques,0,0.5460374951
specifier-3.1,Discriminer et hiérarchiser les demandes,PROGAV-53-4,Utiliser des lambdas expressions,0,0.5372499228
specifier-3.1,Discriminer et hiérarchiser les demandes,PROGAV-53-5,Comprendre le fct des Stream de données,0,0.5167716146
specifier-3.1,Discriminer et hiérarchiser les demandes,PROGAV-53-22,Créer des classes/interfaces incomplètes,0,0.5168707371
specifier-3.1,Discriminer et hiérarchiser les demandes,PROGAV-54-3,Utiliser les IO,0,0.5442297459
specifier-3.1,Discriminer et hiérarchiser les demandes,PROGAV-54-4,Utiliser les flux standards,0,0.5549096465
specifier-3.1,Discriminer et hiérarchiser les demandes,PROGAV-61-1,Création de tests unitaires,0,0.5257743597
specifier-3.1,Discriminer et hiérarchiser les demandes,PROGAV-61-2,Utiliser la notion de contrats simples et combinés,0,0.5321377516
specifier-3.1,Discriminer et hiérarchiser les demandes,PROGAV-61-3,Créer des fixtures,0,0.5467335582
specifier-3.1,Discriminer et hiérarchiser les demandes,PROGAV-61-4,Créer et utiliser les suites de tests,0,0.5059508085
specifier-3.2,Définir la recette,PROGAV-33-1,Implémenter un design pattern MVC,0,0.5261349082
specifier-3.2,Définir la recette,PROGAV-33-2,Utiliser la délégation d’événement,0,0.5273745656
specifier-3.2,Définir la recette,PROGAV-40-1,Sérialiser et désérialiser des objets,0,0.5344926119
specifier-3.2,Définir la recette,PROGAV-40-2,Prendre en compte la sensibilité des données,0,0.5217621326
specifier-3.2,Définir la recette,PROGAV-51-1,Choisir les types,0,0.5372341275
specifier-3.2,Définir la recette,PROGAV-51-2,Définir des types,0,0.5847411752
specifier-3.2,Définir la recette,PROGAV-51-3,Créer une classe,0,0.5473213196
specifier-3.2,Définir la recette,PROGAV-51-4,Gérer l’instanciation/destruction d’un objet,0,0.5118686557
specifier-3.2,Définir la recette,PROGAV-51-5,Gérer la visibilité des membres,0,0.5231770277
specifier-3.2,Définir la recette,PROGAV-51-6,Utiliser l’attribut this et les constructeurs this,0,0.5135977268
specifier-3.2,Définir la recette,PROGAV-51-7,Créer/Utiliser des membres d’instances/classes,0,0.5096455812
specifier-3.2,Définir la recette,PROGAV-51-8,Organiser le développement,0,0.5504269004
specifier-3.2,Définir la recette,PROGAV-51-9,Compiler du code java avec et sans bibliothèques,0,0.4915162027
specifier-3.2,Définir la recette,PROGAV-51-10,Exécuter du code java avec et sans bibliothèque,0,0.4994436204
specifier-3.2,Définir la recette,PROGAV-51-11,Créer et manipuler des types énumérés,0,0.5291625857
specifier-3.2,Définir la recette,PROGAV-51-12,Gestion de l’héritage,0,0.5367306471
specifier-3.2,Définir la recette,PROGAV-51-13,Choisir la composition ou l’héritage,0,0.5151979923
specifier-3.2,Définir la recette,PROGAV-51-14,Gérer le polymorphisme,0,0.5397507548
specifier-3.2,Définir la recette,PROGAV-51-15,Manipuler super en attribut et en constructeur,0,0.5335887671
specifier-3.2,Définir la recette,PROGAV-51-16,Utiliser des classes abstraites ou des interfaces,0,0.5249642730
specifier-3.2,Définir la recette,PROGAV-51-17,Créer des classes de données simple,0,0.5227669477
specifier-3.2,Définir la recette,PROGAV-51-18,Mettre en place une gestion/nomenclature d’erreur,0,0.5081763864
specifier-3.2,Définir la recette,PROGAV-51-19,Lancer/Propager/Attraper des exceptions,0,0.5262660980
specifier-3.2,Définir la recette,PROGAV-51-20,Expliciter les exceptions,0,0.5536869764
specifier-3.2,Définir la recette,PROGAV-51-21,Comprendre l’introspection,0,0.5494482517
specifier-3.2,Définir la recette,PROGAV-51-22,Utiliser l’introspection,0,0.5602136850
specifier-3.2,Définir la recette,PROGAV-51-23,Concevoir une interface graphique,0,0.5412535071
specifier-3.2,Définir la recette,PROGAV-52-1,Choisir le bon type de collection,0,0.5130939484
specifier-3.2,Définir la recette,PROGAV-53-1,Utiliser la Généricité,0,0.5430444479
specifier-3.2,Définir la recette,PROGAV-53-2,Créer des types génériques,0,0.5351034403
specifier-3.2,Définir la recette,PROGAV-53-3,Créer des méthodes génériques,0,0.5478547812
specifier-3.2,Définir la recette,PROGAV-53-4,Utiliser des lambdas expressions,0,0.5255327225
specifier-3.2,Définir la recette,PROGAV-53-5,Comprendre le fct des Stream de données,0,0.5121419430
specifier-3.2,Définir la recette,PROGAV-53-22,Créer des classes/interfaces incomplètes,0,0.5134829283
specifier-3.2,Définir la recette,PROGAV-54-3,Utiliser les IO,0,0.5392100811
specifier-3.2,Définir la recette,PROGAV-54-4,Utiliser les flux standards,0,0.5480828285
specifier-3.2,Définir la recette,PROGAV-61-1,Création de tests unitaires,0,0.5266598463
specifier-3.2,Définir la recette,PROGAV-61-2,Utiliser la notion de contrats simples et combinés,0,0.5285394192
specifier-3.2,Définir la recette,PROGAV-61-3,Créer des fixtures,0,0.5408494473
specifier-3.2,Définir la recette,PROGAV-61-4,Créer et utiliser les suites de tests,0,0.5065351725
specifier-3.3,Lister les tests fonctionnels,PROGAV-33-1,Implémenter un design pattern MVC,0,0.5168563128
specifier-3.3,Lister les tests fonctionnels,PROGAV-33-2,Utiliser la délégation d’événement,0,0.5199185610
specifier-3.3,Lister les tests fonctionnels,PROGAV-40-1,Sérialiser et désérialiser des objets,0,0.5284017324
specifier-3.3,Lister les tests fonctionnels,PROGAV-40-2,Prendre en compte la sensibilité des données,0,0.5182563663
specifier-3.3,Lister les tests fonctionnels,PROGAV-51-1,Choisir les types,0,0.5371231437
specifier-3.3,Lister les tests fonctionnels,PROGAV-51-2,Définir des types,0,0.5372654796
specifier-3.3,Lister les tests fonctionnels,PROGAV-51-3,Créer une classe,0,0.5273036957
specifier-3.3,Lister les tests fonctionnels,PROGAV-51-4,Gérer l’instanciation/destruction d’un objet,0,0.5046910048
specifier-3.3,Lister les tests fonctionnels,PROGAV-51-5,Gérer la visibilité des membres,0,0.5228087902
specifier-3.3,Lister les tests fonctionnels,PROGAV-51-6,Utiliser l’attribut this et les constructeurs this,0,0.5069043636
specifier-3.3,Lister les tests fonctionnels,PROGAV-51-7,Créer/Utiliser des membres d’instances/classes,0,0.5052634478
specifier-3.3,Lister les tests fonctionnels,PROGAV-51-8,Organiser le développement,0,0.5443267822
specifier-3.3,Lister les tests fonctionnels,PROGAV-51-9,Compiler du code java avec et sans bibliothèques,0,0.4827733040
specifier-3.3,Lister les tests fonctionnels,PROGAV-51-10,Exécuter du code java avec et sans bibliothèque,0,0.4893951416
specifier-3.3,Lister les tests fonctionnels,PROGAV-51-11,Créer et manipuler des types énumérés,0,0.5369786024
specifier-3.3,Lister les tests fonctionnels,PROGAV-51-12,Gestion de l’héritage,0,0.5300250649
specifier-3.3,Lister les tests fonctionnels,PROGAV-51-13,Choisir la composition ou l’héritage,0,0.4995427132
specifier-3.3,Lister les tests fonctionnels,PROGAV-51-14,Gérer le polymorphisme,0,0.5323804021
specifier-3.3,Lister les tests fonctionnels,PROGAV-51-15,Manipuler super en attribut et en constructeur,0,0.5286475420
specifier-3.3,Lister les tests fonctionnels,PROGAV-51-16,Utiliser des classes abstraites ou des interfaces,0,0.5218471289
specifier-3.3,Lister les tests fonctionnels,PROGAV-51-17,Créer des classes de données simple,0,0.5177477598
specifier-3.3,Lister les tests fonctionnels,PROGAV-51-18,Mettre en place une gestion/nomenclature d’erreur,0,0.4992722571
specifier-3.3,Lister les tests fonctionnels,PROGAV-51-19,Lancer/Propager/Attraper des exceptions,0,0.5221332908
specifier-3.3,Lister les tests fonctionnels,PROGAV-51-20,Expliciter les exceptions,0,0.5514026284
specifier-3.3,Lister les tests fonctionnels,PROGAV-51-21,Comprendre l’introspection,0,0.5311194062
specifier-3.3,Lister les tests fonctionnels,PROGAV-51-22,Utiliser l’introspection,0,0.5523562431
specifier-3.3,Lister les tests fonctionnels,PROGAV-51-23,Concevoir une interface graphique,0,0.5222257972
specifier-3.3,Lister les tests fonctionnels,PROGAV-52-1,Choisir le bon type de collection,0,0.5092788935
specifier-3.3,Lister les tests fonctionnels,PROGAV-53-1,Utiliser la Généricité,0,0.5302975178
specifier-3.3,Lister les tests fonctionnels,PROGAV-53-2,Créer des types génériques,0,0.5255358219
specifier-3.3,Lister les tests fonctionnels,PROGAV-53-3,Créer des méthodes génériques,0,0.5394999981
specifier-3.3,Lister les tests fonctionnels,PROGAV-53-4,Utiliser des lambdas expressions,0,0.5221434832
specifier-3.3,Lister les tests fonctionnels,PROGAV-53-5,Comprendre le fct des Stream de données,0,0.5136859417
specifier-3.3,Lister les tests fonctionnels,PROGAV-53-22,Créer des classes/interfaces incomplètes,0,0.5075043440
specifier-3.3,Lister les tests fonctionnels,PROGAV-54-3,Utiliser les IO,0,0.5389730930
specifier-3.3,Lister les tests fonctionnels,PROGAV-54-4,Utiliser les flux standards,0,0.5550849438
specifier-3.3,Lister les tests fonctionnels,PROGAV-61-1,Création de tests unitaires,0,0.5545525551
specifier-3.3,Lister les tests fonctionnels,PROGAV-61-2,Utiliser la notion de contrats simples et combinés,0,0.5116204023
specifier-3.3,Lister les tests fonctionnels,PROGAV-61-3,Créer des fixtures,0,0.5338028669
specifier-3.3,Lister les tests fonctionnels,PROGAV-61-4,Créer et utiliser les suites de tests,0,0.5489220619
specifier-4.1,Recueillir et reformuler les demandes du prescripteur en confrontant sa demande (fonctionnalités et données) à ses besoins réels pour prendre en compte le DDRS,PROGAV-33-1,Implémenter un design pattern MVC,0,0.5300463438
specifier-4.1,Recueillir et reformuler les demandes du prescripteur en confrontant sa demande (fonctionnalités et données) à ses besoins réels pour prendre en compte le DDRS,PROGAV-33-2,Utiliser la délégation d’événement,0,0.5416560173
specifier-4.1,Recueillir et reformuler les demandes du prescripteur en confrontant sa demande (fonctionnalités et données) à ses besoins réels pour prendre en compte le DDRS,PROGAV-40-1,Sérialiser et désérialiser des objets,0,0.5444479585
specifier-4.1,Recueillir et reformuler les demandes du prescripteur en confrontant sa demande (fonctionnalités et données) à ses besoins réels pour prendre en compte le DDRS,PROGAV-40-2,Prendre en compte la sensibilité des données,0,0.6091150045
specifier-4.1,Recueillir et reformuler les demandes du prescripteur en confrontant sa demande (fonctionnalités et données) à ses besoins réels pour prendre en compte le DDRS,PROGAV-51-1,Choisir les types,0,0.5524743795
specifier-4.1,Recueillir et reformuler les demandes du prescripteur en confrontant sa demande (fonctionnalités et données) à ses besoins réels pour prendre en compte le DDRS,PROGAV-51-2,Définir des types,0,0.5560520887
specifier-4.1,Recueillir et reformuler les demandes du prescripteur en confrontant sa demande (fonctionnalités et données) à ses besoins réels pour prendre en compte le DDRS,PROGAV-51-3,Créer une classe,0,0.5439883471
specifier-4.1,Recueillir et reformuler les demandes du prescripteur en confrontant sa demande (fonctionnalités et données) à ses besoins réels pour prendre en compte le DDRS,PROGAV-51-4,Gérer l’instanciation/destruction d’un objet,0,0.5274752378
specifier-4.1,Recueillir et reformuler les demandes du prescripteur en confrontant sa demande (fonctionnalités et données) à ses besoins réels pour prendre en compte le DDRS,PROGAV-51-5,Gérer la visibilité des membres,0,0.5476753712
specifier-4.1,Recueillir et reformuler les demandes du prescripteur en confrontant sa demande (fonctionnalités et données) à ses besoins réels pour prendre en compte le DDRS,PROGAV-51-6,Utiliser l’attribut this et les constructeurs this,0,0.5247183442
specifier-4.1,Recueillir et reformuler les demandes du prescripteur en confrontant sa demande (fonctionnalités et données) à ses besoins réels pour prendre en compte le DDRS,PROGAV-51-7,Créer/Utiliser des membres d’instances/classes,0,0.5142665505
specifier-4.1,Recueillir et reformuler les demandes du prescripteur en confrontant sa demande (fonctionnalités et données) à ses besoins réels pour prendre en compte le DDRS,PROGAV-51-8,Organiser le développement,0,0.5800790787
specifier-4.1,Recueillir et reformuler les demandes du prescripteur en confrontant sa demande (fonctionnalités et données) à ses besoins réels pour prendre en compte le DDRS,PROGAV-51-9,Compiler du code java avec et sans bibliothèques,0,0.4948917031
specifier-4.1,Recueillir et reformuler les demandes du prescripteur en confrontant sa demande (fonctionnalités et données) à ses besoins réels pour prendre en compte le DDRS,PROGAV-51-10,Exécuter du code java avec et sans bibliothèque,0,0.5026739836
specifier-4.1,Recueillir et reformuler les demandes du prescripteur en confrontant sa demande (fonctionnalités et données) à ses besoins réels pour prendre en compte le DDRS,PROGAV-51-11,Créer et manipuler des types énumérés,0,0.5489280224
specifier-4.1,Recueillir et reformuler les demandes du prescripteur en confrontant sa demande (fonctionnalités et données) à ses besoins réels pour prendre en compte le DDRS,PROGAV-51-12,Gestion de l’héritage,0,0.5634289980
specifier-4.1,Recueillir et reformuler les demandes du prescripteur en confrontant sa demande (fonctionnalités et données) à ses besoins réels pour prendre en compte le DDRS,PROGAV-51-13,Choisir la composition ou l’héritage,0,0.5204033852
specifier-4.1,Recueillir et reformuler les demandes du prescripteur en confrontant sa demande (fonctionnalités et données) à ses besoins réels pour prendre en compte le DDRS,PROGAV-51-14,Gérer le polymorphisme,0,0.5644091964
specifier-4.1,Recueillir et reformuler les demandes du prescripteur en confrontant sa demande (fonctionnalités et données) à ses besoins réels pour prendre en compte le DDRS,PROGAV-51-15,Manipuler super en attribut et en constructeur,0,0.5525652170
specifier-4.1,Recueillir et reformuler les demandes du prescripteur en confrontant sa demande (fonctionnalités et données) à ses besoins réels pour prendre en compte le DDRS,PROGAV-51-16,Utiliser des classes abstraites ou des interfaces,0,0.5307251215
specifier-4.1,Recueillir et reformuler les demandes du prescripteur en confrontant sa demande (fonctionnalités et données) à ses besoins réels pour prendre en compte le DDRS,PROGAV-51-17,Créer des classes de données simple,0,0.5480532646
specifier-4.1,Recueillir et reformuler les demandes du prescripteur en confrontant sa demande (fonctionnalités et données) à ses besoins réels pour prendre en compte le DDRS,PROGAV-51-18,Mettre en place une gestion/nomenclature d’erreur,0,0.5267843008
specifier-4.1,Recueillir et reformuler les demandes du prescripteur en confrontant sa demande (fonctionnalités et données) à ses besoins réels pour prendre en compte le DDRS,PROGAV-51-19,Lancer/Propager/Attraper des exceptions,0,0.5377709270
specifier-4.1,Recueillir et reformuler les demandes du prescripteur en confrontant sa demande (fonctionnalités et données) à ses besoins réels pour prendre en compte le DDRS,PROGAV-51-20,Expliciter les exceptions,0,0.5693815947
specifier-4.1,Recueillir et reformuler les demandes du prescripteur en confrontant sa demande (fonctionnalités et données) à ses besoins réels pour prendre en compte le DDRS,PROGAV-51-21,Comprendre l’introspection,0,0.5577589273
specifier-4.1,Recueillir et reformuler les demandes du prescripteur en confrontant sa demande (fonctionnalités et données) à ses besoins réels pour prendre en compte le DDRS,PROGAV-51-22,Utiliser l’introspection,0,0.5717071891
specifier-4.1,Recueillir et reformuler les demandes du prescripteur en confrontant sa demande (fonctionnalités et données) à ses besoins réels pour prendre en compte le DDRS,PROGAV-51-23,Concevoir une interface graphique,0,0.5400492549
specifier-4.1,Recueillir et reformuler les demandes du prescripteur en confrontant sa demande (fonctionnalités et données) à ses besoins réels pour prendre en compte le DDRS,PROGAV-52-1,Choisir le bon type de collection,0,0.5399703979
specifier-4.1,Recueillir et reformuler les demandes du prescripteur en confrontant sa demande (fonctionnalités et données) à ses besoins réels pour prendre en compte le DDRS,PROGAV-53-1,Utiliser la Généricité,0,0.5504953861
specifier-4.1,Recueillir et reformuler les demandes du prescripteur en confrontant sa demande (fonctionnalités et données) à ses besoins réels pour prendre en compte le DDRS,PROGAV-53-2,Créer des types génériques,0,0.5388388038
specifier-4.1,Recueillir et reformuler les demandes du prescripteur en confrontant sa demande (fonctionnalités et données) à ses besoins réels pour prendre en compte le DDRS,PROGAV-53-3,Créer des méthodes génériques,0,0.5556739569
specifier-4.1,Recueillir et reformuler les demandes du prescripteur en confrontant sa demande (fonctionnalités et données) à ses besoins réels pour prendre en compte le DDRS,PROGAV-53-4,Utiliser des lambdas expressions,0,0.5372135639
specifier-4.1,Recueillir et reformuler les demandes du prescripteur en confrontant sa demande (fonctionnalités et données) à ses besoins réels pour prendre en compte le DDRS,PROGAV-53-5,Comprendre le fct des Stream de données,0,0.5443094969
specifier-4.1,Recueillir et reformuler les demandes du prescripteur en confrontant sa demande (fonctionnalités et données) à ses besoins réels pour prendre en compte le DDRS,PROGAV-53-22,Créer des classes/interfaces incomplètes,0,0.5163313150
specifier-4.1,Recueillir et reformuler les demandes du prescripteur en confrontant sa demande (fonctionnalités et données) à ses besoins réels pour prendre en compte le DDRS,PROGAV-54-3,Utiliser les IO,0,0.5464046001
specifier-4.1,Recueillir et reformuler les demandes du prescripteur en confrontant sa demande (fonctionnalités et données) à ses besoins réels pour prendre en compte le DDRS,PROGAV-54-4,Utiliser les flux standards,0,0.5667299628
specifier-4.1,Recueillir et reformuler les demandes du prescripteur en confrontant sa demande (fonctionnalités et données) à ses besoins réels pour prendre en compte le DDRS,PROGAV-61-1,Création de tests unitaires,0,0.5319944620
specifier-4.1,Recueillir et reformuler les demandes du prescripteur en confrontant sa demande (fonctionnalités et données) à ses besoins réels pour prendre en compte le DDRS,PROGAV-61-2,Utiliser la notion de contrats simples et combinés,0,0.5315675735
specifier-4.1,Recueillir et reformuler les demandes du prescripteur en confrontant sa demande (fonctionnalités et données) à ses besoins réels pour prendre en compte le DDRS,PROGAV-61-3,Créer des fixtures,0,0.5448806882
specifier-4.1,Recueillir et reformuler les demandes du prescripteur en confrontant sa demande (fonctionnalités et données) à ses besoins réels pour prendre en compte le DDRS,PROGAV-61-4,Créer et utiliser les suites de tests,0,0.5163468719
specifier-4.2,Prototyper des interfaces utilisateurs en prenant la RGAA,PROGAV-33-1,Implémenter un design pattern MVC,0,0.5585709214
specifier-4.2,Prototyper des interfaces utilisateurs en prenant la RGAA,PROGAV-33-2,Utiliser la délégation d’événement,0,0.5473662615
specifier-4.2,Prototyper des interfaces utilisateurs en prenant la RGAA,PROGAV-40-1,Sérialiser et désérialiser des objets,0,0.5437700748
specifier-4.2,Prototyper des interfaces utilisateurs en prenant la RGAA,PROGAV-40-2,Prendre en compte la sensibilité des données,0,0.5535448790
specifier-4.2,Prototyper des interfaces utilisateurs en prenant la RGAA,PROGAV-51-1,Choisir les types,0,0.5716937184
specifier-4.2,Prototyper des interfaces utilisateurs en prenant la RGAA,PROGAV-51-2,Définir des types,0,0.5673451424
specifier-4.2,Prototyper des interfaces utilisateurs en prenant la RGAA,PROGAV-51-3,Créer une classe,0,0.5567548275
specifier-4.2,Prototyper des interfaces utilisateurs en prenant la RGAA,PROGAV-51-4,Gérer l’instanciation/destruction d’un objet,0,0.5264605284
specifier-4.2,Prototyper des interfaces utilisateurs en prenant la RGAA,PROGAV-51-5,Gérer la visibilité des membres,0,0.5439991355
specifier-4.2,Prototyper des interfaces utilisateurs en prenant la RGAA,PROGAV-51-6,Utiliser l’attribut this et les constructeurs this,0,0.5315126181
specifier-4.2,Prototyper des interfaces utilisateurs en prenant la RGAA,PROGAV-51-7,Créer/Utiliser des membres d’instances/classes,0,0.5300933719
specifier-4.2,Prototyper des interfaces utilisateurs en prenant la RGAA,PROGAV-51-8,Organiser le développement,0,0.5606888533
specifier-4.2,Prototyper des interfaces utilisateurs en prenant la RGAA,PROGAV-51-9,Compiler du code java avec et sans bibliothèques,0,0.4945065677
specifier-4.2,Prototyper des interfaces utilisateurs en prenant la RGAA,PROGAV-51-10,Exécuter du code java avec et sans bibliothèque,0,0.5012774467
specifier-4.2,Prototyper des interfaces utilisateurs en prenant la RGAA,PROGAV-51-11,Créer et manipuler des types énumérés,0,0.5544214249
specifier-4.2,Prototyper des interfaces utilisateurs en prenant la RGAA,PROGAV-51-12,Gestion de l’héritage,0,0.5473975539
specifier-4.2,Prototyper des interfaces utilisateurs en prenant la RGAA,PROGAV-51-13,Choisir la composition ou l’héritage,0,0.5185551643
specifier-4.2,Prototyper des interfaces utilisateurs en prenant la RGAA,PROGAV-51-14,Gérer le polymorphisme,0,0.5686273575
specifier-4.2,Prototyper des interfaces utilisateurs en prenant la RGAA,PROGAV-51-15,Manipuler super en attribut et en constructeur,0,0.5388590097
specifier-4.2,Prototyper des interfaces utilisateurs en prenant la RGAA,PROGAV-51-16,Utiliser des classes abstraites ou des interfaces,0,0.5869362354
specifier-4.2,Prototyper des interfaces utilisateurs en prenant la RGAA,PROGAV-51-17,Créer des classes de données simple,0,0.5364257097
specifier-4.2,Prototyper des interfaces utilisateurs en prenant la RGAA,PROGAV-51-18,Mettre en place une gestion/nomenclature d’erreur,0,0.5150711536
specifier-4.2,Prototyper des interfaces utilisateurs en prenant la RGAA,PROGAV-51-19,Lancer/Propager/Attraper des exceptions,0,0.5385789871
specifier-4.2,Prototyper des interfaces utilisateurs en prenant la RGAA,PROGAV-51-20,Expliciter les exceptions,0,0.5616601110
specifier-4.2,Prototyper des interfaces utilisateurs en prenant la RGAA,PROGAV-51-21,Comprendre l’introspection,0,0.5534112453
specifier-4.2,Prototyper des interfaces utilisateurs en prenant la RGAA,PROGAV-51-22,Utiliser l’introspection,0,0.5793744326
specifier-4.2,Prototyper des interfaces utilisateurs en prenant la RGAA,PROGAV-51-23,Concevoir une interface graphique,0,0.6007958651
specifier-4.2,Prototyper des interfaces utilisateurs en prenant la RGAA,PROGAV-52-1,Choisir le bon type de collection,0,0.5293955803
specifier-4.2,Prototyper des interfaces utilisateurs en prenant la RGAA,PROGAV-53-1,Utiliser la Généricité,0,0.5623005629
specifier-4.2,Prototyper des interfaces utilisateurs en prenant la RGAA,PROGAV-53-2,Créer des types génériques,0,0.5614020228
specifier-4.2,Prototyper des interfaces utilisateurs en prenant la RGAA,PROGAV-53-3,Créer des méthodes génériques,0,0.5615897775
specifier-4.2,Prototyper des interfaces utilisateurs en prenant la RGAA,PROGAV-53-4,Utiliser des lambdas expressions,0,0.5418497324
specifier-4.2,Prototyper des interfaces utilisateurs en prenant la RGAA,PROGAV-53-5,Comprendre le fct des Stream de données,0,0.5183948278
specifier-4.2,Prototyper des interfaces utilisateurs en prenant la RGAA,PROGAV-53-22,Créer des classes/interfaces incomplètes,0,0.5582870245
specifier-4.2,Prototyper des interfaces utilisateurs en prenant la RGAA,PROGAV-54-3,Utiliser les IO,0,0.5633835793
specifier-4.2,Prototyper des interfaces utilisateurs en prenant la RGAA,PROGAV-54-4,Utiliser les flux standards,0,0.5715652704
specifier-4.2,Prototyper des interfaces utilisateurs en prenant la RGAA,PROGAV-61-1,Création de tests unitaires,0,0.5426393747
specifier-4.2,Prototyper des interfaces utilisateurs en prenant la RGAA,PROGAV-61-2,Utiliser la notion de contrats simples et combinés,0,0.5322319865
specifier-4.2,Prototyper des interfaces utilisateurs en prenant la RGAA,PROGAV-61-3,Créer des fixtures,0,0.5769096613
specifier-4.2,Prototyper des interfaces utilisateurs en prenant la RGAA,PROGAV-61-4,Créer et utiliser les suites de tests,0,0.5238366127
specifier-4.3,Respecter un référentiel qualité,PROGAV-33-1,Implémenter un design pattern MVC,0,0.5414128304
specifier-4.3,Respecter un référentiel qualité,PROGAV-33-2,Utiliser la délégation d’événement,0,0.5422368050
specifier-4.3,Respecter un référentiel qualité,PROGAV-40-1,Sérialiser et désérialiser des objets,0,0.5470721722
specifier-4.3,Respecter un référentiel qualité,PROGAV-40-2,Prendre en compte la sensibilité des données,0,0.5669020414
specifier-4.3,Respecter un référentiel qualité,PROGAV-51-1,Choisir les types,0,0.5496970415
specifier-4.3,Respecter un référentiel qualité,PROGAV-51-2,Définir des types,0,0.5545272231
specifier-4.3,Respecter un référentiel qualité,PROGAV-51-3,Créer une classe,0,0.5490913391
specifier-4.3,Respecter un référentiel qualité,PROGAV-51-4,Gérer l’instanciation/destruction d’un objet,0,0.5288254023
specifier-4.3,Respecter un référentiel qualité,PROGAV-51-5,Gérer la visibilité des membres,0,0.5540670156
specifier-4.3,Respecter un référentiel qualité,PROGAV-51-6,Utiliser l’attribut this et les constructeurs this,0,0.5437849164
specifier-4.3,Respecter un référentiel qualité,PROGAV-51-7,Créer/Utiliser des membres d’instances/classes,0,0.5217734575
specifier-4.3,Respecter un référentiel qualité,PROGAV-51-8,Organiser le développement,0,0.5615593195
specifier-4.3,Respecter un référentiel qualité,PROGAV-51-9,Compiler du code java avec et sans bibliothèques,0,0.5053119659
specifier-4.3,Respecter un référentiel qualité,PROGAV-51-10,Exécuter du code java avec et sans bibliothèque,0,0.5118098259
specifier-4.3,Respecter un référentiel qualité,PROGAV-51-11,Créer et manipuler des types énumérés,0,0.5406702161
specifier-4.3,Respecter un référentiel qualité,PROGAV-51-12,Gestion de l’héritage,0,0.5674917698
specifier-4.3,Respecter un référentiel qualité,PROGAV-51-13,Choisir la composition ou l’héritage,0,0.5277918577
specifier-4.3,Respecter un référentiel qualité,PROGAV-51-14,Gérer le polymorphisme,0,0.5608195066
specifier-4.3,Respecter un référentiel qualité,PROGAV-51-15,Manipuler super en attribut et en constructeur,0,0.5500117540
specifier-4.3,Respecter un référentiel qualité,PROGAV-51-16,Utiliser des classes abstraites ou des interfaces,0,0.5457456112
specifier-4.3,Respecter un référentiel qualité,PROGAV-51-17,Créer des classes de données simple,0,0.5379084945
specifier-4.3,Respecter un référentiel qualité,PROGAV-51-18,Mettre en place une gestion/nomenclature d’erreur,0,0.5365477800
specifier-4.3,Respecter un référentiel qualité,PROGAV-51-19,Lancer/Propager/Attraper des exceptions,0,0.5372076035
specifier-4.3,Respecter un référentiel qualité,PROGAV-51-20,Expliciter les exceptions,0,0.5687990189
specifier-4.3,Respecter un référentiel qualité,PROGAV-51-21,Comprendre l’introspection,0,0.5503461361
specifier-4.3,Respecter un référentiel qualité,PROGAV-51-22,Utiliser l’introspection,0,0.5713433623
specifier-4.3,Respecter un référentiel qualité,PROGAV-51-23,Concevoir une interface graphique,0,0.5453711748
specifier-4.3,Respecter un référentiel qualité,PROGAV-52-1,Choisir le bon type de collection,0,0.5448440313
specifier-4.3,Respecter un référentiel qualité,PROGAV-53-1,Utiliser la Généricité,0,0.5640895367
specifier-4.3,Respecter un référentiel qualité,PROGAV-53-2,Créer des types génériques,0,0.5437289476
specifier-4.3,Respecter un référentiel qualité,PROGAV-53-3,Créer des méthodes génériques,0,0.5514217615
specifier-4.3,Respecter un référentiel qualité,PROGAV-53-4,Utiliser des lambdas expressions,0,0.5371755362
specifier-4.3,Respecter un référentiel qualité,PROGAV-53-5,Comprendre le fct des Stream de données,0,0.5207977295
specifier-4.3,Respecter un référentiel qualité,PROGAV-53-22,Créer des classes/interfaces incomplètes,0,0.5263919234
specifier-4.3,Respecter un référentiel qualité,PROGAV-54-3,Utiliser les IO,0,0.5510975122
specifier-4.3,Respecter un référentiel qualité,PROGAV-54-4,Utiliser les flux standards,0,0.5753291845
specifier-4.3,Respecter un référentiel qualité,PROGAV-61-1,Création de tests unitaires,0,0.5355342627
specifier-4.3,Respecter un référentiel qualité,PROGAV-61-2,Utiliser la notion de contrats simples et combinés,0,0.5447721481
specifier-4.3,Respecter un référentiel qualité,PROGAV-61-3,Créer des fixtures,0,0.5416848063
specifier-4.3,Respecter un référentiel qualité,PROGAV-61-4,Créer et utiliser les suites de tests,0,0.5204417706
modeliser-1.1,Représenter une collection de données numériquement ou symboliquement,PROGAV-33-1,Implémenter un design pattern MVC,0,0.5334785581
modeliser-1.1,Représenter une collection de données numériquement ou symboliquement,PROGAV-33-2,Utiliser la délégation d’événement,0,0.5308623910
modeliser-1.1,Représenter une collection de données numériquement ou symboliquement,PROGAV-40-1,Sérialiser et désérialiser des objets,0,0.5472028255
modeliser-1.1,Représenter une collection de données numériquement ou symboliquement,PROGAV-40-2,Prendre en compte la sensibilité des données,0,0.5612205267
modeliser-1.1,Représenter une collection de données numériquement ou symboliquement,PROGAV-51-1,Choisir les types,0,0.5410467386
modeliser-1.1,Représenter une collection de données numériquement ou symboliquement,PROGAV-51-2,Définir des types,0,0.5923227072
modeliser-1.1,Représenter une collection de données numériquement ou symboliquement,PROGAV-51-3,Créer une classe,0,0.5507724285
modeliser-1.1,Représenter une collection de données numériquement ou symboliquement,PROGAV-51-4,Gérer l’instanciation/destruction d’un objet,0,0.5137917995
modeliser-1.1,Représenter une collection de données numériquement ou symboliquement,PROGAV-51-5,Gérer la visibilité des membres,0,0.5265042782
modeliser-1.1,Représenter une collection de données numériquement ou symboliquement,PROGAV-51-6,Utiliser l’attribut this et les constructeurs this,0,0.5154439211
modeliser-1.1,Représenter une collection de données numériquement ou symboliquement,PROGAV-51-7,Créer/Utiliser des membres d’instances/classes,0,0.5185255408
modeliser-1.1,Représenter une collection de données numériquement ou symboliquement,PROGAV-51-8,Organiser le développement,0,0.5495132804
modeliser-1.1,Représenter une collection de données numériquement ou symboliquement,PROGAV-51-9,Compiler du code java avec et sans bibliothèques,0,0.4882768989
modeliser-1.1,Représenter une collection de données numériquement ou symboliquement,PROGAV-51-10,Exécuter du code java avec et sans bibliothèque,0,0.4965238273
modeliser-1.1,Représenter une collection de données numériquement ou symboliquement,PROGAV-51-11,Créer et manipuler des types énumérés,0,0.5448635817
modeliser-1.1,Représenter une collection de données numériquement ou symboliquement,PROGAV-51-12,Gestion de l’héritage,0,0.5310801864
modeliser-1.1,Représenter une collection de données numériquement ou symboliquement,PROGAV-51-13,Choisir la composition ou l’héritage,0,0.5144377351
modeliser-1.1,Représenter une collection de données numériquement ou symboliquement,PROGAV-51-14,Gérer le polymorphisme,0,0.5411292315
modeliser-1.1,Représenter une collection de données numériquement ou symboliquement,PROGAV-51-15,Manipuler super en attribut et en constructeur,0,0.5309012532
modeliser-1.1,Représenter une collection de données numériquement ou symboliquement,PROGAV-51-16,Utiliser des classes abstraites ou des interfaces,0,0.5326634645
modeliser-1.1,Représenter une collection de données numériquement ou symboliquement,PROGAV-51-17,Créer des classes de données simple,0,0.5703766346
modeliser-1.1,Représenter une collection de données numériquement ou symboliquement,PROGAV-51-18,Mettre en place une gestion/nomenclature d’erreur,0,0.5134093761
modeliser-1.1,Représenter une collection de données numériquement ou symboliquement,PROGAV-51-19,Lancer/Propager/Attraper des exceptions,0,0.5244653821
modeliser-1.1,Représenter une collection de données numériquement ou symboliquement,PROGAV-51-20,Expliciter les exceptions,0,0.5557951927
modeliser-1.1,Représenter une collection de données numériquement ou symboliquement,PROGAV-51-21,Comprendre l’introspection,0,0.5440168977
modeliser-1.1,Représenter une collection de données numériquement ou symboliquement,PROGAV-51-22,Utiliser l’introspection,0,0.5591244698
modeliser-1.1,Représenter une collection de données numériquement ou symboliquement,PROGAV-51-23,Concevoir une interface graphique,0,0.5641244650
modeliser-1.1,Représenter une collection de données numériquement ou symboliquement,PROGAV-52-1,Choisir le bon type de collection,0,0.5514473915
modeliser-1.1,Représenter une collection de données numériquement ou symboliquement,PROGAV-53-1,Utiliser la Généricité,0,0.5394374728
modeliser-1.1,Représenter une collection de données numériquement ou symboliquement,PROGAV-53-2,Créer des types génériques,0,0.5480648875
modeliser-1.1,Représenter une collection de données numériquement ou symboliquement,PROGAV-53-3,Créer des méthodes génériques,0,0.5400027633
modeliser-1.1,Représenter une collection de données numériquement ou symboliquement,PROGAV-53-4,Utiliser des lambdas expressions,0,0.5320898890
modeliser-1.1,Représenter une collection de données numériquement ou symboliquement,PROGAV-53-5,Comprendre le fct des Stream de données,0,0.5441890955
modeliser-1.1,Représenter une collection de données numériquement ou symboliquement,PROGAV-53-22,Créer des classes/interfaces incomplètes,0,0.5157148242
modeliser-1.1,Représenter une collection de données numériquement ou symboliquement,PROGAV-54-3,Utiliser les IO,0,0.5431854725
modeliser-1.1,Représenter une collection de données numériquement ou symboliquement,PROGAV-54-4,Utiliser les flux standards,0,0.5478746891
modeliser-1.1,Représenter une collection de données numériquement ou symboliquement,PROGAV-61-1,Création de tests unitaires,0,0.5309433937
modeliser-1.1,Représenter une collection de données numériquement ou symboliquement,PROGAV-61-2,Utiliser la notion de contrats simples et combinés,0,0.5303339362
modeliser-1.1,Représenter une collection de données numériquement ou symboliquement,PROGAV-61-3,Créer des fixtures,0,0.5547837615
modeliser-1.1,Représenter une collection de données numériquement ou symboliquement,PROGAV-61-4,Créer et utiliser les suites de tests,0,0.5088783503
modeliser-1.2,Déterminer les propriétés des entrées sorties d’un composant logiciel ou matériel,PROGAV-33-1,Implémenter un design pattern MVC,0,0.5206019878
modeliser-1.2,Déterminer les propriétés des entrées sorties d’un composant logiciel ou matériel,PROGAV-33-2,Utiliser la délégation d’événement,0,0.5275201797
modeliser-1.2,Déterminer les propriétés des entrées sorties d’un composant logiciel ou matériel,PROGAV-40-1,Sérialiser et désérialiser des objets,0,0.5373238921
modeliser-1.2,Déterminer les propriétés des entrées sorties d’un composant logiciel ou matériel,PROGAV-40-2,Prendre en compte la sensibilité des données,0,0.5396947861
modeliser-1.2,Déterminer les propriétés des entrées sorties d’un composant logiciel ou matériel,PROGAV-51-1,Choisir les types,0,0.5334718227
modeliser-1.2,Déterminer les propriétés des entrées sorties d’un composant logiciel ou matériel,PROGAV-51-2,Définir des types,0,0.5506349802
modeliser-1.2,Déterminer les propriétés des entrées sorties d’un composant logiciel ou matériel,PROGAV-51-3,Créer une classe,0,0.5299741030
modeliser-1.2,Déterminer les propriétés des entrées sorties d’un composant logiciel ou matériel,PROGAV-51-4,Gérer l’instanciation/destruction d’un objet,0,0.5079223514
modeliser-1.2,Déterminer les propriétés des entrées sorties d’un composant logiciel ou matériel,PROGAV-51-5,Gérer la visibilité des membres,0,0.5240887403
modeliser-1.2,Déterminer les propriétés des entrées sorties d’un composant logiciel ou matériel,PROGAV-51-6,Utiliser l’attribut this et les constructeurs this,0,0.5278750658
modeliser-1.2,Déterminer les propriétés des entrées sorties d’un composant logiciel ou matériel,PROGAV-51-7,Créer/Utiliser des membres d’instances/classes,0,0.5098494291
modeliser-1.2,Déterminer les propriétés des entrées sorties d’un composant logiciel ou matériel,PROGAV-51-8,Organiser le développement,0,0.5410572290
modeliser-1.2,Déterminer les propriétés des entrées sorties d’un composant logiciel ou matériel,PROGAV-51-9,Compiler du code java avec et sans bibliothèques,0,0.4851702750
modeliser-1.2,Déterminer les propriétés des entrées sorties d’un composant logiciel ou matériel,PROGAV-51-10,Exécuter du code java avec et sans bibliothèque,0,0.4932128191
modeliser-1.2,Déterminer les propriétés des entrées sorties d’un composant logiciel ou matériel,PROGAV-51-11,Créer et manipuler des types énumérés,0,0.5258829594
modeliser-1.2,Déterminer les propriétés des entrées sorties d’un composant logiciel ou matériel,PROGAV-51-12,Gestion de l’héritage,0,0.5278600454
modeliser-1.2,Déterminer les propriétés des entrées sorties d’un composant logiciel ou matériel,PROGAV-51-13,Choisir la composition ou l’héritage,0,0.5038748384
modeliser-1.2,Déterminer les propriétés des entrées sorties d’un composant logiciel ou matériel,PROGAV-51-14,Gérer le polymorphisme,0,0.5331355333
modeliser-1.2,Déterminer les propriétés des entrées sorties d’un composant logiciel ou matériel,PROGAV-51-15,Manipuler super en attribut et en constructeur,0,0.5364354849
modeliser-1.2,Déterminer les propriétés des entrées sorties d’un composant logiciel ou matériel,PROGAV-51-16,Utiliser des classes abstraites ou des interfaces,0,0.5309246182
modeliser-1.2,Déterminer les propriétés des entrées sorties d’un composant logiciel ou matériel,PROGAV-51-17,Créer des classes de données simple,0,0.5257319212
modeliser-1.2,Déterminer les propriétés des entrées sorties d’un composant logiciel ou matériel,PROGAV-51-18,Mettre en place une gestion/nomenclature d’erreur,0,0.5013146400
modeliser-1.2,Déterminer les propriétés des entrées sorties d’un composant logiciel ou matériel,PROGAV-51-19,Lancer/Propager/Attraper des exceptions,0,0.5248032808
modeliser-1.2,Déterminer les propriétés des entrées sorties d’un composant logiciel ou matériel,PROGAV-51-20,Expliciter les exceptions,0,0.5572801828
modeliser-1.2,Déterminer les propriétés des entrées sorties d’un composant logiciel ou matériel,PROGAV-51-21,Comprendre l’introspection,0,0.5424177647
modeliser-1.2,Déterminer les propriétés des entrées sorties d’un composant logiciel ou matériel,PROGAV-51-22,Utiliser l’introspection,0,0.5595822334
modeliser-1.2,Déterminer les propriétés des entrées sorties d’un composant logiciel ou matériel,PROGAV-51-23,Concevoir une interface graphique,0,0.5401357412
modeliser-1.2,Déterminer les propriétés des entrées sorties d’un composant logiciel ou matériel,PROGAV-52-1,Choisir le bon type de collection,0,0.5037264824
modeliser-1.2,Déterminer les propriétés des entrées sorties d’un composant logiciel ou matériel,PROGAV-53-1,Utiliser la Généricité,0,0.5375908613
modeliser-1.2,Déterminer les propriétés des entrées sorties d’un composant logiciel ou matériel,PROGAV-53-2,Créer des types génériques,0,0.5254808068
modeliser-1.2,Déterminer les propriétés des entrées sorties d’un composant logiciel ou matériel,PROGAV-53-3,Créer des méthodes génériques,0,0.5340132117
modeliser-1.2,Déterminer les propriétés des entrées sorties d’un composant logiciel ou matériel,PROGAV-53-4,Utiliser des lambdas expressions,0,0.5271297693
modeliser-1.2,Déterminer les propriétés des entrées sorties d’un composant logiciel ou matériel,PROGAV-53-5,Comprendre le fct des Stream de données,0,0.5313512087
modeliser-1.2,Déterminer les propriétés des entrées sorties d’un composant logiciel ou matériel,PROGAV-53-22,Créer des classes/interfaces incomplètes,0,0.5066317320
modeliser-1.2,Déterminer les propriétés des entrées sorties d’un composant logiciel ou matériel,PROGAV-54-3,Utiliser les IO,0,0.5520845652
modeliser-1.2,Déterminer les propriétés des entrées sorties d’un composant logiciel ou matériel,PROGAV-54-4,Utiliser les flux standards,0,0.5696500540
modeliser-1.2,Déterminer les propriétés des entrées sorties d’un composant logiciel ou matériel,PROGAV-61-1,Création de tests unitaires,0,0.5369350314
modeliser-1.2,Déterminer les propriétés des entrées sorties d’un composant logiciel ou matériel,PROGAV-61-2,Utiliser la notion de contrats simples et combinés,0,0.5178362131
modeliser-1.2,Déterminer les propriétés des entrées sorties d’un composant logiciel ou matériel,PROGAV-61-3,Créer des fixtures,0,0.5377736688
modeliser-1.2,Déterminer les propriétés des entrées sorties d’un composant logiciel ou matériel,PROGAV-61-4,Créer et utiliser les suites de tests,0,0.5313414931
modeliser-1.3,Déterminer la famille d’algorithmes à utiliser au regard des données numériques ou symboliques à traiter,PROGAV-33-1,Implémenter un design pattern MVC,0,0.5183691978
modeliser-1.3,Déterminer la famille d’algorithmes à utiliser au regard des données numériques ou symboliques à traiter,PROGAV-33-2,Utiliser la délégation d’événement,0,0.5376858711
modeliser-1.3,Déterminer la famille d’algorithmes à utiliser au regard des données numériques ou symboliques à traiter,PROGAV-40-1,Sérialiser et désérialiser des objets,0,0.5255157351
modeliser-1.3,Déterminer la famille d’algorithmes à utiliser au regard des données numériques ou symboliques à traiter,PROGAV-40-2,Prendre en compte la sensibilité des données,0,0.5649226308
modeliser-1.3,Déterminer la famille d’algorithmes à utiliser au regard des données numériques ou symboliques à traiter,PROGAV-51-1,Choisir les types,0,0.5442653894
modeliser-1.3,Déterminer la famille d’algorithmes à utiliser au regard des données numériques ou symboliques à traiter,PROGAV-51-2,Définir des types,0,0.5541676283
modeliser-1.3,Déterminer la famille d’algorithmes à utiliser au regard des données numériques ou symboliques à traiter,PROGAV-51-3,Créer une classe,0,0.5387349129
modeliser-1.3,Déterminer la famille d’algorithmes à utiliser au regard des données numériques ou symboliques à traiter,PROGAV-51-4,Gérer l’instanciation/destruction d’un objet,0,0.5007137060
modeliser-1.3,Déterminer la famille d’algorithmes à utiliser au regard des données numériques ou symboliques à traiter,PROGAV-51-5,Gérer la visibilité des membres,0,0.5263906717
modeliser-1.3,Déterminer la famille d’algorithmes à utiliser au regard des données numériques ou symboliques à traiter,PROGAV-51-6,Utiliser l’attribut this et les constructeurs this,0,0.5264564753
modeliser-1.3,Déterminer la famille d’algorithmes à utiliser au regard des données numériques ou symboliques à traiter,PROGAV-51-7,Créer/Utiliser des membres d’instances/classes,0,0.5270524025
modeliser-1.3,Déterminer la famille d’algorithmes à utiliser au regard des données numériques ou symboliques à traiter,PROGAV-51-8,Organiser le développement,0,0.5516995192
modeliser-1.3,Déterminer la famille d’algorithmes à utiliser au regard des données numériques ou symboliques à traiter,PROGAV-51-9,Compiler du code java avec et sans bibliothèques,0,0.4787019491
modeliser-1.3,Déterminer la famille d’algorithmes à utiliser au regard des données numériques ou symboliques à traiter,PROGAV-51-10,Exécuter du code java avec et sans bibliothèque,0,0.4858730733
modeliser-1.3,Déterminer la famille d’algorithmes à utiliser au regard des données numériques ou symboliques à traiter,PROGAV-51-11,Créer et manipuler des types énumérés,0,0.5317352414
modeliser-1.3,Déterminer la famille d’algorithmes à utiliser au regard des données numériques ou symboliques à traiter,PROGAV-51-12,Gestion de l’héritage,0,0.5273025036
modeliser-1.3,Déterminer la famille d’algorithmes à utiliser au regard des données numériques ou symboliques à traiter,PROGAV-51-13,Choisir la composition ou l’héritage,0,0.5026289225
modeliser-1.3,Déterminer la famille d’algorithmes à utiliser au regard des données numériques ou symboliques à traiter,PROGAV-51-14,Gérer le polymorphisme,0,0.5478215218
modeliser-1.3,Déterminer la famille d’algorithmes à utiliser au regard des données numériques ou symboliques à traiter,PROGAV-51-15,Manipuler super en attribut et en constructeur,0,0.5285139084
modeliser-1.3,Déterminer la famille d’algorithmes à utiliser au regard des données numériques ou symboliques à traiter,PROGAV-51-16,Utiliser des classes abstraites ou des interfaces,0,0.5499145389
modeliser-1.3,Déterminer la famille d’algorithmes à utiliser au regard des données numériques ou symboliques à traiter,PROGAV-51-17,Créer des classes de données simple,0,0.5527538061
modeliser-1.3,Déterminer la famille d’algorithmes à utiliser au regard des données numériques ou symboliques à traiter,PROGAV-51-18,Mettre en place une gestion/nomenclature d’erreur,0,0.5018585920
modeliser-1.3,Déterminer la famille d’algorithmes à utiliser au regard des données numériques ou symboliques à traiter,PROGAV-51-19,Lancer/Propager/Attraper des exceptions,0,0.5175765157
modeliser-1.3,Déterminer la famille d’algorithmes à utiliser au regard des données numériques ou symboliques à traiter,PROGAV-51-20,Expliciter les exceptions,0,0.5427070856
modeliser-1.3,Déterminer la famille d’algorithmes à utiliser au regard des données numériques ou symboliques à traiter,PROGAV-51-21,Comprendre l’introspection,0,0.5402545333
modeliser-1.3,Déterminer la famille d’algorithmes à utiliser au regard des données numériques ou symboliques à traiter,PROGAV-51-22,Utiliser l’introspection,0,0.5762488842
modeliser-1.3,Déterminer la famille d’algorithmes à utiliser au regard des données numériques ou symboliques à traiter,PROGAV-51-23,Concevoir une interface graphique,0,0.5388461947
modeliser-1.3,Déterminer la famille d’algorithmes à utiliser au regard des données numériques ou symboliques à traiter,PROGAV-52-1,Choisir le bon type de collection,0,0.5088419914
modeliser-1.3,Déterminer la famille d’algorithmes à utiliser au regard des données numériques ou symboliques à traiter,PROGAV-53-1,Utiliser la Généricité,0,0.5556890368
modeliser-1.3,Déterminer la famille d’algorithmes à utiliser au regard des données numériques ou symboliques à traiter,PROGAV-53-2,Créer des types génériques,0,0.5305606127
modeliser-1.3,Déterminer la famille d’algorithmes à utiliser au regard des données numériques ou symboliques à traiter,PROGAV-53-3,Créer des méthodes génériques,0,0.5462192297
modeliser-1.3,Déterminer la famille d’algorithmes à utiliser au regard des données numériques ou symboliques à traiter,PROGAV-53-4,Utiliser des lambdas expressions,0,0.5475089550
modeliser-1.3,Déterminer la famille d’algorithmes à utiliser au regard des données numériques ou symboliques à traiter,PROGAV-53-5,Comprendre le fct des Stream de données,0,0.5359089375
modeliser-1.3,Déterminer la famille d’algorithmes à utiliser au regard des données numériques ou symboliques à traiter,PROGAV-53-22,Créer des classes/interfaces incomplètes,0,0.5098385811
modeliser-1.3,Déterminer la famille d’algorithmes à utiliser au regard des données numériques ou symboliques à traiter,PROGAV-54-3,Utiliser les IO,0,0.5588651896
modeliser-1.3,Déterminer la famille d’algorithmes à utiliser au regard des données numériques ou symboliques à traiter,PROGAV-54-4,Utiliser les flux standards,0,0.5665062070
modeliser-1.3,Déterminer la famille d’algorithmes à utiliser au regard des données numériques ou symboliques à traiter,PROGAV-61-1,Création de tests unitaires,0,0.5254290700
modeliser-1.3,Déterminer la famille d’algorithmes à utiliser au regard des données numériques ou symboliques à traiter,PROGAV-61-2,Utiliser la notion de contrats simples et combinés,0,0.5236475468
modeliser-1.3,Déterminer la famille d’algorithmes à utiliser au regard des données numériques ou symboliques à traiter,PROGAV-61-3,Créer des fixtures,0,0.5373339653
modeliser-1.3,Déterminer la famille d’algorithmes à utiliser au regard des données numériques ou symboliques à traiter,PROGAV-61-4,Créer et utiliser les suites de tests,0,0.5232547522
modeliser-1.4,Identifier le rôle des composants d’un ordinateur ou des systèmes électroniques,PROGAV-33-1,Implémenter un design pattern MVC,0,0.5105625391
modeliser-1.4,Identifier le rôle des composants d’un ordinateur ou des systèmes électroniques,PROGAV-33-2,Utiliser la délégation d’événement,0,0.5180584788
modeliser-1.4,Identifier le rôle des composants d’un ordinateur ou des systèmes électroniques,PROGAV-40-1,Sérialiser et désérialiser des objets,0,0.5214672089
modeliser-1.4,Identifier le rôle des composants d’un ordinateur ou des systèmes électroniques,PROGAV-40-2,Prendre en compte la sensibilité des données,0,0.5215687752
modeliser-1.4,Identifier le rôle des composants d’un ordinateur ou des systèmes électroniques,PROGAV-51-1,Choisir les types,0,0.5274897218
modeliser-1.4,Identifier le rôle des composants d’un ordinateur ou des systèmes électroniques,PROGAV-51-2,Définir des types,0,0.5459970236
modeliser-1.4,Identifier le rôle des composants d’un ordinateur ou des systèmes électroniques,PROGAV-51-3,Créer une classe,0,0.5268601179
modeliser-1.4,Identifier le rôle des composants d’un ordinateur ou des systèmes électroniques,PROGAV-51-4,Gérer l’instanciation/destruction d’un objet,0,0.4983940721
modeliser-1.4,Identifier le rôle des composants d’un ordinateur ou des systèmes électroniques,PROGAV-51-5,Gérer la visibilité des membres,0,0.5241869092
modeliser-1.4,Identifier le rôle des composants d’un ordinateur ou des systèmes électroniques,PROGAV-51-6,Utiliser l’attribut this et les constructeurs this,0,0.5271512270
modeliser-1.4,Identifier le rôle des composants d’un ordinateur ou des systèmes électroniques,PROGAV-51-7,Créer/Utiliser des membres d’instances/classes,0,0.5090492368
modeliser-1.4,Identifier le rôle des composants d’un ordinateur ou des systèmes électroniques,PROGAV-51-8,Organiser le développement,0,0.5404711962
modeliser-1.4,Identifier le rôle des composants d’un ordinateur ou des systèmes électroniques,PROGAV-51-9,Compiler du code java avec et sans bibliothèques,0,0.4754082561
modeliser-1.4,Identifier le rôle des composants d’un ordinateur ou des systèmes électroniques,PROGAV-51-10,Exécuter du code java avec et sans bibliothèque,0,0.4826681018
modeliser-1.4,Identifier le rôle des composants d’un ordinateur ou des systèmes électroniques,PROGAV-51-11,Créer et manipuler des types énumérés,0,0.5209619403
modeliser-1.4,Identifier le rôle des composants d’un ordinateur ou des systèmes électroniques,PROGAV-51-12,Gestion de l’héritage,0,0.5184752941
modeliser-1.4,Identifier le rôle des composants d’un ordinateur ou des systèmes électroniques,PROGAV-51-13,Choisir la composition ou l’héritage,0,0.5059594512
modeliser-1.4,Identifier le rôle des composants d’un ordinateur ou des systèmes électroniques,PROGAV-51-14,Gérer le polymorphisme,0,0.5260372162
modeliser-1.4,Identifier le rôle des composants d’un ordinateur ou des systèmes électroniques,PROGAV-51-15,Manipuler super en attribut et en constructeur,0,0.5246781707
modeliser-1.4,Identifier le rôle des composants d’un ordinateur ou des systèmes électroniques,PROGAV-51-16,Utiliser des classes abstraites ou des interfaces,0,0.5215362906
modeliser-1.4,Identifier le rôle des composants d’un ordinateur ou des systèmes électroniques,PROGAV-51-17,Créer des classes de données simple,0,0.5143251419
modeliser-1.4,Identifier le rôle des composants d’un ordinateur ou des systèmes électroniques,PROGAV-51-18,Mettre en place une gestion/nomenclature d’erreur,0,0.4953803420
modeliser-1.4,Identifier le rôle des composants d’un ordinateur ou des systèmes électroniques,PROGAV-51-19,Lancer/Propager/Attraper des exceptions,0,0.5161139369
modeliser-1.4,Identifier le rôle des composants d’un ordinateur ou des systèmes électroniques,PROGAV-51-20,Expliciter les exceptions,0,0.5448152423
modeliser-1.4,Identifier le rôle des composants d’un ordinateur ou des systèmes électroniques,PROGAV-51-21,Comprendre l’introspection,0,0.5317988396
modeliser-1.4,Identifier le rôle des composants d’un ordinateur ou des systèmes électroniques,PROGAV-51-22,Utiliser l’introspection,0,0.5497539639
modeliser-1.4,Identifier le rôle des composants d’un ordinateur ou des systèmes électroniques,PROGAV-51-23,Concevoir une interface graphique,0,0.5242049694
modeliser-1.4,Identifier le rôle des composants d’un ordinateur ou des systèmes électroniques,PROGAV-52-1,Choisir le bon type de collection,0,0.5038992167
modeliser-1.4,Identifier le rôle des composants d’un ordinateur ou des systèmes électroniques,PROGAV-53-1,Utiliser la Généricité,0,0.5275615454
modeliser-1.4,Identifier le rôle des composants d’un ordinateur ou des systèmes électroniques,PROGAV-53-2,Créer des types génériques,0,0.5178443193
modeliser-1.4,Identifier le rôle des composants d’un ordinateur ou des systèmes électroniques,PROGAV-53-3,Créer des méthodes génériques,0,0.5169786811
modeliser-1.4,Identifier le rôle des composants d’un ordinateur ou des systèmes électroniques,PROGAV-53-4,Utiliser des lambdas expressions,0,0.5153455734
modeliser-1.4,Identifier le rôle des composants d’un ordinateur ou des systèmes électroniques,PROGAV-53-5,Comprendre le fct des Stream de données,0,0.5091130733
modeliser-1.4,Identifier le rôle des composants d’un ordinateur ou des systèmes électroniques,PROGAV-53-22,Créer des classes/interfaces incomplètes,0,0.5008890033
modeliser-1.4,Identifier le rôle des composants d’un ordinateur ou des systèmes électroniques,PROGAV-54-3,Utiliser les IO,0,0.5420555472
modeliser-1.4,Identifier le rôle des composants d’un ordinateur ou des systèmes électroniques,PROGAV-54-4,Utiliser les flux standards,0,0.5406949520
modeliser-1.4,Identifier le rôle des composants d’un ordinateur ou des systèmes électroniques,PROGAV-61-1,Création de tests unitaires,0,0.5092923641
modeliser-1.4,Identifier le rôle des composants d’un ordinateur ou des systèmes électroniques,PROGAV-61-2,Utiliser la notion de contrats simples et combinés,0,0.5071191788
modeliser-1.4,Identifier le rôle des composants d’un ordinateur ou des systèmes électroniques,PROGAV-61-3,Créer des fixtures,0,0.5384825468
modeliser-1.4,Identifier le rôle des composants d’un ordinateur ou des systèmes électroniques,PROGAV-61-4,Créer et utiliser les suites de tests,0,0.4966545105
modeliser-2.1,Analyser les données numériques et symboliques du problème,PROGAV-33-1,Implémenter un design pattern MVC,0,0.5248559713
modeliser-2.1,Analyser les données numériques et symboliques du problème,PROGAV-33-2,Utiliser la délégation d’événement,0,0.5265893936
modeliser-2.1,Analyser les données numériques et symboliques du problème,PROGAV-40-1,Sérialiser et désérialiser des objets,0,0.5366445780
modeliser-2.1,Analyser les données numériques et symboliques du problème,PROGAV-40-2,Prendre en compte la sensibilité des données,0,0.5793548822
modeliser-2.1,Analyser les données numériques et symboliques du problème,PROGAV-51-1,Choisir les types,0,0.5333742499
modeliser-2.1,Analyser les données numériques et symboliques du problème,PROGAV-51-2,Définir des types,0,0.5386891961
modeliser-2.1,Analyser les données numériques et symboliques du problème,PROGAV-51-3,Créer une classe,0,0.5320026278
modeliser-2.1,Analyser les données numériques et symboliques du problème,PROGAV-51-4,Gérer l’instanciation/destruction d’un objet,0,0.5147856474
modeliser-2.1,Analyser les données numériques et symboliques du problème,PROGAV-51-5,Gérer la visibilité des membres,0,0.5297552347
modeliser-2.1,Analyser les données numériques et symboliques du problème,PROGAV-51-6,Utiliser l’attribut this et les constructeurs this,0,0.5108906031
modeliser-2.1,Analyser les données numériques et symboliques du problème,PROGAV-51-7,Créer/Utiliser des membres d’instances/classes,0,0.5068612099
modeliser-2.1,Analyser les données numériques et symboliques du problème,PROGAV-51-8,Organiser le développement,0,0.5506216884
modeliser-2.1,Analyser les données numériques et symboliques du problème,PROGAV-51-9,Compiler du code java avec et sans bibliothèques,0,0.4910844564
modeliser-2.1,Analyser les données numériques et symboliques du problème,PROGAV-51-10,Exécuter du code java avec et sans bibliothèque,0,0.4996193349
modeliser-2.1,Analyser les données numériques et symboliques du problème,PROGAV-51-11,Créer et manipuler des types énumérés,0,0.5286740065
modeliser-2.1,Analyser les données numériques et symboliques du problème,PROGAV-51-12,Gestion de l’héritage,0,0.5314785242
modeliser-2.1,Analyser les données numériques et symboliques du problème,PROGAV-51-13,Choisir la composition ou l’héritage,0,0.5025261641
modeliser-2.1,Analyser les données numériques et symboliques du problème,PROGAV-51-14,Gérer le polymorphisme,0,0.5442597866
modeliser-2.1,Analyser les données numériques et symboliques du problème,PROGAV-51-15,Manipuler super en attribut et en constructeur,0,0.5353435874
modeliser-2.1,Analyser les données numériques et symboliques du problème,PROGAV-51-16,Utiliser des classes abstraites ou des interfaces,0,0.5258982182
modeliser-2.1,Analyser les données numériques et symboliques du problème,PROGAV-51-17,Créer des classes de données simple,0,0.5462865233
modeliser-2.1,Analyser les données numériques et symboliques du problème,PROGAV-51-18,Mettre en place une gestion/nomenclature d’erreur,0,0.5215675235
modeliser-2.1,Analyser les données numériques et symboliques du problème,PROGAV-51-19,Lancer/Propager/Attraper des exceptions,0,0.5469266176
modeliser-2.1,Analyser les données numériques et symboliques du problème,PROGAV-51-20,Expliciter les exceptions,0,0.5638929009
modeliser-2.1,Analyser les données numériques et symboliques du problème,PROGAV-51-21,Comprendre l’introspection,0,0.5421663523
modeliser-2.1,Analyser les données numériques et symboliques du problème,PROGAV-51-22,Utiliser l’introspection,0,0.5550239086
modeliser-2.1,Analyser les données numériques et symboliques du problème,PROGAV-51-23,Concevoir une interface graphique,0,0.5373162031
modeliser-2.1,Analyser les données numériques et symboliques du problème,PROGAV-52-1,Choisir le bon type de collection,0,0.5124621391
modeliser-2.1,Analyser les données numériques et symboliques du problème,PROGAV-53-1,Utiliser la Généricité,0,0.5381287336
modeliser-2.1,Analyser les données numériques et symboliques du problème,PROGAV-53-2,Créer des types génériques,0,0.5294878483
modeliser-2.1,Analyser les données numériques et symboliques du problème,PROGAV-53-3,Créer des méthodes génériques,0,0.5276058912
modeliser-2.1,Analyser les données numériques et symboliques du problème,PROGAV-53-4,Utiliser des lambdas expressions,0,0.5367844701
modeliser-2.1,Analyser les données numériques et symboliques du problème,PROGAV-53-5,Comprendre le fct des Stream de données,0,0.5451574326
modeliser-2.1,Analyser les données numériques et symboliques du problème,PROGAV-53-22,Créer des classes/interfaces incomplètes,0,0.5141011477
modeliser-2.1,Analyser les données numériques et symboliques du problème,PROGAV-54-3,Utiliser les IO,0,0.5426006317
modeliser-2.1,Analyser les données numériques et symboliques du problème,PROGAV-54-4,Utiliser les flux standards,0,0.5506396890
modeliser-2.1,Analyser les données numériques et symboliques du problème,PROGAV-61-1,Création de tests unitaires,0,0.5245185494
modeliser-2.1,Analyser les données numériques et symboliques du problème,PROGAV-61-2,Utiliser la notion de contrats simples et combinés,0,0.5184879899
modeliser-2.1,Analyser les données numériques et symboliques du problème,PROGAV-61-3,Créer des fixtures,0,0.5266367197
modeliser-2.1,Analyser les données numériques et symboliques du problème,PROGAV-61-4,Créer et utiliser les suites de tests,0,0.5042461157
modeliser-2.2,Comparer les différentes représentations numériques et symboliques des données,PROGAV-33-1,Implémenter un design pattern MVC,0,0.5212585926
modeliser-2.2,Comparer les différentes représentations numériques et symboliques des données,PROGAV-33-2,Utiliser la délégation d’événement,0,0.5189939737
modeliser-2.2,Comparer les différentes représentations numériques et symboliques des données,PROGAV-40-1,Sérialiser et désérialiser des objets,0,0.5418262482
modeliser-2.2,Comparer les différentes représentations numériques et symboliques des données,PROGAV-40-2,Prendre en compte la sensibilité des données,0,0.5684828758
modeliser-2.2,Comparer les différentes représentations numériques et symboliques des données,PROGAV-51-1,Choisir les types,0,0.5508095026
modeliser-2.2,Comparer les différentes représentations numériques et symboliques des données,PROGAV-51-2,Définir des types,0,0.5486693382
modeliser-2.2,Comparer les différentes représentations numériques et symboliques des données,PROGAV-51-3,Créer une classe,0,0.5284620523
modeliser-2.2,Comparer les différentes représentations numériques et symboliques des données,PROGAV-51-4,Gérer l’instanciation/destruction d’un objet,0,0.5047078133
modeliser-2.2,Comparer les différentes représentations numériques et symboliques des données,PROGAV-51-5,Gérer la visibilité des membres,0,0.5278109312
modeliser-2.2,Comparer les différentes représentations numériques et symboliques des données,PROGAV-51-6,Utiliser l’attribut this et les constructeurs this,0,0.5112168789
modeliser-2.2,Comparer les différentes représentations numériques et symboliques des données,PROGAV-51-7,Créer/Utiliser des membres d’instances/classes,0,0.5081717968
modeliser-2.2,Comparer les différentes représentations numériques et symboliques des données,PROGAV-51-8,Organiser le développement,0,0.5450574756
modeliser-2.2,Comparer les différentes représentations numériques et symboliques des données,PROGAV-51-9,Compiler du code java avec et sans bibliothèques,0,0.4871536493
modeliser-2.2,Comparer les différentes représentations numériques et symboliques des données,PROGAV-51-10,Exécuter du code java avec et sans bibliothèque,0,0.4938013256
modeliser-2.2,Comparer les différentes représentations numériques et symboliques des données,PROGAV-51-11,Créer et manipuler des types énumérés,0,0.5352982283
modeliser-2.2,Comparer les différentes représentations numériques et symboliques des données,PROGAV-51-12,Gestion de l’héritage,0,0.5260034800
modeliser-2.2,Comparer les différentes représentations numériques et symboliques des données,PROGAV-51-13,Choisir la composition ou l’héritage,0,0.5030366778
modeliser-2.2,Comparer les différentes représentations numériques et symboliques des données,PROGAV-51-14,Gérer le polymorphisme,0,0.5407775640
modeliser-2.2,Comparer les différentes représentations numériques et symboliques des données,PROGAV-51-15,Manipuler super en attribut et en constructeur,0,0.5349924564
modeliser-2.2,Comparer les différentes représentations numériques et symboliques des données,PROGAV-51-16,Utiliser des classes abstraites ou des interfaces,0,0.5257804394
modeliser-2.2,Comparer les différentes représentations numériques et symboliques des données,PROGAV-51-17,Créer des classes de données simple,0,0.5579367280
modeliser-2.2,Comparer les différentes représentations numériques et symboliques des données,PROGAV-51-18,Mettre en place une gestion/nomenclature d’erreur,0,0.4991598427
modeliser-2.2,Comparer les différentes représentations numériques et symboliques des données,PROGAV-51-19,Lancer/Propager/Attraper des exceptions,0,0.5229389071
modeliser-2.2,Comparer les différentes représentations numériques et symboliques des données,PROGAV-51-20,Expliciter les exceptions,0,0.5454908609
modeliser-2.2,Comparer les différentes représentations numériques et symboliques des données,PROGAV-51-21,Comprendre l’introspection,0,0.5353539586
modeliser-2.2,Comparer les différentes représentations numériques et symboliques des données,PROGAV-51-22,Utiliser l’introspection,0,0.5466040969
modeliser-2.2,Comparer les différentes représentations numériques et symboliques des données,PROGAV-51-23,Concevoir une interface graphique,0,0.5345852971
modeliser-2.2,Comparer les différentes représentations numériques et symboliques des données,PROGAV-52-1,Choisir le bon type de collection,0,0.5154052377
modeliser-2.2,Comparer les différentes représentations numériques et symboliques des données,PROGAV-53-1,Utiliser la Généricité,0,0.5250955224
modeliser-2.2,Comparer les différentes représentations numériques et symboliques des données,PROGAV-53-2,Créer des types génériques,0,0.5375688076
modeliser-2.2,Comparer les différentes représentations numériques et symboliques des données,PROGAV-53-3,Créer des méthodes génériques,0,0.5273231268
modeliser-2.2,Comparer les différentes représentations numériques et symboliques des données,PROGAV-53-4,Utiliser des lambdas expressions,0,0.5346562266
modeliser-2.2,Comparer les différentes représentations numériques et symboliques des données,PROGAV-53-5,Comprendre le fct des Stream de données,0,0.5451482534
modeliser-2.2,Comparer les différentes représentations numériques et symboliques des données,PROGAV-53-22,Créer des classes/interfaces incomplètes,0,0.5092279315
modeliser-2.2,Comparer les différentes représentations numériques et symboliques des données,PROGAV-54-3,Utiliser les IO,0,0.5328590274
modeliser-2.2,Comparer les différentes représentations numériques et symboliques des données,PROGAV-54-4,Utiliser les flux standards,0,0.5466619134
modeliser-2.2,Comparer les différentes représentations numériques et symboliques des données,PROGAV-61-1,Création de tests unitaires,0,0.5219576359
modeliser-2.2,Comparer les différentes représentations numériques et symboliques des données,PROGAV-61-2,Utiliser la notion de contrats simples et combinés,0,0.5133603811
modeliser-2.2,Comparer les différentes représentations numériques et symboliques des données,PROGAV-61-3,Créer des fixtures,0,0.5261369348
modeliser-2.2,Comparer les différentes représentations numériques et symboliques des données,PROGAV-61-4,Créer et utiliser les suites de tests,0,0.5053563118
modeliser-2.3,Représenter dans le paradigme de la programmation orienté objet aussi bien les données que les fonctionnalités du problème,PROGAV-33-1,Implémenter un design pattern MVC,0,0.5400097966
modeliser-2.3,Représenter dans le paradigme de la programmation orienté objet aussi bien les données que les fonctionnalités du problème,PROGAV-33-2,Utiliser la délégation d’événement,0,0.5309047699
modeliser-2.3,Représenter dans le paradigme de la programmation orienté objet aussi bien les données que les fonctionnalités du problème,PROGAV-40-1,Sérialiser et désérialiser des objets,0,0.5561710596
modeliser-2.3,Représenter dans le paradigme de la programmation orienté objet aussi bien les données que les fonctionnalités du problème,PROGAV-40-2,Prendre en compte la sensibilité des données,0,0.5551645756
modeliser-2.3,Représenter dans le paradigme de la programmation orienté objet aussi bien les données que les fonctionnalités du problème,PROGAV-51-1,Choisir les types,0,0.5404696465
modeliser-2.3,Représenter dans le paradigme de la programmation orienté objet aussi bien les données que les fonctionnalités du problème,PROGAV-51-2,Définir des types,0,0.5634299517
modeliser-2.3,Représenter dans le paradigme de la programmation orienté objet aussi bien les données que les fonctionnalités du problème,PROGAV-51-3,Créer une classe,0,0.5522462130
modeliser-2.3,Représenter dans le paradigme de la programmation orienté objet aussi bien les données que les fonctionnalités du problème,PROGAV-51-4,Gérer l’instanciation/destruction d’un objet,0,0.5429655313
modeliser-2.3,Représenter dans le paradigme de la programmation orienté objet aussi bien les données que les fonctionnalités du problème,PROGAV-51-5,Gérer la visibilité des membres,0,0.5326725841
modeliser-2.3,Représenter dans le paradigme de la programmation orienté objet aussi bien les données que les fonctionnalités du problème,PROGAV-51-6,Utiliser l’attribut this et les constructeurs this,0,0.5268396139
modeliser-2.3,Représenter dans le paradigme de la programmation orienté objet aussi bien les données que les fonctionnalités du problème,PROGAV-51-7,Créer/Utiliser des membres d’instances/classes,0,0.5229685307
modeliser-2.3,Représenter dans le paradigme de la programmation orienté objet aussi bien les données que les fonctionnalités du problème,PROGAV-51-8,Organiser le développement,0,0.5546875000
modeliser-2.3,Représenter dans le paradigme de la programmation orienté objet aussi bien les données que les fonctionnalités du problème,PROGAV-51-9,Compiler du code java avec et sans bibliothèques,0,0.5013551712
modeliser-2.3,Représenter dans le paradigme de la programmation orienté objet aussi bien les données que les fonctionnalités du problème,PROGAV-51-10,Exécuter du code java avec et sans bibliothèque,0,0.5076438189
modeliser-2.3,Représenter dans le paradigme de la programmation orienté objet aussi bien les données que les fonctionnalités du problème,PROGAV-51-11,Créer et manipuler des types énumérés,0,0.5400362015
modeliser-2.3,Représenter dans le paradigme de la programmation orienté objet aussi bien les données que les fonctionnalités du problème,PROGAV-51-12,Gestion de l’héritage,0,0.5362229347
modeliser-2.3,Représenter dans le paradigme de la programmation orienté objet aussi bien les données que les fonctionnalités du problème,PROGAV-51-13,Choisir la composition ou l’héritage,0,0.5074146986
modeliser-2.3,Représenter dans le paradigme de la programmation orienté objet aussi bien les données que les fonctionnalités du problème,PROGAV-51-14,Gérer le polymorphisme,0,0.5529673696
modeliser-2.3,Représenter dans le paradigme de la programmation orienté objet aussi bien les données que les fonctionnalités du problème,PROGAV-51-15,Manipuler super en attribut et en constructeur,0,0.5352063179
modeliser-2.3,Représenter dans le paradigme de la programmation orienté objet aussi bien les données que les fonctionnalités du problème,PROGAV-51-16,Utiliser des classes abstraites ou des interfaces,0,0.5412920713
modeliser-2.3,Représenter dans le paradigme de la programmation orienté objet aussi bien les données que les fonctionnalités du problème,PROGAV-51-17,Créer des classes de données simple,0,0.5595457554
modeliser-2.3,Représenter dans le paradigme de la programmation orienté objet aussi bien les données que les fonctionnalités du problème,PROGAV-51-18,Mettre en place une gestion/nomenclature d’erreur,0,0.5225754976
modeliser-2.3,Représenter dans le paradigme de la programmation orienté objet aussi bien les données que les fonctionnalités du problème,PROGAV-51-19,Lancer/Propager/Attraper des exceptions,0,0.5331892371
modeliser-2.3,Représenter dans le paradigme de la programmation orienté objet aussi bien les données que les fonctionnalités du problème,PROGAV-51-20,Expliciter les exceptions,0,0.5648183227
modeliser-2.3,Représenter dans le paradigme de la programmation orienté objet aussi bien les données que les fonctionnalités du problème,PROGAV-51-21,Comprendre l’introspection,0,0.5411219001
modeliser-2.3,Représenter dans le paradigme de la programmation orienté objet aussi bien les données que les fonctionnalités du problème,PROGAV-51-22,Utiliser l’introspection,0,0.5622889400
modeliser-2.3,Représenter dans le paradigme de la programmation orienté objet aussi bien les données que les fonctionnalités du problème,PROGAV-51-23,Concevoir une interface graphique,0,0.5587098002
modeliser-2.3,Représenter dans le paradigme de la programmation orienté objet aussi bien les données que les fonctionnalités du problème,PROGAV-52-1,Choisir le bon type de collection,0,0.5130786300
modeliser-2.3,Représenter dans le paradigme de la programmation orienté objet aussi bien les données que les fonctionnalités du problème,PROGAV-53-1,Utiliser la Généricité,0,0.5402300358
modeliser-2.3,Représenter dans le paradigme de la programmation orienté objet aussi bien les données que les fonctionnalités du problème,PROGAV-53-2,Créer des types génériques,0,0.5424430370
modeliser-2.3,Représenter dans le paradigme de la programmation orienté objet aussi bien les données que les fonctionnalités du problème,PROGAV-53-3,Créer des méthodes génériques,0,0.5454587936
modeliser-2.3,Représenter dans le paradigme de la programmation orienté objet aussi bien les données que les fonctionnalités du problème,PROGAV-53-4,Utiliser des lambdas expressions,0,0.5333946943
modeliser-2.3,Représenter dans le paradigme de la programmation orienté objet aussi bien les données que les fonctionnalités du problème,PROGAV-53-5,Comprendre le fct des Stream de données,0,0.5313237309
modeliser-2.3,Représenter dans le paradigme de la programmation orienté objet aussi bien les données que les fonctionnalités du problème,PROGAV-53-22,Créer des classes/interfaces incomplètes,0,0.5268561840
modeliser-2.3,Représenter dans le paradigme de la programmation orienté objet aussi bien les données que les fonctionnalités du problème,PROGAV-54-3,Utiliser les IO,0,0.5495320559
modeliser-2.3,Représenter dans le paradigme de la programmation orienté objet aussi bien les données que les fonctionnalités du problème,PROGAV-54-4,Utiliser les flux standards,0,0.5524130464
modeliser-2.3,Représenter dans le paradigme de la programmation orienté objet aussi bien les données que les fonctionnalités du problème,PROGAV-61-1,Création de tests unitaires,0,0.5286301374
modeliser-2.3,Représenter dans le paradigme de la programmation orienté objet aussi bien les données que les fonctionnalités du problème,PROGAV-61-2,Utiliser la notion de contrats simples et combinés,0,0.5294619799
modeliser-2.3,Représenter dans le paradigme de la programmation orienté objet aussi bien les données que les fonctionnalités du problème,PROGAV-61-3,Créer des fixtures,0,0.5486350656
modeliser-2.3,Représenter dans le paradigme de la programmation orienté objet aussi bien les données que les fonctionnalités du problème,PROGAV-61-4,Créer et utiliser les suites de tests,0,0.5153520107
modeliser-2.4,Identifier le fonctionnement et les différentes implantations des composants d’un ordinateur ou des systèmes électroniques,PROGAV-33-1,Implémenter un design pattern MVC,0,0.5192597508
modeliser-2.4,Identifier le fonctionnement et les différentes implantations des composants d’un ordinateur ou des systèmes électroniques,PROGAV-33-2,Utiliser la délégation d’événement,0,0.5263533592
modeliser-2.4,Identifier le fonctionnement et les différentes implantations des composants d’un ordinateur ou des systèmes électroniques,PROGAV-40-1,Sérialiser et désérialiser des objets,0,0.5240437984
modeliser-2.4,Identifier le fonctionnement et les différentes implantations des composants d’un ordinateur ou des systèmes électroniques,PROGAV-40-2,Prendre en compte la sensibilité des données,0,0.5220588446
modeliser-2.4,Identifier le fonctionnement et les différentes implantations des composants d’un ordinateur ou des systèmes électroniques,PROGAV-51-1,Choisir les types,0,0.5405622125
modeliser-2.4,Identifier le fonctionnement et les différentes implantations des composants d’un ordinateur ou des systèmes électroniques,PROGAV-51-2,Définir des types,0,0.5545877218
modeliser-2.4,Identifier le fonctionnement et les différentes implantations des composants d’un ordinateur ou des systèmes électroniques,PROGAV-51-3,Créer une classe,0,0.5351215601
modeliser-2.4,Identifier le fonctionnement et les différentes implantations des composants d’un ordinateur ou des systèmes électroniques,PROGAV-51-4,Gérer l’instanciation/destruction d’un objet,0,0.5149956942
modeliser-2.4,Identifier le fonctionnement et les différentes implantations des composants d’un ordinateur ou des systèmes électroniques,PROGAV-51-5,Gérer la visibilité des membres,0,0.5263909698
modeliser-2.4,Identifier le fonctionnement et les différentes implantations des composants d’un ordinateur ou des systèmes électroniques,PROGAV-51-6,Utiliser l’attribut this et les constructeurs this,0,0.5227421522
modeliser-2.4,Identifier le fonctionnement et les différentes implantations des composants d’un ordinateur ou des systèmes électroniques,PROGAV-51-7,Créer/Utiliser des membres d’instances/classes,0,0.5119141340
modeliser-2.4,Identifier le fonctionnement et les différentes implantations des composants d’un ordinateur ou des systèmes électroniques,PROGAV-51-8,Organiser le développement,0,0.5554518104
modeliser-2.4,Identifier le fonctionnement et les différentes implantations des composants d’un ordinateur ou des systèmes électroniques,PROGAV-51-9,Compiler du code java avec et sans bibliothèques,0,0.4771588147
modeliser-2.4,Identifier le fonctionnement et les différentes implantations des composants d’un ordinateur ou des systèmes électroniques,PROGAV-51-10,Exécuter du code java avec et sans bibliothèque,0,0.4842838943
modeliser-2.4,Identifier le fonctionnement et les différentes implantations des composants d’un ordinateur ou des systèmes électroniques,PROGAV-51-11,Créer et manipuler des types énumérés,0,0.5304737091
modeliser-2.4,Identifier le fonctionnement et les différentes implantations des composants d’un ordinateur ou des systèmes électroniques,PROGAV-51-12,Gestion de l’héritage,0,0.5317893624
modeliser-2.4,Identifier le fonctionnement et les différentes implantations des composants d’un ordinateur ou des systèmes électroniques,PROGAV-51-13,Choisir la composition ou l’héritage,0,0.5051761866
modeliser-2.4,Identifier le fonctionnement et les différentes implantations des composants d’un ordinateur ou des systèmes électroniques,PROGAV-51-14,Gérer le polymorphisme,0,0.5433758497
modeliser-2.4,Identifier le fonctionnement et les différentes implantations des composants d’un ordinateur ou des systèmes électroniques,PROGAV-51-15,Manipuler super en attribut et en constructeur,0,0.5246179104
modeliser-2.4,Identifier le fonctionnement et les différentes implantations des composants d’un ordinateur ou des systèmes électroniques,PROGAV-51-16,Utiliser des classes abstraites ou des interfaces,0,0.5305211544
modeliser-2.4,Identifier le fonctionnement et les différentes implantations des composants d’un ordinateur ou des systèmes électroniques,PROGAV-51-17,Créer des classes de données simple,0,0.5208056569
modeliser-2.4,Identifier le fonctionnement et les différentes implantations des composants d’un ordinateur ou des systèmes électroniques,PROGAV-51-18,Mettre en place une gestion/nomenclature d’erreur,0,0.5065776110
modeliser-2.4,Identifier le fonctionnement et les différentes implantations des composants d’un ordinateur ou des systèmes électroniques,PROGAV-51-19,Lancer/Propager/Attraper des exceptions,0,0.5195355415
modeliser-2.4,Identifier le fonctionnement et les différentes implantations des composants d’un ordinateur ou des systèmes électroniques,PROGAV-51-20,Expliciter les exceptions,0,0.5482381582
modeliser-2.4,Identifier le fonctionnement et les différentes implantations des composants d’un ordinateur ou des systèmes électroniques,PROGAV-51-21,Comprendre l’introspection,0,0.5391507745
modeliser-2.4,Identifier le fonctionnement et les différentes implantations des composants d’un ordinateur ou des systèmes électroniques,PROGAV-51-22,Utiliser l’introspection,0,0.5613982081
modeliser-2.4,Identifier le fonctionnement et les différentes implantations des composants d’un ordinateur ou des systèmes électroniques,PROGAV-51-23,Concevoir une interface graphique,0,0.5364958048
modeliser-2.4,Identifier le fonctionnement et les différentes implantations des composants d’un ordinateur ou des systèmes électroniques,PROGAV-52-1,Choisir le bon type de collection,0,0.5070230961
modeliser-2.4,Identifier le fonctionnement et les différentes implantations des composants d’un ordinateur ou des systèmes électroniques,PROGAV-53-1,Utiliser la Généricité,0,0.5363448858
modeliser-2.4,Identifier le fonctionnement et les différentes implantations des composants d’un ordinateur ou des systèmes électroniques,PROGAV-53-2,Créer des types génériques,0,0.5294036865
modeliser-2.4,Identifier le fonctionnement et les différentes implantations des composants d’un ordinateur ou des systèmes électroniques,PROGAV-53-3,Créer des méthodes génériques,0,0.5361252427
modeliser-2.4,Identifier le fonctionnement et les différentes implantations des composants d’un ordinateur ou des systèmes électroniques,PROGAV-53-4,Utiliser des lambdas expressions,0,0.5246433020
modeliser-2.4,Identifier le fonctionnement et les différentes implantations des composants d’un ordinateur ou des systèmes électroniques,PROGAV-53-5,Comprendre le fct des Stream de données,0,0.5132505894
modeliser-2.4,Identifier le fonctionnement et les différentes implantations des composants d’un ordinateur ou des systèmes électroniques,PROGAV-53-22,Créer des classes/interfaces incomplètes,0,0.5055860281
modeliser-2.4,Identifier le fonctionnement et les différentes implantations des composants d’un ordinateur ou des systèmes électroniques,PROGAV-54-3,Utiliser les IO,0,0.5488038063
modeliser-2.4,Identifier le fonctionnement et les différentes implantations des composants d’un ordinateur ou des systèmes électroniques,PROGAV-54-4,Utiliser les flux standards,0,0.5545617342
modeliser-2.4,Identifier le fonctionnement et les différentes implantations des composants d’un ordinateur ou des systèmes électroniques,PROGAV-61-1,Création de tests unitaires,0,0.5234836936
modeliser-2.4,Identifier le fonctionnement et les différentes implantations des composants d’un ordinateur ou des systèmes électroniques,PROGAV-61-2,Utiliser la notion de contrats simples et combinés,0,0.5137724280
modeliser-2.4,Identifier le fonctionnement et les différentes implantations des composants d’un ordinateur ou des systèmes électroniques,PROGAV-61-3,Créer des fixtures,0,0.5531826019
modeliser-2.4,Identifier le fonctionnement et les différentes implantations des composants d’un ordinateur ou des systèmes électroniques,PROGAV-61-4,Créer et utiliser les suites de tests,0,0.5091338158
modeliser-3.1,Normaliser des données pour appliquer un modèle,PROGAV-33-1,Implémenter un design pattern MVC,0,0.5685814619
modeliser-3.1,Normaliser des données pour appliquer un modèle,PROGAV-33-2,Utiliser la délégation d’événement,0,0.5336265564
modeliser-3.1,Normaliser des données pour appliquer un modèle,PROGAV-40-1,Sérialiser et désérialiser des objets,0,0.5494134426
modeliser-3.1,Normaliser des données pour appliquer un modèle,PROGAV-40-2,Prendre en compte la sensibilité des données,0,0.5810394883
modeliser-3.1,Normaliser des données pour appliquer un modèle,PROGAV-51-1,Choisir les types,0,0.5388212204
modeliser-3.1,Normaliser des données pour appliquer un modèle,PROGAV-51-2,Définir des types,0,0.5443705320
modeliser-3.1,Normaliser des données pour appliquer un modèle,PROGAV-51-3,Créer une classe,0,0.5448839664
modeliser-3.1,Normaliser des données pour appliquer un modèle,PROGAV-51-4,Gérer l’instanciation/destruction d’un objet,0,0.5161826611
modeliser-3.1,Normaliser des données pour appliquer un modèle,PROGAV-51-5,Gérer la visibilité des membres,0,0.5323206186
modeliser-3.1,Normaliser des données pour appliquer un modèle,PROGAV-51-6,Utiliser l’attribut this et les constructeurs this,0,0.5200520158
modeliser-3.1,Normaliser des données pour appliquer un modèle,PROGAV-51-7,Créer/Utiliser des membres d’instances/classes,0,0.5140846968
modeliser-3.1,Normaliser des données pour appliquer un modèle,PROGAV-51-8,Organiser le développement,0,0.5601384044
modeliser-3.1,Normaliser des données pour appliquer un modèle,PROGAV-51-9,Compiler du code java avec et sans bibliothèques,0,0.4914804697
modeliser-3.1,Normaliser des données pour appliquer un modèle,PROGAV-51-10,Exécuter du code java avec et sans bibliothèque,0,0.4968602955
modeliser-3.1,Normaliser des données pour appliquer un modèle,PROGAV-51-11,Créer et manipuler des types énumérés,0,0.5426806808
modeliser-3.1,Normaliser des données pour appliquer un modèle,PROGAV-51-12,Gestion de l’héritage,0,0.5319704413
modeliser-3.1,Normaliser des données pour appliquer un modèle,PROGAV-51-13,Choisir la composition ou l’héritage,0,0.5137960911
modeliser-3.1,Normaliser des données pour appliquer un modèle,PROGAV-51-14,Gérer le polymorphisme,0,0.5660526156
modeliser-3.1,Normaliser des données pour appliquer un modèle,PROGAV-51-15,Manipuler super en attribut et en constructeur,0,0.5402414799
modeliser-3.1,Normaliser des données pour appliquer un modèle,PROGAV-51-16,Utiliser des classes abstraites ou des interfaces,0,0.5271487236
modeliser-3.1,Normaliser des données pour appliquer un modèle,PROGAV-51-17,Créer des classes de données simple,0,0.5764721632
modeliser-3.1,Normaliser des données pour appliquer un modèle,PROGAV-51-18,Mettre en place une gestion/nomenclature d’erreur,0,0.5277968645
modeliser-3.1,Normaliser des données pour appliquer un modèle,PROGAV-51-19,Lancer/Propager/Attraper des exceptions,0,0.5286361575
modeliser-3.1,Normaliser des données pour appliquer un modèle,PROGAV-51-20,Expliciter les exceptions,0,0.5642418861
modeliser-3.1,Normaliser des données pour appliquer un modèle,PROGAV-51-21,Comprendre l’introspection,0,0.5378266573
modeliser-3.1,Normaliser des données pour appliquer un modèle,PROGAV-51-22,Utiliser l’introspection,0,0.5634961128
modeliser-3.1,Normaliser des données pour appliquer un modèle,PROGAV-51-23,Concevoir une interface graphique,0,0.5373100042
modeliser-3.1,Normaliser des données pour appliquer un modèle,PROGAV-52-1,Choisir le bon type de collection,0,0.5142440796
modeliser-3.1,Normaliser des données pour appliquer un modèle,PROGAV-53-1,Utiliser la Généricité,0,0.5430424213
modeliser-3.1,Normaliser des données pour appliquer un modèle,PROGAV-53-2,Créer des types génériques,0,0.5374599695
modeliser-3.1,Normaliser des données pour appliquer un modèle,PROGAV-53-3,Créer des méthodes génériques,0,0.5428494215
modeliser-3.1,Normaliser des données pour appliquer un modèle,PROGAV-53-4,Utiliser des lambdas expressions,0,0.5389613509
modeliser-3.1,Normaliser des données pour appliquer un modèle,PROGAV-53-5,Comprendre le fct des Stream de données,0,0.5398956537
modeliser-3.1,Normaliser des données pour appliquer un modèle,PROGAV-53-22,Créer des classes/interfaces incomplètes,0,0.5130252242
modeliser-3.1,Normaliser des données pour appliquer un modèle,PROGAV-54-3,Utiliser les IO,0,0.5483952165
modeliser-3.1,Normaliser des données pour appliquer un modèle,PROGAV-54-4,Utiliser les flux standards,0,0.5789659023
modeliser-3.1,Normaliser des données pour appliquer un modèle,PROGAV-61-1,Création de tests unitaires,0,0.5341619849
modeliser-3.1,Normaliser des données pour appliquer un modèle,PROGAV-61-2,Utiliser la notion de contrats simples et combinés,0,0.5319270492
modeliser-3.1,Normaliser des données pour appliquer un modèle,PROGAV-61-3,Créer des fixtures,0,0.5430469513
modeliser-3.1,Normaliser des données pour appliquer un modèle,PROGAV-61-4,Créer et utiliser les suites de tests,0,0.5157414079
modeliser-3.2,Caractériser les données pour en déduire le modèle,PROGAV-33-1,Implémenter un design pattern MVC,0,0.5394271612
modeliser-3.2,Caractériser les données pour en déduire le modèle,PROGAV-33-2,Utiliser la délégation d’événement,0,0.5222016573
modeliser-3.2,Caractériser les données pour en déduire le modèle,PROGAV-40-1,Sérialiser et désérialiser des objets,0,0.5387649536
modeliser-3.2,Caractériser les données pour en déduire le modèle,PROGAV-40-2,Prendre en compte la sensibilité des données,0,0.5758620501
modeliser-3.2,Caractériser les données pour en déduire le modèle,PROGAV-51-1,Choisir les types,0,0.5387300849
modeliser-3.2,Caractériser les données pour en déduire le modèle,PROGAV-51-2,Définir des types,0,0.5481836200
modeliser-3.2,Caractériser les données pour en déduire le modèle,PROGAV-51-3,Créer une classe,0,0.5481368303
modeliser-3.2,Caractériser les données pour en déduire le modèle,PROGAV-51-4,Gérer l’instanciation/destruction d’un objet,0,0.5129227042
modeliser-3.2,Caractériser les données pour en déduire le modèle,PROGAV-51-5,Gérer la visibilité des membres,0,0.5293473005
modeliser-3.2,Caractériser les données pour en déduire le modèle,PROGAV-51-6,Utiliser l’attribut this et les constructeurs this,0,0.5100190639
modeliser-3.2,Caractériser les données pour en déduire le modèle,PROGAV-51-7,Créer/Utiliser des membres d’instances/classes,0,0.5132020712
modeliser-3.2,Caractériser les données pour en déduire le modèle,PROGAV-51-8,Organiser le développement,0,0.5539571047
modeliser-3.2,Caractériser les données pour en déduire le modèle,PROGAV-51-9,Compiler du code java avec et sans bibliothèques,0,0.4928928614
modeliser-3.2,Caractériser les données pour en déduire le modèle,PROGAV-51-10,Exécuter du code java avec et sans bibliothèque,0,0.4995143414
modeliser-3.2,Caractériser les données pour en déduire le modèle,PROGAV-51-11,Créer et manipuler des types énumérés,0,0.5346797705
modeliser-3.2,Caractériser les données pour en déduire le modèle,PROGAV-51-12,Gestion de l’héritage,0,0.5312878489
modeliser-3.2,Caractériser les données pour en déduire le modèle,PROGAV-51-13,Choisir la composition ou l’héritage,0,0.5053220391
modeliser-3.2,Caractériser les données pour en déduire le modèle,PROGAV-51-14,Gérer le polymorphisme,0,0.5496681333
modeliser-3.2,Caractériser les données pour en déduire le modèle,PROGAV-51-15,Manipuler super en attribut et en constructeur,0,0.5385313630
modeliser-3.2,Caractériser les données pour en déduire le modèle,PROGAV-51-16,Utiliser des classes abstraites ou des interfaces,0,0.5296367407
modeliser-3.2,Caractériser les données pour en déduire le modèle,PROGAV-51-17,Créer des classes de données simple,0,0.5864734054
modeliser-3.2,Caractériser les données pour en déduire le modèle,PROGAV-51-18,Mettre en place une gestion/nomenclature d’erreur,0,0.5051938891
modeliser-3.2,Caractériser les données pour en déduire le modèle,PROGAV-51-19,Lancer/Propager/Attraper des exceptions,0,0.5248633623
modeliser-3.2,Caractériser les données pour en déduire le modèle,PROGAV-51-20,Expliciter les exceptions,0,0.5539662242
modeliser-3.2,Caractériser les données pour en déduire le modèle,PROGAV-51-21,Comprendre l’introspection,0,0.5464305878
modeliser-3.2,Caractériser les données pour en déduire le modèle,PROGAV-51-22,Utiliser l’introspection,0,0.5517235994
modeliser-3.2,Caractériser les données pour en déduire le modèle,PROGAV-51-23,Concevoir une interface graphique,0,0.5438453555
modeliser-3.2,Caractériser les données pour en déduire le modèle,PROGAV-52-1,Choisir le bon type de collection,0,0.5161519051
modeliser-3.2,Caractériser les données pour en déduire le modèle,PROGAV-53-1,Utiliser la Généricité,0,0.5336544514
modeliser-3.2,Caractériser les données pour en déduire le modèle,PROGAV-53-2,Créer des types génériques,0,0.5420960188
modeliser-3.2,Caractériser les données pour en déduire le modèle,PROGAV-53-3,Créer des méthodes génériques,0,0.5393573046
modeliser-3.2,Caractériser les données pour en déduire le modèle,PROGAV-53-4,Utiliser des lambdas expressions,0,0.5345938206
modeliser-3.2,Caractériser les données pour en déduire le modèle,PROGAV-53-5,Comprendre le fct des Stream de données,0,0.5549548268
modeliser-3.2,Caractériser les données pour en déduire le modèle,PROGAV-53-22,Créer des classes/interfaces incomplètes,0,0.5217941403
modeliser-3.2,Caractériser les données pour en déduire le modèle,PROGAV-54-3,Utiliser les IO,0,0.5358548164
modeliser-3.2,Caractériser les données pour en déduire le modèle,PROGAV-54-4,Utiliser les flux standards,0,0.5550783277
modeliser-3.2,Caractériser les données pour en déduire le modèle,PROGAV-61-1,Création de tests unitaires,0,0.5324473977
modeliser-3.2,Caractériser les données pour en déduire le modèle,PROGAV-61-2,Utiliser la notion de contrats simples et combinés,0,0.5192649364
modeliser-3.2,Caractériser les données pour en déduire le modèle,PROGAV-61-3,Créer des fixtures,0,0.5388588905
modeliser-3.2,Caractériser les données pour en déduire le modèle,PROGAV-61-4,Créer et utiliser les suites de tests,0,0.5175710917
modeliser-4.1,Transformer le modèle pour obtenir une résolution acceptable,PROGAV-33-1,Implémenter un design pattern MVC,0,0.5732871294
modeliser-4.1,Transformer le modèle pour obtenir une résolution acceptable,PROGAV-33-2,Utiliser la délégation d’événement,0,0.5360982418
modeliser-4.1,Transformer le modèle pour obtenir une résolution acceptable,PROGAV-40-1,Sérialiser et désérialiser des objets,0,0.5510962009
modeliser-4.1,Transformer le modèle pour obtenir une résolution acceptable,PROGAV-40-2,Prendre en compte la sensibilité des données,0,0.5600639582
modeliser-4.1,Transformer le modèle pour obtenir une résolution acceptable,PROGAV-51-1,Choisir les types,0,0.5491201878
modeliser-4.1,Transformer le modèle pour obtenir une résolution acceptable,PROGAV-51-2,Définir des types,0,0.5474249125
modeliser-4.1,Transformer le modèle pour obtenir une résolution acceptable,PROGAV-51-3,Créer une classe,0,0.5526753664
modeliser-4.1,Transformer le modèle pour obtenir une résolution acceptable,PROGAV-51-4,Gérer l’instanciation/destruction d’un objet,0,0.5293487310
modeliser-4.1,Transformer le modèle pour obtenir une résolution acceptable,PROGAV-51-5,Gérer la visibilité des membres,0,0.5572159290
modeliser-4.1,Transformer le modèle pour obtenir une résolution acceptable,PROGAV-51-6,Utiliser l’attribut this et les constructeurs this,0,0.5172916651
modeliser-4.1,Transformer le modèle pour obtenir une résolution acceptable,PROGAV-51-7,Créer/Utiliser des membres d’instances/classes,0,0.5190977454
modeliser-4.1,Transformer le modèle pour obtenir une résolution acceptable,PROGAV-51-8,Organiser le développement,0,0.5694731474
modeliser-4.1,Transformer le modèle pour obtenir une résolution acceptable,PROGAV-51-9,Compiler du code java avec et sans bibliothèques,0,0.5114536285
modeliser-4.1,Transformer le modèle pour obtenir une résolution acceptable,PROGAV-51-10,Exécuter du code java avec et sans bibliothèque,0,0.5149620175
modeliser-4.1,Transformer le modèle pour obtenir une résolution acceptable,PROGAV-51-11,Créer et manipuler des types énumérés,0,0.5576830506
modeliser-4.1,Transformer le modèle pour obtenir une résolution acceptable,PROGAV-51-12,Gestion de l’héritage,0,0.5452394485
modeliser-4.1,Transformer le modèle pour obtenir une résolution acceptable,PROGAV-51-13,Choisir la composition ou l’héritage,0,0.5225981474
modeliser-4.1,Transformer le modèle pour obtenir une résolution acceptable,PROGAV-51-14,Gérer le polymorphisme,0,0.5767889023
modeliser-4.1,Transformer le modèle pour obtenir une résolution acceptable,PROGAV-51-15,Manipuler super en attribut et en constructeur,0,0.5584967136
modeliser-4.1,Transformer le modèle pour obtenir une résolution acceptable,PROGAV-51-16,Utiliser des classes abstraites ou des interfaces,0,0.5392451286
modeliser-4.1,Transformer le modèle pour obtenir une résolution acceptable,PROGAV-51-17,Créer des classes de données simple,0,0.5436429977
modeliser-4.1,Transformer le modèle pour obtenir une résolution acceptable,PROGAV-51-18,Mettre en place une gestion/nomenclature d’erreur,0,0.5315680504
modeliser-4.1,Transformer le modèle pour obtenir une résolution acceptable,PROGAV-51-19,Lancer/Propager/Attraper des exceptions,0,0.5397102833
modeliser-4.1,Transformer le modèle pour obtenir une résolution acceptable,PROGAV-51-20,Expliciter les exceptions,0,0.5649005175
modeliser-4.1,Transformer le modèle pour obtenir une résolution acceptable,PROGAV-51-21,Comprendre l’introspection,0,0.5591946840
modeliser-4.1,Transformer le modèle pour obtenir une résolution acceptable,PROGAV-51-22,Utiliser l’introspection,0,0.5665826201
modeliser-4.1,Transformer le modèle pour obtenir une résolution acceptable,PROGAV-51-23,Concevoir une interface graphique,0,0.5639246702
modeliser-4.1,Transformer le modèle pour obtenir une résolution acceptable,PROGAV-52-1,Choisir le bon type de collection,0,0.5378261805
modeliser-4.1,Transformer le modèle pour obtenir une résolution acceptable,PROGAV-53-1,Utiliser la Généricité,0,0.5450316668
modeliser-4.1,Transformer le modèle pour obtenir une résolution acceptable,PROGAV-53-2,Créer des types génériques,0,0.5562703609
modeliser-4.1,Transformer le modèle pour obtenir une résolution acceptable,PROGAV-53-3,Créer des méthodes génériques,0,0.5592187643
modeliser-4.1,Transformer le modèle pour obtenir une résolution acceptable,PROGAV-53-4,Utiliser des lambdas expressions,0,0.5409042835
modeliser-4.1,Transformer le modèle pour obtenir une résolution acceptable,PROGAV-53-5,Comprendre le fct des Stream de données,0,0.5295662880
modeliser-4.1,Transformer le modèle pour obtenir une résolution acceptable,PROGAV-53-22,Créer des classes/interfaces incomplètes,0,0.5344082713
modeliser-4.1,Transformer le modèle pour obtenir une résolution acceptable,PROGAV-54-3,Utiliser les IO,0,0.5445007086
modeliser-4.1,Transformer le modèle pour obtenir une résolution acceptable,PROGAV-54-4,Utiliser les flux standards,0,0.5703088045
modeliser-4.1,Transformer le modèle pour obtenir une résolution acceptable,PROGAV-61-1,Création de tests unitaires,0,0.5381666422
modeliser-4.1,Transformer le modèle pour obtenir une résolution acceptable,PROGAV-61-2,Utiliser la notion de contrats simples et combinés,0,0.5321356654
modeliser-4.1,Transformer le modèle pour obtenir une résolution acceptable,PROGAV-61-3,Créer des fixtures,0,0.5605597496
modeliser-4.1,Transformer le modèle pour obtenir une résolution acceptable,PROGAV-61-4,Créer et utiliser les suites de tests,0,0.5174154043
modeliser-4.2,Transformer les données pour obtenir une résolution acceptable,PROGAV-33-1,Implémenter un design pattern MVC,0,0.5595210791
modeliser-4.2,Transformer les données pour obtenir une résolution acceptable,PROGAV-33-2,Utiliser la délégation d’événement,0,0.5408803225
modeliser-4.2,Transformer les données pour obtenir une résolution acceptable,PROGAV-40-1,Sérialiser et désérialiser des objets,0,0.5565078259
modeliser-4.2,Transformer les données pour obtenir une résolution acceptable,PROGAV-40-2,Prendre en compte la sensibilité des données,0,0.6045640707
modeliser-4.2,Transformer les données pour obtenir une résolution acceptable,PROGAV-51-1,Choisir les types,0,0.5494967699
modeliser-4.2,Transformer les données pour obtenir une résolution acceptable,PROGAV-51-2,Définir des types,0,0.5487247705
modeliser-4.2,Transformer les données pour obtenir une résolution acceptable,PROGAV-51-3,Créer une classe,0,0.5508165956
modeliser-4.2,Transformer les données pour obtenir une résolution acceptable,PROGAV-51-4,Gérer l’instanciation/destruction d’un objet,0,0.5233835578
modeliser-4.2,Transformer les données pour obtenir une résolution acceptable,PROGAV-51-5,Gérer la visibilité des membres,0,0.5550829172
modeliser-4.2,Transformer les données pour obtenir une résolution acceptable,PROGAV-51-6,Utiliser l’attribut this et les constructeurs this,0,0.5216878653
modeliser-4.2,Transformer les données pour obtenir une résolution acceptable,PROGAV-51-7,Créer/Utiliser des membres d’instances/classes,0,0.5226571560
modeliser-4.2,Transformer les données pour obtenir une résolution acceptable,PROGAV-51-8,Organiser le développement,0,0.5686905384
modeliser-4.2,Transformer les données pour obtenir une résolution acceptable,PROGAV-51-9,Compiler du code java avec et sans bibliothèques,0,0.5068424940
modeliser-4.2,Transformer les données pour obtenir une résolution acceptable,PROGAV-51-10,Exécuter du code java avec et sans bibliothèque,0,0.5108464956
modeliser-4.2,Transformer les données pour obtenir une résolution acceptable,PROGAV-51-11,Créer et manipuler des types énumérés,0,0.5556126833
modeliser-4.2,Transformer les données pour obtenir une résolution acceptable,PROGAV-51-12,Gestion de l’héritage,0,0.5422130823
modeliser-4.2,Transformer les données pour obtenir une résolution acceptable,PROGAV-51-13,Choisir la composition ou l’héritage,0,0.5212382078
modeliser-4.2,Transformer les données pour obtenir une résolution acceptable,PROGAV-51-14,Gérer le polymorphisme,0,0.5612893105
modeliser-4.2,Transformer les données pour obtenir une résolution acceptable,PROGAV-51-15,Manipuler super en attribut et en constructeur,0,0.5528786182
modeliser-4.2,Transformer les données pour obtenir une résolution acceptable,PROGAV-51-16,Utiliser des classes abstraites ou des interfaces,0,0.5365700126
modeliser-4.2,Transformer les données pour obtenir une résolution acceptable,PROGAV-51-17,Créer des classes de données simple,0,0.5781902075
modeliser-4.2,Transformer les données pour obtenir une résolution acceptable,PROGAV-51-18,Mettre en place une gestion/nomenclature d’erreur,0,0.5295981169
modeliser-4.2,Transformer les données pour obtenir une résolution acceptable,PROGAV-51-19,Lancer/Propager/Attraper des exceptions,0,0.5403838754
modeliser-4.2,Transformer les données pour obtenir une résolution acceptable,PROGAV-51-20,Expliciter les exceptions,0,0.5647867322
modeliser-4.2,Transformer les données pour obtenir une résolution acceptable,PROGAV-51-21,Comprendre l’introspection,0,0.5573207140
modeliser-4.2,Transformer les données pour obtenir une résolution acceptable,PROGAV-51-22,Utiliser l’introspection,0,0.5737584233
modeliser-4.2,Transformer les données pour obtenir une résolution acceptable,PROGAV-51-23,Concevoir une interface graphique,0,0.5565057993
modeliser-4.2,Transformer les données pour obtenir une résolution acceptable,PROGAV-52-1,Choisir le bon type de collection,0,0.5331704617
modeliser-4.2,Transformer les données pour obtenir une résolution acceptable,PROGAV-53-1,Utiliser la Généricité,0,0.5528962612
modeliser-4.2,Transformer les données pour obtenir une résolution acceptable,PROGAV-53-2,Créer des types génériques,0,0.5540171862
modeliser-4.2,Transformer les données pour obtenir une résolution acceptable,PROGAV-53-3,Créer des méthodes génériques,0,0.5642223358
modeliser-4.2,Transformer les données pour obtenir une résolution acceptable,PROGAV-53-4,Utiliser des lambdas expressions,0,0.5557027459
modeliser-4.2,Transformer les données pour obtenir une résolution acceptable,PROGAV-53-5,Comprendre le fct des Stream de données,0,0.5595169067
modeliser-4.2,Transformer les données pour obtenir une résolution acceptable,PROGAV-53-22,Créer des classes/interfaces incomplètes,0,0.5304802656
modeliser-4.2,Transformer les données pour obtenir une résolution acceptable,PROGAV-54-3,Utiliser les IO,0,0.5619568825
modeliser-4.2,Transformer les données pour obtenir une résolution acceptable,PROGAV-54-4,Utiliser les flux standards,0,0.5854249597
modeliser-4.2,Transformer les données pour obtenir une résolution acceptable,PROGAV-61-1,Création de tests unitaires,0,0.5469105244
modeliser-4.2,Transformer les données pour obtenir une résolution acceptable,PROGAV-61-2,Utiliser la notion de contrats simples et combinés,0,0.5356307626
modeliser-4.2,Transformer les données pour obtenir une résolution acceptable,PROGAV-61-3,Créer des fixtures,0,0.5634293556
modeliser-4.2,Transformer les données pour obtenir une résolution acceptable,PROGAV-61-4,Créer et utiliser les suites de tests,0,0.5294382572
modeliser-4.3,Construire les modèles statistiques adaptés aux données,PROGAV-33-1,Implémenter un design pattern MVC,0,0.5345425010
modeliser-4.3,Construire les modèles statistiques adaptés aux données,PROGAV-33-2,Utiliser la délégation d’événement,0,0.5269726515
modeliser-4.3,Construire les modèles statistiques adaptés aux données,PROGAV-40-1,Sérialiser et désérialiser des objets,0,0.5330016017
modeliser-4.3,Construire les modèles statistiques adaptés aux données,PROGAV-40-2,Prendre en compte la sensibilité des données,0,0.5746532679
modeliser-4.3,Construire les modèles statistiques adaptés aux données,PROGAV-51-1,Choisir les types,0,0.5533493757
modeliser-4.3,Construire les modèles statistiques adaptés aux données,PROGAV-51-2,Définir des types,0,0.5523912907
modeliser-4.3,Construire les modèles statistiques adaptés aux données,PROGAV-51-3,Créer une classe,0,0.5639615059
modeliser-4.3,Construire les modèles statistiques adaptés aux données,PROGAV-51-4,Gérer l’instanciation/destruction d’un objet,0,0.5086898804
modeliser-4.3,Construire les modèles statistiques adaptés aux données,PROGAV-51-5,Gérer la visibilité des membres,0,0.5334923267
modeliser-4.3,Construire les modèles statistiques adaptés aux données,PROGAV-51-6,Utiliser l’attribut this et les constructeurs this,0,0.5356976390
modeliser-4.3,Construire les modèles statistiques adaptés aux données,PROGAV-51-7,Créer/Utiliser des membres d’instances/classes,0,0.5368502140
modeliser-4.3,Construire les modèles statistiques adaptés aux données,PROGAV-51-8,Organiser le développement,0,0.5676963925
modeliser-4.3,Construire les modèles statistiques adaptés aux données,PROGAV-51-9,Compiler du code java avec et sans bibliothèques,0,0.4917291403
modeliser-4.3,Construire les modèles statistiques adaptés aux données,PROGAV-51-10,Exécuter du code java avec et sans bibliothèque,0,0.4945545197
modeliser-4.3,Construire les modèles statistiques adaptés aux données,PROGAV-51-11,Créer et manipuler des types énumérés,0,0.5593732595
modeliser-4.3,Construire les modèles statistiques adaptés aux données,PROGAV-51-12,Gestion de l’héritage,0,0.5355182290
modeliser-4.3,Construire les modèles statistiques adaptés aux données,PROGAV-51-13,Choisir la composition ou l’héritage,0,0.5046337843
modeliser-4.3,Construire les modèles statistiques adaptés aux données,PROGAV-51-14,Gérer le polymorphisme,0,0.5528632402
modeliser-4.3,Construire les modèles statistiques adaptés aux données,PROGAV-51-15,Manipuler super en attribut et en constructeur,0,0.5532734394
modeliser-4.3,Construire les modèles statistiques adaptés aux données,PROGAV-51-16,Utiliser des classes abstraites ou des interfaces,0,0.5315390825
modeliser-4.3,Construire les modèles statistiques adaptés aux données,PROGAV-51-17,Créer des classes de données simple,0,0.5917972326
modeliser-4.3,Construire les modèles statistiques adaptés aux données,PROGAV-51-18,Mettre en place une gestion/nomenclature d’erreur,0,0.5100960732
modeliser-4.3,Construire les modèles statistiques adaptés aux données,PROGAV-51-19,Lancer/Propager/Attraper des exceptions,0,0.5281298161
modeliser-4.3,Construire les modèles statistiques adaptés aux données,PROGAV-51-20,Expliciter les exceptions,0,0.5493015051
modeliser-4.3,Construire les modèles statistiques adaptés aux données,PROGAV-51-21,Comprendre l’introspection,0,0.5398224592
modeliser-4.3,Construire les modèles statistiques adaptés aux données,PROGAV-51-22,Utiliser l’introspection,0,0.5588611364
modeliser-4.3,Construire les modèles statistiques adaptés aux données,PROGAV-51-23,Concevoir une interface graphique,0,0.5515377522
modeliser-4.3,Construire les modèles statistiques adaptés aux données,PROGAV-52-1,Choisir le bon type de collection,0,0.5156736374
modeliser-4.3,Construire les modèles statistiques adaptés aux données,PROGAV-53-1,Utiliser la Généricité,0,0.5396144986
modeliser-4.3,Construire les modèles statistiques adaptés aux données,PROGAV-53-2,Créer des types génériques,0,0.5622504950
modeliser-4.3,Construire les modèles statistiques adaptés aux données,PROGAV-53-3,Créer des méthodes génériques,0,0.5755205750
modeliser-4.3,Construire les modèles statistiques adaptés aux données,PROGAV-53-4,Utiliser des lambdas expressions,0,0.5364808440
modeliser-4.3,Construire les modèles statistiques adaptés aux données,PROGAV-53-5,Comprendre le fct des Stream de données,0,0.5434150696
modeliser-4.3,Construire les modèles statistiques adaptés aux données,PROGAV-53-22,Créer des classes/interfaces incomplètes,0,0.5384771228
modeliser-4.3,Construire les modèles statistiques adaptés aux données,PROGAV-54-3,Utiliser les IO,0,0.5444188118
modeliser-4.3,Construire les modèles statistiques adaptés aux données,PROGAV-54-4,Utiliser les flux standards,0,0.5641092062
modeliser-4.3,Construire les modèles statistiques adaptés aux données,PROGAV-61-1,Création de tests unitaires,0,0.5570032001
modeliser-4.3,Construire les modèles statistiques adaptés aux données,PROGAV-61-2,Utiliser la notion de contrats simples et combinés,0,0.5236755013
modeliser-4.3,Construire les modèles statistiques adaptés aux données,PROGAV-61-3,Créer des fixtures,0,0.5717712641
modeliser-4.3,Construire les modèles statistiques adaptés aux données,PROGAV-61-4,Créer et utiliser les suites de tests,0,0.5467394590
modeliser-4.4,Évaluer les besoins en ressources,PROGAV-33-1,Implémenter un design pattern MVC,0,0.5266336203
modeliser-4.4,Évaluer les besoins en ressources,PROGAV-33-2,Utiliser la délégation d’événement,0,0.5329315066
modeliser-4.4,Évaluer les besoins en ressources,PROGAV-40-1,Sérialiser et désérialiser des objets,0,0.5354653597
modeliser-4.4,Évaluer les besoins en ressources,PROGAV-40-2,Prendre en compte la sensibilité des données,0,0.5537742376
modeliser-4.4,Évaluer les besoins en ressources,PROGAV-51-1,Choisir les types,0,0.5436066389
modeliser-4.4,Évaluer les besoins en ressources,PROGAV-51-2,Définir des types,0,0.5440774560
modeliser-4.4,Évaluer les besoins en ressources,PROGAV-51-3,Créer une classe,0,0.5365035534
modeliser-4.4,Évaluer les besoins en ressources,PROGAV-51-4,Gérer l’instanciation/destruction d’un objet,0,0.5160700679
modeliser-4.4,Évaluer les besoins en ressources,PROGAV-51-5,Gérer la visibilité des membres,0,0.5328413248
modeliser-4.4,Évaluer les besoins en ressources,PROGAV-51-6,Utiliser l’attribut this et les constructeurs this,0,0.5170232058
modeliser-4.4,Évaluer les besoins en ressources,PROGAV-51-7,Créer/Utiliser des membres d’instances/classes,0,0.5153085589
modeliser-4.4,Évaluer les besoins en ressources,PROGAV-51-8,Organiser le développement,0,0.5578798652
modeliser-4.4,Évaluer les besoins en ressources,PROGAV-51-9,Compiler du code java avec et sans bibliothèques,0,0.4927887917
modeliser-4.4,Évaluer les besoins en ressources,PROGAV-51-10,Exécuter du code java avec et sans bibliothèque,0,0.4995114803
modeliser-4.4,Évaluer les besoins en ressources,PROGAV-51-11,Créer et manipuler des types énumérés,0,0.5317131877
modeliser-4.4,Évaluer les besoins en ressources,PROGAV-51-12,Gestion de l’héritage,0,0.5482333899
modeliser-4.4,Évaluer les besoins en ressources,PROGAV-51-13,Choisir la composition ou l’héritage,0,0.5079356432
modeliser-4.4,Évaluer les besoins en ressources,PROGAV-51-14,Gérer le polymorphisme,0,0.5437450409
modeliser-4.4,Évaluer les besoins en ressources,PROGAV-51-15,Manipuler super en attribut et en constructeur,0,0.5365440249
modeliser-4.4,Évaluer les besoins en ressources,PROGAV-51-16,Utiliser des classes abstraites ou des interfaces,0,0.5333198309
modeliser-4.4,Évaluer les besoins en ressources,PROGAV-51-17,Créer des classes de données simple,0,0.5281739235
modeliser-4.4,Évaluer les besoins en ressources,PROGAV-51-18,Mettre en place une gestion/nomenclature d’erreur,0,0.5172069073
modeliser-4.4,Évaluer les besoins en ressources,PROGAV-51-19,Lancer/Propager/Attraper des exceptions,0,0.5295642614
modeliser-4.4,Évaluer les besoins en ressources,PROGAV-51-20,Expliciter les exceptions,0,0.5594112873
modeliser-4.4,Évaluer les besoins en ressources,PROGAV-51-21,Comprendre l’introspection,0,0.5472602844
modeliser-4.4,Évaluer les besoins en ressources,PROGAV-51-22,Utiliser l’introspection,0,0.5670874715
modeliser-4.4,Évaluer les besoins en ressources,PROGAV-51-23,Concevoir une interface graphique,0,0.5376300216
modeliser-4.4,Évaluer les besoins en ressources,PROGAV-52-1,Choisir le bon type de collection,0,0.5289875269
modeliser-4.4,Évaluer les besoins en ressources,PROGAV-53-1,Utiliser la Généricité,0,0.5482395291
modeliser-4.4,Évaluer les besoins en ressources,PROGAV-53-2,Créer des types génériques,0,0.5314128399
modeliser-4.4,Évaluer les besoins en ressources,PROGAV-53-3,Créer des méthodes génériques,0,0.5353875756
modeliser-4.4,Évaluer les besoins en ressources,PROGAV-53-4,Utiliser des lambdas expressions,0,0.5394610167
modeliser-4.4,Évaluer les besoins en ressources,PROGAV-53-5,Comprendre le fct des Stream de données,0,0.5242298245
modeliser-4.4,Évaluer les besoins en ressources,PROGAV-53-22,Créer des classes/interfaces incomplètes,0,0.5151959658
modeliser-4.4,Évaluer les besoins en ressources,PROGAV-54-3,Utiliser les IO,0,0.5567088127
modeliser-4.4,Évaluer les besoins en ressources,PROGAV-54-4,Utiliser les flux standards,0,0.5741237402
modeliser-4.4,Évaluer les besoins en ressources,PROGAV-61-1,Création de tests unitaires,0,0.5301471949
modeliser-4.4,Évaluer les besoins en ressources,PROGAV-61-2,Utiliser la notion de contrats simples et combinés,0,0.5335379839
modeliser-4.4,Évaluer les besoins en ressources,PROGAV-61-3,Créer des fixtures,0,0.5414319038
modeliser-4.4,Évaluer les besoins en ressources,PROGAV-61-4,Créer et utiliser les suites de tests,0,0.5131838322
concevoir-1.1,Transposer une expression formelle en algorithme et vice-versa,PROGAV-33-1,Implémenter un design pattern MVC,0,0.5305625200
concevoir-1.1,Transposer une expression formelle en algorithme et vice-versa,PROGAV-33-2,Utiliser la délégation d’événement,0,0.5236164331
concevoir-1.1,Transposer une expression formelle en algorithme et vice-versa,PROGAV-40-1,Sérialiser et désérialiser des objets,0,0.5349797010
concevoir-1.1,Transposer une expression formelle en algorithme et vice-versa,PROGAV-40-2,Prendre en compte la sensibilité des données,0,0.5245213509
concevoir-1.1,Transposer une expression formelle en algorithme et vice-versa,PROGAV-51-1,Choisir les types,0,0.5337439179
concevoir-1.1,Transposer une expression formelle en algorithme et vice-versa,PROGAV-51-2,Définir des types,0,0.5393302441
concevoir-1.1,Transposer une expression formelle en algorithme et vice-versa,PROGAV-51-3,Créer une classe,0,0.5351384878
concevoir-1.1,Transposer une expression formelle en algorithme et vice-versa,PROGAV-51-4,Gérer l’instanciation/destruction d’un objet,0,0.5071542263
concevoir-1.1,Transposer une expression formelle en algorithme et vice-versa,PROGAV-51-5,Gérer la visibilité des membres,0,0.5210981369
concevoir-1.1,Transposer une expression formelle en algorithme et vice-versa,PROGAV-51-6,Utiliser l’attribut this et les constructeurs this,0,0.5128805637
concevoir-1.1,Transposer une expression formelle en algorithme et vice-versa,PROGAV-51-7,Créer/Utiliser des membres d’instances/classes,0,0.5043315291
concevoir-1.1,Transposer une expression formelle en algorithme et vice-versa,PROGAV-51-8,Organiser le développement,0,0.5519418120
concevoir-1.1,Transposer une expression formelle en algorithme et vice-versa,PROGAV-51-9,Compiler du code java avec et sans bibliothèques,0,0.4976470470
concevoir-1.1,Transposer une expression formelle en algorithme et vice-versa,PROGAV-51-10,Exécuter du code java avec et sans bibliothèque,0,0.5080186129
concevoir-1.1,Transposer une expression formelle en algorithme et vice-versa,PROGAV-51-11,Créer et manipuler des types énumérés,0,0.5404000282
concevoir-1.1,Transposer une expression formelle en algorithme et vice-versa,PROGAV-51-12,Gestion de l’héritage,0,0.5264123678
concevoir-1.1,Transposer une expression formelle en algorithme et vice-versa,PROGAV-51-13,Choisir la composition ou l’héritage,0,0.5051304102
concevoir-1.1,Transposer une expression formelle en algorithme et vice-versa,PROGAV-51-14,Gérer le polymorphisme,0,0.5479824543
concevoir-1.1,Transposer une expression formelle en algorithme et vice-versa,PROGAV-51-15,Manipuler super en attribut et en constructeur,0,0.5409741998
concevoir-1.1,Transposer une expression formelle en algorithme et vice-versa,PROGAV-51-16,Utiliser des classes abstraites ou des interfaces,0,0.5225735903
concevoir-1.1,Transposer une expression formelle en algorithme et vice-versa,PROGAV-51-17,Créer des classes de données simple,0,0.5228835344
concevoir-1.1,Transposer une expression formelle en algorithme et vice-versa,PROGAV-51-18,Mettre en place une gestion/nomenclature d’erreur,0,0.5056901574
concevoir-1.1,Transposer une expression formelle en algorithme et vice-versa,PROGAV-51-19,Lancer/Propager/Attraper des exceptions,0,0.5324584246
concevoir-1.1,Transposer une expression formelle en algorithme et vice-versa,PROGAV-51-20,Expliciter les exceptions,0,0.5647851229
concevoir-1.1,Transposer une expression formelle en algorithme et vice-versa,PROGAV-51-21,Comprendre l’introspection,0,0.5326911211
concevoir-1.1,Transposer une expression formelle en algorithme et vice-versa,PROGAV-51-22,Utiliser l’introspection,0,0.5526591539
concevoir-1.1,Transposer une expression formelle en algorithme et vice-versa,PROGAV-51-23,Concevoir une interface graphique,0,0.5296393633
concevoir-1.1,Transposer une expression formelle en algorithme et vice-versa,PROGAV-52-1,Choisir le bon type de collection,0,0.5075639486
concevoir-1.1,Transposer une expression formelle en algorithme et vice-versa,PROGAV-53-1,Utiliser la Généricité,0,0.5329544544
concevoir-1.1,Transposer une expression formelle en algorithme et vice-versa,PROGAV-53-2,Créer des types génériques,0,0.5302733183
concevoir-1.1,Transposer une expression formelle en algorithme et vice-versa,PROGAV-53-3,Créer des méthodes génériques,0,0.5404237509
concevoir-1.1,Transposer une expression formelle en algorithme et vice-versa,PROGAV-53-4,Utiliser des lambdas expressions,0,0.5686060190
concevoir-1.1,Transposer une expression formelle en algorithme et vice-versa,PROGAV-53-5,Comprendre le fct des Stream de données,0,0.5101434588
concevoir-1.1,Transposer une expression formelle en algorithme et vice-versa,PROGAV-53-22,Créer des classes/interfaces incomplètes,0,0.5101541281
concevoir-1.1,Transposer une expression formelle en algorithme et vice-versa,PROGAV-54-3,Utiliser les IO,0,0.5364570618
concevoir-1.1,Transposer une expression formelle en algorithme et vice-versa,PROGAV-54-4,Utiliser les flux standards,0,0.5513936281
concevoir-1.1,Transposer une expression formelle en algorithme et vice-versa,PROGAV-61-1,Création de tests unitaires,0,0.5195404291
concevoir-1.1,Transposer une expression formelle en algorithme et vice-versa,PROGAV-61-2,Utiliser la notion de contrats simples et combinés,0,0.5160608888
concevoir-1.1,Transposer une expression formelle en algorithme et vice-versa,PROGAV-61-3,Créer des fixtures,0,0.5354794860
concevoir-1.1,Transposer une expression formelle en algorithme et vice-versa,PROGAV-61-4,Créer et utiliser les suites de tests,0,0.5027275681
concevoir-1.2,Transposer une représentation formelle en structure de données et vice-versa,PROGAV-33-1,Implémenter un design pattern MVC,0,0.5452443361
concevoir-1.2,Transposer une représentation formelle en structure de données et vice-versa,PROGAV-33-2,Utiliser la délégation d’événement,0,0.5330381989
concevoir-1.2,Transposer une représentation formelle en structure de données et vice-versa,PROGAV-40-1,Sérialiser et désérialiser des objets,0,0.5465315580
concevoir-1.2,Transposer une représentation formelle en structure de données et vice-versa,PROGAV-40-2,Prendre en compte la sensibilité des données,0,0.5605572462
concevoir-1.2,Transposer une représentation formelle en structure de données et vice-versa,PROGAV-51-1,Choisir les types,0,0.5430483818
concevoir-1.2,Transposer une représentation formelle en structure de données et vice-versa,PROGAV-51-2,Définir des types,0,0.5530334711
concevoir-1.2,Transposer une représentation formelle en structure de données et vice-versa,PROGAV-51-3,Créer une classe,0,0.5561431646
concevoir-1.2,Transposer une représentation formelle en structure de données et vice-versa,PROGAV-51-4,Gérer l’instanciation/destruction d’un objet,0,0.5163669586
concevoir-1.2,Transposer une représentation formelle en structure de données et vice-versa,PROGAV-51-5,Gérer la visibilité des membres,0,0.5308771133
concevoir-1.2,Transposer une représentation formelle en structure de données et vice-versa,PROGAV-51-6,Utiliser l’attribut this et les constructeurs this,0,0.5194973350
concevoir-1.2,Transposer une représentation formelle en structure de données et vice-versa,PROGAV-51-7,Créer/Utiliser des membres d’instances/classes,0,0.5179351568
concevoir-1.2,Transposer une représentation formelle en structure de données et vice-versa,PROGAV-51-8,Organiser le développement,0,0.5568042397
concevoir-1.2,Transposer une représentation formelle en structure de données et vice-versa,PROGAV-51-9,Compiler du code java avec et sans bibliothèques,0,0.4948691726
concevoir-1.2,Transposer une représentation formelle en structure de données et vice-versa,PROGAV-51-10,Exécuter du code java avec et sans bibliothèque,0,0.4984003305
concevoir-1.2,Transposer une représentation formelle en structure de données et vice-versa,PROGAV-51-11,Créer et manipuler des types énumérés,0,0.5530751944
concevoir-1.2,Transposer une représentation formelle en structure de données et vice-versa,PROGAV-51-12,Gestion de l’héritage,0,0.5326396227
concevoir-1.2,Transposer une représentation formelle en structure de données et vice-versa,PROGAV-51-13,Choisir la composition ou l’héritage,0,0.5144308209
concevoir-1.2,Transposer une représentation formelle en structure de données et vice-versa,PROGAV-51-14,Gérer le polymorphisme,0,0.5665806532
concevoir-1.2,Transposer une représentation formelle en structure de données et vice-versa,PROGAV-51-15,Manipuler super en attribut et en constructeur,0,0.5422053337
concevoir-1.2,Transposer une représentation formelle en structure de données et vice-versa,PROGAV-51-16,Utiliser des classes abstraites ou des interfaces,0,0.5330468416
concevoir-1.2,Transposer une représentation formelle en structure de données et vice-versa,PROGAV-51-17,Créer des classes de données simple,0,0.5781209469
concevoir-1.2,Transposer une représentation formelle en structure de données et vice-versa,PROGAV-51-18,Mettre en place une gestion/nomenclature d’erreur,0,0.5131477714
concevoir-1.2,Transposer une représentation formelle en structure de données et vice-versa,PROGAV-51-19,Lancer/Propager/Attraper des exceptions,0,0.5318409204
concevoir-1.2,Transposer une représentation formelle en structure de données et vice-versa,PROGAV-51-20,Expliciter les exceptions,0,0.5563111901
concevoir-1.2,Transposer une représentation formelle en structure de données et vice-versa,PROGAV-51-21,Comprendre l’introspection,0,0.5410595536
concevoir-1.2,Transposer une représentation formelle en structure de données et vice-versa,PROGAV-51-22,Utiliser l’introspection,0,0.5605480671
concevoir-1.2,Transposer une représentation formelle en structure de données et vice-versa,PROGAV-51-23,Concevoir une interface graphique,0,0.5470813513
concevoir-1.2,Transposer une représentation formelle en structure de données et vice-versa,PROGAV-52-1,Choisir le bon type de collection,0,0.5176212788
concevoir-1.2,Transposer une représentation formelle en structure de données et vice-versa,PROGAV-53-1,Utiliser la Généricité,0,0.5413014293
concevoir-1.2,Transposer une représentation formelle en structure de données et vice-versa,PROGAV-53-2,Créer des types génériques,0,0.5493409038
concevoir-1.2,Transposer une représentation formelle en structure de données et vice-versa,PROGAV-53-3,Créer des méthodes génériques,0,0.5512940884
concevoir-1.2,Transposer une représentation formelle en structure de données et vice-versa,PROGAV-53-4,Utiliser des lambdas expressions,0,0.5413594246
concevoir-1.2,Transposer une représentation formelle en structure de données et vice-versa,PROGAV-53-5,Comprendre le fct des Stream de données,0,0.5413264036
concevoir-1.2,Transposer une représentation formelle en structure de données et vice-versa,PROGAV-53-22,Créer des classes/interfaces incomplètes,0,0.5254639387
concevoir-1.2,Transposer une représentation formelle en structure de données et vice-versa,PROGAV-54-3,Utiliser les IO,0,0.5434808731
concevoir-1.2,Transposer une représentation formelle en structure de données et vice-versa,PROGAV-54-4,Utiliser les flux standards,0,0.5581291914
concevoir-1.2,Transposer une représentation formelle en structure de données et vice-versa,PROGAV-61-1,Création de tests unitaires,0,0.5291957855
concevoir-1.2,Transposer une représentation formelle en structure de données et vice-versa,PROGAV-61-2,Utiliser la notion de contrats simples et combinés,0,0.5262977481
concevoir-1.2,Transposer une représentation formelle en structure de données et vice-versa,PROGAV-61-3,Créer des fixtures,0,0.5555121899
concevoir-1.2,Transposer une représentation formelle en structure de données et vice-versa,PROGAV-61-4,Créer et utiliser les suites de tests,0,0.5104595423
concevoir-1.3,Intégrer des composants logiciels ou physiques au sein d’un système,PROGAV-33-1,Implémenter un design pattern MVC,0,0.5518218875
concevoir-1.3,Intégrer des composants logiciels ou physiques au sein d’un système,PROGAV-33-2,Utiliser la délégation d’événement,0,0.5384978056
concevoir-1.3,Intégrer des composants logiciels ou physiques au sein d’un système,PROGAV-40-1,Sérialiser et désérialiser des objets,0,0.5453040004
concevoir-1.3,Intégrer des composants logiciels ou physiques au sein d’un système,PROGAV-40-2,Prendre en compte la sensibilité des données,0,0.5323895216
concevoir-1.3,Intégrer des composants logiciels ou physiques au sein d’un système,PROGAV-51-1,Choisir les types,0,0.5425454974
concevoir-1.3,Intégrer des composants logiciels ou physiques au sein d’un système,PROGAV-51-2,Définir des types,0,0.5697925687
concevoir-1.3,Intégrer des composants logiciels ou physiques au sein d’un système,PROGAV-51-3,Créer une classe,0,0.5510638356
concevoir-1.3,Intégrer des composants logiciels ou physiques au sein d’un système,PROGAV-51-4,Gérer l’instanciation/destruction d’un objet,0,0.5205314159
concevoir-1.3,Intégrer des composants logiciels ou physiques au sein d’un système,PROGAV-51-5,Gérer la visibilité des membres,0,0.5340033174
concevoir-1.3,Intégrer des composants logiciels ou physiques au sein d’un système,PROGAV-51-6,Utiliser l’attribut this et les constructeurs this,0,0.5416331887
concevoir-1.3,Intégrer des composants logiciels ou physiques au sein d’un système,PROGAV-51-7,Créer/Utiliser des membres d’instances/classes,0,0.5350153446
concevoir-1.3,Intégrer des composants logiciels ou physiques au sein d’un système,PROGAV-51-8,Organiser le développement,0,0.5603384972
concevoir-1.3,Intégrer des composants logiciels ou physiques au sein d’un système,PROGAV-51-9,Compiler du code java avec et sans bibliothèques,0,0.4951133728
concevoir-1.3,Intégrer des composants logiciels ou physiques au sein d’un système,PROGAV-51-10,Exécuter du code java avec et sans bibliothèque,0,0.5014919043
concevoir-1.3,Intégrer des composants logiciels ou physiques au sein d’un système,PROGAV-51-11,Créer et manipuler des types énumérés,0,0.5453963280
concevoir-1.3,Intégrer des composants logiciels ou physiques au sein d’un système,PROGAV-51-12,Gestion de l’héritage,0,0.5420195460
concevoir-1.3,Intégrer des composants logiciels ou physiques au sein d’un système,PROGAV-51-13,Choisir la composition ou l’héritage,0,0.5194895267
concevoir-1.3,Intégrer des composants logiciels ou physiques au sein d’un système,PROGAV-51-14,Gérer le polymorphisme,0,0.5448958874
concevoir-1.3,Intégrer des composants logiciels ou physiques au sein d’un système,PROGAV-51-15,Manipuler super en attribut et en constructeur,0,0.5411276221
concevoir-1.3,Intégrer des composants logiciels ou physiques au sein d’un système,PROGAV-51-16,Utiliser des classes abstraites ou des interfaces,0,0.5570756197
concevoir-1.3,Intégrer des composants logiciels ou physiques au sein d’un système,PROGAV-51-17,Créer des classes de données simple,0,0.5340204835
concevoir-1.3,Intégrer des composants logiciels ou physiques au sein d’un système,PROGAV-51-18,Mettre en place une gestion/nomenclature d’erreur,0,0.5319772959
concevoir-1.3,Intégrer des composants logiciels ou physiques au sein d’un système,PROGAV-51-19,Lancer/Propager/Attraper des exceptions,0,0.5354188681
concevoir-1.3,Intégrer des composants logiciels ou physiques au sein d’un système,PROGAV-51-20,Expliciter les exceptions,0,0.5556133986
concevoir-1.3,Intégrer des composants logiciels ou physiques au sein d’un système,PROGAV-51-21,Comprendre l’introspection,0,0.5407549143
concevoir-1.3,Intégrer des composants logiciels ou physiques au sein d’un système,PROGAV-51-22,Utiliser l’introspection,0,0.5726531148
concevoir-1.3,Intégrer des composants logiciels ou physiques au sein d’un système,PROGAV-51-23,Concevoir une interface graphique,0,0.5617507100
concevoir-1.3,Intégrer des composants logiciels ou physiques au sein d’un système,PROGAV-52-1,Choisir le bon type de collection,0,0.5202899575
concevoir-1.3,Intégrer des composants logiciels ou physiques au sein d’un système,PROGAV-53-1,Utiliser la Généricité,0,0.5498632789
concevoir-1.3,Intégrer des composants logiciels ou physiques au sein d’un système,PROGAV-53-2,Créer des types génériques,0,0.5438839197
concevoir-1.3,Intégrer des composants logiciels ou physiques au sein d’un système,PROGAV-53-3,Créer des méthodes génériques,0,0.5495660305
concevoir-1.3,Intégrer des composants logiciels ou physiques au sein d’un système,PROGAV-53-4,Utiliser des lambdas expressions,0,0.5357671380
concevoir-1.3,Intégrer des composants logiciels ou physiques au sein d’un système,PROGAV-53-5,Comprendre le fct des Stream de données,0,0.5167389512
concevoir-1.3,Intégrer des composants logiciels ou physiques au sein d’un système,PROGAV-53-22,Créer des classes/interfaces incomplètes,0,0.5300672650
concevoir-1.3,Intégrer des composants logiciels ou physiques au sein d’un système,PROGAV-54-3,Utiliser les IO,0,0.5611597300
concevoir-1.3,Intégrer des composants logiciels ou physiques au sein d’un système,PROGAV-54-4,Utiliser les flux standards,0,0.5617994666
concevoir-1.3,Intégrer des composants logiciels ou physiques au sein d’un système,PROGAV-61-1,Création de tests unitaires,0,0.5333863497
concevoir-1.3,Intégrer des composants logiciels ou physiques au sein d’un système,PROGAV-61-2,Utiliser la notion de contrats simples et combinés,0,0.5372647047
concevoir-1.3,Intégrer des composants logiciels ou physiques au sein d’un système,PROGAV-61-3,Créer des fixtures,0,0.5814007521
concevoir-1.3,Intégrer des composants logiciels ou physiques au sein d’un système,PROGAV-61-4,Créer et utiliser les suites de tests,0,0.5231550932
concevoir-2.1,Sélectionner les structures de données dont la complexité (en temps et en espace) est adaptée,PROGAV-33-1,Implémenter un design pattern MVC,0,0.5320304632
concevoir-2.1,Sélectionner les structures de données dont la complexité (en temps et en espace) est adaptée,PROGAV-33-2,Utiliser la délégation d’événement,0,0.5316301584
concevoir-2.1,Sélectionner les structures de données dont la complexité (en temps et en espace) est adaptée,PROGAV-40-1,Sérialiser et désérialiser des objets,0,0.5390772223
concevoir-2.1,Sélectionner les structures de données dont la complexité (en temps et en espace) est adaptée,PROGAV-40-2,Prendre en compte la sensibilité des données,0,0.5861252546
concevoir-2.1,Sélectionner les structures de données dont la complexité (en temps et en espace) est adaptée,PROGAV-51-1,Choisir les types,0,0.6011801958
concevoir-2.1,Sélectionner les structures de données dont la complexité (en temps et en espace) est adaptée,PROGAV-51-2,Définir des types,0,0.5560227633
concevoir-2.1,Sélectionner les structures de données dont la complexité (en temps et en espace) est adaptée,PROGAV-51-3,Créer une classe,0,0.5403958559
concevoir-2.1,Sélectionner les structures de données dont la complexité (en temps et en espace) est adaptée,PROGAV-51-4,Gérer l’instanciation/destruction d’un objet,0,0.5093600750
concevoir-2.1,Sélectionner les structures de données dont la complexité (en temps et en espace) est adaptée,PROGAV-51-5,Gérer la visibilité des membres,0,0.5342750549
concevoir-2.1,Sélectionner les structures de données dont la complexité (en temps et en espace) est adaptée,PROGAV-51-6,Utiliser l’attribut this et les constructeurs this,0,0.5302273035
concevoir-2.1,Sélectionner les structures de données dont la complexité (en temps et en espace) est adaptée,PROGAV-51-7,Créer/Utiliser des membres d’instances/classes,0,0.5216088295
concevoir-2.1,Sélectionner les structures de données dont la complexité (en temps et en espace) est adaptée,PROGAV-51-8,Organiser le développement,0,0.5586044788
concevoir-2.1,Sélectionner les structures de données dont la complexité (en temps et en espace) est adaptée,PROGAV-51-9,Compiler du code java avec et sans bibliothèques,0,0.4900471270
concevoir-2.1,Sélectionner les structures de données dont la complexité (en temps et en espace) est adaptée,PROGAV-51-10,Exécuter du code java avec et sans bibliothèque,0,0.4950805306
concevoir-2.1,Sélectionner les structures de données dont la complexité (en temps et en espace) est adaptée,PROGAV-51-11,Créer et manipuler des types énumérés,0,0.5384747386
concevoir-2.1,Sélectionner les structures de données dont la complexité (en temps et en espace) est adaptée,PROGAV-51-12,Gestion de l’héritage,0,0.5372760892
concevoir-2.1,Sélectionner les structures de données dont la complexité (en temps et en espace) est adaptée,PROGAV-51-13,Choisir la composition ou l’héritage,0,0.5452940464
concevoir-2.1,Sélectionner les structures de données dont la complexité (en temps et en espace) est adaptée,PROGAV-51-14,Gérer le polymorphisme,0,0.5443520546
concevoir-2.1,Sélectionner les structures de données dont la complexité (en temps et en espace) est adaptée,PROGAV-51-15,Manipuler super en attribut et en constructeur,0,0.5386001468
concevoir-2.1,Sélectionner les structures de données dont la complexité (en temps et en espace) est adaptée,PROGAV-51-16,Utiliser des classes abstraites ou des interfaces,0,0.5495499969
concevoir-2.1,Sélectionner les structures de données dont la complexité (en temps et en espace) est adaptée,PROGAV-51-17,Créer des classes de données simple,0,0.5827330351
concevoir-2.1,Sélectionner les structures de données dont la complexité (en temps et en espace) est adaptée,PROGAV-51-18,Mettre en place une gestion/nomenclature d’erreur,0,0.5104613900
concevoir-2.1,Sélectionner les structures de données dont la complexité (en temps et en espace) est adaptée,PROGAV-51-19,Lancer/Propager/Attraper des exceptions,0,0.5247644186
concevoir-2.1,Sélectionner les structures de données dont la complexité (en temps et en espace) est adaptée,PROGAV-51-20,Expliciter les exceptions,0,0.5528301001
concevoir-2.1,Sélectionner les structures de données dont la complexité (en temps et en espace) est adaptée,PROGAV-51-21,Comprendre l’introspection,0,0.5428780913
concevoir-2.1,Sélectionner les structures de données dont la complexité (en temps et en espace) est adaptée,PROGAV-51-22,Utiliser l’introspection,0,0.5628453493
concevoir-2.1,Sélectionner les structures de données dont la complexité (en temps et en espace) est adaptée,PROGAV-51-23,Concevoir une interface graphique,0,0.5448935032
concevoir-2.1,Sélectionner les structures de données dont la complexité (en temps et en espace) est adaptée,PROGAV-52-1,Choisir le bon type de collection,0,0.5641539097
concevoir-2.1,Sélectionner les structures de données dont la complexité (en temps et en espace) est adaptée,PROGAV-53-1,Utiliser la Généricité,0,0.5433944464
concevoir-2.1,Sélectionner les structures de données dont la complexité (en temps et en espace) est adaptée,PROGAV-53-2,Créer des types génériques,0,0.5407491922
concevoir-2.1,Sélectionner les structures de données dont la complexité (en temps et en espace) est adaptée,PROGAV-53-3,Créer des méthodes génériques,0,0.5465491414
concevoir-2.1,Sélectionner les structures de données dont la complexité (en temps et en espace) est adaptée,PROGAV-53-4,Utiliser des lambdas expressions,0,0.5337851048
concevoir-2.1,Sélectionner les structures de données dont la complexité (en temps et en espace) est adaptée,PROGAV-53-5,Comprendre le fct des Stream de données,0,0.5432872176
concevoir-2.1,Sélectionner les structures de données dont la complexité (en temps et en espace) est adaptée,PROGAV-53-22,Créer des classes/interfaces incomplètes,0,0.5249449015
concevoir-2.1,Sélectionner les structures de données dont la complexité (en temps et en espace) est adaptée,PROGAV-54-3,Utiliser les IO,0,0.5510386229
concevoir-2.1,Sélectionner les structures de données dont la complexité (en temps et en espace) est adaptée,PROGAV-54-4,Utiliser les flux standards,0,0.5676653385
concevoir-2.1,Sélectionner les structures de données dont la complexité (en temps et en espace) est adaptée,PROGAV-61-1,Création de tests unitaires,0,0.5310367942
concevoir-2.1,Sélectionner les structures de données dont la complexité (en temps et en espace) est adaptée,PROGAV-61-2,Utiliser la notion de contrats simples et combinés,0,0.5327843428
concevoir-2.1,Sélectionner les structures de données dont la complexité (en temps et en espace) est adaptée,PROGAV-61-3,Créer des fixtures,0,0.5630733967
concevoir-2.1,Sélectionner les structures de données dont la complexité (en temps et en espace) est adaptée,PROGAV-61-4,Créer et utiliser les suites de tests,0,0.5265684128
concevoir-2.2,Choisir les patrons de conception,PROGAV-33-1,Implémenter un design pattern MVC,1,0.5669564605
concevoir-2.2,Choisir les patrons de conception,PROGAV-33-2,Utiliser la délégation d’événement,1,0.5292816758
concevoir-2.2,Choisir les patrons de conception,PROGAV-40-1,Sérialiser et désérialiser des objets,0,0.5395469666
concevoir-2.2,Choisir les patrons de conception,PROGAV-40-2,Prendre en compte la sensibilité des données,0,0.5289286971
concevoir-2.2,Choisir les patrons de conception,PROGAV-51-1,Choisir les types,0,0.6293845177
concevoir-2.2,Choisir les patrons de conception,PROGAV-51-2,Définir des types,0,0.5501294136
concevoir-2.2,Choisir les patrons de conception,PROGAV-51-3,Créer une classe,0,0.5541510582
concevoir-2.2,Choisir les patrons de conception,PROGAV-51-4,Gérer l’instanciation/destruction d’un objet,0,0.5152719021
concevoir-2.2,Choisir les patrons de conception,PROGAV-51-5,Gérer la visibilité des membres,0,0.5401455760
concevoir-2.2,Choisir les patrons de conception,PROGAV-51-6,Utiliser l’attribut this et les constructeurs this,0,0.5562303066
concevoir-2.2,Choisir les patrons de conception,PROGAV-51-7,Créer/Utiliser des membres d’instances/classes,0,0.5380407572
concevoir-2.2,Choisir les patrons de conception,PROGAV-51-8,Organiser le développement,0,0.5630246401
concevoir-2.2,Choisir les patrons de conception,PROGAV-51-9,Compiler du code java avec et sans bibliothèques,0,0.4958851635
concevoir-2.2,Choisir les patrons de conception,PROGAV-51-10,Exécuter du code java avec et sans bibliothèque,0,0.5010904074
concevoir-2.2,Choisir les patrons de conception,PROGAV-51-11,Créer et manipuler des types énumérés,0,0.5557883382
concevoir-2.2,Choisir les patrons de conception,PROGAV-51-12,Gestion de l’héritage,0,0.5432833433
concevoir-2.2,Choisir les patrons de conception,PROGAV-51-13,Choisir la composition ou l’héritage,0,0.5745025873
concevoir-2.2,Choisir les patrons de conception,PROGAV-51-14,Gérer le polymorphisme,0,0.5520888567
concevoir-2.2,Choisir les patrons de conception,PROGAV-51-15,Manipuler super en attribut et en constructeur,0,0.5481500626
concevoir-2.2,Choisir les patrons de conception,PROGAV-51-16,Utiliser des classes abstraites ou des interfaces,0,0.5418821573
concevoir-2.2,Choisir les patrons de conception,PROGAV-51-17,Créer des classes de données simple,0,0.5328541994
concevoir-2.2,Choisir les patrons de conception,PROGAV-51-18,Mettre en place une gestion/nomenclature d’erreur,0,0.5099210143
concevoir-2.2,Choisir les patrons de conception,PROGAV-51-19,Lancer/Propager/Attraper des exceptions,0,0.5283052921
concevoir-2.2,Choisir les patrons de conception,PROGAV-51-20,Expliciter les exceptions,0,0.5541590452
concevoir-2.2,Choisir les patrons de conception,PROGAV-51-21,Comprendre l’introspection,0,0.5374890566
concevoir-2.2,Choisir les patrons de conception,PROGAV-51-22,Utiliser l’introspection,0,0.5564672947
concevoir-2.2,Choisir les patrons de conception,PROGAV-51-23,Concevoir une interface graphique,0,0.5674851537
concevoir-2.2,Choisir les patrons de conception,PROGAV-52-1,Choisir le bon type de collection,0,0.5814195275
concevoir-2.2,Choisir les patrons de conception,PROGAV-53-1,Utiliser la Généricité,0,0.5397485495
concevoir-2.2,Choisir les patrons de conception,PROGAV-53-2,Créer des types génériques,0,0.5625231266
concevoir-2.2,Choisir les patrons de conception,PROGAV-53-3,Créer des méthodes génériques,0,0.5655554533
concevoir-2.2,Choisir les patrons de conception,PROGAV-53-4,Utiliser des lambdas expressions,0,0.5268552899
concevoir-2.2,Choisir les patrons de conception,PROGAV-53-5,Comprendre le fct des Stream de données,0,0.5101716518
concevoir-2.2,Choisir les patrons de conception,PROGAV-53-22,Créer des classes/interfaces incomplètes,0,0.5325437784
concevoir-2.2,Choisir les patrons de conception,PROGAV-54-3,Utiliser les IO,0,0.5377165079
concevoir-2.2,Choisir les patrons de conception,PROGAV-54-4,Utiliser les flux standards,0,0.5521271825
concevoir-2.2,Choisir les patrons de conception,PROGAV-61-1,Création de tests unitaires,0,0.5422691107
concevoir-2.2,Choisir les patrons de conception,PROGAV-61-2,Utiliser la notion de contrats simples et combinés,0,0.5318694115
concevoir-2.2,Choisir les patrons de conception,PROGAV-61-3,Créer des fixtures,0,0.5884408951
concevoir-2.2,Choisir les patrons de conception,PROGAV-61-4,Créer et utiliser les suites de tests,0,0.5303869843
concevoir-2.3,Choisir le framework,PROGAV-33-1,Implémenter un design pattern MVC,0,0.5471071005
concevoir-2.3,Choisir le framework,PROGAV-33-2,Utiliser la délégation d’événement,0,0.5426561236
concevoir-2.3,Choisir le framework,PROGAV-40-1,Sérialiser et désérialiser des objets,0,0.5427367687
concevoir-2.3,Choisir le framework,PROGAV-40-2,Prendre en compte la sensibilité des données,0,0.5471069217
concevoir-2.3,Choisir le framework,PROGAV-51-1,Choisir les types,0,0.6204842329
concevoir-2.3,Choisir le framework,PROGAV-51-2,Définir des types,0,0.5428919792
concevoir-2.3,Choisir le framework,PROGAV-51-3,Créer une classe,0,0.5584672689
concevoir-2.3,Choisir le framework,PROGAV-51-4,Gérer l’instanciation/destruction d’un objet,0,0.5230468512
concevoir-2.3,Choisir le framework,PROGAV-51-5,Gérer la visibilité des membres,0,0.5462094545
concevoir-2.3,Choisir le framework,PROGAV-51-6,Utiliser l’attribut this et les constructeurs this,0,0.5316555500
concevoir-2.3,Choisir le framework,PROGAV-51-7,Créer/Utiliser des membres d’instances/classes,0,0.5287710428
concevoir-2.3,Choisir le framework,PROGAV-51-8,Organiser le développement,0,0.5659040213
concevoir-2.3,Choisir le framework,PROGAV-51-9,Compiler du code java avec et sans bibliothèques,0,0.5096264482
concevoir-2.3,Choisir le framework,PROGAV-51-10,Exécuter du code java avec et sans bibliothèque,0,0.5182079077
concevoir-2.3,Choisir le framework,PROGAV-51-11,Créer et manipuler des types énumérés,0,0.5361924767
concevoir-2.3,Choisir le framework,PROGAV-51-12,Gestion de l’héritage,0,0.5489212275
concevoir-2.3,Choisir le framework,PROGAV-51-13,Choisir la composition ou l’héritage,0,0.5856877565
concevoir-2.3,Choisir le framework,PROGAV-51-14,Gérer le polymorphisme,0,0.5585398078
concevoir-2.3,Choisir le framework,PROGAV-51-15,Manipuler super en attribut et en constructeur,0,0.5435054302
concevoir-2.3,Choisir le framework,PROGAV-51-16,Utiliser des classes abstraites ou des interfaces,0,0.5518904924
concevoir-2.3,Choisir le framework,PROGAV-51-17,Créer des classes de données simple,0,0.5341147184
concevoir-2.3,Choisir le framework,PROGAV-51-18,Mettre en place une gestion/nomenclature d’erreur,0,0.5341832638
concevoir-2.3,Choisir le framework,PROGAV-51-19,Lancer/Propager/Attraper des exceptions,0,0.5347579122
concevoir-2.3,Choisir le framework,PROGAV-51-20,Expliciter les exceptions,0,0.5603753328
concevoir-2.3,Choisir le framework,PROGAV-51-21,Comprendre l’introspection,0,0.5510367155
concevoir-2.3,Choisir le framework,PROGAV-51-22,Utiliser l’introspection,0,0.5732493997
concevoir-2.3,Choisir le framework,PROGAV-51-23,Concevoir une interface graphique,0,0.5771716833
concevoir-2.3,Choisir le framework,PROGAV-52-1,Choisir le bon type de collection,0,0.5880014896
concevoir-2.3,Choisir le framework,PROGAV-53-1,Utiliser la Généricité,0,0.5544211268
concevoir-2.3,Choisir le framework,PROGAV-53-2,Créer des types génériques,0,0.5455024242
concevoir-2.3,Choisir le framework,PROGAV-53-3,Créer des méthodes génériques,0,0.5489952564
concevoir-2.3,Choisir le framework,PROGAV-53-4,Utiliser des lambdas expressions,0,0.5413160324
concevoir-2.3,Choisir le framework,PROGAV-53-5,Comprendre le fct des Stream de données,0,0.5189154148
concevoir-2.3,Choisir le framework,PROGAV-53-22,Créer des classes/interfaces incomplètes,0,0.5304748416
concevoir-2.3,Choisir le framework,PROGAV-54-3,Utiliser les IO,0,0.5531255007
concevoir-2.3,Choisir le framework,PROGAV-54-4,Utiliser les flux standards,0,0.5690581203
concevoir-2.3,Choisir le framework,PROGAV-61-1,Création de tests unitaires,0,0.5288761854
concevoir-2.3,Choisir le framework,PROGAV-61-2,Utiliser la notion de contrats simples et combinés,0,0.5402886868
concevoir-2.3,Choisir le framework,PROGAV-61-3,Créer des fixtures,0,0.5748887062
concevoir-2.3,Choisir le framework,PROGAV-61-4,Créer et utiliser les suites de tests,0,0.5240484476
concevoir-2.4,"Prétraiter, estimer et prédire un signal à l’aide d’un système linéaire",PROGAV-33-1,Implémenter un design pattern MVC,0,0.5326903462
concevoir-2.4,"Prétraiter, estimer et prédire un signal à l’aide d’un système linéaire",PROGAV-33-2,Utiliser la délégation d’événement,0,0.5389157534
concevoir-2.4,"Prétraiter, estimer et prédire un signal à l’aide d’un système linéaire",PROGAV-40-1,Sérialiser et désérialiser des objets,0,0.5405769348
concevoir-2.4,"Prétraiter, estimer et prédire un signal à l’aide d’un système linéaire",PROGAV-40-2,Prendre en compte la sensibilité des données,0,0.5458785892
concevoir-2.4,"Prétraiter, estimer et prédire un signal à l’aide d’un système linéaire",PROGAV-51-1,Choisir les types,0,0.5428929329
concevoir-2.4,"Prétraiter, estimer et prédire un signal à l’aide d’un système linéaire",PROGAV-51-2,Définir des types,0,0.5561451912
concevoir-2.4,"Prétraiter, estimer et prédire un signal à l’aide d’un système linéaire",PROGAV-51-3,Créer une classe,0,0.5405894518
concevoir-2.4,"Prétraiter, estimer et prédire un signal à l’aide d’un système linéaire",PROGAV-51-4,Gérer l’instanciation/destruction d’un objet,0,0.5185198784
concevoir-2.4,"Prétraiter, estimer et prédire un signal à l’aide d’un système linéaire",PROGAV-51-5,Gérer la visibilité des membres,0,0.5331971645
concevoir-2.4,"Prétraiter, estimer et prédire un signal à l’aide d’un système linéaire",PROGAV-51-6,Utiliser l’attribut this et les constructeurs this,0,0.5348920822
concevoir-2.4,"Prétraiter, estimer et prédire un signal à l’aide d’un système linéaire",PROGAV-51-7,Créer/Utiliser des membres d’instances/classes,0,0.5133962035
concevoir-2.4,"Prétraiter, estimer et prédire un signal à l’aide d’un système linéaire",PROGAV-51-8,Organiser le développement,0,0.5524052978
concevoir-2.4,"Prétraiter, estimer et prédire un signal à l’aide d’un système linéaire",PROGAV-51-9,Compiler du code java avec et sans bibliothèques,0,0.4896193147
concevoir-2.4,"Prétraiter, estimer et prédire un signal à l’aide d’un système linéaire",PROGAV-51-10,Exécuter du code java avec et sans bibliothèque,0,0.4977350533
concevoir-2.4,"Prétraiter, estimer et prédire un signal à l’aide d’un système linéaire",PROGAV-51-11,Créer et manipuler des types énumérés,0,0.5423603058
concevoir-2.4,"Prétraiter, estimer et prédire un signal à l’aide d’un système linéaire",PROGAV-51-12,Gestion de l’héritage,0,0.5427545309
concevoir-2.4,"Prétraiter, estimer et prédire un signal à l’aide d’un système linéaire",PROGAV-51-13,Choisir la composition ou l’héritage,0,0.5155304670
concevoir-2.4,"Prétraiter, estimer et prédire un signal à l’aide d’un système linéaire",PROGAV-51-14,Gérer le polymorphisme,0,0.5526968241
concevoir-2.4,"Prétraiter, estimer et prédire un signal à l’aide d’un système linéaire",PROGAV-51-15,Manipuler super en attribut et en constructeur,0,0.5416154265
concevoir-2.4,"Prétraiter, estimer et prédire un signal à l’aide d’un système linéaire",PROGAV-51-16,Utiliser des classes abstraites ou des interfaces,0,0.5361754894
concevoir-2.4,"Prétraiter, estimer et prédire un signal à l’aide d’un système linéaire",PROGAV-51-17,Créer des classes de données simple,0,0.5290321708
concevoir-2.4,"Prétraiter, estimer et prédire un signal à l’aide d’un système linéaire",PROGAV-51-18,Mettre en place une gestion/nomenclature d’erreur,0,0.5167025328
concevoir-2.4,"Prétraiter, estimer et prédire un signal à l’aide d’un système linéaire",PROGAV-51-19,Lancer/Propager/Attraper des exceptions,0,0.5436416864
concevoir-2.4,"Prétraiter, estimer et prédire un signal à l’aide d’un système linéaire",PROGAV-51-20,Expliciter les exceptions,0,0.5578886271
concevoir-2.4,"Prétraiter, estimer et prédire un signal à l’aide d’un système linéaire",PROGAV-51-21,Comprendre l’introspection,0,0.5540956259
concevoir-2.4,"Prétraiter, estimer et prédire un signal à l’aide d’un système linéaire",PROGAV-51-22,Utiliser l’introspection,0,0.5794532299
concevoir-2.4,"Prétraiter, estimer et prédire un signal à l’aide d’un système linéaire",PROGAV-51-23,Concevoir une interface graphique,0,0.5445750356
concevoir-2.4,"Prétraiter, estimer et prédire un signal à l’aide d’un système linéaire",PROGAV-52-1,Choisir le bon type de collection,0,0.5139554739
concevoir-2.4,"Prétraiter, estimer et prédire un signal à l’aide d’un système linéaire",PROGAV-53-1,Utiliser la Généricité,0,0.5562124252
concevoir-2.4,"Prétraiter, estimer et prédire un signal à l’aide d’un système linéaire",PROGAV-53-2,Créer des types génériques,0,0.5343246460
concevoir-2.4,"Prétraiter, estimer et prédire un signal à l’aide d’un système linéaire",PROGAV-53-3,Créer des méthodes génériques,0,0.5509620905
concevoir-2.4,"Prétraiter, estimer et prédire un signal à l’aide d’un système linéaire",PROGAV-53-4,Utiliser des lambdas expressions,0,0.5435501337
concevoir-2.4,"Prétraiter, estimer et prédire un signal à l’aide d’un système linéaire",PROGAV-53-5,Comprendre le fct des Stream de données,0,0.5294117928
concevoir-2.4,"Prétraiter, estimer et prédire un signal à l’aide d’un système linéaire",PROGAV-53-22,Créer des classes/interfaces incomplètes,0,0.5144640207
concevoir-2.4,"Prétraiter, estimer et prédire un signal à l’aide d’un système linéaire",PROGAV-54-3,Utiliser les IO,0,0.5581666231
concevoir-2.4,"Prétraiter, estimer et prédire un signal à l’aide d’un système linéaire",PROGAV-54-4,Utiliser les flux standards,0,0.5686453581
concevoir-2.4,"Prétraiter, estimer et prédire un signal à l’aide d’un système linéaire",PROGAV-61-1,Création de tests unitaires,0,0.5414718390
concevoir-2.4,"Prétraiter, estimer et prédire un signal à l’aide d’un système linéaire",PROGAV-61-2,Utiliser la notion de contrats simples et combinés,0,0.5355715752
concevoir-2.4,"Prétraiter, estimer et prédire un signal à l’aide d’un système linéaire",PROGAV-61-3,Créer des fixtures,0,0.5435169935
concevoir-2.4,"Prétraiter, estimer et prédire un signal à l’aide d’un système linéaire",PROGAV-61-4,Créer et utiliser les suites de tests,0,0.5198109150
concevoir-2.5,Identifier le paradigme de traitement de données statistique,PROGAV-33-1,Implémenter un design pattern MVC,0,0.5178236961
concevoir-2.5,Identifier le paradigme de traitement de données statistique,PROGAV-33-2,Utiliser la délégation d’événement,0,0.5104558468
concevoir-2.5,Identifier le paradigme de traitement de données statistique,PROGAV-40-1,Sérialiser et désérialiser des objets,0,0.5207506418
concevoir-2.5,Identifier le paradigme de traitement de données statistique,PROGAV-40-2,Prendre en compte la sensibilité des données,0,0.5596599579
concevoir-2.5,Identifier le paradigme de traitement de données statistique,PROGAV-51-1,Choisir les types,0,0.5319378972
concevoir-2.5,Identifier le paradigme de traitement de données statistique,PROGAV-51-2,Définir des types,0,0.5450779796
concevoir-2.5,Identifier le paradigme de traitement de données statistique,PROGAV-51-3,Créer une classe,0,0.5241551399
concevoir-2.5,Identifier le paradigme de traitement de données statistique,PROGAV-51-4,Gérer l’instanciation/destruction d’un objet,0,0.4983354509
concevoir-2.5,Identifier le paradigme de traitement de données statistique,PROGAV-51-5,Gérer la visibilité des membres,0,0.5166567564
concevoir-2.5,Identifier le paradigme de traitement de données statistique,PROGAV-51-6,Utiliser l’attribut this et les constructeurs this,0,0.5005112886
concevoir-2.5,Identifier le paradigme de traitement de données statistique,PROGAV-51-7,Créer/Utiliser des membres d’instances/classes,0,0.4966987967
concevoir-2.5,Identifier le paradigme de traitement de données statistique,PROGAV-51-8,Organiser le développement,0,0.5485867262
concevoir-2.5,Identifier le paradigme de traitement de données statistique,PROGAV-51-9,Compiler du code java avec et sans bibliothèques,0,0.4745434225
concevoir-2.5,Identifier le paradigme de traitement de données statistique,PROGAV-51-10,Exécuter du code java avec et sans bibliothèque,0,0.4816664457
concevoir-2.5,Identifier le paradigme de traitement de données statistique,PROGAV-51-11,Créer et manipuler des types énumérés,0,0.5192158818
concevoir-2.5,Identifier le paradigme de traitement de données statistique,PROGAV-51-12,Gestion de l’héritage,0,0.5323647261
concevoir-2.5,Identifier le paradigme de traitement de données statistique,PROGAV-51-13,Choisir la composition ou l’héritage,0,0.4927539825
concevoir-2.5,Identifier le paradigme de traitement de données statistique,PROGAV-51-14,Gérer le polymorphisme,0,0.5483593941
concevoir-2.5,Identifier le paradigme de traitement de données statistique,PROGAV-51-15,Manipuler super en attribut et en constructeur,0,0.5222510099
concevoir-2.5,Identifier le paradigme de traitement de données statistique,PROGAV-51-16,Utiliser des classes abstraites ou des interfaces,0,0.5119782090
concevoir-2.5,Identifier le paradigme de traitement de données statistique,PROGAV-51-17,Créer des classes de données simple,0,0.5397058725
concevoir-2.5,Identifier le paradigme de traitement de données statistique,PROGAV-51-18,Mettre en place une gestion/nomenclature d’erreur,0,0.5036603212
concevoir-2.5,Identifier le paradigme de traitement de données statistique,PROGAV-51-19,Lancer/Propager/Attraper des exceptions,0,0.5125181675
concevoir-2.5,Identifier le paradigme de traitement de données statistique,PROGAV-51-20,Expliciter les exceptions,0,0.5416953564
concevoir-2.5,Identifier le paradigme de traitement de données statistique,PROGAV-51-21,Comprendre l’introspection,0,0.5411222577
concevoir-2.5,Identifier le paradigme de traitement de données statistique,PROGAV-51-22,Utiliser l’introspection,0,0.5469586849
concevoir-2.5,Identifier le paradigme de traitement de données statistique,PROGAV-51-23,Concevoir une interface graphique,0,0.5242328644
concevoir-2.5,Identifier le paradigme de traitement de données statistique,PROGAV-52-1,Choisir le bon type de collection,0,0.5014055967
concevoir-2.5,Identifier le paradigme de traitement de données statistique,PROGAV-53-1,Utiliser la Généricité,0,0.5227432847
concevoir-2.5,Identifier le paradigme de traitement de données statistique,PROGAV-53-2,Créer des types génériques,0,0.5191824436
concevoir-2.5,Identifier le paradigme de traitement de données statistique,PROGAV-53-3,Créer des méthodes génériques,0,0.5259000063
concevoir-2.5,Identifier le paradigme de traitement de données statistique,PROGAV-53-4,Utiliser des lambdas expressions,0,0.5187537670
concevoir-2.5,Identifier le paradigme de traitement de données statistique,PROGAV-53-5,Comprendre le fct des Stream de données,0,0.5431632996
concevoir-2.5,Identifier le paradigme de traitement de données statistique,PROGAV-53-22,Créer des classes/interfaces incomplètes,0,0.4991635382
concevoir-2.5,Identifier le paradigme de traitement de données statistique,PROGAV-54-3,Utiliser les IO,0,0.5249818563
concevoir-2.5,Identifier le paradigme de traitement de données statistique,PROGAV-54-4,Utiliser les flux standards,0,0.5431352854
concevoir-2.5,Identifier le paradigme de traitement de données statistique,PROGAV-61-1,Création de tests unitaires,0,0.5185124874
concevoir-2.5,Identifier le paradigme de traitement de données statistique,PROGAV-61-2,Utiliser la notion de contrats simples et combinés,0,0.5050963163
concevoir-2.5,Identifier le paradigme de traitement de données statistique,PROGAV-61-3,Créer des fixtures,0,0.5190249681
concevoir-2.5,Identifier le paradigme de traitement de données statistique,PROGAV-61-4,Créer et utiliser les suites de tests,0,0.4965586960
concevoir-3.1,Évaluer la complexité du traitement,PROGAV-33-1,Implémenter un design pattern MVC,0,0.5263304710
concevoir-3.1,Évaluer la complexité du traitement,PROGAV-33-2,Utiliser la délégation d’événement,0,0.5285264850
concevoir-3.1,Évaluer la complexité du traitement,PROGAV-40-1,Sérialiser et désérialiser des objets,0,0.5353419781
concevoir-3.1,Évaluer la complexité du traitement,PROGAV-40-2,Prendre en compte la sensibilité des données,0,0.5551850200
concevoir-3.1,Évaluer la complexité du traitement,PROGAV-51-1,Choisir les types,0,0.5378944874
concevoir-3.1,Évaluer la complexité du traitement,PROGAV-51-2,Définir des types,0,0.5415452123
concevoir-3.1,Évaluer la complexité du traitement,PROGAV-51-3,Créer une classe,0,0.5320008993
concevoir-3.1,Évaluer la complexité du traitement,PROGAV-51-4,Gérer l’instanciation/destruction d’un objet,0,0.5138162971
concevoir-3.1,Évaluer la complexité du traitement,PROGAV-51-5,Gérer la visibilité des membres,0,0.5353609324
concevoir-3.1,Évaluer la complexité du traitement,PROGAV-51-6,Utiliser l’attribut this et les constructeurs this,0,0.5134805441
concevoir-3.1,Évaluer la complexité du traitement,PROGAV-51-7,Créer/Utiliser des membres d’instances/classes,0,0.5088474751
concevoir-3.1,Évaluer la complexité du traitement,PROGAV-51-8,Organiser le développement,0,0.5529255867
concevoir-3.1,Évaluer la complexité du traitement,PROGAV-51-9,Compiler du code java avec et sans bibliothèques,0,0.4929102659
concevoir-3.1,Évaluer la complexité du traitement,PROGAV-51-10,Exécuter du code java avec et sans bibliothèque,0,0.5009713769
concevoir-3.1,Évaluer la complexité du traitement,PROGAV-51-11,Créer et manipuler des types énumérés,0,0.5318700075
concevoir-3.1,Évaluer la complexité du traitement,PROGAV-51-12,Gestion de l’héritage,0,0.5419329405
concevoir-3.1,Évaluer la complexité du traitement,PROGAV-51-13,Choisir la composition ou l’héritage,0,0.5101697445
concevoir-3.1,Évaluer la complexité du traitement,PROGAV-51-14,Gérer le polymorphisme,0,0.5464806557
concevoir-3.1,Évaluer la complexité du traitement,PROGAV-51-15,Manipuler super en attribut et en constructeur,0,0.5386785269
concevoir-3.1,Évaluer la complexité du traitement,PROGAV-51-16,Utiliser des classes abstraites ou des interfaces,0,0.5342243314
concevoir-3.1,Évaluer la complexité du traitement,PROGAV-51-17,Créer des classes de données simple,0,0.5225742459
concevoir-3.1,Évaluer la complexité du traitement,PROGAV-51-18,Mettre en place une gestion/nomenclature d’erreur,0,0.5125195980
concevoir-3.1,Évaluer la complexité du traitement,PROGAV-51-19,Lancer/Propager/Attraper des exceptions,0,0.5306583643
concevoir-3.1,Évaluer la complexité du traitement,PROGAV-51-20,Expliciter les exceptions,0,0.5606256723
concevoir-3.1,Évaluer la complexité du traitement,PROGAV-51-21,Comprendre l’introspection,0,0.5485534668
concevoir-3.1,Évaluer la complexité du traitement,PROGAV-51-22,Utiliser l’introspection,0,0.5611001253
concevoir-3.1,Évaluer la complexité du traitement,PROGAV-51-23,Concevoir une interface graphique,0,0.5324238539
concevoir-3.1,Évaluer la complexité du traitement,PROGAV-52-1,Choisir le bon type de collection,0,0.5149191618
concevoir-3.1,Évaluer la complexité du traitement,PROGAV-53-1,Utiliser la Généricité,0,0.5429708958
concevoir-3.1,Évaluer la complexité du traitement,PROGAV-53-2,Créer des types génériques,0,0.5324313045
concevoir-3.1,Évaluer la complexité du traitement,PROGAV-53-3,Créer des méthodes génériques,0,0.5398244858
concevoir-3.1,Évaluer la complexité du traitement,PROGAV-53-4,Utiliser des lambdas expressions,0,0.5308525562
concevoir-3.1,Évaluer la complexité du traitement,PROGAV-53-5,Comprendre le fct des Stream de données,0,0.5261487365
concevoir-3.1,Évaluer la complexité du traitement,PROGAV-53-22,Créer des classes/interfaces incomplètes,0,0.5142357349
concevoir-3.1,Évaluer la complexité du traitement,PROGAV-54-3,Utiliser les IO,0,0.5426841974
concevoir-3.1,Évaluer la complexité du traitement,PROGAV-54-4,Utiliser les flux standards,0,0.5531999469
concevoir-3.1,Évaluer la complexité du traitement,PROGAV-61-1,Création de tests unitaires,0,0.5361885428
concevoir-3.1,Évaluer la complexité du traitement,PROGAV-61-2,Utiliser la notion de contrats simples et combinés,0,0.5229188204
concevoir-3.1,Évaluer la complexité du traitement,PROGAV-61-3,Créer des fixtures,0,0.5307507515
concevoir-3.1,Évaluer la complexité du traitement,PROGAV-61-4,Créer et utiliser les suites de tests,0,0.5100721121
concevoir-3.2,Intégrer des patrons de conception,PROGAV-33-1,Implémenter un design pattern MVC,1,0.6074161530
concevoir-3.2,Intégrer des patrons de conception,PROGAV-33-2,Utiliser la délégation d’événement,1,0.5441489220
concevoir-3.2,Intégrer des patrons de conception,PROGAV-40-1,Sérialiser et désérialiser des objets,0,0.5514176488
concevoir-3.2,Intégrer des patrons de conception,PROGAV-40-2,Prendre en compte la sensibilité des données,0,0.5359380841
concevoir-3.2,Intégrer des patrons de conception,PROGAV-51-1,Choisir les types,0,0.5644005537
concevoir-3.2,Intégrer des patrons de conception,PROGAV-51-2,Définir des types,0,0.5676032901
concevoir-3.2,Intégrer des patrons de conception,PROGAV-51-3,Créer une classe,0,0.5698875785
concevoir-3.2,Intégrer des patrons de conception,PROGAV-51-4,Gérer l’instanciation/destruction d’un objet,0,0.5243964195
concevoir-3.2,Intégrer des patrons de conception,PROGAV-51-5,Gérer la visibilité des membres,0,0.5501962900
concevoir-3.2,Intégrer des patrons de conception,PROGAV-51-6,Utiliser l’attribut this et les constructeurs this,0,0.5623515248
concevoir-3.2,Intégrer des patrons de conception,PROGAV-51-7,Créer/Utiliser des membres d’instances/classes,0,0.5616530180
concevoir-3.2,Intégrer des patrons de conception,PROGAV-51-8,Organiser le développement,0,0.5788512826
concevoir-3.2,Intégrer des patrons de conception,PROGAV-51-9,Compiler du code java avec et sans bibliothèques,0,0.5064524412
concevoir-3.2,Intégrer des patrons de conception,PROGAV-51-10,Exécuter du code java avec et sans bibliothèque,0,0.5084588528
concevoir-3.2,Intégrer des patrons de conception,PROGAV-51-11,Créer et manipuler des types énumérés,0,0.5799757838
concevoir-3.2,Intégrer des patrons de conception,PROGAV-51-12,Gestion de l’héritage,0,0.5509814620
concevoir-3.2,Intégrer des patrons de conception,PROGAV-51-13,Choisir la composition ou l’héritage,0,0.5280981660
concevoir-3.2,Intégrer des patrons de conception,PROGAV-51-14,Gérer le polymorphisme,0,0.5598868132
concevoir-3.2,Intégrer des patrons de conception,PROGAV-51-15,Manipuler super en attribut et en constructeur,0,0.5630601645
concevoir-3.2,Intégrer des patrons de conception,PROGAV-51-16,Utiliser des classes abstraites ou des interfaces,0,0.5560765862
concevoir-3.2,Intégrer des patrons de conception,PROGAV-51-17,Créer des classes de données simple,0,0.5480268002
concevoir-3.2,Intégrer des patrons de conception,PROGAV-51-18,Mettre en place une gestion/nomenclature d’erreur,0,0.5362702608
concevoir-3.2,Intégrer des patrons de conception,PROGAV-51-19,Lancer/Propager/Attraper des exceptions,0,0.5423032045
concevoir-3.2,Intégrer des patrons de conception,PROGAV-51-20,Expliciter les exceptions,0,0.5611331463
concevoir-3.2,Intégrer des patrons de conception,PROGAV-51-21,Comprendre l’introspection,0,0.5501912832
concevoir-3.2,Intégrer des patrons de conception,PROGAV-51-22,Utiliser l’introspection,0,0.5762478709
concevoir-3.2,Intégrer des patrons de conception,PROGAV-51-23,Concevoir une interface graphique,0,0.5869535208
concevoir-3.2,Intégrer des patrons de conception,PROGAV-52-1,Choisir le bon type de collection,0,0.5369064808
concevoir-3.2,Intégrer des patrons de conception,PROGAV-53-1,Utiliser la Généricité,0,0.5516526699
concevoir-3.2,Intégrer des patrons de conception,PROGAV-53-2,Créer des types génériques,0,0.5905084610
concevoir-3.2,Intégrer des patrons de conception,PROGAV-53-3,Créer des méthodes génériques,0,0.5910789967
concevoir-3.2,Intégrer des patrons de conception,PROGAV-53-4,Utiliser des lambdas expressions,0,0.5405385494
concevoir-3.2,Intégrer des patrons de conception,PROGAV-53-5,Comprendre le fct des Stream de données,0,0.5160207748
concevoir-3.2,Intégrer des patrons de conception,PROGAV-53-22,Créer des classes/interfaces incomplètes,0,0.5521663427
concevoir-3.2,Intégrer des patrons de conception,PROGAV-54-3,Utiliser les IO,0,0.5533792973
concevoir-3.2,Intégrer des patrons de conception,PROGAV-54-4,Utiliser les flux standards,0,0.5643638372
concevoir-3.2,Intégrer des patrons de conception,PROGAV-61-1,Création de tests unitaires,0,0.5552914739
concevoir-3.2,Intégrer des patrons de conception,PROGAV-61-2,Utiliser la notion de contrats simples et combinés,0,0.5500398874
concevoir-3.2,Intégrer des patrons de conception,PROGAV-61-3,Créer des fixtures,0,0.6184918880
concevoir-3.2,Intégrer des patrons de conception,PROGAV-61-4,Créer et utiliser les suites de tests,0,0.5467044115
concevoir-3.3,Adapter le framework,PROGAV-33-1,Implémenter un design pattern MVC,0,0.5743882656
concevoir-3.3,Adapter le framework,PROGAV-33-2,Utiliser la délégation d’événement,0,0.5482500792
concevoir-3.3,Adapter le framework,PROGAV-40-1,Sérialiser et désérialiser des objets,0,0.5472739935
concevoir-3.3,Adapter le framework,PROGAV-40-2,Prendre en compte la sensibilité des données,0,0.5412600040
concevoir-3.3,Adapter le framework,PROGAV-51-1,Choisir les types,0,0.5455436707
concevoir-3.3,Adapter le framework,PROGAV-51-2,Définir des types,0,0.5473732948
concevoir-3.3,Adapter le framework,PROGAV-51-3,Créer une classe,0,0.5505672693
concevoir-3.3,Adapter le framework,PROGAV-51-4,Gérer l’instanciation/destruction d’un objet,0,0.5275424719
concevoir-3.3,Adapter le framework,PROGAV-51-5,Gérer la visibilité des membres,0,0.5498653054
concevoir-3.3,Adapter le framework,PROGAV-51-6,Utiliser l’attribut this et les constructeurs this,0,0.5362495184
concevoir-3.3,Adapter le framework,PROGAV-51-7,Créer/Utiliser des membres d’instances/classes,0,0.5250373483
concevoir-3.3,Adapter le framework,PROGAV-51-8,Organiser le développement,0,0.5815759897
concevoir-3.3,Adapter le framework,PROGAV-51-9,Compiler du code java avec et sans bibliothèques,0,0.5075021386
concevoir-3.3,Adapter le framework,PROGAV-51-10,Exécuter du code java avec et sans bibliothèque,0,0.5184139609
concevoir-3.3,Adapter le framework,PROGAV-51-11,Créer et manipuler des types énumérés,0,0.5462113023
concevoir-3.3,Adapter le framework,PROGAV-51-12,Gestion de l’héritage,0,0.5493106842
concevoir-3.3,Adapter le framework,PROGAV-51-13,Choisir la composition ou l’héritage,0,0.5221292973
concevoir-3.3,Adapter le framework,PROGAV-51-14,Gérer le polymorphisme,0,0.5719925165
concevoir-3.3,Adapter le framework,PROGAV-51-15,Manipuler super en attribut et en constructeur,0,0.5630370378
concevoir-3.3,Adapter le framework,PROGAV-51-16,Utiliser des classes abstraites ou des interfaces,0,0.5504457951
concevoir-3.3,Adapter le framework,PROGAV-51-17,Créer des classes de données simple,0,0.5340198278
concevoir-3.3,Adapter le framework,PROGAV-51-18,Mettre en place une gestion/nomenclature d’erreur,0,0.5363347530
concevoir-3.3,Adapter le framework,PROGAV-51-19,Lancer/Propager/Attraper des exceptions,0,0.5675953627
concevoir-3.3,Adapter le framework,PROGAV-51-20,Expliciter les exceptions,0,0.5687391758
concevoir-3.3,Adapter le framework,PROGAV-51-21,Comprendre l’introspection,0,0.5524216890
concevoir-3.3,Adapter le framework,PROGAV-51-22,Utiliser l’introspection,0,0.5802118778
concevoir-3.3,Adapter le framework,PROGAV-51-23,Concevoir une interface graphique,0,0.5693880320
concevoir-3.3,Adapter le framework,PROGAV-52-1,Choisir le bon type de collection,0,0.5253753662
concevoir-3.3,Adapter le framework,PROGAV-53-1,Utiliser la Généricité,0,0.5603444576
concevoir-3.3,Adapter le framework,PROGAV-53-2,Créer des types génériques,0,0.5426269770
concevoir-3.3,Adapter le framework,PROGAV-53-3,Créer des méthodes génériques,0,0.5509045124
concevoir-3.3,Adapter le framework,PROGAV-53-4,Utiliser des lambdas expressions,0,0.5431762338
concevoir-3.3,Adapter le framework,PROGAV-53-5,Comprendre le fct des Stream de données,0,0.5211480260
concevoir-3.3,Adapter le framework,PROGAV-53-22,Créer des classes/interfaces incomplètes,0,0.5332406759
concevoir-3.3,Adapter le framework,PROGAV-54-3,Utiliser les IO,0,0.5617868304
concevoir-3.3,Adapter le framework,PROGAV-54-4,Utiliser les flux standards,0,0.5755984783
concevoir-3.3,Adapter le framework,PROGAV-61-1,Création de tests unitaires,0,0.5302759409
concevoir-3.3,Adapter le framework,PROGAV-61-2,Utiliser la notion de contrats simples et combinés,0,0.5373824835
concevoir-3.3,Adapter le framework,PROGAV-61-3,Créer des fixtures,0,0.5670711994
concevoir-3.3,Adapter le framework,PROGAV-61-4,Créer et utiliser les suites de tests,0,0.5203994513
concevoir-3.4,Échanger de manière adaptée et sécurisée les données,PROGAV-33-1,Implémenter un design pattern MVC,0,0.5502648354
concevoir-3.4,Échanger de manière adaptée et sécurisée les données,PROGAV-33-2,Utiliser la délégation d’événement,0,0.5470402241
concevoir-3.4,Échanger de manière adaptée et sécurisée les données,PROGAV-40-1,Sérialiser et désérialiser des objets,1,0.5563253164
concevoir-3.4,Échanger de manière adaptée et sécurisée les données,PROGAV-40-2,Prendre en compte la sensibilité des données,1,0.5875965953
concevoir-3.4,Échanger de manière adaptée et sécurisée les données,PROGAV-51-1,Choisir les types,0,0.5528295040
concevoir-3.4,Échanger de manière adaptée et sécurisée les données,PROGAV-51-2,Définir des types,0,0.5524153709
concevoir-3.4,Échanger de manière adaptée et sécurisée les données,PROGAV-51-3,Créer une classe,0,0.5457007289
concevoir-3.4,Échanger de manière adaptée et sécurisée les données,PROGAV-51-4,Gérer l’instanciation/destruction d’un objet,0,0.5253084302
concevoir-3.4,Échanger de manière adaptée et sécurisée les données,PROGAV-51-5,Gérer la visibilité des membres,0,0.5557442307
concevoir-3.4,Échanger de manière adaptée et sécurisée les données,PROGAV-51-6,Utiliser l’attribut this et les constructeurs this,0,0.5335559249
concevoir-3.4,Échanger de manière adaptée et sécurisée les données,PROGAV-51-7,Créer/Utiliser des membres d’instances/classes,0,0.5231004953
concevoir-3.4,Échanger de manière adaptée et sécurisée les données,PROGAV-51-8,Organiser le développement,0,0.5667369366
concevoir-3.4,Échanger de manière adaptée et sécurisée les données,PROGAV-51-9,Compiler du code java avec et sans bibliothèques,0,0.5022010803
concevoir-3.4,Échanger de manière adaptée et sécurisée les données,PROGAV-51-10,Exécuter du code java avec et sans bibliothèque,0,0.5105909705
concevoir-3.4,Échanger de manière adaptée et sécurisée les données,PROGAV-51-11,Créer et manipuler des types énumérés,0,0.5442519188
concevoir-3.4,Échanger de manière adaptée et sécurisée les données,PROGAV-51-12,Gestion de l’héritage,0,0.5622637868
concevoir-3.4,Échanger de manière adaptée et sécurisée les données,PROGAV-51-13,Choisir la composition ou l’héritage,0,0.5196437836
concevoir-3.4,Échanger de manière adaptée et sécurisée les données,PROGAV-51-14,Gérer le polymorphisme,0,0.5584908724
concevoir-3.4,Échanger de manière adaptée et sécurisée les données,PROGAV-51-15,Manipuler super en attribut et en constructeur,0,0.5514556170
concevoir-3.4,Échanger de manière adaptée et sécurisée les données,PROGAV-51-16,Utiliser des classes abstraites ou des interfaces,0,0.5457550287
concevoir-3.4,Échanger de manière adaptée et sécurisée les données,PROGAV-51-17,Créer des classes de données simple,0,0.5707202554
concevoir-3.4,Échanger de manière adaptée et sécurisée les données,PROGAV-51-18,Mettre en place une gestion/nomenclature d’erreur,0,0.5369385481
concevoir-3.4,Échanger de manière adaptée et sécurisée les données,PROGAV-51-19,Lancer/Propager/Attraper des exceptions,0,0.5426119566
concevoir-3.4,Échanger de manière adaptée et sécurisée les données,PROGAV-51-20,Expliciter les exceptions,0,0.5691833496
concevoir-3.4,Échanger de manière adaptée et sécurisée les données,PROGAV-51-21,Comprendre l’introspection,0,0.5457865596
concevoir-3.4,Échanger de manière adaptée et sécurisée les données,PROGAV-51-22,Utiliser l’introspection,0,0.5740259886
concevoir-3.4,Échanger de manière adaptée et sécurisée les données,PROGAV-51-23,Concevoir une interface graphique,0,0.5541427732
concevoir-3.4,Échanger de manière adaptée et sécurisée les données,PROGAV-52-1,Choisir le bon type de collection,0,0.5377746820
concevoir-3.4,Échanger de manière adaptée et sécurisée les données,PROGAV-53-1,Utiliser la Généricité,0,0.5533353090
concevoir-3.4,Échanger de manière adaptée et sécurisée les données,PROGAV-53-2,Créer des types génériques,0,0.5432735085
concevoir-3.4,Échanger de manière adaptée et sécurisée les données,PROGAV-53-3,Créer des méthodes génériques,0,0.5588213205
concevoir-3.4,Échanger de manière adaptée et sécurisée les données,PROGAV-53-4,Utiliser des lambdas expressions,0,0.5453881621
concevoir-3.4,Échanger de manière adaptée et sécurisée les données,PROGAV-53-5,Comprendre le fct des Stream de données,0,0.5492931604
concevoir-3.4,Échanger de manière adaptée et sécurisée les données,PROGAV-53-22,Créer des classes/interfaces incomplètes,0,0.5236772299
concevoir-3.4,Échanger de manière adaptée et sécurisée les données,PROGAV-54-3,Utiliser les IO,0,0.5670742989
concevoir-3.4,Échanger de manière adaptée et sécurisée les données,PROGAV-54-4,Utiliser les flux standards,0,0.5818318129
concevoir-3.4,Échanger de manière adaptée et sécurisée les données,PROGAV-61-1,Création de tests unitaires,0,0.5370811820
concevoir-3.4,Échanger de manière adaptée et sécurisée les données,PROGAV-61-2,Utiliser la notion de contrats simples et combinés,0,0.5516913533
concevoir-3.4,Échanger de manière adaptée et sécurisée les données,PROGAV-61-3,Créer des fixtures,0,0.5550135374
concevoir-3.4,Échanger de manière adaptée et sécurisée les données,PROGAV-61-4,Créer et utiliser les suites de tests,0,0.5315823555
concevoir-4.1,Aligner des structures de données issues de différents paradigmes,PROGAV-33-1,Implémenter un design pattern MVC,0,0.5508077145
concevoir-4.1,Aligner des structures de données issues de différents paradigmes,PROGAV-33-2,Utiliser la délégation d’événement,0,0.5334968567
concevoir-4.1,Aligner des structures de données issues de différents paradigmes,PROGAV-40-1,Sérialiser et désérialiser des objets,0,0.5487210155
concevoir-4.1,Aligner des structures de données issues de différents paradigmes,PROGAV-40-2,Prendre en compte la sensibilité des données,0,0.5654718876
concevoir-4.1,Aligner des structures de données issues de différents paradigmes,PROGAV-51-1,Choisir les types,0,0.5561938882
concevoir-4.1,Aligner des structures de données issues de différents paradigmes,PROGAV-51-2,Définir des types,0,0.5591267943
concevoir-4.1,Aligner des structures de données issues de différents paradigmes,PROGAV-51-3,Créer une classe,0,0.5490956903
concevoir-4.1,Aligner des structures de données issues de différents paradigmes,PROGAV-51-4,Gérer l’instanciation/destruction d’un objet,0,0.5126353502
concevoir-4.1,Aligner des structures de données issues de différents paradigmes,PROGAV-51-5,Gérer la visibilité des membres,0,0.5384923220
concevoir-4.1,Aligner des structures de données issues de différents paradigmes,PROGAV-51-6,Utiliser l’attribut this et les constructeurs this,0,0.5221359730
concevoir-4.1,Aligner des structures de données issues de différents paradigmes,PROGAV-51-7,Créer/Utiliser des membres d’instances/classes,0,0.5259486437
concevoir-4.1,Aligner des structures de données issues de différents paradigmes,PROGAV-51-8,Organiser le développement,0,0.5767478943
concevoir-4.1,Aligner des structures de données issues de différents paradigmes,PROGAV-51-9,Compiler du code java avec et sans bibliothèques,0,0.4967895150
concevoir-4.1,Aligner des structures de données issues de différents paradigmes,PROGAV-51-10,Exécuter du code java avec et sans bibliothèque,0,0.4970230460
concevoir-4.1,Aligner des structures de données issues de différents paradigmes,PROGAV-51-11,Créer et manipuler des types énumérés,0,0.5549774170
concevoir-4.1,Aligner des structures de données issues de différents paradigmes,PROGAV-51-12,Gestion de l’héritage,0,0.5390725732
concevoir-4.1,Aligner des structures de données issues de différents paradigmes,PROGAV-51-13,Choisir la composition ou l’héritage,0,0.5138083696
concevoir-4.1,Aligner des structures de données issues de différents paradigmes,PROGAV-51-14,Gérer le polymorphisme,0,0.5617491603
concevoir-4.1,Aligner des structures de données issues de différents paradigmes,PROGAV-51-15,Manipuler super en attribut et en constructeur,0,0.5357978940
concevoir-4.1,Aligner des structures de données issues de différents paradigmes,PROGAV-51-16,Utiliser des classes abstraites ou des interfaces,0,0.5481377840
concevoir-4.1,Aligner des structures de données issues de différents paradigmes,PROGAV-51-17,Créer des classes de données simple,0,0.5831162930
concevoir-4.1,Aligner des structures de données issues de différents paradigmes,PROGAV-51-18,Mettre en place une gestion/nomenclature d’erreur,0,0.5270217657
concevoir-4.1,Aligner des structures de données issues de différents paradigmes,PROGAV-51-19,Lancer/Propager/Attraper des exceptions,0,0.5437039733
concevoir-4.1,Aligner des structures de données issues de différents paradigmes,PROGAV-51-20,Expliciter les exceptions,0,0.5635457039
concevoir-4.1,Aligner des structures de données issues de différents paradigmes,PROGAV-51-21,Comprendre l’introspection,0,0.5388668180
concevoir-4.1,Aligner des structures de données issues de différents paradigmes,PROGAV-51-22,Utiliser l’introspection,0,0.5578151345
concevoir-4.1,Aligner des structures de données issues de différents paradigmes,PROGAV-51-23,Concevoir une interface graphique,0,0.5516219139
concevoir-4.1,Aligner des structures de données issues de différents paradigmes,PROGAV-52-1,Choisir le bon type de collection,0,0.5255562067
concevoir-4.1,Aligner des structures de données issues de différents paradigmes,PROGAV-53-1,Utiliser la Généricité,0,0.5377452374
concevoir-4.1,Aligner des structures de données issues de différents paradigmes,PROGAV-53-2,Créer des types génériques,0,0.5499706268
concevoir-4.1,Aligner des structures de données issues de différents paradigmes,PROGAV-53-3,Créer des méthodes génériques,0,0.5558370352
concevoir-4.1,Aligner des structures de données issues de différents paradigmes,PROGAV-53-4,Utiliser des lambdas expressions,0,0.5485515594
concevoir-4.1,Aligner des structures de données issues de différents paradigmes,PROGAV-53-5,Comprendre le fct des Stream de données,0,0.5447225571
concevoir-4.1,Aligner des structures de données issues de différents paradigmes,PROGAV-53-22,Créer des classes/interfaces incomplètes,0,0.5321785212
concevoir-4.1,Aligner des structures de données issues de différents paradigmes,PROGAV-54-3,Utiliser les IO,0,0.5486027598
concevoir-4.1,Aligner des structures de données issues de différents paradigmes,PROGAV-54-4,Utiliser les flux standards,0,0.5617788434
concevoir-4.1,Aligner des structures de données issues de différents paradigmes,PROGAV-61-1,Création de tests unitaires,0,0.5334199071
concevoir-4.1,Aligner des structures de données issues de différents paradigmes,PROGAV-61-2,Utiliser la notion de contrats simples et combinés,0,0.5326496959
concevoir-4.1,Aligner des structures de données issues de différents paradigmes,PROGAV-61-3,Créer des fixtures,0,0.5727730393
concevoir-4.1,Aligner des structures de données issues de différents paradigmes,PROGAV-61-4,Créer et utiliser les suites de tests,0,0.5185032487
concevoir-4.2,Choisir le paradigme de programmation le mieux adapté aux traitements,PROGAV-33-1,Implémenter un design pattern MVC,0,0.5411616564
concevoir-4.2,Choisir le paradigme de programmation le mieux adapté aux traitements,PROGAV-33-2,Utiliser la délégation d’événement,0,0.5306751132
concevoir-4.2,Choisir le paradigme de programmation le mieux adapté aux traitements,PROGAV-40-1,Sérialiser et désérialiser des objets,0,0.5290260315
concevoir-4.2,Choisir le paradigme de programmation le mieux adapté aux traitements,PROGAV-40-2,Prendre en compte la sensibilité des données,0,0.5326106548
concevoir-4.2,Choisir le paradigme de programmation le mieux adapté aux traitements,PROGAV-51-1,Choisir les types,0,0.5985403061
concevoir-4.2,Choisir le paradigme de programmation le mieux adapté aux traitements,PROGAV-51-2,Définir des types,0,0.5421811342
concevoir-4.2,Choisir le paradigme de programmation le mieux adapté aux traitements,PROGAV-51-3,Créer une classe,0,0.5416589975
concevoir-4.2,Choisir le paradigme de programmation le mieux adapté aux traitements,PROGAV-51-4,Gérer l’instanciation/destruction d’un objet,0,0.5099010468
concevoir-4.2,Choisir le paradigme de programmation le mieux adapté aux traitements,PROGAV-51-5,Gérer la visibilité des membres,0,0.5362078547
concevoir-4.2,Choisir le paradigme de programmation le mieux adapté aux traitements,PROGAV-51-6,Utiliser l’attribut this et les constructeurs this,0,0.5182082057
concevoir-4.2,Choisir le paradigme de programmation le mieux adapté aux traitements,PROGAV-51-7,Créer/Utiliser des membres d’instances/classes,0,0.5136917830
concevoir-4.2,Choisir le paradigme de programmation le mieux adapté aux traitements,PROGAV-51-8,Organiser le développement,0,0.5577325821
concevoir-4.2,Choisir le paradigme de programmation le mieux adapté aux traitements,PROGAV-51-9,Compiler du code java avec et sans bibliothèques,0,0.4991443753
concevoir-4.2,Choisir le paradigme de programmation le mieux adapté aux traitements,PROGAV-51-10,Exécuter du code java avec et sans bibliothèque,0,0.5077581406
concevoir-4.2,Choisir le paradigme de programmation le mieux adapté aux traitements,PROGAV-51-11,Créer et manipuler des types énumérés,0,0.5313105583
concevoir-4.2,Choisir le paradigme de programmation le mieux adapté aux traitements,PROGAV-51-12,Gestion de l’héritage,0,0.5388990641
concevoir-4.2,Choisir le paradigme de programmation le mieux adapté aux traitements,PROGAV-51-13,Choisir la composition ou l’héritage,0,0.5488930941
concevoir-4.2,Choisir le paradigme de programmation le mieux adapté aux traitements,PROGAV-51-14,Gérer le polymorphisme,0,0.5659307241
concevoir-4.2,Choisir le paradigme de programmation le mieux adapté aux traitements,PROGAV-51-15,Manipuler super en attribut et en constructeur,0,0.5331749916
concevoir-4.2,Choisir le paradigme de programmation le mieux adapté aux traitements,PROGAV-51-16,Utiliser des classes abstraites ou des interfaces,0,0.5385429859
concevoir-4.2,Choisir le paradigme de programmation le mieux adapté aux traitements,PROGAV-51-17,Créer des classes de données simple,0,0.5262218118
concevoir-4.2,Choisir le paradigme de programmation le mieux adapté aux traitements,PROGAV-51-18,Mettre en place une gestion/nomenclature d’erreur,0,0.5168169737
concevoir-4.2,Choisir le paradigme de programmation le mieux adapté aux traitements,PROGAV-51-19,Lancer/Propager/Attraper des exceptions,0,0.5267636776
concevoir-4.2,Choisir le paradigme de programmation le mieux adapté aux traitements,PROGAV-51-20,Expliciter les exceptions,0,0.5548712015
concevoir-4.2,Choisir le paradigme de programmation le mieux adapté aux traitements,PROGAV-51-21,Comprendre l’introspection,0,0.5340225697
concevoir-4.2,Choisir le paradigme de programmation le mieux adapté aux traitements,PROGAV-51-22,Utiliser l’introspection,0,0.5595000982
concevoir-4.2,Choisir le paradigme de programmation le mieux adapté aux traitements,PROGAV-51-23,Concevoir une interface graphique,0,0.5446871519
concevoir-4.2,Choisir le paradigme de programmation le mieux adapté aux traitements,PROGAV-52-1,Choisir le bon type de collection,0,0.5651007891
concevoir-4.2,Choisir le paradigme de programmation le mieux adapté aux traitements,PROGAV-53-1,Utiliser la Généricité,0,0.5410313606
concevoir-4.2,Choisir le paradigme de programmation le mieux adapté aux traitements,PROGAV-53-2,Créer des types génériques,0,0.5364670753
concevoir-4.2,Choisir le paradigme de programmation le mieux adapté aux traitements,PROGAV-53-3,Créer des méthodes génériques,0,0.5565181375
concevoir-4.2,Choisir le paradigme de programmation le mieux adapté aux traitements,PROGAV-53-4,Utiliser des lambdas expressions,0,0.5380988717
concevoir-4.2,Choisir le paradigme de programmation le mieux adapté aux traitements,PROGAV-53-5,Comprendre le fct des Stream de données,0,0.5089273453
concevoir-4.2,Choisir le paradigme de programmation le mieux adapté aux traitements,PROGAV-53-22,Créer des classes/interfaces incomplètes,0,0.5170473456
concevoir-4.2,Choisir le paradigme de programmation le mieux adapté aux traitements,PROGAV-54-3,Utiliser les IO,0,0.5435951352
concevoir-4.2,Choisir le paradigme de programmation le mieux adapté aux traitements,PROGAV-54-4,Utiliser les flux standards,0,0.5540842414
concevoir-4.2,Choisir le paradigme de programmation le mieux adapté aux traitements,PROGAV-61-1,Création de tests unitaires,0,0.5330688357
concevoir-4.2,Choisir le paradigme de programmation le mieux adapté aux traitements,PROGAV-61-2,Utiliser la notion de contrats simples et combinés,0,0.5202788115
concevoir-4.2,Choisir le paradigme de programmation le mieux adapté aux traitements,PROGAV-61-3,Créer des fixtures,0,0.5453872085
concevoir-4.2,Choisir le paradigme de programmation le mieux adapté aux traitements,PROGAV-61-4,Créer et utiliser les suites de tests,0,0.5264812708
concevoir-4.3,Choisir les patrons d'architecture,PROGAV-33-1,Implémenter un design pattern MVC,1,0.5421420336
concevoir-4.3,Choisir les patrons d'architecture,PROGAV-33-2,Utiliser la délégation d’événement,1,0.5197477341
concevoir-4.3,Choisir les patrons d'architecture,PROGAV-40-1,Sérialiser et désérialiser des objets,0,0.5285984278
concevoir-4.3,Choisir les patrons d'architecture,PROGAV-40-2,Prendre en compte la sensibilité des données,0,0.5198317766
concevoir-4.3,Choisir les patrons d'architecture,PROGAV-51-1,Choisir les types,0,0.6135743856
concevoir-4.3,Choisir les patrons d'architecture,PROGAV-51-2,Définir des types,0,0.5459498167
concevoir-4.3,Choisir les patrons d'architecture,PROGAV-51-3,Créer une classe,0,0.5400763750
concevoir-4.3,Choisir les patrons d'architecture,PROGAV-51-4,Gérer l’instanciation/destruction d’un objet,0,0.5068622231
concevoir-4.3,Choisir les patrons d'architecture,PROGAV-51-5,Gérer la visibilité des membres,0,0.5297287107
concevoir-4.3,Choisir les patrons d'architecture,PROGAV-51-6,Utiliser l’attribut this et les constructeurs this,0,0.5415676236
concevoir-4.3,Choisir les patrons d'architecture,PROGAV-51-7,Créer/Utiliser des membres d’instances/classes,0,0.5136615038
concevoir-4.3,Choisir les patrons d'architecture,PROGAV-51-8,Organiser le développement,0,0.5507380962
concevoir-4.3,Choisir les patrons d'architecture,PROGAV-51-9,Compiler du code java avec et sans bibliothèques,0,0.4860002995
concevoir-4.3,Choisir les patrons d'architecture,PROGAV-51-10,Exécuter du code java avec et sans bibliothèque,0,0.4924895763
concevoir-4.3,Choisir les patrons d'architecture,PROGAV-51-11,Créer et manipuler des types énumérés,0,0.5333514810
concevoir-4.3,Choisir les patrons d'architecture,PROGAV-51-12,Gestion de l’héritage,0,0.5398256779
concevoir-4.3,Choisir les patrons d'architecture,PROGAV-51-13,Choisir la composition ou l’héritage,0,0.5658255816
concevoir-4.3,Choisir les patrons d'architecture,PROGAV-51-14,Gérer le polymorphisme,0,0.5375028849
concevoir-4.3,Choisir les patrons d'architecture,PROGAV-51-15,Manipuler super en attribut et en constructeur,0,0.5380314589
concevoir-4.3,Choisir les patrons d'architecture,PROGAV-51-16,Utiliser des classes abstraites ou des interfaces,0,0.5304995775
concevoir-4.3,Choisir les patrons d'architecture,PROGAV-51-17,Créer des classes de données simple,0,0.5197861195
concevoir-4.3,Choisir les patrons d'architecture,PROGAV-51-18,Mettre en place une gestion/nomenclature d’erreur,0,0.4999729991
concevoir-4.3,Choisir les patrons d'architecture,PROGAV-51-19,Lancer/Propager/Attraper des exceptions,0,0.5209076405
concevoir-4.3,Choisir les patrons d'architecture,PROGAV-51-20,Expliciter les exceptions,0,0.5493966937
concevoir-4.3,Choisir les patrons d'architecture,PROGAV-51-21,Comprendre l’introspection,0,0.5340036154
concevoir-4.3,Choisir les patrons d'architecture,PROGAV-51-22,Utiliser l’introspection,0,0.5474080443
concevoir-4.3,Choisir les patrons d'architecture,PROGAV-51-23,Concevoir une interface graphique,0,0.5443728566
concevoir-4.3,Choisir les patrons d'architecture,PROGAV-52-1,Choisir le bon type de collection,0,0.5658189654
concevoir-4.3,Choisir les patrons d'architecture,PROGAV-53-1,Utiliser la Généricité,0,0.5273468494
concevoir-4.3,Choisir les patrons d'architecture,PROGAV-53-2,Créer des types génériques,0,0.5407413244
concevoir-4.3,Choisir les patrons d'architecture,PROGAV-53-3,Créer des méthodes génériques,0,0.5352727175
concevoir-4.3,Choisir les patrons d'architecture,PROGAV-53-4,Utiliser des lambdas expressions,0,0.5194859505
concevoir-4.3,Choisir les patrons d'architecture,PROGAV-53-5,Comprendre le fct des Stream de données,0,0.5058118105
concevoir-4.3,Choisir les patrons d'architecture,PROGAV-53-22,Créer des classes/interfaces incomplètes,0,0.5137329102
concevoir-4.3,Choisir les patrons d'architecture,PROGAV-54-3,Utiliser les IO,0,0.5317084789
concevoir-4.3,Choisir les patrons d'architecture,PROGAV-54-4,Utiliser les flux standards,0,0.5429782271
concevoir-4.3,Choisir les patrons d'architecture,PROGAV-61-1,Création de tests unitaires,0,0.5172623396
concevoir-4.3,Choisir les patrons d'architecture,PROGAV-61-2,Utiliser la notion de contrats simples et combinés,0,0.5186039209
concevoir-4.3,Choisir les patrons d'architecture,PROGAV-61-3,Créer des fixtures,0,0.5615192652
concevoir-4.3,Choisir les patrons d'architecture,PROGAV-61-4,Créer et utiliser les suites de tests,0,0.5070812702
concevoir-4.4,"Prétraiter, estimer et prédire un signal à l’aide d’un système non linéaire",PROGAV-33-1,Implémenter un design pattern MVC,0,0.5302183628
concevoir-4.4,"Prétraiter, estimer et prédire un signal à l’aide d’un système non linéaire",PROGAV-33-2,Utiliser la délégation d’événement,0,0.5371947885
concevoir-4.4,"Prétraiter, estimer et prédire un signal à l’aide d’un système non linéaire",PROGAV-40-1,Sérialiser et désérialiser des objets,0,0.5426980257
concevoir-4.4,"Prétraiter, estimer et prédire un signal à l’aide d’un système non linéaire",PROGAV-40-2,Prendre en compte la sensibilité des données,0,0.5470446348
concevoir-4.4,"Prétraiter, estimer et prédire un signal à l’aide d’un système non linéaire",PROGAV-51-1,Choisir les types,0,0.5431523919
concevoir-4.4,"Prétraiter, estimer et prédire un signal à l’aide d’un système non linéaire",PROGAV-51-2,Définir des types,0,0.5554983616
concevoir-4.4,"Prétraiter, estimer et prédire un signal à l’aide d’un système non linéaire",PROGAV-51-3,Créer une classe,0,0.5377359390
concevoir-4.4,"Prétraiter, estimer et prédire un signal à l’aide d’un système non linéaire",PROGAV-51-4,Gérer l’instanciation/destruction d’un objet,0,0.5162235498
concevoir-4.4,"Prétraiter, estimer et prédire un signal à l’aide d’un système non linéaire",PROGAV-51-5,Gérer la visibilité des membres,0,0.5312323570
concevoir-4.4,"Prétraiter, estimer et prédire un signal à l’aide d’un système non linéaire",PROGAV-51-6,Utiliser l’attribut this et les constructeurs this,0,0.5281327963
concevoir-4.4,"Prétraiter, estimer et prédire un signal à l’aide d’un système non linéaire",PROGAV-51-7,Créer/Utiliser des membres d’instances/classes,0,0.5113633871
concevoir-4.4,"Prétraiter, estimer et prédire un signal à l’aide d’un système non linéaire",PROGAV-51-8,Organiser le développement,0,0.5489934683
concevoir-4.4,"Prétraiter, estimer et prédire un signal à l’aide d’un système non linéaire",PROGAV-51-9,Compiler du code java avec et sans bibliothèques,0,0.4961822331
concevoir-4.4,"Prétraiter, estimer et prédire un signal à l’aide d’un système non linéaire",PROGAV-51-10,Exécuter du code java avec et sans bibliothèque,0,0.5050945282
concevoir-4.4,"Prétraiter, estimer et prédire un signal à l’aide d’un système non linéaire",PROGAV-51-11,Créer et manipuler des types énumérés,0,0.5421689153
concevoir-4.4,"Prétraiter, estimer et prédire un signal à l’aide d’un système non linéaire",PROGAV-51-12,Gestion de l’héritage,0,0.5403974056
concevoir-4.4,"Prétraiter, estimer et prédire un signal à l’aide d’un système non linéaire",PROGAV-51-13,Choisir la composition ou l’héritage,0,0.5135759115
concevoir-4.4,"Prétraiter, estimer et prédire un signal à l’aide d’un système non linéaire",PROGAV-51-14,Gérer le polymorphisme,0,0.5526969433
concevoir-4.4,"Prétraiter, estimer et prédire un signal à l’aide d’un système non linéaire",PROGAV-51-15,Manipuler super en attribut et en constructeur,0,0.5395140052
concevoir-4.4,"Prétraiter, estimer et prédire un signal à l’aide d’un système non linéaire",PROGAV-51-16,Utiliser des classes abstraites ou des interfaces,0,0.5358231068
concevoir-4.4,"Prétraiter, estimer et prédire un signal à l’aide d’un système non linéaire",PROGAV-51-17,Créer des classes de données simple,0,0.5270426273
concevoir-4.4,"Prétraiter, estimer et prédire un signal à l’aide d’un système non linéaire",PROGAV-51-18,Mettre en place une gestion/nomenclature d’erreur,0,0.5155552626
concevoir-4.4,"Prétraiter, estimer et prédire un signal à l’aide d’un système non linéaire",PROGAV-51-19,Lancer/Propager/Attraper des exceptions,0,0.5428886414
concevoir-4.4,"Prétraiter, estimer et prédire un signal à l’aide d’un système non linéaire",PROGAV-51-20,Expliciter les exceptions,0,0.5572838187
concevoir-4.4,"Prétraiter, estimer et prédire un signal à l’aide d’un système non linéaire",PROGAV-51-21,Comprendre l’introspection,0,0.5516240597
concevoir-4.4,"Prétraiter, estimer et prédire un signal à l’aide d’un système non linéaire",PROGAV-51-22,Utiliser l’introspection,0,0.5756783485
concevoir-4.4,"Prétraiter, estimer et prédire un signal à l’aide d’un système non linéaire",PROGAV-51-23,Concevoir une interface graphique,0,0.5423455238
concevoir-4.4,"Prétraiter, estimer et prédire un signal à l’aide d’un système non linéaire",PROGAV-52-1,Choisir le bon type de collection,0,0.5158166885
concevoir-4.4,"Prétraiter, estimer et prédire un signal à l’aide d’un système non linéaire",PROGAV-53-1,Utiliser la Généricité,0,0.5519422293
concevoir-4.4,"Prétraiter, estimer et prédire un signal à l’aide d’un système non linéaire",PROGAV-53-2,Créer des types génériques,0,0.5364724398
concevoir-4.4,"Prétraiter, estimer et prédire un signal à l’aide d’un système non linéaire",PROGAV-53-3,Créer des méthodes génériques,0,0.5511528254
concevoir-4.4,"Prétraiter, estimer et prédire un signal à l’aide d’un système non linéaire",PROGAV-53-4,Utiliser des lambdas expressions,0,0.5427060127
concevoir-4.4,"Prétraiter, estimer et prédire un signal à l’aide d’un système non linéaire",PROGAV-53-5,Comprendre le fct des Stream de données,0,0.5291748643
concevoir-4.4,"Prétraiter, estimer et prédire un signal à l’aide d’un système non linéaire",PROGAV-53-22,Créer des classes/interfaces incomplètes,0,0.5155297518
concevoir-4.4,"Prétraiter, estimer et prédire un signal à l’aide d’un système non linéaire",PROGAV-54-3,Utiliser les IO,0,0.5547479987
concevoir-4.4,"Prétraiter, estimer et prédire un signal à l’aide d’un système non linéaire",PROGAV-54-4,Utiliser les flux standards,0,0.5651598573
concevoir-4.4,"Prétraiter, estimer et prédire un signal à l’aide d’un système non linéaire",PROGAV-61-1,Création de tests unitaires,0,0.5352009535
concevoir-4.4,"Prétraiter, estimer et prédire un signal à l’aide d’un système non linéaire",PROGAV-61-2,Utiliser la notion de contrats simples et combinés,0,0.5332443714
concevoir-4.4,"Prétraiter, estimer et prédire un signal à l’aide d’un système non linéaire",PROGAV-61-3,Créer des fixtures,0,0.5399482846
concevoir-4.4,"Prétraiter, estimer et prédire un signal à l’aide d’un système non linéaire",PROGAV-61-4,Créer et utiliser les suites de tests,0,0.5176954269
concevoir-4.5,Échanger de manière adaptée et sécurisée les données en temps réel,PROGAV-33-1,Implémenter un design pattern MVC,0,0.5479714870
concevoir-4.5,Échanger de manière adaptée et sécurisée les données en temps réel,PROGAV-33-2,Utiliser la délégation d’événement,0,0.5441169739
concevoir-4.5,Échanger de manière adaptée et sécurisée les données en temps réel,PROGAV-40-1,Sérialiser et désérialiser des objets,1,0.5487517715
concevoir-4.5,Échanger de manière adaptée et sécurisée les données en temps réel,PROGAV-40-2,Prendre en compte la sensibilité des données,1,0.5776453018
concevoir-4.5,Échanger de manière adaptée et sécurisée les données en temps réel,PROGAV-51-1,Choisir les types,0,0.5493590236
concevoir-4.5,Échanger de manière adaptée et sécurisée les données en temps réel,PROGAV-51-2,Définir des types,0,0.5520298481
concevoir-4.5,Échanger de manière adaptée et sécurisée les données en temps réel,PROGAV-51-3,Créer une classe,0,0.5450433493
concevoir-4.5,Échanger de manière adaptée et sécurisée les données en temps réel,PROGAV-51-4,Gérer l’instanciation/destruction d’un objet,0,0.5207076073
concevoir-4.5,Échanger de manière adaptée et sécurisée les données en temps réel,PROGAV-51-5,Gérer la visibilité des membres,0,0.5502497554
concevoir-4.5,Échanger de manière adaptée et sécurisée les données en temps réel,PROGAV-51-6,Utiliser l’attribut this et les constructeurs this,0,0.5313168764
concevoir-4.5,Échanger de manière adaptée et sécurisée les données en temps réel,PROGAV-51-7,Créer/Utiliser des membres d’instances/classes,0,0.5195853114
concevoir-4.5,Échanger de manière adaptée et sécurisée les données en temps réel,PROGAV-51-8,Organiser le développement,0,0.5645068884
concevoir-4.5,Échanger de manière adaptée et sécurisée les données en temps réel,PROGAV-51-9,Compiler du code java avec et sans bibliothèques,0,0.4983883500
concevoir-4.5,Échanger de manière adaptée et sécurisée les données en temps réel,PROGAV-51-10,Exécuter du code java avec et sans bibliothèque,0,0.5065566897
concevoir-4.5,Échanger de manière adaptée et sécurisée les données en temps réel,PROGAV-51-11,Créer et manipuler des types énumérés,0,0.5419014096
concevoir-4.5,Échanger de manière adaptée et sécurisée les données en temps réel,PROGAV-51-12,Gestion de l’héritage,0,0.5541230440
concevoir-4.5,Échanger de manière adaptée et sécurisée les données en temps réel,PROGAV-51-13,Choisir la composition ou l’héritage,0,0.5145004988
concevoir-4.5,Échanger de manière adaptée et sécurisée les données en temps réel,PROGAV-51-14,Gérer le polymorphisme,0,0.5547355413
concevoir-4.5,Échanger de manière adaptée et sécurisée les données en temps réel,PROGAV-51-15,Manipuler super en attribut et en constructeur,0,0.5490579009
concevoir-4.5,Échanger de manière adaptée et sécurisée les données en temps réel,PROGAV-51-16,Utiliser des classes abstraites ou des interfaces,0,0.5442001820
concevoir-4.5,Échanger de manière adaptée et sécurisée les données en temps réel,PROGAV-51-17,Créer des classes de données simple,0,0.5633530617
concevoir-4.5,Échanger de manière adaptée et sécurisée les données en temps réel,PROGAV-51-18,Mettre en place une gestion/nomenclature d’erreur,0,0.5305432081
concevoir-4.5,Échanger de manière adaptée et sécurisée les données en temps réel,PROGAV-51-19,Lancer/Propager/Attraper des exceptions,0,0.5394285321
concevoir-4.5,Échanger de manière adaptée et sécurisée les données en temps réel,PROGAV-51-20,Expliciter les exceptions,0,0.5649762154
concevoir-4.5,Échanger de manière adaptée et sécurisée les données en temps réel,PROGAV-51-21,Comprendre l’introspection,0,0.5456066132
concevoir-4.5,Échanger de manière adaptée et sécurisée les données en temps réel,PROGAV-51-22,Utiliser l’introspection,0,0.5727490187
concevoir-4.5,Échanger de manière adaptée et sécurisée les données en temps réel,PROGAV-51-23,Concevoir une interface graphique,0,0.5547018051
concevoir-4.5,Échanger de manière adaptée et sécurisée les données en temps réel,PROGAV-52-1,Choisir le bon type de collection,0,0.5292053819
concevoir-4.5,Échanger de manière adaptée et sécurisée les données en temps réel,PROGAV-53-1,Utiliser la Généricité,0,0.5523068309
concevoir-4.5,Échanger de manière adaptée et sécurisée les données en temps réel,PROGAV-53-2,Créer des types génériques,0,0.5409763455
concevoir-4.5,Échanger de manière adaptée et sécurisée les données en temps réel,PROGAV-53-3,Créer des méthodes génériques,0,0.5563580990
concevoir-4.5,Échanger de manière adaptée et sécurisée les données en temps réel,PROGAV-53-4,Utiliser des lambdas expressions,0,0.5436043143
concevoir-4.5,Échanger de manière adaptée et sécurisée les données en temps réel,PROGAV-53-5,Comprendre le fct des Stream de données,0,0.5474166870
concevoir-4.5,Échanger de manière adaptée et sécurisée les données en temps réel,PROGAV-53-22,Créer des classes/interfaces incomplètes,0,0.5223151445
concevoir-4.5,Échanger de manière adaptée et sécurisée les données en temps réel,PROGAV-54-3,Utiliser les IO,0,0.5660610199
concevoir-4.5,Échanger de manière adaptée et sécurisée les données en temps réel,PROGAV-54-4,Utiliser les flux standards,0,0.5812193751
concevoir-4.5,Échanger de manière adaptée et sécurisée les données en temps réel,PROGAV-61-1,Création de tests unitaires,0,0.5348309875
concevoir-4.5,Échanger de manière adaptée et sécurisée les données en temps réel,PROGAV-61-2,Utiliser la notion de contrats simples et combinés,0,0.5433776975
concevoir-4.5,Échanger de manière adaptée et sécurisée les données en temps réel,PROGAV-61-3,Créer des fixtures,0,0.5562441945
concevoir-4.5,Échanger de manière adaptée et sécurisée les données en temps réel,PROGAV-61-4,Créer et utiliser les suites de tests,0,0.5294505358
concevoir-4.6,Choisir un modèle optimal d'un problème de traitement de données et évaluer ses performances,PROGAV-33-1,Implémenter un design pattern MVC,0,0.5261876583
concevoir-4.6,Choisir un modèle optimal d'un problème de traitement de données et évaluer ses performances,PROGAV-33-2,Utiliser la délégation d’événement,0,0.5241261721
concevoir-4.6,Choisir un modèle optimal d'un problème de traitement de données et évaluer ses performances,PROGAV-40-1,Sérialiser et désérialiser des objets,0,0.5275729299
concevoir-4.6,Choisir un modèle optimal d'un problème de traitement de données et évaluer ses performances,PROGAV-40-2,Prendre en compte la sensibilité des données,0,0.5750772953
concevoir-4.6,Choisir un modèle optimal d'un problème de traitement de données et évaluer ses performances,PROGAV-51-1,Choisir les types,0,0.5909941196
concevoir-4.6,Choisir un modèle optimal d'un problème de traitement de données et évaluer ses performances,PROGAV-51-2,Définir des types,0,0.5428549051
concevoir-4.6,Choisir un modèle optimal d'un problème de traitement de données et évaluer ses performances,PROGAV-51-3,Créer une classe,0,0.5431923866
concevoir-4.6,Choisir un modèle optimal d'un problème de traitement de données et évaluer ses performances,PROGAV-51-4,Gérer l’instanciation/destruction d’un objet,0,0.5076195598
concevoir-4.6,Choisir un modèle optimal d'un problème de traitement de données et évaluer ses performances,PROGAV-51-5,Gérer la visibilité des membres,0,0.5260422230
concevoir-4.6,Choisir un modèle optimal d'un problème de traitement de données et évaluer ses performances,PROGAV-51-6,Utiliser l’attribut this et les constructeurs this,0,0.5112476349
concevoir-4.6,Choisir un modèle optimal d'un problème de traitement de données et évaluer ses performances,PROGAV-51-7,Créer/Utiliser des membres d’instances/classes,0,0.5086376071
concevoir-4.6,Choisir un modèle optimal d'un problème de traitement de données et évaluer ses performances,PROGAV-51-8,Organiser le développement,0,0.5484520197
concevoir-4.6,Choisir un modèle optimal d'un problème de traitement de données et évaluer ses performances,PROGAV-51-9,Compiler du code java avec et sans bibliothèques,0,0.4814212322
concevoir-4.6,Choisir un modèle optimal d'un problème de traitement de données et évaluer ses performances,PROGAV-51-10,Exécuter du code java avec et sans bibliothèque,0,0.4887213111
concevoir-4.6,Choisir un modèle optimal d'un problème de traitement de données et évaluer ses performances,PROGAV-51-11,Créer et manipuler des types énumérés,0,0.5278764963
concevoir-4.6,Choisir un modèle optimal d'un problème de traitement de données et évaluer ses performances,PROGAV-51-12,Gestion de l’héritage,0,0.5343664885
concevoir-4.6,Choisir un modèle optimal d'un problème de traitement de données et évaluer ses performances,PROGAV-51-13,Choisir la composition ou l’héritage,0,0.5427639484
concevoir-4.6,Choisir un modèle optimal d'un problème de traitement de données et évaluer ses performances,PROGAV-51-14,Gérer le polymorphisme,0,0.5429250598
concevoir-4.6,Choisir un modèle optimal d'un problème de traitement de données et évaluer ses performances,PROGAV-51-15,Manipuler super en attribut et en constructeur,0,0.5292557478
concevoir-4.6,Choisir un modèle optimal d'un problème de traitement de données et évaluer ses performances,PROGAV-51-16,Utiliser des classes abstraites ou des interfaces,0,0.5254696608
concevoir-4.6,Choisir un modèle optimal d'un problème de traitement de données et évaluer ses performances,PROGAV-51-17,Créer des classes de données simple,0,0.5512197018
concevoir-4.6,Choisir un modèle optimal d'un problème de traitement de données et évaluer ses performances,PROGAV-51-18,Mettre en place une gestion/nomenclature d’erreur,0,0.5158852339
concevoir-4.6,Choisir un modèle optimal d'un problème de traitement de données et évaluer ses performances,PROGAV-51-19,Lancer/Propager/Attraper des exceptions,0,0.5243896246
concevoir-4.6,Choisir un modèle optimal d'un problème de traitement de données et évaluer ses performances,PROGAV-51-20,Expliciter les exceptions,0,0.5492898822
concevoir-4.6,Choisir un modèle optimal d'un problème de traitement de données et évaluer ses performances,PROGAV-51-21,Comprendre l’introspection,0,0.5419045091
concevoir-4.6,Choisir un modèle optimal d'un problème de traitement de données et évaluer ses performances,PROGAV-51-22,Utiliser l’introspection,0,0.5608175397
concevoir-4.6,Choisir un modèle optimal d'un problème de traitement de données et évaluer ses performances,PROGAV-51-23,Concevoir une interface graphique,0,0.5367683172
concevoir-4.6,Choisir un modèle optimal d'un problème de traitement de données et évaluer ses performances,PROGAV-52-1,Choisir le bon type de collection,0,0.5515469313
concevoir-4.6,Choisir un modèle optimal d'un problème de traitement de données et évaluer ses performances,PROGAV-53-1,Utiliser la Généricité,0,0.5394764543
concevoir-4.6,Choisir un modèle optimal d'un problème de traitement de données et évaluer ses performances,PROGAV-53-2,Créer des types génériques,0,0.5311927199
concevoir-4.6,Choisir un modèle optimal d'un problème de traitement de données et évaluer ses performances,PROGAV-53-3,Créer des méthodes génériques,0,0.5428490639
concevoir-4.6,Choisir un modèle optimal d'un problème de traitement de données et évaluer ses performances,PROGAV-53-4,Utiliser des lambdas expressions,0,0.5278784037
concevoir-4.6,Choisir un modèle optimal d'un problème de traitement de données et évaluer ses performances,PROGAV-53-5,Comprendre le fct des Stream de données,0,0.5384172201
concevoir-4.6,Choisir un modèle optimal d'un problème de traitement de données et évaluer ses performances,PROGAV-53-22,Créer des classes/interfaces incomplètes,0,0.5098245144
concevoir-4.6,Choisir un modèle optimal d'un problème de traitement de données et évaluer ses performances,PROGAV-54-3,Utiliser les IO,0,0.5423275232
concevoir-4.6,Choisir un modèle optimal d'un problème de traitement de données et évaluer ses performances,PROGAV-54-4,Utiliser les flux standards,0,0.5537753105
concevoir-4.6,Choisir un modèle optimal d'un problème de traitement de données et évaluer ses performances,PROGAV-61-1,Création de tests unitaires,0,0.5312144160
concevoir-4.6,Choisir un modèle optimal d'un problème de traitement de données et évaluer ses performances,PROGAV-61-2,Utiliser la notion de contrats simples et combinés,0,0.5173237324
concevoir-4.6,Choisir un modèle optimal d'un problème de traitement de données et évaluer ses performances,PROGAV-61-3,Créer des fixtures,0,0.5387984514
concevoir-4.6,Choisir un modèle optimal d'un problème de traitement de données et évaluer ses performances,PROGAV-61-4,Créer et utiliser les suites de tests,0,0.5220620632
developper-1.1,Implémenter efficacement un algorithme dans un langage de la programmation structurée,PROGAV-33-1,Implémenter un design pattern MVC,0,0.5823526978
developper-1.1,Implémenter efficacement un algorithme dans un langage de la programmation structurée,PROGAV-33-2,Utiliser la délégation d’événement,0,0.5354334116
developper-1.1,Implémenter efficacement un algorithme dans un langage de la programmation structurée,PROGAV-40-1,Sérialiser et désérialiser des objets,0,0.5291208029
developper-1.1,Implémenter efficacement un algorithme dans un langage de la programmation structurée,PROGAV-40-2,Prendre en compte la sensibilité des données,0,0.5217476487
developper-1.1,Implémenter efficacement un algorithme dans un langage de la programmation structurée,PROGAV-51-1,Choisir les types,0,0.5366480350
developper-1.1,Implémenter efficacement un algorithme dans un langage de la programmation structurée,PROGAV-51-2,Définir des types,0,0.5476593971
developper-1.1,Implémenter efficacement un algorithme dans un langage de la programmation structurée,PROGAV-51-3,Créer une classe,0,0.5505639315
developper-1.1,Implémenter efficacement un algorithme dans un langage de la programmation structurée,PROGAV-51-4,Gérer l’instanciation/destruction d’un objet,0,0.5137452483
developper-1.1,Implémenter efficacement un algorithme dans un langage de la programmation structurée,PROGAV-51-5,Gérer la visibilité des membres,0,0.5267668962
developper-1.1,Implémenter efficacement un algorithme dans un langage de la programmation structurée,PROGAV-51-6,Utiliser l’attribut this et les constructeurs this,0,0.5303610563
developper-1.1,Implémenter efficacement un algorithme dans un langage de la programmation structurée,PROGAV-51-7,Créer/Utiliser des membres d’instances/classes,0,0.5171790123
developper-1.1,Implémenter efficacement un algorithme dans un langage de la programmation structurée,PROGAV-51-8,Organiser le développement,0,0.5604681969
developper-1.1,Implémenter efficacement un algorithme dans un langage de la programmation structurée,PROGAV-51-9,Compiler du code java avec et sans bibliothèques,0,0.5190214515
developper-1.1,Implémenter efficacement un algorithme dans un langage de la programmation structurée,PROGAV-51-10,Exécuter du code java avec et sans bibliothèque,0,0.5183253288
developper-1.1,Implémenter efficacement un algorithme dans un langage de la programmation structurée,PROGAV-51-11,Créer et manipuler des types énumérés,0,0.5337073803
developper-1.1,Implémenter efficacement un algorithme dans un langage de la programmation structurée,PROGAV-51-12,Gestion de l’héritage,0,0.5308641791
developper-1.1,Implémenter efficacement un algorithme dans un langage de la programmation structurée,PROGAV-51-13,Choisir la composition ou l’héritage,0,0.5090630054
developper-1.1,Implémenter efficacement un algorithme dans un langage de la programmation structurée,PROGAV-51-14,Gérer le polymorphisme,0,0.5502073169
developper-1.1,Implémenter efficacement un algorithme dans un langage de la programmation structurée,PROGAV-51-15,Manipuler super en attribut et en constructeur,0,0.5402779579
developper-1.1,Implémenter efficacement un algorithme dans un langage de la programmation structurée,PROGAV-51-16,Utiliser des classes abstraites ou des interfaces,0,0.5436062813
developper-1.1,Implémenter efficacement un algorithme dans un langage de la programmation structurée,PROGAV-51-17,Créer des classes de données simple,0,0.5371295214
developper-1.1,Implémenter efficacement un algorithme dans un langage de la programmation structurée,PROGAV-51-18,Mettre en place une gestion/nomenclature d’erreur,0,0.5287357569
developper-1.1,Implémenter efficacement un algorithme dans un langage de la programmation structurée,PROGAV-51-19,Lancer/Propager/Attraper des exceptions,0,0.5235877633
developper-1.1,Implémenter efficacement un algorithme dans un langage de la programmation structurée,PROGAV-51-20,Expliciter les exceptions,0,0.5668559074
developper-1.1,Implémenter efficacement un algorithme dans un langage de la programmation structurée,PROGAV-51-21,Comprendre l’introspection,0,0.5403045416
developper-1.1,Implémenter efficacement un algorithme dans un langage de la programmation structurée,PROGAV-51-22,Utiliser l’introspection,0,0.5691995621
developper-1.1,Implémenter efficacement un algorithme dans un langage de la programmation structurée,PROGAV-51-23,Concevoir une interface graphique,0,0.5447024107
developper-1.1,Implémenter efficacement un algorithme dans un langage de la programmation structurée,PROGAV-52-1,Choisir le bon type de collection,0,0.5100027323
developper-1.1,Implémenter efficacement un algorithme dans un langage de la programmation structurée,PROGAV-53-1,Utiliser la Généricité,0,0.5470257998
developper-1.1,Implémenter efficacement un algorithme dans un langage de la programmation structurée,PROGAV-53-2,Créer des types génériques,0,0.5331340432
developper-1.1,Implémenter efficacement un algorithme dans un langage de la programmation structurée,PROGAV-53-3,Créer des méthodes génériques,0,0.5546209216
developper-1.1,Implémenter efficacement un algorithme dans un langage de la programmation structurée,PROGAV-53-4,Utiliser des lambdas expressions,0,0.5367719531
developper-1.1,Implémenter efficacement un algorithme dans un langage de la programmation structurée,PROGAV-53-5,Comprendre le fct des Stream de données,0,0.5085509419
developper-1.1,Implémenter efficacement un algorithme dans un langage de la programmation structurée,PROGAV-53-22,Créer des classes/interfaces incomplètes,0,0.5244428515
developper-1.1,Implémenter efficacement un algorithme dans un langage de la programmation structurée,PROGAV-54-3,Utiliser les IO,0,0.5564734340
developper-1.1,Implémenter efficacement un algorithme dans un langage de la programmation structurée,PROGAV-54-4,Utiliser les flux standards,0,0.5585685372
developper-1.1,Implémenter efficacement un algorithme dans un langage de la programmation structurée,PROGAV-61-1,Création de tests unitaires,0,0.5282646418
developper-1.1,Implémenter efficacement un algorithme dans un langage de la programmation structurée,PROGAV-61-2,Utiliser la notion de contrats simples et combinés,0,0.5273681879
developper-1.1,Implémenter efficacement un algorithme dans un langage de la programmation structurée,PROGAV-61-3,Créer des fixtures,0,0.5552573800
developper-1.1,Implémenter efficacement un algorithme dans un langage de la programmation structurée,PROGAV-61-4,Créer et utiliser les suites de tests,0,0.5191520452
developper-1.2,Utiliser un logiciel de suivi de version,PROGAV-33-1,Implémenter un design pattern MVC,0,0.5501200557
developper-1.2,Utiliser un logiciel de suivi de version,PROGAV-33-2,Utiliser la délégation d’événement,0,0.5749973059
developper-1.2,Utiliser un logiciel de suivi de version,PROGAV-40-1,Sérialiser et désérialiser des objets,0,0.5468970537
developper-1.2,Utiliser un logiciel de suivi de version,PROGAV-40-2,Prendre en compte la sensibilité des données,0,0.5527488589
developper-1.2,Utiliser un logiciel de suivi de version,PROGAV-51-1,Choisir les types,0,0.5518054366
developper-1.2,Utiliser un logiciel de suivi de version,PROGAV-51-2,Définir des types,0,0.5464399457
developper-1.2,Utiliser un logiciel de suivi de version,PROGAV-51-3,Créer une classe,0,0.5467654467
developper-1.2,Utiliser un logiciel de suivi de version,PROGAV-51-4,Gérer l’instanciation/destruction d’un objet,0,0.5202135444
developper-1.2,Utiliser un logiciel de suivi de version,PROGAV-51-5,Gérer la visibilité des membres,0,0.5458163023
developper-1.2,Utiliser un logiciel de suivi de version,PROGAV-51-6,Utiliser l’attribut this et les constructeurs this,0,0.5540902615
developper-1.2,Utiliser un logiciel de suivi de version,PROGAV-51-7,Créer/Utiliser des membres d’instances/classes,0,0.5443573594
developper-1.2,Utiliser un logiciel de suivi de version,PROGAV-51-8,Organiser le développement,0,0.5610159039
developper-1.2,Utiliser un logiciel de suivi de version,PROGAV-51-9,Compiler du code java avec et sans bibliothèques,0,0.5114911795
developper-1.2,Utiliser un logiciel de suivi de version,PROGAV-51-10,Exécuter du code java avec et sans bibliothèque,0,0.5197847486
developper-1.2,Utiliser un logiciel de suivi de version,PROGAV-51-11,Créer et manipuler des types énumérés,0,0.5442655087
developper-1.2,Utiliser un logiciel de suivi de version,PROGAV-51-12,Gestion de l’héritage,0,0.5455403924
developper-1.2,Utiliser un logiciel de suivi de version,PROGAV-51-13,Choisir la composition ou l’héritage,0,0.5168111920
developper-1.2,Utiliser un logiciel de suivi de version,PROGAV-51-14,Gérer le polymorphisme,0,0.5499752164
developper-1.2,Utiliser un logiciel de suivi de version,PROGAV-51-15,Manipuler super en attribut et en constructeur,0,0.5450284481
developper-1.2,Utiliser un logiciel de suivi de version,PROGAV-51-16,Utiliser des classes abstraites ou des interfaces,0,0.5695164204
developper-1.2,Utiliser un logiciel de suivi de version,PROGAV-51-17,Créer des classes de données simple,0,0.5426834822
developper-1.2,Utiliser un logiciel de suivi de version,PROGAV-51-18,Mettre en place une gestion/nomenclature d’erreur,0,0.5292571187
developper-1.2,Utiliser un logiciel de suivi de version,PROGAV-51-19,Lancer/Propager/Attraper des exceptions,0,0.5409590602
developper-1.2,Utiliser un logiciel de suivi de version,PROGAV-51-20,Expliciter les exceptions,0,0.5625808239
developper-1.2,Utiliser un logiciel de suivi de version,PROGAV-51-21,Comprendre l’introspection,0,0.5489680171
developper-1.2,Utiliser un logiciel de suivi de version,PROGAV-51-22,Utiliser l’introspection,0,0.6170610189
developper-1.2,Utiliser un logiciel de suivi de version,PROGAV-51-23,Concevoir une interface graphique,0,0.5434777737
developper-1.2,Utiliser un logiciel de suivi de version,PROGAV-52-1,Choisir le bon type de collection,0,0.5307641029
developper-1.2,Utiliser un logiciel de suivi de version,PROGAV-53-1,Utiliser la Généricité,0,0.5916550756
developper-1.2,Utiliser un logiciel de suivi de version,PROGAV-53-2,Créer des types génériques,0,0.5462498069
developper-1.2,Utiliser un logiciel de suivi de version,PROGAV-53-3,Créer des méthodes génériques,0,0.5600554347
developper-1.2,Utiliser un logiciel de suivi de version,PROGAV-53-4,Utiliser des lambdas expressions,0,0.5688189268
developper-1.2,Utiliser un logiciel de suivi de version,PROGAV-53-5,Comprendre le fct des Stream de données,0,0.5244545937
developper-1.2,Utiliser un logiciel de suivi de version,PROGAV-53-22,Créer des classes/interfaces incomplètes,0,0.5297449827
developper-1.2,Utiliser un logiciel de suivi de version,PROGAV-54-3,Utiliser les IO,0,0.5954931974
developper-1.2,Utiliser un logiciel de suivi de version,PROGAV-54-4,Utiliser les flux standards,0,0.6038159132
developper-1.2,Utiliser un logiciel de suivi de version,PROGAV-61-1,Création de tests unitaires,0,0.5339713097
developper-1.2,Utiliser un logiciel de suivi de version,PROGAV-61-2,Utiliser la notion de contrats simples et combinés,0,0.5543155670
developper-1.2,Utiliser un logiciel de suivi de version,PROGAV-61-3,Créer des fixtures,0,0.5469232202
developper-1.2,Utiliser un logiciel de suivi de version,PROGAV-61-4,Créer et utiliser les suites de tests,0,0.5582534075
developper-1.3,Caractériser le matériel et le système au regard des besoins,PROGAV-33-1,Implémenter un design pattern MVC,0,0.5258184075
developper-1.3,Caractériser le matériel et le système au regard des besoins,PROGAV-33-2,Utiliser la délégation d’événement,0,0.5285571814
developper-1.3,Caractériser le matériel et le système au regard des besoins,PROGAV-40-1,Sérialiser et désérialiser des objets,0,0.5375468135
developper-1.3,Caractériser le matériel et le système au regard des besoins,PROGAV-40-2,Prendre en compte la sensibilité des données,0,0.5353267193
developper-1.3,Caractériser le matériel et le système au regard des besoins,PROGAV-51-1,Choisir les types,0,0.5380666256
developper-1.3,Caractériser le matériel et le système au regard des besoins,PROGAV-51-2,Définir des types,0,0.5526593924
developper-1.3,Caractériser le matériel et le système au regard des besoins,PROGAV-51-3,Créer une classe,0,0.5511133671
developper-1.3,Caractériser le matériel et le système au regard des besoins,PROGAV-51-4,Gérer l’instanciation/destruction d’un objet,0,0.5144538879
developper-1.3,Caractériser le matériel et le système au regard des besoins,PROGAV-51-5,Gérer la visibilité des membres,0,0.5329739451
developper-1.3,Caractériser le matériel et le système au regard des besoins,PROGAV-51-6,Utiliser l’attribut this et les constructeurs this,0,0.5298734307
developper-1.3,Caractériser le matériel et le système au regard des besoins,PROGAV-51-7,Créer/Utiliser des membres d’instances/classes,0,0.5187848806
developper-1.3,Caractériser le matériel et le système au regard des besoins,PROGAV-51-8,Organiser le développement,0,0.5547177196
developper-1.3,Caractériser le matériel et le système au regard des besoins,PROGAV-51-9,Compiler du code java avec et sans bibliothèques,0,0.4870825410
developper-1.3,Caractériser le matériel et le système au regard des besoins,PROGAV-51-10,Exécuter du code java avec et sans bibliothèque,0,0.4938784838
developper-1.3,Caractériser le matériel et le système au regard des besoins,PROGAV-51-11,Créer et manipuler des types énumérés,0,0.5357295871
developper-1.3,Caractériser le matériel et le système au regard des besoins,PROGAV-51-12,Gestion de l’héritage,0,0.5436618328
developper-1.3,Caractériser le matériel et le système au regard des besoins,PROGAV-51-13,Choisir la composition ou l’héritage,0,0.5040382147
developper-1.3,Caractériser le matériel et le système au regard des besoins,PROGAV-51-14,Gérer le polymorphisme,0,0.5405758619
developper-1.3,Caractériser le matériel et le système au regard des besoins,PROGAV-51-15,Manipuler super en attribut et en constructeur,0,0.5402415395
developper-1.3,Caractériser le matériel et le système au regard des besoins,PROGAV-51-16,Utiliser des classes abstraites ou des interfaces,0,0.5356067419
developper-1.3,Caractériser le matériel et le système au regard des besoins,PROGAV-51-17,Créer des classes de données simple,0,0.5350890756
developper-1.3,Caractériser le matériel et le système au regard des besoins,PROGAV-51-18,Mettre en place une gestion/nomenclature d’erreur,0,0.5139198899
developper-1.3,Caractériser le matériel et le système au regard des besoins,PROGAV-51-19,Lancer/Propager/Attraper des exceptions,0,0.5240685344
developper-1.3,Caractériser le matériel et le système au regard des besoins,PROGAV-51-20,Expliciter les exceptions,0,0.5589303970
developper-1.3,Caractériser le matériel et le système au regard des besoins,PROGAV-51-21,Comprendre l’introspection,0,0.5386723280
developper-1.3,Caractériser le matériel et le système au regard des besoins,PROGAV-51-22,Utiliser l’introspection,0,0.5613873601
developper-1.3,Caractériser le matériel et le système au regard des besoins,PROGAV-51-23,Concevoir une interface graphique,0,0.5465730429
developper-1.3,Caractériser le matériel et le système au regard des besoins,PROGAV-52-1,Choisir le bon type de collection,0,0.5153291821
developper-1.3,Caractériser le matériel et le système au regard des besoins,PROGAV-53-1,Utiliser la Généricité,0,0.5414927006
developper-1.3,Caractériser le matériel et le système au regard des besoins,PROGAV-53-2,Créer des types génériques,0,0.5373296738
developper-1.3,Caractériser le matériel et le système au regard des besoins,PROGAV-53-3,Créer des méthodes génériques,0,0.5435690284
developper-1.3,Caractériser le matériel et le système au regard des besoins,PROGAV-53-4,Utiliser des lambdas expressions,0,0.5286407471
developper-1.3,Caractériser le matériel et le système au regard des besoins,PROGAV-53-5,Comprendre le fct des Stream de données,0,0.5157572031
developper-1.3,Caractériser le matériel et le système au regard des besoins,PROGAV-53-22,Créer des classes/interfaces incomplètes,0,0.5160169601
developper-1.3,Caractériser le matériel et le système au regard des besoins,PROGAV-54-3,Utiliser les IO,0,0.5492920876
developper-1.3,Caractériser le matériel et le système au regard des besoins,PROGAV-54-4,Utiliser les flux standards,0,0.5632274747
developper-1.3,Caractériser le matériel et le système au regard des besoins,PROGAV-61-1,Création de tests unitaires,0,0.5326632857
developper-1.3,Caractériser le matériel et le système au regard des besoins,PROGAV-61-2,Utiliser la notion de contrats simples et combinés,0,0.5227725506
developper-1.3,Caractériser le matériel et le système au regard des besoins,PROGAV-61-3,Créer des fixtures,0,0.5478037000
developper-1.3,Caractériser le matériel et le système au regard des besoins,PROGAV-61-4,Créer et utiliser les suites de tests,0,0.5180979967
developper-2.1,Implémenter dans un langage de la programmation orientée objet à partir de diagrammes UML,PROGAV-33-1,Implémenter un design pattern MVC,0,0.5883243680
developper-2.1,Implémenter dans un langage de la programmation orientée objet à partir de diagrammes UML,PROGAV-33-2,Utiliser la délégation d’événement,0,0.5321705937
developper-2.1,Implémenter dans un langage de la programmation orientée objet à partir de diagrammes UML,PROGAV-40-1,Sérialiser et désérialiser des objets,0,0.5547397733
developper-2.1,Implémenter dans un langage de la programmation orientée objet à partir de diagrammes UML,PROGAV-40-2,Prendre en compte la sensibilité des données,0,0.5232158899
developper-2.1,Implémenter dans un langage de la programmation orientée objet à partir de diagrammes UML,PROGAV-51-1,Choisir les types,1,0.5422244072
developper-2.1,Implémenter dans un langage de la programmation orientée objet à partir de diagrammes UML,PROGAV-51-2,Définir des types,1,0.5516625643
developper-2.1,Implémenter dans un langage de la programmation orientée objet à partir de diagrammes UML,PROGAV-51-3,Créer une classe,1,0.5545946956
developper-2.1,Implémenter dans un langage de la programmation orientée objet à partir de diagrammes UML,PROGAV-51-4,Gérer l’instanciation/destruction d’un objet,1,0.5453441143
developper-2.1,Implémenter dans un langage de la programmation orientée objet à partir de diagrammes UML,PROGAV-51-5,Gérer la visibilité des membres,1,0.5243158340
developper-2.1,Implémenter dans un langage de la programmation orientée objet à partir de diagrammes UML,PROGAV-51-6,Utiliser l’attribut this et les constructeurs this,1,0.5218247175
developper-2.1,Implémenter dans un langage de la programmation orientée objet à partir de diagrammes UML,PROGAV-51-7,Créer/Utiliser des membres d’instances/classes,1,0.5204527974
developper-2.1,Implémenter dans un langage de la programmation orientée objet à partir de diagrammes UML,PROGAV-51-8,Organiser le développement,1,0.5584646463
developper-2.1,Implémenter dans un langage de la programmation orientée objet à partir de diagrammes UML,PROGAV-51-9,Compiler du code java avec et sans bibliothèques,1,0.5085973144
developper-2.1,Implémenter dans un langage de la programmation orientée objet à partir de diagrammes UML,PROGAV-51-10,Exécuter du code java avec et sans bibliothèque,1,0.5058079958
developper-2.1,Implémenter dans un langage de la programmation orientée objet à partir de diagrammes UML,PROGAV-51-11,Créer et manipuler des types énumérés,1,0.5393491983
developper-2.1,Implémenter dans un langage de la programmation orientée objet à partir de diagrammes UML,PROGAV-51-12,Gestion de l’héritage,1,0.5315874815
developper-2.1,Implémenter dans un langage de la programmation orientée objet à partir de diagrammes UML,PROGAV-51-13,Choisir la composition ou l’héritage,1,0.5059773922
developper-2.1,Implémenter dans un langage de la programmation orientée objet à partir de diagrammes UML,PROGAV-51-14,Gérer le polymorphisme,1,0.5424865484
developper-2.1,Implémenter dans un langage de la programmation orientée objet à partir de diagrammes UML,PROGAV-51-15,Manipuler super en attribut et en constructeur,1,0.5383992195
developper-2.1,Implémenter dans un langage de la programmation orientée objet à partir de diagrammes UML,PROGAV-51-16,Utiliser des classes abstraites ou des interfaces,1,0.5398277044
developper-2.1,Implémenter dans un langage de la programmation orientée objet à partir de diagrammes UML,PROGAV-51-17,Créer des classes de données simple,1,0.5353759527
developper-2.1,Implémenter dans un langage de la programmation orientée objet à partir de diagrammes UML,PROGAV-51-18,Mettre en place une gestion/nomenclature d’erreur,1,0.5159169436
developper-2.1,Implémenter dans un langage de la programmation orientée objet à partir de diagrammes UML,PROGAV-51-19,Lancer/Propager/Attraper des exceptions,1,0.5254794955
developper-2.1,Implémenter dans un langage de la programmation orientée objet à partir de diagrammes UML,PROGAV-51-20,Expliciter les exceptions,1,0.5652751923
developper-2.1,Implémenter dans un langage de la programmation orientée objet à partir de diagrammes UML,PROGAV-51-21,Comprendre l’introspection,1,0.5404675007
developper-2.1,Implémenter dans un langage de la programmation orientée objet à partir de diagrammes UML,PROGAV-51-22,Utiliser l’introspection,1,0.5672110319
developper-2.1,Implémenter dans un langage de la programmation orientée objet à partir de diagrammes UML,PROGAV-51-23,Concevoir une interface graphique,1,0.5517420769
developper-2.1,Implémenter dans un langage de la programmation orientée objet à partir de diagrammes UML,PROGAV-52-1,Choisir le bon type de collection,0,0.5120230317
developper-2.1,Implémenter dans un langage de la programmation orientée objet à partir de diagrammes UML,PROGAV-53-1,Utiliser la Généricité,0,0.5449601412
developper-2.1,Implémenter dans un langage de la programmation orientée objet à partir de diagrammes UML,PROGAV-53-2,Créer des types génériques,0,0.5386295915
developper-2.1,Implémenter dans un langage de la programmation orientée objet à partir de diagrammes UML,PROGAV-53-3,Créer des méthodes génériques,0,0.5443944335
developper-2.1,Implémenter dans un langage de la programmation orientée objet à partir de diagrammes UML,PROGAV-53-4,Utiliser des lambdas expressions,0,0.5298824310
developper-2.1,Implémenter dans un langage de la programmation orientée objet à partir de diagrammes UML,PROGAV-53-5,Comprendre le fct des Stream de données,0,0.5055917501
developper-2.1,Implémenter dans un langage de la programmation orientée objet à partir de diagrammes UML,PROGAV-53-22,Créer des classes/interfaces incomplètes,0,0.5263863802
developper-2.1,Implémenter dans un langage de la programmation orientée objet à partir de diagrammes UML,PROGAV-54-3,Utiliser les IO,0,0.5551893711
developper-2.1,Implémenter dans un langage de la programmation orientée objet à partir de diagrammes UML,PROGAV-54-4,Utiliser les flux standards,0,0.5551693439
developper-2.1,Implémenter dans un langage de la programmation orientée objet à partir de diagrammes UML,PROGAV-61-1,Création de tests unitaires,0,0.5314559937
developper-2.1,Implémenter dans un langage de la programmation orientée objet à partir de diagrammes UML,PROGAV-61-2,Utiliser la notion de contrats simples et combinés,0,0.5216422081
developper-2.1,Implémenter dans un langage de la programmation orientée objet à partir de diagrammes UML,PROGAV-61-3,Créer des fixtures,0,0.5519206524
developper-2.1,Implémenter dans un langage de la programmation orientée objet à partir de diagrammes UML,PROGAV-61-4,Créer et utiliser les suites de tests,0,0.5090233684
developper-2.2,Exploiter une documentation,PROGAV-33-1,Implémenter un design pattern MVC,0,0.5563342571
developper-2.2,Exploiter une documentation,PROGAV-33-2,Utiliser la délégation d’événement,0,0.5581318140
developper-2.2,Exploiter une documentation,PROGAV-40-1,Sérialiser et désérialiser des objets,0,0.5549242496
developper-2.2,Exploiter une documentation,PROGAV-40-2,Prendre en compte la sensibilité des données,0,0.5576566458
developper-2.2,Exploiter une documentation,PROGAV-51-1,Choisir les types,0,0.5499228239
developper-2.2,Exploiter une documentation,PROGAV-51-2,Définir des types,0,0.5525689125
developper-2.2,Exploiter une documentation,PROGAV-51-3,Créer une classe,0,0.5568481684
developper-2.2,Exploiter une documentation,PROGAV-51-4,Gérer l’instanciation/destruction d’un objet,0,0.5316313505
developper-2.2,Exploiter une documentation,PROGAV-51-5,Gérer la visibilité des membres,0,0.5424125791
developper-2.2,Exploiter une documentation,PROGAV-51-6,Utiliser l’attribut this et les constructeurs this,0,0.5382572412
developper-2.2,Exploiter une documentation,PROGAV-51-7,Créer/Utiliser des membres d’instances/classes,0,0.5396645665
developper-2.2,Exploiter une documentation,PROGAV-51-8,Organiser le développement,0,0.5684745908
developper-2.2,Exploiter une documentation,PROGAV-51-9,Compiler du code java avec et sans bibliothèques,0,0.5116304159
developper-2.2,Exploiter une documentation,PROGAV-51-10,Exécuter du code java avec et sans bibliothèque,0,0.5221496820
developper-2.2,Exploiter une documentation,PROGAV-51-11,Créer et manipuler des types énumérés,0,0.5500306487
developper-2.2,Exploiter une documentation,PROGAV-51-12,Gestion de l’héritage,0,0.5498118401
developper-2.2,Exploiter une documentation,PROGAV-51-13,Choisir la composition ou l’héritage,0,0.5216135979
developper-2.2,Exploiter une documentation,PROGAV-51-14,Gérer le polymorphisme,0,0.5517857075
developper-2.2,Exploiter une documentation,PROGAV-51-15,Manipuler super en attribut et en constructeur,0,0.5484681129
developper-2.2,Exploiter une documentation,PROGAV-51-16,Utiliser des classes abstraites ou des interfaces,0,0.5567812920
developper-2.2,Exploiter une documentation,PROGAV-51-17,Créer des classes de données simple,0,0.5542440414
developper-2.2,Exploiter une documentation,PROGAV-51-18,Mettre en place une gestion/nomenclature d’erreur,0,0.5322546959
developper-2.2,Exploiter une documentation,PROGAV-51-19,Lancer/Propager/Attraper des exceptions,0,0.5573143959
developper-2.2,Exploiter une documentation,PROGAV-51-20,Expliciter les exceptions,0,0.5818696618
developper-2.2,Exploiter une documentation,PROGAV-51-21,Comprendre l’introspection,0,0.5689369440
developper-2.2,Exploiter une documentation,PROGAV-51-22,Utiliser l’introspection,0,0.6144635677
developper-2.2,Exploiter une documentation,PROGAV-51-23,Concevoir une interface graphique,0,0.5544145703
developper-2.2,Exploiter une documentation,PROGAV-52-1,Choisir le bon type de collection,1,0.5336386561
developper-2.2,Exploiter une documentation,PROGAV-53-1,Utiliser la Généricité,0,0.5740665197
developper-2.2,Exploiter une documentation,PROGAV-53-2,Créer des types génériques,0,0.5509024858
developper-2.2,Exploiter une documentation,PROGAV-53-3,Créer des méthodes génériques,0,0.5595508218
developper-2.2,Exploiter une documentation,PROGAV-53-4,Utiliser des lambdas expressions,0,0.5652586818
developper-2.2,Exploiter une documentation,PROGAV-53-5,Comprendre le fct des Stream de données,0,0.5429135561
developper-2.2,Exploiter une documentation,PROGAV-53-22,Créer des classes/interfaces incomplètes,0,0.5349025130
developper-2.2,Exploiter une documentation,PROGAV-54-3,Utiliser les IO,0,0.5834117532
developper-2.2,Exploiter une documentation,PROGAV-54-4,Utiliser les flux standards,0,0.5900770426
developper-2.2,Exploiter une documentation,PROGAV-61-1,Création de tests unitaires,0,0.5434982777
developper-2.2,Exploiter une documentation,PROGAV-61-2,Utiliser la notion de contrats simples et combinés,0,0.5452628732
developper-2.2,Exploiter une documentation,PROGAV-61-3,Créer des fixtures,0,0.5567616224
developper-2.2,Exploiter une documentation,PROGAV-61-4,Créer et utiliser les suites de tests,0,0.5445370674
developper-3.1,Caractériser et représenter l’information,PROGAV-33-1,Implémenter un design pattern MVC,0,0.5392446518
developper-3.1,Caractériser et représenter l’information,PROGAV-33-2,Utiliser la délégation d’événement,0,0.5343817472
developper-3.1,Caractériser et représenter l’information,PROGAV-40-1,Sérialiser et désérialiser des objets,0,0.5493600368
developper-3.1,Caractériser et représenter l’information,PROGAV-40-2,Prendre en compte la sensibilité des données,0,0.5580359697
developper-3.1,Caractériser et représenter l’information,PROGAV-51-1,Choisir les types,1,0.5448300838
developper-3.1,Caractériser et représenter l’information,PROGAV-51-2,Définir des types,1,0.5652742386
developper-3.1,Caractériser et représenter l’information,PROGAV-51-3,Créer une classe,1,0.5633195043
developper-3.1,Caractériser et représenter l’information,PROGAV-51-4,Gérer l’instanciation/destruction d’un objet,1,0.5166513324
developper-3.1,Caractériser et représenter l’information,PROGAV-51-5,Gérer la visibilité des membres,1,0.5419654250
developper-3.1,Caractériser et représenter l’information,PROGAV-51-6,Utiliser l’attribut this et les constructeurs this,1,0.5300414562
developper-3.1,Caractériser et représenter l’information,PROGAV-51-7,Créer/Utiliser des membres d’instances/classes,1,0.5312131643
developper-3.1,Caractériser et représenter l’information,PROGAV-51-8,Organiser le développement,0,0.5567970872
developper-3.1,Caractériser et représenter l’information,PROGAV-51-9,Compiler du code java avec et sans bibliothèques,0,0.4963102341
developper-3.1,Caractériser et représenter l’information,PROGAV-51-10,Exécuter du code java avec et sans bibliothèque,0,0.5018644929
developper-3.1,Caractériser et représenter l’information,PROGAV-51-11,Créer et manipuler des types énumérés,1,0.5612390041
developper-3.1,Caractériser et représenter l’information,PROGAV-51-12,Gestion de l’héritage,1,0.5396369696
developper-3.1,Caractériser et représenter l’information,PROGAV-51-13,Choisir la composition ou l’héritage,1,0.5121012926
developper-3.1,Caractériser et représenter l’information,PROGAV-51-14,Gérer le polymorphisme,1,0.5475027561
developper-3.1,Caractériser et représenter l’information,PROGAV-51-15,Manipuler super en attribut et en constructeur,1,0.5467016697
developper-3.1,Caractériser et représenter l’information,PROGAV-51-16,Utiliser des classes abstraites ou des interfaces,1,0.5387674570
developper-3.1,Caractériser et représenter l’information,PROGAV-51-17,Créer des classes de données simple,0,0.5717433691
developper-3.1,Caractériser et représenter l’information,PROGAV-51-18,Mettre en place une gestion/nomenclature d’erreur,1,0.5187047124
developper-3.1,Caractériser et représenter l’information,PROGAV-51-19,Lancer/Propager/Attraper des exceptions,1,0.5325275660
developper-3.1,Caractériser et représenter l’information,PROGAV-51-20,Expliciter les exceptions,1,0.5668017268
developper-3.1,Caractériser et représenter l’information,PROGAV-51-21,Comprendre l’introspection,0,0.5609798431
developper-3.1,Caractériser et représenter l’information,PROGAV-51-22,Utiliser l’introspection,0,0.5664259791
developper-3.1,Caractériser et représenter l’information,PROGAV-51-23,Concevoir une interface graphique,0,0.5682995319
developper-3.1,Caractériser et représenter l’information,PROGAV-52-1,Choisir le bon type de collection,0,0.5185132027
developper-3.1,Caractériser et représenter l’information,PROGAV-53-1,Utiliser la Généricité,1,0.5452216864
developper-3.1,Caractériser et représenter l’information,PROGAV-53-2,Créer des types génériques,1,0.5535775423
developper-3.1,Caractériser et représenter l’information,PROGAV-53-3,Créer des méthodes génériques,1,0.5515872240
developper-3.1,Caractériser et représenter l’information,PROGAV-53-4,Utiliser des lambdas expressions,1,0.5423628688
developper-3.1,Caractériser et représenter l’information,PROGAV-53-5,Comprendre le fct des Stream de données,1,0.5528215170
developper-3.1,Caractériser et représenter l’information,PROGAV-53-22,Créer des classes/interfaces incomplètes,1,0.5323799253
developper-3.1,Caractériser et représenter l’information,PROGAV-54-3,Utiliser les IO,0,0.5534037352
developper-3.1,Caractériser et représenter l’information,PROGAV-54-4,Utiliser les flux standards,0,0.5593588948
developper-3.1,Caractériser et représenter l’information,PROGAV-61-1,Création de tests unitaires,0,0.5386314988
developper-3.1,Caractériser et représenter l’information,PROGAV-61-2,Utiliser la notion de contrats simples et combinés,0,0.5336050391
developper-3.1,Caractériser et représenter l’information,PROGAV-61-3,Créer des fixtures,0,0.5542181134
developper-3.1,Caractériser et représenter l’information,PROGAV-61-4,Créer et utiliser les suites de tests,0,0.5278816819
developper-3.2,Optimiser et sécuriser l’échange de données,PROGAV-33-1,Implémenter un design pattern MVC,0,0.5386462212
developper-3.2,Optimiser et sécuriser l’échange de données,PROGAV-33-2,Utiliser la délégation d’événement,0,0.5420831442
developper-3.2,Optimiser et sécuriser l’échange de données,PROGAV-40-1,Sérialiser et désérialiser des objets,1,0.5493511558
developper-3.2,Optimiser et sécuriser l’échange de données,PROGAV-40-2,Prendre en compte la sensibilité des données,1,0.5878626704
developper-3.2,Optimiser et sécuriser l’échange de données,PROGAV-51-1,Choisir les types,0,0.5412632227
developper-3.2,Optimiser et sécuriser l’échange de données,PROGAV-51-2,Définir des types,0,0.5471554399
developper-3.2,Optimiser et sécuriser l’échange de données,PROGAV-51-3,Créer une classe,0,0.5386446714
developper-3.2,Optimiser et sécuriser l’échange de données,PROGAV-51-4,Gérer l’instanciation/destruction d’un objet,0,0.5177041888
developper-3.2,Optimiser et sécuriser l’échange de données,PROGAV-51-5,Gérer la visibilité des membres,0,0.5485342741
developper-3.2,Optimiser et sécuriser l’échange de données,PROGAV-51-6,Utiliser l’attribut this et les constructeurs this,0,0.5281333923
developper-3.2,Optimiser et sécuriser l’échange de données,PROGAV-51-7,Créer/Utiliser des membres d’instances/classes,0,0.5164278150
developper-3.2,Optimiser et sécuriser l’échange de données,PROGAV-51-8,Organiser le développement,0,0.5741624236
developper-3.2,Optimiser et sécuriser l’échange de données,PROGAV-51-9,Compiler du code java avec et sans bibliothèques,0,0.4946030080
developper-3.2,Optimiser et sécuriser l’échange de données,PROGAV-51-10,Exécuter du code java avec et sans bibliothèque,0,0.5024359226
developper-3.2,Optimiser et sécuriser l’échange de données,PROGAV-51-11,Créer et manipuler des types énumérés,0,0.5359759927
developper-3.2,Optimiser et sécuriser l’échange de données,PROGAV-51-12,Gestion de l’héritage,0,0.5519123077
developper-3.2,Optimiser et sécuriser l’échange de données,PROGAV-51-13,Choisir la composition ou l’héritage,0,0.5125452876
developper-3.2,Optimiser et sécuriser l’échange de données,PROGAV-51-14,Gérer le polymorphisme,0,0.5556018353
developper-3.2,Optimiser et sécuriser l’échange de données,PROGAV-51-15,Manipuler super en attribut et en constructeur,0,0.5380408764
developper-3.2,Optimiser et sécuriser l’échange de données,PROGAV-51-16,Utiliser des classes abstraites ou des interfaces,0,0.5430151224
developper-3.2,Optimiser et sécuriser l’échange de données,PROGAV-51-17,Créer des classes de données simple,0,0.5605185628
developper-3.2,Optimiser et sécuriser l’échange de données,PROGAV-51-18,Mettre en place une gestion/nomenclature d’erreur,0,0.5305385590
developper-3.2,Optimiser et sécuriser l’échange de données,PROGAV-51-19,Lancer/Propager/Attraper des exceptions,0,0.5322661400
developper-3.2,Optimiser et sécuriser l’échange de données,PROGAV-51-20,Expliciter les exceptions,0,0.5616515279
developper-3.2,Optimiser et sécuriser l’échange de données,PROGAV-51-21,Comprendre l’introspection,0,0.5418884754
developper-3.2,Optimiser et sécuriser l’échange de données,PROGAV-51-22,Utiliser l’introspection,0,0.5712840557
developper-3.2,Optimiser et sécuriser l’échange de données,PROGAV-51-23,Concevoir une interface graphique,0,0.5500568748
developper-3.2,Optimiser et sécuriser l’échange de données,PROGAV-52-1,Choisir le bon type de collection,0,0.5235775709
developper-3.2,Optimiser et sécuriser l’échange de données,PROGAV-53-1,Utiliser la Généricité,0,0.5505120754
developper-3.2,Optimiser et sécuriser l’échange de données,PROGAV-53-2,Créer des types génériques,0,0.5349527597
developper-3.2,Optimiser et sécuriser l’échange de données,PROGAV-53-3,Créer des méthodes génériques,0,0.5509847403
developper-3.2,Optimiser et sécuriser l’échange de données,PROGAV-53-4,Utiliser des lambdas expressions,0,0.5418564081
developper-3.2,Optimiser et sécuriser l’échange de données,PROGAV-53-5,Comprendre le fct des Stream de données,0,0.5497800112
developper-3.2,Optimiser et sécuriser l’échange de données,PROGAV-53-22,Créer des classes/interfaces incomplètes,0,0.5219212770
developper-3.2,Optimiser et sécuriser l’échange de données,PROGAV-54-3,Utiliser les IO,1,0.5672342777
developper-3.2,Optimiser et sécuriser l’échange de données,PROGAV-54-4,Utiliser les flux standards,1,0.5788006783
developper-3.2,Optimiser et sécuriser l’échange de données,PROGAV-61-1,Création de tests unitaires,0,0.5286765099
developper-3.2,Optimiser et sécuriser l’échange de données,PROGAV-61-2,Utiliser la notion de contrats simples et combinés,0,0.5413355827
developper-3.2,Optimiser et sécuriser l’échange de données,PROGAV-61-3,Créer des fixtures,0,0.5465854406
developper-3.2,Optimiser et sécuriser l’échange de données,PROGAV-61-4,Créer et utiliser les suites de tests,0,0.5223906636
developper-3.3,Utiliser et paramétrer des frameworks adaptés,PROGAV-33-1,Implémenter un design pattern MVC,0,0.5615854263
developper-3.3,Utiliser et paramétrer des frameworks adaptés,PROGAV-33-2,Utiliser la délégation d’événement,0,0.5625304580
developper-3.3,Utiliser et paramétrer des frameworks adaptés,PROGAV-40-1,Sérialiser et désérialiser des objets,0,0.5413101912
developper-3.3,Utiliser et paramétrer des frameworks adaptés,PROGAV-40-2,Prendre en compte la sensibilité des données,0,0.5360866785
developper-3.3,Utiliser et paramétrer des frameworks adaptés,PROGAV-51-1,Choisir les types,0,0.5597026348
developper-3.3,Utiliser et paramétrer des frameworks adaptés,PROGAV-51-2,Définir des types,0,0.5579103827
developper-3.3,Utiliser et paramétrer des frameworks adaptés,PROGAV-51-3,Créer une classe,0,0.5510439277
developper-3.3,Utiliser et paramétrer des frameworks adaptés,PROGAV-51-4,Gérer l’instanciation/destruction d’un objet,0,0.5218434334
developper-3.3,Utiliser et paramétrer des frameworks adaptés,PROGAV-51-5,Gérer la visibilité des membres,0,0.5513692498
developper-3.3,Utiliser et paramétrer des frameworks adaptés,PROGAV-51-6,Utiliser l’attribut this et les constructeurs this,0,0.5708335638
developper-3.3,Utiliser et paramétrer des frameworks adaptés,PROGAV-51-7,Créer/Utiliser des membres d’instances/classes,0,0.5594434738
developper-3.3,Utiliser et paramétrer des frameworks adaptés,PROGAV-51-8,Organiser le développement,0,0.5745974183
developper-3.3,Utiliser et paramétrer des frameworks adaptés,PROGAV-51-9,Compiler du code java avec et sans bibliothèques,0,0.5020095110
developper-3.3,Utiliser et paramétrer des frameworks adaptés,PROGAV-51-10,Exécuter du code java avec et sans bibliothèque,0,0.5079085827
developper-3.3,Utiliser et paramétrer des frameworks adaptés,PROGAV-51-11,Créer et manipuler des types énumérés,0,0.5535642505
developper-3.3,Utiliser et paramétrer des frameworks adaptés,PROGAV-51-12,Gestion de l’héritage,0,0.5531346798
developper-3.3,Utiliser et paramétrer des frameworks adaptés,PROGAV-51-13,Choisir la composition ou l’héritage,0,0.5155942440
developper-3.3,Utiliser et paramétrer des frameworks adaptés,PROGAV-51-14,Gérer le polymorphisme,0,0.5604305863
developper-3.3,Utiliser et paramétrer des frameworks adaptés,PROGAV-51-15,Manipuler super en attribut et en constructeur,0,0.5494980812
developper-3.3,Utiliser et paramétrer des frameworks adaptés,PROGAV-51-16,Utiliser des classes abstraites ou des interfaces,0,0.5874881744
developper-3.3,Utiliser et paramétrer des frameworks adaptés,PROGAV-51-17,Créer des classes de données simple,0,0.5403671265
developper-3.3,Utiliser et paramétrer des frameworks adaptés,PROGAV-51-18,Mettre en place une gestion/nomenclature d’erreur,0,0.5353783369
developper-3.3,Utiliser et paramétrer des frameworks adaptés,PROGAV-51-19,Lancer/Propager/Attraper des exceptions,0,0.5435397029
developper-3.3,Utiliser et paramétrer des frameworks adaptés,PROGAV-51-20,Expliciter les exceptions,0,0.5632902980
developper-3.3,Utiliser et paramétrer des frameworks adaptés,PROGAV-51-21,Comprendre l’introspection,0,0.5465307832
developper-3.3,Utiliser et paramétrer des frameworks adaptés,PROGAV-51-22,Utiliser l’introspection,0,0.6102923155
developper-3.3,Utiliser et paramétrer des frameworks adaptés,PROGAV-51-23,Concevoir une interface graphique,0,0.5596067905
developper-3.3,Utiliser et paramétrer des frameworks adaptés,PROGAV-52-1,Choisir le bon type de collection,0,0.5301992297
developper-3.3,Utiliser et paramétrer des frameworks adaptés,PROGAV-53-1,Utiliser la Généricité,0,0.5864361525
developper-3.3,Utiliser et paramétrer des frameworks adaptés,PROGAV-53-2,Créer des types génériques,0,0.5477023721
developper-3.3,Utiliser et paramétrer des frameworks adaptés,PROGAV-53-3,Créer des méthodes génériques,0,0.5702098012
developper-3.3,Utiliser et paramétrer des frameworks adaptés,PROGAV-53-4,Utiliser des lambdas expressions,0,0.5726153851
developper-3.3,Utiliser et paramétrer des frameworks adaptés,PROGAV-53-5,Comprendre le fct des Stream de données,0,0.5172618628
developper-3.3,Utiliser et paramétrer des frameworks adaptés,PROGAV-53-22,Créer des classes/interfaces incomplètes,0,0.5384105444
developper-3.3,Utiliser et paramétrer des frameworks adaptés,PROGAV-54-3,Utiliser les IO,0,0.5940324068
developper-3.3,Utiliser et paramétrer des frameworks adaptés,PROGAV-54-4,Utiliser les flux standards,0,0.6191971302
developper-3.3,Utiliser et paramétrer des frameworks adaptés,PROGAV-61-1,Création de tests unitaires,0,0.5319042802
developper-3.3,Utiliser et paramétrer des frameworks adaptés,PROGAV-61-2,Utiliser la notion de contrats simples et combinés,0,0.5619210005
developper-3.3,Utiliser et paramétrer des frameworks adaptés,PROGAV-61-3,Créer des fixtures,0,0.5912306309
developper-3.3,Utiliser et paramétrer des frameworks adaptés,PROGAV-61-4,Créer et utiliser les suites de tests,0,0.5527228117
developper-4.1,Automatiser les tâches de validation et de déploiement,PROGAV-33-1,Implémenter un design pattern MVC,0,0.5546061397
developper-4.1,Automatiser les tâches de validation et de déploiement,PROGAV-33-2,Utiliser la délégation d’événement,0,0.5536962748
developper-4.1,Automatiser les tâches de validation et de déploiement,PROGAV-40-1,Sérialiser et désérialiser des objets,0,0.5442125797
developper-4.1,Automatiser les tâches de validation et de déploiement,PROGAV-40-2,Prendre en compte la sensibilité des données,0,0.5335404873
developper-4.1,Automatiser les tâches de validation et de déploiement,PROGAV-51-1,Choisir les types,0,0.5440726280
developper-4.1,Automatiser les tâches de validation et de déploiement,PROGAV-51-2,Définir des types,0,0.5483037829
developper-4.1,Automatiser les tâches de validation et de déploiement,PROGAV-51-3,Créer une classe,0,0.5481766462
developper-4.1,Automatiser les tâches de validation et de déploiement,PROGAV-51-4,Gérer l’instanciation/destruction d’un objet,0,0.5199098587
developper-4.1,Automatiser les tâches de validation et de déploiement,PROGAV-51-5,Gérer la visibilité des membres,0,0.5440927744
developper-4.1,Automatiser les tâches de validation et de déploiement,PROGAV-51-6,Utiliser l’attribut this et les constructeurs this,0,0.5343929529
developper-4.1,Automatiser les tâches de validation et de déploiement,PROGAV-51-7,Créer/Utiliser des membres d’instances/classes,0,0.5190919638
developper-4.1,Automatiser les tâches de validation et de déploiement,PROGAV-51-8,Organiser le développement,0,0.5917361379
developper-4.1,Automatiser les tâches de validation et de déploiement,PROGAV-51-9,Compiler du code java avec et sans bibliothèques,0,0.4980030656
developper-4.1,Automatiser les tâches de validation et de déploiement,PROGAV-51-10,Exécuter du code java avec et sans bibliothèque,0,0.5055703521
developper-4.1,Automatiser les tâches de validation et de déploiement,PROGAV-51-11,Créer et manipuler des types énumérés,0,0.5468580723
developper-4.1,Automatiser les tâches de validation et de déploiement,PROGAV-51-12,Gestion de l’héritage,0,0.5520856977
developper-4.1,Automatiser les tâches de validation et de déploiement,PROGAV-51-13,Choisir la composition ou l’héritage,0,0.5084410906
developper-4.1,Automatiser les tâches de validation et de déploiement,PROGAV-51-14,Gérer le polymorphisme,0,0.5511100888
developper-4.1,Automatiser les tâches de validation et de déploiement,PROGAV-51-15,Manipuler super en attribut et en constructeur,0,0.5515794754
developper-4.1,Automatiser les tâches de validation et de déploiement,PROGAV-51-16,Utiliser des classes abstraites ou des interfaces,0,0.5454261303
developper-4.1,Automatiser les tâches de validation et de déploiement,PROGAV-51-17,Créer des classes de données simple,0,0.5348055363
developper-4.1,Automatiser les tâches de validation et de déploiement,PROGAV-51-18,Mettre en place une gestion/nomenclature d’erreur,0,0.5326052904
developper-4.1,Automatiser les tâches de validation et de déploiement,PROGAV-51-19,Lancer/Propager/Attraper des exceptions,0,0.5461982489
developper-4.1,Automatiser les tâches de validation et de déploiement,PROGAV-51-20,Expliciter les exceptions,0,0.5574617386
developper-4.1,Automatiser les tâches de validation et de déploiement,PROGAV-51-21,Comprendre l’introspection,0,0.5439227819
developper-4.1,Automatiser les tâches de validation et de déploiement,PROGAV-51-22,Utiliser l’introspection,0,0.5739103556
developper-4.1,Automatiser les tâches de validation et de déploiement,PROGAV-51-23,Concevoir une interface graphique,0,0.5409460068
developper-4.1,Automatiser les tâches de validation et de déploiement,PROGAV-52-1,Choisir le bon type de collection,0,0.5224003196
developper-4.1,Automatiser les tâches de validation et de déploiement,PROGAV-53-1,Utiliser la Généricité,0,0.5492601991
developper-4.1,Automatiser les tâches de validation et de déploiement,PROGAV-53-2,Créer des types génériques,0,0.5401802063
developper-4.1,Automatiser les tâches de validation et de déploiement,PROGAV-53-3,Créer des méthodes génériques,0,0.5593502522
developper-4.1,Automatiser les tâches de validation et de déploiement,PROGAV-53-4,Utiliser des lambdas expressions,0,0.5382761955
developper-4.1,Automatiser les tâches de validation et de déploiement,PROGAV-53-5,Comprendre le fct des Stream de données,0,0.5194587708
developper-4.1,Automatiser les tâches de validation et de déploiement,PROGAV-53-22,Créer des classes/interfaces incomplètes,0,0.5241394043
developper-4.1,Automatiser les tâches de validation et de déploiement,PROGAV-54-3,Utiliser les IO,0,0.5609114766
developper-4.1,Automatiser les tâches de validation et de déploiement,PROGAV-54-4,Utiliser les flux standards,0,0.5713937879
developper-4.1,Automatiser les tâches de validation et de déploiement,PROGAV-61-1,Création de tests unitaires,0,0.5459586382
developper-4.1,Automatiser les tâches de validation et de déploiement,PROGAV-61-2,Utiliser la notion de contrats simples et combinés,0,0.5347204208
developper-4.1,Automatiser les tâches de validation et de déploiement,PROGAV-61-3,Créer des fixtures,0,0.5579402447
developper-4.1,Automatiser les tâches de validation et de déploiement,PROGAV-61-4,Créer et utiliser les suites de tests,0,0.5415468812
developper-4.2,Mettre en œuvre l’architecture matérielle et logicielle,PROGAV-33-1,Implémenter un design pattern MVC,0,0.5658555031
developper-4.2,Mettre en œuvre l’architecture matérielle et logicielle,PROGAV-33-2,Utiliser la délégation d’événement,0,0.5433088541
developper-4.2,Mettre en œuvre l’architecture matérielle et logicielle,PROGAV-40-1,Sérialiser et désérialiser des objets,0,0.5458360910
developper-4.2,Mettre en œuvre l’architecture matérielle et logicielle,PROGAV-40-2,Prendre en compte la sensibilité des données,0,0.5408004522
developper-4.2,Mettre en œuvre l’architecture matérielle et logicielle,PROGAV-51-1,Choisir les types,0,0.5465028286
developper-4.2,Mettre en œuvre l’architecture matérielle et logicielle,PROGAV-51-2,Définir des types,0,0.5574410558
developper-4.2,Mettre en œuvre l’architecture matérielle et logicielle,PROGAV-51-3,Créer une classe,0,0.5539759398
developper-4.2,Mettre en œuvre l’architecture matérielle et logicielle,PROGAV-51-4,Gérer l’instanciation/destruction d’un objet,0,0.5284433961
developper-4.2,Mettre en œuvre l’architecture matérielle et logicielle,PROGAV-51-5,Gérer la visibilité des membres,0,0.5441431999
developper-4.2,Mettre en œuvre l’architecture matérielle et logicielle,PROGAV-51-6,Utiliser l’attribut this et les constructeurs this,0,0.5529042482
developper-4.2,Mettre en œuvre l’architecture matérielle et logicielle,PROGAV-51-7,Créer/Utiliser des membres d’instances/classes,0,0.5338241458
developper-4.2,Mettre en œuvre l’architecture matérielle et logicielle,PROGAV-51-8,Organiser le développement,0,0.5851956606
developper-4.2,Mettre en œuvre l’architecture matérielle et logicielle,PROGAV-51-9,Compiler du code java avec et sans bibliothèques,0,0.5033562183
developper-4.2,Mettre en œuvre l’architecture matérielle et logicielle,PROGAV-51-10,Exécuter du code java avec et sans bibliothèque,0,0.5096222758
developper-4.2,Mettre en œuvre l’architecture matérielle et logicielle,PROGAV-51-11,Créer et manipuler des types énumérés,0,0.5490943789
developper-4.2,Mettre en œuvre l’architecture matérielle et logicielle,PROGAV-51-12,Gestion de l’héritage,0,0.5545372367
developper-4.2,Mettre en œuvre l’architecture matérielle et logicielle,PROGAV-51-13,Choisir la composition ou l’héritage,0,0.5128351450
developper-4.2,Mettre en œuvre l’architecture matérielle et logicielle,PROGAV-51-14,Gérer le polymorphisme,0,0.5553438663
developper-4.2,Mettre en œuvre l’architecture matérielle et logicielle,PROGAV-51-15,Manipuler super en attribut et en constructeur,0,0.5559742451
developper-4.2,Mettre en œuvre l’architecture matérielle et logicielle,PROGAV-51-16,Utiliser des classes abstraites ou des interfaces,0,0.5522481203
developper-4.2,Mettre en œuvre l’architecture matérielle et logicielle,PROGAV-51-17,Créer des classes de données simple,0,0.5360421538
developper-4.2,Mettre en œuvre l’architecture matérielle et logicielle,PROGAV-51-18,Mettre en place une gestion/nomenclature d’erreur,0,0.5561982393
developper-4.2,Mettre en œuvre l’architecture matérielle et logicielle,PROGAV-51-19,Lancer/Propager/Attraper des exceptions,0,0.5367416143
developper-4.2,Mettre en œuvre l’architecture matérielle et logicielle,PROGAV-51-20,Expliciter les exceptions,0,0.5584828854
developper-4.2,Mettre en œuvre l’architecture matérielle et logicielle,PROGAV-51-21,Comprendre l’introspection,0,0.5455188751
developper-4.2,Mettre en œuvre l’architecture matérielle et logicielle,PROGAV-51-22,Utiliser l’introspection,0,0.5728064179
developper-4.2,Mettre en œuvre l’architecture matérielle et logicielle,PROGAV-51-23,Concevoir une interface graphique,0,0.5686944723
developper-4.2,Mettre en œuvre l’architecture matérielle et logicielle,PROGAV-52-1,Choisir le bon type de collection,0,0.5201491117
developper-4.2,Mettre en œuvre l’architecture matérielle et logicielle,PROGAV-53-1,Utiliser la Généricité,0,0.5529408455
developper-4.2,Mettre en œuvre l’architecture matérielle et logicielle,PROGAV-53-2,Créer des types génériques,0,0.5461123586
developper-4.2,Mettre en œuvre l’architecture matérielle et logicielle,PROGAV-53-3,Créer des méthodes génériques,0,0.5625624657
developper-4.2,Mettre en œuvre l’architecture matérielle et logicielle,PROGAV-53-4,Utiliser des lambdas expressions,0,0.5378007889
developper-4.2,Mettre en œuvre l’architecture matérielle et logicielle,PROGAV-53-5,Comprendre le fct des Stream de données,0,0.5221694708
developper-4.2,Mettre en œuvre l’architecture matérielle et logicielle,PROGAV-53-22,Créer des classes/interfaces incomplètes,0,0.5320637226
developper-4.2,Mettre en œuvre l’architecture matérielle et logicielle,PROGAV-54-3,Utiliser les IO,0,0.5638465881
developper-4.2,Mettre en œuvre l’architecture matérielle et logicielle,PROGAV-54-4,Utiliser les flux standards,0,0.5678636432
developper-4.2,Mettre en œuvre l’architecture matérielle et logicielle,PROGAV-61-1,Création de tests unitaires,0,0.5433880091
developper-4.2,Mettre en œuvre l’architecture matérielle et logicielle,PROGAV-61-2,Utiliser la notion de contrats simples et combinés,0,0.5357109904
developper-4.2,Mettre en œuvre l’architecture matérielle et logicielle,PROGAV-61-3,Créer des fixtures,0,0.5742374659
developper-4.2,Mettre en œuvre l’architecture matérielle et logicielle,PROGAV-61-4,Créer et utiliser les suites de tests,0,0.5315001011
gerer-1.1,Utiliser une forge pour la gestion des tickets,PROGAV-33-1,Implémenter un design pattern MVC,0,0.5312637687
gerer-1.1,Utiliser une forge pour la gestion des tickets,PROGAV-33-2,Utiliser la délégation d’événement,0,0.5839618444
gerer-1.1,Utiliser une forge pour la gestion des tickets,PROGAV-40-1,Sérialiser et désérialiser des objets,0,0.5393211842
gerer-1.1,Utiliser une forge pour la gestion des tickets,PROGAV-40-2,Prendre en compte la sensibilité des données,0,0.5297371149
gerer-1.1,Utiliser une forge pour la gestion des tickets,PROGAV-51-1,Choisir les types,0,0.5461786389
gerer-1.1,Utiliser une forge pour la gestion des tickets,PROGAV-51-2,Définir des types,0,0.5451100469
gerer-1.1,Utiliser une forge pour la gestion des tickets,PROGAV-51-3,Créer une classe,0,0.5508375168
gerer-1.1,Utiliser une forge pour la gestion des tickets,PROGAV-51-4,Gérer l’instanciation/destruction d’un objet,0,0.5531411171
gerer-1.1,Utiliser une forge pour la gestion des tickets,PROGAV-51-5,Gérer la visibilité des membres,0,0.5592049360
gerer-1.1,Utiliser une forge pour la gestion des tickets,PROGAV-51-6,Utiliser l’attribut this et les constructeurs this,0,0.5561323166
gerer-1.1,Utiliser une forge pour la gestion des tickets,PROGAV-51-7,Créer/Utiliser des membres d’instances/classes,0,0.5360800028
gerer-1.1,Utiliser une forge pour la gestion des tickets,PROGAV-51-8,Organiser le développement,0,0.5621900558
gerer-1.1,Utiliser une forge pour la gestion des tickets,PROGAV-51-9,Compiler du code java avec et sans bibliothèques,0,0.4888263345
gerer-1.1,Utiliser une forge pour la gestion des tickets,PROGAV-51-10,Exécuter du code java avec et sans bibliothèque,0,0.4963125885
gerer-1.1,Utiliser une forge pour la gestion des tickets,PROGAV-51-11,Créer et manipuler des types énumérés,0,0.5367176533
gerer-1.1,Utiliser une forge pour la gestion des tickets,PROGAV-51-12,Gestion de l’héritage,0,0.5940850973
gerer-1.1,Utiliser une forge pour la gestion des tickets,PROGAV-51-13,Choisir la composition ou l’héritage,0,0.5160644054
gerer-1.1,Utiliser une forge pour la gestion des tickets,PROGAV-51-14,Gérer le polymorphisme,0,0.5751446486
gerer-1.1,Utiliser une forge pour la gestion des tickets,PROGAV-51-15,Manipuler super en attribut et en constructeur,0,0.5395905972
gerer-1.1,Utiliser une forge pour la gestion des tickets,PROGAV-51-16,Utiliser des classes abstraites ou des interfaces,0,0.5562044382
gerer-1.1,Utiliser une forge pour la gestion des tickets,PROGAV-51-17,Créer des classes de données simple,0,0.5234585404
gerer-1.1,Utiliser une forge pour la gestion des tickets,PROGAV-51-18,Mettre en place une gestion/nomenclature d’erreur,0,0.5643118024
gerer-1.1,Utiliser une forge pour la gestion des tickets,PROGAV-51-19,Lancer/Propager/Attraper des exceptions,0,0.5421314240
gerer-1.1,Utiliser une forge pour la gestion des tickets,PROGAV-51-20,Expliciter les exceptions,0,0.5665886402
gerer-1.1,Utiliser une forge pour la gestion des tickets,PROGAV-51-21,Comprendre l’introspection,0,0.5408284664
gerer-1.1,Utiliser une forge pour la gestion des tickets,PROGAV-51-22,Utiliser l’introspection,0,0.6075294614
gerer-1.1,Utiliser une forge pour la gestion des tickets,PROGAV-51-23,Concevoir une interface graphique,0,0.5389679074
gerer-1.1,Utiliser une forge pour la gestion des tickets,PROGAV-52-1,Choisir le bon type de collection,0,0.5275613070
gerer-1.1,Utiliser une forge pour la gestion des tickets,PROGAV-53-1,Utiliser la Généricité,0,0.5858141184
gerer-1.1,Utiliser une forge pour la gestion des tickets,PROGAV-53-2,Créer des types génériques,0,0.5357730985
gerer-1.1,Utiliser une forge pour la gestion des tickets,PROGAV-53-3,Créer des méthodes génériques,0,0.5490103960
gerer-1.1,Utiliser une forge pour la gestion des tickets,PROGAV-53-4,Utiliser des lambdas expressions,0,0.5630899668
gerer-1.1,Utiliser une forge pour la gestion des tickets,PROGAV-53-5,Comprendre le fct des Stream de données,0,0.5137524009
gerer-1.1,Utiliser une forge pour la gestion des tickets,PROGAV-53-22,Créer des classes/interfaces incomplètes,0,0.5160045624
gerer-1.1,Utiliser une forge pour la gestion des tickets,PROGAV-54-3,Utiliser les IO,0,0.5896026492
gerer-1.1,Utiliser une forge pour la gestion des tickets,PROGAV-54-4,Utiliser les flux standards,0,0.6000572443
gerer-1.1,Utiliser une forge pour la gestion des tickets,PROGAV-61-1,Création de tests unitaires,0,0.5326777697
gerer-1.1,Utiliser une forge pour la gestion des tickets,PROGAV-61-2,Utiliser la notion de contrats simples et combinés,0,0.5499269962
gerer-1.1,Utiliser une forge pour la gestion des tickets,PROGAV-61-3,Créer des fixtures,0,0.5706436634
gerer-1.1,Utiliser une forge pour la gestion des tickets,PROGAV-61-4,Créer et utiliser les suites de tests,0,0.5407887697
gerer-1.2,Utiliser le cycle de développement en V,PROGAV-33-1,Implémenter un design pattern MVC,0,0.5588755608
gerer-1.2,Utiliser le cycle de développement en V,PROGAV-33-2,Utiliser la délégation d’événement,0,0.5706686378
gerer-1.2,Utiliser le cycle de développement en V,PROGAV-40-1,Sérialiser et désérialiser des objets,0,0.5412051678
gerer-1.2,Utiliser le cycle de développement en V,PROGAV-40-2,Prendre en compte la sensibilité des données,0,0.5335517526
gerer-1.2,Utiliser le cycle de développement en V,PROGAV-51-1,Choisir les types,0,0.5429211855
gerer-1.2,Utiliser le cycle de développement en V,PROGAV-51-2,Définir des types,0,0.5444589853
gerer-1.2,Utiliser le cycle de développement en V,PROGAV-51-3,Créer une classe,0,0.5434771776
gerer-1.2,Utiliser le cycle de développement en V,PROGAV-51-4,Gérer l’instanciation/destruction d’un objet,0,0.5200761557
gerer-1.2,Utiliser le cycle de développement en V,PROGAV-51-5,Gérer la visibilité des membres,0,0.5377308130
gerer-1.2,Utiliser le cycle de développement en V,PROGAV-51-6,Utiliser l’attribut this et les constructeurs this,0,0.5628213882
gerer-1.2,Utiliser le cycle de développement en V,PROGAV-51-7,Créer/Utiliser des membres d’instances/classes,0,0.5490781069
gerer-1.2,Utiliser le cycle de développement en V,PROGAV-51-8,Organiser le développement,0,0.6125646234
gerer-1.2,Utiliser le cycle de développement en V,PROGAV-51-9,Compiler du code java avec et sans bibliothèques,0,0.5007979274
gerer-1.2,Utiliser le cycle de développement en V,PROGAV-51-10,Exécuter du code java avec et sans bibliothèque,0,0.5082568526
gerer-1.2,Utiliser le cycle de développement en V,PROGAV-51-11,Créer et manipuler des types énumérés,0,0.5437557697
gerer-1.2,Utiliser le cycle de développement en V,PROGAV-51-12,Gestion de l’héritage,0,0.5454232693
gerer-1.2,Utiliser le cycle de développement en V,PROGAV-51-13,Choisir la composition ou l’héritage,0,0.5117582083
gerer-1.2,Utiliser le cycle de développement en V,PROGAV-51-14,Gérer le polymorphisme,0,0.5563261509
gerer-1.2,Utiliser le cycle de développement en V,PROGAV-51-15,Manipuler super en attribut et en constructeur,0,0.5451358557
gerer-1.2,Utiliser le cycle de développement en V,PROGAV-51-16,Utiliser des classes abstraites ou des interfaces,0,0.5624589920
gerer-1.2,Utiliser le cycle de développement en V,PROGAV-51-17,Créer des classes de données simple,0,0.5338295698
gerer-1.2,Utiliser le cycle de développement en V,PROGAV-51-18,Mettre en place une gestion/nomenclature d’erreur,0,0.5196571350
gerer-1.2,Utiliser le cycle de développement en V,PROGAV-51-19,Lancer/Propager/Attraper des exceptions,0,0.5402461886
gerer-1.2,Utiliser le cycle de développement en V,PROGAV-51-20,Expliciter les exceptions,0,0.5576409101
gerer-1.2,Utiliser le cycle de développement en V,PROGAV-51-21,Comprendre l’introspection,0,0.5431137085
gerer-1.2,Utiliser le cycle de développement en V,PROGAV-51-22,Utiliser l’introspection,0,0.6119130850
gerer-1.2,Utiliser le cycle de développement en V,PROGAV-51-23,Concevoir une interface graphique,0,0.5446826816
gerer-1.2,Utiliser le cycle de développement en V,PROGAV-52-1,Choisir le bon type de collection,0,0.5203450918
gerer-1.2,Utiliser le cycle de développement en V,PROGAV-53-1,Utiliser la Généricité,0,0.5964581370
gerer-1.2,Utiliser le cycle de développement en V,PROGAV-53-2,Créer des types génériques,0,0.5432950258
gerer-1.2,Utiliser le cycle de développement en V,PROGAV-53-3,Créer des méthodes génériques,0,0.5587901473
gerer-1.2,Utiliser le cycle de développement en V,PROGAV-53-4,Utiliser des lambdas expressions,0,0.5700443983
gerer-1.2,Utiliser le cycle de développement en V,PROGAV-53-5,Comprendre le fct des Stream de données,0,0.5229825974
gerer-1.2,Utiliser le cycle de développement en V,PROGAV-53-22,Créer des classes/interfaces incomplètes,0,0.5234883428
gerer-1.2,Utiliser le cycle de développement en V,PROGAV-54-3,Utiliser les IO,0,0.5906990767
gerer-1.2,Utiliser le cycle de développement en V,PROGAV-54-4,Utiliser les flux standards,0,0.6084491014
gerer-1.2,Utiliser le cycle de développement en V,PROGAV-61-1,Création de tests unitaires,0,0.5394603014
gerer-1.2,Utiliser le cycle de développement en V,PROGAV-61-2,Utiliser la notion de contrats simples et combinés,0,0.5555678606
gerer-1.2,Utiliser le cycle de développement en V,PROGAV-61-3,Créer des fixtures,0,0.5443646312
gerer-1.2,Utiliser le cycle de développement en V,PROGAV-61-4,Créer et utiliser les suites de tests,0,0.5446777344
gerer-2.1,Utiliser un framework de tests unitaires,PROGAV-33-1,Implémenter un design pattern MVC,0,0.5426551104
gerer-2.1,Utiliser un framework de tests unitaires,PROGAV-33-2,Utiliser la délégation d’événement,0,0.5658976436
gerer-2.1,Utiliser un framework de tests unitaires,PROGAV-40-1,Sérialiser et désérialiser des objets,0,0.5356785059
gerer-2.1,Utiliser un framework de tests unitaires,PROGAV-40-2,Prendre en compte la sensibilité des données,0,0.5423070788
gerer-2.1,Utiliser un framework de tests unitaires,PROGAV-51-1,Choisir les types,0,0.5514346361
gerer-2.1,Utiliser un framework de tests unitaires,PROGAV-51-2,Définir des types,0,0.5509182215
gerer-2.1,Utiliser un framework de tests unitaires,PROGAV-51-3,Créer une classe,0,0.5524221659
gerer-2.1,Utiliser un framework de tests unitaires,PROGAV-51-4,Gérer l’instanciation/destruction d’un objet,0,0.5160334110
gerer-2.1,Utiliser un framework de tests unitaires,PROGAV-51-5,Gérer la visibilité des membres,0,0.5323772430
gerer-2.1,Utiliser un framework de tests unitaires,PROGAV-51-6,Utiliser l’attribut this et les constructeurs this,0,0.5551811457
gerer-2.1,Utiliser un framework de tests unitaires,PROGAV-51-7,Créer/Utiliser des membres d’instances/classes,0,0.5459706783
gerer-2.1,Utiliser un framework de tests unitaires,PROGAV-51-8,Organiser le développement,0,0.5579392314
gerer-2.1,Utiliser un framework de tests unitaires,PROGAV-51-9,Compiler du code java avec et sans bibliothèques,0,0.4938667715
gerer-2.1,Utiliser un framework de tests unitaires,PROGAV-51-10,Exécuter du code java avec et sans bibliothèque,0,0.5016822815
gerer-2.1,Utiliser un framework de tests unitaires,PROGAV-51-11,Créer et manipuler des types énumérés,0,0.5374201536
gerer-2.1,Utiliser un framework de tests unitaires,PROGAV-51-12,Gestion de l’héritage,0,0.5373184681
gerer-2.1,Utiliser un framework de tests unitaires,PROGAV-51-13,Choisir la composition ou l’héritage,0,0.5189288855
gerer-2.1,Utiliser un framework de tests unitaires,PROGAV-51-14,Gérer le polymorphisme,0,0.5475494862
gerer-2.1,Utiliser un framework de tests unitaires,PROGAV-51-15,Manipuler super en attribut et en constructeur,0,0.5360884666
gerer-2.1,Utiliser un framework de tests unitaires,PROGAV-51-16,Utiliser des classes abstraites ou des interfaces,0,0.5669874549
gerer-2.1,Utiliser un framework de tests unitaires,PROGAV-51-17,Créer des classes de données simple,0,0.5469502807
gerer-2.1,Utiliser un framework de tests unitaires,PROGAV-51-18,Mettre en place une gestion/nomenclature d’erreur,0,0.5262845755
gerer-2.1,Utiliser un framework de tests unitaires,PROGAV-51-19,Lancer/Propager/Attraper des exceptions,0,0.5302209854
gerer-2.1,Utiliser un framework de tests unitaires,PROGAV-51-20,Expliciter les exceptions,0,0.5586991310
gerer-2.1,Utiliser un framework de tests unitaires,PROGAV-51-21,Comprendre l’introspection,0,0.5439968705
gerer-2.1,Utiliser un framework de tests unitaires,PROGAV-51-22,Utiliser l’introspection,0,0.6122672558
gerer-2.1,Utiliser un framework de tests unitaires,PROGAV-51-23,Concevoir une interface graphique,0,0.5468077064
gerer-2.1,Utiliser un framework de tests unitaires,PROGAV-52-1,Choisir le bon type de collection,0,0.5262780190
gerer-2.1,Utiliser un framework de tests unitaires,PROGAV-53-1,Utiliser la Généricité,0,0.5874536037
gerer-2.1,Utiliser un framework de tests unitaires,PROGAV-53-2,Créer des types génériques,0,0.5538308024
gerer-2.1,Utiliser un framework de tests unitaires,PROGAV-53-3,Créer des méthodes génériques,0,0.5656926632
gerer-2.1,Utiliser un framework de tests unitaires,PROGAV-53-4,Utiliser des lambdas expressions,0,0.5630813837
gerer-2.1,Utiliser un framework de tests unitaires,PROGAV-53-5,Comprendre le fct des Stream de données,0,0.5163468719
gerer-2.1,Utiliser un framework de tests unitaires,PROGAV-53-22,Créer des classes/interfaces incomplètes,0,0.5192972422
gerer-2.1,Utiliser un framework de tests unitaires,PROGAV-54-3,Utiliser les IO,0,0.5909412503
gerer-2.1,Utiliser un framework de tests unitaires,PROGAV-54-4,Utiliser les flux standards,0,0.6137539148
gerer-2.1,Utiliser un framework de tests unitaires,PROGAV-61-1,Création de tests unitaires,1,0.6800889373
gerer-2.1,Utiliser un framework de tests unitaires,PROGAV-61-2,Utiliser la notion de contrats simples et combinés,1,0.5628008842
gerer-2.1,Utiliser un framework de tests unitaires,PROGAV-61-3,Créer des fixtures,1,0.5612318516
gerer-2.1,Utiliser un framework de tests unitaires,PROGAV-61-4,Créer et utiliser les suites de tests,1,0.6041387320
gerer-2.2,Utiliser un logiciel d’audit de code statique,PROGAV-33-1,Implémenter un design pattern MVC,0,0.5338242054
gerer-2.2,Utiliser un logiciel d’audit de code statique,PROGAV-33-2,Utiliser la délégation d’événement,0,0.5563875437
gerer-2.2,Utiliser un logiciel d’audit de code statique,PROGAV-40-1,Sérialiser et désérialiser des objets,0,0.5334428549
gerer-2.2,Utiliser un logiciel d’audit de code statique,PROGAV-40-2,Prendre en compte la sensibilité des données,0,0.5406095982
gerer-2.2,Utiliser un logiciel d’audit de code statique,PROGAV-51-1,Choisir les types,0,0.5392102003
gerer-2.2,Utiliser un logiciel d’audit de code statique,PROGAV-51-2,Définir des types,0,0.5405099392
gerer-2.2,Utiliser un logiciel d’audit de code statique,PROGAV-51-3,Créer une classe,0,0.5374916196
gerer-2.2,Utiliser un logiciel d’audit de code statique,PROGAV-51-4,Gérer l’instanciation/destruction d’un objet,0,0.5115044117
gerer-2.2,Utiliser un logiciel d’audit de code statique,PROGAV-51-5,Gérer la visibilité des membres,0,0.5428066254
gerer-2.2,Utiliser un logiciel d’audit de code statique,PROGAV-51-6,Utiliser l’attribut this et les constructeurs this,0,0.5446534157
gerer-2.2,Utiliser un logiciel d’audit de code statique,PROGAV-51-7,Créer/Utiliser des membres d’instances/classes,0,0.5334023833
gerer-2.2,Utiliser un logiciel d’audit de code statique,PROGAV-51-8,Organiser le développement,0,0.5459850430
gerer-2.2,Utiliser un logiciel d’audit de code statique,PROGAV-51-9,Compiler du code java avec et sans bibliothèques,0,0.5144216418
gerer-2.2,Utiliser un logiciel d’audit de code statique,PROGAV-51-10,Exécuter du code java avec et sans bibliothèque,0,0.5253154635
gerer-2.2,Utiliser un logiciel d’audit de code statique,PROGAV-51-11,Créer et manipuler des types énumérés,0,0.5306521654
gerer-2.2,Utiliser un logiciel d’audit de code statique,PROGAV-51-12,Gestion de l’héritage,0,0.5347157717
gerer-2.2,Utiliser un logiciel d’audit de code statique,PROGAV-51-13,Choisir la composition ou l’héritage,0,0.5040001869
gerer-2.2,Utiliser un logiciel d’audit de code statique,PROGAV-51-14,Gérer le polymorphisme,0,0.5426766872
gerer-2.2,Utiliser un logiciel d’audit de code statique,PROGAV-51-15,Manipuler super en attribut et en constructeur,0,0.5358126163
gerer-2.2,Utiliser un logiciel d’audit de code statique,PROGAV-51-16,Utiliser des classes abstraites ou des interfaces,0,0.5620018244
gerer-2.2,Utiliser un logiciel d’audit de code statique,PROGAV-51-17,Créer des classes de données simple,0,0.5323511362
gerer-2.2,Utiliser un logiciel d’audit de code statique,PROGAV-51-18,Mettre en place une gestion/nomenclature d’erreur,0,0.5223972201
gerer-2.2,Utiliser un logiciel d’audit de code statique,PROGAV-51-19,Lancer/Propager/Attraper des exceptions,0,0.5278540254
gerer-2.2,Utiliser un logiciel d’audit de code statique,PROGAV-51-20,Expliciter les exceptions,0,0.5525584817
gerer-2.2,Utiliser un logiciel d’audit de code statique,PROGAV-51-21,Comprendre l’introspection,0,0.5461034775
gerer-2.2,Utiliser un logiciel d’audit de code statique,PROGAV-51-22,Utiliser l’introspection,0,0.6128617525
gerer-2.2,Utiliser un logiciel d’audit de code statique,PROGAV-51-23,Concevoir une interface graphique,0,0.5374035835
gerer-2.2,Utiliser un logiciel d’audit de code statique,PROGAV-52-1,Choisir le bon type de collection,0,0.5144819617
gerer-2.2,Utiliser un logiciel d’audit de code statique,PROGAV-53-1,Utiliser la Généricité,0,0.5779598355
gerer-2.2,Utiliser un logiciel d’audit de code statique,PROGAV-53-2,Créer des types génériques,0,0.5314567685
gerer-2.2,Utiliser un logiciel d’audit de code statique,PROGAV-53-3,Créer des méthodes génériques,0,0.5437945127
gerer-2.2,Utiliser un logiciel d’audit de code statique,PROGAV-53-4,Utiliser des lambdas expressions,0,0.5574892759
gerer-2.2,Utiliser un logiciel d’audit de code statique,PROGAV-53-5,Comprendre le fct des Stream de données,0,0.5137236118
gerer-2.2,Utiliser un logiciel d’audit de code statique,PROGAV-53-22,Créer des classes/interfaces incomplètes,0,0.5175843239
gerer-2.2,Utiliser un logiciel d’audit de code statique,PROGAV-54-3,Utiliser les IO,0,0.5887713432
gerer-2.2,Utiliser un logiciel d’audit de code statique,PROGAV-54-4,Utiliser les flux standards,0,0.5932120085
gerer-2.2,Utiliser un logiciel d’audit de code statique,PROGAV-61-1,Création de tests unitaires,0,0.5324159861
gerer-2.2,Utiliser un logiciel d’audit de code statique,PROGAV-61-2,Utiliser la notion de contrats simples et combinés,0,0.5414577723
gerer-2.2,Utiliser un logiciel d’audit de code statique,PROGAV-61-3,Créer des fixtures,0,0.5388682485
gerer-2.2,Utiliser un logiciel d’audit de code statique,PROGAV-61-4,Créer et utiliser les suites de tests,0,0.5413345098
gerer-2.3,Mettre en place des tests de non régression,PROGAV-33-1,Implémenter un design pattern MVC,0,0.5316730738
gerer-2.3,Mettre en place des tests de non régression,PROGAV-33-2,Utiliser la délégation d’événement,0,0.5433405638
gerer-2.3,Mettre en place des tests de non régression,PROGAV-40-1,Sérialiser et désérialiser des objets,0,0.5462583899
gerer-2.3,Mettre en place des tests de non régression,PROGAV-40-2,Prendre en compte la sensibilité des données,0,0.5577712059
gerer-2.3,Mettre en place des tests de non régression,PROGAV-51-1,Choisir les types,0,0.5523508191
gerer-2.3,Mettre en place des tests de non régression,PROGAV-51-2,Définir des types,0,0.5524836779
gerer-2.3,Mettre en place des tests de non régression,PROGAV-51-3,Créer une classe,0,0.5497395396
gerer-2.3,Mettre en place des tests de non régression,PROGAV-51-4,Gérer l’instanciation/destruction d’un objet,0,0.5189107656
gerer-2.3,Mettre en place des tests de non régression,PROGAV-51-5,Gérer la visibilité des membres,0,0.5398871899
gerer-2.3,Mettre en place des tests de non régression,PROGAV-51-6,Utiliser l’attribut this et les constructeurs this,0,0.5253109336
gerer-2.3,Mettre en place des tests de non régression,PROGAV-51-7,Créer/Utiliser des membres d’instances/classes,0,0.5184925795
gerer-2.3,Mettre en place des tests de non régression,PROGAV-51-8,Organiser le développement,0,0.5695145726
gerer-2.3,Mettre en place des tests de non régression,PROGAV-51-9,Compiler du code java avec et sans bibliothèques,0,0.4969002604
gerer-2.3,Mettre en place des tests de non régression,PROGAV-51-10,Exécuter du code java avec et sans bibliothèque,0,0.5038521886
gerer-2.3,Mettre en place des tests de non régression,PROGAV-51-11,Créer et manipuler des types énumérés,0,0.5353717804
gerer-2.3,Mettre en place des tests de non régression,PROGAV-51-12,Gestion de l’héritage,0,0.5463057160
gerer-2.3,Mettre en place des tests de non régression,PROGAV-51-13,Choisir la composition ou l’héritage,0,0.5179545283
gerer-2.3,Mettre en place des tests de non régression,PROGAV-51-14,Gérer le polymorphisme,0,0.5599727631
gerer-2.3,Mettre en place des tests de non régression,PROGAV-51-15,Manipuler super en attribut et en constructeur,0,0.5380477905
gerer-2.3,Mettre en place des tests de non régression,PROGAV-51-16,Utiliser des classes abstraites ou des interfaces,0,0.5459228754
gerer-2.3,Mettre en place des tests de non régression,PROGAV-51-17,Créer des classes de données simple,0,0.5347326994
gerer-2.3,Mettre en place des tests de non régression,PROGAV-51-18,Mettre en place une gestion/nomenclature d’erreur,0,0.5799692869
gerer-2.3,Mettre en place des tests de non régression,PROGAV-51-19,Lancer/Propager/Attraper des exceptions,0,0.5443488359
gerer-2.3,Mettre en place des tests de non régression,PROGAV-51-20,Expliciter les exceptions,0,0.5702908039
gerer-2.3,Mettre en place des tests de non régression,PROGAV-51-21,Comprendre l’introspection,0,0.5433689356
gerer-2.3,Mettre en place des tests de non régression,PROGAV-51-22,Utiliser l’introspection,0,0.5782925487
gerer-2.3,Mettre en place des tests de non régression,PROGAV-51-23,Concevoir une interface graphique,0,0.5420253277
gerer-2.3,Mettre en place des tests de non régression,PROGAV-52-1,Choisir le bon type de collection,0,0.5304448605
gerer-2.3,Mettre en place des tests de non régression,PROGAV-53-1,Utiliser la Généricité,0,0.5619255900
gerer-2.3,Mettre en place des tests de non régression,PROGAV-53-2,Créer des types génériques,0,0.5420271158
gerer-2.3,Mettre en place des tests de non régression,PROGAV-53-3,Créer des méthodes génériques,0,0.5651526451
gerer-2.3,Mettre en place des tests de non régression,PROGAV-53-4,Utiliser des lambdas expressions,0,0.5367534161
gerer-2.3,Mettre en place des tests de non régression,PROGAV-53-5,Comprendre le fct des Stream de données,0,0.5169383287
gerer-2.3,Mettre en place des tests de non régression,PROGAV-53-22,Créer des classes/interfaces incomplètes,0,0.5224657655
gerer-2.3,Mettre en place des tests de non régression,PROGAV-54-3,Utiliser les IO,0,0.5567773581
gerer-2.3,Mettre en place des tests de non régression,PROGAV-54-4,Utiliser les flux standards,0,0.5679228902
gerer-2.3,Mettre en place des tests de non régression,PROGAV-61-1,Création de tests unitaires,1,0.5737768412
gerer-2.3,Mettre en place des tests de non régression,PROGAV-61-2,Utiliser la notion de contrats simples et combinés,1,0.5356519222
gerer-2.3,Mettre en place des tests de non régression,PROGAV-61-3,Créer des fixtures,1,0.5593913794
gerer-2.3,Mettre en place des tests de non régression,PROGAV-61-4,Créer et utiliser les suites de tests,1,0.5661898255
gerer-3.1,Utiliser un cycle de développement Agile,PROGAV-33-1,Implémenter un design pattern MVC,0,0.5488002300
gerer-3.1,Utiliser un cycle de développement Agile,PROGAV-33-2,Utiliser la délégation d’événement,0,0.5618506074
gerer-3.1,Utiliser un cycle de développement Agile,PROGAV-40-1,Sérialiser et désérialiser des objets,0,0.5330985785
gerer-3.1,Utiliser un cycle de développement Agile,PROGAV-40-2,Prendre en compte la sensibilité des données,0,0.5291358232
gerer-3.1,Utiliser un cycle de développement Agile,PROGAV-51-1,Choisir les types,0,0.5498677492
gerer-3.1,Utiliser un cycle de développement Agile,PROGAV-51-2,Définir des types,0,0.5462114811
gerer-3.1,Utiliser un cycle de développement Agile,PROGAV-51-3,Créer une classe,0,0.5478579998
gerer-3.1,Utiliser un cycle de développement Agile,PROGAV-51-4,Gérer l’instanciation/destruction d’un objet,0,0.5182160139
gerer-3.1,Utiliser un cycle de développement Agile,PROGAV-51-5,Gérer la visibilité des membres,0,0.5384985805
gerer-3.1,Utiliser un cycle de développement Agile,PROGAV-51-6,Utiliser l’attribut this et les constructeurs this,0,0.5561575890
gerer-3.1,Utiliser un cycle de développement Agile,PROGAV-51-7,Créer/Utiliser des membres d’instances/classes,0,0.5445132256
gerer-3.1,Utiliser un cycle de développement Agile,PROGAV-51-8,Organiser le développement,0,0.6025515795
gerer-3.1,Utiliser un cycle de développement Agile,PROGAV-51-9,Compiler du code java avec et sans bibliothèques,0,0.4961302280
gerer-3.1,Utiliser un cycle de développement Agile,PROGAV-51-10,Exécuter du code java avec et sans bibliothèque,0,0.5038732290
gerer-3.1,Utiliser un cycle de développement Agile,PROGAV-51-11,Créer et manipuler des types énumérés,0,0.5367593765
gerer-3.1,Utiliser un cycle de développement Agile,PROGAV-51-12,Gestion de l’héritage,0,0.5401133299
gerer-3.1,Utiliser un cycle de développement Agile,PROGAV-51-13,Choisir la composition ou l’héritage,0,0.5145506859
gerer-3.1,Utiliser un cycle de développement Agile,PROGAV-51-14,Gérer le polymorphisme,0,0.5514943600
gerer-3.1,Utiliser un cycle de développement Agile,PROGAV-51-15,Manipuler super en attribut et en constructeur,0,0.5362561941
gerer-3.1,Utiliser un cycle de développement Agile,PROGAV-51-16,Utiliser des classes abstraites ou des interfaces,0,0.5651487112
gerer-3.1,Utiliser un cycle de développement Agile,PROGAV-51-17,Créer des classes de données simple,0,0.5293308496
gerer-3.1,Utiliser un cycle de développement Agile,PROGAV-51-18,Mettre en place une gestion/nomenclature d’erreur,0,0.5177892447
gerer-3.1,Utiliser un cycle de développement Agile,PROGAV-51-19,Lancer/Propager/Attraper des exceptions,0,0.5353380442
gerer-3.1,Utiliser un cycle de développement Agile,PROGAV-51-20,Expliciter les exceptions,0,0.5548026562
gerer-3.1,Utiliser un cycle de développement Agile,PROGAV-51-21,Comprendre l’introspection,0,0.5420266986
gerer-3.1,Utiliser un cycle de développement Agile,PROGAV-51-22,Utiliser l’introspection,0,0.6093721986
gerer-3.1,Utiliser un cycle de développement Agile,PROGAV-51-23,Concevoir une interface graphique,0,0.5438979864
gerer-3.1,Utiliser un cycle de développement Agile,PROGAV-52-1,Choisir le bon type de collection,0,0.5180140734
gerer-3.1,Utiliser un cycle de développement Agile,PROGAV-53-1,Utiliser la Généricité,0,0.5908194780
gerer-3.1,Utiliser un cycle de développement Agile,PROGAV-53-2,Créer des types génériques,0,0.5377683640
gerer-3.1,Utiliser un cycle de développement Agile,PROGAV-53-3,Créer des méthodes génériques,0,0.5625799894
gerer-3.1,Utiliser un cycle de développement Agile,PROGAV-53-4,Utiliser des lambdas expressions,0,0.5605675578
gerer-3.1,Utiliser un cycle de développement Agile,PROGAV-53-5,Comprendre le fct des Stream de données,0,0.5103853941
gerer-3.1,Utiliser un cycle de développement Agile,PROGAV-53-22,Créer des classes/interfaces incomplètes,0,0.5220139623
gerer-3.1,Utiliser un cycle de développement Agile,PROGAV-54-3,Utiliser les IO,0,0.5875238180
gerer-3.1,Utiliser un cycle de développement Agile,PROGAV-54-4,Utiliser les flux standards,0,0.6000723839
gerer-3.1,Utiliser un cycle de développement Agile,PROGAV-61-1,Création de tests unitaires,0,0.5262840986
gerer-3.1,Utiliser un cycle de développement Agile,PROGAV-61-2,Utiliser la notion de contrats simples et combinés,0,0.5520812273
gerer-3.1,Utiliser un cycle de développement Agile,PROGAV-61-3,Créer des fixtures,0,0.5458792448
gerer-3.1,Utiliser un cycle de développement Agile,PROGAV-61-4,Créer et utiliser les suites de tests,0,0.5414431095
gerer-3.2,Suivre des procédures,PROGAV-33-1,Implémenter un design pattern MVC,0,0.5425485373
gerer-3.2,Suivre des procédures,PROGAV-33-2,Utiliser la délégation d’événement,0,0.5496430993
gerer-3.2,Suivre des procédures,PROGAV-40-1,Sérialiser et désérialiser des objets,0,0.5498716831
gerer-3.2,Suivre des procédures,PROGAV-40-2,Prendre en compte la sensibilité des données,0,0.5430636406
gerer-3.2,Suivre des procédures,PROGAV-51-1,Choisir les types,0,0.5552996993
gerer-3.2,Suivre des procédures,PROGAV-51-2,Définir des types,0,0.5464916825
gerer-3.2,Suivre des procédures,PROGAV-51-3,Créer une classe,0,0.5405892730
gerer-3.2,Suivre des procédures,PROGAV-51-4,Gérer l’instanciation/destruction d’un objet,0,0.5343180299
gerer-3.2,Suivre des procédures,PROGAV-51-5,Gérer la visibilité des membres,0,0.5492453575
gerer-3.2,Suivre des procédures,PROGAV-51-6,Utiliser l’attribut this et les constructeurs this,0,0.5281647444
gerer-3.2,Suivre des procédures,PROGAV-51-7,Créer/Utiliser des membres d’instances/classes,0,0.5249193311
gerer-3.2,Suivre des procédures,PROGAV-51-8,Organiser le développement,0,0.5654308796
gerer-3.2,Suivre des procédures,PROGAV-51-9,Compiler du code java avec et sans bibliothèques,0,0.5080198050
gerer-3.2,Suivre des procédures,PROGAV-51-10,Exécuter du code java avec et sans bibliothèque,0,0.5162377954
gerer-3.2,Suivre des procédures,PROGAV-51-11,Créer et manipuler des types énumérés,0,0.5458385944
gerer-3.2,Suivre des procédures,PROGAV-51-12,Gestion de l’héritage,0,0.5582357645
gerer-3.2,Suivre des procédures,PROGAV-51-13,Choisir la composition ou l’héritage,0,0.5195118785
gerer-3.2,Suivre des procédures,PROGAV-51-14,Gérer le polymorphisme,0,0.5556619167
gerer-3.2,Suivre des procédures,PROGAV-51-15,Manipuler super en attribut et en constructeur,0,0.5539968014
gerer-3.2,Suivre des procédures,PROGAV-51-16,Utiliser des classes abstraites ou des interfaces,0,0.5433103442
gerer-3.2,Suivre des procédures,PROGAV-51-17,Créer des classes de données simple,0,0.5371823311
gerer-3.2,Suivre des procédures,PROGAV-51-18,Mettre en place une gestion/nomenclature d’erreur,0,0.5268713236
gerer-3.2,Suivre des procédures,PROGAV-51-19,Lancer/Propager/Attraper des exceptions,0,0.5537165403
gerer-3.2,Suivre des procédures,PROGAV-51-20,Expliciter les exceptions,0,0.5687237978
gerer-3.2,Suivre des procédures,PROGAV-51-21,Comprendre l’introspection,0,0.5512439609
gerer-3.2,Suivre des procédures,PROGAV-51-22,Utiliser l’introspection,0,0.5696949959
gerer-3.2,Suivre des procédures,PROGAV-51-23,Concevoir une interface graphique,0,0.5434487462
gerer-3.2,Suivre des procédures,PROGAV-52-1,Choisir le bon type de collection,0,0.5287452340
gerer-3.2,Suivre des procédures,PROGAV-53-1,Utiliser la Généricité,0,0.5453971624
gerer-3.2,Suivre des procédures,PROGAV-53-2,Créer des types génériques,0,0.5435535312
gerer-3.2,Suivre des procédures,PROGAV-53-3,Créer des méthodes génériques,0,0.5576753616
gerer-3.2,Suivre des procédures,PROGAV-53-4,Utiliser des lambdas expressions,0,0.5459681749
gerer-3.2,Suivre des procédures,PROGAV-53-5,Comprendre le fct des Stream de données,0,0.5267814994
gerer-3.2,Suivre des procédures,PROGAV-53-22,Créer des classes/interfaces incomplètes,0,0.5285331011
gerer-3.2,Suivre des procédures,PROGAV-54-3,Utiliser les IO,0,0.5541189313
gerer-3.2,Suivre des procédures,PROGAV-54-4,Utiliser les flux standards,0,0.5815919638
gerer-3.2,Suivre des procédures,PROGAV-61-1,Création de tests unitaires,0,0.5406898260
gerer-3.2,Suivre des procédures,PROGAV-61-2,Utiliser la notion de contrats simples et combinés,0,0.5417907834
gerer-3.2,Suivre des procédures,PROGAV-61-3,Créer des fixtures,0,0.5450370312
gerer-3.2,Suivre des procédures,PROGAV-61-4,Créer et utiliser les suites de tests,0,0.5508762598
gerer-3.3,Rédiger des procédures,PROGAV-33-1,Implémenter un design pattern MVC,0,0.5437651873
gerer-3.3,Rédiger des procédures,PROGAV-33-2,Utiliser la délégation d’événement,0,0.5408563614
gerer-3.3,Rédiger des procédures,PROGAV-40-1,Sérialiser et désérialiser des objets,0,0.5499473214
gerer-3.3,Rédiger des procédures,PROGAV-40-2,Prendre en compte la sensibilité des données,0,0.5330265164
gerer-3.3,Rédiger des procédures,PROGAV-51-1,Choisir les types,0,0.5544867516
gerer-3.3,Rédiger des procédures,PROGAV-51-2,Définir des types,0,0.5519256592
gerer-3.3,Rédiger des procédures,PROGAV-51-3,Créer une classe,0,0.5598833561
gerer-3.3,Rédiger des procédures,PROGAV-51-4,Gérer l’instanciation/destruction d’un objet,0,0.5351581573
gerer-3.3,Rédiger des procédures,PROGAV-51-5,Gérer la visibilité des membres,0,0.5457003117
gerer-3.3,Rédiger des procédures,PROGAV-51-6,Utiliser l’attribut this et les constructeurs this,0,0.5264556408
gerer-3.3,Rédiger des procédures,PROGAV-51-7,Créer/Utiliser des membres d’instances/classes,0,0.5345956087
gerer-3.3,Rédiger des procédures,PROGAV-51-8,Organiser le développement,0,0.5695902109
gerer-3.3,Rédiger des procédures,PROGAV-51-9,Compiler du code java avec et sans bibliothèques,0,0.5036032200
gerer-3.3,Rédiger des procédures,PROGAV-51-10,Exécuter du code java avec et sans bibliothèque,0,0.5074764490
gerer-3.3,Rédiger des procédures,PROGAV-51-11,Créer et manipuler des types énumérés,0,0.5632679462
gerer-3.3,Rédiger des procédures,PROGAV-51-12,Gestion de l’héritage,0,0.5556123257
gerer-3.3,Rédiger des procédures,PROGAV-51-13,Choisir la composition ou l’héritage,0,0.5149794817
gerer-3.3,Rédiger des procédures,PROGAV-51-14,Gérer le polymorphisme,0,0.5633885860
gerer-3.3,Rédiger des procédures,PROGAV-51-15,Manipuler super en attribut et en constructeur,0,0.5480181575
gerer-3.3,Rédiger des procédures,PROGAV-51-16,Utiliser des classes abstraites ou des interfaces,0,0.5410743952
gerer-3.3,Rédiger des procédures,PROGAV-51-17,Créer des classes de données simple,0,0.5405470729
gerer-3.3,Rédiger des procédures,PROGAV-51-18,Mettre en place une gestion/nomenclature d’erreur,0,0.5341942906
gerer-3.3,Rédiger des procédures,PROGAV-51-19,Lancer/Propager/Attraper des exceptions,0,0.5403146148
gerer-3.3,Rédiger des procédures,PROGAV-51-20,Expliciter les exceptions,0,0.5675743818
gerer-3.3,Rédiger des procédures,PROGAV-51-21,Comprendre l’introspection,0,0.5432201624
gerer-3.3,Rédiger des procédures,PROGAV-51-22,Utiliser l’introspection,0,0.5636702776
gerer-3.3,Rédiger des procédures,PROGAV-51-23,Concevoir une interface graphique,0,0.5519734621
gerer-3.3,Rédiger des procédures,PROGAV-52-1,Choisir le bon type de collection,0,0.5251677036
gerer-3.3,Rédiger des procédures,PROGAV-53-1,Utiliser la Généricité,0,0.5420281291
gerer-3.3,Rédiger des procédures,PROGAV-53-2,Créer des types génériques,0,0.5578935742
gerer-3.3,Rédiger des procédures,PROGAV-53-3,Créer des méthodes génériques,0,0.5903077126
gerer-3.3,Rédiger des procédures,PROGAV-53-4,Utiliser des lambdas expressions,0,0.5441765785
gerer-3.3,Rédiger des procédures,PROGAV-53-5,Comprendre le fct des Stream de données,0,0.5197184086
gerer-3.3,Rédiger des procédures,PROGAV-53-22,Créer des classes/interfaces incomplètes,0,0.5339274406
gerer-3.3,Rédiger des procédures,PROGAV-54-3,Utiliser les IO,0,0.5518444777
gerer-3.3,Rédiger des procédures,PROGAV-54-4,Utiliser les flux standards,0,0.5767892599
gerer-3.3,Rédiger des procédures,PROGAV-61-1,Création de tests unitaires,0,0.5479604006
gerer-3.3,Rédiger des procédures,PROGAV-61-2,Utiliser la notion de contrats simples et combinés,0,0.5432296395
gerer-3.3,Rédiger des procédures,PROGAV-61-3,Créer des fixtures,0,0.5743305683
gerer-3.3,Rédiger des procédures,PROGAV-61-4,Créer et utiliser les suites de tests,0,0.5472673178
gerer-4.1,Auditer des projets,PROGAV-33-1,Implémenter un design pattern MVC,0,0.5403228998
gerer-4.1,Auditer des projets,PROGAV-33-2,Utiliser la délégation d’événement,0,0.5328197479
gerer-4.1,Auditer des projets,PROGAV-40-1,Sérialiser et désérialiser des objets,0,0.5448545218
gerer-4.1,Auditer des projets,PROGAV-40-2,Prendre en compte la sensibilité des données,0,0.5428358316
gerer-4.1,Auditer des projets,PROGAV-51-1,Choisir les types,0,0.5425270796
gerer-4.1,Auditer des projets,PROGAV-51-2,Définir des types,0,0.5472666025
gerer-4.1,Auditer des projets,PROGAV-51-3,Créer une classe,0,0.5396884680
gerer-4.1,Auditer des projets,PROGAV-51-4,Gérer l’instanciation/destruction d’un objet,0,0.5334442854
gerer-4.1,Auditer des projets,PROGAV-51-5,Gérer la visibilité des membres,0,0.5509115458
gerer-4.1,Auditer des projets,PROGAV-51-6,Utiliser l’attribut this et les constructeurs this,0,0.5290012360
gerer-4.1,Auditer des projets,PROGAV-51-7,Créer/Utiliser des membres d’instances/classes,0,0.5164133906
gerer-4.1,Auditer des projets,PROGAV-51-8,Organiser le développement,0,0.5773819089
gerer-4.1,Auditer des projets,PROGAV-51-9,Compiler du code java avec et sans bibliothèques,0,0.4973610044
gerer-4.1,Auditer des projets,PROGAV-51-10,Exécuter du code java avec et sans bibliothèque,0,0.5043544173
gerer-4.1,Auditer des projets,PROGAV-51-11,Créer et manipuler des types énumérés,0,0.5370795727
gerer-4.1,Auditer des projets,PROGAV-51-12,Gestion de l’héritage,0,0.5514227748
gerer-4.1,Auditer des projets,PROGAV-51-13,Choisir la composition ou l’héritage,0,0.5084899664
gerer-4.1,Auditer des projets,PROGAV-51-14,Gérer le polymorphisme,0,0.5551825762
gerer-4.1,Auditer des projets,PROGAV-51-15,Manipuler super en attribut et en constructeur,0,0.5436899662
gerer-4.1,Auditer des projets,PROGAV-51-16,Utiliser des classes abstraites ou des interfaces,0,0.5386504531
gerer-4.1,Auditer des projets,PROGAV-51-17,Créer des classes de données simple,0,0.5291879177
gerer-4.1,Auditer des projets,PROGAV-51-18,Mettre en place une gestion/nomenclature d’erreur,0,0.5256406665
gerer-4.1,Auditer des projets,PROGAV-51-19,Lancer/Propager/Attraper des exceptions,0,0.5376094580
gerer-4.1,Auditer des projets,PROGAV-51-20,Expliciter les exceptions,0,0.5595444441
gerer-4.1,Auditer des projets,PROGAV-51-21,Comprendre l’introspection,0,0.5550303459
gerer-4.1,Auditer des projets,PROGAV-51-22,Utiliser l’introspection,0,0.5727010965
gerer-4.1,Auditer des projets,PROGAV-51-23,Concevoir une interface graphique,0,0.5468587875
gerer-4.1,Auditer des projets,PROGAV-52-1,Choisir le bon type de collection,0,0.5212284327
gerer-4.1,Auditer des projets,PROGAV-53-1,Utiliser la Généricité,0,0.5380178690
gerer-4.1,Auditer des projets,PROGAV-53-2,Créer des types génériques,0,0.5380780697
gerer-4.1,Auditer des projets,PROGAV-53-3,Créer des méthodes génériques,0,0.5492821336
gerer-4.1,Auditer des projets,PROGAV-53-4,Utiliser des lambdas expressions,0,0.5311540365
gerer-4.1,Auditer des projets,PROGAV-53-5,Comprendre le fct des Stream de données,0,0.5187647939
gerer-4.1,Auditer des projets,PROGAV-53-22,Créer des classes/interfaces incomplètes,0,0.5230778456
gerer-4.1,Auditer des projets,PROGAV-54-3,Utiliser les IO,0,0.5485729575
gerer-4.1,Auditer des projets,PROGAV-54-4,Utiliser les flux standards,0,0.5577932596
gerer-4.1,Auditer des projets,PROGAV-61-1,Création de tests unitaires,0,0.5484719276
gerer-4.1,Auditer des projets,PROGAV-61-2,Utiliser la notion de contrats simples et combinés,0,0.5303193927
gerer-4.1,Auditer des projets,PROGAV-61-3,Créer des fixtures,0,0.5599074364
gerer-4.1,Auditer des projets,PROGAV-61-4,Créer et utiliser les suites de tests,0,0.5267329216
gerer-4.2,Passer des audits,PROGAV-33-1,Implémenter un design pattern MVC,0,0.5327264071
gerer-4.2,Passer des audits,PROGAV-33-2,Utiliser la délégation d’événement,0,0.5417908430
gerer-4.2,Passer des audits,PROGAV-40-1,Sérialiser et désérialiser des objets,0,0.5395113826
gerer-4.2,Passer des audits,PROGAV-40-2,Prendre en compte la sensibilité des données,0,0.5416964293
gerer-4.2,Passer des audits,PROGAV-51-1,Choisir les types,0,0.5428267121
gerer-4.2,Passer des audits,PROGAV-51-2,Définir des types,0,0.5433472395
gerer-4.2,Passer des audits,PROGAV-51-3,Créer une classe,0,0.5373283029
gerer-4.2,Passer des audits,PROGAV-51-4,Gérer l’instanciation/destruction d’un objet,0,0.5194533467
gerer-4.2,Passer des audits,PROGAV-51-5,Gérer la visibilité des membres,0,0.5380582213
gerer-4.2,Passer des audits,PROGAV-51-6,Utiliser l’attribut this et les constructeurs this,0,0.5256361365
gerer-4.2,Passer des audits,PROGAV-51-7,Créer/Utiliser des membres d’instances/classes,0,0.5137431026
gerer-4.2,Passer des audits,PROGAV-51-8,Organiser le développement,0,0.5546046495
gerer-4.2,Passer des audits,PROGAV-51-9,Compiler du code java avec et sans bibliothèques,0,0.4961243272
gerer-4.2,Passer des audits,PROGAV-51-10,Exécuter du code java avec et sans bibliothèque,0,0.5040819645
gerer-4.2,Passer des audits,PROGAV-51-11,Créer et manipuler des types énumérés,0,0.5342626572
gerer-4.2,Passer des audits,PROGAV-51-12,Gestion de l’héritage,0,0.5420048237
gerer-4.2,Passer des audits,PROGAV-51-13,Choisir la composition ou l’héritage,0,0.5098861456
gerer-4.2,Passer des audits,PROGAV-51-14,Gérer le polymorphisme,0,0.5461955070
gerer-4.2,Passer des audits,PROGAV-51-15,Manipuler super en attribut et en constructeur,0,0.5463580489
gerer-4.2,Passer des audits,PROGAV-51-16,Utiliser des classes abstraites ou des interfaces,0,0.5357831717
gerer-4.2,Passer des audits,PROGAV-51-17,Créer des classes de données simple,0,0.5277868509
gerer-4.2,Passer des audits,PROGAV-51-18,Mettre en place une gestion/nomenclature d’erreur,0,0.5193756819
gerer-4.2,Passer des audits,PROGAV-51-19,Lancer/Propager/Attraper des exceptions,0,0.5509613752
gerer-4.2,Passer des audits,PROGAV-51-20,Expliciter les exceptions,0,0.5714622736
gerer-4.2,Passer des audits,PROGAV-51-21,Comprendre l’introspection,0,0.5510428548
gerer-4.2,Passer des audits,PROGAV-51-22,Utiliser l’introspection,0,0.5796647668
gerer-4.2,Passer des audits,PROGAV-51-23,Concevoir une interface graphique,0,0.5336810350
gerer-4.2,Passer des audits,PROGAV-52-1,Choisir le bon type de collection,0,0.5217006207
gerer-4.2,Passer des audits,PROGAV-53-1,Utiliser la Généricité,0,0.5482124090
gerer-4.2,Passer des audits,PROGAV-53-2,Créer des types génériques,0,0.5335581303
gerer-4.2,Passer des audits,PROGAV-53-3,Créer des méthodes génériques,0,0.5448428988
gerer-4.2,Passer des audits,PROGAV-53-4,Utiliser des lambdas expressions,0,0.5380563140
gerer-4.2,Passer des audits,PROGAV-53-5,Comprendre le fct des Stream de données,0,0.5186946392
gerer-4.2,Passer des audits,PROGAV-53-22,Créer des classes/interfaces incomplètes,0,0.5176669359
gerer-4.2,Passer des audits,PROGAV-54-3,Utiliser les IO,0,0.5567865968
gerer-4.2,Passer des audits,PROGAV-54-4,Utiliser les flux standards,0,0.5750159025
gerer-4.2,Passer des audits,PROGAV-61-1,Création de tests unitaires,0,0.5474931598
gerer-4.2,Passer des audits,PROGAV-61-2,Utiliser la notion de contrats simples et combinés,0,0.5304946303
gerer-4.2,Passer des audits,PROGAV-61-3,Créer des fixtures,0,0.5470744371
gerer-4.2,Passer des audits,PROGAV-61-4,Créer et utiliser les suites de tests,0,0.5489666462
gerer-4.3,Organiser les rôles et les tâches,PROGAV-33-1,Implémenter un design pattern MVC,0,0.5312495232
gerer-4.3,Organiser les rôles et les tâches,PROGAV-33-2,Utiliser la délégation d’événement,0,0.5463427305
gerer-4.3,Organiser les rôles et les tâches,PROGAV-40-1,Sérialiser et désérialiser des objets,0,0.5439589024
gerer-4.3,Organiser les rôles et les tâches,PROGAV-40-2,Prendre en compte la sensibilité des données,0,0.5265236497
gerer-4.3,Organiser les rôles et les tâches,PROGAV-51-1,Choisir les types,0,0.5543082952
gerer-4.3,Organiser les rôles et les tâches,PROGAV-51-2,Définir des types,0,0.5545626879
gerer-4.3,Organiser les rôles et les tâches,PROGAV-51-3,Créer une classe,0,0.5548436642
gerer-4.3,Organiser les rôles et les tâches,PROGAV-51-4,Gérer l’instanciation/destruction d’un objet,0,0.5355659723
gerer-4.3,Organiser les rôles et les tâches,PROGAV-51-5,Gérer la visibilité des membres,0,0.5533496141
gerer-4.3,Organiser les rôles et les tâches,PROGAV-51-6,Utiliser l’attribut this et les constructeurs this,0,0.5321077108
gerer-4.3,Organiser les rôles et les tâches,PROGAV-51-7,Créer/Utiliser des membres d’instances/classes,0,0.5308493972
gerer-4.3,Organiser les rôles et les tâches,PROGAV-51-8,Organiser le développement,0,0.6338560581
gerer-4.3,Organiser les rôles et les tâches,PROGAV-51-9,Compiler du code java avec et sans bibliothèques,0,0.4940130711
gerer-4.3,Organiser les rôles et les tâches,PROGAV-51-10,Exécuter du code java avec et sans bibliothèque,0,0.5012594461
gerer-4.3,Organiser les rôles et les tâches,PROGAV-51-11,Créer et manipuler des types énumérés,0,0.5546702147
gerer-4.3,Organiser les rôles et les tâches,PROGAV-51-12,Gestion de l’héritage,0,0.5656813383
gerer-4.3,Organiser les rôles et les tâches,PROGAV-51-13,Choisir la composition ou l’héritage,0,0.5145269632
gerer-4.3,Organiser les rôles et les tâches,PROGAV-51-14,Gérer le polymorphisme,0,0.5634948015
gerer-4.3,Organiser les rôles et les tâches,PROGAV-51-15,Manipuler super en attribut et en constructeur,0,0.5470335484
gerer-4.3,Organiser les rôles et les tâches,PROGAV-51-16,Utiliser des classes abstraites ou des interfaces,0,0.5368608832
gerer-4.3,Organiser les rôles et les tâches,PROGAV-51-17,Créer des classes de données simple,0,0.5354315042
gerer-4.3,Organiser les rôles et les tâches,PROGAV-51-18,Mettre en place une gestion/nomenclature d’erreur,0,0.5350958109
gerer-4.3,Organiser les rôles et les tâches,PROGAV-51-19,Lancer/Propager/Attraper des exceptions,0,0.5376198292
gerer-4.3,Organiser les rôles et les tâches,PROGAV-51-20,Expliciter les exceptions,0,0.5574288368
gerer-4.3,Organiser les rôles et les tâches,PROGAV-51-21,Comprendre l’introspection,0,0.5440121293
gerer-4.3,Organiser les rôles et les tâches,PROGAV-51-22,Utiliser l’introspection,0,0.5622025132
gerer-4.3,Organiser les rôles et les tâches,PROGAV-51-23,Concevoir une interface graphique,0,0.5448160172
gerer-4.3,Organiser les rôles et les tâches,PROGAV-52-1,Choisir le bon type de collection,0,0.5260052681
gerer-4.3,Organiser les rôles et les tâches,PROGAV-53-1,Utiliser la Généricité,0,0.5415794849
gerer-4.3,Organiser les rôles et les tâches,PROGAV-53-2,Créer des types génériques,0,0.5444659591
gerer-4.3,Organiser les rôles et les tâches,PROGAV-53-3,Créer des méthodes génériques,0,0.5589545369
gerer-4.3,Organiser les rôles et les tâches,PROGAV-53-4,Utiliser des lambdas expressions,0,0.5323500633
gerer-4.3,Organiser les rôles et les tâches,PROGAV-53-5,Comprendre le fct des Stream de données,0,0.5186356306
gerer-4.3,Organiser les rôles et les tâches,PROGAV-53-22,Créer des classes/interfaces incomplètes,0,0.5230832100
gerer-4.3,Organiser les rôles et les tâches,PROGAV-54-3,Utiliser les IO,0,0.5498395562
gerer-4.3,Organiser les rôles et les tâches,PROGAV-54-4,Utiliser les flux standards,0,0.5629505515
gerer-4.3,Organiser les rôles et les tâches,PROGAV-61-1,Création de tests unitaires,0,0.5426432490
gerer-4.3,Organiser les rôles et les tâches,PROGAV-61-2,Utiliser la notion de contrats simples et combinés,0,0.5345924497
gerer-4.3,Organiser les rôles et les tâches,PROGAV-61-3,Créer des fixtures,0,0.5634146929
gerer-4.3,Organiser les rôles et les tâches,PROGAV-61-4,Créer et utiliser les suites de tests,0,0.5329993367
communiquer-1.1,Documenter le code à l’aide d’un framework,PROGAV-33-1,Implémenter un design pattern MVC,0,0.5472725034
communiquer-1.1,Documenter le code à l’aide d’un framework,PROGAV-33-2,Utiliser la délégation d’événement,0,0.5359882116
communiquer-1.1,Documenter le code à l’aide d’un framework,PROGAV-40-1,Sérialiser et désérialiser des objets,0,0.5295932293
communiquer-1.1,Documenter le code à l’aide d’un framework,PROGAV-40-2,Prendre en compte la sensibilité des données,0,0.5250054598
communiquer-1.1,Documenter le code à l’aide d’un framework,PROGAV-51-1,Choisir les types,0,0.5335247517
communiquer-1.1,Documenter le code à l’aide d’un framework,PROGAV-51-2,Définir des types,0,0.5428339839
communiquer-1.1,Documenter le code à l’aide d’un framework,PROGAV-51-3,Créer une classe,0,0.5468944311
communiquer-1.1,Documenter le code à l’aide d’un framework,PROGAV-51-4,Gérer l’instanciation/destruction d’un objet,0,0.5107139945
communiquer-1.1,Documenter le code à l’aide d’un framework,PROGAV-51-5,Gérer la visibilité des membres,0,0.5267505050
communiquer-1.1,Documenter le code à l’aide d’un framework,PROGAV-51-6,Utiliser l’attribut this et les constructeurs this,0,0.5299327970
communiquer-1.1,Documenter le code à l’aide d’un framework,PROGAV-51-7,Créer/Utiliser des membres d’instances/classes,0,0.5196304321
communiquer-1.1,Documenter le code à l’aide d’un framework,PROGAV-51-8,Organiser le développement,0,0.5612897873
communiquer-1.1,Documenter le code à l’aide d’un framework,PROGAV-51-9,Compiler du code java avec et sans bibliothèques,0,0.5330998898
communiquer-1.1,Documenter le code à l’aide d’un framework,PROGAV-51-10,Exécuter du code java avec et sans bibliothèque,0,0.5323516726
communiquer-1.1,Documenter le code à l’aide d’un framework,PROGAV-51-11,Créer et manipuler des types énumérés,0,0.5301803350
communiquer-1.1,Documenter le code à l’aide d’un framework,PROGAV-51-12,Gestion de l’héritage,0,0.5315639973
communiquer-1.1,Documenter le code à l’aide d’un framework,PROGAV-51-13,Choisir la composition ou l’héritage,0,0.5059702992
communiquer-1.1,Documenter le code à l’aide d’un framework,PROGAV-51-14,Gérer le polymorphisme,0,0.5391368866
communiquer-1.1,Documenter le code à l’aide d’un framework,PROGAV-51-15,Manipuler super en attribut et en constructeur,0,0.5307348967
communiquer-1.1,Documenter le code à l’aide d’un framework,PROGAV-51-16,Utiliser des classes abstraites ou des interfaces,0,0.5398967266
communiquer-1.1,Documenter le code à l’aide d’un framework,PROGAV-51-17,Créer des classes de données simple,0,0.5375065804
communiquer-1.1,Documenter le code à l’aide d’un framework,PROGAV-51-18,Mettre en place une gestion/nomenclature d’erreur,0,0.5214923620
communiquer-1.1,Documenter le code à l’aide d’un framework,PROGAV-51-19,Lancer/Propager/Attraper des exceptions,0,0.5226258039
communiquer-1.1,Documenter le code à l’aide d’un framework,PROGAV-51-20,Expliciter les exceptions,0,0.5527234674
communiquer-1.1,Documenter le code à l’aide d’un framework,PROGAV-51-21,Comprendre l’introspection,0,0.5351266861
communiquer-1.1,Documenter le code à l’aide d’un framework,PROGAV-51-22,Utiliser l’introspection,0,0.5712078810
communiquer-1.1,Documenter le code à l’aide d’un framework,PROGAV-51-23,Concevoir une interface graphique,0,0.5625168681
communiquer-1.1,Documenter le code à l’aide d’un framework,PROGAV-52-1,Choisir le bon type de collection,0,0.5098158121
communiquer-1.1,Documenter le code à l’aide d’un framework,PROGAV-53-1,Utiliser la Généricité,0,0.5455845594
communiquer-1.1,Documenter le code à l’aide d’un framework,PROGAV-53-2,Créer des types génériques,0,0.5375434756
communiquer-1.1,Documenter le code à l’aide d’un framework,PROGAV-53-3,Créer des méthodes génériques,0,0.5497857928
communiquer-1.1,Documenter le code à l’aide d’un framework,PROGAV-53-4,Utiliser des lambdas expressions,0,0.5345261097
communiquer-1.1,Documenter le code à l’aide d’un framework,PROGAV-53-5,Comprendre le fct des Stream de données,0,0.5129643679
communiquer-1.1,Documenter le code à l’aide d’un framework,PROGAV-53-22,Créer des classes/interfaces incomplètes,0,0.5244268179
communiquer-1.1,Documenter le code à l’aide d’un framework,PROGAV-54-3,Utiliser les IO,0,0.5554080009
communiquer-1.1,Documenter le code à l’aide d’un framework,PROGAV-54-4,Utiliser les flux standards,0,0.5631682277
communiquer-1.1,Documenter le code à l’aide d’un framework,PROGAV-61-1,Création de tests unitaires,0,0.5236283541
communiquer-1.1,Documenter le code à l’aide d’un framework,PROGAV-61-2,Utiliser la notion de contrats simples et combinés,0,0.5276894569
communiquer-1.1,Documenter le code à l’aide d’un framework,PROGAV-61-3,Créer des fixtures,0,0.5604249239
communiquer-1.1,Documenter le code à l’aide d’un framework,PROGAV-61-4,Créer et utiliser les suites de tests,0,0.5198653936
communiquer-1.2,Rédiger un rapport cohérent retraçant toutes les étapes du cycle de vie du projet,PROGAV-33-1,Implémenter un design pattern MVC,0,0.5298942327
communiquer-1.2,Rédiger un rapport cohérent retraçant toutes les étapes du cycle de vie du projet,PROGAV-33-2,Utiliser la délégation d’événement,0,0.5187278986
communiquer-1.2,Rédiger un rapport cohérent retraçant toutes les étapes du cycle de vie du projet,PROGAV-40-1,Sérialiser et désérialiser des objets,0,0.5301636457
communiquer-1.2,Rédiger un rapport cohérent retraçant toutes les étapes du cycle de vie du projet,PROGAV-40-2,Prendre en compte la sensibilité des données,0,0.5213632584
communiquer-1.2,Rédiger un rapport cohérent retraçant toutes les étapes du cycle de vie du projet,PROGAV-51-1,Choisir les types,0,0.5295807123
communiquer-1.2,Rédiger un rapport cohérent retraçant toutes les étapes du cycle de vie du projet,PROGAV-51-2,Définir des types,0,0.5307669044
communiquer-1.2,Rédiger un rapport cohérent retraçant toutes les étapes du cycle de vie du projet,PROGAV-51-3,Créer une classe,0,0.5553004146
communiquer-1.2,Rédiger un rapport cohérent retraçant toutes les étapes du cycle de vie du projet,PROGAV-51-4,Gérer l’instanciation/destruction d’un objet,0,0.5099077225
communiquer-1.2,Rédiger un rapport cohérent retraçant toutes les étapes du cycle de vie du projet,PROGAV-51-5,Gérer la visibilité des membres,0,0.5234249234
communiquer-1.2,Rédiger un rapport cohérent retraçant toutes les étapes du cycle de vie du projet,PROGAV-51-6,Utiliser l’attribut this et les constructeurs this,0,0.5060287118
communiquer-1.2,Rédiger un rapport cohérent retraçant toutes les étapes du cycle de vie du projet,PROGAV-51-7,Créer/Utiliser des membres d’instances/classes,0,0.5134744048
communiquer-1.2,Rédiger un rapport cohérent retraçant toutes les étapes du cycle de vie du projet,PROGAV-51-8,Organiser le développement,0,0.5658612847
communiquer-1.2,Rédiger un rapport cohérent retraçant toutes les étapes du cycle de vie du projet,PROGAV-51-9,Compiler du code java avec et sans bibliothèques,0,0.4875398278
communiquer-1.2,Rédiger un rapport cohérent retraçant toutes les étapes du cycle de vie du projet,PROGAV-51-10,Exécuter du code java avec et sans bibliothèque,0,0.4943811893
communiquer-1.2,Rédiger un rapport cohérent retraçant toutes les étapes du cycle de vie du projet,PROGAV-51-11,Créer et manipuler des types énumérés,0,0.5315437317
communiquer-1.2,Rédiger un rapport cohérent retraçant toutes les étapes du cycle de vie du projet,PROGAV-51-12,Gestion de l’héritage,0,0.5356418490
communiquer-1.2,Rédiger un rapport cohérent retraçant toutes les étapes du cycle de vie du projet,PROGAV-51-13,Choisir la composition ou l’héritage,0,0.5008695126
communiquer-1.2,Rédiger un rapport cohérent retraçant toutes les étapes du cycle de vie du projet,PROGAV-51-14,Gérer le polymorphisme,0,0.5370436907
communiquer-1.2,Rédiger un rapport cohérent retraçant toutes les étapes du cycle de vie du projet,PROGAV-51-15,Manipuler super en attribut et en constructeur,0,0.5287194252
communiquer-1.2,Rédiger un rapport cohérent retraçant toutes les étapes du cycle de vie du projet,PROGAV-51-16,Utiliser des classes abstraites ou des interfaces,0,0.5185514688
communiquer-1.2,Rédiger un rapport cohérent retraçant toutes les étapes du cycle de vie du projet,PROGAV-51-17,Créer des classes de données simple,0,0.5314196348
communiquer-1.2,Rédiger un rapport cohérent retraçant toutes les étapes du cycle de vie du projet,PROGAV-51-18,Mettre en place une gestion/nomenclature d’erreur,0,0.5048807859
communiquer-1.2,Rédiger un rapport cohérent retraçant toutes les étapes du cycle de vie du projet,PROGAV-51-19,Lancer/Propager/Attraper des exceptions,0,0.5202724338
communiquer-1.2,Rédiger un rapport cohérent retraçant toutes les étapes du cycle de vie du projet,PROGAV-51-20,Expliciter les exceptions,0,0.5456521511
communiquer-1.2,Rédiger un rapport cohérent retraçant toutes les étapes du cycle de vie du projet,PROGAV-51-21,Comprendre l’introspection,0,0.5355253220
communiquer-1.2,Rédiger un rapport cohérent retraçant toutes les étapes du cycle de vie du projet,PROGAV-51-22,Utiliser l’introspection,0,0.5464154482
communiquer-1.2,Rédiger un rapport cohérent retraçant toutes les étapes du cycle de vie du projet,PROGAV-51-23,Concevoir une interface graphique,0,0.5401377678
communiquer-1.2,Rédiger un rapport cohérent retraçant toutes les étapes du cycle de vie du projet,PROGAV-52-1,Choisir le bon type de collection,0,0.5073384047
communiquer-1.2,Rédiger un rapport cohérent retraçant toutes les étapes du cycle de vie du projet,PROGAV-53-1,Utiliser la Généricité,0,0.5231415629
communiquer-1.2,Rédiger un rapport cohérent retraçant toutes les étapes du cycle de vie du projet,PROGAV-53-2,Créer des types génériques,0,0.5393910408
communiquer-1.2,Rédiger un rapport cohérent retraçant toutes les étapes du cycle de vie du projet,PROGAV-53-3,Créer des méthodes génériques,0,0.5453913212
communiquer-1.2,Rédiger un rapport cohérent retraçant toutes les étapes du cycle de vie du projet,PROGAV-53-4,Utiliser des lambdas expressions,0,0.5156328678
communiquer-1.2,Rédiger un rapport cohérent retraçant toutes les étapes du cycle de vie du projet,PROGAV-53-5,Comprendre le fct des Stream de données,0,0.5094958544
communiquer-1.2,Rédiger un rapport cohérent retraçant toutes les étapes du cycle de vie du projet,PROGAV-53-22,Créer des classes/interfaces incomplètes,0,0.5218027830
communiquer-1.2,Rédiger un rapport cohérent retraçant toutes les étapes du cycle de vie du projet,PROGAV-54-3,Utiliser les IO,0,0.5267227888
communiquer-1.2,Rédiger un rapport cohérent retraçant toutes les étapes du cycle de vie du projet,PROGAV-54-4,Utiliser les flux standards,0,0.5468078852
communiquer-1.2,Rédiger un rapport cohérent retraçant toutes les étapes du cycle de vie du projet,PROGAV-61-1,Création de tests unitaires,0,0.5344538689
communiquer-1.2,Rédiger un rapport cohérent retraçant toutes les étapes du cycle de vie du projet,PROGAV-61-2,Utiliser la notion de contrats simples et combinés,0,0.5097385645
communiquer-1.2,Rédiger un rapport cohérent retraçant toutes les étapes du cycle de vie du projet,PROGAV-61-3,Créer des fixtures,0,0.5508385897
communiquer-1.2,Rédiger un rapport cohérent retraçant toutes les étapes du cycle de vie du projet,PROGAV-61-4,Créer et utiliser les suites de tests,0,0.5224566460
communiquer-1.3,Représenter les modèles à l’aide de langage formel,PROGAV-33-1,Implémenter un design pattern MVC,0,0.5538477898
communiquer-1.3,Représenter les modèles à l’aide de langage formel,PROGAV-33-2,Utiliser la délégation d’événement,0,0.5399203897
communiquer-1.3,Représenter les modèles à l’aide de langage formel,PROGAV-40-1,Sérialiser et désérialiser des objets,0,0.5403931737
communiquer-1.3,Représenter les modèles à l’aide de langage formel,PROGAV-40-2,Prendre en compte la sensibilité des données,0,0.5291723013
communiquer-1.3,Représenter les modèles à l’aide de langage formel,PROGAV-51-1,Choisir les types,0,0.5479787588
communiquer-1.3,Représenter les modèles à l’aide de langage formel,PROGAV-51-2,Définir des types,0,0.5634964705
communiquer-1.3,Représenter les modèles à l’aide de langage formel,PROGAV-51-3,Créer une classe,0,0.5551131964
communiquer-1.3,Représenter les modèles à l’aide de langage formel,PROGAV-51-4,Gérer l’instanciation/destruction d’un objet,0,0.5101252794
communiquer-1.3,Représenter les modèles à l’aide de langage formel,PROGAV-51-5,Gérer la visibilité des membres,0,0.5352869034
communiquer-1.3,Représenter les modèles à l’aide de langage formel,PROGAV-51-6,Utiliser l’attribut this et les constructeurs this,0,0.5346370339
communiquer-1.3,Représenter les modèles à l’aide de langage formel,PROGAV-51-7,Créer/Utiliser des membres d’instances/classes,0,0.5313887596
communiquer-1.3,Représenter les modèles à l’aide de langage formel,PROGAV-51-8,Organiser le développement,0,0.5489141345
communiquer-1.3,Représenter les modèles à l’aide de langage formel,PROGAV-51-9,Compiler du code java avec et sans bibliothèques,0,0.4998502731
communiquer-1.3,Représenter les modèles à l’aide de langage formel,PROGAV-51-10,Exécuter du code java avec et sans bibliothèque,0,0.4985232949
communiquer-1.3,Représenter les modèles à l’aide de langage formel,PROGAV-51-11,Créer et manipuler des types énumérés,0,0.5609046221
communiquer-1.3,Représenter les modèles à l’aide de langage formel,PROGAV-51-12,Gestion de l’héritage,0,0.5277450085
communiquer-1.3,Représenter les modèles à l’aide de langage formel,PROGAV-51-13,Choisir la composition ou l’héritage,0,0.5082211494
communiquer-1.3,Représenter les modèles à l’aide de langage formel,PROGAV-51-14,Gérer le polymorphisme,0,0.5545625091
communiquer-1.3,Représenter les modèles à l’aide de langage formel,PROGAV-51-15,Manipuler super en attribut et en constructeur,0,0.5313880444
communiquer-1.3,Représenter les modèles à l’aide de langage formel,PROGAV-51-16,Utiliser des classes abstraites ou des interfaces,0,0.5416529179
communiquer-1.3,Représenter les modèles à l’aide de langage formel,PROGAV-51-17,Créer des classes de données simple,0,0.5548876524
communiquer-1.3,Représenter les modèles à l’aide de langage formel,PROGAV-51-18,Mettre en place une gestion/nomenclature d’erreur,0,0.5067761540
communiquer-1.3,Représenter les modèles à l’aide de langage formel,PROGAV-51-19,Lancer/Propager/Attraper des exceptions,0,0.5264976025
communiquer-1.3,Représenter les modèles à l’aide de langage formel,PROGAV-51-20,Expliciter les exceptions,0,0.5580540895
communiquer-1.3,Représenter les modèles à l’aide de langage formel,PROGAV-51-21,Comprendre l’introspection,0,0.5387529135
communiquer-1.3,Représenter les modèles à l’aide de langage formel,PROGAV-51-22,Utiliser l’introspection,0,0.5711664557
communiquer-1.3,Représenter les modèles à l’aide de langage formel,PROGAV-51-23,Concevoir une interface graphique,0,0.5610706210
communiquer-1.3,Représenter les modèles à l’aide de langage formel,PROGAV-52-1,Choisir le bon type de collection,0,0.5140152574
communiquer-1.3,Représenter les modèles à l’aide de langage formel,PROGAV-53-1,Utiliser la Généricité,0,0.5478777885
communiquer-1.3,Représenter les modèles à l’aide de langage formel,PROGAV-53-2,Créer des types génériques,0,0.5656704903
communiquer-1.3,Représenter les modèles à l’aide de langage formel,PROGAV-53-3,Créer des méthodes génériques,0,0.5669203997
communiquer-1.3,Représenter les modèles à l’aide de langage formel,PROGAV-53-4,Utiliser des lambdas expressions,0,0.5528714657
communiquer-1.3,Représenter les modèles à l’aide de langage formel,PROGAV-53-5,Comprendre le fct des Stream de données,0,0.5184859037
communiquer-1.3,Représenter les modèles à l’aide de langage formel,PROGAV-53-22,Créer des classes/interfaces incomplètes,0,0.5363547802
communiquer-1.3,Représenter les modèles à l’aide de langage formel,PROGAV-54-3,Utiliser les IO,0,0.5496376753
communiquer-1.3,Représenter les modèles à l’aide de langage formel,PROGAV-54-4,Utiliser les flux standards,0,0.5623319149
communiquer-1.3,Représenter les modèles à l’aide de langage formel,PROGAV-61-1,Création de tests unitaires,0,0.5307903290
communiquer-1.3,Représenter les modèles à l’aide de langage formel,PROGAV-61-2,Utiliser la notion de contrats simples et combinés,0,0.5334406495
communiquer-1.3,Représenter les modèles à l’aide de langage formel,PROGAV-61-3,Créer des fixtures,0,0.5715262890
communiquer-1.3,Représenter les modèles à l’aide de langage formel,PROGAV-61-4,Créer et utiliser les suites de tests,0,0.5226497650
communiquer-2.1,Rédiger des supports de présentation,PROGAV-33-1,Implémenter un design pattern MVC,0,0.5476348996
communiquer-2.1,Rédiger des supports de présentation,PROGAV-33-2,Utiliser la délégation d’événement,0,0.5521942377
communiquer-2.1,Rédiger des supports de présentation,PROGAV-40-1,Sérialiser et désérialiser des objets,0,0.5494936109
communiquer-2.1,Rédiger des supports de présentation,PROGAV-40-2,Prendre en compte la sensibilité des données,0,0.5354198217
communiquer-2.1,Rédiger des supports de présentation,PROGAV-51-1,Choisir les types,0,0.5541654825
communiquer-2.1,Rédiger des supports de présentation,PROGAV-51-2,Définir des types,0,0.5576015711
communiquer-2.1,Rédiger des supports de présentation,PROGAV-51-3,Créer une classe,0,0.5684628487
communiquer-2.1,Rédiger des supports de présentation,PROGAV-51-4,Gérer l’instanciation/destruction d’un objet,0,0.5249879360
communiquer-2.1,Rédiger des supports de présentation,PROGAV-51-5,Gérer la visibilité des membres,0,0.5599193573
communiquer-2.1,Rédiger des supports de présentation,PROGAV-51-6,Utiliser l’attribut this et les constructeurs this,0,0.5252249837
communiquer-2.1,Rédiger des supports de présentation,PROGAV-51-7,Créer/Utiliser des membres d’instances/classes,0,0.5490452051
communiquer-2.1,Rédiger des supports de présentation,PROGAV-51-8,Organiser le développement,0,0.5670036674
communiquer-2.1,Rédiger des supports de présentation,PROGAV-51-9,Compiler du code java avec et sans bibliothèques,0,0.5059203506
communiquer-2.1,Rédiger des supports de présentation,PROGAV-51-10,Exécuter du code java avec et sans bibliothèque,0,0.5072178841
communiquer-2.1,Rédiger des supports de présentation,PROGAV-51-11,Créer et manipuler des types énumérés,0,0.5640555620
communiquer-2.1,Rédiger des supports de présentation,PROGAV-51-12,Gestion de l’héritage,0,0.5469989181
communiquer-2.1,Rédiger des supports de présentation,PROGAV-51-13,Choisir la composition ou l’héritage,0,0.5179663897
communiquer-2.1,Rédiger des supports de présentation,PROGAV-51-14,Gérer le polymorphisme,0,0.5509575009
communiquer-2.1,Rédiger des supports de présentation,PROGAV-51-15,Manipuler super en attribut et en constructeur,0,0.5407214165
communiquer-2.1,Rédiger des supports de présentation,PROGAV-51-16,Utiliser des classes abstraites ou des interfaces,0,0.5470601320
communiquer-2.1,Rédiger des supports de présentation,PROGAV-51-17,Créer des classes de données simple,0,0.5521205068
communiquer-2.1,Rédiger des supports de présentation,PROGAV-51-18,Mettre en place une gestion/nomenclature d’erreur,0,0.5221480727
communiquer-2.1,Rédiger des supports de présentation,PROGAV-51-19,Lancer/Propager/Attraper des exceptions,0,0.5377564430
communiquer-2.1,Rédiger des supports de présentation,PROGAV-51-20,Expliciter les exceptions,0,0.5636763573
communiquer-2.1,Rédiger des supports de présentation,PROGAV-51-21,Comprendre l’introspection,0,0.5469534993
communiquer-2.1,Rédiger des supports de présentation,PROGAV-51-22,Utiliser l’introspection,0,0.5670749545
communiquer-2.1,Rédiger des supports de présentation,PROGAV-51-23,Concevoir une interface graphique,0,0.5692402720
communiquer-2.1,Rédiger des supports de présentation,PROGAV-52-1,Choisir le bon type de collection,0,0.5268684626
communiquer-2.1,Rédiger des supports de présentation,PROGAV-53-1,Utiliser la Généricité,0,0.5454946756
communiquer-2.1,Rédiger des supports de présentation,PROGAV-53-2,Créer des types génériques,0,0.5666774511
communiquer-2.1,Rédiger des supports de présentation,PROGAV-53-3,Créer des méthodes génériques,0,0.5797114372
communiquer-2.1,Rédiger des supports de présentation,PROGAV-53-4,Utiliser des lambdas expressions,0,0.5400143862
communiquer-2.1,Rédiger des supports de présentation,PROGAV-53-5,Comprendre le fct des Stream de données,0,0.5181794167
communiquer-2.1,Rédiger des supports de présentation,PROGAV-53-22,Créer des classes/interfaces incomplètes,0,0.5487281084
communiquer-2.1,Rédiger des supports de présentation,PROGAV-54-3,Utiliser les IO,0,0.5512028933
communiquer-2.1,Rédiger des supports de présentation,PROGAV-54-4,Utiliser les flux standards,0,0.5636377335
communiquer-2.1,Rédiger des supports de présentation,PROGAV-61-1,Création de tests unitaires,0,0.5445920229
communiquer-2.1,Rédiger des supports de présentation,PROGAV-61-2,Utiliser la notion de contrats simples et combinés,0,0.5329852700
communiquer-2.1,Rédiger des supports de présentation,PROGAV-61-3,Créer des fixtures,0,0.5910973549
communiquer-2.1,Rédiger des supports de présentation,PROGAV-61-4,Créer et utiliser les suites de tests,0,0.5435991883
communiquer-2.2,Restituer oralement le travail réalisé,PROGAV-33-1,Implémenter un design pattern MVC,0,0.5376930237
communiquer-2.2,Restituer oralement le travail réalisé,PROGAV-33-2,Utiliser la délégation d’événement,0,0.5452169180
communiquer-2.2,Restituer oralement le travail réalisé,PROGAV-40-1,Sérialiser et désérialiser des objets,0,0.5525708795
communiquer-2.2,Restituer oralement le travail réalisé,PROGAV-40-2,Prendre en compte la sensibilité des données,0,0.5341731310
communiquer-2.2,Restituer oralement le travail réalisé,PROGAV-51-1,Choisir les types,0,0.5397574306
communiquer-2.2,Restituer oralement le travail réalisé,PROGAV-51-2,Définir des types,0,0.5479931235
communiquer-2.2,Restituer oralement le travail réalisé,PROGAV-51-3,Créer une classe,0,0.5421975851
communiquer-2.2,Restituer oralement le travail réalisé,PROGAV-51-4,Gérer l’instanciation/destruction d’un objet,0,0.5268518329
communiquer-2.2,Restituer oralement le travail réalisé,PROGAV-51-5,Gérer la visibilité des membres,0,0.5318269730
communiquer-2.2,Restituer oralement le travail réalisé,PROGAV-51-6,Utiliser l’attribut this et les constructeurs this,0,0.5261596441
communiquer-2.2,Restituer oralement le travail réalisé,PROGAV-51-7,Créer/Utiliser des membres d’instances/classes,0,0.5171740651
communiquer-2.2,Restituer oralement le travail réalisé,PROGAV-51-8,Organiser le développement,0,0.5617853403
communiquer-2.2,Restituer oralement le travail réalisé,PROGAV-51-9,Compiler du code java avec et sans bibliothèques,0,0.5046693683
communiquer-2.2,Restituer oralement le travail réalisé,PROGAV-51-10,Exécuter du code java avec et sans bibliothèque,0,0.5124779344
communiquer-2.2,Restituer oralement le travail réalisé,PROGAV-51-11,Créer et manipuler des types énumérés,0,0.5395249724
communiquer-2.2,Restituer oralement le travail réalisé,PROGAV-51-12,Gestion de l’héritage,0,0.5489409566
communiquer-2.2,Restituer oralement le travail réalisé,PROGAV-51-13,Choisir la composition ou l’héritage,0,0.5238760710
communiquer-2.2,Restituer oralement le travail réalisé,PROGAV-51-14,Gérer le polymorphisme,0,0.5485811234
communiquer-2.2,Restituer oralement le travail réalisé,PROGAV-51-15,Manipuler super en attribut et en constructeur,0,0.5457814932
communiquer-2.2,Restituer oralement le travail réalisé,PROGAV-51-16,Utiliser des classes abstraites ou des interfaces,0,0.5351498723
communiquer-2.2,Restituer oralement le travail réalisé,PROGAV-51-17,Créer des classes de données simple,0,0.5287962556
communiquer-2.2,Restituer oralement le travail réalisé,PROGAV-51-18,Mettre en place une gestion/nomenclature d’erreur,0,0.5233649015
communiquer-2.2,Restituer oralement le travail réalisé,PROGAV-51-19,Lancer/Propager/Attraper des exceptions,0,0.5361440182
communiquer-2.2,Restituer oralement le travail réalisé,PROGAV-51-20,Expliciter les exceptions,0,0.5678812265
communiquer-2.2,Restituer oralement le travail réalisé,PROGAV-51-21,Comprendre l’introspection,0,0.5483980775
communiquer-2.2,Restituer oralement le travail réalisé,PROGAV-51-22,Utiliser l’introspection,0,0.5752075315
communiquer-2.2,Restituer oralement le travail réalisé,PROGAV-51-23,Concevoir une interface graphique,0,0.5395730734
communiquer-2.2,Restituer oralement le travail réalisé,PROGAV-52-1,Choisir le bon type de collection,0,0.5215840936
communiquer-2.2,Restituer oralement le travail réalisé,PROGAV-53-1,Utiliser la Généricité,0,0.5512269139
communiquer-2.2,Restituer oralement le travail réalisé,PROGAV-53-2,Créer des types génériques,0,0.5407038331
communiquer-2.2,Restituer oralement le travail réalisé,PROGAV-53-3,Créer des méthodes génériques,0,0.5504815578
communiquer-2.2,Restituer oralement le travail réalisé,PROGAV-53-4,Utiliser des lambdas expressions,0,0.5452076793
communiquer-2.2,Restituer oralement le travail réalisé,PROGAV-53-5,Comprendre le fct des Stream de données,0,0.5183073282
communiquer-2.2,Restituer oralement le travail réalisé,PROGAV-53-22,Créer des classes/interfaces incomplètes,0,0.5229328871
communiquer-2.2,Restituer oralement le travail réalisé,PROGAV-54-3,Utiliser les IO,0,0.5505541563
communiquer-2.2,Restituer oralement le travail réalisé,PROGAV-54-4,Utiliser les flux standards,0,0.5584284067
communiquer-2.2,Restituer oralement le travail réalisé,PROGAV-61-1,Création de tests unitaires,0,0.5359702706
communiquer-2.2,Restituer oralement le travail réalisé,PROGAV-61-2,Utiliser la notion de contrats simples et combinés,0,0.5351337194
communiquer-2.2,Restituer oralement le travail réalisé,PROGAV-61-3,Créer des fixtures,0,0.5432819128
communiquer-2.2,Restituer oralement le travail réalisé,PROGAV-61-4,Créer et utiliser les suites de tests,0,0.5152325034
communiquer-2.3,Synthétiser le travail réalisé,PROGAV-33-1,Implémenter un design pattern MVC,0,0.5510236621
communiquer-2.3,Synthétiser le travail réalisé,PROGAV-33-2,Utiliser la délégation d’événement,0,0.5405361652
communiquer-2.3,Synthétiser le travail réalisé,PROGAV-40-1,Sérialiser et désérialiser des objets,0,0.5511931181
communiquer-2.3,Synthétiser le travail réalisé,PROGAV-40-2,Prendre en compte la sensibilité des données,0,0.5327848792
communiquer-2.3,Synthétiser le travail réalisé,PROGAV-51-1,Choisir les types,0,0.5408532619
communiquer-2.3,Synthétiser le travail réalisé,PROGAV-51-2,Définir des types,0,0.5497467518
communiquer-2.3,Synthétiser le travail réalisé,PROGAV-51-3,Créer une classe,0,0.5562061071
communiquer-2.3,Synthétiser le travail réalisé,PROGAV-51-4,Gérer l’instanciation/destruction d’un objet,0,0.5255079865
communiquer-2.3,Synthétiser le travail réalisé,PROGAV-51-5,Gérer la visibilité des membres,0,0.5359376073
communiquer-2.3,Synthétiser le travail réalisé,PROGAV-51-6,Utiliser l’attribut this et les constructeurs this,0,0.5330473781
communiquer-2.3,Synthétiser le travail réalisé,PROGAV-51-7,Créer/Utiliser des membres d’instances/classes,0,0.5317144394
communiquer-2.3,Synthétiser le travail réalisé,PROGAV-51-8,Organiser le développement,0,0.5735441446
communiquer-2.3,Synthétiser le travail réalisé,PROGAV-51-9,Compiler du code java avec et sans bibliothèques,0,0.5084767342
communiquer-2.3,Synthétiser le travail réalisé,PROGAV-51-10,Exécuter du code java avec et sans bibliothèque,0,0.5107162595
communiquer-2.3,Synthétiser le travail réalisé,PROGAV-51-11,Créer et manipuler des types énumérés,0,0.5584704280
communiquer-2.3,Synthétiser le travail réalisé,PROGAV-51-12,Gestion de l’héritage,0,0.5433621407
communiquer-2.3,Synthétiser le travail réalisé,PROGAV-51-13,Choisir la composition ou l’héritage,0,0.5315210223
communiquer-2.3,Synthétiser le travail réalisé,PROGAV-51-14,Gérer le polymorphisme,0,0.5541003942
communiquer-2.3,Synthétiser le travail réalisé,PROGAV-51-15,Manipuler super en attribut et en constructeur,0,0.5505352020
communiquer-2.3,Synthétiser le travail réalisé,PROGAV-51-16,Utiliser des classes abstraites ou des interfaces,0,0.5403234959
communiquer-2.3,Synthétiser le travail réalisé,PROGAV-51-17,Créer des classes de données simple,0,0.5396832228
communiquer-2.3,Synthétiser le travail réalisé,PROGAV-51-18,Mettre en place une gestion/nomenclature d’erreur,0,0.5234065056
communiquer-2.3,Synthétiser le travail réalisé,PROGAV-51-19,Lancer/Propager/Attraper des exceptions,0,0.5357627869
communiquer-2.3,Synthétiser le travail réalisé,PROGAV-51-20,Expliciter les exceptions,0,0.5617017150
communiquer-2.3,Synthétiser le travail réalisé,PROGAV-51-21,Comprendre l’introspection,0,0.5446687937
communiquer-2.3,Synthétiser le travail réalisé,PROGAV-51-22,Utiliser l’introspection,0,0.5744456053
communiquer-2.3,Synthétiser le travail réalisé,PROGAV-51-23,Concevoir une interface graphique,0,0.5552880764
communiquer-2.3,Synthétiser le travail réalisé,PROGAV-52-1,Choisir le bon type de collection,0,0.5221589208
communiquer-2.3,Synthétiser le travail réalisé,PROGAV-53-1,Utiliser la Généricité,0,0.5548223257
communiquer-2.3,Synthétiser le travail réalisé,PROGAV-53-2,Créer des types génériques,0,0.5596487522
communiquer-2.3,Synthétiser le travail réalisé,PROGAV-53-3,Créer des méthodes génériques,0,0.5718914270
communiquer-2.3,Synthétiser le travail réalisé,PROGAV-53-4,Utiliser des lambdas expressions,0,0.5403319597
communiquer-2.3,Synthétiser le travail réalisé,PROGAV-53-5,Comprendre le fct des Stream de données,0,0.5178716779
communiquer-2.3,Synthétiser le travail réalisé,PROGAV-53-22,Créer des classes/interfaces incomplètes,0,0.5371416211
communiquer-2.3,Synthétiser le travail réalisé,PROGAV-54-3,Utiliser les IO,0,0.5565281510
communiquer-2.3,Synthétiser le travail réalisé,PROGAV-54-4,Utiliser les flux standards,0,0.5635895729
communiquer-2.3,Synthétiser le travail réalisé,PROGAV-61-1,Création de tests unitaires,0,0.5473272800
communiquer-2.3,Synthétiser le travail réalisé,PROGAV-61-2,Utiliser la notion de contrats simples et combinés,0,0.5449441671
communiquer-2.3,Synthétiser le travail réalisé,PROGAV-61-3,Créer des fixtures,0,0.5690681338
communiquer-2.3,Synthétiser le travail réalisé,PROGAV-61-4,Créer et utiliser les suites de tests,0,0.5388033390
communiquer-3.1,Interpréter les résultats dans le contexte du problème,PROGAV-33-1,Implémenter un design pattern MVC,0,0.5271382332
communiquer-3.1,Interpréter les résultats dans le contexte du problème,PROGAV-33-2,Utiliser la délégation d’événement,0,0.5388748646
communiquer-3.1,Interpréter les résultats dans le contexte du problème,PROGAV-40-1,Sérialiser et désérialiser des objets,0,0.5374485254
communiquer-3.1,Interpréter les résultats dans le contexte du problème,PROGAV-40-2,Prendre en compte la sensibilité des données,0,0.5638712049
communiquer-3.1,Interpréter les résultats dans le contexte du problème,PROGAV-51-1,Choisir les types,0,0.5315558314
communiquer-3.1,Interpréter les résultats dans le contexte du problème,PROGAV-51-2,Définir des types,0,0.5404664278
communiquer-3.1,Interpréter les résultats dans le contexte du problème,PROGAV-51-3,Créer une classe,0,0.5299056768
communiquer-3.1,Interpréter les résultats dans le contexte du problème,PROGAV-51-4,Gérer l’instanciation/destruction d’un objet,0,0.5144965053
communiquer-3.1,Interpréter les résultats dans le contexte du problème,PROGAV-51-5,Gérer la visibilité des membres,0,0.5325065851
communiquer-3.1,Interpréter les résultats dans le contexte du problème,PROGAV-51-6,Utiliser l’attribut this et les constructeurs this,0,0.5209510326
communiquer-3.1,Interpréter les résultats dans le contexte du problème,PROGAV-51-7,Créer/Utiliser des membres d’instances/classes,0,0.5108622909
communiquer-3.1,Interpréter les résultats dans le contexte du problème,PROGAV-51-8,Organiser le développement,0,0.5444648266
communiquer-3.1,Interpréter les résultats dans le contexte du problème,PROGAV-51-9,Compiler du code java avec et sans bibliothèques,0,0.4941277504
communiquer-3.1,Interpréter les résultats dans le contexte du problème,PROGAV-51-10,Exécuter du code java avec et sans bibliothèque,0,0.5034555197
communiquer-3.1,Interpréter les résultats dans le contexte du problème,PROGAV-51-11,Créer et manipuler des types énumérés,0,0.5264795423
communiquer-3.1,Interpréter les résultats dans le contexte du problème,PROGAV-51-12,Gestion de l’héritage,0,0.5306800008
communiquer-3.1,Interpréter les résultats dans le contexte du problème,PROGAV-51-13,Choisir la composition ou l’héritage,0,0.5107035041
communiquer-3.1,Interpréter les résultats dans le contexte du problème,PROGAV-51-14,Gérer le polymorphisme,0,0.5365248919
communiquer-3.1,Interpréter les résultats dans le contexte du problème,PROGAV-51-15,Manipuler super en attribut et en constructeur,0,0.5377908945
communiquer-3.1,Interpréter les résultats dans le contexte du problème,PROGAV-51-16,Utiliser des classes abstraites ou des interfaces,0,0.5312020779
communiquer-3.1,Interpréter les résultats dans le contexte du problème,PROGAV-51-17,Créer des classes de données simple,0,0.5251505375
communiquer-3.1,Interpréter les résultats dans le contexte du problème,PROGAV-51-18,Mettre en place une gestion/nomenclature d’erreur,0,0.5186968446
communiquer-3.1,Interpréter les résultats dans le contexte du problème,PROGAV-51-19,Lancer/Propager/Attraper des exceptions,0,0.5474407077
communiquer-3.1,Interpréter les résultats dans le contexte du problème,PROGAV-51-20,Expliciter les exceptions,0,0.5867576599
communiquer-3.1,Interpréter les résultats dans le contexte du problème,PROGAV-51-21,Comprendre l’introspection,0,0.5579521656
communiquer-3.1,Interpréter les résultats dans le contexte du problème,PROGAV-51-22,Utiliser l’introspection,0,0.5689157248
communiquer-3.1,Interpréter les résultats dans le contexte du problème,PROGAV-51-23,Concevoir une interface graphique,0,0.5333546996
communiquer-3.1,Interpréter les résultats dans le contexte du problème,PROGAV-52-1,Choisir le bon type de collection,0,0.5140158534
communiquer-3.1,Interpréter les résultats dans le contexte du problème,PROGAV-53-1,Utiliser la Généricité,0,0.5411777496
communiquer-3.1,Interpréter les résultats dans le contexte du problème,PROGAV-53-2,Créer des types génériques,0,0.5276490450
communiquer-3.1,Interpréter les résultats dans le contexte du problème,PROGAV-53-3,Créer des méthodes génériques,0,0.5253250599
communiquer-3.1,Interpréter les résultats dans le contexte du problème,PROGAV-53-4,Utiliser des lambdas expressions,0,0.5503562093
communiquer-3.1,Interpréter les résultats dans le contexte du problème,PROGAV-53-5,Comprendre le fct des Stream de données,0,0.5409586430
communiquer-3.1,Interpréter les résultats dans le contexte du problème,PROGAV-53-22,Créer des classes/interfaces incomplètes,0,0.5165838599
communiquer-3.1,Interpréter les résultats dans le contexte du problème,PROGAV-54-3,Utiliser les IO,0,0.5466741920
communiquer-3.1,Interpréter les résultats dans le contexte du problème,PROGAV-54-4,Utiliser les flux standards,0,0.5578892231
communiquer-3.1,Interpréter les résultats dans le contexte du problème,PROGAV-61-1,Création de tests unitaires,0,0.5323169231
communiquer-3.1,Interpréter les résultats dans le contexte du problème,PROGAV-61-2,Utiliser la notion de contrats simples et combinés,0,0.5265164375
communiquer-3.1,Interpréter les résultats dans le contexte du problème,PROGAV-61-3,Créer des fixtures,0,0.5232936144
communiquer-3.1,Interpréter les résultats dans le contexte du problème,PROGAV-61-4,Créer et utiliser les suites de tests,0,0.5170001388
communiquer-3.2,Critiquer les résultats,PROGAV-33-1,Implémenter un design pattern MVC,0,0.5393909216
communiquer-3.2,Critiquer les résultats,PROGAV-33-2,Utiliser la délégation d’événement,0,0.5396840572
communiquer-3.2,Critiquer les résultats,PROGAV-40-1,Sérialiser et désérialiser des objets,0,0.5478361845
communiquer-3.2,Critiquer les résultats,PROGAV-40-2,Prendre en compte la sensibilité des données,0,0.5613921881
communiquer-3.2,Critiquer les résultats,PROGAV-51-1,Choisir les types,0,0.5478525162
communiquer-3.2,Critiquer les résultats,PROGAV-51-2,Définir des types,0,0.5416315794
communiquer-3.2,Critiquer les résultats,PROGAV-51-3,Créer une classe,0,0.5403859019
communiquer-3.2,Critiquer les résultats,PROGAV-51-4,Gérer l’instanciation/destruction d’un objet,0,0.5237486959
communiquer-3.2,Critiquer les résultats,PROGAV-51-5,Gérer la visibilité des membres,0,0.5409445167
communiquer-3.2,Critiquer les résultats,PROGAV-51-6,Utiliser l’attribut this et les constructeurs this,0,0.5168883204
communiquer-3.2,Critiquer les résultats,PROGAV-51-7,Créer/Utiliser des membres d’instances/classes,0,0.5202316046
communiquer-3.2,Critiquer les résultats,PROGAV-51-8,Organiser le développement,0,0.5555378199
communiquer-3.2,Critiquer les résultats,PROGAV-51-9,Compiler du code java avec et sans bibliothèques,0,0.5072410703
communiquer-3.2,Critiquer les résultats,PROGAV-51-10,Exécuter du code java avec et sans bibliothèque,0,0.5149382949
communiquer-3.2,Critiquer les résultats,PROGAV-51-11,Créer et manipuler des types énumérés,0,0.5377713442
communiquer-3.2,Critiquer les résultats,PROGAV-51-12,Gestion de l’héritage,0,0.5438866615
communiquer-3.2,Critiquer les résultats,PROGAV-51-13,Choisir la composition ou l’héritage,0,0.5175108910
communiquer-3.2,Critiquer les résultats,PROGAV-51-14,Gérer le polymorphisme,0,0.5480303764
communiquer-3.2,Critiquer les résultats,PROGAV-51-15,Manipuler super en attribut et en constructeur,0,0.5450303555
communiquer-3.2,Critiquer les résultats,PROGAV-51-16,Utiliser des classes abstraites ou des interfaces,0,0.5409692526
communiquer-3.2,Critiquer les résultats,PROGAV-51-17,Créer des classes de données simple,0,0.5354181528
communiquer-3.2,Critiquer les résultats,PROGAV-51-18,Mettre en place une gestion/nomenclature d’erreur,0,0.5194154978
communiquer-3.2,Critiquer les résultats,PROGAV-51-19,Lancer/Propager/Attraper des exceptions,0,0.5394316912
communiquer-3.2,Critiquer les résultats,PROGAV-51-20,Expliciter les exceptions,0,0.5664042234
communiquer-3.2,Critiquer les résultats,PROGAV-51-21,Comprendre l’introspection,0,0.5449153185
communiquer-3.2,Critiquer les résultats,PROGAV-51-22,Utiliser l’introspection,0,0.5662286878
communiquer-3.2,Critiquer les résultats,PROGAV-51-23,Concevoir une interface graphique,0,0.5423139334
communiquer-3.2,Critiquer les résultats,PROGAV-52-1,Choisir le bon type de collection,0,0.5268353224
communiquer-3.2,Critiquer les résultats,PROGAV-53-1,Utiliser la Généricité,0,0.5480905771
communiquer-3.2,Critiquer les résultats,PROGAV-53-2,Créer des types génériques,0,0.5435689688
communiquer-3.2,Critiquer les résultats,PROGAV-53-3,Créer des méthodes génériques,0,0.5408759117
communiquer-3.2,Critiquer les résultats,PROGAV-53-4,Utiliser des lambdas expressions,0,0.5511652231
communiquer-3.2,Critiquer les résultats,PROGAV-53-5,Comprendre le fct des Stream de données,0,0.5260653496
communiquer-3.2,Critiquer les résultats,PROGAV-53-22,Créer des classes/interfaces incomplètes,0,0.5284662247
communiquer-3.2,Critiquer les résultats,PROGAV-54-3,Utiliser les IO,0,0.5530058146
communiquer-3.2,Critiquer les résultats,PROGAV-54-4,Utiliser les flux standards,0,0.5695225596
communiquer-3.2,Critiquer les résultats,PROGAV-61-1,Création de tests unitaires,0,0.5500878096
communiquer-3.2,Critiquer les résultats,PROGAV-61-2,Utiliser la notion de contrats simples et combinés,0,0.5327205658
communiquer-3.2,Critiquer les résultats,PROGAV-61-3,Créer des fixtures,0,0.5381443501
communiquer-3.2,Critiquer les résultats,PROGAV-61-4,Créer et utiliser les suites de tests,0,0.5319902301
communiquer-3.3,Proposer des perspectives,PROGAV-33-1,Implémenter un design pattern MVC,0,0.5485123992
communiquer-3.3,Proposer des perspectives,PROGAV-33-2,Utiliser la délégation d’événement,0,0.5492258668
communiquer-3.3,Proposer des perspectives,PROGAV-40-1,Sérialiser et désérialiser des objets,0,0.5510584116
communiquer-3.3,Proposer des perspectives,PROGAV-40-2,Prendre en compte la sensibilité des données,0,0.5499815345
communiquer-3.3,Proposer des perspectives,PROGAV-51-1,Choisir les types,0,0.5667954087
communiquer-3.3,Proposer des perspectives,PROGAV-51-2,Définir des types,0,0.5736160278
communiquer-3.3,Proposer des perspectives,PROGAV-51-3,Créer une classe,0,0.5626727939
communiquer-3.3,Proposer des perspectives,PROGAV-51-4,Gérer l’instanciation/destruction d’un objet,0,0.5280497074
communiquer-3.3,Proposer des perspectives,PROGAV-51-5,Gérer la visibilité des membres,0,0.5528962016
communiquer-3.3,Proposer des perspectives,PROGAV-51-6,Utiliser l’attribut this et les constructeurs this,0,0.5241645575
communiquer-3.3,Proposer des perspectives,PROGAV-51-7,Créer/Utiliser des membres d’instances/classes,0,0.5332901478
communiquer-3.3,Proposer des perspectives,PROGAV-51-8,Organiser le développement,0,0.5750391483
communiquer-3.3,Proposer des perspectives,PROGAV-51-9,Compiler du code java avec et sans bibliothèques,0,0.5083933473
communiquer-3.3,Proposer des perspectives,PROGAV-51-10,Exécuter du code java avec et sans bibliothèque,0,0.5154262781
communiquer-3.3,Proposer des perspectives,PROGAV-51-11,Créer et manipuler des types énumérés,0,0.5522145033
communiquer-3.3,Proposer des perspectives,PROGAV-51-12,Gestion de l’héritage,0,0.5493009090
communiquer-3.3,Proposer des perspectives,PROGAV-51-13,Choisir la composition ou l’héritage,0,0.5237032175
communiquer-3.3,Proposer des perspectives,PROGAV-51-14,Gérer le polymorphisme,0,0.5544767380
communiquer-3.3,Proposer des perspectives,PROGAV-51-15,Manipuler super en attribut et en constructeur,0,0.5466313958
communiquer-3.3,Proposer des perspectives,PROGAV-51-16,Utiliser des classes abstraites ou des interfaces,0,0.5484470129
communiquer-3.3,Proposer des perspectives,PROGAV-51-17,Créer des classes de données simple,0,0.5471552610
communiquer-3.3,Proposer des perspectives,PROGAV-51-18,Mettre en place une gestion/nomenclature d’erreur,0,0.5254141688
communiquer-3.3,Proposer des perspectives,PROGAV-51-19,Lancer/Propager/Attraper des exceptions,0,0.5528668165
communiquer-3.3,Proposer des perspectives,PROGAV-51-20,Expliciter les exceptions,0,0.5839023590
communiquer-3.3,Proposer des perspectives,PROGAV-51-21,Comprendre l’introspection,0,0.5669856071
communiquer-3.3,Proposer des perspectives,PROGAV-51-22,Utiliser l’introspection,0,0.5775133967
communiquer-3.3,Proposer des perspectives,PROGAV-51-23,Concevoir une interface graphique,0,0.5755286217
communiquer-3.3,Proposer des perspectives,PROGAV-52-1,Choisir le bon type de collection,0,0.5300000310
communiquer-3.3,Proposer des perspectives,PROGAV-53-1,Utiliser la Généricité,0,0.5487263203
communiquer-3.3,Proposer des perspectives,PROGAV-53-2,Créer des types génériques,0,0.5623782873
communiquer-3.3,Proposer des perspectives,PROGAV-53-3,Créer des méthodes génériques,0,0.5639200211
communiquer-3.3,Proposer des perspectives,PROGAV-53-4,Utiliser des lambdas expressions,0,0.5549696684
communiquer-3.3,Proposer des perspectives,PROGAV-53-5,Comprendre le fct des Stream de données,0,0.5267765522
communiquer-3.3,Proposer des perspectives,PROGAV-53-22,Créer des classes/interfaces incomplètes,0,0.5385572910
communiquer-3.3,Proposer des perspectives,PROGAV-54-3,Utiliser les IO,0,0.5467414856
communiquer-3.3,Proposer des perspectives,PROGAV-54-4,Utiliser les flux standards,0,0.5658974051
communiquer-3.3,Proposer des perspectives,PROGAV-61-1,Création de tests unitaires,0,0.5382059216
communiquer-3.3,Proposer des perspectives,PROGAV-61-2,Utiliser la notion de contrats simples et combinés,0,0.5404587388
communiquer-3.3,Proposer des perspectives,PROGAV-61-3,Créer des fixtures,0,0.5814486742
communiquer-3.3,Proposer des perspectives,PROGAV-61-4,Créer et utiliser les suites de tests,0,0.5226996541
communiquer-3.4,Représenter de manière humainement compréhensible (graphiquement) les résultats,PROGAV-33-1,Implémenter un design pattern MVC,0,0.5457225442
communiquer-3.4,Représenter de manière humainement compréhensible (graphiquement) les résultats,PROGAV-33-2,Utiliser la délégation d’événement,0,0.5435642004
communiquer-3.4,Représenter de manière humainement compréhensible (graphiquement) les résultats,PROGAV-40-1,Sérialiser et désérialiser des objets,0,0.5369196534
communiquer-3.4,Représenter de manière humainement compréhensible (graphiquement) les résultats,PROGAV-40-2,Prendre en compte la sensibilité des données,0,0.5451094508
communiquer-3.4,Représenter de manière humainement compréhensible (graphiquement) les résultats,PROGAV-51-1,Choisir les types,0,0.5463522673
communiquer-3.4,Représenter de manière humainement compréhensible (graphiquement) les résultats,PROGAV-51-2,Définir des types,0,0.5695763826
communiquer-3.4,Représenter de manière humainement compréhensible (graphiquement) les résultats,PROGAV-51-3,Créer une classe,0,0.5558521748
communiquer-3.4,Représenter de manière humainement compréhensible (graphiquement) les résultats,PROGAV-51-4,Gérer l’instanciation/destruction d’un objet,0,0.5146778822
communiquer-3.4,Représenter de manière humainement compréhensible (graphiquement) les résultats,PROGAV-51-5,Gérer la visibilité des membres,0,0.5441803932
communiquer-3.4,Représenter de manière humainement compréhensible (graphiquement) les résultats,PROGAV-51-6,Utiliser l’attribut this et les constructeurs this,0,0.5191689134
communiquer-3.4,Représenter de manière humainement compréhensible (graphiquement) les résultats,PROGAV-51-7,Créer/Utiliser des membres d’instances/classes,0,0.5259035230
communiquer-3.4,Représenter de manière humainement compréhensible (graphiquement) les résultats,PROGAV-51-8,Organiser le développement,0,0.5543131828
communiquer-3.4,Représenter de manière humainement compréhensible (graphiquement) les résultats,PROGAV-51-9,Compiler du code java avec et sans bibliothèques,0,0.4979797602
communiquer-3.4,Représenter de manière humainement compréhensible (graphiquement) les résultats,PROGAV-51-10,Exécuter du code java avec et sans bibliothèque,0,0.5040656328
communiquer-3.4,Représenter de manière humainement compréhensible (graphiquement) les résultats,PROGAV-51-11,Créer et manipuler des types énumérés,0,0.5468700528
communiquer-3.4,Représenter de manière humainement compréhensible (graphiquement) les résultats,PROGAV-51-12,Gestion de l’héritage,0,0.5416790247
communiquer-3.4,Représenter de manière humainement compréhensible (graphiquement) les résultats,PROGAV-51-13,Choisir la composition ou l’héritage,0,0.5152117610
communiquer-3.4,Représenter de manière humainement compréhensible (graphiquement) les résultats,PROGAV-51-14,Gérer le polymorphisme,0,0.5425236821
communiquer-3.4,Représenter de manière humainement compréhensible (graphiquement) les résultats,PROGAV-51-15,Manipuler super en attribut et en constructeur,0,0.5353593826
communiquer-3.4,Représenter de manière humainement compréhensible (graphiquement) les résultats,PROGAV-51-16,Utiliser des classes abstraites ou des interfaces,0,0.5358429551
communiquer-3.4,Représenter de manière humainement compréhensible (graphiquement) les résultats,PROGAV-51-17,Créer des classes de données simple,0,0.5452980399
communiquer-3.4,Représenter de manière humainement compréhensible (graphiquement) les résultats,PROGAV-51-18,Mettre en place une gestion/nomenclature d’erreur,0,0.5146075487
communiquer-3.4,Représenter de manière humainement compréhensible (graphiquement) les résultats,PROGAV-51-19,Lancer/Propager/Attraper des exceptions,0,0.5305018425
communiquer-3.4,Représenter de manière humainement compréhensible (graphiquement) les résultats,PROGAV-51-20,Expliciter les exceptions,0,0.5694673061
communiquer-3.4,Représenter de manière humainement compréhensible (graphiquement) les résultats,PROGAV-51-21,Comprendre l’introspection,0,0.5644052029
communiquer-3.4,Représenter de manière humainement compréhensible (graphiquement) les résultats,PROGAV-51-22,Utiliser l’introspection,0,0.5726212263
communiquer-3.4,Représenter de manière humainement compréhensible (graphiquement) les résultats,PROGAV-51-23,Concevoir une interface graphique,0,0.6101901531
communiquer-3.4,Représenter de manière humainement compréhensible (graphiquement) les résultats,PROGAV-52-1,Choisir le bon type de collection,0,0.5186801553
communiquer-3.4,Représenter de manière humainement compréhensible (graphiquement) les résultats,PROGAV-53-1,Utiliser la Généricité,0,0.5534967184
communiquer-3.4,Représenter de manière humainement compréhensible (graphiquement) les résultats,PROGAV-53-2,Créer des types génériques,0,0.5515967011
communiquer-3.4,Représenter de manière humainement compréhensible (graphiquement) les résultats,PROGAV-53-3,Créer des méthodes génériques,0,0.5641287565
communiquer-3.4,Représenter de manière humainement compréhensible (graphiquement) les résultats,PROGAV-53-4,Utiliser des lambdas expressions,0,0.5466077328
communiquer-3.4,Représenter de manière humainement compréhensible (graphiquement) les résultats,PROGAV-53-5,Comprendre le fct des Stream de données,0,0.5394764543
communiquer-3.4,Représenter de manière humainement compréhensible (graphiquement) les résultats,PROGAV-53-22,Créer des classes/interfaces incomplètes,0,0.5282249451
communiquer-3.4,Représenter de manière humainement compréhensible (graphiquement) les résultats,PROGAV-54-3,Utiliser les IO,0,0.5546579361
communiquer-3.4,Représenter de manière humainement compréhensible (graphiquement) les résultats,PROGAV-54-4,Utiliser les flux standards,0,0.5664861202
communiquer-3.4,Représenter de manière humainement compréhensible (graphiquement) les résultats,PROGAV-61-1,Création de tests unitaires,0,0.5542913675
communiquer-3.4,Représenter de manière humainement compréhensible (graphiquement) les résultats,PROGAV-61-2,Utiliser la notion de contrats simples et combinés,0,0.5371459126
communiquer-3.4,Représenter de manière humainement compréhensible (graphiquement) les résultats,PROGAV-61-3,Créer des fixtures,0,0.5565392971
communiquer-3.4,Représenter de manière humainement compréhensible (graphiquement) les résultats,PROGAV-61-4,Créer et utiliser les suites de tests,0,0.5483969450
communiquer-4.1,Résumer une méthode de l’état de l’art,PROGAV-33-1,Implémenter un design pattern MVC,0,0.5396110415
communiquer-4.1,Résumer une méthode de l’état de l’art,PROGAV-33-2,Utiliser la délégation d’événement,0,0.5354248285
communiquer-4.1,Résumer une méthode de l’état de l’art,PROGAV-40-1,Sérialiser et désérialiser des objets,0,0.5349577665
communiquer-4.1,Résumer une méthode de l’état de l’art,PROGAV-40-2,Prendre en compte la sensibilité des données,0,0.5265977979
communiquer-4.1,Résumer une méthode de l’état de l’art,PROGAV-51-1,Choisir les types,0,0.5383119583
communiquer-4.1,Résumer une méthode de l’état de l’art,PROGAV-51-2,Définir des types,0,0.5542678833
communiquer-4.1,Résumer une méthode de l’état de l’art,PROGAV-51-3,Créer une classe,0,0.5446350574
communiquer-4.1,Résumer une méthode de l’état de l’art,PROGAV-51-4,Gérer l’instanciation/destruction d’un objet,0,0.5161697865
communiquer-4.1,Résumer une méthode de l’état de l’art,PROGAV-51-5,Gérer la visibilité des membres,0,0.5290133953
communiquer-4.1,Résumer une méthode de l’état de l’art,PROGAV-51-6,Utiliser l’attribut this et les constructeurs this,0,0.5167420506
communiquer-4.1,Résumer une méthode de l’état de l’art,PROGAV-51-7,Créer/Utiliser des membres d’instances/classes,0,0.5111082792
communiquer-4.1,Résumer une méthode de l’état de l’art,PROGAV-51-8,Organiser le développement,0,0.5566742420
communiquer-4.1,Résumer une méthode de l’état de l’art,PROGAV-51-9,Compiler du code java avec et sans bibliothèques,0,0.4907435179
communiquer-4.1,Résumer une méthode de l’état de l’art,PROGAV-51-10,Exécuter du code java avec et sans bibliothèque,0,0.4985486567
communiquer-4.1,Résumer une méthode de l’état de l’art,PROGAV-51-11,Créer et manipuler des types énumérés,0,0.5368722677
communiquer-4.1,Résumer une méthode de l’état de l’art,PROGAV-51-12,Gestion de l’héritage,0,0.5511324406
communiquer-4.1,Résumer une méthode de l’état de l’art,PROGAV-51-13,Choisir la composition ou l’héritage,0,0.5236989260
communiquer-4.1,Résumer une méthode de l’état de l’art,PROGAV-51-14,Gérer le polymorphisme,0,0.5497288108
communiquer-4.1,Résumer une méthode de l’état de l’art,PROGAV-51-15,Manipuler super en attribut et en constructeur,0,0.5365326405
communiquer-4.1,Résumer une méthode de l’état de l’art,PROGAV-51-16,Utiliser des classes abstraites ou des interfaces,0,0.5251728892
communiquer-4.1,Résumer une méthode de l’état de l’art,PROGAV-51-17,Créer des classes de données simple,0,0.5203226805
communiquer-4.1,Résumer une méthode de l’état de l’art,PROGAV-51-18,Mettre en place une gestion/nomenclature d’erreur,0,0.5156146288
communiquer-4.1,Résumer une méthode de l’état de l’art,PROGAV-51-19,Lancer/Propager/Attraper des exceptions,0,0.5258928537
communiquer-4.1,Résumer une méthode de l’état de l’art,PROGAV-51-20,Expliciter les exceptions,0,0.5585530400
communiquer-4.1,Résumer une méthode de l’état de l’art,PROGAV-51-21,Comprendre l’introspection,0,0.5631115437
communiquer-4.1,Résumer une méthode de l’état de l’art,PROGAV-51-22,Utiliser l’introspection,0,0.5711308718
communiquer-4.1,Résumer une méthode de l’état de l’art,PROGAV-51-23,Concevoir une interface graphique,0,0.5445743799
communiquer-4.1,Résumer une méthode de l’état de l’art,PROGAV-52-1,Choisir le bon type de collection,0,0.5150724053
communiquer-4.1,Résumer une méthode de l’état de l’art,PROGAV-53-1,Utiliser la Généricité,0,0.5528572798
communiquer-4.1,Résumer une méthode de l’état de l’art,PROGAV-53-2,Créer des types génériques,0,0.5369582176
communiquer-4.1,Résumer une méthode de l’état de l’art,PROGAV-53-3,Créer des méthodes génériques,0,0.5749489069
communiquer-4.1,Résumer une méthode de l’état de l’art,PROGAV-53-4,Utiliser des lambdas expressions,0,0.5304211378
communiquer-4.1,Résumer une méthode de l’état de l’art,PROGAV-53-5,Comprendre le fct des Stream de données,0,0.5167375803
communiquer-4.1,Résumer une méthode de l’état de l’art,PROGAV-53-22,Créer des classes/interfaces incomplètes,0,0.5164585114
communiquer-4.1,Résumer une méthode de l’état de l’art,PROGAV-54-3,Utiliser les IO,0,0.5430361629
communiquer-4.1,Résumer une méthode de l’état de l’art,PROGAV-54-4,Utiliser les flux standards,0,0.5482405424
communiquer-4.1,Résumer une méthode de l’état de l’art,PROGAV-61-1,Création de tests unitaires,0,0.5359241962
communiquer-4.1,Résumer une méthode de l’état de l’art,PROGAV-61-2,Utiliser la notion de contrats simples et combinés,0,0.5295491815
communiquer-4.1,Résumer une méthode de l’état de l’art,PROGAV-61-3,Créer des fixtures,0,0.5402221084
communiquer-4.1,Résumer une méthode de l’état de l’art,PROGAV-61-4,Créer et utiliser les suites de tests,0,0.5101494789
communiquer-4.2,Adapter son discours au public,PROGAV-33-1,Implémenter un design pattern MVC,0,0.5469623804
communiquer-4.2,Adapter son discours au public,PROGAV-33-2,Utiliser la délégation d’événement,0,0.5569708347
communiquer-4.2,Adapter son discours au public,PROGAV-40-1,Sérialiser et désérialiser des objets,0,0.5409432650
communiquer-4.2,Adapter son discours au public,PROGAV-40-2,Prendre en compte la sensibilité des données,0,0.5362789631
communiquer-4.2,Adapter son discours au public,PROGAV-51-1,Choisir les types,0,0.5445855856
communiquer-4.2,Adapter son discours au public,PROGAV-51-2,Définir des types,0,0.5522156954
communiquer-4.2,Adapter son discours au public,PROGAV-51-3,Créer une classe,0,0.5426253080
communiquer-4.2,Adapter son discours au public,PROGAV-51-4,Gérer l’instanciation/destruction d’un objet,0,0.5227648020
communiquer-4.2,Adapter son discours au public,PROGAV-51-5,Gérer la visibilité des membres,0,0.5608664751
communiquer-4.2,Adapter son discours au public,PROGAV-51-6,Utiliser l’attribut this et les constructeurs this,0,0.5179584026
communiquer-4.2,Adapter son discours au public,PROGAV-51-7,Créer/Utiliser des membres d’instances/classes,0,0.5160068274
communiquer-4.2,Adapter son discours au public,PROGAV-51-8,Organiser le développement,0,0.5685985684
communiquer-4.2,Adapter son discours au public,PROGAV-51-9,Compiler du code java avec et sans bibliothèques,0,0.4969115257
communiquer-4.2,Adapter son discours au public,PROGAV-51-10,Exécuter du code java avec et sans bibliothèque,0,0.5057018995
communiquer-4.2,Adapter son discours au public,PROGAV-51-11,Créer et manipuler des types énumérés,0,0.5412048101
communiquer-4.2,Adapter son discours au public,PROGAV-51-12,Gestion de l’héritage,0,0.5427721739
communiquer-4.2,Adapter son discours au public,PROGAV-51-13,Choisir la composition ou l’héritage,0,0.5146566629
communiquer-4.2,Adapter son discours au public,PROGAV-51-14,Gérer le polymorphisme,0,0.5608896017
communiquer-4.2,Adapter son discours au public,PROGAV-51-15,Manipuler super en attribut et en constructeur,0,0.5494732857
communiquer-4.2,Adapter son discours au public,PROGAV-51-16,Utiliser des classes abstraites ou des interfaces,0,0.5362513065
communiquer-4.2,Adapter son discours au public,PROGAV-51-17,Créer des classes de données simple,0,0.5264108777
communiquer-4.2,Adapter son discours au public,PROGAV-51-18,Mettre en place une gestion/nomenclature d’erreur,0,0.5189161301
communiquer-4.2,Adapter son discours au public,PROGAV-51-19,Lancer/Propager/Attraper des exceptions,0,0.5489452481
communiquer-4.2,Adapter son discours au public,PROGAV-51-20,Expliciter les exceptions,0,0.5649170876
communiquer-4.2,Adapter son discours au public,PROGAV-51-21,Comprendre l’introspection,0,0.5484668016
communiquer-4.2,Adapter son discours au public,PROGAV-51-22,Utiliser l’introspection,0,0.5685409307
communiquer-4.2,Adapter son discours au public,PROGAV-51-23,Concevoir une interface graphique,0,0.5472580791
communiquer-4.2,Adapter son discours au public,PROGAV-52-1,Choisir le bon type de collection,0,0.5212651491
communiquer-4.2,Adapter son discours au public,PROGAV-53-1,Utiliser la Généricité,0,0.5499266386
communiquer-4.2,Adapter son discours au public,PROGAV-53-2,Créer des types génériques,0,0.5379560590
communiquer-4.2,Adapter son discours au public,PROGAV-53-3,Créer des méthodes génériques,0,0.5519234538
communiquer-4.2,Adapter son discours au public,PROGAV-53-4,Utiliser des lambdas expressions,0,0.5485994816
communiquer-4.2,Adapter son discours au public,PROGAV-53-5,Comprendre le fct des Stream de données,0,0.5173054934
communiquer-4.2,Adapter son discours au public,PROGAV-53-22,Créer des classes/interfaces incomplètes,0,0.5204173923
communiquer-4.2,Adapter son discours au public,PROGAV-54-3,Utiliser les IO,0,0.5483942032
communiquer-4.2,Adapter son discours au public,PROGAV-54-4,Utiliser les flux standards,0,0.5616911650
communiquer-4.2,Adapter son discours au public,PROGAV-61-1,Création de tests unitaires,0,0.5206604600
communiquer-4.2,Adapter son discours au public,PROGAV-61-2,Utiliser la notion de contrats simples et combinés,0,0.5304446220
communiquer-4.2,Adapter son discours au public,PROGAV-61-3,Créer des fixtures,0,0.5410157442
communiquer-4.2,Adapter son discours au public,PROGAV-61-4,Créer et utiliser les suites de tests,0,0.5077527761
communiquer-4.3,Organiser la parole au sein d’un groupe,PROGAV-33-1,Implémenter un design pattern MVC,0,0.5311591029
communiquer-4.3,Organiser la parole au sein d’un groupe,PROGAV-33-2,Utiliser la délégation d’événement,0,0.5589047670
communiquer-4.3,Organiser la parole au sein d’un groupe,PROGAV-40-1,Sérialiser et désérialiser des objets,0,0.5353060961
communiquer-4.3,Organiser la parole au sein d’un groupe,PROGAV-40-2,Prendre en compte la sensibilité des données,0,0.5268773437
communiquer-4.3,Organiser la parole au sein d’un groupe,PROGAV-51-1,Choisir les types,0,0.5427820683
communiquer-4.3,Organiser la parole au sein d’un groupe,PROGAV-51-2,Définir des types,0,0.5586864948
communiquer-4.3,Organiser la parole au sein d’un groupe,PROGAV-51-3,Créer une classe,0,0.5577759743
communiquer-4.3,Organiser la parole au sein d’un groupe,PROGAV-51-4,Gérer l’instanciation/destruction d’un objet,0,0.5235177279
communiquer-4.3,Organiser la parole au sein d’un groupe,PROGAV-51-5,Gérer la visibilité des membres,0,0.5668177605
communiquer-4.3,Organiser la parole au sein d’un groupe,PROGAV-51-6,Utiliser l’attribut this et les constructeurs this,0,0.5191545486
communiquer-4.3,Organiser la parole au sein d’un groupe,PROGAV-51-7,Créer/Utiliser des membres d’instances/classes,0,0.5344027281
communiquer-4.3,Organiser la parole au sein d’un groupe,PROGAV-51-8,Organiser le développement,0,0.6112943292
communiquer-4.3,Organiser la parole au sein d’un groupe,PROGAV-51-9,Compiler du code java avec et sans bibliothèques,0,0.4903765917
communiquer-4.3,Organiser la parole au sein d’un groupe,PROGAV-51-10,Exécuter du code java avec et sans bibliothèque,0,0.4980088770
communiquer-4.3,Organiser la parole au sein d’un groupe,PROGAV-51-11,Créer et manipuler des types énumérés,0,0.5376834869
communiquer-4.3,Organiser la parole au sein d’un groupe,PROGAV-51-12,Gestion de l’héritage,0,0.5468119383
communiquer-4.3,Organiser la parole au sein d’un groupe,PROGAV-51-13,Choisir la composition ou l’héritage,0,0.5125498176
communiquer-4.3,Organiser la parole au sein d’un groupe,PROGAV-51-14,Gérer le polymorphisme,0,0.5574938059
communiquer-4.3,Organiser la parole au sein d’un groupe,PROGAV-51-15,Manipuler super en attribut et en constructeur,0,0.5359341502
communiquer-4.3,Organiser la parole au sein d’un groupe,PROGAV-51-16,Utiliser des classes abstraites ou des interfaces,0,0.5336597562
communiquer-4.3,Organiser la parole au sein d’un groupe,PROGAV-51-17,Créer des classes de données simple,0,0.5257881880
communiquer-4.3,Organiser la parole au sein d’un groupe,PROGAV-51-18,Mettre en place une gestion/nomenclature d’erreur,0,0.5277823210
communiquer-4.3,Organiser la parole au sein d’un groupe,PROGAV-51-19,Lancer/Propager/Attraper des exceptions,0,0.5356257558
communiquer-4.3,Organiser la parole au sein d’un groupe,PROGAV-51-20,Expliciter les exceptions,0,0.5603307486
communiquer-4.3,Organiser la parole au sein d’un groupe,PROGAV-51-21,Comprendre l’introspection,0,0.5491115451
communiquer-4.3,Organiser la parole au sein d’un groupe,PROGAV-51-22,Utiliser l’introspection,0,0.5645240545
communiquer-4.3,Organiser la parole au sein d’un groupe,PROGAV-51-23,Concevoir une interface graphique,0,0.5439017415
communiquer-4.3,Organiser la parole au sein d’un groupe,PROGAV-52-1,Choisir le bon type de collection,0,0.5206701159
communiquer-4.3,Organiser la parole au sein d’un groupe,PROGAV-53-1,Utiliser la Généricité,0,0.5420934558
communiquer-4.3,Organiser la parole au sein d’un groupe,PROGAV-53-2,Créer des types génériques,0,0.5390266180
communiquer-4.3,Organiser la parole au sein d’un groupe,PROGAV-53-3,Créer des méthodes génériques,0,0.5546075106
communiquer-4.3,Organiser la parole au sein d’un groupe,PROGAV-53-4,Utiliser des lambdas expressions,0,0.5433067083
communiquer-4.3,Organiser la parole au sein d’un groupe,PROGAV-53-5,Comprendre le fct des Stream de données,0,0.5142489672
communiquer-4.3,Organiser la parole au sein d’un groupe,PROGAV-53-22,Créer des classes/interfaces incomplètes,0,0.5179816484
communiquer-4.3,Organiser la parole au sein d’un groupe,PROGAV-54-3,Utiliser les IO,0,0.5428619981
communiquer-4.3,Organiser la parole au sein d’un groupe,PROGAV-54-4,Utiliser les flux standards,0,0.5527290106
communiquer-4.3,Organiser la parole au sein d’un groupe,PROGAV-61-1,Création de tests unitaires,0,0.5244436264
communiquer-4.3,Organiser la parole au sein d’un groupe,PROGAV-61-2,Utiliser la notion de contrats simples et combinés,0,0.5268644094
communiquer-4.3,Organiser la parole au sein d’un groupe,PROGAV-61-3,Créer des fixtures,0,0.5507208109
communiquer-4.3,Organiser la parole au sein d’un groupe,PROGAV-61-4,Créer et utiliser les suites de tests,0,0.5108744502
communiquer-4.4,Convaincre son interlocuteur,PROGAV-33-1,Implémenter un design pattern MVC,0,0.5394138098
communiquer-4.4,Convaincre son interlocuteur,PROGAV-33-2,Utiliser la délégation d’événement,0,0.5618582964
communiquer-4.4,Convaincre son interlocuteur,PROGAV-40-1,Sérialiser et désérialiser des objets,0,0.5423281193
communiquer-4.4,Convaincre son interlocuteur,PROGAV-40-2,Prendre en compte la sensibilité des données,0,0.5450512767
communiquer-4.4,Convaincre son interlocuteur,PROGAV-51-1,Choisir les types,0,0.5514986515
communiquer-4.4,Convaincre son interlocuteur,PROGAV-51-2,Définir des types,0,0.5546635389
communiquer-4.4,Convaincre son interlocuteur,PROGAV-51-3,Créer une classe,0,0.5485368967
communiquer-4.4,Convaincre son interlocuteur,PROGAV-51-4,Gérer l’instanciation/destruction d’un objet,0,0.5225759745
communiquer-4.4,Convaincre son interlocuteur,PROGAV-51-5,Gérer la visibilité des membres,0,0.5384351611
communiquer-4.4,Convaincre son interlocuteur,PROGAV-51-6,Utiliser l’attribut this et les constructeurs this,0,0.5220775604
communiquer-4.4,Convaincre son interlocuteur,PROGAV-51-7,Créer/Utiliser des membres d’instances/classes,0,0.5199362040
communiquer-4.4,Convaincre son interlocuteur,PROGAV-51-8,Organiser le développement,0,0.5575553179
communiquer-4.4,Convaincre son interlocuteur,PROGAV-51-9,Compiler du code java avec et sans bibliothèques,0,0.4985074699
communiquer-4.4,Convaincre son interlocuteur,PROGAV-51-10,Exécuter du code java avec et sans bibliothèque,0,0.5076383352
communiquer-4.4,Convaincre son interlocuteur,PROGAV-51-11,Créer et manipuler des types énumérés,0,0.5392619371
communiquer-4.4,Convaincre son interlocuteur,PROGAV-51-12,Gestion de l’héritage,0,0.5386435986
communiquer-4.4,Convaincre son interlocuteur,PROGAV-51-13,Choisir la composition ou l’héritage,0,0.5189113617
communiquer-4.4,Convaincre son interlocuteur,PROGAV-51-14,Gérer le polymorphisme,0,0.5504049063
communiquer-4.4,Convaincre son interlocuteur,PROGAV-51-15,Manipuler super en attribut et en constructeur,0,0.5445674658
communiquer-4.4,Convaincre son interlocuteur,PROGAV-51-16,Utiliser des classes abstraites ou des interfaces,0,0.5388847589
communiquer-4.4,Convaincre son interlocuteur,PROGAV-51-17,Créer des classes de données simple,0,0.5281302929
communiquer-4.4,Convaincre son interlocuteur,PROGAV-51-18,Mettre en place une gestion/nomenclature d’erreur,0,0.5188208818
communiquer-4.4,Convaincre son interlocuteur,PROGAV-51-19,Lancer/Propager/Attraper des exceptions,0,0.5451674461
communiquer-4.4,Convaincre son interlocuteur,PROGAV-51-20,Expliciter les exceptions,0,0.5732485652
communiquer-4.4,Convaincre son interlocuteur,PROGAV-51-21,Comprendre l’introspection,0,0.5599358678
communiquer-4.4,Convaincre son interlocuteur,PROGAV-51-22,Utiliser l’introspection,0,0.5757089853
communiquer-4.4,Convaincre son interlocuteur,PROGAV-51-23,Concevoir une interface graphique,0,0.5547286868
communiquer-4.4,Convaincre son interlocuteur,PROGAV-52-1,Choisir le bon type de collection,0,0.5263530016
communiquer-4.4,Convaincre son interlocuteur,PROGAV-53-1,Utiliser la Généricité,0,0.5504131913
communiquer-4.4,Convaincre son interlocuteur,PROGAV-53-2,Créer des types génériques,0,0.5387408733
communiquer-4.4,Convaincre son interlocuteur,PROGAV-53-3,Créer des méthodes génériques,0,0.5482257009
communiquer-4.4,Convaincre son interlocuteur,PROGAV-53-4,Utiliser des lambdas expressions,0,0.5422041416
communiquer-4.4,Convaincre son interlocuteur,PROGAV-53-5,Comprendre le fct des Stream de données,0,0.5201306343
communiquer-4.4,Convaincre son interlocuteur,PROGAV-53-22,Créer des classes/interfaces incomplètes,0,0.5270866752
communiquer-4.4,Convaincre son interlocuteur,PROGAV-54-3,Utiliser les IO,0,0.5500655174
communiquer-4.4,Convaincre son interlocuteur,PROGAV-54-4,Utiliser les flux standards,0,0.5569065809
communiquer-4.4,Convaincre son interlocuteur,PROGAV-61-1,Création de tests unitaires,0,0.5249680877
communiquer-4.4,Convaincre son interlocuteur,PROGAV-61-2,Utiliser la notion de contrats simples et combinés,0,0.5378127098
communiquer-4.4,Convaincre son interlocuteur,PROGAV-61-3,Créer des fixtures,0,0.5451849103
communiquer-4.4,Convaincre son interlocuteur,PROGAV-61-4,Créer et utiliser les suites de tests,0,0.5124760270
