AC-ID,AC-TITLE,AAD-ID,AAD-TITLE,LABEL,MEAN-MAXSIM
specifier-1.1,Décrire les types de données en entrée et sortie de chaque composant,PYTHON-PRG-01,"Choisir et utiliser les types de bases (bool, int, float, complex, list, etc.)",0,0.5235666037
specifier-1.1,Décrire les types de données en entrée et sortie de chaque composant,PYTHON-PRG-02,"Utiliser les structures de contrôle (if, for, while, etc.)",0,0.5450004339
specifier-1.1,Décrire les types de données en entrée et sortie de chaque composant,PYTHON-PRG-03,"Définir une fonction (arité variable, valeurs par défaut, obligation des paramètres positionnels ou nommés, etc.)",0,0.5384187698
specifier-1.1,Décrire les types de données en entrée et sortie de chaque composant,PYTHON-PRG-04,"Appeler une fonction (passage de paramètre posiitonnel ou nommé, tuple ou dictionnaire en paramètres effectifs, etc.)",0,0.5194792151
specifier-1.1,Décrire les types de données en entrée et sortie de chaque composant,PYTHON-PRG-05,"Créer des packages, modules et script",0,0.5174893141
specifier-1.1,Décrire les types de données en entrée et sortie de chaque composant,PYTHON-PRG-06,"Importer des modules, éléments de modules en les renommant si nécessaire",0,0.5310131311
specifier-1.1,Décrire les types de données en entrée et sortie de chaque composant,PYTHON-PRG-07,Comprendre l'affectation,0,0.5082431436
specifier-1.1,Décrire les types de données en entrée et sortie de chaque composant,PYTHON-PRG-08,Utiliser les fonctions lambda,0,0.5218743086
specifier-1.1,Décrire les types de données en entrée et sortie de chaque composant,PYTHON-PRG-09,"Utiliser les fonctions map, filter et comprehension de séquences",0,0.5341669321
specifier-1.1,Décrire les types de données en entrée et sortie de chaque composant,PYTHON-PRG-10,Utiliser l'instruction yield,0,0.5202838182
specifier-1.1,Décrire les types de données en entrée et sortie de chaque composant,PYTHON-POO-01,"Définir une classe (attributs, méthodes, initialiseur, etc.)",0,0.5395477414
specifier-1.1,Décrire les types de données en entrée et sortie de chaque composant,PYTHON-POO-02,Utiliser les propriétés,0,0.5480139852
specifier-1.1,Décrire les types de données en entrée et sortie de chaque composant,PYTHON-POO-03,Définir les méthodes spéciales,0,0.5428785086
specifier-1.1,Décrire les types de données en entrée et sortie de chaque composant,PYTHON-POO-04,Définir et utiliser les méthodes statiques et de classes,0,0.5233570337
specifier-1.1,Décrire les types de données en entrée et sortie de chaque composant,PYTHON-POO-05,Définir et utiliser des énumérations,0,0.5315737128
specifier-1.1,Décrire les types de données en entrée et sortie de chaque composant,PYTHON-POO-06,Définir et utiliser des dataclasses,0,0.5520700216
specifier-1.1,Décrire les types de données en entrée et sortie de chaque composant,PYTHON-POO-07,Définir et utiliser des classes abstraites et des protocoles,0,0.5369217396
specifier-1.1,Décrire les types de données en entrée et sortie de chaque composant,PYTHON-POO-08,Définir et utiliser des exceptions,0,0.5392838717
specifier-1.1,Décrire les types de données en entrée et sortie de chaque composant,PYTHON-POO-09,Définir et utiliser des gestionnaires de contexte,0,0.5320980549
specifier-1.1,Décrire les types de données en entrée et sortie de chaque composant,PYTHON-POO-10,Utiliser des flux,0,0.5545717478
specifier-1.1,Décrire les types de données en entrée et sortie de chaque composant,PYTHON-DEV-01,Dissocier Python du Système d'exploitation (pyenv),0,0.4920740128
specifier-1.1,Décrire les types de données en entrée et sortie de chaque composant,PYTHON-DEV-02,Gérer les dépendances,0,0.5335290432
specifier-1.1,Décrire les types de données en entrée et sortie de chaque composant,PYTHON-DEV-03,Céer et utiliser les tests unitaires,0,0.5169631243
specifier-1.1,Décrire les types de données en entrée et sortie de chaque composant,PYTHON-DEV-04,Utiliser les logs,0,0.5286201239
specifier-1.1,Décrire les types de données en entrée et sortie de chaque composant,PYTHON-DEV-05,Utiliser le annotations,0,0.5385746360
specifier-1.1,Décrire les types de données en entrée et sortie de chaque composant,PYTHON-DEV-06,Réaliser une audit statique de code,0,0.5134655237
specifier-1.1,Décrire les types de données en entrée et sortie de chaque composant,PYTHON-ARC-01,Créer des décorateurs,0,0.5184894800
specifier-1.1,Décrire les types de données en entrée et sortie de chaque composant,PYTHON-ARC-02,Créer et utiliser des métaclasses,0,0.5376701951
specifier-1.1,Décrire les types de données en entrée et sortie de chaque composant,PYTHON-ARC-03,Controler l'accès aux attributs,0,0.5441794991
specifier-1.1,Décrire les types de données en entrée et sortie de chaque composant,PYTHON-ARC-04,Créer et utiliser des coroutines,0,0.5192383528
specifier-1.2,Décomposer et organiser un processus,PYTHON-PRG-01,"Choisir et utiliser les types de bases (bool, int, float, complex, list, etc.)",0,0.5133563280
specifier-1.2,Décomposer et organiser un processus,PYTHON-PRG-02,"Utiliser les structures de contrôle (if, for, while, etc.)",0,0.5546351075
specifier-1.2,Décomposer et organiser un processus,PYTHON-PRG-03,"Définir une fonction (arité variable, valeurs par défaut, obligation des paramètres positionnels ou nommés, etc.)",0,0.5418467522
specifier-1.2,Décomposer et organiser un processus,PYTHON-PRG-04,"Appeler une fonction (passage de paramètre posiitonnel ou nommé, tuple ou dictionnaire en paramètres effectifs, etc.)",0,0.5305158496
specifier-1.2,Décomposer et organiser un processus,PYTHON-PRG-05,"Créer des packages, modules et script",0,0.5393961668
specifier-1.2,Décomposer et organiser un processus,PYTHON-PRG-06,"Importer des modules, éléments de modules en les renommant si nécessaire",0,0.5416159630
specifier-1.2,Décomposer et organiser un processus,PYTHON-PRG-07,Comprendre l'affectation,0,0.5360508561
specifier-1.2,Décomposer et organiser un processus,PYTHON-PRG-08,Utiliser les fonctions lambda,0,0.5456503630
specifier-1.2,Décomposer et organiser un processus,PYTHON-PRG-09,"Utiliser les fonctions map, filter et comprehension de séquences",0,0.5584651232
specifier-1.2,Décomposer et organiser un processus,PYTHON-PRG-10,Utiliser l'instruction yield,0,0.5482842922
specifier-1.2,Décomposer et organiser un processus,PYTHON-POO-01,"Définir une classe (attributs, méthodes, initialiseur, etc.)",0,0.5508463383
specifier-1.2,Décomposer et organiser un processus,PYTHON-POO-02,Utiliser les propriétés,0,0.5727791190
specifier-1.2,Décomposer et organiser un processus,PYTHON-POO-03,Définir les méthodes spéciales,0,0.5760647655
specifier-1.2,Décomposer et organiser un processus,PYTHON-POO-04,Définir et utiliser les méthodes statiques et de classes,0,0.5543991923
specifier-1.2,Décomposer et organiser un processus,PYTHON-POO-05,Définir et utiliser des énumérations,0,0.5533270836
specifier-1.2,Décomposer et organiser un processus,PYTHON-POO-06,Définir et utiliser des dataclasses,0,0.5399914980
specifier-1.2,Décomposer et organiser un processus,PYTHON-POO-07,Définir et utiliser des classes abstraites et des protocoles,0,0.5517995954
specifier-1.2,Décomposer et organiser un processus,PYTHON-POO-08,Définir et utiliser des exceptions,0,0.5661481619
specifier-1.2,Décomposer et organiser un processus,PYTHON-POO-09,Définir et utiliser des gestionnaires de contexte,0,0.5583148599
specifier-1.2,Décomposer et organiser un processus,PYTHON-POO-10,Utiliser des flux,0,0.5750767589
specifier-1.2,Décomposer et organiser un processus,PYTHON-DEV-01,Dissocier Python du Système d'exploitation (pyenv),0,0.5130257010
specifier-1.2,Décomposer et organiser un processus,PYTHON-DEV-02,Gérer les dépendances,0,0.5740867257
specifier-1.2,Décomposer et organiser un processus,PYTHON-DEV-03,Céer et utiliser les tests unitaires,0,0.5303750038
specifier-1.2,Décomposer et organiser un processus,PYTHON-DEV-04,Utiliser les logs,0,0.5542543530
specifier-1.2,Décomposer et organiser un processus,PYTHON-DEV-05,Utiliser le annotations,0,0.5627235174
specifier-1.2,Décomposer et organiser un processus,PYTHON-DEV-06,Réaliser une audit statique de code,0,0.5393099189
specifier-1.2,Décomposer et organiser un processus,PYTHON-ARC-01,Créer des décorateurs,0,0.5419808626
specifier-1.2,Décomposer et organiser un processus,PYTHON-ARC-02,Créer et utiliser des métaclasses,0,0.5603107214
specifier-1.2,Décomposer et organiser un processus,PYTHON-ARC-03,Controler l'accès aux attributs,0,0.5477164388
specifier-1.2,Décomposer et organiser un processus,PYTHON-ARC-04,Créer et utiliser des coroutines,0,0.5492613912
specifier-1.3,Utiliser un langage formel,PYTHON-PRG-01,"Choisir et utiliser les types de bases (bool, int, float, complex, list, etc.)",0,0.5493156314
specifier-1.3,Utiliser un langage formel,PYTHON-PRG-02,"Utiliser les structures de contrôle (if, for, while, etc.)",0,0.5952541828
specifier-1.3,Utiliser un langage formel,PYTHON-PRG-03,"Définir une fonction (arité variable, valeurs par défaut, obligation des paramètres positionnels ou nommés, etc.)",0,0.5413182378
specifier-1.3,Utiliser un langage formel,PYTHON-PRG-04,"Appeler une fonction (passage de paramètre posiitonnel ou nommé, tuple ou dictionnaire en paramètres effectifs, etc.)",0,0.5557508469
specifier-1.3,Utiliser un langage formel,PYTHON-PRG-05,"Créer des packages, modules et script",0,0.5384079814
specifier-1.3,Utiliser un langage formel,PYTHON-PRG-06,"Importer des modules, éléments de modules en les renommant si nécessaire",0,0.5570322275
specifier-1.3,Utiliser un langage formel,PYTHON-PRG-07,Comprendre l'affectation,0,0.5255892277
specifier-1.3,Utiliser un langage formel,PYTHON-PRG-08,Utiliser les fonctions lambda,0,0.5982959270
specifier-1.3,Utiliser un langage formel,PYTHON-PRG-09,"Utiliser les fonctions map, filter et comprehension de séquences",0,0.5790116191
specifier-1.3,Utiliser un langage formel,PYTHON-PRG-10,Utiliser l'instruction yield,0,0.5935357809
specifier-1.3,Utiliser un langage formel,PYTHON-POO-01,"Définir une classe (attributs, méthodes, initialiseur, etc.)",0,0.5617459416
specifier-1.3,Utiliser un langage formel,PYTHON-POO-02,Utiliser les propriétés,0,0.6228112578
specifier-1.3,Utiliser un langage formel,PYTHON-POO-03,Définir les méthodes spéciales,0,0.5780527592
specifier-1.3,Utiliser un langage formel,PYTHON-POO-04,Définir et utiliser les méthodes statiques et de classes,0,0.5750947595
specifier-1.3,Utiliser un langage formel,PYTHON-POO-05,Définir et utiliser des énumérations,0,0.5929412246
specifier-1.3,Utiliser un langage formel,PYTHON-POO-06,Définir et utiliser des dataclasses,0,0.5754494667
specifier-1.3,Utiliser un langage formel,PYTHON-POO-07,Définir et utiliser des classes abstraites et des protocoles,0,0.5795697570
specifier-1.3,Utiliser un langage formel,PYTHON-POO-08,Définir et utiliser des exceptions,0,0.6026653051
specifier-1.3,Utiliser un langage formel,PYTHON-POO-09,Définir et utiliser des gestionnaires de contexte,0,0.5781293511
specifier-1.3,Utiliser un langage formel,PYTHON-POO-10,Utiliser des flux,0,0.6212883592
specifier-1.3,Utiliser un langage formel,PYTHON-DEV-01,Dissocier Python du Système d'exploitation (pyenv),0,0.5173419118
specifier-1.3,Utiliser un langage formel,PYTHON-DEV-02,Gérer les dépendances,0,0.5590866804
specifier-1.3,Utiliser un langage formel,PYTHON-DEV-03,Céer et utiliser les tests unitaires,0,0.5601170063
specifier-1.3,Utiliser un langage formel,PYTHON-DEV-04,Utiliser les logs,0,0.6129718423
specifier-1.3,Utiliser un langage formel,PYTHON-DEV-05,Utiliser le annotations,0,0.6247703433
specifier-1.3,Utiliser un langage formel,PYTHON-DEV-06,Réaliser une audit statique de code,0,0.5471986532
specifier-1.3,Utiliser un langage formel,PYTHON-ARC-01,Créer des décorateurs,0,0.5396721363
specifier-1.3,Utiliser un langage formel,PYTHON-ARC-02,Créer et utiliser des métaclasses,0,0.5953732729
specifier-1.3,Utiliser un langage formel,PYTHON-ARC-03,Controler l'accès aux attributs,0,0.5550634861
specifier-1.3,Utiliser un langage formel,PYTHON-ARC-04,Créer et utiliser des coroutines,0,0.5732275248
specifier-2.1,Analyser la demande,PYTHON-PRG-01,"Choisir et utiliser les types de bases (bool, int, float, complex, list, etc.)",0,0.5107965469
specifier-2.1,Analyser la demande,PYTHON-PRG-02,"Utiliser les structures de contrôle (if, for, while, etc.)",0,0.5468684435
specifier-2.1,Analyser la demande,PYTHON-PRG-03,"Définir une fonction (arité variable, valeurs par défaut, obligation des paramètres positionnels ou nommés, etc.)",0,0.5123105049
specifier-2.1,Analyser la demande,PYTHON-PRG-04,"Appeler une fonction (passage de paramètre posiitonnel ou nommé, tuple ou dictionnaire en paramètres effectifs, etc.)",0,0.5189615488
specifier-2.1,Analyser la demande,PYTHON-PRG-05,"Créer des packages, modules et script",0,0.5287506580
specifier-2.1,Analyser la demande,PYTHON-PRG-06,"Importer des modules, éléments de modules en les renommant si nécessaire",0,0.5466202497
specifier-2.1,Analyser la demande,PYTHON-PRG-07,Comprendre l'affectation,0,0.5305757523
specifier-2.1,Analyser la demande,PYTHON-PRG-08,Utiliser les fonctions lambda,0,0.5468530655
specifier-2.1,Analyser la demande,PYTHON-PRG-09,"Utiliser les fonctions map, filter et comprehension de séquences",0,0.5450820327
specifier-2.1,Analyser la demande,PYTHON-PRG-10,Utiliser l'instruction yield,0,0.5432707071
specifier-2.1,Analyser la demande,PYTHON-POO-01,"Définir une classe (attributs, méthodes, initialiseur, etc.)",0,0.5339900255
specifier-2.1,Analyser la demande,PYTHON-POO-02,Utiliser les propriétés,0,0.5746333599
specifier-2.1,Analyser la demande,PYTHON-POO-03,Définir les méthodes spéciales,0,0.5482772589
specifier-2.1,Analyser la demande,PYTHON-POO-04,Définir et utiliser les méthodes statiques et de classes,0,0.5278080106
specifier-2.1,Analyser la demande,PYTHON-POO-05,Définir et utiliser des énumérations,0,0.5308077335
specifier-2.1,Analyser la demande,PYTHON-POO-06,Définir et utiliser des dataclasses,0,0.5272744894
specifier-2.1,Analyser la demande,PYTHON-POO-07,Définir et utiliser des classes abstraites et des protocoles,0,0.5333450437
specifier-2.1,Analyser la demande,PYTHON-POO-08,Définir et utiliser des exceptions,0,0.5454691648
specifier-2.1,Analyser la demande,PYTHON-POO-09,Définir et utiliser des gestionnaires de contexte,0,0.5376164317
specifier-2.1,Analyser la demande,PYTHON-POO-10,Utiliser des flux,0,0.5708086491
specifier-2.1,Analyser la demande,PYTHON-DEV-01,Dissocier Python du Système d'exploitation (pyenv),0,0.5200936794
specifier-2.1,Analyser la demande,PYTHON-DEV-02,Gérer les dépendances,0,0.5641202927
specifier-2.1,Analyser la demande,PYTHON-DEV-03,Céer et utiliser les tests unitaires,0,0.5369998217
specifier-2.1,Analyser la demande,PYTHON-DEV-04,Utiliser les logs,0,0.5575184226
specifier-2.1,Analyser la demande,PYTHON-DEV-05,Utiliser le annotations,0,0.5657969713
specifier-2.1,Analyser la demande,PYTHON-DEV-06,Réaliser une audit statique de code,0,0.5417019129
specifier-2.1,Analyser la demande,PYTHON-ARC-01,Créer des décorateurs,0,0.5245651007
specifier-2.1,Analyser la demande,PYTHON-ARC-02,Créer et utiliser des métaclasses,0,0.5488926172
specifier-2.1,Analyser la demande,PYTHON-ARC-03,Controler l'accès aux attributs,0,0.5500211716
specifier-2.1,Analyser la demande,PYTHON-ARC-04,Créer et utiliser des coroutines,0,0.5367120504
specifier-2.2,Définir des cas d’utilisation,PYTHON-PRG-01,"Choisir et utiliser les types de bases (bool, int, float, complex, list, etc.)",0,0.5302509069
specifier-2.2,Définir des cas d’utilisation,PYTHON-PRG-02,"Utiliser les structures de contrôle (if, for, while, etc.)",0,0.5797777176
specifier-2.2,Définir des cas d’utilisation,PYTHON-PRG-03,"Définir une fonction (arité variable, valeurs par défaut, obligation des paramètres positionnels ou nommés, etc.)",0,0.5365622044
specifier-2.2,Définir des cas d’utilisation,PYTHON-PRG-04,"Appeler une fonction (passage de paramètre posiitonnel ou nommé, tuple ou dictionnaire en paramètres effectifs, etc.)",0,0.5173037648
specifier-2.2,Définir des cas d’utilisation,PYTHON-PRG-05,"Créer des packages, modules et script",0,0.5183358192
specifier-2.2,Définir des cas d’utilisation,PYTHON-PRG-06,"Importer des modules, éléments de modules en les renommant si nécessaire",0,0.5358663797
specifier-2.2,Définir des cas d’utilisation,PYTHON-PRG-07,Comprendre l'affectation,0,0.5293940306
specifier-2.2,Définir des cas d’utilisation,PYTHON-PRG-08,Utiliser les fonctions lambda,0,0.5679074526
specifier-2.2,Définir des cas d’utilisation,PYTHON-PRG-09,"Utiliser les fonctions map, filter et comprehension de séquences",0,0.5531944036
specifier-2.2,Définir des cas d’utilisation,PYTHON-PRG-10,Utiliser l'instruction yield,0,0.5653724670
specifier-2.2,Définir des cas d’utilisation,PYTHON-POO-01,"Définir une classe (attributs, méthodes, initialiseur, etc.)",0,0.5702598095
specifier-2.2,Définir des cas d’utilisation,PYTHON-POO-02,Utiliser les propriétés,0,0.6159385443
specifier-2.2,Définir des cas d’utilisation,PYTHON-POO-03,Définir les méthodes spéciales,0,0.5955493450
specifier-2.2,Définir des cas d’utilisation,PYTHON-POO-04,Définir et utiliser les méthodes statiques et de classes,0,0.5792974234
specifier-2.2,Définir des cas d’utilisation,PYTHON-POO-05,Définir et utiliser des énumérations,0,0.6178374290
specifier-2.2,Définir des cas d’utilisation,PYTHON-POO-06,Définir et utiliser des dataclasses,0,0.5872237682
specifier-2.2,Définir des cas d’utilisation,PYTHON-POO-07,Définir et utiliser des classes abstraites et des protocoles,0,0.5814812183
specifier-2.2,Définir des cas d’utilisation,PYTHON-POO-08,Définir et utiliser des exceptions,0,0.6605991125
specifier-2.2,Définir des cas d’utilisation,PYTHON-POO-09,Définir et utiliser des gestionnaires de contexte,0,0.5924040079
specifier-2.2,Définir des cas d’utilisation,PYTHON-POO-10,Utiliser des flux,0,0.6075834036
specifier-2.2,Définir des cas d’utilisation,PYTHON-DEV-01,Dissocier Python du Système d'exploitation (pyenv),0,0.5112453699
specifier-2.2,Définir des cas d’utilisation,PYTHON-DEV-02,Gérer les dépendances,0,0.5530960560
specifier-2.2,Définir des cas d’utilisation,PYTHON-DEV-03,Céer et utiliser les tests unitaires,0,0.5555062294
specifier-2.2,Définir des cas d’utilisation,PYTHON-DEV-04,Utiliser les logs,0,0.5979892612
specifier-2.2,Définir des cas d’utilisation,PYTHON-DEV-05,Utiliser le annotations,0,0.6057849526
specifier-2.2,Définir des cas d’utilisation,PYTHON-DEV-06,Réaliser une audit statique de code,0,0.5259568095
specifier-2.2,Définir des cas d’utilisation,PYTHON-ARC-01,Créer des décorateurs,0,0.5239292979
specifier-2.2,Définir des cas d’utilisation,PYTHON-ARC-02,Créer et utiliser des métaclasses,0,0.5666515827
specifier-2.2,Définir des cas d’utilisation,PYTHON-ARC-03,Controler l'accès aux attributs,0,0.5431053638
specifier-2.2,Définir des cas d’utilisation,PYTHON-ARC-04,Créer et utiliser des coroutines,0,0.5490855575
specifier-2.3,Caractériser l’utilisation des données au regard du RGPD,PYTHON-PRG-01,"Choisir et utiliser les types de bases (bool, int, float, complex, list, etc.)",0,0.5093452334
specifier-2.3,Caractériser l’utilisation des données au regard du RGPD,PYTHON-PRG-02,"Utiliser les structures de contrôle (if, for, while, etc.)",0,0.5508028269
specifier-2.3,Caractériser l’utilisation des données au regard du RGPD,PYTHON-PRG-03,"Définir une fonction (arité variable, valeurs par défaut, obligation des paramètres positionnels ou nommés, etc.)",0,0.5038447380
specifier-2.3,Caractériser l’utilisation des données au regard du RGPD,PYTHON-PRG-04,"Appeler une fonction (passage de paramètre posiitonnel ou nommé, tuple ou dictionnaire en paramètres effectifs, etc.)",0,0.4951776564
specifier-2.3,Caractériser l’utilisation des données au regard du RGPD,PYTHON-PRG-05,"Créer des packages, modules et script",0,0.5136004686
specifier-2.3,Caractériser l’utilisation des données au regard du RGPD,PYTHON-PRG-06,"Importer des modules, éléments de modules en les renommant si nécessaire",0,0.5214664936
specifier-2.3,Caractériser l’utilisation des données au regard du RGPD,PYTHON-PRG-07,Comprendre l'affectation,0,0.5110193491
specifier-2.3,Caractériser l’utilisation des données au regard du RGPD,PYTHON-PRG-08,Utiliser les fonctions lambda,0,0.5507915020
specifier-2.3,Caractériser l’utilisation des données au regard du RGPD,PYTHON-PRG-09,"Utiliser les fonctions map, filter et comprehension de séquences",0,0.5354436636
specifier-2.3,Caractériser l’utilisation des données au regard du RGPD,PYTHON-PRG-10,Utiliser l'instruction yield,0,0.5518327951
specifier-2.3,Caractériser l’utilisation des données au regard du RGPD,PYTHON-POO-01,"Définir une classe (attributs, méthodes, initialiseur, etc.)",0,0.5397140980
specifier-2.3,Caractériser l’utilisation des données au regard du RGPD,PYTHON-POO-02,Utiliser les propriétés,0,0.5986585021
specifier-2.3,Caractériser l’utilisation des données au regard du RGPD,PYTHON-POO-03,Définir les méthodes spéciales,0,0.5511621833
specifier-2.3,Caractériser l’utilisation des données au regard du RGPD,PYTHON-POO-04,Définir et utiliser les méthodes statiques et de classes,0,0.5331370831
specifier-2.3,Caractériser l’utilisation des données au regard du RGPD,PYTHON-POO-05,Définir et utiliser des énumérations,0,0.5566055775
specifier-2.3,Caractériser l’utilisation des données au regard du RGPD,PYTHON-POO-06,Définir et utiliser des dataclasses,0,0.5656722188
specifier-2.3,Caractériser l’utilisation des données au regard du RGPD,PYTHON-POO-07,Définir et utiliser des classes abstraites et des protocoles,0,0.5400420427
specifier-2.3,Caractériser l’utilisation des données au regard du RGPD,PYTHON-POO-08,Définir et utiliser des exceptions,0,0.5644941330
specifier-2.3,Caractériser l’utilisation des données au regard du RGPD,PYTHON-POO-09,Définir et utiliser des gestionnaires de contexte,0,0.5448172092
specifier-2.3,Caractériser l’utilisation des données au regard du RGPD,PYTHON-POO-10,Utiliser des flux,0,0.5811657310
specifier-2.3,Caractériser l’utilisation des données au regard du RGPD,PYTHON-DEV-01,Dissocier Python du Système d'exploitation (pyenv),0,0.4935511053
specifier-2.3,Caractériser l’utilisation des données au regard du RGPD,PYTHON-DEV-02,Gérer les dépendances,0,0.5441534519
specifier-2.3,Caractériser l’utilisation des données au regard du RGPD,PYTHON-DEV-03,Céer et utiliser les tests unitaires,0,0.5278666019
specifier-2.3,Caractériser l’utilisation des données au regard du RGPD,PYTHON-DEV-04,Utiliser les logs,0,0.5760815144
specifier-2.3,Caractériser l’utilisation des données au regard du RGPD,PYTHON-DEV-05,Utiliser le annotations,0,0.5805395842
specifier-2.3,Caractériser l’utilisation des données au regard du RGPD,PYTHON-DEV-06,Réaliser une audit statique de code,0,0.5150328875
specifier-2.3,Caractériser l’utilisation des données au regard du RGPD,PYTHON-ARC-01,Créer des décorateurs,0,0.5122992992
specifier-2.3,Caractériser l’utilisation des données au regard du RGPD,PYTHON-ARC-02,Créer et utiliser des métaclasses,0,0.5456570387
specifier-2.3,Caractériser l’utilisation des données au regard du RGPD,PYTHON-ARC-03,Controler l'accès aux attributs,0,0.5558551550
specifier-2.3,Caractériser l’utilisation des données au regard du RGPD,PYTHON-ARC-04,Créer et utiliser des coroutines,0,0.5334280133
specifier-3.1,Discriminer et hiérarchiser les demandes,PYTHON-PRG-01,"Choisir et utiliser les types de bases (bool, int, float, complex, list, etc.)",0,0.5074238777
specifier-3.1,Discriminer et hiérarchiser les demandes,PYTHON-PRG-02,"Utiliser les structures de contrôle (if, for, while, etc.)",0,0.5418757200
specifier-3.1,Discriminer et hiérarchiser les demandes,PYTHON-PRG-03,"Définir une fonction (arité variable, valeurs par défaut, obligation des paramètres positionnels ou nommés, etc.)",0,0.5057277679
specifier-3.1,Discriminer et hiérarchiser les demandes,PYTHON-PRG-04,"Appeler une fonction (passage de paramètre posiitonnel ou nommé, tuple ou dictionnaire en paramètres effectifs, etc.)",0,0.5026030540
specifier-3.1,Discriminer et hiérarchiser les demandes,PYTHON-PRG-05,"Créer des packages, modules et script",0,0.5227331519
specifier-3.1,Discriminer et hiérarchiser les demandes,PYTHON-PRG-06,"Importer des modules, éléments de modules en les renommant si nécessaire",0,0.5384313464
specifier-3.1,Discriminer et hiérarchiser les demandes,PYTHON-PRG-07,Comprendre l'affectation,0,0.5159534216
specifier-3.1,Discriminer et hiérarchiser les demandes,PYTHON-PRG-08,Utiliser les fonctions lambda,0,0.5385177135
specifier-3.1,Discriminer et hiérarchiser les demandes,PYTHON-PRG-09,"Utiliser les fonctions map, filter et comprehension de séquences",0,0.5351338387
specifier-3.1,Discriminer et hiérarchiser les demandes,PYTHON-PRG-10,Utiliser l'instruction yield,0,0.5308526158
specifier-3.1,Discriminer et hiérarchiser les demandes,PYTHON-POO-01,"Définir une classe (attributs, méthodes, initialiseur, etc.)",0,0.5429079533
specifier-3.1,Discriminer et hiérarchiser les demandes,PYTHON-POO-02,Utiliser les propriétés,0,0.5690413117
specifier-3.1,Discriminer et hiérarchiser les demandes,PYTHON-POO-03,Définir les méthodes spéciales,0,0.5667499900
specifier-3.1,Discriminer et hiérarchiser les demandes,PYTHON-POO-04,Définir et utiliser les méthodes statiques et de classes,0,0.5324599147
specifier-3.1,Discriminer et hiérarchiser les demandes,PYTHON-POO-05,Définir et utiliser des énumérations,0,0.5451889038
specifier-3.1,Discriminer et hiérarchiser les demandes,PYTHON-POO-06,Définir et utiliser des dataclasses,0,0.5267686844
specifier-3.1,Discriminer et hiérarchiser les demandes,PYTHON-POO-07,Définir et utiliser des classes abstraites et des protocoles,0,0.5394303799
specifier-3.1,Discriminer et hiérarchiser les demandes,PYTHON-POO-08,Définir et utiliser des exceptions,0,0.5701651573
specifier-3.1,Discriminer et hiérarchiser les demandes,PYTHON-POO-09,Définir et utiliser des gestionnaires de contexte,0,0.5450595617
specifier-3.1,Discriminer et hiérarchiser les demandes,PYTHON-POO-10,Utiliser des flux,0,0.5593541861
specifier-3.1,Discriminer et hiérarchiser les demandes,PYTHON-DEV-01,Dissocier Python du Système d'exploitation (pyenv),0,0.5113204718
specifier-3.1,Discriminer et hiérarchiser les demandes,PYTHON-DEV-02,Gérer les dépendances,0,0.5944229960
specifier-3.1,Discriminer et hiérarchiser les demandes,PYTHON-DEV-03,Céer et utiliser les tests unitaires,0,0.5244730115
specifier-3.1,Discriminer et hiérarchiser les demandes,PYTHON-DEV-04,Utiliser les logs,0,0.5475969315
specifier-3.1,Discriminer et hiérarchiser les demandes,PYTHON-DEV-05,Utiliser le annotations,0,0.5563647151
specifier-3.1,Discriminer et hiérarchiser les demandes,PYTHON-DEV-06,Réaliser une audit statique de code,0,0.5293543339
specifier-3.1,Discriminer et hiérarchiser les demandes,PYTHON-ARC-01,Créer des décorateurs,0,0.5401661396
specifier-3.1,Discriminer et hiérarchiser les demandes,PYTHON-ARC-02,Créer et utiliser des métaclasses,0,0.5453715324
specifier-3.1,Discriminer et hiérarchiser les demandes,PYTHON-ARC-03,Controler l'accès aux attributs,0,0.5534173250
specifier-3.1,Discriminer et hiérarchiser les demandes,PYTHON-ARC-04,Créer et utiliser des coroutines,0,0.5315863490
specifier-3.2,Définir la recette,PYTHON-PRG-01,"Choisir et utiliser les types de bases (bool, int, float, complex, list, etc.)",0,0.5032194853
specifier-3.2,Définir la recette,PYTHON-PRG-02,"Utiliser les structures de contrôle (if, for, while, etc.)",0,0.5364149809
specifier-3.2,Définir la recette,PYTHON-PRG-03,"Définir une fonction (arité variable, valeurs par défaut, obligation des paramètres positionnels ou nommés, etc.)",0,0.5183998346
specifier-3.2,Définir la recette,PYTHON-PRG-04,"Appeler une fonction (passage de paramètre posiitonnel ou nommé, tuple ou dictionnaire en paramètres effectifs, etc.)",0,0.5018131733
specifier-3.2,Définir la recette,PYTHON-PRG-05,"Créer des packages, modules et script",0,0.5242637396
specifier-3.2,Définir la recette,PYTHON-PRG-06,"Importer des modules, éléments de modules en les renommant si nécessaire",0,0.5339027643
specifier-3.2,Définir la recette,PYTHON-PRG-07,Comprendre l'affectation,0,0.5371787548
specifier-3.2,Définir la recette,PYTHON-PRG-08,Utiliser les fonctions lambda,0,0.5310524106
specifier-3.2,Définir la recette,PYTHON-PRG-09,"Utiliser les fonctions map, filter et comprehension de séquences",0,0.5322386622
specifier-3.2,Définir la recette,PYTHON-PRG-10,Utiliser l'instruction yield,0,0.5392274857
specifier-3.2,Définir la recette,PYTHON-POO-01,"Définir une classe (attributs, méthodes, initialiseur, etc.)",0,0.5666687489
specifier-3.2,Définir la recette,PYTHON-POO-02,Utiliser les propriétés,0,0.5624193549
specifier-3.2,Définir la recette,PYTHON-POO-03,Définir les méthodes spéciales,0,0.5901502371
specifier-3.2,Définir la recette,PYTHON-POO-04,Définir et utiliser les méthodes statiques et de classes,0,0.5483050942
specifier-3.2,Définir la recette,PYTHON-POO-05,Définir et utiliser des énumérations,0,0.5730770826
specifier-3.2,Définir la recette,PYTHON-POO-06,Définir et utiliser des dataclasses,0,0.5469031334
specifier-3.2,Définir la recette,PYTHON-POO-07,Définir et utiliser des classes abstraites et des protocoles,0,0.5519759059
specifier-3.2,Définir la recette,PYTHON-POO-08,Définir et utiliser des exceptions,0,0.5801675320
specifier-3.2,Définir la recette,PYTHON-POO-09,Définir et utiliser des gestionnaires de contexte,0,0.5542330742
specifier-3.2,Définir la recette,PYTHON-POO-10,Utiliser des flux,0,0.5496964455
specifier-3.2,Définir la recette,PYTHON-DEV-01,Dissocier Python du Système d'exploitation (pyenv),0,0.5040284395
specifier-3.2,Définir la recette,PYTHON-DEV-02,Gérer les dépendances,0,0.5479778051
specifier-3.2,Définir la recette,PYTHON-DEV-03,Céer et utiliser les tests unitaires,0,0.5167448521
specifier-3.2,Définir la recette,PYTHON-DEV-04,Utiliser les logs,0,0.5433141589
specifier-3.2,Définir la recette,PYTHON-DEV-05,Utiliser le annotations,0,0.5585377812
specifier-3.2,Définir la recette,PYTHON-DEV-06,Réaliser une audit statique de code,0,0.5256479383
specifier-3.2,Définir la recette,PYTHON-ARC-01,Créer des décorateurs,0,0.5237295032
specifier-3.2,Définir la recette,PYTHON-ARC-02,Créer et utiliser des métaclasses,0,0.5405535698
specifier-3.2,Définir la recette,PYTHON-ARC-03,Controler l'accès aux attributs,0,0.5375000238
specifier-3.2,Définir la recette,PYTHON-ARC-04,Créer et utiliser des coroutines,0,0.5299934745
specifier-3.3,Lister les tests fonctionnels,PYTHON-PRG-01,"Choisir et utiliser les types de bases (bool, int, float, complex, list, etc.)",0,0.5142079592
specifier-3.3,Lister les tests fonctionnels,PYTHON-PRG-02,"Utiliser les structures de contrôle (if, for, while, etc.)",0,0.5489233136
specifier-3.3,Lister les tests fonctionnels,PYTHON-PRG-03,"Définir une fonction (arité variable, valeurs par défaut, obligation des paramètres positionnels ou nommés, etc.)",0,0.5266338587
specifier-3.3,Lister les tests fonctionnels,PYTHON-PRG-04,"Appeler une fonction (passage de paramètre posiitonnel ou nommé, tuple ou dictionnaire en paramètres effectifs, etc.)",0,0.5239309669
specifier-3.3,Lister les tests fonctionnels,PYTHON-PRG-05,"Créer des packages, modules et script",0,0.5180950761
specifier-3.3,Lister les tests fonctionnels,PYTHON-PRG-06,"Importer des modules, éléments de modules en les renommant si nécessaire",0,0.5273891687
specifier-3.3,Lister les tests fonctionnels,PYTHON-PRG-07,Comprendre l'affectation,0,0.5028148890
specifier-3.3,Lister les tests fonctionnels,PYTHON-PRG-08,Utiliser les fonctions lambda,0,0.5639479756
specifier-3.3,Lister les tests fonctionnels,PYTHON-PRG-09,"Utiliser les fonctions map, filter et comprehension de séquences",0,0.5496941209
specifier-3.3,Lister les tests fonctionnels,PYTHON-PRG-10,Utiliser l'instruction yield,0,0.5250445604
specifier-3.3,Lister les tests fonctionnels,PYTHON-POO-01,"Définir une classe (attributs, méthodes, initialiseur, etc.)",0,0.5290790200
specifier-3.3,Lister les tests fonctionnels,PYTHON-POO-02,Utiliser les propriétés,0,0.5657416582
specifier-3.3,Lister les tests fonctionnels,PYTHON-POO-03,Définir les méthodes spéciales,0,0.5493212342
specifier-3.3,Lister les tests fonctionnels,PYTHON-POO-04,Définir et utiliser les méthodes statiques et de classes,0,0.5225762129
specifier-3.3,Lister les tests fonctionnels,PYTHON-POO-05,Définir et utiliser des énumérations,0,0.5310717821
specifier-3.3,Lister les tests fonctionnels,PYTHON-POO-06,Définir et utiliser des dataclasses,0,0.5139437914
specifier-3.3,Lister les tests fonctionnels,PYTHON-POO-07,Définir et utiliser des classes abstraites et des protocoles,0,0.5222072601
specifier-3.3,Lister les tests fonctionnels,PYTHON-POO-08,Définir et utiliser des exceptions,0,0.5294278860
specifier-3.3,Lister les tests fonctionnels,PYTHON-POO-09,Définir et utiliser des gestionnaires de contexte,0,0.5219891071
specifier-3.3,Lister les tests fonctionnels,PYTHON-POO-10,Utiliser des flux,0,0.5605040193
specifier-3.3,Lister les tests fonctionnels,PYTHON-DEV-01,Dissocier Python du Système d'exploitation (pyenv),0,0.4942043126
specifier-3.3,Lister les tests fonctionnels,PYTHON-DEV-02,Gérer les dépendances,0,0.5437306762
specifier-3.3,Lister les tests fonctionnels,PYTHON-DEV-03,Céer et utiliser les tests unitaires,0,0.5567108393
specifier-3.3,Lister les tests fonctionnels,PYTHON-DEV-04,Utiliser les logs,0,0.5479671955
specifier-3.3,Lister les tests fonctionnels,PYTHON-DEV-05,Utiliser le annotations,0,0.5537363887
specifier-3.3,Lister les tests fonctionnels,PYTHON-DEV-06,Réaliser une audit statique de code,0,0.5224210024
specifier-3.3,Lister les tests fonctionnels,PYTHON-ARC-01,Créer des décorateurs,0,0.5108256340
specifier-3.3,Lister les tests fonctionnels,PYTHON-ARC-02,Créer et utiliser des métaclasses,0,0.5351569653
specifier-3.3,Lister les tests fonctionnels,PYTHON-ARC-03,Controler l'accès aux attributs,0,0.5358211994
specifier-3.3,Lister les tests fonctionnels,PYTHON-ARC-04,Créer et utiliser des coroutines,0,0.5220720768
specifier-4.1,Recueillir et reformuler les demandes du prescripteur en confrontant sa demande (fonctionnalités et données) à ses besoins réels pour prendre en compte le DDRS,PYTHON-PRG-01,"Choisir et utiliser les types de bases (bool, int, float, complex, list, etc.)",0,0.5094798803
specifier-4.1,Recueillir et reformuler les demandes du prescripteur en confrontant sa demande (fonctionnalités et données) à ses besoins réels pour prendre en compte le DDRS,PYTHON-PRG-02,"Utiliser les structures de contrôle (if, for, while, etc.)",0,0.5501877069
specifier-4.1,Recueillir et reformuler les demandes du prescripteur en confrontant sa demande (fonctionnalités et données) à ses besoins réels pour prendre en compte le DDRS,PYTHON-PRG-03,"Définir une fonction (arité variable, valeurs par défaut, obligation des paramètres positionnels ou nommés, etc.)",0,0.5736247897
specifier-4.1,Recueillir et reformuler les demandes du prescripteur en confrontant sa demande (fonctionnalités et données) à ses besoins réels pour prendre en compte le DDRS,PYTHON-PRG-04,"Appeler une fonction (passage de paramètre posiitonnel ou nommé, tuple ou dictionnaire en paramètres effectifs, etc.)",0,0.5418592691
specifier-4.1,Recueillir et reformuler les demandes du prescripteur en confrontant sa demande (fonctionnalités et données) à ses besoins réels pour prendre en compte le DDRS,PYTHON-PRG-05,"Créer des packages, modules et script",0,0.5343220234
specifier-4.1,Recueillir et reformuler les demandes du prescripteur en confrontant sa demande (fonctionnalités et données) à ses besoins réels pour prendre en compte le DDRS,PYTHON-PRG-06,"Importer des modules, éléments de modules en les renommant si nécessaire",0,0.5564819574
specifier-4.1,Recueillir et reformuler les demandes du prescripteur en confrontant sa demande (fonctionnalités et données) à ses besoins réels pour prendre en compte le DDRS,PYTHON-PRG-07,Comprendre l'affectation,0,0.5348098874
specifier-4.1,Recueillir et reformuler les demandes du prescripteur en confrontant sa demande (fonctionnalités et données) à ses besoins réels pour prendre en compte le DDRS,PYTHON-PRG-08,Utiliser les fonctions lambda,0,0.5684775114
specifier-4.1,Recueillir et reformuler les demandes du prescripteur en confrontant sa demande (fonctionnalités et données) à ses besoins réels pour prendre en compte le DDRS,PYTHON-PRG-09,"Utiliser les fonctions map, filter et comprehension de séquences",0,0.5609576702
specifier-4.1,Recueillir et reformuler les demandes du prescripteur en confrontant sa demande (fonctionnalités et données) à ses besoins réels pour prendre en compte le DDRS,PYTHON-PRG-10,Utiliser l'instruction yield,0,0.5531198978
specifier-4.1,Recueillir et reformuler les demandes du prescripteur en confrontant sa demande (fonctionnalités et données) à ses besoins réels pour prendre en compte le DDRS,PYTHON-POO-01,"Définir une classe (attributs, méthodes, initialiseur, etc.)",0,0.5381982327
specifier-4.1,Recueillir et reformuler les demandes du prescripteur en confrontant sa demande (fonctionnalités et données) à ses besoins réels pour prendre en compte le DDRS,PYTHON-POO-02,Utiliser les propriétés,0,0.5838007927
specifier-4.1,Recueillir et reformuler les demandes du prescripteur en confrontant sa demande (fonctionnalités et données) à ses besoins réels pour prendre en compte le DDRS,PYTHON-POO-03,Définir les méthodes spéciales,0,0.5826539993
specifier-4.1,Recueillir et reformuler les demandes du prescripteur en confrontant sa demande (fonctionnalités et données) à ses besoins réels pour prendre en compte le DDRS,PYTHON-POO-04,Définir et utiliser les méthodes statiques et de classes,0,0.5422222018
specifier-4.1,Recueillir et reformuler les demandes du prescripteur en confrontant sa demande (fonctionnalités et données) à ses besoins réels pour prendre en compte le DDRS,PYTHON-POO-05,Définir et utiliser des énumérations,0,0.5549526215
specifier-4.1,Recueillir et reformuler les demandes du prescripteur en confrontant sa demande (fonctionnalités et données) à ses besoins réels pour prendre en compte le DDRS,PYTHON-POO-06,Définir et utiliser des dataclasses,0,0.5485702157
specifier-4.1,Recueillir et reformuler les demandes du prescripteur en confrontant sa demande (fonctionnalités et données) à ses besoins réels pour prendre en compte le DDRS,PYTHON-POO-07,Définir et utiliser des classes abstraites et des protocoles,0,0.5391305089
specifier-4.1,Recueillir et reformuler les demandes du prescripteur en confrontant sa demande (fonctionnalités et données) à ses besoins réels pour prendre en compte le DDRS,PYTHON-POO-08,Définir et utiliser des exceptions,0,0.5663796663
specifier-4.1,Recueillir et reformuler les demandes du prescripteur en confrontant sa demande (fonctionnalités et données) à ses besoins réels pour prendre en compte le DDRS,PYTHON-POO-09,Définir et utiliser des gestionnaires de contexte,0,0.5541183352
specifier-4.1,Recueillir et reformuler les demandes du prescripteur en confrontant sa demande (fonctionnalités et données) à ses besoins réels pour prendre en compte le DDRS,PYTHON-POO-10,Utiliser des flux,0,0.5698326230
specifier-4.1,Recueillir et reformuler les demandes du prescripteur en confrontant sa demande (fonctionnalités et données) à ses besoins réels pour prendre en compte le DDRS,PYTHON-DEV-01,Dissocier Python du Système d'exploitation (pyenv),0,0.5042460561
specifier-4.1,Recueillir et reformuler les demandes du prescripteur en confrontant sa demande (fonctionnalités et données) à ses besoins réels pour prendre en compte le DDRS,PYTHON-DEV-02,Gérer les dépendances,0,0.5854964256
specifier-4.1,Recueillir et reformuler les demandes du prescripteur en confrontant sa demande (fonctionnalités et données) à ses besoins réels pour prendre en compte le DDRS,PYTHON-DEV-03,Céer et utiliser les tests unitaires,0,0.5341760516
specifier-4.1,Recueillir et reformuler les demandes du prescripteur en confrontant sa demande (fonctionnalités et données) à ses besoins réels pour prendre en compte le DDRS,PYTHON-DEV-04,Utiliser les logs,0,0.5542287230
specifier-4.1,Recueillir et reformuler les demandes du prescripteur en confrontant sa demande (fonctionnalités et données) à ses besoins réels pour prendre en compte le DDRS,PYTHON-DEV-05,Utiliser le annotations,0,0.5757896900
specifier-4.1,Recueillir et reformuler les demandes du prescripteur en confrontant sa demande (fonctionnalités et données) à ses besoins réels pour prendre en compte le DDRS,PYTHON-DEV-06,Réaliser une audit statique de code,0,0.5444083810
specifier-4.1,Recueillir et reformuler les demandes du prescripteur en confrontant sa demande (fonctionnalités et données) à ses besoins réels pour prendre en compte le DDRS,PYTHON-ARC-01,Créer des décorateurs,0,0.5313692093
specifier-4.1,Recueillir et reformuler les demandes du prescripteur en confrontant sa demande (fonctionnalités et données) à ses besoins réels pour prendre en compte le DDRS,PYTHON-ARC-02,Créer et utiliser des métaclasses,0,0.5456639528
specifier-4.1,Recueillir et reformuler les demandes du prescripteur en confrontant sa demande (fonctionnalités et données) à ses besoins réels pour prendre en compte le DDRS,PYTHON-ARC-03,Controler l'accès aux attributs,0,0.5681203008
specifier-4.1,Recueillir et reformuler les demandes du prescripteur en confrontant sa demande (fonctionnalités et données) à ses besoins réels pour prendre en compte le DDRS,PYTHON-ARC-04,Créer et utiliser des coroutines,0,0.5330269337
specifier-4.2,Prototyper des interfaces utilisateurs en prenant la RGAA,PYTHON-PRG-01,"Choisir et utiliser les types de bases (bool, int, float, complex, list, etc.)",0,0.5214084387
specifier-4.2,Prototyper des interfaces utilisateurs en prenant la RGAA,PYTHON-PRG-02,"Utiliser les structures de contrôle (if, for, while, etc.)",0,0.5523104668
specifier-4.2,Prototyper des interfaces utilisateurs en prenant la RGAA,PYTHON-PRG-03,"Définir une fonction (arité variable, valeurs par défaut, obligation des paramètres positionnels ou nommés, etc.)",0,0.4980825782
specifier-4.2,Prototyper des interfaces utilisateurs en prenant la RGAA,PYTHON-PRG-04,"Appeler une fonction (passage de paramètre posiitonnel ou nommé, tuple ou dictionnaire en paramètres effectifs, etc.)",0,0.5074136257
specifier-4.2,Prototyper des interfaces utilisateurs en prenant la RGAA,PYTHON-PRG-05,"Créer des packages, modules et script",0,0.5321952105
specifier-4.2,Prototyper des interfaces utilisateurs en prenant la RGAA,PYTHON-PRG-06,"Importer des modules, éléments de modules en les renommant si nécessaire",0,0.5366240144
specifier-4.2,Prototyper des interfaces utilisateurs en prenant la RGAA,PYTHON-PRG-07,Comprendre l'affectation,0,0.5315511823
specifier-4.2,Prototyper des interfaces utilisateurs en prenant la RGAA,PYTHON-PRG-08,Utiliser les fonctions lambda,0,0.5496020913
specifier-4.2,Prototyper des interfaces utilisateurs en prenant la RGAA,PYTHON-PRG-09,"Utiliser les fonctions map, filter et comprehension de séquences",0,0.5404970646
specifier-4.2,Prototyper des interfaces utilisateurs en prenant la RGAA,PYTHON-PRG-10,Utiliser l'instruction yield,0,0.5496953726
specifier-4.2,Prototyper des interfaces utilisateurs en prenant la RGAA,PYTHON-POO-01,"Définir une classe (attributs, méthodes, initialiseur, etc.)",0,0.5421178341
specifier-4.2,Prototyper des interfaces utilisateurs en prenant la RGAA,PYTHON-POO-02,Utiliser les propriétés,0,0.5915849805
specifier-4.2,Prototyper des interfaces utilisateurs en prenant la RGAA,PYTHON-POO-03,Définir les méthodes spéciales,0,0.5637767315
specifier-4.2,Prototyper des interfaces utilisateurs en prenant la RGAA,PYTHON-POO-04,Définir et utiliser les méthodes statiques et de classes,0,0.5307893753
specifier-4.2,Prototyper des interfaces utilisateurs en prenant la RGAA,PYTHON-POO-05,Définir et utiliser des énumérations,0,0.5426530242
specifier-4.2,Prototyper des interfaces utilisateurs en prenant la RGAA,PYTHON-POO-06,Définir et utiliser des dataclasses,0,0.5311013460
specifier-4.2,Prototyper des interfaces utilisateurs en prenant la RGAA,PYTHON-POO-07,Définir et utiliser des classes abstraites et des protocoles,0,0.5449848175
specifier-4.2,Prototyper des interfaces utilisateurs en prenant la RGAA,PYTHON-POO-08,Définir et utiliser des exceptions,0,0.5541858077
specifier-4.2,Prototyper des interfaces utilisateurs en prenant la RGAA,PYTHON-POO-09,Définir et utiliser des gestionnaires de contexte,0,0.5418192744
specifier-4.2,Prototyper des interfaces utilisateurs en prenant la RGAA,PYTHON-POO-10,Utiliser des flux,0,0.5763996243
specifier-4.2,Prototyper des interfaces utilisateurs en prenant la RGAA,PYTHON-DEV-01,Dissocier Python du Système d'exploitation (pyenv),0,0.5037312508
specifier-4.2,Prototyper des interfaces utilisateurs en prenant la RGAA,PYTHON-DEV-02,Gérer les dépendances,0,0.5669035912
specifier-4.2,Prototyper des interfaces utilisateurs en prenant la RGAA,PYTHON-DEV-03,Céer et utiliser les tests unitaires,0,0.5330743790
specifier-4.2,Prototyper des interfaces utilisateurs en prenant la RGAA,PYTHON-DEV-04,Utiliser les logs,0,0.5643941760
specifier-4.2,Prototyper des interfaces utilisateurs en prenant la RGAA,PYTHON-DEV-05,Utiliser le annotations,0,0.5781971216
specifier-4.2,Prototyper des interfaces utilisateurs en prenant la RGAA,PYTHON-DEV-06,Réaliser une audit statique de code,0,0.5302050114
specifier-4.2,Prototyper des interfaces utilisateurs en prenant la RGAA,PYTHON-ARC-01,Créer des décorateurs,0,0.5468696356
specifier-4.2,Prototyper des interfaces utilisateurs en prenant la RGAA,PYTHON-ARC-02,Créer et utiliser des métaclasses,0,0.5600052476
specifier-4.2,Prototyper des interfaces utilisateurs en prenant la RGAA,PYTHON-ARC-03,Controler l'accès aux attributs,0,0.5559172034
specifier-4.2,Prototyper des interfaces utilisateurs en prenant la RGAA,PYTHON-ARC-04,Créer et utiliser des coroutines,0,0.5434178710
specifier-4.3,Respecter un référentiel qualité,PYTHON-PRG-01,"Choisir et utiliser les types de bases (bool, int, float, complex, list, etc.)",0,0.5185914040
specifier-4.3,Respecter un référentiel qualité,PYTHON-PRG-02,"Utiliser les structures de contrôle (if, for, while, etc.)",0,0.5690837502
specifier-4.3,Respecter un référentiel qualité,PYTHON-PRG-03,"Définir une fonction (arité variable, valeurs par défaut, obligation des paramètres positionnels ou nommés, etc.)",0,0.5289207697
specifier-4.3,Respecter un référentiel qualité,PYTHON-PRG-04,"Appeler une fonction (passage de paramètre posiitonnel ou nommé, tuple ou dictionnaire en paramètres effectifs, etc.)",0,0.5106513500
specifier-4.3,Respecter un référentiel qualité,PYTHON-PRG-05,"Créer des packages, modules et script",0,0.5281917453
specifier-4.3,Respecter un référentiel qualité,PYTHON-PRG-06,"Importer des modules, éléments de modules en les renommant si nécessaire",0,0.5463299155
specifier-4.3,Respecter un référentiel qualité,PYTHON-PRG-07,Comprendre l'affectation,0,0.5259233713
specifier-4.3,Respecter un référentiel qualité,PYTHON-PRG-08,Utiliser les fonctions lambda,0,0.5432909727
specifier-4.3,Respecter un référentiel qualité,PYTHON-PRG-09,"Utiliser les fonctions map, filter et comprehension de séquences",0,0.5414170027
specifier-4.3,Respecter un référentiel qualité,PYTHON-PRG-10,Utiliser l'instruction yield,0,0.5491672754
specifier-4.3,Respecter un référentiel qualité,PYTHON-POO-01,"Définir une classe (attributs, méthodes, initialiseur, etc.)",0,0.5532799363
specifier-4.3,Respecter un référentiel qualité,PYTHON-POO-02,Utiliser les propriétés,0,0.5915372372
specifier-4.3,Respecter un référentiel qualité,PYTHON-POO-03,Définir les méthodes spéciales,0,0.5716927052
specifier-4.3,Respecter un référentiel qualité,PYTHON-POO-04,Définir et utiliser les méthodes statiques et de classes,0,0.5447918177
specifier-4.3,Respecter un référentiel qualité,PYTHON-POO-05,Définir et utiliser des énumérations,0,0.5494549274
specifier-4.3,Respecter un référentiel qualité,PYTHON-POO-06,Définir et utiliser des dataclasses,0,0.5359067917
specifier-4.3,Respecter un référentiel qualité,PYTHON-POO-07,Définir et utiliser des classes abstraites et des protocoles,0,0.5466847420
specifier-4.3,Respecter un référentiel qualité,PYTHON-POO-08,Définir et utiliser des exceptions,0,0.5647782087
specifier-4.3,Respecter un référentiel qualité,PYTHON-POO-09,Définir et utiliser des gestionnaires de contexte,0,0.5681352615
specifier-4.3,Respecter un référentiel qualité,PYTHON-POO-10,Utiliser des flux,0,0.5652710199
specifier-4.3,Respecter un référentiel qualité,PYTHON-DEV-01,Dissocier Python du Système d'exploitation (pyenv),0,0.5145519972
specifier-4.3,Respecter un référentiel qualité,PYTHON-DEV-02,Gérer les dépendances,0,0.5718017817
specifier-4.3,Respecter un référentiel qualité,PYTHON-DEV-03,Céer et utiliser les tests unitaires,0,0.5367936492
specifier-4.3,Respecter un référentiel qualité,PYTHON-DEV-04,Utiliser les logs,0,0.5565441251
specifier-4.3,Respecter un référentiel qualité,PYTHON-DEV-05,Utiliser le annotations,0,0.5778834820
specifier-4.3,Respecter un référentiel qualité,PYTHON-DEV-06,Réaliser une audit statique de code,0,0.5552465320
specifier-4.3,Respecter un référentiel qualité,PYTHON-ARC-01,Créer des décorateurs,0,0.5255408287
specifier-4.3,Respecter un référentiel qualité,PYTHON-ARC-02,Créer et utiliser des métaclasses,0,0.5529586673
specifier-4.3,Respecter un référentiel qualité,PYTHON-ARC-03,Controler l'accès aux attributs,0,0.5800778866
specifier-4.3,Respecter un référentiel qualité,PYTHON-ARC-04,Créer et utiliser des coroutines,0,0.5360671282
modeliser-1.1,Représenter une collection de données numériquement ou symboliquement,PYTHON-PRG-01,"Choisir et utiliser les types de bases (bool, int, float, complex, list, etc.)",0,0.5121798515
modeliser-1.1,Représenter une collection de données numériquement ou symboliquement,PYTHON-PRG-02,"Utiliser les structures de contrôle (if, for, while, etc.)",0,0.5422708988
modeliser-1.1,Représenter une collection de données numériquement ou symboliquement,PYTHON-PRG-03,"Définir une fonction (arité variable, valeurs par défaut, obligation des paramètres positionnels ou nommés, etc.)",0,0.5496957302
modeliser-1.1,Représenter une collection de données numériquement ou symboliquement,PYTHON-PRG-04,"Appeler une fonction (passage de paramètre posiitonnel ou nommé, tuple ou dictionnaire en paramètres effectifs, etc.)",0,0.5200359821
modeliser-1.1,Représenter une collection de données numériquement ou symboliquement,PYTHON-PRG-05,"Créer des packages, modules et script",0,0.5244699717
modeliser-1.1,Représenter une collection de données numériquement ou symboliquement,PYTHON-PRG-06,"Importer des modules, éléments de modules en les renommant si nécessaire",0,0.5343256593
modeliser-1.1,Représenter une collection de données numériquement ou symboliquement,PYTHON-PRG-07,Comprendre l'affectation,0,0.5274623632
modeliser-1.1,Représenter une collection de données numériquement ou symboliquement,PYTHON-PRG-08,Utiliser les fonctions lambda,0,0.5306116939
modeliser-1.1,Représenter une collection de données numériquement ou symboliquement,PYTHON-PRG-09,"Utiliser les fonctions map, filter et comprehension de séquences",0,0.5351322889
modeliser-1.1,Représenter une collection de données numériquement ou symboliquement,PYTHON-PRG-10,Utiliser l'instruction yield,0,0.5282527804
modeliser-1.1,Représenter une collection de données numériquement ou symboliquement,PYTHON-POO-01,"Définir une classe (attributs, méthodes, initialiseur, etc.)",0,0.5715917945
modeliser-1.1,Représenter une collection de données numériquement ou symboliquement,PYTHON-POO-02,Utiliser les propriétés,0,0.5680484772
modeliser-1.1,Représenter une collection de données numériquement ou symboliquement,PYTHON-POO-03,Définir les méthodes spéciales,0,0.5707461238
modeliser-1.1,Représenter une collection de données numériquement ou symboliquement,PYTHON-POO-04,Définir et utiliser les méthodes statiques et de classes,0,0.5393480062
modeliser-1.1,Représenter une collection de données numériquement ou symboliquement,PYTHON-POO-05,Définir et utiliser des énumérations,0,0.5800772905
modeliser-1.1,Représenter une collection de données numériquement ou symboliquement,PYTHON-POO-06,Définir et utiliser des dataclasses,0,0.5865935683
modeliser-1.1,Représenter une collection de données numériquement ou symboliquement,PYTHON-POO-07,Définir et utiliser des classes abstraites et des protocoles,0,0.5533822775
modeliser-1.1,Représenter une collection de données numériquement ou symboliquement,PYTHON-POO-08,Définir et utiliser des exceptions,0,0.5700974464
modeliser-1.1,Représenter une collection de données numériquement ou symboliquement,PYTHON-POO-09,Définir et utiliser des gestionnaires de contexte,0,0.5493401289
modeliser-1.1,Représenter une collection de données numériquement ou symboliquement,PYTHON-POO-10,Utiliser des flux,0,0.5530766249
modeliser-1.1,Représenter une collection de données numériquement ou symboliquement,PYTHON-DEV-01,Dissocier Python du Système d'exploitation (pyenv),0,0.4962148368
modeliser-1.1,Représenter une collection de données numériquement ou symboliquement,PYTHON-DEV-02,Gérer les dépendances,0,0.5447453856
modeliser-1.1,Représenter une collection de données numériquement ou symboliquement,PYTHON-DEV-03,Céer et utiliser les tests unitaires,0,0.5170108080
modeliser-1.1,Représenter une collection de données numériquement ou symboliquement,PYTHON-DEV-04,Utiliser les logs,0,0.5459078550
modeliser-1.1,Représenter une collection de données numériquement ou symboliquement,PYTHON-DEV-05,Utiliser le annotations,0,0.5673486590
modeliser-1.1,Représenter une collection de données numériquement ou symboliquement,PYTHON-DEV-06,Réaliser une audit statique de code,0,0.5227337480
modeliser-1.1,Représenter une collection de données numériquement ou symboliquement,PYTHON-ARC-01,Créer des décorateurs,0,0.5294265747
modeliser-1.1,Représenter une collection de données numériquement ou symboliquement,PYTHON-ARC-02,Créer et utiliser des métaclasses,0,0.5496884584
modeliser-1.1,Représenter une collection de données numériquement ou symboliquement,PYTHON-ARC-03,Controler l'accès aux attributs,0,0.5387724638
modeliser-1.1,Représenter une collection de données numériquement ou symboliquement,PYTHON-ARC-04,Créer et utiliser des coroutines,0,0.5287603140
modeliser-1.2,Déterminer les propriétés des entrées sorties d’un composant logiciel ou matériel,PYTHON-PRG-01,"Choisir et utiliser les types de bases (bool, int, float, complex, list, etc.)",0,0.5124638677
modeliser-1.2,Déterminer les propriétés des entrées sorties d’un composant logiciel ou matériel,PYTHON-PRG-02,"Utiliser les structures de contrôle (if, for, while, etc.)",0,0.5591251850
modeliser-1.2,Déterminer les propriétés des entrées sorties d’un composant logiciel ou matériel,PYTHON-PRG-03,"Définir une fonction (arité variable, valeurs par défaut, obligation des paramètres positionnels ou nommés, etc.)",0,0.5748494864
modeliser-1.2,Déterminer les propriétés des entrées sorties d’un composant logiciel ou matériel,PYTHON-PRG-04,"Appeler une fonction (passage de paramètre posiitonnel ou nommé, tuple ou dictionnaire en paramètres effectifs, etc.)",0,0.5427051783
modeliser-1.2,Déterminer les propriétés des entrées sorties d’un composant logiciel ou matériel,PYTHON-PRG-05,"Créer des packages, modules et script",0,0.5152621269
modeliser-1.2,Déterminer les propriétés des entrées sorties d’un composant logiciel ou matériel,PYTHON-PRG-06,"Importer des modules, éléments de modules en les renommant si nécessaire",0,0.5317839980
modeliser-1.2,Déterminer les propriétés des entrées sorties d’un composant logiciel ou matériel,PYTHON-PRG-07,Comprendre l'affectation,0,0.5226334333
modeliser-1.2,Déterminer les propriétés des entrées sorties d’un composant logiciel ou matériel,PYTHON-PRG-08,Utiliser les fonctions lambda,0,0.5448138714
modeliser-1.2,Déterminer les propriétés des entrées sorties d’un composant logiciel ou matériel,PYTHON-PRG-09,"Utiliser les fonctions map, filter et comprehension de séquences",0,0.5382433534
modeliser-1.2,Déterminer les propriétés des entrées sorties d’un composant logiciel ou matériel,PYTHON-PRG-10,Utiliser l'instruction yield,0,0.5441012383
modeliser-1.2,Déterminer les propriétés des entrées sorties d’un composant logiciel ou matériel,PYTHON-POO-01,"Définir une classe (attributs, méthodes, initialiseur, etc.)",0,0.5526273847
modeliser-1.2,Déterminer les propriétés des entrées sorties d’un composant logiciel ou matériel,PYTHON-POO-02,Utiliser les propriétés,0,0.6174248457
modeliser-1.2,Déterminer les propriétés des entrées sorties d’un composant logiciel ou matériel,PYTHON-POO-03,Définir les méthodes spéciales,0,0.5631805658
modeliser-1.2,Déterminer les propriétés des entrées sorties d’un composant logiciel ou matériel,PYTHON-POO-04,Définir et utiliser les méthodes statiques et de classes,0,0.5404758453
modeliser-1.2,Déterminer les propriétés des entrées sorties d’un composant logiciel ou matériel,PYTHON-POO-05,Définir et utiliser des énumérations,0,0.5502265096
modeliser-1.2,Déterminer les propriétés des entrées sorties d’un composant logiciel ou matériel,PYTHON-POO-06,Définir et utiliser des dataclasses,0,0.5432547331
modeliser-1.2,Déterminer les propriétés des entrées sorties d’un composant logiciel ou matériel,PYTHON-POO-07,Définir et utiliser des classes abstraites et des protocoles,0,0.5452221632
modeliser-1.2,Déterminer les propriétés des entrées sorties d’un composant logiciel ou matériel,PYTHON-POO-08,Définir et utiliser des exceptions,0,0.5668501854
modeliser-1.2,Déterminer les propriétés des entrées sorties d’un composant logiciel ou matériel,PYTHON-POO-09,Définir et utiliser des gestionnaires de contexte,0,0.5472313166
modeliser-1.2,Déterminer les propriétés des entrées sorties d’un composant logiciel ou matériel,PYTHON-POO-10,Utiliser des flux,0,0.5751322508
modeliser-1.2,Déterminer les propriétés des entrées sorties d’un composant logiciel ou matériel,PYTHON-DEV-01,Dissocier Python du Système d'exploitation (pyenv),0,0.4932338297
modeliser-1.2,Déterminer les propriétés des entrées sorties d’un composant logiciel ou matériel,PYTHON-DEV-02,Gérer les dépendances,0,0.5455534458
modeliser-1.2,Déterminer les propriétés des entrées sorties d’un composant logiciel ou matériel,PYTHON-DEV-03,Céer et utiliser les tests unitaires,0,0.5346168280
modeliser-1.2,Déterminer les propriétés des entrées sorties d’un composant logiciel ou matériel,PYTHON-DEV-04,Utiliser les logs,0,0.5531750917
modeliser-1.2,Déterminer les propriétés des entrées sorties d’un composant logiciel ou matériel,PYTHON-DEV-05,Utiliser le annotations,0,0.5667912960
modeliser-1.2,Déterminer les propriétés des entrées sorties d’un composant logiciel ou matériel,PYTHON-DEV-06,Réaliser une audit statique de code,0,0.5334000587
modeliser-1.2,Déterminer les propriétés des entrées sorties d’un composant logiciel ou matériel,PYTHON-ARC-01,Créer des décorateurs,0,0.5131991506
modeliser-1.2,Déterminer les propriétés des entrées sorties d’un composant logiciel ou matériel,PYTHON-ARC-02,Créer et utiliser des métaclasses,0,0.5434066057
modeliser-1.2,Déterminer les propriétés des entrées sorties d’un composant logiciel ou matériel,PYTHON-ARC-03,Controler l'accès aux attributs,0,0.5870792866
modeliser-1.2,Déterminer les propriétés des entrées sorties d’un composant logiciel ou matériel,PYTHON-ARC-04,Créer et utiliser des coroutines,0,0.5263882875
modeliser-1.3,Déterminer la famille d’algorithmes à utiliser au regard des données numériques ou symboliques à traiter,PYTHON-PRG-01,"Choisir et utiliser les types de bases (bool, int, float, complex, list, etc.)",0,0.5391688347
modeliser-1.3,Déterminer la famille d’algorithmes à utiliser au regard des données numériques ou symboliques à traiter,PYTHON-PRG-02,"Utiliser les structures de contrôle (if, for, while, etc.)",0,0.5658140779
modeliser-1.3,Déterminer la famille d’algorithmes à utiliser au regard des données numériques ou symboliques à traiter,PYTHON-PRG-03,"Définir une fonction (arité variable, valeurs par défaut, obligation des paramètres positionnels ou nommés, etc.)",0,0.5444225669
modeliser-1.3,Déterminer la famille d’algorithmes à utiliser au regard des données numériques ou symboliques à traiter,PYTHON-PRG-04,"Appeler une fonction (passage de paramètre posiitonnel ou nommé, tuple ou dictionnaire en paramètres effectifs, etc.)",0,0.5085652471
modeliser-1.3,Déterminer la famille d’algorithmes à utiliser au regard des données numériques ou symboliques à traiter,PYTHON-PRG-05,"Créer des packages, modules et script",0,0.5129143596
modeliser-1.3,Déterminer la famille d’algorithmes à utiliser au regard des données numériques ou symboliques à traiter,PYTHON-PRG-06,"Importer des modules, éléments de modules en les renommant si nécessaire",0,0.5204004049
modeliser-1.3,Déterminer la famille d’algorithmes à utiliser au regard des données numériques ou symboliques à traiter,PYTHON-PRG-07,Comprendre l'affectation,0,0.5194587111
modeliser-1.3,Déterminer la famille d’algorithmes à utiliser au regard des données numériques ou symboliques à traiter,PYTHON-PRG-08,Utiliser les fonctions lambda,0,0.5490550995
modeliser-1.3,Déterminer la famille d’algorithmes à utiliser au regard des données numériques ou symboliques à traiter,PYTHON-PRG-09,"Utiliser les fonctions map, filter et comprehension de séquences",0,0.5421205759
modeliser-1.3,Déterminer la famille d’algorithmes à utiliser au regard des données numériques ou symboliques à traiter,PYTHON-PRG-10,Utiliser l'instruction yield,0,0.5418313742
modeliser-1.3,Déterminer la famille d’algorithmes à utiliser au regard des données numériques ou symboliques à traiter,PYTHON-POO-01,"Définir une classe (attributs, méthodes, initialiseur, etc.)",0,0.5500397682
modeliser-1.3,Déterminer la famille d’algorithmes à utiliser au regard des données numériques ou symboliques à traiter,PYTHON-POO-02,Utiliser les propriétés,0,0.5875108838
modeliser-1.3,Déterminer la famille d’algorithmes à utiliser au regard des données numériques ou symboliques à traiter,PYTHON-POO-03,Définir les méthodes spéciales,0,0.5666656494
modeliser-1.3,Déterminer la famille d’algorithmes à utiliser au regard des données numériques ou symboliques à traiter,PYTHON-POO-04,Définir et utiliser les méthodes statiques et de classes,0,0.5594186187
modeliser-1.3,Déterminer la famille d’algorithmes à utiliser au regard des données numériques ou symboliques à traiter,PYTHON-POO-05,Définir et utiliser des énumérations,0,0.5632766485
modeliser-1.3,Déterminer la famille d’algorithmes à utiliser au regard des données numériques ou symboliques à traiter,PYTHON-POO-06,Définir et utiliser des dataclasses,0,0.5779559612
modeliser-1.3,Déterminer la famille d’algorithmes à utiliser au regard des données numériques ou symboliques à traiter,PYTHON-POO-07,Définir et utiliser des classes abstraites et des protocoles,0,0.5561910868
modeliser-1.3,Déterminer la famille d’algorithmes à utiliser au regard des données numériques ou symboliques à traiter,PYTHON-POO-08,Définir et utiliser des exceptions,0,0.5659223199
modeliser-1.3,Déterminer la famille d’algorithmes à utiliser au regard des données numériques ou symboliques à traiter,PYTHON-POO-09,Définir et utiliser des gestionnaires de contexte,0,0.5481787324
modeliser-1.3,Déterminer la famille d’algorithmes à utiliser au regard des données numériques ou symboliques à traiter,PYTHON-POO-10,Utiliser des flux,0,0.5748490095
modeliser-1.3,Déterminer la famille d’algorithmes à utiliser au regard des données numériques ou symboliques à traiter,PYTHON-DEV-01,Dissocier Python du Système d'exploitation (pyenv),0,0.4894135594
modeliser-1.3,Déterminer la famille d’algorithmes à utiliser au regard des données numériques ou symboliques à traiter,PYTHON-DEV-02,Gérer les dépendances,0,0.5404897928
modeliser-1.3,Déterminer la famille d’algorithmes à utiliser au regard des données numériques ou symboliques à traiter,PYTHON-DEV-03,Céer et utiliser les tests unitaires,0,0.5340836048
modeliser-1.3,Déterminer la famille d’algorithmes à utiliser au regard des données numériques ou symboliques à traiter,PYTHON-DEV-04,Utiliser les logs,0,0.5684003830
modeliser-1.3,Déterminer la famille d’algorithmes à utiliser au regard des données numériques ou symboliques à traiter,PYTHON-DEV-05,Utiliser le annotations,0,0.5798428059
modeliser-1.3,Déterminer la famille d’algorithmes à utiliser au regard des données numériques ou symboliques à traiter,PYTHON-DEV-06,Réaliser une audit statique de code,0,0.5244326591
modeliser-1.3,Déterminer la famille d’algorithmes à utiliser au regard des données numériques ou symboliques à traiter,PYTHON-ARC-01,Créer des décorateurs,0,0.5141739845
modeliser-1.3,Déterminer la famille d’algorithmes à utiliser au regard des données numériques ou symboliques à traiter,PYTHON-ARC-02,Créer et utiliser des métaclasses,0,0.5625586510
modeliser-1.3,Déterminer la famille d’algorithmes à utiliser au regard des données numériques ou symboliques à traiter,PYTHON-ARC-03,Controler l'accès aux attributs,0,0.5500302315
modeliser-1.3,Déterminer la famille d’algorithmes à utiliser au regard des données numériques ou symboliques à traiter,PYTHON-ARC-04,Créer et utiliser des coroutines,0,0.5365479589
modeliser-1.4,Identifier le rôle des composants d’un ordinateur ou des systèmes électroniques,PYTHON-PRG-01,"Choisir et utiliser les types de bases (bool, int, float, complex, list, etc.)",0,0.5036664009
modeliser-1.4,Identifier le rôle des composants d’un ordinateur ou des systèmes électroniques,PYTHON-PRG-02,"Utiliser les structures de contrôle (if, for, while, etc.)",0,0.5515837073
modeliser-1.4,Identifier le rôle des composants d’un ordinateur ou des systèmes électroniques,PYTHON-PRG-03,"Définir une fonction (arité variable, valeurs par défaut, obligation des paramètres positionnels ou nommés, etc.)",0,0.5295546055
modeliser-1.4,Identifier le rôle des composants d’un ordinateur ou des systèmes électroniques,PYTHON-PRG-04,"Appeler une fonction (passage de paramètre posiitonnel ou nommé, tuple ou dictionnaire en paramètres effectifs, etc.)",0,0.5103451610
modeliser-1.4,Identifier le rôle des composants d’un ordinateur ou des systèmes électroniques,PYTHON-PRG-05,"Créer des packages, modules et script",0,0.5098049641
modeliser-1.4,Identifier le rôle des composants d’un ordinateur ou des systèmes électroniques,PYTHON-PRG-06,"Importer des modules, éléments de modules en les renommant si nécessaire",0,0.5217578411
modeliser-1.4,Identifier le rôle des composants d’un ordinateur ou des systèmes électroniques,PYTHON-PRG-07,Comprendre l'affectation,0,0.5113123059
modeliser-1.4,Identifier le rôle des composants d’un ordinateur ou des systèmes électroniques,PYTHON-PRG-08,Utiliser les fonctions lambda,0,0.5346926451
modeliser-1.4,Identifier le rôle des composants d’un ordinateur ou des systèmes électroniques,PYTHON-PRG-09,"Utiliser les fonctions map, filter et comprehension de séquences",0,0.5252777338
modeliser-1.4,Identifier le rôle des composants d’un ordinateur ou des systèmes électroniques,PYTHON-PRG-10,Utiliser l'instruction yield,0,0.5251905322
modeliser-1.4,Identifier le rôle des composants d’un ordinateur ou des systèmes électroniques,PYTHON-POO-01,"Définir une classe (attributs, méthodes, initialiseur, etc.)",0,0.5382992029
modeliser-1.4,Identifier le rôle des composants d’un ordinateur ou des systèmes électroniques,PYTHON-POO-02,Utiliser les propriétés,0,0.5704109669
modeliser-1.4,Identifier le rôle des composants d’un ordinateur ou des systèmes électroniques,PYTHON-POO-03,Définir les méthodes spéciales,0,0.5363695025
modeliser-1.4,Identifier le rôle des composants d’un ordinateur ou des systèmes électroniques,PYTHON-POO-04,Définir et utiliser les méthodes statiques et de classes,0,0.5176764727
modeliser-1.4,Identifier le rôle des composants d’un ordinateur ou des systèmes électroniques,PYTHON-POO-05,Définir et utiliser des énumérations,0,0.5328528285
modeliser-1.4,Identifier le rôle des composants d’un ordinateur ou des systèmes électroniques,PYTHON-POO-06,Définir et utiliser des dataclasses,0,0.5226294994
modeliser-1.4,Identifier le rôle des composants d’un ordinateur ou des systèmes électroniques,PYTHON-POO-07,Définir et utiliser des classes abstraites et des protocoles,0,0.5246779323
modeliser-1.4,Identifier le rôle des composants d’un ordinateur ou des systèmes électroniques,PYTHON-POO-08,Définir et utiliser des exceptions,0,0.5387557745
modeliser-1.4,Identifier le rôle des composants d’un ordinateur ou des systèmes électroniques,PYTHON-POO-09,Définir et utiliser des gestionnaires de contexte,0,0.5364584327
modeliser-1.4,Identifier le rôle des composants d’un ordinateur ou des systèmes électroniques,PYTHON-POO-10,Utiliser des flux,0,0.5536822081
modeliser-1.4,Identifier le rôle des composants d’un ordinateur ou des systèmes électroniques,PYTHON-DEV-01,Dissocier Python du Système d'exploitation (pyenv),0,0.4909206629
modeliser-1.4,Identifier le rôle des composants d’un ordinateur ou des systèmes électroniques,PYTHON-DEV-02,Gérer les dépendances,0,0.5401762724
modeliser-1.4,Identifier le rôle des composants d’un ordinateur ou des systèmes électroniques,PYTHON-DEV-03,Céer et utiliser les tests unitaires,0,0.5132637024
modeliser-1.4,Identifier le rôle des composants d’un ordinateur ou des systèmes électroniques,PYTHON-DEV-04,Utiliser les logs,0,0.5397129059
modeliser-1.4,Identifier le rôle des composants d’un ordinateur ou des systèmes électroniques,PYTHON-DEV-05,Utiliser le annotations,0,0.5569761992
modeliser-1.4,Identifier le rôle des composants d’un ordinateur ou des systèmes électroniques,PYTHON-DEV-06,Réaliser une audit statique de code,0,0.5121378303
modeliser-1.4,Identifier le rôle des composants d’un ordinateur ou des systèmes électroniques,PYTHON-ARC-01,Créer des décorateurs,0,0.5202231407
modeliser-1.4,Identifier le rôle des composants d’un ordinateur ou des systèmes électroniques,PYTHON-ARC-02,Créer et utiliser des métaclasses,0,0.5301929116
modeliser-1.4,Identifier le rôle des composants d’un ordinateur ou des systèmes électroniques,PYTHON-ARC-03,Controler l'accès aux attributs,0,0.5379665494
modeliser-1.4,Identifier le rôle des composants d’un ordinateur ou des systèmes électroniques,PYTHON-ARC-04,Créer et utiliser des coroutines,0,0.5149613023
modeliser-2.1,Analyser les données numériques et symboliques du problème,PYTHON-PRG-01,"Choisir et utiliser les types de bases (bool, int, float, complex, list, etc.)",0,0.5065758824
modeliser-2.1,Analyser les données numériques et symboliques du problème,PYTHON-PRG-02,"Utiliser les structures de contrôle (if, for, while, etc.)",0,0.5410099030
modeliser-2.1,Analyser les données numériques et symboliques du problème,PYTHON-PRG-03,"Définir une fonction (arité variable, valeurs par défaut, obligation des paramètres positionnels ou nommés, etc.)",0,0.5127979517
modeliser-2.1,Analyser les données numériques et symboliques du problème,PYTHON-PRG-04,"Appeler une fonction (passage de paramètre posiitonnel ou nommé, tuple ou dictionnaire en paramètres effectifs, etc.)",0,0.5122290850
modeliser-2.1,Analyser les données numériques et symboliques du problème,PYTHON-PRG-05,"Créer des packages, modules et script",0,0.5153191090
modeliser-2.1,Analyser les données numériques et symboliques du problème,PYTHON-PRG-06,"Importer des modules, éléments de modules en les renommant si nécessaire",0,0.5289868116
modeliser-2.1,Analyser les données numériques et symboliques du problème,PYTHON-PRG-07,Comprendre l'affectation,0,0.5179374218
modeliser-2.1,Analyser les données numériques et symboliques du problème,PYTHON-PRG-08,Utiliser les fonctions lambda,0,0.5310994387
modeliser-2.1,Analyser les données numériques et symboliques du problème,PYTHON-PRG-09,"Utiliser les fonctions map, filter et comprehension de séquences",0,0.5358106494
modeliser-2.1,Analyser les données numériques et symboliques du problème,PYTHON-PRG-10,Utiliser l'instruction yield,0,0.5280673504
modeliser-2.1,Analyser les données numériques et symboliques du problème,PYTHON-POO-01,"Définir une classe (attributs, méthodes, initialiseur, etc.)",0,0.5297924876
modeliser-2.1,Analyser les données numériques et symboliques du problème,PYTHON-POO-02,Utiliser les propriétés,0,0.5626794100
modeliser-2.1,Analyser les données numériques et symboliques du problème,PYTHON-POO-03,Définir les méthodes spéciales,0,0.5364793539
modeliser-2.1,Analyser les données numériques et symboliques du problème,PYTHON-POO-04,Définir et utiliser les méthodes statiques et de classes,0,0.5207101107
modeliser-2.1,Analyser les données numériques et symboliques du problème,PYTHON-POO-05,Définir et utiliser des énumérations,0,0.5222816467
modeliser-2.1,Analyser les données numériques et symboliques du problème,PYTHON-POO-06,Définir et utiliser des dataclasses,0,0.5352278948
modeliser-2.1,Analyser les données numériques et symboliques du problème,PYTHON-POO-07,Définir et utiliser des classes abstraites et des protocoles,0,0.5273544788
modeliser-2.1,Analyser les données numériques et symboliques du problème,PYTHON-POO-08,Définir et utiliser des exceptions,0,0.5441126227
modeliser-2.1,Analyser les données numériques et symboliques du problème,PYTHON-POO-09,Définir et utiliser des gestionnaires de contexte,0,0.5252873898
modeliser-2.1,Analyser les données numériques et symboliques du problème,PYTHON-POO-10,Utiliser des flux,0,0.5509573221
modeliser-2.1,Analyser les données numériques et symboliques du problème,PYTHON-DEV-01,Dissocier Python du Système d'exploitation (pyenv),0,0.5099790692
modeliser-2.1,Analyser les données numériques et symboliques du problème,PYTHON-DEV-02,Gérer les dépendances,0,0.5471776128
modeliser-2.1,Analyser les données numériques et symboliques du problème,PYTHON-DEV-03,Céer et utiliser les tests unitaires,0,0.5249952078
modeliser-2.1,Analyser les données numériques et symboliques du problème,PYTHON-DEV-04,Utiliser les logs,0,0.5439959764
modeliser-2.1,Analyser les données numériques et symboliques du problème,PYTHON-DEV-05,Utiliser le annotations,0,0.5563708544
modeliser-2.1,Analyser les données numériques et symboliques du problème,PYTHON-DEV-06,Réaliser une audit statique de code,0,0.5371160507
modeliser-2.1,Analyser les données numériques et symboliques du problème,PYTHON-ARC-01,Créer des décorateurs,0,0.5141872764
modeliser-2.1,Analyser les données numériques et symboliques du problème,PYTHON-ARC-02,Créer et utiliser des métaclasses,0,0.5382509232
modeliser-2.1,Analyser les données numériques et symboliques du problème,PYTHON-ARC-03,Controler l'accès aux attributs,0,0.5428852439
modeliser-2.1,Analyser les données numériques et symboliques du problème,PYTHON-ARC-04,Créer et utiliser des coroutines,0,0.5233426690
modeliser-2.2,Comparer les différentes représentations numériques et symboliques des données,PYTHON-PRG-01,"Choisir et utiliser les types de bases (bool, int, float, complex, list, etc.)",0,0.5247945786
modeliser-2.2,Comparer les différentes représentations numériques et symboliques des données,PYTHON-PRG-02,"Utiliser les structures de contrôle (if, for, while, etc.)",0,0.5350415111
modeliser-2.2,Comparer les différentes représentations numériques et symboliques des données,PYTHON-PRG-03,"Définir une fonction (arité variable, valeurs par défaut, obligation des paramètres positionnels ou nommés, etc.)",0,0.5136034489
modeliser-2.2,Comparer les différentes représentations numériques et symboliques des données,PYTHON-PRG-04,"Appeler une fonction (passage de paramètre posiitonnel ou nommé, tuple ou dictionnaire en paramètres effectifs, etc.)",0,0.5008226037
modeliser-2.2,Comparer les différentes représentations numériques et symboliques des données,PYTHON-PRG-05,"Créer des packages, modules et script",0,0.5182142854
modeliser-2.2,Comparer les différentes représentations numériques et symboliques des données,PYTHON-PRG-06,"Importer des modules, éléments de modules en les renommant si nécessaire",0,0.5264076591
modeliser-2.2,Comparer les différentes représentations numériques et symboliques des données,PYTHON-PRG-07,Comprendre l'affectation,0,0.5089708567
modeliser-2.2,Comparer les différentes représentations numériques et symboliques des données,PYTHON-PRG-08,Utiliser les fonctions lambda,0,0.5275195837
modeliser-2.2,Comparer les différentes représentations numériques et symboliques des données,PYTHON-PRG-09,"Utiliser les fonctions map, filter et comprehension de séquences",0,0.5346375704
modeliser-2.2,Comparer les différentes représentations numériques et symboliques des données,PYTHON-PRG-10,Utiliser l'instruction yield,0,0.5222233534
modeliser-2.2,Comparer les différentes représentations numériques et symboliques des données,PYTHON-POO-01,"Définir une classe (attributs, méthodes, initialiseur, etc.)",0,0.5340236425
modeliser-2.2,Comparer les différentes représentations numériques et symboliques des données,PYTHON-POO-02,Utiliser les propriétés,0,0.5607541800
modeliser-2.2,Comparer les différentes représentations numériques et symboliques des données,PYTHON-POO-03,Définir les méthodes spéciales,0,0.5381371975
modeliser-2.2,Comparer les différentes représentations numériques et symboliques des données,PYTHON-POO-04,Définir et utiliser les méthodes statiques et de classes,0,0.5194411874
modeliser-2.2,Comparer les différentes représentations numériques et symboliques des données,PYTHON-POO-05,Définir et utiliser des énumérations,0,0.5220860243
modeliser-2.2,Comparer les différentes représentations numériques et symboliques des données,PYTHON-POO-06,Définir et utiliser des dataclasses,0,0.5422650576
modeliser-2.2,Comparer les différentes représentations numériques et symboliques des données,PYTHON-POO-07,Définir et utiliser des classes abstraites et des protocoles,0,0.5270321965
modeliser-2.2,Comparer les différentes représentations numériques et symboliques des données,PYTHON-POO-08,Définir et utiliser des exceptions,0,0.5302502513
modeliser-2.2,Comparer les différentes représentations numériques et symboliques des données,PYTHON-POO-09,Définir et utiliser des gestionnaires de contexte,0,0.5239357352
modeliser-2.2,Comparer les différentes représentations numériques et symboliques des données,PYTHON-POO-10,Utiliser des flux,0,0.5464425087
modeliser-2.2,Comparer les différentes représentations numériques et symboliques des données,PYTHON-DEV-01,Dissocier Python du Système d'exploitation (pyenv),0,0.4979816079
modeliser-2.2,Comparer les différentes représentations numériques et symboliques des données,PYTHON-DEV-02,Gérer les dépendances,0,0.5420647860
modeliser-2.2,Comparer les différentes représentations numériques et symboliques des données,PYTHON-DEV-03,Céer et utiliser les tests unitaires,0,0.5213652253
modeliser-2.2,Comparer les différentes représentations numériques et symboliques des données,PYTHON-DEV-04,Utiliser les logs,0,0.5363470316
modeliser-2.2,Comparer les différentes représentations numériques et symboliques des données,PYTHON-DEV-05,Utiliser le annotations,0,0.5503579378
modeliser-2.2,Comparer les différentes représentations numériques et symboliques des données,PYTHON-DEV-06,Réaliser une audit statique de code,0,0.5260587335
modeliser-2.2,Comparer les différentes représentations numériques et symboliques des données,PYTHON-ARC-01,Créer des décorateurs,0,0.5105535984
modeliser-2.2,Comparer les différentes représentations numériques et symboliques des données,PYTHON-ARC-02,Créer et utiliser des métaclasses,0,0.5381393433
modeliser-2.2,Comparer les différentes représentations numériques et symboliques des données,PYTHON-ARC-03,Controler l'accès aux attributs,0,0.5418311954
modeliser-2.2,Comparer les différentes représentations numériques et symboliques des données,PYTHON-ARC-04,Créer et utiliser des coroutines,0,0.5183787346
modeliser-2.3,Représenter dans le paradigme de la programmation orienté objet aussi bien les données que les fonctionnalités du problème,PYTHON-PRG-01,"Choisir et utiliser les types de bases (bool, int, float, complex, list, etc.)",0,0.5151565075
modeliser-2.3,Représenter dans le paradigme de la programmation orienté objet aussi bien les données que les fonctionnalités du problème,PYTHON-PRG-02,"Utiliser les structures de contrôle (if, for, while, etc.)",0,0.5486289263
modeliser-2.3,Représenter dans le paradigme de la programmation orienté objet aussi bien les données que les fonctionnalités du problème,PYTHON-PRG-03,"Définir une fonction (arité variable, valeurs par défaut, obligation des paramètres positionnels ou nommés, etc.)",0,0.5715237856
modeliser-2.3,Représenter dans le paradigme de la programmation orienté objet aussi bien les données que les fonctionnalités du problème,PYTHON-PRG-04,"Appeler une fonction (passage de paramètre posiitonnel ou nommé, tuple ou dictionnaire en paramètres effectifs, etc.)",0,0.5294092894
modeliser-2.3,Représenter dans le paradigme de la programmation orienté objet aussi bien les données que les fonctionnalités du problème,PYTHON-PRG-05,"Créer des packages, modules et script",0,0.5310903788
modeliser-2.3,Représenter dans le paradigme de la programmation orienté objet aussi bien les données que les fonctionnalités du problème,PYTHON-PRG-06,"Importer des modules, éléments de modules en les renommant si nécessaire",0,0.5326902866
modeliser-2.3,Représenter dans le paradigme de la programmation orienté objet aussi bien les données que les fonctionnalités du problème,PYTHON-PRG-07,Comprendre l'affectation,0,0.5185853839
modeliser-2.3,Représenter dans le paradigme de la programmation orienté objet aussi bien les données que les fonctionnalités du problème,PYTHON-PRG-08,Utiliser les fonctions lambda,0,0.5642269254
modeliser-2.3,Représenter dans le paradigme de la programmation orienté objet aussi bien les données que les fonctionnalités du problème,PYTHON-PRG-09,"Utiliser les fonctions map, filter et comprehension de séquences",0,0.5451830626
modeliser-2.3,Représenter dans le paradigme de la programmation orienté objet aussi bien les données que les fonctionnalités du problème,PYTHON-PRG-10,Utiliser l'instruction yield,0,0.5347344875
modeliser-2.3,Représenter dans le paradigme de la programmation orienté objet aussi bien les données que les fonctionnalités du problème,PYTHON-POO-01,"Définir une classe (attributs, méthodes, initialiseur, etc.)",0,0.5604884624
modeliser-2.3,Représenter dans le paradigme de la programmation orienté objet aussi bien les données que les fonctionnalités du problème,PYTHON-POO-02,Utiliser les propriétés,0,0.5709328651
modeliser-2.3,Représenter dans le paradigme de la programmation orienté objet aussi bien les données que les fonctionnalités du problème,PYTHON-POO-03,Définir les méthodes spéciales,0,0.5715044141
modeliser-2.3,Représenter dans le paradigme de la programmation orienté objet aussi bien les données que les fonctionnalités du problème,PYTHON-POO-04,Définir et utiliser les méthodes statiques et de classes,0,0.5437521935
modeliser-2.3,Représenter dans le paradigme de la programmation orienté objet aussi bien les données que les fonctionnalités du problème,PYTHON-POO-05,Définir et utiliser des énumérations,0,0.5513228178
modeliser-2.3,Représenter dans le paradigme de la programmation orienté objet aussi bien les données que les fonctionnalités du problème,PYTHON-POO-06,Définir et utiliser des dataclasses,0,0.5662665963
modeliser-2.3,Représenter dans le paradigme de la programmation orienté objet aussi bien les données que les fonctionnalités du problème,PYTHON-POO-07,Définir et utiliser des classes abstraites et des protocoles,0,0.5544298887
modeliser-2.3,Représenter dans le paradigme de la programmation orienté objet aussi bien les données que les fonctionnalités du problème,PYTHON-POO-08,Définir et utiliser des exceptions,0,0.5701103210
modeliser-2.3,Représenter dans le paradigme de la programmation orienté objet aussi bien les données que les fonctionnalités du problème,PYTHON-POO-09,Définir et utiliser des gestionnaires de contexte,0,0.5587093234
modeliser-2.3,Représenter dans le paradigme de la programmation orienté objet aussi bien les données que les fonctionnalités du problème,PYTHON-POO-10,Utiliser des flux,0,0.5573363304
modeliser-2.3,Représenter dans le paradigme de la programmation orienté objet aussi bien les données que les fonctionnalités du problème,PYTHON-DEV-01,Dissocier Python du Système d'exploitation (pyenv),0,0.4987946153
modeliser-2.3,Représenter dans le paradigme de la programmation orienté objet aussi bien les données que les fonctionnalités du problème,PYTHON-DEV-02,Gérer les dépendances,0,0.5488702059
modeliser-2.3,Représenter dans le paradigme de la programmation orienté objet aussi bien les données que les fonctionnalités du problème,PYTHON-DEV-03,Céer et utiliser les tests unitaires,0,0.5203118324
modeliser-2.3,Représenter dans le paradigme de la programmation orienté objet aussi bien les données que les fonctionnalités du problème,PYTHON-DEV-04,Utiliser les logs,0,0.5487552881
modeliser-2.3,Représenter dans le paradigme de la programmation orienté objet aussi bien les données que les fonctionnalités du problème,PYTHON-DEV-05,Utiliser le annotations,0,0.5611879826
modeliser-2.3,Représenter dans le paradigme de la programmation orienté objet aussi bien les données que les fonctionnalités du problème,PYTHON-DEV-06,Réaliser une audit statique de code,0,0.5330797434
modeliser-2.3,Représenter dans le paradigme de la programmation orienté objet aussi bien les données que les fonctionnalités du problème,PYTHON-ARC-01,Créer des décorateurs,0,0.5290374160
modeliser-2.3,Représenter dans le paradigme de la programmation orienté objet aussi bien les données que les fonctionnalités du problème,PYTHON-ARC-02,Créer et utiliser des métaclasses,0,0.5581259727
modeliser-2.3,Représenter dans le paradigme de la programmation orienté objet aussi bien les données que les fonctionnalités du problème,PYTHON-ARC-03,Controler l'accès aux attributs,0,0.5406832695
modeliser-2.3,Représenter dans le paradigme de la programmation orienté objet aussi bien les données que les fonctionnalités du problème,PYTHON-ARC-04,Créer et utiliser des coroutines,0,0.5356135368
modeliser-2.4,Identifier le fonctionnement et les différentes implantations des composants d’un ordinateur ou des systèmes électroniques,PYTHON-PRG-01,"Choisir et utiliser les types de bases (bool, int, float, complex, list, etc.)",0,0.5147815943
modeliser-2.4,Identifier le fonctionnement et les différentes implantations des composants d’un ordinateur ou des systèmes électroniques,PYTHON-PRG-02,"Utiliser les structures de contrôle (if, for, while, etc.)",0,0.5604040027
modeliser-2.4,Identifier le fonctionnement et les différentes implantations des composants d’un ordinateur ou des systèmes électroniques,PYTHON-PRG-03,"Définir une fonction (arité variable, valeurs par défaut, obligation des paramètres positionnels ou nommés, etc.)",0,0.5592186451
modeliser-2.4,Identifier le fonctionnement et les différentes implantations des composants d’un ordinateur ou des systèmes électroniques,PYTHON-PRG-04,"Appeler une fonction (passage de paramètre posiitonnel ou nommé, tuple ou dictionnaire en paramètres effectifs, etc.)",0,0.5283125639
modeliser-2.4,Identifier le fonctionnement et les différentes implantations des composants d’un ordinateur ou des systèmes électroniques,PYTHON-PRG-05,"Créer des packages, modules et script",0,0.5175172687
modeliser-2.4,Identifier le fonctionnement et les différentes implantations des composants d’un ordinateur ou des systèmes électroniques,PYTHON-PRG-06,"Importer des modules, éléments de modules en les renommant si nécessaire",0,0.5247206688
modeliser-2.4,Identifier le fonctionnement et les différentes implantations des composants d’un ordinateur ou des systèmes électroniques,PYTHON-PRG-07,Comprendre l'affectation,0,0.5244871974
modeliser-2.4,Identifier le fonctionnement et les différentes implantations des composants d’un ordinateur ou des systèmes électroniques,PYTHON-PRG-08,Utiliser les fonctions lambda,0,0.5534305573
modeliser-2.4,Identifier le fonctionnement et les différentes implantations des composants d’un ordinateur ou des systèmes électroniques,PYTHON-PRG-09,"Utiliser les fonctions map, filter et comprehension de séquences",0,0.5409718156
modeliser-2.4,Identifier le fonctionnement et les différentes implantations des composants d’un ordinateur ou des systèmes électroniques,PYTHON-PRG-10,Utiliser l'instruction yield,0,0.5399031639
modeliser-2.4,Identifier le fonctionnement et les différentes implantations des composants d’un ordinateur ou des systèmes électroniques,PYTHON-POO-01,"Définir une classe (attributs, méthodes, initialiseur, etc.)",0,0.5437213182
modeliser-2.4,Identifier le fonctionnement et les différentes implantations des composants d’un ordinateur ou des systèmes électroniques,PYTHON-POO-02,Utiliser les propriétés,0,0.5695910454
modeliser-2.4,Identifier le fonctionnement et les différentes implantations des composants d’un ordinateur ou des systèmes électroniques,PYTHON-POO-03,Définir les méthodes spéciales,0,0.5621488690
modeliser-2.4,Identifier le fonctionnement et les différentes implantations des composants d’un ordinateur ou des systèmes électroniques,PYTHON-POO-04,Définir et utiliser les méthodes statiques et de classes,0,0.5363782644
modeliser-2.4,Identifier le fonctionnement et les différentes implantations des composants d’un ordinateur ou des systèmes électroniques,PYTHON-POO-05,Définir et utiliser des énumérations,0,0.5475069284
modeliser-2.4,Identifier le fonctionnement et les différentes implantations des composants d’un ordinateur ou des systèmes électroniques,PYTHON-POO-06,Définir et utiliser des dataclasses,0,0.5328079462
modeliser-2.4,Identifier le fonctionnement et les différentes implantations des composants d’un ordinateur ou des systèmes électroniques,PYTHON-POO-07,Définir et utiliser des classes abstraites et des protocoles,0,0.5358768702
modeliser-2.4,Identifier le fonctionnement et les différentes implantations des composants d’un ordinateur ou des systèmes électroniques,PYTHON-POO-08,Définir et utiliser des exceptions,0,0.5534591675
modeliser-2.4,Identifier le fonctionnement et les différentes implantations des composants d’un ordinateur ou des systèmes électroniques,PYTHON-POO-09,Définir et utiliser des gestionnaires de contexte,0,0.5439181328
modeliser-2.4,Identifier le fonctionnement et les différentes implantations des composants d’un ordinateur ou des systèmes électroniques,PYTHON-POO-10,Utiliser des flux,0,0.5620502234
modeliser-2.4,Identifier le fonctionnement et les différentes implantations des composants d’un ordinateur ou des systèmes électroniques,PYTHON-DEV-01,Dissocier Python du Système d'exploitation (pyenv),0,0.4904327393
modeliser-2.4,Identifier le fonctionnement et les différentes implantations des composants d’un ordinateur ou des systèmes électroniques,PYTHON-DEV-02,Gérer les dépendances,0,0.5478574634
modeliser-2.4,Identifier le fonctionnement et les différentes implantations des composants d’un ordinateur ou des systèmes électroniques,PYTHON-DEV-03,Céer et utiliser les tests unitaires,0,0.5205872059
modeliser-2.4,Identifier le fonctionnement et les différentes implantations des composants d’un ordinateur ou des systèmes électroniques,PYTHON-DEV-04,Utiliser les logs,0,0.5502521992
modeliser-2.4,Identifier le fonctionnement et les différentes implantations des composants d’un ordinateur ou des systèmes électroniques,PYTHON-DEV-05,Utiliser le annotations,0,0.5751611590
modeliser-2.4,Identifier le fonctionnement et les différentes implantations des composants d’un ordinateur ou des systèmes électroniques,PYTHON-DEV-06,Réaliser une audit statique de code,0,0.5181462765
modeliser-2.4,Identifier le fonctionnement et les différentes implantations des composants d’un ordinateur ou des systèmes électroniques,PYTHON-ARC-01,Créer des décorateurs,0,0.5214122534
modeliser-2.4,Identifier le fonctionnement et les différentes implantations des composants d’un ordinateur ou des systèmes électroniques,PYTHON-ARC-02,Créer et utiliser des métaclasses,0,0.5447305441
modeliser-2.4,Identifier le fonctionnement et les différentes implantations des composants d’un ordinateur ou des systèmes électroniques,PYTHON-ARC-03,Controler l'accès aux attributs,0,0.5343715549
modeliser-2.4,Identifier le fonctionnement et les différentes implantations des composants d’un ordinateur ou des systèmes électroniques,PYTHON-ARC-04,Créer et utiliser des coroutines,0,0.5296426415
modeliser-3.1,Normaliser des données pour appliquer un modèle,PYTHON-PRG-01,"Choisir et utiliser les types de bases (bool, int, float, complex, list, etc.)",0,0.5201814771
modeliser-3.1,Normaliser des données pour appliquer un modèle,PYTHON-PRG-02,"Utiliser les structures de contrôle (if, for, while, etc.)",0,0.5407526493
modeliser-3.1,Normaliser des données pour appliquer un modèle,PYTHON-PRG-03,"Définir une fonction (arité variable, valeurs par défaut, obligation des paramètres positionnels ou nommés, etc.)",0,0.5275840759
modeliser-3.1,Normaliser des données pour appliquer un modèle,PYTHON-PRG-04,"Appeler une fonction (passage de paramètre posiitonnel ou nommé, tuple ou dictionnaire en paramètres effectifs, etc.)",0,0.5241235495
modeliser-3.1,Normaliser des données pour appliquer un modèle,PYTHON-PRG-05,"Créer des packages, modules et script",0,0.5199090838
modeliser-3.1,Normaliser des données pour appliquer un modèle,PYTHON-PRG-06,"Importer des modules, éléments de modules en les renommant si nécessaire",0,0.5343925357
modeliser-3.1,Normaliser des données pour appliquer un modèle,PYTHON-PRG-07,Comprendre l'affectation,0,0.5182796121
modeliser-3.1,Normaliser des données pour appliquer un modèle,PYTHON-PRG-08,Utiliser les fonctions lambda,0,0.5376864672
modeliser-3.1,Normaliser des données pour appliquer un modèle,PYTHON-PRG-09,"Utiliser les fonctions map, filter et comprehension de séquences",0,0.5375205278
modeliser-3.1,Normaliser des données pour appliquer un modèle,PYTHON-PRG-10,Utiliser l'instruction yield,0,0.5368475914
modeliser-3.1,Normaliser des données pour appliquer un modèle,PYTHON-POO-01,"Définir une classe (attributs, méthodes, initialiseur, etc.)",0,0.5385920405
modeliser-3.1,Normaliser des données pour appliquer un modèle,PYTHON-POO-02,Utiliser les propriétés,0,0.5724367499
modeliser-3.1,Normaliser des données pour appliquer un modèle,PYTHON-POO-03,Définir les méthodes spéciales,0,0.5474613905
modeliser-3.1,Normaliser des données pour appliquer un modèle,PYTHON-POO-04,Définir et utiliser les méthodes statiques et de classes,0,0.5315674543
modeliser-3.1,Normaliser des données pour appliquer un modèle,PYTHON-POO-05,Définir et utiliser des énumérations,0,0.5401029587
modeliser-3.1,Normaliser des données pour appliquer un modèle,PYTHON-POO-06,Définir et utiliser des dataclasses,0,0.5578485131
modeliser-3.1,Normaliser des données pour appliquer un modèle,PYTHON-POO-07,Définir et utiliser des classes abstraites et des protocoles,0,0.5328807831
modeliser-3.1,Normaliser des données pour appliquer un modèle,PYTHON-POO-08,Définir et utiliser des exceptions,0,0.5424092412
modeliser-3.1,Normaliser des données pour appliquer un modèle,PYTHON-POO-09,Définir et utiliser des gestionnaires de contexte,0,0.5318440199
modeliser-3.1,Normaliser des données pour appliquer un modèle,PYTHON-POO-10,Utiliser des flux,0,0.5633793473
modeliser-3.1,Normaliser des données pour appliquer un modèle,PYTHON-DEV-01,Dissocier Python du Système d'exploitation (pyenv),0,0.5005065203
modeliser-3.1,Normaliser des données pour appliquer un modèle,PYTHON-DEV-02,Gérer les dépendances,0,0.5479701757
modeliser-3.1,Normaliser des données pour appliquer un modèle,PYTHON-DEV-03,Céer et utiliser les tests unitaires,0,0.5337500572
modeliser-3.1,Normaliser des données pour appliquer un modèle,PYTHON-DEV-04,Utiliser les logs,0,0.5499006510
modeliser-3.1,Normaliser des données pour appliquer un modèle,PYTHON-DEV-05,Utiliser le annotations,0,0.5695618391
modeliser-3.1,Normaliser des données pour appliquer un modèle,PYTHON-DEV-06,Réaliser une audit statique de code,0,0.5286814570
modeliser-3.1,Normaliser des données pour appliquer un modèle,PYTHON-ARC-01,Créer des décorateurs,0,0.5145090818
modeliser-3.1,Normaliser des données pour appliquer un modèle,PYTHON-ARC-02,Créer et utiliser des métaclasses,0,0.5521003604
modeliser-3.1,Normaliser des données pour appliquer un modèle,PYTHON-ARC-03,Controler l'accès aux attributs,0,0.5443844795
modeliser-3.1,Normaliser des données pour appliquer un modèle,PYTHON-ARC-04,Créer et utiliser des coroutines,0,0.5322369337
modeliser-3.2,Caractériser les données pour en déduire le modèle,PYTHON-PRG-01,"Choisir et utiliser les types de bases (bool, int, float, complex, list, etc.)",0,0.5122058988
modeliser-3.2,Caractériser les données pour en déduire le modèle,PYTHON-PRG-02,"Utiliser les structures de contrôle (if, for, while, etc.)",0,0.5333271027
modeliser-3.2,Caractériser les données pour en déduire le modèle,PYTHON-PRG-03,"Définir une fonction (arité variable, valeurs par défaut, obligation des paramètres positionnels ou nommés, etc.)",0,0.5131289959
modeliser-3.2,Caractériser les données pour en déduire le modèle,PYTHON-PRG-04,"Appeler une fonction (passage de paramètre posiitonnel ou nommé, tuple ou dictionnaire en paramètres effectifs, etc.)",0,0.5053182244
modeliser-3.2,Caractériser les données pour en déduire le modèle,PYTHON-PRG-05,"Créer des packages, modules et script",0,0.5193402767
modeliser-3.2,Caractériser les données pour en déduire le modèle,PYTHON-PRG-06,"Importer des modules, éléments de modules en les renommant si nécessaire",0,0.5313571692
modeliser-3.2,Caractériser les données pour en déduire le modèle,PYTHON-PRG-07,Comprendre l'affectation,0,0.5223159790
modeliser-3.2,Caractériser les données pour en déduire le modèle,PYTHON-PRG-08,Utiliser les fonctions lambda,0,0.5287742615
modeliser-3.2,Caractériser les données pour en déduire le modèle,PYTHON-PRG-09,"Utiliser les fonctions map, filter et comprehension de séquences",0,0.5322394371
modeliser-3.2,Caractériser les données pour en déduire le modèle,PYTHON-PRG-10,Utiliser l'instruction yield,0,0.5319010019
modeliser-3.2,Caractériser les données pour en déduire le modèle,PYTHON-POO-01,"Définir une classe (attributs, méthodes, initialiseur, etc.)",0,0.5469832420
modeliser-3.2,Caractériser les données pour en déduire le modèle,PYTHON-POO-02,Utiliser les propriétés,0,0.5757102966
modeliser-3.2,Caractériser les données pour en déduire le modèle,PYTHON-POO-03,Définir les méthodes spéciales,0,0.5420612097
modeliser-3.2,Caractériser les données pour en déduire le modèle,PYTHON-POO-04,Définir et utiliser les méthodes statiques et de classes,0,0.5323921442
modeliser-3.2,Caractériser les données pour en déduire le modèle,PYTHON-POO-05,Définir et utiliser des énumérations,0,0.5368083715
modeliser-3.2,Caractériser les données pour en déduire le modèle,PYTHON-POO-06,Définir et utiliser des dataclasses,0,0.5677659512
modeliser-3.2,Caractériser les données pour en déduire le modèle,PYTHON-POO-07,Définir et utiliser des classes abstraites et des protocoles,0,0.5403921604
modeliser-3.2,Caractériser les données pour en déduire le modèle,PYTHON-POO-08,Définir et utiliser des exceptions,0,0.5412173271
modeliser-3.2,Caractériser les données pour en déduire le modèle,PYTHON-POO-09,Définir et utiliser des gestionnaires de contexte,0,0.5309687257
modeliser-3.2,Caractériser les données pour en déduire le modèle,PYTHON-POO-10,Utiliser des flux,0,0.5570356846
modeliser-3.2,Caractériser les données pour en déduire le modèle,PYTHON-DEV-01,Dissocier Python du Système d'exploitation (pyenv),0,0.5060609579
modeliser-3.2,Caractériser les données pour en déduire le modèle,PYTHON-DEV-02,Gérer les dépendances,0,0.5467790365
modeliser-3.2,Caractériser les données pour en déduire le modèle,PYTHON-DEV-03,Céer et utiliser les tests unitaires,0,0.5241554976
modeliser-3.2,Caractériser les données pour en déduire le modèle,PYTHON-DEV-04,Utiliser les logs,0,0.5410540700
modeliser-3.2,Caractériser les données pour en déduire le modèle,PYTHON-DEV-05,Utiliser le annotations,0,0.5559383631
modeliser-3.2,Caractériser les données pour en déduire le modèle,PYTHON-DEV-06,Réaliser une audit statique de code,0,0.5246760845
modeliser-3.2,Caractériser les données pour en déduire le modèle,PYTHON-ARC-01,Créer des décorateurs,0,0.5200452805
modeliser-3.2,Caractériser les données pour en déduire le modèle,PYTHON-ARC-02,Créer et utiliser des métaclasses,0,0.5523844957
modeliser-3.2,Caractériser les données pour en déduire le modèle,PYTHON-ARC-03,Controler l'accès aux attributs,0,0.5564161539
modeliser-3.2,Caractériser les données pour en déduire le modèle,PYTHON-ARC-04,Créer et utiliser des coroutines,0,0.5272414684
modeliser-4.1,Transformer le modèle pour obtenir une résolution acceptable,PYTHON-PRG-01,"Choisir et utiliser les types de bases (bool, int, float, complex, list, etc.)",0,0.5124911070
modeliser-4.1,Transformer le modèle pour obtenir une résolution acceptable,PYTHON-PRG-02,"Utiliser les structures de contrôle (if, for, while, etc.)",0,0.5424437523
modeliser-4.1,Transformer le modèle pour obtenir une résolution acceptable,PYTHON-PRG-03,"Définir une fonction (arité variable, valeurs par défaut, obligation des paramètres positionnels ou nommés, etc.)",0,0.5123829246
modeliser-4.1,Transformer le modèle pour obtenir une résolution acceptable,PYTHON-PRG-04,"Appeler une fonction (passage de paramètre posiitonnel ou nommé, tuple ou dictionnaire en paramètres effectifs, etc.)",0,0.5248392224
modeliser-4.1,Transformer le modèle pour obtenir une résolution acceptable,PYTHON-PRG-05,"Créer des packages, modules et script",0,0.5315992832
modeliser-4.1,Transformer le modèle pour obtenir une résolution acceptable,PYTHON-PRG-06,"Importer des modules, éléments de modules en les renommant si nécessaire",0,0.5578581095
modeliser-4.1,Transformer le modèle pour obtenir une résolution acceptable,PYTHON-PRG-07,Comprendre l'affectation,0,0.5287028551
modeliser-4.1,Transformer le modèle pour obtenir une résolution acceptable,PYTHON-PRG-08,Utiliser les fonctions lambda,0,0.5398020744
modeliser-4.1,Transformer le modèle pour obtenir une résolution acceptable,PYTHON-PRG-09,"Utiliser les fonctions map, filter et comprehension de séquences",0,0.5469332933
modeliser-4.1,Transformer le modèle pour obtenir une résolution acceptable,PYTHON-PRG-10,Utiliser l'instruction yield,0,0.5443431139
modeliser-4.1,Transformer le modèle pour obtenir une résolution acceptable,PYTHON-POO-01,"Définir une classe (attributs, méthodes, initialiseur, etc.)",0,0.5372436047
modeliser-4.1,Transformer le modèle pour obtenir une résolution acceptable,PYTHON-POO-02,Utiliser les propriétés,0,0.5688576102
modeliser-4.1,Transformer le modèle pour obtenir une résolution acceptable,PYTHON-POO-03,Définir les méthodes spéciales,0,0.5530162454
modeliser-4.1,Transformer le modèle pour obtenir une résolution acceptable,PYTHON-POO-04,Définir et utiliser les méthodes statiques et de classes,0,0.5332360268
modeliser-4.1,Transformer le modèle pour obtenir une résolution acceptable,PYTHON-POO-05,Définir et utiliser des énumérations,0,0.5253127813
modeliser-4.1,Transformer le modèle pour obtenir une résolution acceptable,PYTHON-POO-06,Définir et utiliser des dataclasses,0,0.5257030725
modeliser-4.1,Transformer le modèle pour obtenir une résolution acceptable,PYTHON-POO-07,Définir et utiliser des classes abstraites et des protocoles,0,0.5386445522
modeliser-4.1,Transformer le modèle pour obtenir une résolution acceptable,PYTHON-POO-08,Définir et utiliser des exceptions,0,0.5426474810
modeliser-4.1,Transformer le modèle pour obtenir une résolution acceptable,PYTHON-POO-09,Définir et utiliser des gestionnaires de contexte,0,0.5376415849
modeliser-4.1,Transformer le modèle pour obtenir une résolution acceptable,PYTHON-POO-10,Utiliser des flux,0,0.5618962646
modeliser-4.1,Transformer le modèle pour obtenir une résolution acceptable,PYTHON-DEV-01,Dissocier Python du Système d'exploitation (pyenv),0,0.5233862400
modeliser-4.1,Transformer le modèle pour obtenir une résolution acceptable,PYTHON-DEV-02,Gérer les dépendances,0,0.5609074831
modeliser-4.1,Transformer le modèle pour obtenir une résolution acceptable,PYTHON-DEV-03,Céer et utiliser les tests unitaires,0,0.5295540690
modeliser-4.1,Transformer le modèle pour obtenir une résolution acceptable,PYTHON-DEV-04,Utiliser les logs,0,0.5478112698
modeliser-4.1,Transformer le modèle pour obtenir une résolution acceptable,PYTHON-DEV-05,Utiliser le annotations,0,0.5614336729
modeliser-4.1,Transformer le modèle pour obtenir une résolution acceptable,PYTHON-DEV-06,Réaliser une audit statique de code,0,0.5447660685
modeliser-4.1,Transformer le modèle pour obtenir une résolution acceptable,PYTHON-ARC-01,Créer des décorateurs,0,0.5381943583
modeliser-4.1,Transformer le modèle pour obtenir une résolution acceptable,PYTHON-ARC-02,Créer et utiliser des métaclasses,0,0.5582132339
modeliser-4.1,Transformer le modèle pour obtenir une résolution acceptable,PYTHON-ARC-03,Controler l'accès aux attributs,0,0.5561475754
modeliser-4.1,Transformer le modèle pour obtenir une résolution acceptable,PYTHON-ARC-04,Créer et utiliser des coroutines,0,0.5377696753
modeliser-4.2,Transformer les données pour obtenir une résolution acceptable,PYTHON-PRG-01,"Choisir et utiliser les types de bases (bool, int, float, complex, list, etc.)",0,0.5221166611
modeliser-4.2,Transformer les données pour obtenir une résolution acceptable,PYTHON-PRG-02,"Utiliser les structures de contrôle (if, for, while, etc.)",0,0.5476295352
modeliser-4.2,Transformer les données pour obtenir une résolution acceptable,PYTHON-PRG-03,"Définir une fonction (arité variable, valeurs par défaut, obligation des paramètres positionnels ou nommés, etc.)",0,0.5325934887
modeliser-4.2,Transformer les données pour obtenir une résolution acceptable,PYTHON-PRG-04,"Appeler une fonction (passage de paramètre posiitonnel ou nommé, tuple ou dictionnaire en paramètres effectifs, etc.)",0,0.5284632444
modeliser-4.2,Transformer les données pour obtenir une résolution acceptable,PYTHON-PRG-05,"Créer des packages, modules et script",0,0.5335737467
modeliser-4.2,Transformer les données pour obtenir une résolution acceptable,PYTHON-PRG-06,"Importer des modules, éléments de modules en les renommant si nécessaire",0,0.5548968315
modeliser-4.2,Transformer les données pour obtenir une résolution acceptable,PYTHON-PRG-07,Comprendre l'affectation,0,0.5291570425
modeliser-4.2,Transformer les données pour obtenir une résolution acceptable,PYTHON-PRG-08,Utiliser les fonctions lambda,0,0.5468406677
modeliser-4.2,Transformer les données pour obtenir une résolution acceptable,PYTHON-PRG-09,"Utiliser les fonctions map, filter et comprehension de séquences",0,0.5541946888
modeliser-4.2,Transformer les données pour obtenir une résolution acceptable,PYTHON-PRG-10,Utiliser l'instruction yield,0,0.5526944995
modeliser-4.2,Transformer les données pour obtenir une résolution acceptable,PYTHON-POO-01,"Définir une classe (attributs, méthodes, initialiseur, etc.)",0,0.5359635949
modeliser-4.2,Transformer les données pour obtenir une résolution acceptable,PYTHON-POO-02,Utiliser les propriétés,0,0.5820297003
modeliser-4.2,Transformer les données pour obtenir une résolution acceptable,PYTHON-POO-03,Définir les méthodes spéciales,0,0.5616812706
modeliser-4.2,Transformer les données pour obtenir une résolution acceptable,PYTHON-POO-04,Définir et utiliser les méthodes statiques et de classes,0,0.5417303443
modeliser-4.2,Transformer les données pour obtenir une résolution acceptable,PYTHON-POO-05,Définir et utiliser des énumérations,0,0.5448811650
modeliser-4.2,Transformer les données pour obtenir une résolution acceptable,PYTHON-POO-06,Définir et utiliser des dataclasses,0,0.5601437688
modeliser-4.2,Transformer les données pour obtenir une résolution acceptable,PYTHON-POO-07,Définir et utiliser des classes abstraites et des protocoles,0,0.5410318375
modeliser-4.2,Transformer les données pour obtenir une résolution acceptable,PYTHON-POO-08,Définir et utiliser des exceptions,0,0.5566287637
modeliser-4.2,Transformer les données pour obtenir une résolution acceptable,PYTHON-POO-09,Définir et utiliser des gestionnaires de contexte,0,0.5434690714
modeliser-4.2,Transformer les données pour obtenir une résolution acceptable,PYTHON-POO-10,Utiliser des flux,0,0.5776250958
modeliser-4.2,Transformer les données pour obtenir une résolution acceptable,PYTHON-DEV-01,Dissocier Python du Système d'exploitation (pyenv),0,0.5171228647
modeliser-4.2,Transformer les données pour obtenir une résolution acceptable,PYTHON-DEV-02,Gérer les dépendances,0,0.5606641173
modeliser-4.2,Transformer les données pour obtenir une résolution acceptable,PYTHON-DEV-03,Céer et utiliser les tests unitaires,0,0.5466506481
modeliser-4.2,Transformer les données pour obtenir une résolution acceptable,PYTHON-DEV-04,Utiliser les logs,0,0.5598984957
modeliser-4.2,Transformer les données pour obtenir une résolution acceptable,PYTHON-DEV-05,Utiliser le annotations,0,0.5766057372
modeliser-4.2,Transformer les données pour obtenir une résolution acceptable,PYTHON-DEV-06,Réaliser une audit statique de code,0,0.5480144024
modeliser-4.2,Transformer les données pour obtenir une résolution acceptable,PYTHON-ARC-01,Créer des décorateurs,0,0.5381327868
modeliser-4.2,Transformer les données pour obtenir une résolution acceptable,PYTHON-ARC-02,Créer et utiliser des métaclasses,0,0.5618624687
modeliser-4.2,Transformer les données pour obtenir une résolution acceptable,PYTHON-ARC-03,Controler l'accès aux attributs,0,0.5584409833
modeliser-4.2,Transformer les données pour obtenir une résolution acceptable,PYTHON-ARC-04,Créer et utiliser des coroutines,0,0.5442820787
modeliser-4.3,Construire les modèles statistiques adaptés aux données,PYTHON-PRG-01,"Choisir et utiliser les types de bases (bool, int, float, complex, list, etc.)",0,0.5241581202
modeliser-4.3,Construire les modèles statistiques adaptés aux données,PYTHON-PRG-02,"Utiliser les structures de contrôle (if, for, while, etc.)",0,0.5496024489
modeliser-4.3,Construire les modèles statistiques adaptés aux données,PYTHON-PRG-03,"Définir une fonction (arité variable, valeurs par défaut, obligation des paramètres positionnels ou nommés, etc.)",0,0.5284481049
modeliser-4.3,Construire les modèles statistiques adaptés aux données,PYTHON-PRG-04,"Appeler une fonction (passage de paramètre posiitonnel ou nommé, tuple ou dictionnaire en paramètres effectifs, etc.)",0,0.5081999302
modeliser-4.3,Construire les modèles statistiques adaptés aux données,PYTHON-PRG-05,"Créer des packages, modules et script",0,0.5422540307
modeliser-4.3,Construire les modèles statistiques adaptés aux données,PYTHON-PRG-06,"Importer des modules, éléments de modules en les renommant si nécessaire",0,0.5296674967
modeliser-4.3,Construire les modèles statistiques adaptés aux données,PYTHON-PRG-07,Comprendre l'affectation,0,0.5160603523
modeliser-4.3,Construire les modèles statistiques adaptés aux données,PYTHON-PRG-08,Utiliser les fonctions lambda,0,0.5364966989
modeliser-4.3,Construire les modèles statistiques adaptés aux données,PYTHON-PRG-09,"Utiliser les fonctions map, filter et comprehension de séquences",0,0.5338179469
modeliser-4.3,Construire les modèles statistiques adaptés aux données,PYTHON-PRG-10,Utiliser l'instruction yield,0,0.5304167271
modeliser-4.3,Construire les modèles statistiques adaptés aux données,PYTHON-POO-01,"Définir une classe (attributs, méthodes, initialiseur, etc.)",0,0.5387071967
modeliser-4.3,Construire les modèles statistiques adaptés aux données,PYTHON-POO-02,Utiliser les propriétés,0,0.5807938576
modeliser-4.3,Construire les modèles statistiques adaptés aux données,PYTHON-POO-03,Définir les méthodes spéciales,0,0.5634437799
modeliser-4.3,Construire les modèles statistiques adaptés aux données,PYTHON-POO-04,Définir et utiliser les méthodes statiques et de classes,0,0.5575382710
modeliser-4.3,Construire les modèles statistiques adaptés aux données,PYTHON-POO-05,Définir et utiliser des énumérations,0,0.5417032242
modeliser-4.3,Construire les modèles statistiques adaptés aux données,PYTHON-POO-06,Définir et utiliser des dataclasses,0,0.5669208765
modeliser-4.3,Construire les modèles statistiques adaptés aux données,PYTHON-POO-07,Définir et utiliser des classes abstraites et des protocoles,0,0.5376193523
modeliser-4.3,Construire les modèles statistiques adaptés aux données,PYTHON-POO-08,Définir et utiliser des exceptions,0,0.5476139784
modeliser-4.3,Construire les modèles statistiques adaptés aux données,PYTHON-POO-09,Définir et utiliser des gestionnaires de contexte,0,0.5408157110
modeliser-4.3,Construire les modèles statistiques adaptés aux données,PYTHON-POO-10,Utiliser des flux,0,0.5637193918
modeliser-4.3,Construire les modèles statistiques adaptés aux données,PYTHON-DEV-01,Dissocier Python du Système d'exploitation (pyenv),0,0.4998107553
modeliser-4.3,Construire les modèles statistiques adaptés aux données,PYTHON-DEV-02,Gérer les dépendances,0,0.5530825853
modeliser-4.3,Construire les modèles statistiques adaptés aux données,PYTHON-DEV-03,Céer et utiliser les tests unitaires,0,0.5323573351
modeliser-4.3,Construire les modèles statistiques adaptés aux données,PYTHON-DEV-04,Utiliser les logs,0,0.5510050058
modeliser-4.3,Construire les modèles statistiques adaptés aux données,PYTHON-DEV-05,Utiliser le annotations,0,0.5631237030
modeliser-4.3,Construire les modèles statistiques adaptés aux données,PYTHON-DEV-06,Réaliser une audit statique de code,0,0.5262128115
modeliser-4.3,Construire les modèles statistiques adaptés aux données,PYTHON-ARC-01,Créer des décorateurs,0,0.5479571819
modeliser-4.3,Construire les modèles statistiques adaptés aux données,PYTHON-ARC-02,Créer et utiliser des métaclasses,0,0.5782616138
modeliser-4.3,Construire les modèles statistiques adaptés aux données,PYTHON-ARC-03,Controler l'accès aux attributs,0,0.5595860481
modeliser-4.3,Construire les modèles statistiques adaptés aux données,PYTHON-ARC-04,Créer et utiliser des coroutines,0,0.5522011518
modeliser-4.4,Évaluer les besoins en ressources,PYTHON-PRG-01,"Choisir et utiliser les types de bases (bool, int, float, complex, list, etc.)",0,0.5131276250
modeliser-4.4,Évaluer les besoins en ressources,PYTHON-PRG-02,"Utiliser les structures de contrôle (if, for, while, etc.)",0,0.5445061922
modeliser-4.4,Évaluer les besoins en ressources,PYTHON-PRG-03,"Définir une fonction (arité variable, valeurs par défaut, obligation des paramètres positionnels ou nommés, etc.)",0,0.5252326727
modeliser-4.4,Évaluer les besoins en ressources,PYTHON-PRG-04,"Appeler une fonction (passage de paramètre posiitonnel ou nommé, tuple ou dictionnaire en paramètres effectifs, etc.)",0,0.5084415078
modeliser-4.4,Évaluer les besoins en ressources,PYTHON-PRG-05,"Créer des packages, modules et script",0,0.5238091946
modeliser-4.4,Évaluer les besoins en ressources,PYTHON-PRG-06,"Importer des modules, éléments de modules en les renommant si nécessaire",0,0.5411945581
modeliser-4.4,Évaluer les besoins en ressources,PYTHON-PRG-07,Comprendre l'affectation,0,0.5267568827
modeliser-4.4,Évaluer les besoins en ressources,PYTHON-PRG-08,Utiliser les fonctions lambda,0,0.5417025089
modeliser-4.4,Évaluer les besoins en ressources,PYTHON-PRG-09,"Utiliser les fonctions map, filter et comprehension de séquences",0,0.5395296812
modeliser-4.4,Évaluer les besoins en ressources,PYTHON-PRG-10,Utiliser l'instruction yield,0,0.5449515581
modeliser-4.4,Évaluer les besoins en ressources,PYTHON-POO-01,"Définir une classe (attributs, méthodes, initialiseur, etc.)",0,0.5386915207
modeliser-4.4,Évaluer les besoins en ressources,PYTHON-POO-02,Utiliser les propriétés,0,0.5763300657
modeliser-4.4,Évaluer les besoins en ressources,PYTHON-POO-03,Définir les méthodes spéciales,0,0.5516784787
modeliser-4.4,Évaluer les besoins en ressources,PYTHON-POO-04,Définir et utiliser les méthodes statiques et de classes,0,0.5301924944
modeliser-4.4,Évaluer les besoins en ressources,PYTHON-POO-05,Définir et utiliser des énumérations,0,0.5436618328
modeliser-4.4,Évaluer les besoins en ressources,PYTHON-POO-06,Définir et utiliser des dataclasses,0,0.5336081982
modeliser-4.4,Évaluer les besoins en ressources,PYTHON-POO-07,Définir et utiliser des classes abstraites et des protocoles,0,0.5322239995
modeliser-4.4,Évaluer les besoins en ressources,PYTHON-POO-08,Définir et utiliser des exceptions,0,0.5500046015
modeliser-4.4,Évaluer les besoins en ressources,PYTHON-POO-09,Définir et utiliser des gestionnaires de contexte,0,0.5405539870
modeliser-4.4,Évaluer les besoins en ressources,PYTHON-POO-10,Utiliser des flux,0,0.5751470923
modeliser-4.4,Évaluer les besoins en ressources,PYTHON-DEV-01,Dissocier Python du Système d'exploitation (pyenv),0,0.5027327538
modeliser-4.4,Évaluer les besoins en ressources,PYTHON-DEV-02,Gérer les dépendances,0,0.5716667175
modeliser-4.4,Évaluer les besoins en ressources,PYTHON-DEV-03,Céer et utiliser les tests unitaires,0,0.5358921289
modeliser-4.4,Évaluer les besoins en ressources,PYTHON-DEV-04,Utiliser les logs,0,0.5542538762
modeliser-4.4,Évaluer les besoins en ressources,PYTHON-DEV-05,Utiliser le annotations,0,0.5675489902
modeliser-4.4,Évaluer les besoins en ressources,PYTHON-DEV-06,Réaliser une audit statique de code,0,0.5337440968
modeliser-4.4,Évaluer les besoins en ressources,PYTHON-ARC-01,Créer des décorateurs,0,0.5200461149
modeliser-4.4,Évaluer les besoins en ressources,PYTHON-ARC-02,Créer et utiliser des métaclasses,0,0.5473858714
modeliser-4.4,Évaluer les besoins en ressources,PYTHON-ARC-03,Controler l'accès aux attributs,0,0.5439313054
modeliser-4.4,Évaluer les besoins en ressources,PYTHON-ARC-04,Créer et utiliser des coroutines,0,0.5332314968
concevoir-1.1,Transposer une expression formelle en algorithme et vice-versa,PYTHON-PRG-01,"Choisir et utiliser les types de bases (bool, int, float, complex, list, etc.)",0,0.5029693842
concevoir-1.1,Transposer une expression formelle en algorithme et vice-versa,PYTHON-PRG-02,"Utiliser les structures de contrôle (if, for, while, etc.)",0,0.5375893116
concevoir-1.1,Transposer une expression formelle en algorithme et vice-versa,PYTHON-PRG-03,"Définir une fonction (arité variable, valeurs par défaut, obligation des paramètres positionnels ou nommés, etc.)",0,0.5114005804
concevoir-1.1,Transposer une expression formelle en algorithme et vice-versa,PYTHON-PRG-04,"Appeler une fonction (passage de paramètre posiitonnel ou nommé, tuple ou dictionnaire en paramètres effectifs, etc.)",0,0.5367153287
concevoir-1.1,Transposer une expression formelle en algorithme et vice-versa,PYTHON-PRG-05,"Créer des packages, modules et script",0,0.5125800371
concevoir-1.1,Transposer une expression formelle en algorithme et vice-versa,PYTHON-PRG-06,"Importer des modules, éléments de modules en les renommant si nécessaire",0,0.5345896482
concevoir-1.1,Transposer une expression formelle en algorithme et vice-versa,PYTHON-PRG-07,Comprendre l'affectation,0,0.5045490265
concevoir-1.1,Transposer une expression formelle en algorithme et vice-versa,PYTHON-PRG-08,Utiliser les fonctions lambda,0,0.5276427269
concevoir-1.1,Transposer une expression formelle en algorithme et vice-versa,PYTHON-PRG-09,"Utiliser les fonctions map, filter et comprehension de séquences",0,0.5367019176
concevoir-1.1,Transposer une expression formelle en algorithme et vice-versa,PYTHON-PRG-10,Utiliser l'instruction yield,0,0.5336554050
concevoir-1.1,Transposer une expression formelle en algorithme et vice-versa,PYTHON-POO-01,"Définir une classe (attributs, méthodes, initialiseur, etc.)",0,0.5332225561
concevoir-1.1,Transposer une expression formelle en algorithme et vice-versa,PYTHON-POO-02,Utiliser les propriétés,0,0.5597401857
concevoir-1.1,Transposer une expression formelle en algorithme et vice-versa,PYTHON-POO-03,Définir les méthodes spéciales,0,0.5450690985
concevoir-1.1,Transposer une expression formelle en algorithme et vice-versa,PYTHON-POO-04,Définir et utiliser les méthodes statiques et de classes,0,0.5213178396
concevoir-1.1,Transposer une expression formelle en algorithme et vice-versa,PYTHON-POO-05,Définir et utiliser des énumérations,0,0.5233231783
concevoir-1.1,Transposer une expression formelle en algorithme et vice-versa,PYTHON-POO-06,Définir et utiliser des dataclasses,0,0.5172083378
concevoir-1.1,Transposer une expression formelle en algorithme et vice-versa,PYTHON-POO-07,Définir et utiliser des classes abstraites et des protocoles,0,0.5294963121
concevoir-1.1,Transposer une expression formelle en algorithme et vice-versa,PYTHON-POO-08,Définir et utiliser des exceptions,0,0.5427624583
concevoir-1.1,Transposer une expression formelle en algorithme et vice-versa,PYTHON-POO-09,Définir et utiliser des gestionnaires de contexte,0,0.5220085382
concevoir-1.1,Transposer une expression formelle en algorithme et vice-versa,PYTHON-POO-10,Utiliser des flux,0,0.5551887751
concevoir-1.1,Transposer une expression formelle en algorithme et vice-versa,PYTHON-DEV-01,Dissocier Python du Système d'exploitation (pyenv),0,0.4977363646
concevoir-1.1,Transposer une expression formelle en algorithme et vice-versa,PYTHON-DEV-02,Gérer les dépendances,0,0.5410768986
concevoir-1.1,Transposer une expression formelle en algorithme et vice-versa,PYTHON-DEV-03,Céer et utiliser les tests unitaires,0,0.5169149637
concevoir-1.1,Transposer une expression formelle en algorithme et vice-versa,PYTHON-DEV-04,Utiliser les logs,0,0.5418845415
concevoir-1.1,Transposer une expression formelle en algorithme et vice-versa,PYTHON-DEV-05,Utiliser le annotations,0,0.5495157838
concevoir-1.1,Transposer une expression formelle en algorithme et vice-versa,PYTHON-DEV-06,Réaliser une audit statique de code,0,0.5401846170
concevoir-1.1,Transposer une expression formelle en algorithme et vice-versa,PYTHON-ARC-01,Créer des décorateurs,0,0.5124331117
concevoir-1.1,Transposer une expression formelle en algorithme et vice-versa,PYTHON-ARC-02,Créer et utiliser des métaclasses,0,0.5411956310
concevoir-1.1,Transposer une expression formelle en algorithme et vice-versa,PYTHON-ARC-03,Controler l'accès aux attributs,0,0.5357697010
concevoir-1.1,Transposer une expression formelle en algorithme et vice-versa,PYTHON-ARC-04,Créer et utiliser des coroutines,0,0.5226882696
concevoir-1.2,Transposer une représentation formelle en structure de données et vice-versa,PYTHON-PRG-01,"Choisir et utiliser les types de bases (bool, int, float, complex, list, etc.)",0,0.5086451769
concevoir-1.2,Transposer une représentation formelle en structure de données et vice-versa,PYTHON-PRG-02,"Utiliser les structures de contrôle (if, for, while, etc.)",0,0.5638940334
concevoir-1.2,Transposer une représentation formelle en structure de données et vice-versa,PYTHON-PRG-03,"Définir une fonction (arité variable, valeurs par défaut, obligation des paramètres positionnels ou nommés, etc.)",0,0.5210967660
concevoir-1.2,Transposer une représentation formelle en structure de données et vice-versa,PYTHON-PRG-04,"Appeler une fonction (passage de paramètre posiitonnel ou nommé, tuple ou dictionnaire en paramètres effectifs, etc.)",0,0.5266605616
concevoir-1.2,Transposer une représentation formelle en structure de données et vice-versa,PYTHON-PRG-05,"Créer des packages, modules et script",0,0.5274617672
concevoir-1.2,Transposer une représentation formelle en structure de données et vice-versa,PYTHON-PRG-06,"Importer des modules, éléments de modules en les renommant si nécessaire",0,0.5421466827
concevoir-1.2,Transposer une représentation formelle en structure de données et vice-versa,PYTHON-PRG-07,Comprendre l'affectation,0,0.5134792924
concevoir-1.2,Transposer une représentation formelle en structure de données et vice-versa,PYTHON-PRG-08,Utiliser les fonctions lambda,0,0.5360008478
concevoir-1.2,Transposer une représentation formelle en structure de données et vice-versa,PYTHON-PRG-09,"Utiliser les fonctions map, filter et comprehension de séquences",0,0.5427089930
concevoir-1.2,Transposer une représentation formelle en structure de données et vice-versa,PYTHON-PRG-10,Utiliser l'instruction yield,0,0.5328079462
concevoir-1.2,Transposer une représentation formelle en structure de données et vice-versa,PYTHON-POO-01,"Définir une classe (attributs, méthodes, initialiseur, etc.)",0,0.5446162820
concevoir-1.2,Transposer une représentation formelle en structure de données et vice-versa,PYTHON-POO-02,Utiliser les propriétés,0,0.5695804358
concevoir-1.2,Transposer une représentation formelle en structure de données et vice-versa,PYTHON-POO-03,Définir les méthodes spéciales,0,0.5566754341
concevoir-1.2,Transposer une représentation formelle en structure de données et vice-versa,PYTHON-POO-04,Définir et utiliser les méthodes statiques et de classes,0,0.5286766887
concevoir-1.2,Transposer une représentation formelle en structure de données et vice-versa,PYTHON-POO-05,Définir et utiliser des énumérations,0,0.5380682945
concevoir-1.2,Transposer une représentation formelle en structure de données et vice-versa,PYTHON-POO-06,Définir et utiliser des dataclasses,0,0.5587216616
concevoir-1.2,Transposer une représentation formelle en structure de données et vice-versa,PYTHON-POO-07,Définir et utiliser des classes abstraites et des protocoles,0,0.5408187509
concevoir-1.2,Transposer une représentation formelle en structure de données et vice-versa,PYTHON-POO-08,Définir et utiliser des exceptions,0,0.5519247651
concevoir-1.2,Transposer une représentation formelle en structure de données et vice-versa,PYTHON-POO-09,Définir et utiliser des gestionnaires de contexte,0,0.5354434848
concevoir-1.2,Transposer une représentation formelle en structure de données et vice-versa,PYTHON-POO-10,Utiliser des flux,0,0.5630381107
concevoir-1.2,Transposer une représentation formelle en structure de données et vice-versa,PYTHON-DEV-01,Dissocier Python du Système d'exploitation (pyenv),0,0.5019682646
concevoir-1.2,Transposer une représentation formelle en structure de données et vice-versa,PYTHON-DEV-02,Gérer les dépendances,0,0.5477679372
concevoir-1.2,Transposer une représentation formelle en structure de données et vice-versa,PYTHON-DEV-03,Céer et utiliser les tests unitaires,0,0.5209505558
concevoir-1.2,Transposer une représentation formelle en structure de données et vice-versa,PYTHON-DEV-04,Utiliser les logs,0,0.5510319471
concevoir-1.2,Transposer une représentation formelle en structure de données et vice-versa,PYTHON-DEV-05,Utiliser le annotations,0,0.5559093356
concevoir-1.2,Transposer une représentation formelle en structure de données et vice-versa,PYTHON-DEV-06,Réaliser une audit statique de code,0,0.5290992856
concevoir-1.2,Transposer une représentation formelle en structure de données et vice-versa,PYTHON-ARC-01,Créer des décorateurs,0,0.5277526379
concevoir-1.2,Transposer une représentation formelle en structure de données et vice-versa,PYTHON-ARC-02,Créer et utiliser des métaclasses,0,0.5562508702
concevoir-1.2,Transposer une représentation formelle en structure de données et vice-versa,PYTHON-ARC-03,Controler l'accès aux attributs,0,0.5398634672
concevoir-1.2,Transposer une représentation formelle en structure de données et vice-versa,PYTHON-ARC-04,Créer et utiliser des coroutines,0,0.5350720882
concevoir-1.3,Intégrer des composants logiciels ou physiques au sein d’un système,PYTHON-PRG-01,"Choisir et utiliser les types de bases (bool, int, float, complex, list, etc.)",0,0.5196650028
concevoir-1.3,Intégrer des composants logiciels ou physiques au sein d’un système,PYTHON-PRG-02,"Utiliser les structures de contrôle (if, for, while, etc.)",0,0.5692684650
concevoir-1.3,Intégrer des composants logiciels ou physiques au sein d’un système,PYTHON-PRG-03,"Définir une fonction (arité variable, valeurs par défaut, obligation des paramètres positionnels ou nommés, etc.)",0,0.5684233904
concevoir-1.3,Intégrer des composants logiciels ou physiques au sein d’un système,PYTHON-PRG-04,"Appeler une fonction (passage de paramètre posiitonnel ou nommé, tuple ou dictionnaire en paramètres effectifs, etc.)",0,0.5308030248
concevoir-1.3,Intégrer des composants logiciels ou physiques au sein d’un système,PYTHON-PRG-05,"Créer des packages, modules et script",0,0.5552827120
concevoir-1.3,Intégrer des composants logiciels ou physiques au sein d’un système,PYTHON-PRG-06,"Importer des modules, éléments de modules en les renommant si nécessaire",0,0.5688785911
concevoir-1.3,Intégrer des composants logiciels ou physiques au sein d’un système,PYTHON-PRG-07,Comprendre l'affectation,0,0.5290496349
concevoir-1.3,Intégrer des composants logiciels ou physiques au sein d’un système,PYTHON-PRG-08,Utiliser les fonctions lambda,0,0.5521440506
concevoir-1.3,Intégrer des composants logiciels ou physiques au sein d’un système,PYTHON-PRG-09,"Utiliser les fonctions map, filter et comprehension de séquences",0,0.5407441854
concevoir-1.3,Intégrer des composants logiciels ou physiques au sein d’un système,PYTHON-PRG-10,Utiliser l'instruction yield,0,0.5390689373
concevoir-1.3,Intégrer des composants logiciels ou physiques au sein d’un système,PYTHON-POO-01,"Définir une classe (attributs, méthodes, initialiseur, etc.)",0,0.5640783310
concevoir-1.3,Intégrer des composants logiciels ou physiques au sein d’un système,PYTHON-POO-02,Utiliser les propriétés,0,0.5842484236
concevoir-1.3,Intégrer des composants logiciels ou physiques au sein d’un système,PYTHON-POO-03,Définir les méthodes spéciales,0,0.5865635872
concevoir-1.3,Intégrer des composants logiciels ou physiques au sein d’un système,PYTHON-POO-04,Définir et utiliser les méthodes statiques et de classes,0,0.5507684946
concevoir-1.3,Intégrer des composants logiciels ou physiques au sein d’un système,PYTHON-POO-05,Définir et utiliser des énumérations,0,0.5623571873
concevoir-1.3,Intégrer des composants logiciels ou physiques au sein d’un système,PYTHON-POO-06,Définir et utiliser des dataclasses,0,0.5500193834
concevoir-1.3,Intégrer des composants logiciels ou physiques au sein d’un système,PYTHON-POO-07,Définir et utiliser des classes abstraites et des protocoles,0,0.5592694283
concevoir-1.3,Intégrer des composants logiciels ou physiques au sein d’un système,PYTHON-POO-08,Définir et utiliser des exceptions,0,0.5753424168
concevoir-1.3,Intégrer des composants logiciels ou physiques au sein d’un système,PYTHON-POO-09,Définir et utiliser des gestionnaires de contexte,0,0.5657961369
concevoir-1.3,Intégrer des composants logiciels ou physiques au sein d’un système,PYTHON-POO-10,Utiliser des flux,0,0.5741856694
concevoir-1.3,Intégrer des composants logiciels ou physiques au sein d’un système,PYTHON-DEV-01,Dissocier Python du Système d'exploitation (pyenv),0,0.5117590427
concevoir-1.3,Intégrer des composants logiciels ou physiques au sein d’un système,PYTHON-DEV-02,Gérer les dépendances,0,0.5607911348
concevoir-1.3,Intégrer des composants logiciels ou physiques au sein d’un système,PYTHON-DEV-03,Céer et utiliser les tests unitaires,0,0.5261514187
concevoir-1.3,Intégrer des composants logiciels ou physiques au sein d’un système,PYTHON-DEV-04,Utiliser les logs,0,0.5598813295
concevoir-1.3,Intégrer des composants logiciels ou physiques au sein d’un système,PYTHON-DEV-05,Utiliser le annotations,0,0.5749058723
concevoir-1.3,Intégrer des composants logiciels ou physiques au sein d’un système,PYTHON-DEV-06,Réaliser une audit statique de code,0,0.5365620255
concevoir-1.3,Intégrer des composants logiciels ou physiques au sein d’un système,PYTHON-ARC-01,Créer des décorateurs,0,0.5478441715
concevoir-1.3,Intégrer des composants logiciels ou physiques au sein d’un système,PYTHON-ARC-02,Créer et utiliser des métaclasses,0,0.5655257702
concevoir-1.3,Intégrer des composants logiciels ou physiques au sein d’un système,PYTHON-ARC-03,Controler l'accès aux attributs,0,0.5514798164
concevoir-1.3,Intégrer des composants logiciels ou physiques au sein d’un système,PYTHON-ARC-04,Créer et utiliser des coroutines,0,0.5427033901
concevoir-2.1,Sélectionner les structures de données dont la complexité (en temps et en espace) est adaptée,PYTHON-PRG-01,"Choisir et utiliser les types de bases (bool, int, float, complex, list, etc.)",0,0.5810261965
concevoir-2.1,Sélectionner les structures de données dont la complexité (en temps et en espace) est adaptée,PYTHON-PRG-02,"Utiliser les structures de contrôle (if, for, while, etc.)",0,0.5938633084
concevoir-2.1,Sélectionner les structures de données dont la complexité (en temps et en espace) est adaptée,PYTHON-PRG-03,"Définir une fonction (arité variable, valeurs par défaut, obligation des paramètres positionnels ou nommés, etc.)",0,0.5402262807
concevoir-2.1,Sélectionner les structures de données dont la complexité (en temps et en espace) est adaptée,PYTHON-PRG-04,"Appeler une fonction (passage de paramètre posiitonnel ou nommé, tuple ou dictionnaire en paramètres effectifs, etc.)",0,0.5102138519
concevoir-2.1,Sélectionner les structures de données dont la complexité (en temps et en espace) est adaptée,PYTHON-PRG-05,"Créer des packages, modules et script",0,0.5262473822
concevoir-2.1,Sélectionner les structures de données dont la complexité (en temps et en espace) est adaptée,PYTHON-PRG-06,"Importer des modules, éléments de modules en les renommant si nécessaire",0,0.5311430693
concevoir-2.1,Sélectionner les structures de données dont la complexité (en temps et en espace) est adaptée,PYTHON-PRG-07,Comprendre l'affectation,0,0.5200974941
concevoir-2.1,Sélectionner les structures de données dont la complexité (en temps et en espace) est adaptée,PYTHON-PRG-08,Utiliser les fonctions lambda,0,0.5384962559
concevoir-2.1,Sélectionner les structures de données dont la complexité (en temps et en espace) est adaptée,PYTHON-PRG-09,"Utiliser les fonctions map, filter et comprehension de séquences",0,0.5385785103
concevoir-2.1,Sélectionner les structures de données dont la complexité (en temps et en espace) est adaptée,PYTHON-PRG-10,Utiliser l'instruction yield,0,0.5360056162
concevoir-2.1,Sélectionner les structures de données dont la complexité (en temps et en espace) est adaptée,PYTHON-POO-01,"Définir une classe (attributs, méthodes, initialiseur, etc.)",0,0.5452835560
concevoir-2.1,Sélectionner les structures de données dont la complexité (en temps et en espace) est adaptée,PYTHON-POO-02,Utiliser les propriétés,0,0.5831523538
concevoir-2.1,Sélectionner les structures de données dont la complexité (en temps et en espace) est adaptée,PYTHON-POO-03,Définir les méthodes spéciales,0,0.5684641600
concevoir-2.1,Sélectionner les structures de données dont la complexité (en temps et en espace) est adaptée,PYTHON-POO-04,Définir et utiliser les méthodes statiques et de classes,0,0.5545926094
concevoir-2.1,Sélectionner les structures de données dont la complexité (en temps et en espace) est adaptée,PYTHON-POO-05,Définir et utiliser des énumérations,0,0.5459607840
concevoir-2.1,Sélectionner les structures de données dont la complexité (en temps et en espace) est adaptée,PYTHON-POO-06,Définir et utiliser des dataclasses,0,0.5788317919
concevoir-2.1,Sélectionner les structures de données dont la complexité (en temps et en espace) est adaptée,PYTHON-POO-07,Définir et utiliser des classes abstraites et des protocoles,0,0.5499441624
concevoir-2.1,Sélectionner les structures de données dont la complexité (en temps et en espace) est adaptée,PYTHON-POO-08,Définir et utiliser des exceptions,0,0.5553910732
concevoir-2.1,Sélectionner les structures de données dont la complexité (en temps et en espace) est adaptée,PYTHON-POO-09,Définir et utiliser des gestionnaires de contexte,0,0.5569581985
concevoir-2.1,Sélectionner les structures de données dont la complexité (en temps et en espace) est adaptée,PYTHON-POO-10,Utiliser des flux,0,0.5663692951
concevoir-2.1,Sélectionner les structures de données dont la complexité (en temps et en espace) est adaptée,PYTHON-DEV-01,Dissocier Python du Système d'exploitation (pyenv),0,0.4961270094
concevoir-2.1,Sélectionner les structures de données dont la complexité (en temps et en espace) est adaptée,PYTHON-DEV-02,Gérer les dépendances,0,0.5548842549
concevoir-2.1,Sélectionner les structures de données dont la complexité (en temps et en espace) est adaptée,PYTHON-DEV-03,Céer et utiliser les tests unitaires,0,0.5330201983
concevoir-2.1,Sélectionner les structures de données dont la complexité (en temps et en espace) est adaptée,PYTHON-DEV-04,Utiliser les logs,0,0.5540379882
concevoir-2.1,Sélectionner les structures de données dont la complexité (en temps et en espace) est adaptée,PYTHON-DEV-05,Utiliser le annotations,0,0.5698564053
concevoir-2.1,Sélectionner les structures de données dont la complexité (en temps et en espace) est adaptée,PYTHON-DEV-06,Réaliser une audit statique de code,0,0.5255172253
concevoir-2.1,Sélectionner les structures de données dont la complexité (en temps et en espace) est adaptée,PYTHON-ARC-01,Créer des décorateurs,0,0.5209957361
concevoir-2.1,Sélectionner les structures de données dont la complexité (en temps et en espace) est adaptée,PYTHON-ARC-02,Créer et utiliser des métaclasses,0,0.5657170415
concevoir-2.1,Sélectionner les structures de données dont la complexité (en temps et en espace) est adaptée,PYTHON-ARC-03,Controler l'accès aux attributs,0,0.5540039539
concevoir-2.1,Sélectionner les structures de données dont la complexité (en temps et en espace) est adaptée,PYTHON-ARC-04,Créer et utiliser des coroutines,0,0.5312780142
concevoir-2.2,Choisir les patrons de conception,PYTHON-PRG-01,"Choisir et utiliser les types de bases (bool, int, float, complex, list, etc.)",0,0.5656559467
concevoir-2.2,Choisir les patrons de conception,PYTHON-PRG-02,"Utiliser les structures de contrôle (if, for, while, etc.)",0,0.5502946973
concevoir-2.2,Choisir les patrons de conception,PYTHON-PRG-03,"Définir une fonction (arité variable, valeurs par défaut, obligation des paramètres positionnels ou nommés, etc.)",0,0.5135537386
concevoir-2.2,Choisir les patrons de conception,PYTHON-PRG-04,"Appeler une fonction (passage de paramètre posiitonnel ou nommé, tuple ou dictionnaire en paramètres effectifs, etc.)",0,0.5031176209
concevoir-2.2,Choisir les patrons de conception,PYTHON-PRG-05,"Créer des packages, modules et script",0,0.5399613976
concevoir-2.2,Choisir les patrons de conception,PYTHON-PRG-06,"Importer des modules, éléments de modules en les renommant si nécessaire",0,0.5357604027
concevoir-2.2,Choisir les patrons de conception,PYTHON-PRG-07,Comprendre l'affectation,0,0.5068713427
concevoir-2.2,Choisir les patrons de conception,PYTHON-PRG-08,Utiliser les fonctions lambda,0,0.5347148776
concevoir-2.2,Choisir les patrons de conception,PYTHON-PRG-09,"Utiliser les fonctions map, filter et comprehension de séquences",0,0.5333952904
concevoir-2.2,Choisir les patrons de conception,PYTHON-PRG-10,Utiliser l'instruction yield,0,0.5278830528
concevoir-2.2,Choisir les patrons de conception,PYTHON-POO-01,"Définir une classe (attributs, méthodes, initialiseur, etc.)",0,0.5421215892
concevoir-2.2,Choisir les patrons de conception,PYTHON-POO-02,Utiliser les propriétés,0,0.5821436644
concevoir-2.2,Choisir les patrons de conception,PYTHON-POO-03,Définir les méthodes spéciales,0,0.5533727407
concevoir-2.2,Choisir les patrons de conception,PYTHON-POO-04,Définir et utiliser les méthodes statiques et de classes,0,0.5255160928
concevoir-2.2,Choisir les patrons de conception,PYTHON-POO-05,Définir et utiliser des énumérations,0,0.5370382071
concevoir-2.2,Choisir les patrons de conception,PYTHON-POO-06,Définir et utiliser des dataclasses,0,0.5201109648
concevoir-2.2,Choisir les patrons de conception,PYTHON-POO-07,Définir et utiliser des classes abstraites et des protocoles,0,0.5330470800
concevoir-2.2,Choisir les patrons de conception,PYTHON-POO-08,Définir et utiliser des exceptions,0,0.5391532183
concevoir-2.2,Choisir les patrons de conception,PYTHON-POO-09,Définir et utiliser des gestionnaires de contexte,0,0.5532695055
concevoir-2.2,Choisir les patrons de conception,PYTHON-POO-10,Utiliser des flux,0,0.5579820275
concevoir-2.2,Choisir les patrons de conception,PYTHON-DEV-01,Dissocier Python du Système d'exploitation (pyenv),0,0.5031311512
concevoir-2.2,Choisir les patrons de conception,PYTHON-DEV-02,Gérer les dépendances,0,0.5749092698
concevoir-2.2,Choisir les patrons de conception,PYTHON-DEV-03,Céer et utiliser les tests unitaires,0,0.5261297822
concevoir-2.2,Choisir les patrons de conception,PYTHON-DEV-04,Utiliser les logs,0,0.5483105183
concevoir-2.2,Choisir les patrons de conception,PYTHON-DEV-05,Utiliser le annotations,0,0.5693902373
concevoir-2.2,Choisir les patrons de conception,PYTHON-DEV-06,Réaliser une audit statique de code,0,0.5255942345
concevoir-2.2,Choisir les patrons de conception,PYTHON-ARC-01,Créer des décorateurs,0,0.6074377298
concevoir-2.2,Choisir les patrons de conception,PYTHON-ARC-02,Créer et utiliser des métaclasses,0,0.5646175146
concevoir-2.2,Choisir les patrons de conception,PYTHON-ARC-03,Controler l'accès aux attributs,0,0.5544732213
concevoir-2.2,Choisir les patrons de conception,PYTHON-ARC-04,Créer et utiliser des coroutines,0,0.5550516844
concevoir-2.3,Choisir le framework,PYTHON-PRG-01,"Choisir et utiliser les types de bases (bool, int, float, complex, list, etc.)",0,0.5858043432
concevoir-2.3,Choisir le framework,PYTHON-PRG-02,"Utiliser les structures de contrôle (if, for, while, etc.)",0,0.5638828278
concevoir-2.3,Choisir le framework,PYTHON-PRG-03,"Définir une fonction (arité variable, valeurs par défaut, obligation des paramètres positionnels ou nommés, etc.)",0,0.5165115595
concevoir-2.3,Choisir le framework,PYTHON-PRG-04,"Appeler une fonction (passage de paramètre posiitonnel ou nommé, tuple ou dictionnaire en paramètres effectifs, etc.)",0,0.5161640644
concevoir-2.3,Choisir le framework,PYTHON-PRG-05,"Créer des packages, modules et script",0,0.5304781199
concevoir-2.3,Choisir le framework,PYTHON-PRG-06,"Importer des modules, éléments de modules en les renommant si nécessaire",0,0.5433448553
concevoir-2.3,Choisir le framework,PYTHON-PRG-07,Comprendre l'affectation,0,0.5261610150
concevoir-2.3,Choisir le framework,PYTHON-PRG-08,Utiliser les fonctions lambda,0,0.5460938811
concevoir-2.3,Choisir le framework,PYTHON-PRG-09,"Utiliser les fonctions map, filter et comprehension de séquences",0,0.5458376408
concevoir-2.3,Choisir le framework,PYTHON-PRG-10,Utiliser l'instruction yield,0,0.5436726213
concevoir-2.3,Choisir le framework,PYTHON-POO-01,"Définir une classe (attributs, méthodes, initialiseur, etc.)",0,0.5444147587
concevoir-2.3,Choisir le framework,PYTHON-POO-02,Utiliser les propriétés,0,0.5787218809
concevoir-2.3,Choisir le framework,PYTHON-POO-03,Définir les méthodes spéciales,0,0.5496308804
concevoir-2.3,Choisir le framework,PYTHON-POO-04,Définir et utiliser les méthodes statiques et de classes,0,0.5408531427
concevoir-2.3,Choisir le framework,PYTHON-POO-05,Définir et utiliser des énumérations,0,0.5408402681
concevoir-2.3,Choisir le framework,PYTHON-POO-06,Définir et utiliser des dataclasses,0,0.5341819525
concevoir-2.3,Choisir le framework,PYTHON-POO-07,Définir et utiliser des classes abstraites et des protocoles,0,0.5470217466
concevoir-2.3,Choisir le framework,PYTHON-POO-08,Définir et utiliser des exceptions,0,0.5521790981
concevoir-2.3,Choisir le framework,PYTHON-POO-09,Définir et utiliser des gestionnaires de contexte,0,0.5572935343
concevoir-2.3,Choisir le framework,PYTHON-POO-10,Utiliser des flux,0,0.5694597363
concevoir-2.3,Choisir le framework,PYTHON-DEV-01,Dissocier Python du Système d'exploitation (pyenv),0,0.5184844732
concevoir-2.3,Choisir le framework,PYTHON-DEV-02,Gérer les dépendances,0,0.5665102005
concevoir-2.3,Choisir le framework,PYTHON-DEV-03,Céer et utiliser les tests unitaires,0,0.5395095348
concevoir-2.3,Choisir le framework,PYTHON-DEV-04,Utiliser les logs,0,0.5560052395
concevoir-2.3,Choisir le framework,PYTHON-DEV-05,Utiliser le annotations,0,0.5717473030
concevoir-2.3,Choisir le framework,PYTHON-DEV-06,Réaliser une audit statique de code,0,0.5357479453
concevoir-2.3,Choisir le framework,PYTHON-ARC-01,Créer des décorateurs,0,0.5345683694
concevoir-2.3,Choisir le framework,PYTHON-ARC-02,Créer et utiliser des métaclasses,0,0.5614701509
concevoir-2.3,Choisir le framework,PYTHON-ARC-03,Controler l'accès aux attributs,0,0.5540263653
concevoir-2.3,Choisir le framework,PYTHON-ARC-04,Créer et utiliser des coroutines,0,0.5410459042
concevoir-2.4,"Prétraiter, estimer et prédire un signal à l’aide d’un système linéaire",PYTHON-PRG-01,"Choisir et utiliser les types de bases (bool, int, float, complex, list, etc.)",0,0.5228570700
concevoir-2.4,"Prétraiter, estimer et prédire un signal à l’aide d’un système linéaire",PYTHON-PRG-02,"Utiliser les structures de contrôle (if, for, while, etc.)",0,0.5698932409
concevoir-2.4,"Prétraiter, estimer et prédire un signal à l’aide d’un système linéaire",PYTHON-PRG-03,"Définir une fonction (arité variable, valeurs par défaut, obligation des paramètres positionnels ou nommés, etc.)",0,0.5820626020
concevoir-2.4,"Prétraiter, estimer et prédire un signal à l’aide d’un système linéaire",PYTHON-PRG-04,"Appeler une fonction (passage de paramètre posiitonnel ou nommé, tuple ou dictionnaire en paramètres effectifs, etc.)",0,0.5502370000
concevoir-2.4,"Prétraiter, estimer et prédire un signal à l’aide d’un système linéaire",PYTHON-PRG-05,"Créer des packages, modules et script",0,0.5235429406
concevoir-2.4,"Prétraiter, estimer et prédire un signal à l’aide d’un système linéaire",PYTHON-PRG-06,"Importer des modules, éléments de modules en les renommant si nécessaire",0,0.5356854200
concevoir-2.4,"Prétraiter, estimer et prédire un signal à l’aide d’un système linéaire",PYTHON-PRG-07,Comprendre l'affectation,0,0.5388518572
concevoir-2.4,"Prétraiter, estimer et prédire un signal à l’aide d’un système linéaire",PYTHON-PRG-08,Utiliser les fonctions lambda,0,0.5480554700
concevoir-2.4,"Prétraiter, estimer et prédire un signal à l’aide d’un système linéaire",PYTHON-PRG-09,"Utiliser les fonctions map, filter et comprehension de séquences",0,0.5560534596
concevoir-2.4,"Prétraiter, estimer et prédire un signal à l’aide d’un système linéaire",PYTHON-PRG-10,Utiliser l'instruction yield,0,0.5564496517
concevoir-2.4,"Prétraiter, estimer et prédire un signal à l’aide d’un système linéaire",PYTHON-POO-01,"Définir une classe (attributs, méthodes, initialiseur, etc.)",0,0.5506527424
concevoir-2.4,"Prétraiter, estimer et prédire un signal à l’aide d’un système linéaire",PYTHON-POO-02,Utiliser les propriétés,0,0.5887358785
concevoir-2.4,"Prétraiter, estimer et prédire un signal à l’aide d’un système linéaire",PYTHON-POO-03,Définir les méthodes spéciales,0,0.5789387822
concevoir-2.4,"Prétraiter, estimer et prédire un signal à l’aide d’un système linéaire",PYTHON-POO-04,Définir et utiliser les méthodes statiques et de classes,0,0.5518808961
concevoir-2.4,"Prétraiter, estimer et prédire un signal à l’aide d’un système linéaire",PYTHON-POO-05,Définir et utiliser des énumérations,0,0.5536422729
concevoir-2.4,"Prétraiter, estimer et prédire un signal à l’aide d’un système linéaire",PYTHON-POO-06,Définir et utiliser des dataclasses,0,0.5387195349
concevoir-2.4,"Prétraiter, estimer et prédire un signal à l’aide d’un système linéaire",PYTHON-POO-07,Définir et utiliser des classes abstraites et des protocoles,0,0.5467141867
concevoir-2.4,"Prétraiter, estimer et prédire un signal à l’aide d’un système linéaire",PYTHON-POO-08,Définir et utiliser des exceptions,0,0.5667207241
concevoir-2.4,"Prétraiter, estimer et prédire un signal à l’aide d’un système linéaire",PYTHON-POO-09,Définir et utiliser des gestionnaires de contexte,0,0.5502582192
concevoir-2.4,"Prétraiter, estimer et prédire un signal à l’aide d’un système linéaire",PYTHON-POO-10,Utiliser des flux,0,0.5734176636
concevoir-2.4,"Prétraiter, estimer et prédire un signal à l’aide d’un système linéaire",PYTHON-DEV-01,Dissocier Python du Système d'exploitation (pyenv),0,0.5059516430
concevoir-2.4,"Prétraiter, estimer et prédire un signal à l’aide d’un système linéaire",PYTHON-DEV-02,Gérer les dépendances,0,0.5558214784
concevoir-2.4,"Prétraiter, estimer et prédire un signal à l’aide d’un système linéaire",PYTHON-DEV-03,Céer et utiliser les tests unitaires,0,0.5425198078
concevoir-2.4,"Prétraiter, estimer et prédire un signal à l’aide d’un système linéaire",PYTHON-DEV-04,Utiliser les logs,0,0.5600023270
concevoir-2.4,"Prétraiter, estimer et prédire un signal à l’aide d’un système linéaire",PYTHON-DEV-05,Utiliser le annotations,0,0.5799574256
concevoir-2.4,"Prétraiter, estimer et prédire un signal à l’aide d’un système linéaire",PYTHON-DEV-06,Réaliser une audit statique de code,0,0.5336759090
concevoir-2.4,"Prétraiter, estimer et prédire un signal à l’aide d’un système linéaire",PYTHON-ARC-01,Créer des décorateurs,0,0.5233356357
concevoir-2.4,"Prétraiter, estimer et prédire un signal à l’aide d’un système linéaire",PYTHON-ARC-02,Créer et utiliser des métaclasses,0,0.5523580313
concevoir-2.4,"Prétraiter, estimer et prédire un signal à l’aide d’un système linéaire",PYTHON-ARC-03,Controler l'accès aux attributs,0,0.5492545366
concevoir-2.4,"Prétraiter, estimer et prédire un signal à l’aide d’un système linéaire",PYTHON-ARC-04,Créer et utiliser des coroutines,0,0.5383288264
concevoir-2.5,Identifier le paradigme de traitement de données statistique,PYTHON-PRG-01,"Choisir et utiliser les types de bases (bool, int, float, complex, list, etc.)",0,0.5008763671
concevoir-2.5,Identifier le paradigme de traitement de données statistique,PYTHON-PRG-02,"Utiliser les structures de contrôle (if, for, while, etc.)",0,0.5324088335
concevoir-2.5,Identifier le paradigme de traitement de données statistique,PYTHON-PRG-03,"Définir une fonction (arité variable, valeurs par défaut, obligation des paramètres positionnels ou nommés, etc.)",0,0.5102165341
concevoir-2.5,Identifier le paradigme de traitement de données statistique,PYTHON-PRG-04,"Appeler une fonction (passage de paramètre posiitonnel ou nommé, tuple ou dictionnaire en paramètres effectifs, etc.)",0,0.5000289679
concevoir-2.5,Identifier le paradigme de traitement de données statistique,PYTHON-PRG-05,"Créer des packages, modules et script",0,0.5065946579
concevoir-2.5,Identifier le paradigme de traitement de données statistique,PYTHON-PRG-06,"Importer des modules, éléments de modules en les renommant si nécessaire",0,0.5188606381
concevoir-2.5,Identifier le paradigme de traitement de données statistique,PYTHON-PRG-07,Comprendre l'affectation,0,0.5211685896
concevoir-2.5,Identifier le paradigme de traitement de données statistique,PYTHON-PRG-08,Utiliser les fonctions lambda,0,0.5287249088
concevoir-2.5,Identifier le paradigme de traitement de données statistique,PYTHON-PRG-09,"Utiliser les fonctions map, filter et comprehension de séquences",0,0.5245370865
concevoir-2.5,Identifier le paradigme de traitement de données statistique,PYTHON-PRG-10,Utiliser l'instruction yield,0,0.5194104314
concevoir-2.5,Identifier le paradigme de traitement de données statistique,PYTHON-POO-01,"Définir une classe (attributs, méthodes, initialiseur, etc.)",0,0.5335346460
concevoir-2.5,Identifier le paradigme de traitement de données statistique,PYTHON-POO-02,Utiliser les propriétés,0,0.5502917767
concevoir-2.5,Identifier le paradigme de traitement de données statistique,PYTHON-POO-03,Définir les méthodes spéciales,0,0.5503566265
concevoir-2.5,Identifier le paradigme de traitement de données statistique,PYTHON-POO-04,Définir et utiliser les méthodes statiques et de classes,0,0.5338433981
concevoir-2.5,Identifier le paradigme de traitement de données statistique,PYTHON-POO-05,Définir et utiliser des énumérations,0,0.5202426910
concevoir-2.5,Identifier le paradigme de traitement de données statistique,PYTHON-POO-06,Définir et utiliser des dataclasses,0,0.5416249037
concevoir-2.5,Identifier le paradigme de traitement de données statistique,PYTHON-POO-07,Définir et utiliser des classes abstraites et des protocoles,0,0.5239659548
concevoir-2.5,Identifier le paradigme de traitement de données statistique,PYTHON-POO-08,Définir et utiliser des exceptions,0,0.5304365158
concevoir-2.5,Identifier le paradigme de traitement de données statistique,PYTHON-POO-09,Définir et utiliser des gestionnaires de contexte,0,0.5212523341
concevoir-2.5,Identifier le paradigme de traitement de données statistique,PYTHON-POO-10,Utiliser des flux,0,0.5416164398
concevoir-2.5,Identifier le paradigme de traitement de données statistique,PYTHON-DEV-01,Dissocier Python du Système d'exploitation (pyenv),0,0.4857004285
concevoir-2.5,Identifier le paradigme de traitement de données statistique,PYTHON-DEV-02,Gérer les dépendances,0,0.5411599278
concevoir-2.5,Identifier le paradigme de traitement de données statistique,PYTHON-DEV-03,Céer et utiliser les tests unitaires,0,0.5095158815
concevoir-2.5,Identifier le paradigme de traitement de données statistique,PYTHON-DEV-04,Utiliser les logs,0,0.5306729078
concevoir-2.5,Identifier le paradigme de traitement de données statistique,PYTHON-DEV-05,Utiliser le annotations,0,0.5385743380
concevoir-2.5,Identifier le paradigme de traitement de données statistique,PYTHON-DEV-06,Réaliser une audit statique de code,0,0.5174160004
concevoir-2.5,Identifier le paradigme de traitement de données statistique,PYTHON-ARC-01,Créer des décorateurs,0,0.5025353432
concevoir-2.5,Identifier le paradigme de traitement de données statistique,PYTHON-ARC-02,Créer et utiliser des métaclasses,0,0.5246220827
concevoir-2.5,Identifier le paradigme de traitement de données statistique,PYTHON-ARC-03,Controler l'accès aux attributs,0,0.5298634768
concevoir-2.5,Identifier le paradigme de traitement de données statistique,PYTHON-ARC-04,Créer et utiliser des coroutines,0,0.5111045241
concevoir-3.1,Évaluer la complexité du traitement,PYTHON-PRG-01,"Choisir et utiliser les types de bases (bool, int, float, complex, list, etc.)",0,0.5177779794
concevoir-3.1,Évaluer la complexité du traitement,PYTHON-PRG-02,"Utiliser les structures de contrôle (if, for, while, etc.)",0,0.5466138124
concevoir-3.1,Évaluer la complexité du traitement,PYTHON-PRG-03,"Définir une fonction (arité variable, valeurs par défaut, obligation des paramètres positionnels ou nommés, etc.)",0,0.5037931800
concevoir-3.1,Évaluer la complexité du traitement,PYTHON-PRG-04,"Appeler une fonction (passage de paramètre posiitonnel ou nommé, tuple ou dictionnaire en paramètres effectifs, etc.)",0,0.5081616640
concevoir-3.1,Évaluer la complexité du traitement,PYTHON-PRG-05,"Créer des packages, modules et script",0,0.5198961496
concevoir-3.1,Évaluer la complexité du traitement,PYTHON-PRG-06,"Importer des modules, éléments de modules en les renommant si nécessaire",0,0.5339014530
concevoir-3.1,Évaluer la complexité du traitement,PYTHON-PRG-07,Comprendre l'affectation,0,0.5318769217
concevoir-3.1,Évaluer la complexité du traitement,PYTHON-PRG-08,Utiliser les fonctions lambda,0,0.5344367027
concevoir-3.1,Évaluer la complexité du traitement,PYTHON-PRG-09,"Utiliser les fonctions map, filter et comprehension de séquences",0,0.5328969955
concevoir-3.1,Évaluer la complexité du traitement,PYTHON-PRG-10,Utiliser l'instruction yield,0,0.5345769525
concevoir-3.1,Évaluer la complexité du traitement,PYTHON-POO-01,"Définir une classe (attributs, méthodes, initialiseur, etc.)",0,0.5330696106
concevoir-3.1,Évaluer la complexité du traitement,PYTHON-POO-02,Utiliser les propriétés,0,0.5619938970
concevoir-3.1,Évaluer la complexité du traitement,PYTHON-POO-03,Définir les méthodes spéciales,0,0.5656778812
concevoir-3.1,Évaluer la complexité du traitement,PYTHON-POO-04,Définir et utiliser les méthodes statiques et de classes,0,0.5287961364
concevoir-3.1,Évaluer la complexité du traitement,PYTHON-POO-05,Définir et utiliser des énumérations,0,0.5246737003
concevoir-3.1,Évaluer la complexité du traitement,PYTHON-POO-06,Définir et utiliser des dataclasses,0,0.5176631212
concevoir-3.1,Évaluer la complexité du traitement,PYTHON-POO-07,Définir et utiliser des classes abstraites et des protocoles,0,0.5338350534
concevoir-3.1,Évaluer la complexité du traitement,PYTHON-POO-08,Définir et utiliser des exceptions,0,0.5414433479
concevoir-3.1,Évaluer la complexité du traitement,PYTHON-POO-09,Définir et utiliser des gestionnaires de contexte,0,0.5300917625
concevoir-3.1,Évaluer la complexité du traitement,PYTHON-POO-10,Utiliser des flux,0,0.5540400743
concevoir-3.1,Évaluer la complexité du traitement,PYTHON-DEV-01,Dissocier Python du Système d'exploitation (pyenv),0,0.5078775287
concevoir-3.1,Évaluer la complexité du traitement,PYTHON-DEV-02,Gérer les dépendances,0,0.5524383783
concevoir-3.1,Évaluer la complexité du traitement,PYTHON-DEV-03,Céer et utiliser les tests unitaires,0,0.5311234593
concevoir-3.1,Évaluer la complexité du traitement,PYTHON-DEV-04,Utiliser les logs,0,0.5444612503
concevoir-3.1,Évaluer la complexité du traitement,PYTHON-DEV-05,Utiliser le annotations,0,0.5547946095
concevoir-3.1,Évaluer la complexité du traitement,PYTHON-DEV-06,Réaliser une audit statique de code,0,0.5378036499
concevoir-3.1,Évaluer la complexité du traitement,PYTHON-ARC-01,Créer des décorateurs,0,0.5159835815
concevoir-3.1,Évaluer la complexité du traitement,PYTHON-ARC-02,Créer et utiliser des métaclasses,0,0.5389938951
concevoir-3.1,Évaluer la complexité du traitement,PYTHON-ARC-03,Controler l'accès aux attributs,0,0.5460302234
concevoir-3.1,Évaluer la complexité du traitement,PYTHON-ARC-04,Créer et utiliser des coroutines,0,0.5256602764
concevoir-3.2,Intégrer des patrons de conception,PYTHON-PRG-01,"Choisir et utiliser les types de bases (bool, int, float, complex, list, etc.)",0,0.5260609388
concevoir-3.2,Intégrer des patrons de conception,PYTHON-PRG-02,"Utiliser les structures de contrôle (if, for, while, etc.)",0,0.5650678873
concevoir-3.2,Intégrer des patrons de conception,PYTHON-PRG-03,"Définir une fonction (arité variable, valeurs par défaut, obligation des paramètres positionnels ou nommés, etc.)",0,0.5393863320
concevoir-3.2,Intégrer des patrons de conception,PYTHON-PRG-04,"Appeler une fonction (passage de paramètre posiitonnel ou nommé, tuple ou dictionnaire en paramètres effectifs, etc.)",0,0.5154782534
concevoir-3.2,Intégrer des patrons de conception,PYTHON-PRG-05,"Créer des packages, modules et script",0,0.5697191358
concevoir-3.2,Intégrer des patrons de conception,PYTHON-PRG-06,"Importer des modules, éléments de modules en les renommant si nécessaire",0,0.5717496276
concevoir-3.2,Intégrer des patrons de conception,PYTHON-PRG-07,Comprendre l'affectation,0,0.5297497511
concevoir-3.2,Intégrer des patrons de conception,PYTHON-PRG-08,Utiliser les fonctions lambda,0,0.5482562780
concevoir-3.2,Intégrer des patrons de conception,PYTHON-PRG-09,"Utiliser les fonctions map, filter et comprehension de séquences",0,0.5441567898
concevoir-3.2,Intégrer des patrons de conception,PYTHON-PRG-10,Utiliser l'instruction yield,0,0.5369261503
concevoir-3.2,Intégrer des patrons de conception,PYTHON-POO-01,"Définir une classe (attributs, méthodes, initialiseur, etc.)",0,0.5547539592
concevoir-3.2,Intégrer des patrons de conception,PYTHON-POO-02,Utiliser les propriétés,0,0.5897101164
concevoir-3.2,Intégrer des patrons de conception,PYTHON-POO-03,Définir les méthodes spéciales,0,0.5746932030
concevoir-3.2,Intégrer des patrons de conception,PYTHON-POO-04,Définir et utiliser les méthodes statiques et de classes,0,0.5442376137
concevoir-3.2,Intégrer des patrons de conception,PYTHON-POO-05,Définir et utiliser des énumérations,0,0.5559382439
concevoir-3.2,Intégrer des patrons de conception,PYTHON-POO-06,Définir et utiliser des dataclasses,0,0.5379002094
concevoir-3.2,Intégrer des patrons de conception,PYTHON-POO-07,Définir et utiliser des classes abstraites et des protocoles,0,0.5523171425
concevoir-3.2,Intégrer des patrons de conception,PYTHON-POO-08,Définir et utiliser des exceptions,0,0.5572146773
concevoir-3.2,Intégrer des patrons de conception,PYTHON-POO-09,Définir et utiliser des gestionnaires de contexte,0,0.5730446577
concevoir-3.2,Intégrer des patrons de conception,PYTHON-POO-10,Utiliser des flux,0,0.5759786367
concevoir-3.2,Intégrer des patrons de conception,PYTHON-DEV-01,Dissocier Python du Système d'exploitation (pyenv),0,0.5084825754
concevoir-3.2,Intégrer des patrons de conception,PYTHON-DEV-02,Gérer les dépendances,0,0.5775175095
concevoir-3.2,Intégrer des patrons de conception,PYTHON-DEV-03,Céer et utiliser les tests unitaires,0,0.5325869322
concevoir-3.2,Intégrer des patrons de conception,PYTHON-DEV-04,Utiliser les logs,0,0.5609608293
concevoir-3.2,Intégrer des patrons de conception,PYTHON-DEV-05,Utiliser le annotations,0,0.5845072269
concevoir-3.2,Intégrer des patrons de conception,PYTHON-DEV-06,Réaliser une audit statique de code,0,0.5365961790
concevoir-3.2,Intégrer des patrons de conception,PYTHON-ARC-01,Créer des décorateurs,0,0.6230795383
concevoir-3.2,Intégrer des patrons de conception,PYTHON-ARC-02,Créer et utiliser des métaclasses,0,0.5868487358
concevoir-3.2,Intégrer des patrons de conception,PYTHON-ARC-03,Controler l'accès aux attributs,0,0.5648001432
concevoir-3.2,Intégrer des patrons de conception,PYTHON-ARC-04,Créer et utiliser des coroutines,0,0.5694454908
concevoir-3.3,Adapter le framework,PYTHON-PRG-01,"Choisir et utiliser les types de bases (bool, int, float, complex, list, etc.)",0,0.5175611377
concevoir-3.3,Adapter le framework,PYTHON-PRG-02,"Utiliser les structures de contrôle (if, for, while, etc.)",0,0.5577291250
concevoir-3.3,Adapter le framework,PYTHON-PRG-03,"Définir une fonction (arité variable, valeurs par défaut, obligation des paramètres positionnels ou nommés, etc.)",0,0.5021070838
concevoir-3.3,Adapter le framework,PYTHON-PRG-04,"Appeler une fonction (passage de paramètre posiitonnel ou nommé, tuple ou dictionnaire en paramètres effectifs, etc.)",0,0.5242668986
concevoir-3.3,Adapter le framework,PYTHON-PRG-05,"Créer des packages, modules et script",0,0.5313375592
concevoir-3.3,Adapter le framework,PYTHON-PRG-06,"Importer des modules, éléments de modules en les renommant si nécessaire",0,0.5586005449
concevoir-3.3,Adapter le framework,PYTHON-PRG-07,Comprendre l'affectation,0,0.5271762609
concevoir-3.3,Adapter le framework,PYTHON-PRG-08,Utiliser les fonctions lambda,0,0.5532366037
concevoir-3.3,Adapter le framework,PYTHON-PRG-09,"Utiliser les fonctions map, filter et comprehension de séquences",0,0.5535988212
concevoir-3.3,Adapter le framework,PYTHON-PRG-10,Utiliser l'instruction yield,0,0.5515693426
concevoir-3.3,Adapter le framework,PYTHON-POO-01,"Définir une classe (attributs, méthodes, initialiseur, etc.)",0,0.5454003811
concevoir-3.3,Adapter le framework,PYTHON-POO-02,Utiliser les propriétés,0,0.5824602842
concevoir-3.3,Adapter le framework,PYTHON-POO-03,Définir les méthodes spéciales,0,0.5622162819
concevoir-3.3,Adapter le framework,PYTHON-POO-04,Définir et utiliser les méthodes statiques et de classes,0,0.5343824029
concevoir-3.3,Adapter le framework,PYTHON-POO-05,Définir et utiliser des énumérations,0,0.5327043533
concevoir-3.3,Adapter le framework,PYTHON-POO-06,Définir et utiliser des dataclasses,0,0.5290815830
concevoir-3.3,Adapter le framework,PYTHON-POO-07,Définir et utiliser des classes abstraites et des protocoles,0,0.5472196937
concevoir-3.3,Adapter le framework,PYTHON-POO-08,Définir et utiliser des exceptions,0,0.5503768921
concevoir-3.3,Adapter le framework,PYTHON-POO-09,Définir et utiliser des gestionnaires de contexte,0,0.5509008169
concevoir-3.3,Adapter le framework,PYTHON-POO-10,Utiliser des flux,0,0.5742881298
concevoir-3.3,Adapter le framework,PYTHON-DEV-01,Dissocier Python du Système d'exploitation (pyenv),0,0.5211672187
concevoir-3.3,Adapter le framework,PYTHON-DEV-02,Gérer les dépendances,0,0.5663384199
concevoir-3.3,Adapter le framework,PYTHON-DEV-03,Céer et utiliser les tests unitaires,0,0.5370938778
concevoir-3.3,Adapter le framework,PYTHON-DEV-04,Utiliser les logs,0,0.5627868176
concevoir-3.3,Adapter le framework,PYTHON-DEV-05,Utiliser le annotations,0,0.5825783014
concevoir-3.3,Adapter le framework,PYTHON-DEV-06,Réaliser une audit statique de code,0,0.5430264473
concevoir-3.3,Adapter le framework,PYTHON-ARC-01,Créer des décorateurs,0,0.5319797993
concevoir-3.3,Adapter le framework,PYTHON-ARC-02,Créer et utiliser des métaclasses,0,0.5621922016
concevoir-3.3,Adapter le framework,PYTHON-ARC-03,Controler l'accès aux attributs,0,0.5677525997
concevoir-3.3,Adapter le framework,PYTHON-ARC-04,Créer et utiliser des coroutines,0,0.5429509282
concevoir-3.4,Échanger de manière adaptée et sécurisée les données,PYTHON-PRG-01,"Choisir et utiliser les types de bases (bool, int, float, complex, list, etc.)",0,0.5214177370
concevoir-3.4,Échanger de manière adaptée et sécurisée les données,PYTHON-PRG-02,"Utiliser les structures de contrôle (if, for, while, etc.)",0,0.5629028082
concevoir-3.4,Échanger de manière adaptée et sécurisée les données,PYTHON-PRG-03,"Définir une fonction (arité variable, valeurs par défaut, obligation des paramètres positionnels ou nommés, etc.)",0,0.5322252512
concevoir-3.4,Échanger de manière adaptée et sécurisée les données,PYTHON-PRG-04,"Appeler une fonction (passage de paramètre posiitonnel ou nommé, tuple ou dictionnaire en paramètres effectifs, etc.)",0,0.5249419808
concevoir-3.4,Échanger de manière adaptée et sécurisée les données,PYTHON-PRG-05,"Créer des packages, modules et script",0,0.5379623771
concevoir-3.4,Échanger de manière adaptée et sécurisée les données,PYTHON-PRG-06,"Importer des modules, éléments de modules en les renommant si nécessaire",0,0.5489398241
concevoir-3.4,Échanger de manière adaptée et sécurisée les données,PYTHON-PRG-07,Comprendre l'affectation,0,0.5223917365
concevoir-3.4,Échanger de manière adaptée et sécurisée les données,PYTHON-PRG-08,Utiliser les fonctions lambda,0,0.5605986118
concevoir-3.4,Échanger de manière adaptée et sécurisée les données,PYTHON-PRG-09,"Utiliser les fonctions map, filter et comprehension de séquences",0,0.5538992882
concevoir-3.4,Échanger de manière adaptée et sécurisée les données,PYTHON-PRG-10,Utiliser l'instruction yield,0,0.5461438298
concevoir-3.4,Échanger de manière adaptée et sécurisée les données,PYTHON-POO-01,"Définir une classe (attributs, méthodes, initialiseur, etc.)",0,0.5435436964
concevoir-3.4,Échanger de manière adaptée et sécurisée les données,PYTHON-POO-02,Utiliser les propriétés,0,0.5911414623
concevoir-3.4,Échanger de manière adaptée et sécurisée les données,PYTHON-POO-03,Définir les méthodes spéciales,0,0.5796052814
concevoir-3.4,Échanger de manière adaptée et sécurisée les données,PYTHON-POO-04,Définir et utiliser les méthodes statiques et de classes,0,0.5455729961
concevoir-3.4,Échanger de manière adaptée et sécurisée les données,PYTHON-POO-05,Définir et utiliser des énumérations,0,0.5510025620
concevoir-3.4,Échanger de manière adaptée et sécurisée les données,PYTHON-POO-06,Définir et utiliser des dataclasses,0,0.5665433407
concevoir-3.4,Échanger de manière adaptée et sécurisée les données,PYTHON-POO-07,Définir et utiliser des classes abstraites et des protocoles,0,0.5514293313
concevoir-3.4,Échanger de manière adaptée et sécurisée les données,PYTHON-POO-08,Définir et utiliser des exceptions,0,0.5719379187
concevoir-3.4,Échanger de manière adaptée et sécurisée les données,PYTHON-POO-09,Définir et utiliser des gestionnaires de contexte,0,0.5620875359
concevoir-3.4,Échanger de manière adaptée et sécurisée les données,PYTHON-POO-10,Utiliser des flux,0,0.5760785937
concevoir-3.4,Échanger de manière adaptée et sécurisée les données,PYTHON-DEV-01,Dissocier Python du Système d'exploitation (pyenv),0,0.5114104748
concevoir-3.4,Échanger de manière adaptée et sécurisée les données,PYTHON-DEV-02,Gérer les dépendances,0,0.5764397979
concevoir-3.4,Échanger de manière adaptée et sécurisée les données,PYTHON-DEV-03,Céer et utiliser les tests unitaires,0,0.5413306952
concevoir-3.4,Échanger de manière adaptée et sécurisée les données,PYTHON-DEV-04,Utiliser les logs,0,0.5701782703
concevoir-3.4,Échanger de manière adaptée et sécurisée les données,PYTHON-DEV-05,Utiliser le annotations,0,0.5771795511
concevoir-3.4,Échanger de manière adaptée et sécurisée les données,PYTHON-DEV-06,Réaliser une audit statique de code,0,0.5431743264
concevoir-3.4,Échanger de manière adaptée et sécurisée les données,PYTHON-ARC-01,Créer des décorateurs,0,0.5315188169
concevoir-3.4,Échanger de manière adaptée et sécurisée les données,PYTHON-ARC-02,Créer et utiliser des métaclasses,0,0.5619528294
concevoir-3.4,Échanger de manière adaptée et sécurisée les données,PYTHON-ARC-03,Controler l'accès aux attributs,0,0.5815083385
concevoir-3.4,Échanger de manière adaptée et sécurisée les données,PYTHON-ARC-04,Créer et utiliser des coroutines,0,0.5445369482
concevoir-4.1,Aligner des structures de données issues de différents paradigmes,PYTHON-PRG-01,"Choisir et utiliser les types de bases (bool, int, float, complex, list, etc.)",0,0.5358704329
concevoir-4.1,Aligner des structures de données issues de différents paradigmes,PYTHON-PRG-02,"Utiliser les structures de contrôle (if, for, while, etc.)",0,0.5847477317
concevoir-4.1,Aligner des structures de données issues de différents paradigmes,PYTHON-PRG-03,"Définir une fonction (arité variable, valeurs par défaut, obligation des paramètres positionnels ou nommés, etc.)",0,0.5376129150
concevoir-4.1,Aligner des structures de données issues de différents paradigmes,PYTHON-PRG-04,"Appeler une fonction (passage de paramètre posiitonnel ou nommé, tuple ou dictionnaire en paramètres effectifs, etc.)",0,0.5189824700
concevoir-4.1,Aligner des structures de données issues de différents paradigmes,PYTHON-PRG-05,"Créer des packages, modules et script",0,0.5295688510
concevoir-4.1,Aligner des structures de données issues de différents paradigmes,PYTHON-PRG-06,"Importer des modules, éléments de modules en les renommant si nécessaire",0,0.5376366377
concevoir-4.1,Aligner des structures de données issues de différents paradigmes,PYTHON-PRG-07,Comprendre l'affectation,0,0.5151072741
concevoir-4.1,Aligner des structures de données issues de différents paradigmes,PYTHON-PRG-08,Utiliser les fonctions lambda,0,0.5443869233
concevoir-4.1,Aligner des structures de données issues de différents paradigmes,PYTHON-PRG-09,"Utiliser les fonctions map, filter et comprehension de séquences",0,0.5424005985
concevoir-4.1,Aligner des structures de données issues de différents paradigmes,PYTHON-PRG-10,Utiliser l'instruction yield,0,0.5300573111
concevoir-4.1,Aligner des structures de données issues de différents paradigmes,PYTHON-POO-01,"Définir une classe (attributs, méthodes, initialiseur, etc.)",0,0.5445699692
concevoir-4.1,Aligner des structures de données issues de différents paradigmes,PYTHON-POO-02,Utiliser les propriétés,0,0.5688101053
concevoir-4.1,Aligner des structures de données issues de différents paradigmes,PYTHON-POO-03,Définir les méthodes spéciales,0,0.5616937876
concevoir-4.1,Aligner des structures de données issues de différents paradigmes,PYTHON-POO-04,Définir et utiliser les méthodes statiques et de classes,0,0.5493618846
concevoir-4.1,Aligner des structures de données issues de différents paradigmes,PYTHON-POO-05,Définir et utiliser des énumérations,0,0.5455505848
concevoir-4.1,Aligner des structures de données issues de différents paradigmes,PYTHON-POO-06,Définir et utiliser des dataclasses,0,0.5741969347
concevoir-4.1,Aligner des structures de données issues de différents paradigmes,PYTHON-POO-07,Définir et utiliser des classes abstraites et des protocoles,0,0.5509111881
concevoir-4.1,Aligner des structures de données issues de différents paradigmes,PYTHON-POO-08,Définir et utiliser des exceptions,0,0.5492542982
concevoir-4.1,Aligner des structures de données issues de différents paradigmes,PYTHON-POO-09,Définir et utiliser des gestionnaires de contexte,0,0.5414812565
concevoir-4.1,Aligner des structures de données issues de différents paradigmes,PYTHON-POO-10,Utiliser des flux,0,0.5624842644
concevoir-4.1,Aligner des structures de données issues de différents paradigmes,PYTHON-DEV-01,Dissocier Python du Système d'exploitation (pyenv),0,0.5019224882
concevoir-4.1,Aligner des structures de données issues de différents paradigmes,PYTHON-DEV-02,Gérer les dépendances,0,0.5567306280
concevoir-4.1,Aligner des structures de données issues de différents paradigmes,PYTHON-DEV-03,Céer et utiliser les tests unitaires,0,0.5255902410
concevoir-4.1,Aligner des structures de données issues de différents paradigmes,PYTHON-DEV-04,Utiliser les logs,0,0.5525022745
concevoir-4.1,Aligner des structures de données issues de différents paradigmes,PYTHON-DEV-05,Utiliser le annotations,0,0.5682771206
concevoir-4.1,Aligner des structures de données issues de différents paradigmes,PYTHON-DEV-06,Réaliser une audit statique de code,0,0.5334393382
concevoir-4.1,Aligner des structures de données issues de différents paradigmes,PYTHON-ARC-01,Créer des décorateurs,0,0.5261565447
concevoir-4.1,Aligner des structures de données issues de différents paradigmes,PYTHON-ARC-02,Créer et utiliser des métaclasses,0,0.5693629980
concevoir-4.1,Aligner des structures de données issues de différents paradigmes,PYTHON-ARC-03,Controler l'accès aux attributs,0,0.5416460037
concevoir-4.1,Aligner des structures de données issues de différents paradigmes,PYTHON-ARC-04,Créer et utiliser des coroutines,0,0.5340156555
concevoir-4.2,Choisir le paradigme de programmation le mieux adapté aux traitements,PYTHON-PRG-01,"Choisir et utiliser les types de bases (bool, int, float, complex, list, etc.)",0,0.5628865361
concevoir-4.2,Choisir le paradigme de programmation le mieux adapté aux traitements,PYTHON-PRG-02,"Utiliser les structures de contrôle (if, for, while, etc.)",0,0.5514712930
concevoir-4.2,Choisir le paradigme de programmation le mieux adapté aux traitements,PYTHON-PRG-03,"Définir une fonction (arité variable, valeurs par défaut, obligation des paramètres positionnels ou nommés, etc.)",0,0.5133255124
concevoir-4.2,Choisir le paradigme de programmation le mieux adapté aux traitements,PYTHON-PRG-04,"Appeler une fonction (passage de paramètre posiitonnel ou nommé, tuple ou dictionnaire en paramètres effectifs, etc.)",0,0.5064002275
concevoir-4.2,Choisir le paradigme de programmation le mieux adapté aux traitements,PYTHON-PRG-05,"Créer des packages, modules et script",0,0.5235206485
concevoir-4.2,Choisir le paradigme de programmation le mieux adapté aux traitements,PYTHON-PRG-06,"Importer des modules, éléments de modules en les renommant si nécessaire",0,0.5280573368
concevoir-4.2,Choisir le paradigme de programmation le mieux adapté aux traitements,PYTHON-PRG-07,Comprendre l'affectation,0,0.5070939660
concevoir-4.2,Choisir le paradigme de programmation le mieux adapté aux traitements,PYTHON-PRG-08,Utiliser les fonctions lambda,0,0.5491877794
concevoir-4.2,Choisir le paradigme de programmation le mieux adapté aux traitements,PYTHON-PRG-09,"Utiliser les fonctions map, filter et comprehension de séquences",0,0.5312820673
concevoir-4.2,Choisir le paradigme de programmation le mieux adapté aux traitements,PYTHON-PRG-10,Utiliser l'instruction yield,0,0.5328528881
concevoir-4.2,Choisir le paradigme de programmation le mieux adapté aux traitements,PYTHON-POO-01,"Définir une classe (attributs, méthodes, initialiseur, etc.)",0,0.5346859694
concevoir-4.2,Choisir le paradigme de programmation le mieux adapté aux traitements,PYTHON-POO-02,Utiliser les propriétés,0,0.5785626173
concevoir-4.2,Choisir le paradigme de programmation le mieux adapté aux traitements,PYTHON-POO-03,Définir les méthodes spéciales,0,0.5677568316
concevoir-4.2,Choisir le paradigme de programmation le mieux adapté aux traitements,PYTHON-POO-04,Définir et utiliser les méthodes statiques et de classes,0,0.5404843092
concevoir-4.2,Choisir le paradigme de programmation le mieux adapté aux traitements,PYTHON-POO-05,Définir et utiliser des énumérations,0,0.5337972045
concevoir-4.2,Choisir le paradigme de programmation le mieux adapté aux traitements,PYTHON-POO-06,Définir et utiliser des dataclasses,0,0.5248074532
concevoir-4.2,Choisir le paradigme de programmation le mieux adapté aux traitements,PYTHON-POO-07,Définir et utiliser des classes abstraites et des protocoles,0,0.5381627083
concevoir-4.2,Choisir le paradigme de programmation le mieux adapté aux traitements,PYTHON-POO-08,Définir et utiliser des exceptions,0,0.5485547781
concevoir-4.2,Choisir le paradigme de programmation le mieux adapté aux traitements,PYTHON-POO-09,Définir et utiliser des gestionnaires de contexte,0,0.5399979353
concevoir-4.2,Choisir le paradigme de programmation le mieux adapté aux traitements,PYTHON-POO-10,Utiliser des flux,0,0.5580857992
concevoir-4.2,Choisir le paradigme de programmation le mieux adapté aux traitements,PYTHON-DEV-01,Dissocier Python du Système d'exploitation (pyenv),0,0.4988391101
concevoir-4.2,Choisir le paradigme de programmation le mieux adapté aux traitements,PYTHON-DEV-02,Gérer les dépendances,0,0.5646037459
concevoir-4.2,Choisir le paradigme de programmation le mieux adapté aux traitements,PYTHON-DEV-03,Céer et utiliser les tests unitaires,0,0.5321781039
concevoir-4.2,Choisir le paradigme de programmation le mieux adapté aux traitements,PYTHON-DEV-04,Utiliser les logs,0,0.5475144386
concevoir-4.2,Choisir le paradigme de programmation le mieux adapté aux traitements,PYTHON-DEV-05,Utiliser le annotations,0,0.5647284389
concevoir-4.2,Choisir le paradigme de programmation le mieux adapté aux traitements,PYTHON-DEV-06,Réaliser une audit statique de code,0,0.5361694098
concevoir-4.2,Choisir le paradigme de programmation le mieux adapté aux traitements,PYTHON-ARC-01,Créer des décorateurs,0,0.5308736563
concevoir-4.2,Choisir le paradigme de programmation le mieux adapté aux traitements,PYTHON-ARC-02,Créer et utiliser des métaclasses,0,0.5509335399
concevoir-4.2,Choisir le paradigme de programmation le mieux adapté aux traitements,PYTHON-ARC-03,Controler l'accès aux attributs,0,0.5490685105
concevoir-4.2,Choisir le paradigme de programmation le mieux adapté aux traitements,PYTHON-ARC-04,Créer et utiliser des coroutines,0,0.5375300646
concevoir-4.3,Choisir les patrons d'architecture,PYTHON-PRG-01,"Choisir et utiliser les types de bases (bool, int, float, complex, list, etc.)",0,0.5475752354
concevoir-4.3,Choisir les patrons d'architecture,PYTHON-PRG-02,"Utiliser les structures de contrôle (if, for, while, etc.)",0,0.5381731987
concevoir-4.3,Choisir les patrons d'architecture,PYTHON-PRG-03,"Définir une fonction (arité variable, valeurs par défaut, obligation des paramètres positionnels ou nommés, etc.)",0,0.4873977005
concevoir-4.3,Choisir les patrons d'architecture,PYTHON-PRG-04,"Appeler une fonction (passage de paramètre posiitonnel ou nommé, tuple ou dictionnaire en paramètres effectifs, etc.)",0,0.4944053292
concevoir-4.3,Choisir les patrons d'architecture,PYTHON-PRG-05,"Créer des packages, modules et script",0,0.5190507174
concevoir-4.3,Choisir les patrons d'architecture,PYTHON-PRG-06,"Importer des modules, éléments de modules en les renommant si nécessaire",0,0.5275738835
concevoir-4.3,Choisir les patrons d'architecture,PYTHON-PRG-07,Comprendre l'affectation,0,0.5034027100
concevoir-4.3,Choisir les patrons d'architecture,PYTHON-PRG-08,Utiliser les fonctions lambda,0,0.5241997838
concevoir-4.3,Choisir les patrons d'architecture,PYTHON-PRG-09,"Utiliser les fonctions map, filter et comprehension de séquences",0,0.5256364346
concevoir-4.3,Choisir les patrons d'architecture,PYTHON-PRG-10,Utiliser l'instruction yield,0,0.5209141970
concevoir-4.3,Choisir les patrons d'architecture,PYTHON-POO-01,"Définir une classe (attributs, méthodes, initialiseur, etc.)",0,0.5309603810
concevoir-4.3,Choisir les patrons d'architecture,PYTHON-POO-02,Utiliser les propriétés,0,0.5763396621
concevoir-4.3,Choisir les patrons d'architecture,PYTHON-POO-03,Définir les méthodes spéciales,0,0.5401071310
concevoir-4.3,Choisir les patrons d'architecture,PYTHON-POO-04,Définir et utiliser les méthodes statiques et de classes,0,0.5155811310
concevoir-4.3,Choisir les patrons d'architecture,PYTHON-POO-05,Définir et utiliser des énumérations,0,0.5257508755
concevoir-4.3,Choisir les patrons d'architecture,PYTHON-POO-06,Définir et utiliser des dataclasses,0,0.5125746727
concevoir-4.3,Choisir les patrons d'architecture,PYTHON-POO-07,Définir et utiliser des classes abstraites et des protocoles,0,0.5231258869
concevoir-4.3,Choisir les patrons d'architecture,PYTHON-POO-08,Définir et utiliser des exceptions,0,0.5310096741
concevoir-4.3,Choisir les patrons d'architecture,PYTHON-POO-09,Définir et utiliser des gestionnaires de contexte,0,0.5411318541
concevoir-4.3,Choisir les patrons d'architecture,PYTHON-POO-10,Utiliser des flux,0,0.5481079817
concevoir-4.3,Choisir les patrons d'architecture,PYTHON-DEV-01,Dissocier Python du Système d'exploitation (pyenv),0,0.4955849349
concevoir-4.3,Choisir les patrons d'architecture,PYTHON-DEV-02,Gérer les dépendances,0,0.5685840845
concevoir-4.3,Choisir les patrons d'architecture,PYTHON-DEV-03,Céer et utiliser les tests unitaires,0,0.5146187544
concevoir-4.3,Choisir les patrons d'architecture,PYTHON-DEV-04,Utiliser les logs,0,0.5401874781
concevoir-4.3,Choisir les patrons d'architecture,PYTHON-DEV-05,Utiliser le annotations,0,0.5591660738
concevoir-4.3,Choisir les patrons d'architecture,PYTHON-DEV-06,Réaliser une audit statique de code,0,0.5159019232
concevoir-4.3,Choisir les patrons d'architecture,PYTHON-ARC-01,Créer des décorateurs,0,0.5881677866
concevoir-4.3,Choisir les patrons d'architecture,PYTHON-ARC-02,Créer et utiliser des métaclasses,0,0.5433642864
concevoir-4.3,Choisir les patrons d'architecture,PYTHON-ARC-03,Controler l'accès aux attributs,0,0.5477310419
concevoir-4.3,Choisir les patrons d'architecture,PYTHON-ARC-04,Créer et utiliser des coroutines,0,0.5323483348
concevoir-4.4,"Prétraiter, estimer et prédire un signal à l’aide d’un système non linéaire",PYTHON-PRG-01,"Choisir et utiliser les types de bases (bool, int, float, complex, list, etc.)",0,0.5183167458
concevoir-4.4,"Prétraiter, estimer et prédire un signal à l’aide d’un système non linéaire",PYTHON-PRG-02,"Utiliser les structures de contrôle (if, for, while, etc.)",0,0.5640770793
concevoir-4.4,"Prétraiter, estimer et prédire un signal à l’aide d’un système non linéaire",PYTHON-PRG-03,"Définir une fonction (arité variable, valeurs par défaut, obligation des paramètres positionnels ou nommés, etc.)",0,0.5715068579
concevoir-4.4,"Prétraiter, estimer et prédire un signal à l’aide d’un système non linéaire",PYTHON-PRG-04,"Appeler une fonction (passage de paramètre posiitonnel ou nommé, tuple ou dictionnaire en paramètres effectifs, etc.)",0,0.5401875973
concevoir-4.4,"Prétraiter, estimer et prédire un signal à l’aide d’un système non linéaire",PYTHON-PRG-05,"Créer des packages, modules et script",0,0.5221399665
concevoir-4.4,"Prétraiter, estimer et prédire un signal à l’aide d’un système non linéaire",PYTHON-PRG-06,"Importer des modules, éléments de modules en les renommant si nécessaire",0,0.5343754292
concevoir-4.4,"Prétraiter, estimer et prédire un signal à l’aide d’un système non linéaire",PYTHON-PRG-07,Comprendre l'affectation,0,0.5349508524
concevoir-4.4,"Prétraiter, estimer et prédire un signal à l’aide d’un système non linéaire",PYTHON-PRG-08,Utiliser les fonctions lambda,0,0.5450046062
concevoir-4.4,"Prétraiter, estimer et prédire un signal à l’aide d’un système non linéaire",PYTHON-PRG-09,"Utiliser les fonctions map, filter et comprehension de séquences",0,0.5522161722
concevoir-4.4,"Prétraiter, estimer et prédire un signal à l’aide d’un système non linéaire",PYTHON-PRG-10,Utiliser l'instruction yield,0,0.5494597554
concevoir-4.4,"Prétraiter, estimer et prédire un signal à l’aide d’un système non linéaire",PYTHON-POO-01,"Définir une classe (attributs, méthodes, initialiseur, etc.)",0,0.5472698212
concevoir-4.4,"Prétraiter, estimer et prédire un signal à l’aide d’un système non linéaire",PYTHON-POO-02,Utiliser les propriétés,0,0.5835404396
concevoir-4.4,"Prétraiter, estimer et prédire un signal à l’aide d’un système non linéaire",PYTHON-POO-03,Définir les méthodes spéciales,0,0.5812029839
concevoir-4.4,"Prétraiter, estimer et prédire un signal à l’aide d’un système non linéaire",PYTHON-POO-04,Définir et utiliser les méthodes statiques et de classes,0,0.5459360480
concevoir-4.4,"Prétraiter, estimer et prédire un signal à l’aide d’un système non linéaire",PYTHON-POO-05,Définir et utiliser des énumérations,0,0.5499933958
concevoir-4.4,"Prétraiter, estimer et prédire un signal à l’aide d’un système non linéaire",PYTHON-POO-06,Définir et utiliser des dataclasses,0,0.5366652012
concevoir-4.4,"Prétraiter, estimer et prédire un signal à l’aide d’un système non linéaire",PYTHON-POO-07,Définir et utiliser des classes abstraites et des protocoles,0,0.5445308089
concevoir-4.4,"Prétraiter, estimer et prédire un signal à l’aide d’un système non linéaire",PYTHON-POO-08,Définir et utiliser des exceptions,0,0.5664026737
concevoir-4.4,"Prétraiter, estimer et prédire un signal à l’aide d’un système non linéaire",PYTHON-POO-09,Définir et utiliser des gestionnaires de contexte,0,0.5485444665
concevoir-4.4,"Prétraiter, estimer et prédire un signal à l’aide d’un système non linéaire",PYTHON-POO-10,Utiliser des flux,0,0.5687645078
concevoir-4.4,"Prétraiter, estimer et prédire un signal à l’aide d’un système non linéaire",PYTHON-DEV-01,Dissocier Python du Système d'exploitation (pyenv),0,0.5083701015
concevoir-4.4,"Prétraiter, estimer et prédire un signal à l’aide d’un système non linéaire",PYTHON-DEV-02,Gérer les dépendances,0,0.5527760983
concevoir-4.4,"Prétraiter, estimer et prédire un signal à l’aide d’un système non linéaire",PYTHON-DEV-03,Céer et utiliser les tests unitaires,0,0.5387097597
concevoir-4.4,"Prétraiter, estimer et prédire un signal à l’aide d’un système non linéaire",PYTHON-DEV-04,Utiliser les logs,0,0.5555232167
concevoir-4.4,"Prétraiter, estimer et prédire un signal à l’aide d’un système non linéaire",PYTHON-DEV-05,Utiliser le annotations,0,0.5769993663
concevoir-4.4,"Prétraiter, estimer et prédire un signal à l’aide d’un système non linéaire",PYTHON-DEV-06,Réaliser une audit statique de code,0,0.5313246250
concevoir-4.4,"Prétraiter, estimer et prédire un signal à l’aide d’un système non linéaire",PYTHON-ARC-01,Créer des décorateurs,0,0.5205562115
concevoir-4.4,"Prétraiter, estimer et prédire un signal à l’aide d’un système non linéaire",PYTHON-ARC-02,Créer et utiliser des métaclasses,0,0.5514218807
concevoir-4.4,"Prétraiter, estimer et prédire un signal à l’aide d’un système non linéaire",PYTHON-ARC-03,Controler l'accès aux attributs,0,0.5489464402
concevoir-4.4,"Prétraiter, estimer et prédire un signal à l’aide d’un système non linéaire",PYTHON-ARC-04,Créer et utiliser des coroutines,0,0.5361840725
concevoir-4.5,Échanger de manière adaptée et sécurisée les données en temps réel,PYTHON-PRG-01,"Choisir et utiliser les types de bases (bool, int, float, complex, list, etc.)",0,0.5172709823
concevoir-4.5,Échanger de manière adaptée et sécurisée les données en temps réel,PYTHON-PRG-02,"Utiliser les structures de contrôle (if, for, while, etc.)",0,0.5657123923
concevoir-4.5,Échanger de manière adaptée et sécurisée les données en temps réel,PYTHON-PRG-03,"Définir une fonction (arité variable, valeurs par défaut, obligation des paramètres positionnels ou nommés, etc.)",0,0.5281366110
concevoir-4.5,Échanger de manière adaptée et sécurisée les données en temps réel,PYTHON-PRG-04,"Appeler une fonction (passage de paramètre posiitonnel ou nommé, tuple ou dictionnaire en paramètres effectifs, etc.)",0,0.5271093845
concevoir-4.5,Échanger de manière adaptée et sécurisée les données en temps réel,PYTHON-PRG-05,"Créer des packages, modules et script",0,0.5346642733
concevoir-4.5,Échanger de manière adaptée et sécurisée les données en temps réel,PYTHON-PRG-06,"Importer des modules, éléments de modules en les renommant si nécessaire",0,0.5444135666
concevoir-4.5,Échanger de manière adaptée et sécurisée les données en temps réel,PYTHON-PRG-07,Comprendre l'affectation,0,0.5195921659
concevoir-4.5,Échanger de manière adaptée et sécurisée les données en temps réel,PYTHON-PRG-08,Utiliser les fonctions lambda,0,0.5609661937
concevoir-4.5,Échanger de manière adaptée et sécurisée les données en temps réel,PYTHON-PRG-09,"Utiliser les fonctions map, filter et comprehension de séquences",0,0.5540345907
concevoir-4.5,Échanger de manière adaptée et sécurisée les données en temps réel,PYTHON-PRG-10,Utiliser l'instruction yield,0,0.5452942848
concevoir-4.5,Échanger de manière adaptée et sécurisée les données en temps réel,PYTHON-POO-01,"Définir une classe (attributs, méthodes, initialiseur, etc.)",0,0.5415825844
concevoir-4.5,Échanger de manière adaptée et sécurisée les données en temps réel,PYTHON-POO-02,Utiliser les propriétés,0,0.5853289962
concevoir-4.5,Échanger de manière adaptée et sécurisée les données en temps réel,PYTHON-POO-03,Définir les méthodes spéciales,0,0.5762073994
concevoir-4.5,Échanger de manière adaptée et sécurisée les données en temps réel,PYTHON-POO-04,Définir et utiliser les méthodes statiques et de classes,0,0.5427725315
concevoir-4.5,Échanger de manière adaptée et sécurisée les données en temps réel,PYTHON-POO-05,Définir et utiliser des énumérations,0,0.5468109846
concevoir-4.5,Échanger de manière adaptée et sécurisée les données en temps réel,PYTHON-POO-06,Définir et utiliser des dataclasses,0,0.5587139130
concevoir-4.5,Échanger de manière adaptée et sécurisée les données en temps réel,PYTHON-POO-07,Définir et utiliser des classes abstraites et des protocoles,0,0.5477457047
concevoir-4.5,Échanger de manière adaptée et sécurisée les données en temps réel,PYTHON-POO-08,Définir et utiliser des exceptions,0,0.5651732683
concevoir-4.5,Échanger de manière adaptée et sécurisée les données en temps réel,PYTHON-POO-09,Définir et utiliser des gestionnaires de contexte,0,0.5579056144
concevoir-4.5,Échanger de manière adaptée et sécurisée les données en temps réel,PYTHON-POO-10,Utiliser des flux,0,0.5773041248
concevoir-4.5,Échanger de manière adaptée et sécurisée les données en temps réel,PYTHON-DEV-01,Dissocier Python du Système d'exploitation (pyenv),0,0.5083729029
concevoir-4.5,Échanger de manière adaptée et sécurisée les données en temps réel,PYTHON-DEV-02,Gérer les dépendances,0,0.5672217011
concevoir-4.5,Échanger de manière adaptée et sécurisée les données en temps réel,PYTHON-DEV-03,Céer et utiliser les tests unitaires,0,0.5381771922
concevoir-4.5,Échanger de manière adaptée et sécurisée les données en temps réel,PYTHON-DEV-04,Utiliser les logs,0,0.5670189261
concevoir-4.5,Échanger de manière adaptée et sécurisée les données en temps réel,PYTHON-DEV-05,Utiliser le annotations,0,0.5737540722
concevoir-4.5,Échanger de manière adaptée et sécurisée les données en temps réel,PYTHON-DEV-06,Réaliser une audit statique de code,0,0.5382903814
concevoir-4.5,Échanger de manière adaptée et sécurisée les données en temps réel,PYTHON-ARC-01,Créer des décorateurs,0,0.5306342840
concevoir-4.5,Échanger de manière adaptée et sécurisée les données en temps réel,PYTHON-ARC-02,Créer et utiliser des métaclasses,0,0.5585424900
concevoir-4.5,Échanger de manière adaptée et sécurisée les données en temps réel,PYTHON-ARC-03,Controler l'accès aux attributs,0,0.5729331970
concevoir-4.5,Échanger de manière adaptée et sécurisée les données en temps réel,PYTHON-ARC-04,Créer et utiliser des coroutines,0,0.5430506468
concevoir-4.6,Choisir un modèle optimal d'un problème de traitement de données et évaluer ses performances,PYTHON-PRG-01,"Choisir et utiliser les types de bases (bool, int, float, complex, list, etc.)",0,0.5457053185
concevoir-4.6,Choisir un modèle optimal d'un problème de traitement de données et évaluer ses performances,PYTHON-PRG-02,"Utiliser les structures de contrôle (if, for, while, etc.)",0,0.5397760868
concevoir-4.6,Choisir un modèle optimal d'un problème de traitement de données et évaluer ses performances,PYTHON-PRG-03,"Définir une fonction (arité variable, valeurs par défaut, obligation des paramètres positionnels ou nommés, etc.)",0,0.5245027542
concevoir-4.6,Choisir un modèle optimal d'un problème de traitement de données et évaluer ses performances,PYTHON-PRG-04,"Appeler une fonction (passage de paramètre posiitonnel ou nommé, tuple ou dictionnaire en paramètres effectifs, etc.)",0,0.5053693652
concevoir-4.6,Choisir un modèle optimal d'un problème de traitement de données et évaluer ses performances,PYTHON-PRG-05,"Créer des packages, modules et script",0,0.5180673599
concevoir-4.6,Choisir un modèle optimal d'un problème de traitement de données et évaluer ses performances,PYTHON-PRG-06,"Importer des modules, éléments de modules en les renommant si nécessaire",0,0.5232533813
concevoir-4.6,Choisir un modèle optimal d'un problème de traitement de données et évaluer ses performances,PYTHON-PRG-07,Comprendre l'affectation,0,0.5183541775
concevoir-4.6,Choisir un modèle optimal d'un problème de traitement de données et évaluer ses performances,PYTHON-PRG-08,Utiliser les fonctions lambda,0,0.5359919667
concevoir-4.6,Choisir un modèle optimal d'un problème de traitement de données et évaluer ses performances,PYTHON-PRG-09,"Utiliser les fonctions map, filter et comprehension de séquences",0,0.5299948454
concevoir-4.6,Choisir un modèle optimal d'un problème de traitement de données et évaluer ses performances,PYTHON-PRG-10,Utiliser l'instruction yield,0,0.5356848836
concevoir-4.6,Choisir un modèle optimal d'un problème de traitement de données et évaluer ses performances,PYTHON-POO-01,"Définir une classe (attributs, méthodes, initialiseur, etc.)",0,0.5356407166
concevoir-4.6,Choisir un modèle optimal d'un problème de traitement de données et évaluer ses performances,PYTHON-POO-02,Utiliser les propriétés,0,0.5753210783
concevoir-4.6,Choisir un modèle optimal d'un problème de traitement de données et évaluer ses performances,PYTHON-POO-03,Définir les méthodes spéciales,0,0.5598408580
concevoir-4.6,Choisir un modèle optimal d'un problème de traitement de données et évaluer ses performances,PYTHON-POO-04,Définir et utiliser les méthodes statiques et de classes,0,0.5363978148
concevoir-4.6,Choisir un modèle optimal d'un problème de traitement de données et évaluer ses performances,PYTHON-POO-05,Définir et utiliser des énumérations,0,0.5345282555
concevoir-4.6,Choisir un modèle optimal d'un problème de traitement de données et évaluer ses performances,PYTHON-POO-06,Définir et utiliser des dataclasses,0,0.5544493198
concevoir-4.6,Choisir un modèle optimal d'un problème de traitement de données et évaluer ses performances,PYTHON-POO-07,Définir et utiliser des classes abstraites et des protocoles,0,0.5300213099
concevoir-4.6,Choisir un modèle optimal d'un problème de traitement de données et évaluer ses performances,PYTHON-POO-08,Définir et utiliser des exceptions,0,0.5480934381
concevoir-4.6,Choisir un modèle optimal d'un problème de traitement de données et évaluer ses performances,PYTHON-POO-09,Définir et utiliser des gestionnaires de contexte,0,0.5356864333
concevoir-4.6,Choisir un modèle optimal d'un problème de traitement de données et évaluer ses performances,PYTHON-POO-10,Utiliser des flux,0,0.5568202734
concevoir-4.6,Choisir un modèle optimal d'un problème de traitement de données et évaluer ses performances,PYTHON-DEV-01,Dissocier Python du Système d'exploitation (pyenv),0,0.4896239042
concevoir-4.6,Choisir un modèle optimal d'un problème de traitement de données et évaluer ses performances,PYTHON-DEV-02,Gérer les dépendances,0,0.5498032570
concevoir-4.6,Choisir un modèle optimal d'un problème de traitement de données et évaluer ses performances,PYTHON-DEV-03,Céer et utiliser les tests unitaires,0,0.5285358429
concevoir-4.6,Choisir un modèle optimal d'un problème de traitement de données et évaluer ses performances,PYTHON-DEV-04,Utiliser les logs,0,0.5467262268
concevoir-4.6,Choisir un modèle optimal d'un problème de traitement de données et évaluer ses performances,PYTHON-DEV-05,Utiliser le annotations,0,0.5567753315
concevoir-4.6,Choisir un modèle optimal d'un problème de traitement de données et évaluer ses performances,PYTHON-DEV-06,Réaliser une audit statique de code,0,0.5285746455
concevoir-4.6,Choisir un modèle optimal d'un problème de traitement de données et évaluer ses performances,PYTHON-ARC-01,Créer des décorateurs,0,0.5173940659
concevoir-4.6,Choisir un modèle optimal d'un problème de traitement de données et évaluer ses performances,PYTHON-ARC-02,Créer et utiliser des métaclasses,0,0.5440348983
concevoir-4.6,Choisir un modèle optimal d'un problème de traitement de données et évaluer ses performances,PYTHON-ARC-03,Controler l'accès aux attributs,0,0.5364858508
concevoir-4.6,Choisir un modèle optimal d'un problème de traitement de données et évaluer ses performances,PYTHON-ARC-04,Créer et utiliser des coroutines,0,0.5291962028
developper-1.1,Implémenter efficacement un algorithme dans un langage de la programmation structurée,PYTHON-PRG-01,"Choisir et utiliser les types de bases (bool, int, float, complex, list, etc.)",0,0.5191574097
developper-1.1,Implémenter efficacement un algorithme dans un langage de la programmation structurée,PYTHON-PRG-02,"Utiliser les structures de contrôle (if, for, while, etc.)",0,0.5785693526
developper-1.1,Implémenter efficacement un algorithme dans un langage de la programmation structurée,PYTHON-PRG-03,"Définir une fonction (arité variable, valeurs par défaut, obligation des paramètres positionnels ou nommés, etc.)",0,0.5187848806
developper-1.1,Implémenter efficacement un algorithme dans un langage de la programmation structurée,PYTHON-PRG-04,"Appeler une fonction (passage de paramètre posiitonnel ou nommé, tuple ou dictionnaire en paramètres effectifs, etc.)",0,0.5256305933
developper-1.1,Implémenter efficacement un algorithme dans un langage de la programmation structurée,PYTHON-PRG-05,"Créer des packages, modules et script",0,0.5206307173
developper-1.1,Implémenter efficacement un algorithme dans un langage de la programmation structurée,PYTHON-PRG-06,"Importer des modules, éléments de modules en les renommant si nécessaire",0,0.5334761739
developper-1.1,Implémenter efficacement un algorithme dans un langage de la programmation structurée,PYTHON-PRG-07,Comprendre l'affectation,0,0.5195976496
developper-1.1,Implémenter efficacement un algorithme dans un langage de la programmation structurée,PYTHON-PRG-08,Utiliser les fonctions lambda,0,0.5481058359
developper-1.1,Implémenter efficacement un algorithme dans un langage de la programmation structurée,PYTHON-PRG-09,"Utiliser les fonctions map, filter et comprehension de séquences",0,0.5366098881
developper-1.1,Implémenter efficacement un algorithme dans un langage de la programmation structurée,PYTHON-PRG-10,Utiliser l'instruction yield,0,0.5554322004
developper-1.1,Implémenter efficacement un algorithme dans un langage de la programmation structurée,PYTHON-POO-01,"Définir une classe (attributs, méthodes, initialiseur, etc.)",0,0.5482316017
developper-1.1,Implémenter efficacement un algorithme dans un langage de la programmation structurée,PYTHON-POO-02,Utiliser les propriétés,0,0.5753131509
developper-1.1,Implémenter efficacement un algorithme dans un langage de la programmation structurée,PYTHON-POO-03,Définir les méthodes spéciales,0,0.5672434568
developper-1.1,Implémenter efficacement un algorithme dans un langage de la programmation structurée,PYTHON-POO-04,Définir et utiliser les méthodes statiques et de classes,0,0.5530682206
developper-1.1,Implémenter efficacement un algorithme dans un langage de la programmation structurée,PYTHON-POO-05,Définir et utiliser des énumérations,0,0.5422280431
developper-1.1,Implémenter efficacement un algorithme dans un langage de la programmation structurée,PYTHON-POO-06,Définir et utiliser des dataclasses,0,0.5391777158
developper-1.1,Implémenter efficacement un algorithme dans un langage de la programmation structurée,PYTHON-POO-07,Définir et utiliser des classes abstraites et des protocoles,0,0.5515038371
developper-1.1,Implémenter efficacement un algorithme dans un langage de la programmation structurée,PYTHON-POO-08,Définir et utiliser des exceptions,0,0.5573357940
developper-1.1,Implémenter efficacement un algorithme dans un langage de la programmation structurée,PYTHON-POO-09,Définir et utiliser des gestionnaires de contexte,0,0.5506610870
developper-1.1,Implémenter efficacement un algorithme dans un langage de la programmation structurée,PYTHON-POO-10,Utiliser des flux,0,0.5642782450
developper-1.1,Implémenter efficacement un algorithme dans un langage de la programmation structurée,PYTHON-DEV-01,Dissocier Python du Système d'exploitation (pyenv),0,0.4967478216
developper-1.1,Implémenter efficacement un algorithme dans un langage de la programmation structurée,PYTHON-DEV-02,Gérer les dépendances,0,0.5472052097
developper-1.1,Implémenter efficacement un algorithme dans un langage de la programmation structurée,PYTHON-DEV-03,Céer et utiliser les tests unitaires,0,0.5226717591
developper-1.1,Implémenter efficacement un algorithme dans un langage de la programmation structurée,PYTHON-DEV-04,Utiliser les logs,0,0.5604028702
developper-1.1,Implémenter efficacement un algorithme dans un langage de la programmation structurée,PYTHON-DEV-05,Utiliser le annotations,0,0.5698645115
developper-1.1,Implémenter efficacement un algorithme dans un langage de la programmation structurée,PYTHON-DEV-06,Réaliser une audit statique de code,0,0.5540008545
developper-1.1,Implémenter efficacement un algorithme dans un langage de la programmation structurée,PYTHON-ARC-01,Créer des décorateurs,0,0.5229350328
developper-1.1,Implémenter efficacement un algorithme dans un langage de la programmation structurée,PYTHON-ARC-02,Créer et utiliser des métaclasses,0,0.5617923737
developper-1.1,Implémenter efficacement un algorithme dans un langage de la programmation structurée,PYTHON-ARC-03,Controler l'accès aux attributs,0,0.5378010273
developper-1.1,Implémenter efficacement un algorithme dans un langage de la programmation structurée,PYTHON-ARC-04,Créer et utiliser des coroutines,0,0.5353618264
developper-1.2,Utiliser un logiciel de suivi de version,PYTHON-PRG-01,"Choisir et utiliser les types de bases (bool, int, float, complex, list, etc.)",0,0.5379678011
developper-1.2,Utiliser un logiciel de suivi de version,PYTHON-PRG-02,"Utiliser les structures de contrôle (if, for, while, etc.)",0,0.5824064016
developper-1.2,Utiliser un logiciel de suivi de version,PYTHON-PRG-03,"Définir une fonction (arité variable, valeurs par défaut, obligation des paramètres positionnels ou nommés, etc.)",0,0.5104002953
developper-1.2,Utiliser un logiciel de suivi de version,PYTHON-PRG-04,"Appeler une fonction (passage de paramètre posiitonnel ou nommé, tuple ou dictionnaire en paramètres effectifs, etc.)",0,0.5250745416
developper-1.2,Utiliser un logiciel de suivi de version,PYTHON-PRG-05,"Créer des packages, modules et script",0,0.5325086117
developper-1.2,Utiliser un logiciel de suivi de version,PYTHON-PRG-06,"Importer des modules, éléments de modules en les renommant si nécessaire",0,0.5499525070
developper-1.2,Utiliser un logiciel de suivi de version,PYTHON-PRG-07,Comprendre l'affectation,0,0.5146844387
developper-1.2,Utiliser un logiciel de suivi de version,PYTHON-PRG-08,Utiliser les fonctions lambda,0,0.5765017271
developper-1.2,Utiliser un logiciel de suivi de version,PYTHON-PRG-09,"Utiliser les fonctions map, filter et comprehension de séquences",0,0.5686857700
developper-1.2,Utiliser un logiciel de suivi de version,PYTHON-PRG-10,Utiliser l'instruction yield,0,0.5773233175
developper-1.2,Utiliser un logiciel de suivi de version,PYTHON-POO-01,"Définir une classe (attributs, méthodes, initialiseur, etc.)",0,0.5348373652
developper-1.2,Utiliser un logiciel de suivi de version,PYTHON-POO-02,Utiliser les propriétés,0,0.6120015383
developper-1.2,Utiliser un logiciel de suivi de version,PYTHON-POO-03,Définir les méthodes spéciales,0,0.5638236403
developper-1.2,Utiliser un logiciel de suivi de version,PYTHON-POO-04,Définir et utiliser les méthodes statiques et de classes,0,0.5501242876
developper-1.2,Utiliser un logiciel de suivi de version,PYTHON-POO-05,Définir et utiliser des énumérations,0,0.5669834018
developper-1.2,Utiliser un logiciel de suivi de version,PYTHON-POO-06,Définir et utiliser des dataclasses,0,0.5559245944
developper-1.2,Utiliser un logiciel de suivi de version,PYTHON-POO-07,Définir et utiliser des classes abstraites et des protocoles,0,0.5520677567
developper-1.2,Utiliser un logiciel de suivi de version,PYTHON-POO-08,Définir et utiliser des exceptions,0,0.5760908127
developper-1.2,Utiliser un logiciel de suivi de version,PYTHON-POO-09,Définir et utiliser des gestionnaires de contexte,0,0.5649797320
developper-1.2,Utiliser un logiciel de suivi de version,PYTHON-POO-10,Utiliser des flux,0,0.6101285219
developper-1.2,Utiliser un logiciel de suivi de version,PYTHON-DEV-01,Dissocier Python du Système d'exploitation (pyenv),0,0.5163347125
developper-1.2,Utiliser un logiciel de suivi de version,PYTHON-DEV-02,Gérer les dépendances,0,0.5603628159
developper-1.2,Utiliser un logiciel de suivi de version,PYTHON-DEV-03,Céer et utiliser les tests unitaires,0,0.5589905381
developper-1.2,Utiliser un logiciel de suivi de version,PYTHON-DEV-04,Utiliser les logs,0,0.6069641709
developper-1.2,Utiliser un logiciel de suivi de version,PYTHON-DEV-05,Utiliser le annotations,0,0.6164233685
developper-1.2,Utiliser un logiciel de suivi de version,PYTHON-DEV-06,Réaliser une audit statique de code,0,0.5671177506
developper-1.2,Utiliser un logiciel de suivi de version,PYTHON-ARC-01,Créer des décorateurs,0,0.5314431190
developper-1.2,Utiliser un logiciel de suivi de version,PYTHON-ARC-02,Créer et utiliser des métaclasses,0,0.5761926174
developper-1.2,Utiliser un logiciel de suivi de version,PYTHON-ARC-03,Controler l'accès aux attributs,0,0.5632560253
developper-1.2,Utiliser un logiciel de suivi de version,PYTHON-ARC-04,Créer et utiliser des coroutines,0,0.5622730255
developper-1.3,Caractériser le matériel et le système au regard des besoins,PYTHON-PRG-01,"Choisir et utiliser les types de bases (bool, int, float, complex, list, etc.)",0,0.5170162916
developper-1.3,Caractériser le matériel et le système au regard des besoins,PYTHON-PRG-02,"Utiliser les structures de contrôle (if, for, while, etc.)",0,0.5624018908
developper-1.3,Caractériser le matériel et le système au regard des besoins,PYTHON-PRG-03,"Définir une fonction (arité variable, valeurs par défaut, obligation des paramètres positionnels ou nommés, etc.)",0,0.5432434678
developper-1.3,Caractériser le matériel et le système au regard des besoins,PYTHON-PRG-04,"Appeler une fonction (passage de paramètre posiitonnel ou nommé, tuple ou dictionnaire en paramètres effectifs, etc.)",0,0.5096001625
developper-1.3,Caractériser le matériel et le système au regard des besoins,PYTHON-PRG-05,"Créer des packages, modules et script",0,0.5278789401
developper-1.3,Caractériser le matériel et le système au regard des besoins,PYTHON-PRG-06,"Importer des modules, éléments de modules en les renommant si nécessaire",0,0.5418568850
developper-1.3,Caractériser le matériel et le système au regard des besoins,PYTHON-PRG-07,Comprendre l'affectation,0,0.5136619806
developper-1.3,Caractériser le matériel et le système au regard des besoins,PYTHON-PRG-08,Utiliser les fonctions lambda,0,0.5394564867
developper-1.3,Caractériser le matériel et le système au regard des besoins,PYTHON-PRG-09,"Utiliser les fonctions map, filter et comprehension de séquences",0,0.5382854939
developper-1.3,Caractériser le matériel et le système au regard des besoins,PYTHON-PRG-10,Utiliser l'instruction yield,0,0.5348354578
developper-1.3,Caractériser le matériel et le système au regard des besoins,PYTHON-POO-01,"Définir une classe (attributs, méthodes, initialiseur, etc.)",0,0.5570632219
developper-1.3,Caractériser le matériel et le système au regard des besoins,PYTHON-POO-02,Utiliser les propriétés,0,0.5754800439
developper-1.3,Caractériser le matériel et le système au regard des besoins,PYTHON-POO-03,Définir les méthodes spéciales,0,0.5630543828
developper-1.3,Caractériser le matériel et le système au regard des besoins,PYTHON-POO-04,Définir et utiliser les méthodes statiques et de classes,0,0.5419336557
developper-1.3,Caractériser le matériel et le système au regard des besoins,PYTHON-POO-05,Définir et utiliser des énumérations,0,0.5436508060
developper-1.3,Caractériser le matériel et le système au regard des besoins,PYTHON-POO-06,Définir et utiliser des dataclasses,0,0.5406652689
developper-1.3,Caractériser le matériel et le système au regard des besoins,PYTHON-POO-07,Définir et utiliser des classes abstraites et des protocoles,0,0.5471426249
developper-1.3,Caractériser le matériel et le système au regard des besoins,PYTHON-POO-08,Définir et utiliser des exceptions,0,0.5550429821
developper-1.3,Caractériser le matériel et le système au regard des besoins,PYTHON-POO-09,Définir et utiliser des gestionnaires de contexte,0,0.5505841970
developper-1.3,Caractériser le matériel et le système au regard des besoins,PYTHON-POO-10,Utiliser des flux,0,0.5602501035
developper-1.3,Caractériser le matériel et le système au regard des besoins,PYTHON-DEV-01,Dissocier Python du Système d'exploitation (pyenv),0,0.5074486732
developper-1.3,Caractériser le matériel et le système au regard des besoins,PYTHON-DEV-02,Gérer les dépendances,0,0.5619287491
developper-1.3,Caractériser le matériel et le système au regard des besoins,PYTHON-DEV-03,Céer et utiliser les tests unitaires,0,0.5274524093
developper-1.3,Caractériser le matériel et le système au regard des besoins,PYTHON-DEV-04,Utiliser les logs,0,0.5486018658
developper-1.3,Caractériser le matériel et le système au regard des besoins,PYTHON-DEV-05,Utiliser le annotations,0,0.5589408875
developper-1.3,Caractériser le matériel et le système au regard des besoins,PYTHON-DEV-06,Réaliser une audit statique de code,0,0.5278017521
developper-1.3,Caractériser le matériel et le système au regard des besoins,PYTHON-ARC-01,Créer des décorateurs,0,0.5257058144
developper-1.3,Caractériser le matériel et le système au regard des besoins,PYTHON-ARC-02,Créer et utiliser des métaclasses,0,0.5551768541
developper-1.3,Caractériser le matériel et le système au regard des besoins,PYTHON-ARC-03,Controler l'accès aux attributs,0,0.5491058230
developper-1.3,Caractériser le matériel et le système au regard des besoins,PYTHON-ARC-04,Créer et utiliser des coroutines,0,0.5369900465
developper-2.1,Implémenter dans un langage de la programmation orientée objet à partir de diagrammes UML,PYTHON-PRG-01,"Choisir et utiliser les types de bases (bool, int, float, complex, list, etc.)",0,0.5115743876
developper-2.1,Implémenter dans un langage de la programmation orientée objet à partir de diagrammes UML,PYTHON-PRG-02,"Utiliser les structures de contrôle (if, for, while, etc.)",0,0.5460189581
developper-2.1,Implémenter dans un langage de la programmation orientée objet à partir de diagrammes UML,PYTHON-PRG-03,"Définir une fonction (arité variable, valeurs par défaut, obligation des paramètres positionnels ou nommés, etc.)",0,0.5078222752
developper-2.1,Implémenter dans un langage de la programmation orientée objet à partir de diagrammes UML,PYTHON-PRG-04,"Appeler une fonction (passage de paramètre posiitonnel ou nommé, tuple ou dictionnaire en paramètres effectifs, etc.)",0,0.5168178678
developper-2.1,Implémenter dans un langage de la programmation orientée objet à partir de diagrammes UML,PYTHON-PRG-05,"Créer des packages, modules et script",0,0.5313349962
developper-2.1,Implémenter dans un langage de la programmation orientée objet à partir de diagrammes UML,PYTHON-PRG-06,"Importer des modules, éléments de modules en les renommant si nécessaire",0,0.5401881933
developper-2.1,Implémenter dans un langage de la programmation orientée objet à partir de diagrammes UML,PYTHON-PRG-07,Comprendre l'affectation,0,0.5196349621
developper-2.1,Implémenter dans un langage de la programmation orientée objet à partir de diagrammes UML,PYTHON-PRG-08,Utiliser les fonctions lambda,0,0.5385626554
developper-2.1,Implémenter dans un langage de la programmation orientée objet à partir de diagrammes UML,PYTHON-PRG-09,"Utiliser les fonctions map, filter et comprehension de séquences",0,0.5318310261
developper-2.1,Implémenter dans un langage de la programmation orientée objet à partir de diagrammes UML,PYTHON-PRG-10,Utiliser l'instruction yield,0,0.5419173241
developper-2.1,Implémenter dans un langage de la programmation orientée objet à partir de diagrammes UML,PYTHON-POO-01,"Définir une classe (attributs, méthodes, initialiseur, etc.)",1,0.5488513112
developper-2.1,Implémenter dans un langage de la programmation orientée objet à partir de diagrammes UML,PYTHON-POO-02,Utiliser les propriétés,0,0.5794143677
developper-2.1,Implémenter dans un langage de la programmation orientée objet à partir de diagrammes UML,PYTHON-POO-03,Définir les méthodes spéciales,0,0.5503335595
developper-2.1,Implémenter dans un langage de la programmation orientée objet à partir de diagrammes UML,PYTHON-POO-04,Définir et utiliser les méthodes statiques et de classes,0,0.5265703797
developper-2.1,Implémenter dans un langage de la programmation orientée objet à partir de diagrammes UML,PYTHON-POO-05,Définir et utiliser des énumérations,0,0.5373638868
developper-2.1,Implémenter dans un langage de la programmation orientée objet à partir de diagrammes UML,PYTHON-POO-06,Définir et utiliser des dataclasses,0,0.5301064253
developper-2.1,Implémenter dans un langage de la programmation orientée objet à partir de diagrammes UML,PYTHON-POO-07,Définir et utiliser des classes abstraites et des protocoles,0,0.5409361124
developper-2.1,Implémenter dans un langage de la programmation orientée objet à partir de diagrammes UML,PYTHON-POO-08,Définir et utiliser des exceptions,0,0.5519024134
developper-2.1,Implémenter dans un langage de la programmation orientée objet à partir de diagrammes UML,PYTHON-POO-09,Définir et utiliser des gestionnaires de contexte,0,0.5328169465
developper-2.1,Implémenter dans un langage de la programmation orientée objet à partir de diagrammes UML,PYTHON-POO-10,Utiliser des flux,0,0.5676604509
developper-2.1,Implémenter dans un langage de la programmation orientée objet à partir de diagrammes UML,PYTHON-DEV-01,Dissocier Python du Système d'exploitation (pyenv),0,0.4910815358
developper-2.1,Implémenter dans un langage de la programmation orientée objet à partir de diagrammes UML,PYTHON-DEV-02,Gérer les dépendances,0,0.5471997857
developper-2.1,Implémenter dans un langage de la programmation orientée objet à partir de diagrammes UML,PYTHON-DEV-03,Céer et utiliser les tests unitaires,0,0.5255288482
developper-2.1,Implémenter dans un langage de la programmation orientée objet à partir de diagrammes UML,PYTHON-DEV-04,Utiliser les logs,0,0.5539708734
developper-2.1,Implémenter dans un langage de la programmation orientée objet à partir de diagrammes UML,PYTHON-DEV-05,Utiliser le annotations,0,0.5646723509
developper-2.1,Implémenter dans un langage de la programmation orientée objet à partir de diagrammes UML,PYTHON-DEV-06,Réaliser une audit statique de code,0,0.5307039618
developper-2.1,Implémenter dans un langage de la programmation orientée objet à partir de diagrammes UML,PYTHON-ARC-01,Créer des décorateurs,0,0.5272666812
developper-2.1,Implémenter dans un langage de la programmation orientée objet à partir de diagrammes UML,PYTHON-ARC-02,Créer et utiliser des métaclasses,0,0.5570999980
developper-2.1,Implémenter dans un langage de la programmation orientée objet à partir de diagrammes UML,PYTHON-ARC-03,Controler l'accès aux attributs,0,0.5394512415
developper-2.1,Implémenter dans un langage de la programmation orientée objet à partir de diagrammes UML,PYTHON-ARC-04,Créer et utiliser des coroutines,0,0.5316836238
developper-2.2,Exploiter une documentation,PYTHON-PRG-01,"Choisir et utiliser les types de bases (bool, int, float, complex, list, etc.)",0,0.5269228220
developper-2.2,Exploiter une documentation,PYTHON-PRG-02,"Utiliser les structures de contrôle (if, for, while, etc.)",0,0.5623774529
developper-2.2,Exploiter une documentation,PYTHON-PRG-03,"Définir une fonction (arité variable, valeurs par défaut, obligation des paramètres positionnels ou nommés, etc.)",0,0.5156500936
developper-2.2,Exploiter une documentation,PYTHON-PRG-04,"Appeler une fonction (passage de paramètre posiitonnel ou nommé, tuple ou dictionnaire en paramètres effectifs, etc.)",0,0.5281943083
developper-2.2,Exploiter une documentation,PYTHON-PRG-05,"Créer des packages, modules et script",0,0.5375014544
developper-2.2,Exploiter une documentation,PYTHON-PRG-06,"Importer des modules, éléments de modules en les renommant si nécessaire",0,0.5564635992
developper-2.2,Exploiter une documentation,PYTHON-PRG-07,Comprendre l'affectation,0,0.5378503799
developper-2.2,Exploiter une documentation,PYTHON-PRG-08,Utiliser les fonctions lambda,0,0.5631761551
developper-2.2,Exploiter une documentation,PYTHON-PRG-09,"Utiliser les fonctions map, filter et comprehension de séquences",0,0.5637497306
developper-2.2,Exploiter une documentation,PYTHON-PRG-10,Utiliser l'instruction yield,0,0.5757642984
developper-2.2,Exploiter une documentation,PYTHON-POO-01,"Définir une classe (attributs, méthodes, initialiseur, etc.)",0,0.5477284193
developper-2.2,Exploiter une documentation,PYTHON-POO-02,Utiliser les propriétés,0,0.6033285260
developper-2.2,Exploiter une documentation,PYTHON-POO-03,Définir les méthodes spéciales,0,0.5629149675
developper-2.2,Exploiter une documentation,PYTHON-POO-04,Définir et utiliser les méthodes statiques et de classes,0,0.5459091067
developper-2.2,Exploiter une documentation,PYTHON-POO-05,Définir et utiliser des énumérations,0,0.5704559088
developper-2.2,Exploiter une documentation,PYTHON-POO-06,Définir et utiliser des dataclasses,0,0.5669475794
developper-2.2,Exploiter une documentation,PYTHON-POO-07,Définir et utiliser des classes abstraites et des protocoles,0,0.5575933456
developper-2.2,Exploiter une documentation,PYTHON-POO-08,Définir et utiliser des exceptions,0,0.5808207989
developper-2.2,Exploiter une documentation,PYTHON-POO-09,Définir et utiliser des gestionnaires de contexte,0,0.5595263243
developper-2.2,Exploiter une documentation,PYTHON-POO-10,Utiliser des flux,0,0.6048170328
developper-2.2,Exploiter une documentation,PYTHON-DEV-01,Dissocier Python du Système d'exploitation (pyenv),0,0.5239303112
developper-2.2,Exploiter une documentation,PYTHON-DEV-02,Gérer les dépendances,0,0.5657370090
developper-2.2,Exploiter une documentation,PYTHON-DEV-03,Céer et utiliser les tests unitaires,0,0.5489584208
developper-2.2,Exploiter une documentation,PYTHON-DEV-04,Utiliser les logs,0,0.5965004563
developper-2.2,Exploiter une documentation,PYTHON-DEV-05,Utiliser le annotations,0,0.6074198484
developper-2.2,Exploiter une documentation,PYTHON-DEV-06,Réaliser une audit statique de code,0,0.5585238934
developper-2.2,Exploiter une documentation,PYTHON-ARC-01,Créer des décorateurs,0,0.5391149521
developper-2.2,Exploiter une documentation,PYTHON-ARC-02,Créer et utiliser des métaclasses,0,0.5741268396
developper-2.2,Exploiter une documentation,PYTHON-ARC-03,Controler l'accès aux attributs,0,0.5714926720
developper-2.2,Exploiter une documentation,PYTHON-ARC-04,Créer et utiliser des coroutines,0,0.5544371605
developper-3.1,Caractériser et représenter l’information,PYTHON-PRG-01,"Choisir et utiliser les types de bases (bool, int, float, complex, list, etc.)",0,0.5231102705
developper-3.1,Caractériser et représenter l’information,PYTHON-PRG-02,"Utiliser les structures de contrôle (if, for, while, etc.)",0,0.5510582328
developper-3.1,Caractériser et représenter l’information,PYTHON-PRG-03,"Définir une fonction (arité variable, valeurs par défaut, obligation des paramètres positionnels ou nommés, etc.)",0,0.5413395166
developper-3.1,Caractériser et représenter l’information,PYTHON-PRG-04,"Appeler une fonction (passage de paramètre posiitonnel ou nommé, tuple ou dictionnaire en paramètres effectifs, etc.)",0,0.5156471133
developper-3.1,Caractériser et représenter l’information,PYTHON-PRG-05,"Créer des packages, modules et script",0,0.5323066115
developper-3.1,Caractériser et représenter l’information,PYTHON-PRG-06,"Importer des modules, éléments de modules en les renommant si nécessaire",0,0.5435571074
developper-3.1,Caractériser et représenter l’information,PYTHON-PRG-07,Comprendre l'affectation,0,0.5395067930
developper-3.1,Caractériser et représenter l’information,PYTHON-PRG-08,Utiliser les fonctions lambda,0,0.5407994986
developper-3.1,Caractériser et représenter l’information,PYTHON-PRG-09,"Utiliser les fonctions map, filter et comprehension de séquences",0,0.5514464974
developper-3.1,Caractériser et représenter l’information,PYTHON-PRG-10,Utiliser l'instruction yield,0,0.5437936783
developper-3.1,Caractériser et représenter l’information,PYTHON-POO-01,"Définir une classe (attributs, méthodes, initialiseur, etc.)",1,0.5663346052
developper-3.1,Caractériser et représenter l’information,PYTHON-POO-02,Utiliser les propriétés,0,0.5785059929
developper-3.1,Caractériser et représenter l’information,PYTHON-POO-03,Définir les méthodes spéciales,0,0.5573293567
developper-3.1,Caractériser et représenter l’information,PYTHON-POO-04,Définir et utiliser les méthodes statiques et de classes,0,0.5502504110
developper-3.1,Caractériser et représenter l’information,PYTHON-POO-05,Définir et utiliser des énumérations,1,0.5704076886
developper-3.1,Caractériser et représenter l’information,PYTHON-POO-06,Définir et utiliser des dataclasses,1,0.5754402876
developper-3.1,Caractériser et représenter l’information,PYTHON-POO-07,Définir et utiliser des classes abstraites et des protocoles,1,0.5609376431
developper-3.1,Caractériser et représenter l’information,PYTHON-POO-08,Définir et utiliser des exceptions,0,0.5666152239
developper-3.1,Caractériser et représenter l’information,PYTHON-POO-09,Définir et utiliser des gestionnaires de contexte,0,0.5562784672
developper-3.1,Caractériser et représenter l’information,PYTHON-POO-10,Utiliser des flux,0,0.5590867400
developper-3.1,Caractériser et représenter l’information,PYTHON-DEV-01,Dissocier Python du Système d'exploitation (pyenv),0,0.5072388649
developper-3.1,Caractériser et représenter l’information,PYTHON-DEV-02,Gérer les dépendances,0,0.5531628132
developper-3.1,Caractériser et représenter l’information,PYTHON-DEV-03,Céer et utiliser les tests unitaires,0,0.5272390246
developper-3.1,Caractériser et représenter l’information,PYTHON-DEV-04,Utiliser les logs,0,0.5524715781
developper-3.1,Caractériser et représenter l’information,PYTHON-DEV-05,Utiliser le annotations,0,0.5722783208
developper-3.1,Caractériser et représenter l’information,PYTHON-DEV-06,Réaliser une audit statique de code,0,0.5274676085
developper-3.1,Caractériser et représenter l’information,PYTHON-ARC-01,Créer des décorateurs,0,0.5371410251
developper-3.1,Caractériser et représenter l’information,PYTHON-ARC-02,Créer et utiliser des métaclasses,0,0.5696197748
developper-3.1,Caractériser et représenter l’information,PYTHON-ARC-03,Controler l'accès aux attributs,0,0.5614473820
developper-3.1,Caractériser et représenter l’information,PYTHON-ARC-04,Créer et utiliser des coroutines,0,0.5454858541
developper-3.2,Optimiser et sécuriser l’échange de données,PYTHON-PRG-01,"Choisir et utiliser les types de bases (bool, int, float, complex, list, etc.)",0,0.5171974897
developper-3.2,Optimiser et sécuriser l’échange de données,PYTHON-PRG-02,"Utiliser les structures de contrôle (if, for, while, etc.)",0,0.5680654645
developper-3.2,Optimiser et sécuriser l’échange de données,PYTHON-PRG-03,"Définir une fonction (arité variable, valeurs par défaut, obligation des paramètres positionnels ou nommés, etc.)",0,0.5262430906
developper-3.2,Optimiser et sécuriser l’échange de données,PYTHON-PRG-04,"Appeler une fonction (passage de paramètre posiitonnel ou nommé, tuple ou dictionnaire en paramètres effectifs, etc.)",0,0.5163809061
developper-3.2,Optimiser et sécuriser l’échange de données,PYTHON-PRG-05,"Créer des packages, modules et script",0,0.5307202339
developper-3.2,Optimiser et sécuriser l’échange de données,PYTHON-PRG-06,"Importer des modules, éléments de modules en les renommant si nécessaire",0,0.5400265455
developper-3.2,Optimiser et sécuriser l’échange de données,PYTHON-PRG-07,Comprendre l'affectation,0,0.5165690184
developper-3.2,Optimiser et sécuriser l’échange de données,PYTHON-PRG-08,Utiliser les fonctions lambda,0,0.5541014671
developper-3.2,Optimiser et sécuriser l’échange de données,PYTHON-PRG-09,"Utiliser les fonctions map, filter et comprehension de séquences",0,0.5510840416
developper-3.2,Optimiser et sécuriser l’échange de données,PYTHON-PRG-10,Utiliser l'instruction yield,0,0.5458974242
developper-3.2,Optimiser et sécuriser l’échange de données,PYTHON-POO-01,"Définir une classe (attributs, méthodes, initialiseur, etc.)",0,0.5391717553
developper-3.2,Optimiser et sécuriser l’échange de données,PYTHON-POO-02,Utiliser les propriétés,0,0.5832367539
developper-3.2,Optimiser et sécuriser l’échange de données,PYTHON-POO-03,Définir les méthodes spéciales,0,0.5688919425
developper-3.2,Optimiser et sécuriser l’échange de données,PYTHON-POO-04,Définir et utiliser les méthodes statiques et de classes,0,0.5456666946
developper-3.2,Optimiser et sécuriser l’échange de données,PYTHON-POO-05,Définir et utiliser des énumérations,0,0.5433935523
developper-3.2,Optimiser et sécuriser l’échange de données,PYTHON-POO-06,Définir et utiliser des dataclasses,0,0.5624132156
developper-3.2,Optimiser et sécuriser l’échange de données,PYTHON-POO-07,Définir et utiliser des classes abstraites et des protocoles,0,0.5464003086
developper-3.2,Optimiser et sécuriser l’échange de données,PYTHON-POO-08,Définir et utiliser des exceptions,0,0.5572869778
developper-3.2,Optimiser et sécuriser l’échange de données,PYTHON-POO-09,Définir et utiliser des gestionnaires de contexte,0,0.5551675558
developper-3.2,Optimiser et sécuriser l’échange de données,PYTHON-POO-10,Utiliser des flux,1,0.5752831101
developper-3.2,Optimiser et sécuriser l’échange de données,PYTHON-DEV-01,Dissocier Python du Système d'exploitation (pyenv),0,0.5033897758
developper-3.2,Optimiser et sécuriser l’échange de données,PYTHON-DEV-02,Gérer les dépendances,0,0.5660550594
developper-3.2,Optimiser et sécuriser l’échange de données,PYTHON-DEV-03,Céer et utiliser les tests unitaires,0,0.5309176445
developper-3.2,Optimiser et sécuriser l’échange de données,PYTHON-DEV-04,Utiliser les logs,0,0.5647387505
developper-3.2,Optimiser et sécuriser l’échange de données,PYTHON-DEV-05,Utiliser le annotations,0,0.5726943016
developper-3.2,Optimiser et sécuriser l’échange de données,PYTHON-DEV-06,Réaliser une audit statique de code,0,0.5400553942
developper-3.2,Optimiser et sécuriser l’échange de données,PYTHON-ARC-01,Créer des décorateurs,0,0.5250656009
developper-3.2,Optimiser et sécuriser l’échange de données,PYTHON-ARC-02,Créer et utiliser des métaclasses,0,0.5539911985
developper-3.2,Optimiser et sécuriser l’échange de données,PYTHON-ARC-03,Controler l'accès aux attributs,0,0.5665762424
developper-3.2,Optimiser et sécuriser l’échange de données,PYTHON-ARC-04,Créer et utiliser des coroutines,0,0.5395085812
developper-3.3,Utiliser et paramétrer des frameworks adaptés,PYTHON-PRG-01,"Choisir et utiliser les types de bases (bool, int, float, complex, list, etc.)",0,0.5583561063
developper-3.3,Utiliser et paramétrer des frameworks adaptés,PYTHON-PRG-02,"Utiliser les structures de contrôle (if, for, while, etc.)",0,0.6082459688
developper-3.3,Utiliser et paramétrer des frameworks adaptés,PYTHON-PRG-03,"Définir une fonction (arité variable, valeurs par défaut, obligation des paramètres positionnels ou nommés, etc.)",0,0.5643012524
developper-3.3,Utiliser et paramétrer des frameworks adaptés,PYTHON-PRG-04,"Appeler une fonction (passage de paramètre posiitonnel ou nommé, tuple ou dictionnaire en paramètres effectifs, etc.)",0,0.5570148230
developper-3.3,Utiliser et paramétrer des frameworks adaptés,PYTHON-PRG-05,"Créer des packages, modules et script",0,0.5504224896
developper-3.3,Utiliser et paramétrer des frameworks adaptés,PYTHON-PRG-06,"Importer des modules, éléments de modules en les renommant si nécessaire",0,0.5478402376
developper-3.3,Utiliser et paramétrer des frameworks adaptés,PYTHON-PRG-07,Comprendre l'affectation,0,0.5214471817
developper-3.3,Utiliser et paramétrer des frameworks adaptés,PYTHON-PRG-08,Utiliser les fonctions lambda,0,0.5905307531
developper-3.3,Utiliser et paramétrer des frameworks adaptés,PYTHON-PRG-09,"Utiliser les fonctions map, filter et comprehension de séquences",0,0.5849186182
developper-3.3,Utiliser et paramétrer des frameworks adaptés,PYTHON-PRG-10,Utiliser l'instruction yield,0,0.5770089626
developper-3.3,Utiliser et paramétrer des frameworks adaptés,PYTHON-POO-01,"Définir une classe (attributs, méthodes, initialiseur, etc.)",0,0.5519392490
developper-3.3,Utiliser et paramétrer des frameworks adaptés,PYTHON-POO-02,Utiliser les propriétés,0,0.6307799816
developper-3.3,Utiliser et paramétrer des frameworks adaptés,PYTHON-POO-03,Définir les méthodes spéciales,0,0.5883042812
developper-3.3,Utiliser et paramétrer des frameworks adaptés,PYTHON-POO-04,Définir et utiliser les méthodes statiques et de classes,0,0.5780848861
developper-3.3,Utiliser et paramétrer des frameworks adaptés,PYTHON-POO-05,Définir et utiliser des énumérations,0,0.5800786018
developper-3.3,Utiliser et paramétrer des frameworks adaptés,PYTHON-POO-06,Définir et utiliser des dataclasses,0,0.5723566413
developper-3.3,Utiliser et paramétrer des frameworks adaptés,PYTHON-POO-07,Définir et utiliser des classes abstraites et des protocoles,0,0.5751262903
developper-3.3,Utiliser et paramétrer des frameworks adaptés,PYTHON-POO-08,Définir et utiliser des exceptions,0,0.5869543552
developper-3.3,Utiliser et paramétrer des frameworks adaptés,PYTHON-POO-09,Définir et utiliser des gestionnaires de contexte,0,0.5951126218
developper-3.3,Utiliser et paramétrer des frameworks adaptés,PYTHON-POO-10,Utiliser des flux,0,0.6244202852
developper-3.3,Utiliser et paramétrer des frameworks adaptés,PYTHON-DEV-01,Dissocier Python du Système d'exploitation (pyenv),0,0.5037995577
developper-3.3,Utiliser et paramétrer des frameworks adaptés,PYTHON-DEV-02,Gérer les dépendances,0,0.5737726688
developper-3.3,Utiliser et paramétrer des frameworks adaptés,PYTHON-DEV-03,Céer et utiliser les tests unitaires,0,0.5536963344
developper-3.3,Utiliser et paramétrer des frameworks adaptés,PYTHON-DEV-04,Utiliser les logs,1,0.6057276726
developper-3.3,Utiliser et paramétrer des frameworks adaptés,PYTHON-DEV-05,Utiliser le annotations,0,0.6214077473
developper-3.3,Utiliser et paramétrer des frameworks adaptés,PYTHON-DEV-06,Réaliser une audit statique de code,0,0.5361084938
developper-3.3,Utiliser et paramétrer des frameworks adaptés,PYTHON-ARC-01,Créer des décorateurs,0,0.5507344007
developper-3.3,Utiliser et paramétrer des frameworks adaptés,PYTHON-ARC-02,Créer et utiliser des métaclasses,0,0.5965491533
developper-3.3,Utiliser et paramétrer des frameworks adaptés,PYTHON-ARC-03,Controler l'accès aux attributs,0,0.5827898383
developper-3.3,Utiliser et paramétrer des frameworks adaptés,PYTHON-ARC-04,Créer et utiliser des coroutines,0,0.5607432127
developper-4.1,Automatiser les tâches de validation et de déploiement,PYTHON-PRG-01,"Choisir et utiliser les types de bases (bool, int, float, complex, list, etc.)",0,0.5170584917
developper-4.1,Automatiser les tâches de validation et de déploiement,PYTHON-PRG-02,"Utiliser les structures de contrôle (if, for, while, etc.)",0,0.5682634711
developper-4.1,Automatiser les tâches de validation et de déploiement,PYTHON-PRG-03,"Définir une fonction (arité variable, valeurs par défaut, obligation des paramètres positionnels ou nommés, etc.)",0,0.5374151468
developper-4.1,Automatiser les tâches de validation et de déploiement,PYTHON-PRG-04,"Appeler une fonction (passage de paramètre posiitonnel ou nommé, tuple ou dictionnaire en paramètres effectifs, etc.)",0,0.5294969082
developper-4.1,Automatiser les tâches de validation et de déploiement,PYTHON-PRG-05,"Créer des packages, modules et script",0,0.5473054051
developper-4.1,Automatiser les tâches de validation et de déploiement,PYTHON-PRG-06,"Importer des modules, éléments de modules en les renommant si nécessaire",0,0.5449239016
developper-4.1,Automatiser les tâches de validation et de déploiement,PYTHON-PRG-07,Comprendre l'affectation,0,0.5155111551
developper-4.1,Automatiser les tâches de validation et de déploiement,PYTHON-PRG-08,Utiliser les fonctions lambda,0,0.5637103915
developper-4.1,Automatiser les tâches de validation et de déploiement,PYTHON-PRG-09,"Utiliser les fonctions map, filter et comprehension de séquences",0,0.5558921695
developper-4.1,Automatiser les tâches de validation et de déploiement,PYTHON-PRG-10,Utiliser l'instruction yield,0,0.5551857948
developper-4.1,Automatiser les tâches de validation et de déploiement,PYTHON-POO-01,"Définir une classe (attributs, méthodes, initialiseur, etc.)",0,0.5435076952
developper-4.1,Automatiser les tâches de validation et de déploiement,PYTHON-POO-02,Utiliser les propriétés,0,0.5783032179
developper-4.1,Automatiser les tâches de validation et de déploiement,PYTHON-POO-03,Définir les méthodes spéciales,0,0.5723043084
developper-4.1,Automatiser les tâches de validation et de déploiement,PYTHON-POO-04,Définir et utiliser les méthodes statiques et de classes,0,0.5446200967
developper-4.1,Automatiser les tâches de validation et de déploiement,PYTHON-POO-05,Définir et utiliser des énumérations,0,0.5421752930
developper-4.1,Automatiser les tâches de validation et de déploiement,PYTHON-POO-06,Définir et utiliser des dataclasses,0,0.5358905792
developper-4.1,Automatiser les tâches de validation et de déploiement,PYTHON-POO-07,Définir et utiliser des classes abstraites et des protocoles,0,0.5484616756
developper-4.1,Automatiser les tâches de validation et de déploiement,PYTHON-POO-08,Définir et utiliser des exceptions,0,0.5513284206
developper-4.1,Automatiser les tâches de validation et de déploiement,PYTHON-POO-09,Définir et utiliser des gestionnaires de contexte,0,0.5543113947
developper-4.1,Automatiser les tâches de validation et de déploiement,PYTHON-POO-10,Utiliser des flux,0,0.5747179985
developper-4.1,Automatiser les tâches de validation et de déploiement,PYTHON-DEV-01,Dissocier Python du Système d'exploitation (pyenv),1,0.5072528124
developper-4.1,Automatiser les tâches de validation et de déploiement,PYTHON-DEV-02,Gérer les dépendances,1,0.5617244244
developper-4.1,Automatiser les tâches de validation et de déploiement,PYTHON-DEV-03,Céer et utiliser les tests unitaires,0,0.5419466496
developper-4.1,Automatiser les tâches de validation et de déploiement,PYTHON-DEV-04,Utiliser les logs,0,0.5645725131
developper-4.1,Automatiser les tâches de validation et de déploiement,PYTHON-DEV-05,Utiliser le annotations,0,0.5803632140
developper-4.1,Automatiser les tâches de validation et de déploiement,PYTHON-DEV-06,Réaliser une audit statique de code,0,0.5559044480
developper-4.1,Automatiser les tâches de validation et de déploiement,PYTHON-ARC-01,Créer des décorateurs,0,0.5359314680
developper-4.1,Automatiser les tâches de validation et de déploiement,PYTHON-ARC-02,Créer et utiliser des métaclasses,0,0.5615065098
developper-4.1,Automatiser les tâches de validation et de déploiement,PYTHON-ARC-03,Controler l'accès aux attributs,0,0.5671967268
developper-4.1,Automatiser les tâches de validation et de déploiement,PYTHON-ARC-04,Créer et utiliser des coroutines,0,0.5420104265
developper-4.2,Mettre en œuvre l’architecture matérielle et logicielle,PYTHON-PRG-01,"Choisir et utiliser les types de bases (bool, int, float, complex, list, etc.)",0,0.5211077929
developper-4.2,Mettre en œuvre l’architecture matérielle et logicielle,PYTHON-PRG-02,"Utiliser les structures de contrôle (if, for, while, etc.)",0,0.5727864504
developper-4.2,Mettre en œuvre l’architecture matérielle et logicielle,PYTHON-PRG-03,"Définir une fonction (arité variable, valeurs par défaut, obligation des paramètres positionnels ou nommés, etc.)",0,0.5351923704
developper-4.2,Mettre en œuvre l’architecture matérielle et logicielle,PYTHON-PRG-04,"Appeler une fonction (passage de paramètre posiitonnel ou nommé, tuple ou dictionnaire en paramètres effectifs, etc.)",0,0.5145699382
developper-4.2,Mettre en œuvre l’architecture matérielle et logicielle,PYTHON-PRG-05,"Créer des packages, modules et script",0,0.5522747040
developper-4.2,Mettre en œuvre l’architecture matérielle et logicielle,PYTHON-PRG-06,"Importer des modules, éléments de modules en les renommant si nécessaire",0,0.5442644358
developper-4.2,Mettre en œuvre l’architecture matérielle et logicielle,PYTHON-PRG-07,Comprendre l'affectation,0,0.5271931887
developper-4.2,Mettre en œuvre l’architecture matérielle et logicielle,PYTHON-PRG-08,Utiliser les fonctions lambda,0,0.5522848368
developper-4.2,Mettre en œuvre l’architecture matérielle et logicielle,PYTHON-PRG-09,"Utiliser les fonctions map, filter et comprehension de séquences",0,0.5465840101
developper-4.2,Mettre en œuvre l’architecture matérielle et logicielle,PYTHON-PRG-10,Utiliser l'instruction yield,0,0.5438259840
developper-4.2,Mettre en œuvre l’architecture matérielle et logicielle,PYTHON-POO-01,"Définir une classe (attributs, méthodes, initialiseur, etc.)",0,0.5543093085
developper-4.2,Mettre en œuvre l’architecture matérielle et logicielle,PYTHON-POO-02,Utiliser les propriétés,0,0.5777045488
developper-4.2,Mettre en œuvre l’architecture matérielle et logicielle,PYTHON-POO-03,Définir les méthodes spéciales,0,0.5852055550
developper-4.2,Mettre en œuvre l’architecture matérielle et logicielle,PYTHON-POO-04,Définir et utiliser les méthodes statiques et de classes,0,0.5619785786
developper-4.2,Mettre en œuvre l’architecture matérielle et logicielle,PYTHON-POO-05,Définir et utiliser des énumérations,0,0.5519346595
developper-4.2,Mettre en œuvre l’architecture matérielle et logicielle,PYTHON-POO-06,Définir et utiliser des dataclasses,0,0.5441319346
developper-4.2,Mettre en œuvre l’architecture matérielle et logicielle,PYTHON-POO-07,Définir et utiliser des classes abstraites et des protocoles,0,0.5593365431
developper-4.2,Mettre en œuvre l’architecture matérielle et logicielle,PYTHON-POO-08,Définir et utiliser des exceptions,0,0.5631089211
developper-4.2,Mettre en œuvre l’architecture matérielle et logicielle,PYTHON-POO-09,Définir et utiliser des gestionnaires de contexte,0,0.5657593608
developper-4.2,Mettre en œuvre l’architecture matérielle et logicielle,PYTHON-POO-10,Utiliser des flux,0,0.5700073838
developper-4.2,Mettre en œuvre l’architecture matérielle et logicielle,PYTHON-DEV-01,Dissocier Python du Système d'exploitation (pyenv),0,0.5054563284
developper-4.2,Mettre en œuvre l’architecture matérielle et logicielle,PYTHON-DEV-02,Gérer les dépendances,0,0.5669760704
developper-4.2,Mettre en œuvre l’architecture matérielle et logicielle,PYTHON-DEV-03,Céer et utiliser les tests unitaires,0,0.5323523283
developper-4.2,Mettre en œuvre l’architecture matérielle et logicielle,PYTHON-DEV-04,Utiliser les logs,0,0.5605747104
developper-4.2,Mettre en œuvre l’architecture matérielle et logicielle,PYTHON-DEV-05,Utiliser le annotations,0,0.5713424683
developper-4.2,Mettre en œuvre l’architecture matérielle et logicielle,PYTHON-DEV-06,Réaliser une audit statique de code,0,0.5456258059
developper-4.2,Mettre en œuvre l’architecture matérielle et logicielle,PYTHON-ARC-01,Créer des décorateurs,0,0.5439597964
developper-4.2,Mettre en œuvre l’architecture matérielle et logicielle,PYTHON-ARC-02,Créer et utiliser des métaclasses,0,0.5681531429
developper-4.2,Mettre en œuvre l’architecture matérielle et logicielle,PYTHON-ARC-03,Controler l'accès aux attributs,0,0.5536497831
developper-4.2,Mettre en œuvre l’architecture matérielle et logicielle,PYTHON-ARC-04,Créer et utiliser des coroutines,0,0.5501468778
gerer-1.1,Utiliser une forge pour la gestion des tickets,PYTHON-PRG-01,"Choisir et utiliser les types de bases (bool, int, float, complex, list, etc.)",0,0.5232117176
gerer-1.1,Utiliser une forge pour la gestion des tickets,PYTHON-PRG-02,"Utiliser les structures de contrôle (if, for, while, etc.)",0,0.5950000286
gerer-1.1,Utiliser une forge pour la gestion des tickets,PYTHON-PRG-03,"Définir une fonction (arité variable, valeurs par défaut, obligation des paramètres positionnels ou nommés, etc.)",0,0.5114234090
gerer-1.1,Utiliser une forge pour la gestion des tickets,PYTHON-PRG-04,"Appeler une fonction (passage de paramètre posiitonnel ou nommé, tuple ou dictionnaire en paramètres effectifs, etc.)",0,0.5230640173
gerer-1.1,Utiliser une forge pour la gestion des tickets,PYTHON-PRG-05,"Créer des packages, modules et script",0,0.5214982033
gerer-1.1,Utiliser une forge pour la gestion des tickets,PYTHON-PRG-06,"Importer des modules, éléments de modules en les renommant si nécessaire",0,0.5392565727
gerer-1.1,Utiliser une forge pour la gestion des tickets,PYTHON-PRG-07,Comprendre l'affectation,0,0.5142031908
gerer-1.1,Utiliser une forge pour la gestion des tickets,PYTHON-PRG-08,Utiliser les fonctions lambda,0,0.5712476969
gerer-1.1,Utiliser une forge pour la gestion des tickets,PYTHON-PRG-09,"Utiliser les fonctions map, filter et comprehension de séquences",0,0.5547093153
gerer-1.1,Utiliser une forge pour la gestion des tickets,PYTHON-PRG-10,Utiliser l'instruction yield,0,0.5695235133
gerer-1.1,Utiliser une forge pour la gestion des tickets,PYTHON-POO-01,"Définir une classe (attributs, méthodes, initialiseur, etc.)",0,0.5319313407
gerer-1.1,Utiliser une forge pour la gestion des tickets,PYTHON-POO-02,Utiliser les propriétés,0,0.6065274477
gerer-1.1,Utiliser une forge pour la gestion des tickets,PYTHON-POO-03,Définir les méthodes spéciales,0,0.5639468431
gerer-1.1,Utiliser une forge pour la gestion des tickets,PYTHON-POO-04,Définir et utiliser les méthodes statiques et de classes,0,0.5418521166
gerer-1.1,Utiliser une forge pour la gestion des tickets,PYTHON-POO-05,Définir et utiliser des énumérations,0,0.5636845827
gerer-1.1,Utiliser une forge pour la gestion des tickets,PYTHON-POO-06,Définir et utiliser des dataclasses,0,0.5459483266
gerer-1.1,Utiliser une forge pour la gestion des tickets,PYTHON-POO-07,Définir et utiliser des classes abstraites et des protocoles,0,0.5433418751
gerer-1.1,Utiliser une forge pour la gestion des tickets,PYTHON-POO-08,Définir et utiliser des exceptions,0,0.5814437866
gerer-1.1,Utiliser une forge pour la gestion des tickets,PYTHON-POO-09,Définir et utiliser des gestionnaires de contexte,0,0.5730528831
gerer-1.1,Utiliser une forge pour la gestion des tickets,PYTHON-POO-10,Utiliser des flux,0,0.6224884987
gerer-1.1,Utiliser une forge pour la gestion des tickets,PYTHON-DEV-01,Dissocier Python du Système d'exploitation (pyenv),0,0.4994199276
gerer-1.1,Utiliser une forge pour la gestion des tickets,PYTHON-DEV-02,Gérer les dépendances,0,0.5929925442
gerer-1.1,Utiliser une forge pour la gestion des tickets,PYTHON-DEV-03,Céer et utiliser les tests unitaires,0,0.5551162958
gerer-1.1,Utiliser une forge pour la gestion des tickets,PYTHON-DEV-04,Utiliser les logs,0,0.6037840843
gerer-1.1,Utiliser une forge pour la gestion des tickets,PYTHON-DEV-05,Utiliser le annotations,0,0.6078310013
gerer-1.1,Utiliser une forge pour la gestion des tickets,PYTHON-DEV-06,Réaliser une audit statique de code,0,0.5375546217
gerer-1.1,Utiliser une forge pour la gestion des tickets,PYTHON-ARC-01,Créer des décorateurs,0,0.5333181024
gerer-1.1,Utiliser une forge pour la gestion des tickets,PYTHON-ARC-02,Créer et utiliser des métaclasses,0,0.5647946596
gerer-1.1,Utiliser une forge pour la gestion des tickets,PYTHON-ARC-03,Controler l'accès aux attributs,0,0.5668957233
gerer-1.1,Utiliser une forge pour la gestion des tickets,PYTHON-ARC-04,Créer et utiliser des coroutines,0,0.5595952272
gerer-1.2,Utiliser le cycle de développement en V,PYTHON-PRG-01,"Choisir et utiliser les types de bases (bool, int, float, complex, list, etc.)",0,0.5342998505
gerer-1.2,Utiliser le cycle de développement en V,PYTHON-PRG-02,"Utiliser les structures de contrôle (if, for, while, etc.)",0,0.5838494301
gerer-1.2,Utiliser le cycle de développement en V,PYTHON-PRG-03,"Définir une fonction (arité variable, valeurs par défaut, obligation des paramètres positionnels ou nommés, etc.)",0,0.5221019387
gerer-1.2,Utiliser le cycle de développement en V,PYTHON-PRG-04,"Appeler une fonction (passage de paramètre posiitonnel ou nommé, tuple ou dictionnaire en paramètres effectifs, etc.)",0,0.5249322653
gerer-1.2,Utiliser le cycle de développement en V,PYTHON-PRG-05,"Créer des packages, modules et script",0,0.5318686962
gerer-1.2,Utiliser le cycle de développement en V,PYTHON-PRG-06,"Importer des modules, éléments de modules en les renommant si nécessaire",0,0.5443250537
gerer-1.2,Utiliser le cycle de développement en V,PYTHON-PRG-07,Comprendre l'affectation,0,0.5160440207
gerer-1.2,Utiliser le cycle de développement en V,PYTHON-PRG-08,Utiliser les fonctions lambda,0,0.5743453503
gerer-1.2,Utiliser le cycle de développement en V,PYTHON-PRG-09,"Utiliser les fonctions map, filter et comprehension de séquences",0,0.5648719072
gerer-1.2,Utiliser le cycle de développement en V,PYTHON-PRG-10,Utiliser l'instruction yield,0,0.5822058916
gerer-1.2,Utiliser le cycle de développement en V,PYTHON-POO-01,"Définir une classe (attributs, méthodes, initialiseur, etc.)",0,0.5404807329
gerer-1.2,Utiliser le cycle de développement en V,PYTHON-POO-02,Utiliser les propriétés,0,0.6103314757
gerer-1.2,Utiliser le cycle de développement en V,PYTHON-POO-03,Définir les méthodes spéciales,0,0.5643277168
gerer-1.2,Utiliser le cycle de développement en V,PYTHON-POO-04,Définir et utiliser les méthodes statiques et de classes,0,0.5582711697
gerer-1.2,Utiliser le cycle de développement en V,PYTHON-POO-05,Définir et utiliser des énumérations,0,0.5691171885
gerer-1.2,Utiliser le cycle de développement en V,PYTHON-POO-06,Définir et utiliser des dataclasses,0,0.5593836308
gerer-1.2,Utiliser le cycle de développement en V,PYTHON-POO-07,Définir et utiliser des classes abstraites et des protocoles,0,0.5574606061
gerer-1.2,Utiliser le cycle de développement en V,PYTHON-POO-08,Définir et utiliser des exceptions,0,0.5758992434
gerer-1.2,Utiliser le cycle de développement en V,PYTHON-POO-09,Définir et utiliser des gestionnaires de contexte,0,0.5640963316
gerer-1.2,Utiliser le cycle de développement en V,PYTHON-POO-10,Utiliser des flux,0,0.6162437201
gerer-1.2,Utiliser le cycle de développement en V,PYTHON-DEV-01,Dissocier Python du Système d'exploitation (pyenv),0,0.5159420371
gerer-1.2,Utiliser le cycle de développement en V,PYTHON-DEV-02,Gérer les dépendances,0,0.5572748780
gerer-1.2,Utiliser le cycle de développement en V,PYTHON-DEV-03,Céer et utiliser les tests unitaires,0,0.5565346479
gerer-1.2,Utiliser le cycle de développement en V,PYTHON-DEV-04,Utiliser les logs,0,0.5969563723
gerer-1.2,Utiliser le cycle de développement en V,PYTHON-DEV-05,Utiliser le annotations,0,0.6070400476
gerer-1.2,Utiliser le cycle de développement en V,PYTHON-DEV-06,Réaliser une audit statique de code,0,0.5386344790
gerer-1.2,Utiliser le cycle de développement en V,PYTHON-ARC-01,Créer des décorateurs,0,0.5271812081
gerer-1.2,Utiliser le cycle de développement en V,PYTHON-ARC-02,Créer et utiliser des métaclasses,0,0.5785076618
gerer-1.2,Utiliser le cycle de développement en V,PYTHON-ARC-03,Controler l'accès aux attributs,0,0.5500403643
gerer-1.2,Utiliser le cycle de développement en V,PYTHON-ARC-04,Créer et utiliser des coroutines,0,0.5636769533
gerer-2.1,Utiliser un framework de tests unitaires,PYTHON-PRG-01,"Choisir et utiliser les types de bases (bool, int, float, complex, list, etc.)",0,0.5466583371
gerer-2.1,Utiliser un framework de tests unitaires,PYTHON-PRG-02,"Utiliser les structures de contrôle (if, for, while, etc.)",0,0.5851510763
gerer-2.1,Utiliser un framework de tests unitaires,PYTHON-PRG-03,"Définir une fonction (arité variable, valeurs par défaut, obligation des paramètres positionnels ou nommés, etc.)",0,0.5280278921
gerer-2.1,Utiliser un framework de tests unitaires,PYTHON-PRG-04,"Appeler une fonction (passage de paramètre posiitonnel ou nommé, tuple ou dictionnaire en paramètres effectifs, etc.)",0,0.5205411911
gerer-2.1,Utiliser un framework de tests unitaires,PYTHON-PRG-05,"Créer des packages, modules et script",0,0.5226713419
gerer-2.1,Utiliser un framework de tests unitaires,PYTHON-PRG-06,"Importer des modules, éléments de modules en les renommant si nécessaire",0,0.5401190519
gerer-2.1,Utiliser un framework de tests unitaires,PYTHON-PRG-07,Comprendre l'affectation,0,0.5186440945
gerer-2.1,Utiliser un framework de tests unitaires,PYTHON-PRG-08,Utiliser les fonctions lambda,0,0.5715210438
gerer-2.1,Utiliser un framework de tests unitaires,PYTHON-PRG-09,"Utiliser les fonctions map, filter et comprehension de séquences",0,0.5580686331
gerer-2.1,Utiliser un framework de tests unitaires,PYTHON-PRG-10,Utiliser l'instruction yield,0,0.5746764541
gerer-2.1,Utiliser un framework de tests unitaires,PYTHON-POO-01,"Définir une classe (attributs, méthodes, initialiseur, etc.)",0,0.5447061062
gerer-2.1,Utiliser un framework de tests unitaires,PYTHON-POO-02,Utiliser les propriétés,0,0.6079896092
gerer-2.1,Utiliser un framework de tests unitaires,PYTHON-POO-03,Définir les méthodes spéciales,0,0.5705813169
gerer-2.1,Utiliser un framework de tests unitaires,PYTHON-POO-04,Définir et utiliser les méthodes statiques et de classes,0,0.5629386902
gerer-2.1,Utiliser un framework de tests unitaires,PYTHON-POO-05,Définir et utiliser des énumérations,0,0.5726181269
gerer-2.1,Utiliser un framework de tests unitaires,PYTHON-POO-06,Définir et utiliser des dataclasses,0,0.5615103841
gerer-2.1,Utiliser un framework de tests unitaires,PYTHON-POO-07,Définir et utiliser des classes abstraites et des protocoles,0,0.5603551269
gerer-2.1,Utiliser un framework de tests unitaires,PYTHON-POO-08,Définir et utiliser des exceptions,0,0.5805733204
gerer-2.1,Utiliser un framework de tests unitaires,PYTHON-POO-09,Définir et utiliser des gestionnaires de contexte,0,0.5642066002
gerer-2.1,Utiliser un framework de tests unitaires,PYTHON-POO-10,Utiliser des flux,0,0.6113768816
gerer-2.1,Utiliser un framework de tests unitaires,PYTHON-DEV-01,Dissocier Python du Système d'exploitation (pyenv),0,0.5021582842
gerer-2.1,Utiliser un framework de tests unitaires,PYTHON-DEV-02,Gérer les dépendances,0,0.5521620512
gerer-2.1,Utiliser un framework de tests unitaires,PYTHON-DEV-03,Céer et utiliser les tests unitaires,0,0.6712654233
gerer-2.1,Utiliser un framework de tests unitaires,PYTHON-DEV-04,Utiliser les logs,0,0.5973304510
gerer-2.1,Utiliser un framework de tests unitaires,PYTHON-DEV-05,Utiliser le annotations,0,0.6086556315
gerer-2.1,Utiliser un framework de tests unitaires,PYTHON-DEV-06,Réaliser une audit statique de code,0,0.5531899333
gerer-2.1,Utiliser un framework de tests unitaires,PYTHON-ARC-01,Créer des décorateurs,0,0.5288785696
gerer-2.1,Utiliser un framework de tests unitaires,PYTHON-ARC-02,Créer et utiliser des métaclasses,0,0.5803023577
gerer-2.1,Utiliser un framework de tests unitaires,PYTHON-ARC-03,Controler l'accès aux attributs,0,0.5479680300
gerer-2.1,Utiliser un framework de tests unitaires,PYTHON-ARC-04,Créer et utiliser des coroutines,0,0.5603442192
gerer-2.2,Utiliser un logiciel d’audit de code statique,PYTHON-PRG-01,"Choisir et utiliser les types de bases (bool, int, float, complex, list, etc.)",0,0.5266341567
gerer-2.2,Utiliser un logiciel d’audit de code statique,PYTHON-PRG-02,"Utiliser les structures de contrôle (if, for, while, etc.)",0,0.5863544345
gerer-2.2,Utiliser un logiciel d’audit de code statique,PYTHON-PRG-03,"Définir une fonction (arité variable, valeurs par défaut, obligation des paramètres positionnels ou nommés, etc.)",0,0.5103236437
gerer-2.2,Utiliser un logiciel d’audit de code statique,PYTHON-PRG-04,"Appeler une fonction (passage de paramètre posiitonnel ou nommé, tuple ou dictionnaire en paramètres effectifs, etc.)",0,0.5150491595
gerer-2.2,Utiliser un logiciel d’audit de code statique,PYTHON-PRG-05,"Créer des packages, modules et script",0,0.5180305243
gerer-2.2,Utiliser un logiciel d’audit de code statique,PYTHON-PRG-06,"Importer des modules, éléments de modules en les renommant si nécessaire",0,0.5330973864
gerer-2.2,Utiliser un logiciel d’audit de code statique,PYTHON-PRG-07,Comprendre l'affectation,0,0.5065670609
gerer-2.2,Utiliser un logiciel d’audit de code statique,PYTHON-PRG-08,Utiliser les fonctions lambda,0,0.5660917163
gerer-2.2,Utiliser un logiciel d’audit de code statique,PYTHON-PRG-09,"Utiliser les fonctions map, filter et comprehension de séquences",0,0.5513039231
gerer-2.2,Utiliser un logiciel d’audit de code statique,PYTHON-PRG-10,Utiliser l'instruction yield,0,0.5654138327
gerer-2.2,Utiliser un logiciel d’audit de code statique,PYTHON-POO-01,"Définir une classe (attributs, méthodes, initialiseur, etc.)",0,0.5332188010
gerer-2.2,Utiliser un logiciel d’audit de code statique,PYTHON-POO-02,Utiliser les propriétés,0,0.6048147678
gerer-2.2,Utiliser un logiciel d’audit de code statique,PYTHON-POO-03,Définir les méthodes spéciales,0,0.5542872548
gerer-2.2,Utiliser un logiciel d’audit de code statique,PYTHON-POO-04,Définir et utiliser les méthodes statiques et de classes,0,0.5748057365
gerer-2.2,Utiliser un logiciel d’audit de code statique,PYTHON-POO-05,Définir et utiliser des énumérations,0,0.5532195568
gerer-2.2,Utiliser un logiciel d’audit de code statique,PYTHON-POO-06,Définir et utiliser des dataclasses,0,0.5449122190
gerer-2.2,Utiliser un logiciel d’audit de code statique,PYTHON-POO-07,Définir et utiliser des classes abstraites et des protocoles,0,0.5434920788
gerer-2.2,Utiliser un logiciel d’audit de code statique,PYTHON-POO-08,Définir et utiliser des exceptions,0,0.5645636320
gerer-2.2,Utiliser un logiciel d’audit de code statique,PYTHON-POO-09,Définir et utiliser des gestionnaires de contexte,0,0.5541039705
gerer-2.2,Utiliser un logiciel d’audit de code statique,PYTHON-POO-10,Utiliser des flux,0,0.5975779891
gerer-2.2,Utiliser un logiciel d’audit de code statique,PYTHON-DEV-01,Dissocier Python du Système d'exploitation (pyenv),0,0.5001617074
gerer-2.2,Utiliser un logiciel d’audit de code statique,PYTHON-DEV-02,Gérer les dépendances,0,0.5521868467
gerer-2.2,Utiliser un logiciel d’audit de code statique,PYTHON-DEV-03,Céer et utiliser les tests unitaires,0,0.5520974398
gerer-2.2,Utiliser un logiciel d’audit de code statique,PYTHON-DEV-04,Utiliser les logs,0,0.6017633677
gerer-2.2,Utiliser un logiciel d’audit de code statique,PYTHON-DEV-05,Utiliser le annotations,0,0.6023172140
gerer-2.2,Utiliser un logiciel d’audit de code statique,PYTHON-DEV-06,Réaliser une audit statique de code,1,0.6936978102
gerer-2.2,Utiliser un logiciel d’audit de code statique,PYTHON-ARC-01,Créer des décorateurs,0,0.5233601332
gerer-2.2,Utiliser un logiciel d’audit de code statique,PYTHON-ARC-02,Créer et utiliser des métaclasses,0,0.5649355650
gerer-2.2,Utiliser un logiciel d’audit de code statique,PYTHON-ARC-03,Controler l'accès aux attributs,0,0.5645045638
gerer-2.2,Utiliser un logiciel d’audit de code statique,PYTHON-ARC-04,Créer et utiliser des coroutines,0,0.5493924618
gerer-2.3,Mettre en place des tests de non régression,PYTHON-PRG-01,"Choisir et utiliser les types de bases (bool, int, float, complex, list, etc.)",0,0.5170890093
gerer-2.3,Mettre en place des tests de non régression,PYTHON-PRG-02,"Utiliser les structures de contrôle (if, for, while, etc.)",0,0.5614129901
gerer-2.3,Mettre en place des tests de non régression,PYTHON-PRG-03,"Définir une fonction (arité variable, valeurs par défaut, obligation des paramètres positionnels ou nommés, etc.)",0,0.5261715651
gerer-2.3,Mettre en place des tests de non régression,PYTHON-PRG-04,"Appeler une fonction (passage de paramètre posiitonnel ou nommé, tuple ou dictionnaire en paramètres effectifs, etc.)",0,0.5089427233
gerer-2.3,Mettre en place des tests de non régression,PYTHON-PRG-05,"Créer des packages, modules et script",0,0.5233648419
gerer-2.3,Mettre en place des tests de non régression,PYTHON-PRG-06,"Importer des modules, éléments de modules en les renommant si nécessaire",0,0.5372111201
gerer-2.3,Mettre en place des tests de non régression,PYTHON-PRG-07,Comprendre l'affectation,0,0.5206238031
gerer-2.3,Mettre en place des tests de non régression,PYTHON-PRG-08,Utiliser les fonctions lambda,0,0.5437399745
gerer-2.3,Mettre en place des tests de non régression,PYTHON-PRG-09,"Utiliser les fonctions map, filter et comprehension de séquences",0,0.5425386429
gerer-2.3,Mettre en place des tests de non régression,PYTHON-PRG-10,Utiliser l'instruction yield,0,0.5468110442
gerer-2.3,Mettre en place des tests de non régression,PYTHON-POO-01,"Définir une classe (attributs, méthodes, initialiseur, etc.)",0,0.5442103148
gerer-2.3,Mettre en place des tests de non régression,PYTHON-POO-02,Utiliser les propriétés,0,0.5773866773
gerer-2.3,Mettre en place des tests de non régression,PYTHON-POO-03,Définir les méthodes spéciales,0,0.5828115940
gerer-2.3,Mettre en place des tests de non régression,PYTHON-POO-04,Définir et utiliser les méthodes statiques et de classes,0,0.5523431897
gerer-2.3,Mettre en place des tests de non régression,PYTHON-POO-05,Définir et utiliser des énumérations,0,0.5492001176
gerer-2.3,Mettre en place des tests de non régression,PYTHON-POO-06,Définir et utiliser des dataclasses,0,0.5368577242
gerer-2.3,Mettre en place des tests de non régression,PYTHON-POO-07,Définir et utiliser des classes abstraites et des protocoles,0,0.5445005894
gerer-2.3,Mettre en place des tests de non régression,PYTHON-POO-08,Définir et utiliser des exceptions,0,0.5727906227
gerer-2.3,Mettre en place des tests de non régression,PYTHON-POO-09,Définir et utiliser des gestionnaires de contexte,0,0.5555875301
gerer-2.3,Mettre en place des tests de non régression,PYTHON-POO-10,Utiliser des flux,0,0.5754886866
gerer-2.3,Mettre en place des tests de non régression,PYTHON-DEV-01,Dissocier Python du Système d'exploitation (pyenv),0,0.5063594580
gerer-2.3,Mettre en place des tests de non régression,PYTHON-DEV-02,Gérer les dépendances,0,0.5728274584
gerer-2.3,Mettre en place des tests de non régression,PYTHON-DEV-03,Céer et utiliser les tests unitaires,1,0.5734773874
gerer-2.3,Mettre en place des tests de non régression,PYTHON-DEV-04,Utiliser les logs,0,0.5655317307
gerer-2.3,Mettre en place des tests de non régression,PYTHON-DEV-05,Utiliser le annotations,0,0.5778472424
gerer-2.3,Mettre en place des tests de non régression,PYTHON-DEV-06,Réaliser une audit statique de code,0,0.5419827104
gerer-2.3,Mettre en place des tests de non régression,PYTHON-ARC-01,Créer des décorateurs,0,0.5305972099
gerer-2.3,Mettre en place des tests de non régression,PYTHON-ARC-02,Créer et utiliser des métaclasses,0,0.5583550930
gerer-2.3,Mettre en place des tests de non régression,PYTHON-ARC-03,Controler l'accès aux attributs,0,0.5581308603
gerer-2.3,Mettre en place des tests de non régression,PYTHON-ARC-04,Créer et utiliser des coroutines,0,0.5399848223
gerer-3.1,Utiliser un cycle de développement Agile,PYTHON-PRG-01,"Choisir et utiliser les types de bases (bool, int, float, complex, list, etc.)",0,0.5314160585
gerer-3.1,Utiliser un cycle de développement Agile,PYTHON-PRG-02,"Utiliser les structures de contrôle (if, for, while, etc.)",0,0.5774810910
gerer-3.1,Utiliser un cycle de développement Agile,PYTHON-PRG-03,"Définir une fonction (arité variable, valeurs par défaut, obligation des paramètres positionnels ou nommés, etc.)",0,0.5024222732
gerer-3.1,Utiliser un cycle de développement Agile,PYTHON-PRG-04,"Appeler une fonction (passage de paramètre posiitonnel ou nommé, tuple ou dictionnaire en paramètres effectifs, etc.)",0,0.5117152929
gerer-3.1,Utiliser un cycle de développement Agile,PYTHON-PRG-05,"Créer des packages, modules et script",0,0.5298150778
gerer-3.1,Utiliser un cycle de développement Agile,PYTHON-PRG-06,"Importer des modules, éléments de modules en les renommant si nécessaire",0,0.5339295268
gerer-3.1,Utiliser un cycle de développement Agile,PYTHON-PRG-07,Comprendre l'affectation,0,0.5124530792
gerer-3.1,Utiliser un cycle de développement Agile,PYTHON-PRG-08,Utiliser les fonctions lambda,0,0.5678595901
gerer-3.1,Utiliser un cycle de développement Agile,PYTHON-PRG-09,"Utiliser les fonctions map, filter et comprehension de séquences",0,0.5522755384
gerer-3.1,Utiliser un cycle de développement Agile,PYTHON-PRG-10,Utiliser l'instruction yield,0,0.5793530941
gerer-3.1,Utiliser un cycle de développement Agile,PYTHON-POO-01,"Définir une classe (attributs, méthodes, initialiseur, etc.)",0,0.5388947725
gerer-3.1,Utiliser un cycle de développement Agile,PYTHON-POO-02,Utiliser les propriétés,0,0.6109032631
gerer-3.1,Utiliser un cycle de développement Agile,PYTHON-POO-03,Définir les méthodes spéciales,0,0.5668312311
gerer-3.1,Utiliser un cycle de développement Agile,PYTHON-POO-04,Définir et utiliser les méthodes statiques et de classes,0,0.5565962195
gerer-3.1,Utiliser un cycle de développement Agile,PYTHON-POO-05,Définir et utiliser des énumérations,0,0.5672140121
gerer-3.1,Utiliser un cycle de développement Agile,PYTHON-POO-06,Définir et utiliser des dataclasses,0,0.5518431664
gerer-3.1,Utiliser un cycle de développement Agile,PYTHON-POO-07,Définir et utiliser des classes abstraites et des protocoles,0,0.5532228947
gerer-3.1,Utiliser un cycle de développement Agile,PYTHON-POO-08,Définir et utiliser des exceptions,0,0.5752022266
gerer-3.1,Utiliser un cycle de développement Agile,PYTHON-POO-09,Définir et utiliser des gestionnaires de contexte,0,0.5601988435
gerer-3.1,Utiliser un cycle de développement Agile,PYTHON-POO-10,Utiliser des flux,0,0.6176847816
gerer-3.1,Utiliser un cycle de développement Agile,PYTHON-DEV-01,Dissocier Python du Système d'exploitation (pyenv),0,0.4993970990
gerer-3.1,Utiliser un cycle de développement Agile,PYTHON-DEV-02,Gérer les dépendances,0,0.5622732639
gerer-3.1,Utiliser un cycle de développement Agile,PYTHON-DEV-03,Céer et utiliser les tests unitaires,0,0.5506120920
gerer-3.1,Utiliser un cycle de développement Agile,PYTHON-DEV-04,Utiliser les logs,0,0.6013340950
gerer-3.1,Utiliser un cycle de développement Agile,PYTHON-DEV-05,Utiliser le annotations,0,0.6046645641
gerer-3.1,Utiliser un cycle de développement Agile,PYTHON-DEV-06,Réaliser une audit statique de code,0,0.5341160297
gerer-3.1,Utiliser un cycle de développement Agile,PYTHON-ARC-01,Créer des décorateurs,0,0.5283968449
gerer-3.1,Utiliser un cycle de développement Agile,PYTHON-ARC-02,Créer et utiliser des métaclasses,0,0.5739173889
gerer-3.1,Utiliser un cycle de développement Agile,PYTHON-ARC-03,Controler l'accès aux attributs,0,0.5454550982
gerer-3.1,Utiliser un cycle de développement Agile,PYTHON-ARC-04,Créer et utiliser des coroutines,0,0.5565688610
gerer-3.2,Suivre des procédures,PYTHON-PRG-01,"Choisir et utiliser les types de bases (bool, int, float, complex, list, etc.)",0,0.5160434246
gerer-3.2,Suivre des procédures,PYTHON-PRG-02,"Utiliser les structures de contrôle (if, for, while, etc.)",0,0.5703502893
gerer-3.2,Suivre des procédures,PYTHON-PRG-03,"Définir une fonction (arité variable, valeurs par défaut, obligation des paramètres positionnels ou nommés, etc.)",0,0.5059915781
gerer-3.2,Suivre des procédures,PYTHON-PRG-04,"Appeler une fonction (passage de paramètre posiitonnel ou nommé, tuple ou dictionnaire en paramètres effectifs, etc.)",0,0.5248296857
gerer-3.2,Suivre des procédures,PYTHON-PRG-05,"Créer des packages, modules et script",0,0.5369172096
gerer-3.2,Suivre des procédures,PYTHON-PRG-06,"Importer des modules, éléments de modules en les renommant si nécessaire",0,0.5511785746
gerer-3.2,Suivre des procédures,PYTHON-PRG-07,Comprendre l'affectation,0,0.5228441954
gerer-3.2,Suivre des procédures,PYTHON-PRG-08,Utiliser les fonctions lambda,0,0.5586270094
gerer-3.2,Suivre des procédures,PYTHON-PRG-09,"Utiliser les fonctions map, filter et comprehension de séquences",0,0.5631300807
gerer-3.2,Suivre des procédures,PYTHON-PRG-10,Utiliser l'instruction yield,0,0.5483244061
gerer-3.2,Suivre des procédures,PYTHON-POO-01,"Définir une classe (attributs, méthodes, initialiseur, etc.)",0,0.5393587351
gerer-3.2,Suivre des procédures,PYTHON-POO-02,Utiliser les propriétés,0,0.5787444115
gerer-3.2,Suivre des procédures,PYTHON-POO-03,Définir les méthodes spéciales,0,0.5705332756
gerer-3.2,Suivre des procédures,PYTHON-POO-04,Définir et utiliser les méthodes statiques et de classes,0,0.5413344502
gerer-3.2,Suivre des procédures,PYTHON-POO-05,Définir et utiliser des énumérations,0,0.5406368971
gerer-3.2,Suivre des procédures,PYTHON-POO-06,Définir et utiliser des dataclasses,0,0.5296291709
gerer-3.2,Suivre des procédures,PYTHON-POO-07,Définir et utiliser des classes abstraites et des protocoles,0,0.5521774292
gerer-3.2,Suivre des procédures,PYTHON-POO-08,Définir et utiliser des exceptions,0,0.5535999537
gerer-3.2,Suivre des procédures,PYTHON-POO-09,Définir et utiliser des gestionnaires de contexte,0,0.5490697622
gerer-3.2,Suivre des procédures,PYTHON-POO-10,Utiliser des flux,0,0.5803898573
gerer-3.2,Suivre des procédures,PYTHON-DEV-01,Dissocier Python du Système d'exploitation (pyenv),0,0.5277115107
gerer-3.2,Suivre des procédures,PYTHON-DEV-02,Gérer les dépendances,0,0.5717446804
gerer-3.2,Suivre des procédures,PYTHON-DEV-03,Céer et utiliser les tests unitaires,0,0.5470100045
gerer-3.2,Suivre des procédures,PYTHON-DEV-04,Utiliser les logs,0,0.5604352951
gerer-3.2,Suivre des procédures,PYTHON-DEV-05,Utiliser le annotations,0,0.5713725090
gerer-3.2,Suivre des procédures,PYTHON-DEV-06,Réaliser une audit statique de code,0,0.5512660742
gerer-3.2,Suivre des procédures,PYTHON-ARC-01,Créer des décorateurs,0,0.5309232473
gerer-3.2,Suivre des procédures,PYTHON-ARC-02,Créer et utiliser des métaclasses,0,0.5537628531
gerer-3.2,Suivre des procédures,PYTHON-ARC-03,Controler l'accès aux attributs,0,0.5721346140
gerer-3.2,Suivre des procédures,PYTHON-ARC-04,Créer et utiliser des coroutines,0,0.5399987102
gerer-3.3,Rédiger des procédures,PYTHON-PRG-01,"Choisir et utiliser les types de bases (bool, int, float, complex, list, etc.)",0,0.5203516483
gerer-3.3,Rédiger des procédures,PYTHON-PRG-02,"Utiliser les structures de contrôle (if, for, while, etc.)",0,0.5631357431
gerer-3.3,Rédiger des procédures,PYTHON-PRG-03,"Définir une fonction (arité variable, valeurs par défaut, obligation des paramètres positionnels ou nommés, etc.)",0,0.5238505602
gerer-3.3,Rédiger des procédures,PYTHON-PRG-04,"Appeler une fonction (passage de paramètre posiitonnel ou nommé, tuple ou dictionnaire en paramètres effectifs, etc.)",0,0.5294347405
gerer-3.3,Rédiger des procédures,PYTHON-PRG-05,"Créer des packages, modules et script",0,0.5588932037
gerer-3.3,Rédiger des procédures,PYTHON-PRG-06,"Importer des modules, éléments de modules en les renommant si nécessaire",0,0.5498073101
gerer-3.3,Rédiger des procédures,PYTHON-PRG-07,Comprendre l'affectation,0,0.5160702467
gerer-3.3,Rédiger des procédures,PYTHON-PRG-08,Utiliser les fonctions lambda,0,0.5554100275
gerer-3.3,Rédiger des procédures,PYTHON-PRG-09,"Utiliser les fonctions map, filter et comprehension de séquences",0,0.5555254817
gerer-3.3,Rédiger des procédures,PYTHON-PRG-10,Utiliser l'instruction yield,0,0.5530363321
gerer-3.3,Rédiger des procédures,PYTHON-POO-01,"Définir une classe (attributs, méthodes, initialiseur, etc.)",0,0.5470354557
gerer-3.3,Rédiger des procédures,PYTHON-POO-02,Utiliser les propriétés,0,0.5772399306
gerer-3.3,Rédiger des procédures,PYTHON-POO-03,Définir les méthodes spéciales,0,0.5854203105
gerer-3.3,Rédiger des procédures,PYTHON-POO-04,Définir et utiliser les méthodes statiques et de classes,0,0.5544359684
gerer-3.3,Rédiger des procédures,PYTHON-POO-05,Définir et utiliser des énumérations,0,0.5622285604
gerer-3.3,Rédiger des procédures,PYTHON-POO-06,Définir et utiliser des dataclasses,0,0.5341533422
gerer-3.3,Rédiger des procédures,PYTHON-POO-07,Définir et utiliser des classes abstraites et des protocoles,0,0.5642711520
gerer-3.3,Rédiger des procédures,PYTHON-POO-08,Définir et utiliser des exceptions,0,0.5622117519
gerer-3.3,Rédiger des procédures,PYTHON-POO-09,Définir et utiliser des gestionnaires de contexte,0,0.5588161945
gerer-3.3,Rédiger des procédures,PYTHON-POO-10,Utiliser des flux,0,0.5789846182
gerer-3.3,Rédiger des procédures,PYTHON-DEV-01,Dissocier Python du Système d'exploitation (pyenv),0,0.5146807432
gerer-3.3,Rédiger des procédures,PYTHON-DEV-02,Gérer les dépendances,0,0.5776895285
gerer-3.3,Rédiger des procédures,PYTHON-DEV-03,Céer et utiliser les tests unitaires,0,0.5381765366
gerer-3.3,Rédiger des procédures,PYTHON-DEV-04,Utiliser les logs,0,0.5616401434
gerer-3.3,Rédiger des procédures,PYTHON-DEV-05,Utiliser le annotations,0,0.5759717226
gerer-3.3,Rédiger des procédures,PYTHON-DEV-06,Réaliser une audit statique de code,0,0.5488595963
gerer-3.3,Rédiger des procédures,PYTHON-ARC-01,Créer des décorateurs,0,0.5450167656
gerer-3.3,Rédiger des procédures,PYTHON-ARC-02,Créer et utiliser des métaclasses,0,0.5664337873
gerer-3.3,Rédiger des procédures,PYTHON-ARC-03,Controler l'accès aux attributs,0,0.5533233881
gerer-3.3,Rédiger des procédures,PYTHON-ARC-04,Créer et utiliser des coroutines,0,0.5534768701
gerer-4.1,Auditer des projets,PYTHON-PRG-01,"Choisir et utiliser les types de bases (bool, int, float, complex, list, etc.)",0,0.5089718103
gerer-4.1,Auditer des projets,PYTHON-PRG-02,"Utiliser les structures de contrôle (if, for, while, etc.)",0,0.5601952076
gerer-4.1,Auditer des projets,PYTHON-PRG-03,"Définir une fonction (arité variable, valeurs par défaut, obligation des paramètres positionnels ou nommés, etc.)",0,0.5213680267
gerer-4.1,Auditer des projets,PYTHON-PRG-04,"Appeler une fonction (passage de paramètre posiitonnel ou nommé, tuple ou dictionnaire en paramètres effectifs, etc.)",0,0.5076051950
gerer-4.1,Auditer des projets,PYTHON-PRG-05,"Créer des packages, modules et script",0,0.5304074287
gerer-4.1,Auditer des projets,PYTHON-PRG-06,"Importer des modules, éléments de modules en les renommant si nécessaire",0,0.5406468511
gerer-4.1,Auditer des projets,PYTHON-PRG-07,Comprendre l'affectation,0,0.5220444798
gerer-4.1,Auditer des projets,PYTHON-PRG-08,Utiliser les fonctions lambda,0,0.5385397673
gerer-4.1,Auditer des projets,PYTHON-PRG-09,"Utiliser les fonctions map, filter et comprehension de séquences",0,0.5417077541
gerer-4.1,Auditer des projets,PYTHON-PRG-10,Utiliser l'instruction yield,0,0.5344617963
gerer-4.1,Auditer des projets,PYTHON-POO-01,"Définir une classe (attributs, méthodes, initialiseur, etc.)",0,0.5403548479
gerer-4.1,Auditer des projets,PYTHON-POO-02,Utiliser les propriétés,0,0.5708888173
gerer-4.1,Auditer des projets,PYTHON-POO-03,Définir les méthodes spéciales,0,0.5611831546
gerer-4.1,Auditer des projets,PYTHON-POO-04,Définir et utiliser les méthodes statiques et de classes,0,0.5312496424
gerer-4.1,Auditer des projets,PYTHON-POO-05,Définir et utiliser des énumérations,0,0.5301629901
gerer-4.1,Auditer des projets,PYTHON-POO-06,Définir et utiliser des dataclasses,0,0.5252866745
gerer-4.1,Auditer des projets,PYTHON-POO-07,Définir et utiliser des classes abstraites et des protocoles,0,0.5374239087
gerer-4.1,Auditer des projets,PYTHON-POO-08,Définir et utiliser des exceptions,0,0.5447278023
gerer-4.1,Auditer des projets,PYTHON-POO-09,Définir et utiliser des gestionnaires de contexte,0,0.5494971275
gerer-4.1,Auditer des projets,PYTHON-POO-10,Utiliser des flux,0,0.5632876158
gerer-4.1,Auditer des projets,PYTHON-DEV-01,Dissocier Python du Système d'exploitation (pyenv),0,0.5091552734
gerer-4.1,Auditer des projets,PYTHON-DEV-02,Gérer les dépendances,0,0.5692598820
gerer-4.1,Auditer des projets,PYTHON-DEV-03,Céer et utiliser les tests unitaires,0,0.5374994278
gerer-4.1,Auditer des projets,PYTHON-DEV-04,Utiliser les logs,0,0.5541080832
gerer-4.1,Auditer des projets,PYTHON-DEV-05,Utiliser le annotations,0,0.5740736723
gerer-4.1,Auditer des projets,PYTHON-DEV-06,Réaliser une audit statique de code,0,0.5872209668
gerer-4.1,Auditer des projets,PYTHON-ARC-01,Créer des décorateurs,0,0.5389511585
gerer-4.1,Auditer des projets,PYTHON-ARC-02,Créer et utiliser des métaclasses,0,0.5467183590
gerer-4.1,Auditer des projets,PYTHON-ARC-03,Controler l'accès aux attributs,0,0.5725758076
gerer-4.1,Auditer des projets,PYTHON-ARC-04,Créer et utiliser des coroutines,0,0.5337424874
gerer-4.2,Passer des audits,PYTHON-PRG-01,"Choisir et utiliser les types de bases (bool, int, float, complex, list, etc.)",0,0.5070968866
gerer-4.2,Passer des audits,PYTHON-PRG-02,"Utiliser les structures de contrôle (if, for, while, etc.)",0,0.5630750060
gerer-4.2,Passer des audits,PYTHON-PRG-03,"Définir une fonction (arité variable, valeurs par défaut, obligation des paramètres positionnels ou nommés, etc.)",0,0.4999725223
gerer-4.2,Passer des audits,PYTHON-PRG-04,"Appeler une fonction (passage de paramètre posiitonnel ou nommé, tuple ou dictionnaire en paramètres effectifs, etc.)",0,0.5316088200
gerer-4.2,Passer des audits,PYTHON-PRG-05,"Créer des packages, modules et script",0,0.5254393220
gerer-4.2,Passer des audits,PYTHON-PRG-06,"Importer des modules, éléments de modules en les renommant si nécessaire",0,0.5434219837
gerer-4.2,Passer des audits,PYTHON-PRG-07,Comprendre l'affectation,0,0.5183696151
gerer-4.2,Passer des audits,PYTHON-PRG-08,Utiliser les fonctions lambda,0,0.5430821180
gerer-4.2,Passer des audits,PYTHON-PRG-09,"Utiliser les fonctions map, filter et comprehension de séquences",0,0.5410888195
gerer-4.2,Passer des audits,PYTHON-PRG-10,Utiliser l'instruction yield,0,0.5434110761
gerer-4.2,Passer des audits,PYTHON-POO-01,"Définir une classe (attributs, méthodes, initialiseur, etc.)",0,0.5355758667
gerer-4.2,Passer des audits,PYTHON-POO-02,Utiliser les propriétés,0,0.5811359882
gerer-4.2,Passer des audits,PYTHON-POO-03,Définir les méthodes spéciales,0,0.5599100590
gerer-4.2,Passer des audits,PYTHON-POO-04,Définir et utiliser les méthodes statiques et de classes,0,0.5270799398
gerer-4.2,Passer des audits,PYTHON-POO-05,Définir et utiliser des énumérations,0,0.5383363962
gerer-4.2,Passer des audits,PYTHON-POO-06,Définir et utiliser des dataclasses,0,0.5244190097
gerer-4.2,Passer des audits,PYTHON-POO-07,Définir et utiliser des classes abstraites et des protocoles,0,0.5338829756
gerer-4.2,Passer des audits,PYTHON-POO-08,Définir et utiliser des exceptions,0,0.5528298616
gerer-4.2,Passer des audits,PYTHON-POO-09,Définir et utiliser des gestionnaires de contexte,0,0.5387514830
gerer-4.2,Passer des audits,PYTHON-POO-10,Utiliser des flux,0,0.5802869797
gerer-4.2,Passer des audits,PYTHON-DEV-01,Dissocier Python du Système d'exploitation (pyenv),0,0.5114627481
gerer-4.2,Passer des audits,PYTHON-DEV-02,Gérer les dépendances,0,0.5715650320
gerer-4.2,Passer des audits,PYTHON-DEV-03,Céer et utiliser les tests unitaires,0,0.5655407906
gerer-4.2,Passer des audits,PYTHON-DEV-04,Utiliser les logs,0,0.5757436752
gerer-4.2,Passer des audits,PYTHON-DEV-05,Utiliser le annotations,0,0.5806762576
gerer-4.2,Passer des audits,PYTHON-DEV-06,Réaliser une audit statique de code,0,0.5814785957
gerer-4.2,Passer des audits,PYTHON-ARC-01,Créer des décorateurs,0,0.5300033092
gerer-4.2,Passer des audits,PYTHON-ARC-02,Créer et utiliser des métaclasses,0,0.5445567369
gerer-4.2,Passer des audits,PYTHON-ARC-03,Controler l'accès aux attributs,0,0.5859118700
gerer-4.2,Passer des audits,PYTHON-ARC-04,Créer et utiliser des coroutines,0,0.5381135941
gerer-4.3,Organiser les rôles et les tâches,PYTHON-PRG-01,"Choisir et utiliser les types de bases (bool, int, float, complex, list, etc.)",0,0.5169542432
gerer-4.3,Organiser les rôles et les tâches,PYTHON-PRG-02,"Utiliser les structures de contrôle (if, for, while, etc.)",0,0.5649424791
gerer-4.3,Organiser les rôles et les tâches,PYTHON-PRG-03,"Définir une fonction (arité variable, valeurs par défaut, obligation des paramètres positionnels ou nommés, etc.)",0,0.5498622060
gerer-4.3,Organiser les rôles et les tâches,PYTHON-PRG-04,"Appeler une fonction (passage de paramètre posiitonnel ou nommé, tuple ou dictionnaire en paramètres effectifs, etc.)",0,0.5139069557
gerer-4.3,Organiser les rôles et les tâches,PYTHON-PRG-05,"Créer des packages, modules et script",0,0.5541515350
gerer-4.3,Organiser les rôles et les tâches,PYTHON-PRG-06,"Importer des modules, éléments de modules en les renommant si nécessaire",0,0.5371739864
gerer-4.3,Organiser les rôles et les tâches,PYTHON-PRG-07,Comprendre l'affectation,0,0.5202116370
gerer-4.3,Organiser les rôles et les tâches,PYTHON-PRG-08,Utiliser les fonctions lambda,0,0.5627914667
gerer-4.3,Organiser les rôles et les tâches,PYTHON-PRG-09,"Utiliser les fonctions map, filter et comprehension de séquences",0,0.5556180477
gerer-4.3,Organiser les rôles et les tâches,PYTHON-PRG-10,Utiliser l'instruction yield,0,0.5375285149
gerer-4.3,Organiser les rôles et les tâches,PYTHON-POO-01,"Définir une classe (attributs, méthodes, initialiseur, etc.)",0,0.5493499041
gerer-4.3,Organiser les rôles et les tâches,PYTHON-POO-02,Utiliser les propriétés,0,0.5717010498
gerer-4.3,Organiser les rôles et les tâches,PYTHON-POO-03,Définir les méthodes spéciales,0,0.5669320822
gerer-4.3,Organiser les rôles et les tâches,PYTHON-POO-04,Définir et utiliser les méthodes statiques et de classes,0,0.5499790907
gerer-4.3,Organiser les rôles et les tâches,PYTHON-POO-05,Définir et utiliser des énumérations,0,0.5507885218
gerer-4.3,Organiser les rôles et les tâches,PYTHON-POO-06,Définir et utiliser des dataclasses,0,0.5363452435
gerer-4.3,Organiser les rôles et les tâches,PYTHON-POO-07,Définir et utiliser des classes abstraites et des protocoles,0,0.5497730970
gerer-4.3,Organiser les rôles et les tâches,PYTHON-POO-08,Définir et utiliser des exceptions,0,0.5554468632
gerer-4.3,Organiser les rôles et les tâches,PYTHON-POO-09,Définir et utiliser des gestionnaires de contexte,0,0.5691789389
gerer-4.3,Organiser les rôles et les tâches,PYTHON-POO-10,Utiliser des flux,0,0.5688029528
gerer-4.3,Organiser les rôles et les tâches,PYTHON-DEV-01,Dissocier Python du Système d'exploitation (pyenv),0,0.5044911504
gerer-4.3,Organiser les rôles et les tâches,PYTHON-DEV-02,Gérer les dépendances,0,0.5952979326
gerer-4.3,Organiser les rôles et les tâches,PYTHON-DEV-03,Céer et utiliser les tests unitaires,0,0.5355778933
gerer-4.3,Organiser les rôles et les tâches,PYTHON-DEV-04,Utiliser les logs,0,0.5568757057
gerer-4.3,Organiser les rôles et les tâches,PYTHON-DEV-05,Utiliser le annotations,0,0.5654265881
gerer-4.3,Organiser les rôles et les tâches,PYTHON-DEV-06,Réaliser une audit statique de code,0,0.5304172039
gerer-4.3,Organiser les rôles et les tâches,PYTHON-ARC-01,Créer des décorateurs,0,0.5478035808
gerer-4.3,Organiser les rôles et les tâches,PYTHON-ARC-02,Créer et utiliser des métaclasses,0,0.5604203343
gerer-4.3,Organiser les rôles et les tâches,PYTHON-ARC-03,Controler l'accès aux attributs,0,0.5480781794
gerer-4.3,Organiser les rôles et les tâches,PYTHON-ARC-04,Créer et utiliser des coroutines,0,0.5464954376
communiquer-1.1,Documenter le code à l’aide d’un framework,PYTHON-PRG-01,"Choisir et utiliser les types de bases (bool, int, float, complex, list, etc.)",0,0.5207697749
communiquer-1.1,Documenter le code à l’aide d’un framework,PYTHON-PRG-02,"Utiliser les structures de contrôle (if, for, while, etc.)",0,0.5572537184
communiquer-1.1,Documenter le code à l’aide d’un framework,PYTHON-PRG-03,"Définir une fonction (arité variable, valeurs par défaut, obligation des paramètres positionnels ou nommés, etc.)",0,0.5212451220
communiquer-1.1,Documenter le code à l’aide d’un framework,PYTHON-PRG-04,"Appeler une fonction (passage de paramètre posiitonnel ou nommé, tuple ou dictionnaire en paramètres effectifs, etc.)",0,0.5142345428
communiquer-1.1,Documenter le code à l’aide d’un framework,PYTHON-PRG-05,"Créer des packages, modules et script",0,0.5292584896
communiquer-1.1,Documenter le code à l’aide d’un framework,PYTHON-PRG-06,"Importer des modules, éléments de modules en les renommant si nécessaire",0,0.5304551125
communiquer-1.1,Documenter le code à l’aide d’un framework,PYTHON-PRG-07,Comprendre l'affectation,0,0.5111569762
communiquer-1.1,Documenter le code à l’aide d’un framework,PYTHON-PRG-08,Utiliser les fonctions lambda,0,0.5416280627
communiquer-1.1,Documenter le code à l’aide d’un framework,PYTHON-PRG-09,"Utiliser les fonctions map, filter et comprehension de séquences",0,0.5400050879
communiquer-1.1,Documenter le code à l’aide d’un framework,PYTHON-PRG-10,Utiliser l'instruction yield,0,0.5449056625
communiquer-1.1,Documenter le code à l’aide d’un framework,PYTHON-POO-01,"Définir une classe (attributs, méthodes, initialiseur, etc.)",0,0.5428400040
communiquer-1.1,Documenter le code à l’aide d’un framework,PYTHON-POO-02,Utiliser les propriétés,0,0.5753681064
communiquer-1.1,Documenter le code à l’aide d’un framework,PYTHON-POO-03,Définir les méthodes spéciales,0,0.5518268943
communiquer-1.1,Documenter le code à l’aide d’un framework,PYTHON-POO-04,Définir et utiliser les méthodes statiques et de classes,0,0.5383616090
communiquer-1.1,Documenter le code à l’aide d’un framework,PYTHON-POO-05,Définir et utiliser des énumérations,0,0.5441316366
communiquer-1.1,Documenter le code à l’aide d’un framework,PYTHON-POO-06,Définir et utiliser des dataclasses,0,0.5443363190
communiquer-1.1,Documenter le code à l’aide d’un framework,PYTHON-POO-07,Définir et utiliser des classes abstraites et des protocoles,0,0.5496791601
communiquer-1.1,Documenter le code à l’aide d’un framework,PYTHON-POO-08,Définir et utiliser des exceptions,0,0.5559437871
communiquer-1.1,Documenter le code à l’aide d’un framework,PYTHON-POO-09,Définir et utiliser des gestionnaires de contexte,0,0.5593593717
communiquer-1.1,Documenter le code à l’aide d’un framework,PYTHON-POO-10,Utiliser des flux,0,0.5687294006
communiquer-1.1,Documenter le code à l’aide d’un framework,PYTHON-DEV-01,Dissocier Python du Système d'exploitation (pyenv),0,0.4980899692
communiquer-1.1,Documenter le code à l’aide d’un framework,PYTHON-DEV-02,Gérer les dépendances,0,0.5463961959
communiquer-1.1,Documenter le code à l’aide d’un framework,PYTHON-DEV-03,Céer et utiliser les tests unitaires,0,0.5250160694
communiquer-1.1,Documenter le code à l’aide d’un framework,PYTHON-DEV-04,Utiliser les logs,0,0.5593389869
communiquer-1.1,Documenter le code à l’aide d’un framework,PYTHON-DEV-05,Utiliser le annotations,0,0.5776128769
communiquer-1.1,Documenter le code à l’aide d’un framework,PYTHON-DEV-06,Réaliser une audit statique de code,0,0.5732766390
communiquer-1.1,Documenter le code à l’aide d’un framework,PYTHON-ARC-01,Créer des décorateurs,0,0.5230653286
communiquer-1.1,Documenter le code à l’aide d’un framework,PYTHON-ARC-02,Créer et utiliser des métaclasses,0,0.5604213476
communiquer-1.1,Documenter le code à l’aide d’un framework,PYTHON-ARC-03,Controler l'accès aux attributs,0,0.5386754274
communiquer-1.1,Documenter le code à l’aide d’un framework,PYTHON-ARC-04,Créer et utiliser des coroutines,0,0.5364703536
communiquer-1.2,Rédiger un rapport cohérent retraçant toutes les étapes du cycle de vie du projet,PYTHON-PRG-01,"Choisir et utiliser les types de bases (bool, int, float, complex, list, etc.)",0,0.4958355427
communiquer-1.2,Rédiger un rapport cohérent retraçant toutes les étapes du cycle de vie du projet,PYTHON-PRG-02,"Utiliser les structures de contrôle (if, for, while, etc.)",0,0.5338983536
communiquer-1.2,Rédiger un rapport cohérent retraçant toutes les étapes du cycle de vie du projet,PYTHON-PRG-03,"Définir une fonction (arité variable, valeurs par défaut, obligation des paramètres positionnels ou nommés, etc.)",0,0.4878073931
communiquer-1.2,Rédiger un rapport cohérent retraçant toutes les étapes du cycle de vie du projet,PYTHON-PRG-04,"Appeler une fonction (passage de paramètre posiitonnel ou nommé, tuple ou dictionnaire en paramètres effectifs, etc.)",0,0.4937924743
communiquer-1.2,Rédiger un rapport cohérent retraçant toutes les étapes du cycle de vie du projet,PYTHON-PRG-05,"Créer des packages, modules et script",0,0.5277247429
communiquer-1.2,Rédiger un rapport cohérent retraçant toutes les étapes du cycle de vie du projet,PYTHON-PRG-06,"Importer des modules, éléments de modules en les renommant si nécessaire",0,0.5252340436
communiquer-1.2,Rédiger un rapport cohérent retraçant toutes les étapes du cycle de vie du projet,PYTHON-PRG-07,Comprendre l'affectation,0,0.5103967190
communiquer-1.2,Rédiger un rapport cohérent retraçant toutes les étapes du cycle de vie du projet,PYTHON-PRG-08,Utiliser les fonctions lambda,0,0.5237425566
communiquer-1.2,Rédiger un rapport cohérent retraçant toutes les étapes du cycle de vie du projet,PYTHON-PRG-09,"Utiliser les fonctions map, filter et comprehension de séquences",0,0.5263818502
communiquer-1.2,Rédiger un rapport cohérent retraçant toutes les étapes du cycle de vie du projet,PYTHON-PRG-10,Utiliser l'instruction yield,0,0.5245730877
communiquer-1.2,Rédiger un rapport cohérent retraçant toutes les étapes du cycle de vie du projet,PYTHON-POO-01,"Définir une classe (attributs, méthodes, initialiseur, etc.)",0,0.5250008106
communiquer-1.2,Rédiger un rapport cohérent retraçant toutes les étapes du cycle de vie du projet,PYTHON-POO-02,Utiliser les propriétés,0,0.5518814325
communiquer-1.2,Rédiger un rapport cohérent retraçant toutes les étapes du cycle de vie du projet,PYTHON-POO-03,Définir les méthodes spéciales,0,0.5391713977
communiquer-1.2,Rédiger un rapport cohérent retraçant toutes les étapes du cycle de vie du projet,PYTHON-POO-04,Définir et utiliser les méthodes statiques et de classes,0,0.5130890608
communiquer-1.2,Rédiger un rapport cohérent retraçant toutes les étapes du cycle de vie du projet,PYTHON-POO-05,Définir et utiliser des énumérations,0,0.5162332058
communiquer-1.2,Rédiger un rapport cohérent retraçant toutes les étapes du cycle de vie du projet,PYTHON-POO-06,Définir et utiliser des dataclasses,0,0.5141314268
communiquer-1.2,Rédiger un rapport cohérent retraçant toutes les étapes du cycle de vie du projet,PYTHON-POO-07,Définir et utiliser des classes abstraites et des protocoles,0,0.5189700723
communiquer-1.2,Rédiger un rapport cohérent retraçant toutes les étapes du cycle de vie du projet,PYTHON-POO-08,Définir et utiliser des exceptions,0,0.5308246613
communiquer-1.2,Rédiger un rapport cohérent retraçant toutes les étapes du cycle de vie du projet,PYTHON-POO-09,Définir et utiliser des gestionnaires de contexte,0,0.5238265991
communiquer-1.2,Rédiger un rapport cohérent retraçant toutes les étapes du cycle de vie du projet,PYTHON-POO-10,Utiliser des flux,0,0.5471436977
communiquer-1.2,Rédiger un rapport cohérent retraçant toutes les étapes du cycle de vie du projet,PYTHON-DEV-01,Dissocier Python du Système d'exploitation (pyenv),0,0.4998264313
communiquer-1.2,Rédiger un rapport cohérent retraçant toutes les étapes du cycle de vie du projet,PYTHON-DEV-02,Gérer les dépendances,0,0.5426738262
communiquer-1.2,Rédiger un rapport cohérent retraçant toutes les étapes du cycle de vie du projet,PYTHON-DEV-03,Céer et utiliser les tests unitaires,0,0.5128093362
communiquer-1.2,Rédiger un rapport cohérent retraçant toutes les étapes du cycle de vie du projet,PYTHON-DEV-04,Utiliser les logs,0,0.5323289037
communiquer-1.2,Rédiger un rapport cohérent retraçant toutes les étapes du cycle de vie du projet,PYTHON-DEV-05,Utiliser le annotations,0,0.5404841304
communiquer-1.2,Rédiger un rapport cohérent retraçant toutes les étapes du cycle de vie du projet,PYTHON-DEV-06,Réaliser une audit statique de code,0,0.5230740905
communiquer-1.2,Rédiger un rapport cohérent retraçant toutes les étapes du cycle de vie du projet,PYTHON-ARC-01,Créer des décorateurs,0,0.5288159251
communiquer-1.2,Rédiger un rapport cohérent retraçant toutes les étapes du cycle de vie du projet,PYTHON-ARC-02,Créer et utiliser des métaclasses,0,0.5444921255
communiquer-1.2,Rédiger un rapport cohérent retraçant toutes les étapes du cycle de vie du projet,PYTHON-ARC-03,Controler l'accès aux attributs,0,0.5346802473
communiquer-1.2,Rédiger un rapport cohérent retraçant toutes les étapes du cycle de vie du projet,PYTHON-ARC-04,Créer et utiliser des coroutines,0,0.5341637731
communiquer-1.3,Représenter les modèles à l’aide de langage formel,PYTHON-PRG-01,"Choisir et utiliser les types de bases (bool, int, float, complex, list, etc.)",0,0.5241717100
communiquer-1.3,Représenter les modèles à l’aide de langage formel,PYTHON-PRG-02,"Utiliser les structures de contrôle (if, for, while, etc.)",0,0.5612245798
communiquer-1.3,Représenter les modèles à l’aide de langage formel,PYTHON-PRG-03,"Définir une fonction (arité variable, valeurs par défaut, obligation des paramètres positionnels ou nommés, etc.)",0,0.5373163223
communiquer-1.3,Représenter les modèles à l’aide de langage formel,PYTHON-PRG-04,"Appeler une fonction (passage de paramètre posiitonnel ou nommé, tuple ou dictionnaire en paramètres effectifs, etc.)",0,0.5269423723
communiquer-1.3,Représenter les modèles à l’aide de langage formel,PYTHON-PRG-05,"Créer des packages, modules et script",0,0.5254670382
communiquer-1.3,Représenter les modèles à l’aide de langage formel,PYTHON-PRG-06,"Importer des modules, éléments de modules en les renommant si nécessaire",0,0.5429134369
communiquer-1.3,Représenter les modèles à l’aide de langage formel,PYTHON-PRG-07,Comprendre l'affectation,0,0.5160673261
communiquer-1.3,Représenter les modèles à l’aide de langage formel,PYTHON-PRG-08,Utiliser les fonctions lambda,0,0.5508852005
communiquer-1.3,Représenter les modèles à l’aide de langage formel,PYTHON-PRG-09,"Utiliser les fonctions map, filter et comprehension de séquences",0,0.5423244238
communiquer-1.3,Représenter les modèles à l’aide de langage formel,PYTHON-PRG-10,Utiliser l'instruction yield,0,0.5454794168
communiquer-1.3,Représenter les modèles à l’aide de langage formel,PYTHON-POO-01,"Définir une classe (attributs, méthodes, initialiseur, etc.)",0,0.5560628176
communiquer-1.3,Représenter les modèles à l’aide de langage formel,PYTHON-POO-02,Utiliser les propriétés,0,0.5829480290
communiquer-1.3,Représenter les modèles à l’aide de langage formel,PYTHON-POO-03,Définir les méthodes spéciales,0,0.5616326332
communiquer-1.3,Représenter les modèles à l’aide de langage formel,PYTHON-POO-04,Définir et utiliser les méthodes statiques et de classes,0,0.5497223139
communiquer-1.3,Représenter les modèles à l’aide de langage formel,PYTHON-POO-05,Définir et utiliser des énumérations,0,0.5515083075
communiquer-1.3,Représenter les modèles à l’aide de langage formel,PYTHON-POO-06,Définir et utiliser des dataclasses,0,0.5477490425
communiquer-1.3,Représenter les modèles à l’aide de langage formel,PYTHON-POO-07,Définir et utiliser des classes abstraites et des protocoles,0,0.5541690588
communiquer-1.3,Représenter les modèles à l’aide de langage formel,PYTHON-POO-08,Définir et utiliser des exceptions,0,0.5582893491
communiquer-1.3,Représenter les modèles à l’aide de langage formel,PYTHON-POO-09,Définir et utiliser des gestionnaires de contexte,0,0.5498999357
communiquer-1.3,Représenter les modèles à l’aide de langage formel,PYTHON-POO-10,Utiliser des flux,0,0.5643763542
communiquer-1.3,Représenter les modèles à l’aide de langage formel,PYTHON-DEV-01,Dissocier Python du Système d'exploitation (pyenv),0,0.5011386275
communiquer-1.3,Représenter les modèles à l’aide de langage formel,PYTHON-DEV-02,Gérer les dépendances,0,0.5442711115
communiquer-1.3,Représenter les modèles à l’aide de langage formel,PYTHON-DEV-03,Céer et utiliser les tests unitaires,0,0.5276485682
communiquer-1.3,Représenter les modèles à l’aide de langage formel,PYTHON-DEV-04,Utiliser les logs,0,0.5557016134
communiquer-1.3,Représenter les modèles à l’aide de langage formel,PYTHON-DEV-05,Utiliser le annotations,0,0.5763058662
communiquer-1.3,Représenter les modèles à l’aide de langage formel,PYTHON-DEV-06,Réaliser une audit statique de code,0,0.5253725052
communiquer-1.3,Représenter les modèles à l’aide de langage formel,PYTHON-ARC-01,Créer des décorateurs,0,0.5417068005
communiquer-1.3,Représenter les modèles à l’aide de langage formel,PYTHON-ARC-02,Créer et utiliser des métaclasses,0,0.5827698708
communiquer-1.3,Représenter les modèles à l’aide de langage formel,PYTHON-ARC-03,Controler l'accès aux attributs,0,0.5458569527
communiquer-1.3,Représenter les modèles à l’aide de langage formel,PYTHON-ARC-04,Créer et utiliser des coroutines,0,0.5467815399
communiquer-2.1,Rédiger des supports de présentation,PYTHON-PRG-01,"Choisir et utiliser les types de bases (bool, int, float, complex, list, etc.)",0,0.5269786716
communiquer-2.1,Rédiger des supports de présentation,PYTHON-PRG-02,"Utiliser les structures de contrôle (if, for, while, etc.)",0,0.5555318594
communiquer-2.1,Rédiger des supports de présentation,PYTHON-PRG-03,"Définir une fonction (arité variable, valeurs par défaut, obligation des paramètres positionnels ou nommés, etc.)",0,0.5128675699
communiquer-2.1,Rédiger des supports de présentation,PYTHON-PRG-04,"Appeler une fonction (passage de paramètre posiitonnel ou nommé, tuple ou dictionnaire en paramètres effectifs, etc.)",0,0.5099965930
communiquer-2.1,Rédiger des supports de présentation,PYTHON-PRG-05,"Créer des packages, modules et script",0,0.5617541075
communiquer-2.1,Rédiger des supports de présentation,PYTHON-PRG-06,"Importer des modules, éléments de modules en les renommant si nécessaire",0,0.5442123413
communiquer-2.1,Rédiger des supports de présentation,PYTHON-PRG-07,Comprendre l'affectation,0,0.5196956396
communiquer-2.1,Rédiger des supports de présentation,PYTHON-PRG-08,Utiliser les fonctions lambda,0,0.5488649607
communiquer-2.1,Rédiger des supports de présentation,PYTHON-PRG-09,"Utiliser les fonctions map, filter et comprehension de séquences",0,0.5440445542
communiquer-2.1,Rédiger des supports de présentation,PYTHON-PRG-10,Utiliser l'instruction yield,0,0.5430802107
communiquer-2.1,Rédiger des supports de présentation,PYTHON-POO-01,"Définir une classe (attributs, méthodes, initialiseur, etc.)",0,0.5449168086
communiquer-2.1,Rédiger des supports de présentation,PYTHON-POO-02,Utiliser les propriétés,0,0.5782862902
communiquer-2.1,Rédiger des supports de présentation,PYTHON-POO-03,Définir les méthodes spéciales,0,0.5694683790
communiquer-2.1,Rédiger des supports de présentation,PYTHON-POO-04,Définir et utiliser les méthodes statiques et de classes,0,0.5495107174
communiquer-2.1,Rédiger des supports de présentation,PYTHON-POO-05,Définir et utiliser des énumérations,0,0.5681323409
communiquer-2.1,Rédiger des supports de présentation,PYTHON-POO-06,Définir et utiliser des dataclasses,0,0.5451463461
communiquer-2.1,Rédiger des supports de présentation,PYTHON-POO-07,Définir et utiliser des classes abstraites et des protocoles,0,0.5528212786
communiquer-2.1,Rédiger des supports de présentation,PYTHON-POO-08,Définir et utiliser des exceptions,0,0.5644823313
communiquer-2.1,Rédiger des supports de présentation,PYTHON-POO-09,Définir et utiliser des gestionnaires de contexte,0,0.5626789331
communiquer-2.1,Rédiger des supports de présentation,PYTHON-POO-10,Utiliser des flux,0,0.5677801371
communiquer-2.1,Rédiger des supports de présentation,PYTHON-DEV-01,Dissocier Python du Système d'exploitation (pyenv),0,0.5142745972
communiquer-2.1,Rédiger des supports de présentation,PYTHON-DEV-02,Gérer les dépendances,0,0.5656565428
communiquer-2.1,Rédiger des supports de présentation,PYTHON-DEV-03,Céer et utiliser les tests unitaires,0,0.5322723389
communiquer-2.1,Rédiger des supports de présentation,PYTHON-DEV-04,Utiliser les logs,0,0.5570013523
communiquer-2.1,Rédiger des supports de présentation,PYTHON-DEV-05,Utiliser le annotations,0,0.5874425173
communiquer-2.1,Rédiger des supports de présentation,PYTHON-DEV-06,Réaliser une audit statique de code,0,0.5351115465
communiquer-2.1,Rédiger des supports de présentation,PYTHON-ARC-01,Créer des décorateurs,0,0.5711146593
communiquer-2.1,Rédiger des supports de présentation,PYTHON-ARC-02,Créer et utiliser des métaclasses,0,0.5832926631
communiquer-2.1,Rédiger des supports de présentation,PYTHON-ARC-03,Controler l'accès aux attributs,0,0.5484106541
communiquer-2.1,Rédiger des supports de présentation,PYTHON-ARC-04,Créer et utiliser des coroutines,0,0.5565944314
communiquer-2.2,Restituer oralement le travail réalisé,PYTHON-PRG-01,"Choisir et utiliser les types de bases (bool, int, float, complex, list, etc.)",0,0.5041772127
communiquer-2.2,Restituer oralement le travail réalisé,PYTHON-PRG-02,"Utiliser les structures de contrôle (if, for, while, etc.)",0,0.5426848531
communiquer-2.2,Restituer oralement le travail réalisé,PYTHON-PRG-03,"Définir une fonction (arité variable, valeurs par défaut, obligation des paramètres positionnels ou nommés, etc.)",0,0.5018573403
communiquer-2.2,Restituer oralement le travail réalisé,PYTHON-PRG-04,"Appeler une fonction (passage de paramètre posiitonnel ou nommé, tuple ou dictionnaire en paramètres effectifs, etc.)",0,0.5199986696
communiquer-2.2,Restituer oralement le travail réalisé,PYTHON-PRG-05,"Créer des packages, modules et script",0,0.5286504030
communiquer-2.2,Restituer oralement le travail réalisé,PYTHON-PRG-06,"Importer des modules, éléments de modules en les renommant si nécessaire",0,0.5514863729
communiquer-2.2,Restituer oralement le travail réalisé,PYTHON-PRG-07,Comprendre l'affectation,0,0.5215767622
communiquer-2.2,Restituer oralement le travail réalisé,PYTHON-PRG-08,Utiliser les fonctions lambda,0,0.5417015553
communiquer-2.2,Restituer oralement le travail réalisé,PYTHON-PRG-09,"Utiliser les fonctions map, filter et comprehension de séquences",0,0.5434551239
communiquer-2.2,Restituer oralement le travail réalisé,PYTHON-PRG-10,Utiliser l'instruction yield,0,0.5674874783
communiquer-2.2,Restituer oralement le travail réalisé,PYTHON-POO-01,"Définir une classe (attributs, méthodes, initialiseur, etc.)",0,0.5364237428
communiquer-2.2,Restituer oralement le travail réalisé,PYTHON-POO-02,Utiliser les propriétés,0,0.5745295286
communiquer-2.2,Restituer oralement le travail réalisé,PYTHON-POO-03,Définir les méthodes spéciales,0,0.5622649193
communiquer-2.2,Restituer oralement le travail réalisé,PYTHON-POO-04,Définir et utiliser les méthodes statiques et de classes,0,0.5288688540
communiquer-2.2,Restituer oralement le travail réalisé,PYTHON-POO-05,Définir et utiliser des énumérations,0,0.5408322811
communiquer-2.2,Restituer oralement le travail réalisé,PYTHON-POO-06,Définir et utiliser des dataclasses,0,0.5247808695
communiquer-2.2,Restituer oralement le travail réalisé,PYTHON-POO-07,Définir et utiliser des classes abstraites et des protocoles,0,0.5368207693
communiquer-2.2,Restituer oralement le travail réalisé,PYTHON-POO-08,Définir et utiliser des exceptions,0,0.5600409508
communiquer-2.2,Restituer oralement le travail réalisé,PYTHON-POO-09,Définir et utiliser des gestionnaires de contexte,0,0.5393359065
communiquer-2.2,Restituer oralement le travail réalisé,PYTHON-POO-10,Utiliser des flux,0,0.5612151623
communiquer-2.2,Restituer oralement le travail réalisé,PYTHON-DEV-01,Dissocier Python du Système d'exploitation (pyenv),0,0.5150830746
communiquer-2.2,Restituer oralement le travail réalisé,PYTHON-DEV-02,Gérer les dépendances,0,0.5553131104
communiquer-2.2,Restituer oralement le travail réalisé,PYTHON-DEV-03,Céer et utiliser les tests unitaires,0,0.5271482468
communiquer-2.2,Restituer oralement le travail réalisé,PYTHON-DEV-04,Utiliser les logs,0,0.5534696579
communiquer-2.2,Restituer oralement le travail réalisé,PYTHON-DEV-05,Utiliser le annotations,0,0.5795453191
communiquer-2.2,Restituer oralement le travail réalisé,PYTHON-DEV-06,Réaliser une audit statique de code,0,0.5473254919
communiquer-2.2,Restituer oralement le travail réalisé,PYTHON-ARC-01,Créer des décorateurs,0,0.5302441120
communiquer-2.2,Restituer oralement le travail réalisé,PYTHON-ARC-02,Créer et utiliser des métaclasses,0,0.5474279523
communiquer-2.2,Restituer oralement le travail réalisé,PYTHON-ARC-03,Controler l'accès aux attributs,0,0.5464894772
communiquer-2.2,Restituer oralement le travail réalisé,PYTHON-ARC-04,Créer et utiliser des coroutines,0,0.5356513262
communiquer-2.3,Synthétiser le travail réalisé,PYTHON-PRG-01,"Choisir et utiliser les types de bases (bool, int, float, complex, list, etc.)",0,0.5120815635
communiquer-2.3,Synthétiser le travail réalisé,PYTHON-PRG-02,"Utiliser les structures de contrôle (if, for, while, etc.)",0,0.5523791313
communiquer-2.3,Synthétiser le travail réalisé,PYTHON-PRG-03,"Définir une fonction (arité variable, valeurs par défaut, obligation des paramètres positionnels ou nommés, etc.)",0,0.5208772421
communiquer-2.3,Synthétiser le travail réalisé,PYTHON-PRG-04,"Appeler une fonction (passage de paramètre posiitonnel ou nommé, tuple ou dictionnaire en paramètres effectifs, etc.)",0,0.5212464333
communiquer-2.3,Synthétiser le travail réalisé,PYTHON-PRG-05,"Créer des packages, modules et script",0,0.5481402874
communiquer-2.3,Synthétiser le travail réalisé,PYTHON-PRG-06,"Importer des modules, éléments de modules en les renommant si nécessaire",0,0.5436890721
communiquer-2.3,Synthétiser le travail réalisé,PYTHON-PRG-07,Comprendre l'affectation,0,0.5172951818
communiquer-2.3,Synthétiser le travail réalisé,PYTHON-PRG-08,Utiliser les fonctions lambda,0,0.5471231937
communiquer-2.3,Synthétiser le travail réalisé,PYTHON-PRG-09,"Utiliser les fonctions map, filter et comprehension de séquences",0,0.5482537150
communiquer-2.3,Synthétiser le travail réalisé,PYTHON-PRG-10,Utiliser l'instruction yield,0,0.5581710935
communiquer-2.3,Synthétiser le travail réalisé,PYTHON-POO-01,"Définir une classe (attributs, méthodes, initialiseur, etc.)",0,0.5419901609
communiquer-2.3,Synthétiser le travail réalisé,PYTHON-POO-02,Utiliser les propriétés,0,0.5750838518
communiquer-2.3,Synthétiser le travail réalisé,PYTHON-POO-03,Définir les méthodes spéciales,0,0.5631868839
communiquer-2.3,Synthétiser le travail réalisé,PYTHON-POO-04,Définir et utiliser les méthodes statiques et de classes,0,0.5391330719
communiquer-2.3,Synthétiser le travail réalisé,PYTHON-POO-05,Définir et utiliser des énumérations,0,0.5433391333
communiquer-2.3,Synthétiser le travail réalisé,PYTHON-POO-06,Définir et utiliser des dataclasses,0,0.5310370922
communiquer-2.3,Synthétiser le travail réalisé,PYTHON-POO-07,Définir et utiliser des classes abstraites et des protocoles,0,0.5435596704
communiquer-2.3,Synthétiser le travail réalisé,PYTHON-POO-08,Définir et utiliser des exceptions,0,0.5563457012
communiquer-2.3,Synthétiser le travail réalisé,PYTHON-POO-09,Définir et utiliser des gestionnaires de contexte,0,0.5489494801
communiquer-2.3,Synthétiser le travail réalisé,PYTHON-POO-10,Utiliser des flux,0,0.5649109483
communiquer-2.3,Synthétiser le travail réalisé,PYTHON-DEV-01,Dissocier Python du Système d'exploitation (pyenv),0,0.5152719021
communiquer-2.3,Synthétiser le travail réalisé,PYTHON-DEV-02,Gérer les dépendances,0,0.5579273701
communiquer-2.3,Synthétiser le travail réalisé,PYTHON-DEV-03,Céer et utiliser les tests unitaires,0,0.5326933861
communiquer-2.3,Synthétiser le travail réalisé,PYTHON-DEV-04,Utiliser les logs,0,0.5579864979
communiquer-2.3,Synthétiser le travail réalisé,PYTHON-DEV-05,Utiliser le annotations,0,0.5708221197
communiquer-2.3,Synthétiser le travail réalisé,PYTHON-DEV-06,Réaliser une audit statique de code,0,0.5414254665
communiquer-2.3,Synthétiser le travail réalisé,PYTHON-ARC-01,Créer des décorateurs,0,0.5491660833
communiquer-2.3,Synthétiser le travail réalisé,PYTHON-ARC-02,Créer et utiliser des métaclasses,0,0.5653620362
communiquer-2.3,Synthétiser le travail réalisé,PYTHON-ARC-03,Controler l'accès aux attributs,0,0.5467567444
communiquer-2.3,Synthétiser le travail réalisé,PYTHON-ARC-04,Créer et utiliser des coroutines,0,0.5553228855
communiquer-3.1,Interpréter les résultats dans le contexte du problème,PYTHON-PRG-01,"Choisir et utiliser les types de bases (bool, int, float, complex, list, etc.)",0,0.5041422844
communiquer-3.1,Interpréter les résultats dans le contexte du problème,PYTHON-PRG-02,"Utiliser les structures de contrôle (if, for, while, etc.)",0,0.5429112911
communiquer-3.1,Interpréter les résultats dans le contexte du problème,PYTHON-PRG-03,"Définir une fonction (arité variable, valeurs par défaut, obligation des paramètres positionnels ou nommés, etc.)",0,0.5087426901
communiquer-3.1,Interpréter les résultats dans le contexte du problème,PYTHON-PRG-04,"Appeler une fonction (passage de paramètre posiitonnel ou nommé, tuple ou dictionnaire en paramètres effectifs, etc.)",0,0.5119725466
communiquer-3.1,Interpréter les résultats dans le contexte du problème,PYTHON-PRG-05,"Créer des packages, modules et script",0,0.5138827562
communiquer-3.1,Interpréter les résultats dans le contexte du problème,PYTHON-PRG-06,"Importer des modules, éléments de modules en les renommant si nécessaire",0,0.5326328874
communiquer-3.1,Interpréter les résultats dans le contexte du problème,PYTHON-PRG-07,Comprendre l'affectation,0,0.5345147848
communiquer-3.1,Interpréter les résultats dans le contexte du problème,PYTHON-PRG-08,Utiliser les fonctions lambda,0,0.5378308892
communiquer-3.1,Interpréter les résultats dans le contexte du problème,PYTHON-PRG-09,"Utiliser les fonctions map, filter et comprehension de séquences",0,0.5406006575
communiquer-3.1,Interpréter les résultats dans le contexte du problème,PYTHON-PRG-10,Utiliser l'instruction yield,0,0.5529894233
communiquer-3.1,Interpréter les résultats dans le contexte du problème,PYTHON-POO-01,"Définir une classe (attributs, méthodes, initialiseur, etc.)",0,0.5308660269
communiquer-3.1,Interpréter les résultats dans le contexte du problème,PYTHON-POO-02,Utiliser les propriétés,0,0.5719783306
communiquer-3.1,Interpréter les résultats dans le contexte du problème,PYTHON-POO-03,Définir les méthodes spéciales,0,0.5403808355
communiquer-3.1,Interpréter les résultats dans le contexte du problème,PYTHON-POO-04,Définir et utiliser les méthodes statiques et de classes,0,0.5281575918
communiquer-3.1,Interpréter les résultats dans le contexte du problème,PYTHON-POO-05,Définir et utiliser des énumérations,0,0.5398830175
communiquer-3.1,Interpréter les résultats dans le contexte du problème,PYTHON-POO-06,Définir et utiliser des dataclasses,0,0.5275403261
communiquer-3.1,Interpréter les résultats dans le contexte du problème,PYTHON-POO-07,Définir et utiliser des classes abstraites et des protocoles,0,0.5317920446
communiquer-3.1,Interpréter les résultats dans le contexte du problème,PYTHON-POO-08,Définir et utiliser des exceptions,0,0.5627777576
communiquer-3.1,Interpréter les résultats dans le contexte du problème,PYTHON-POO-09,Définir et utiliser des gestionnaires de contexte,0,0.5816189051
communiquer-3.1,Interpréter les résultats dans le contexte du problème,PYTHON-POO-10,Utiliser des flux,0,0.5582038164
communiquer-3.1,Interpréter les résultats dans le contexte du problème,PYTHON-DEV-01,Dissocier Python du Système d'exploitation (pyenv),0,0.5141948462
communiquer-3.1,Interpréter les résultats dans le contexte du problème,PYTHON-DEV-02,Gérer les dépendances,0,0.5466013551
communiquer-3.1,Interpréter les résultats dans le contexte du problème,PYTHON-DEV-03,Céer et utiliser les tests unitaires,0,0.5421689153
communiquer-3.1,Interpréter les résultats dans le contexte du problème,PYTHON-DEV-04,Utiliser les logs,0,0.5468915701
communiquer-3.1,Interpréter les résultats dans le contexte du problème,PYTHON-DEV-05,Utiliser le annotations,0,0.5729969740
communiquer-3.1,Interpréter les résultats dans le contexte du problème,PYTHON-DEV-06,Réaliser une audit statique de code,0,0.5268222094
communiquer-3.1,Interpréter les résultats dans le contexte du problème,PYTHON-ARC-01,Créer des décorateurs,0,0.5135455132
communiquer-3.1,Interpréter les résultats dans le contexte du problème,PYTHON-ARC-02,Créer et utiliser des métaclasses,0,0.5398083925
communiquer-3.1,Interpréter les résultats dans le contexte du problème,PYTHON-ARC-03,Controler l'accès aux attributs,0,0.5412834287
communiquer-3.1,Interpréter les résultats dans le contexte du problème,PYTHON-ARC-04,Créer et utiliser des coroutines,0,0.5256090760
communiquer-3.2,Critiquer les résultats,PYTHON-PRG-01,"Choisir et utiliser les types de bases (bool, int, float, complex, list, etc.)",0,0.5100734830
communiquer-3.2,Critiquer les résultats,PYTHON-PRG-02,"Utiliser les structures de contrôle (if, for, while, etc.)",0,0.5429995656
communiquer-3.2,Critiquer les résultats,PYTHON-PRG-03,"Définir une fonction (arité variable, valeurs par défaut, obligation des paramètres positionnels ou nommés, etc.)",0,0.4880533814
communiquer-3.2,Critiquer les résultats,PYTHON-PRG-04,"Appeler une fonction (passage de paramètre posiitonnel ou nommé, tuple ou dictionnaire en paramètres effectifs, etc.)",0,0.5020644665
communiquer-3.2,Critiquer les résultats,PYTHON-PRG-05,"Créer des packages, modules et script",0,0.5281449556
communiquer-3.2,Critiquer les résultats,PYTHON-PRG-06,"Importer des modules, éléments de modules en les renommant si nécessaire",0,0.5429893732
communiquer-3.2,Critiquer les résultats,PYTHON-PRG-07,Comprendre l'affectation,0,0.5173301697
communiquer-3.2,Critiquer les résultats,PYTHON-PRG-08,Utiliser les fonctions lambda,0,0.5428775549
communiquer-3.2,Critiquer les résultats,PYTHON-PRG-09,"Utiliser les fonctions map, filter et comprehension de séquences",0,0.5458517671
communiquer-3.2,Critiquer les résultats,PYTHON-PRG-10,Utiliser l'instruction yield,0,0.5507585406
communiquer-3.2,Critiquer les résultats,PYTHON-POO-01,"Définir une classe (attributs, méthodes, initialiseur, etc.)",0,0.5313076377
communiquer-3.2,Critiquer les résultats,PYTHON-POO-02,Utiliser les propriétés,0,0.5735530853
communiquer-3.2,Critiquer les résultats,PYTHON-POO-03,Définir les méthodes spéciales,0,0.5441085100
communiquer-3.2,Critiquer les résultats,PYTHON-POO-04,Définir et utiliser les méthodes statiques et de classes,0,0.5294806361
communiquer-3.2,Critiquer les résultats,PYTHON-POO-05,Définir et utiliser des énumérations,0,0.5301640034
communiquer-3.2,Critiquer les résultats,PYTHON-POO-06,Définir et utiliser des dataclasses,0,0.5232816935
communiquer-3.2,Critiquer les résultats,PYTHON-POO-07,Définir et utiliser des classes abstraites et des protocoles,0,0.5346135497
communiquer-3.2,Critiquer les résultats,PYTHON-POO-08,Définir et utiliser des exceptions,0,0.5479207039
communiquer-3.2,Critiquer les résultats,PYTHON-POO-09,Définir et utiliser des gestionnaires de contexte,0,0.5341651440
communiquer-3.2,Critiquer les résultats,PYTHON-POO-10,Utiliser des flux,0,0.5651609898
communiquer-3.2,Critiquer les résultats,PYTHON-DEV-01,Dissocier Python du Système d'exploitation (pyenv),0,0.5268291235
communiquer-3.2,Critiquer les résultats,PYTHON-DEV-02,Gérer les dépendances,0,0.5595551729
communiquer-3.2,Critiquer les résultats,PYTHON-DEV-03,Céer et utiliser les tests unitaires,0,0.5556966662
communiquer-3.2,Critiquer les résultats,PYTHON-DEV-04,Utiliser les logs,0,0.5547037125
communiquer-3.2,Critiquer les résultats,PYTHON-DEV-05,Utiliser le annotations,0,0.5657804012
communiquer-3.2,Critiquer les résultats,PYTHON-DEV-06,Réaliser une audit statique de code,0,0.5452231169
communiquer-3.2,Critiquer les résultats,PYTHON-ARC-01,Créer des décorateurs,0,0.5290533900
communiquer-3.2,Critiquer les résultats,PYTHON-ARC-02,Créer et utiliser des métaclasses,0,0.5495585203
communiquer-3.2,Critiquer les résultats,PYTHON-ARC-03,Controler l'accès aux attributs,0,0.5540439487
communiquer-3.2,Critiquer les résultats,PYTHON-ARC-04,Créer et utiliser des coroutines,0,0.5338029861
communiquer-3.3,Proposer des perspectives,PYTHON-PRG-01,"Choisir et utiliser les types de bases (bool, int, float, complex, list, etc.)",0,0.5128624439
communiquer-3.3,Proposer des perspectives,PYTHON-PRG-02,"Utiliser les structures de contrôle (if, for, while, etc.)",0,0.5522032976
communiquer-3.3,Proposer des perspectives,PYTHON-PRG-03,"Définir une fonction (arité variable, valeurs par défaut, obligation des paramètres positionnels ou nommés, etc.)",0,0.5161386728
communiquer-3.3,Proposer des perspectives,PYTHON-PRG-04,"Appeler une fonction (passage de paramètre posiitonnel ou nommé, tuple ou dictionnaire en paramètres effectifs, etc.)",0,0.5130321980
communiquer-3.3,Proposer des perspectives,PYTHON-PRG-05,"Créer des packages, modules et script",0,0.5328269601
communiquer-3.3,Proposer des perspectives,PYTHON-PRG-06,"Importer des modules, éléments de modules en les renommant si nécessaire",0,0.5465083122
communiquer-3.3,Proposer des perspectives,PYTHON-PRG-07,Comprendre l'affectation,0,0.5340551138
communiquer-3.3,Proposer des perspectives,PYTHON-PRG-08,Utiliser les fonctions lambda,0,0.5459213257
communiquer-3.3,Proposer des perspectives,PYTHON-PRG-09,"Utiliser les fonctions map, filter et comprehension de séquences",0,0.5468842983
communiquer-3.3,Proposer des perspectives,PYTHON-PRG-10,Utiliser l'instruction yield,0,0.5401645303
communiquer-3.3,Proposer des perspectives,PYTHON-POO-01,"Définir une classe (attributs, méthodes, initialiseur, etc.)",0,0.5499476194
communiquer-3.3,Proposer des perspectives,PYTHON-POO-02,Utiliser les propriétés,0,0.5869343877
communiquer-3.3,Proposer des perspectives,PYTHON-POO-03,Définir les méthodes spéciales,0,0.5697134733
communiquer-3.3,Proposer des perspectives,PYTHON-POO-04,Définir et utiliser les méthodes statiques et de classes,0,0.5442000031
communiquer-3.3,Proposer des perspectives,PYTHON-POO-05,Définir et utiliser des énumérations,0,0.5531364679
communiquer-3.3,Proposer des perspectives,PYTHON-POO-06,Définir et utiliser des dataclasses,0,0.5390630960
communiquer-3.3,Proposer des perspectives,PYTHON-POO-07,Définir et utiliser des classes abstraites et des protocoles,0,0.5513788462
communiquer-3.3,Proposer des perspectives,PYTHON-POO-08,Définir et utiliser des exceptions,0,0.5659105182
communiquer-3.3,Proposer des perspectives,PYTHON-POO-09,Définir et utiliser des gestionnaires de contexte,0,0.5680818558
communiquer-3.3,Proposer des perspectives,PYTHON-POO-10,Utiliser des flux,0,0.5776576996
communiquer-3.3,Proposer des perspectives,PYTHON-DEV-01,Dissocier Python du Système d'exploitation (pyenv),0,0.5236539841
communiquer-3.3,Proposer des perspectives,PYTHON-DEV-02,Gérer les dépendances,0,0.5656136274
communiquer-3.3,Proposer des perspectives,PYTHON-DEV-03,Céer et utiliser les tests unitaires,0,0.5291805863
communiquer-3.3,Proposer des perspectives,PYTHON-DEV-04,Utiliser les logs,0,0.5534720421
communiquer-3.3,Proposer des perspectives,PYTHON-DEV-05,Utiliser le annotations,0,0.5732161999
communiquer-3.3,Proposer des perspectives,PYTHON-DEV-06,Réaliser une audit statique de code,0,0.5394432545
communiquer-3.3,Proposer des perspectives,PYTHON-ARC-01,Créer des décorateurs,0,0.5581872463
communiquer-3.3,Proposer des perspectives,PYTHON-ARC-02,Créer et utiliser des métaclasses,0,0.5611504316
communiquer-3.3,Proposer des perspectives,PYTHON-ARC-03,Controler l'accès aux attributs,0,0.5542087555
communiquer-3.3,Proposer des perspectives,PYTHON-ARC-04,Créer et utiliser des coroutines,0,0.5431850553
communiquer-3.4,Représenter de manière humainement compréhensible (graphiquement) les résultats,PYTHON-PRG-01,"Choisir et utiliser les types de bases (bool, int, float, complex, list, etc.)",0,0.5144031048
communiquer-3.4,Représenter de manière humainement compréhensible (graphiquement) les résultats,PYTHON-PRG-02,"Utiliser les structures de contrôle (if, for, while, etc.)",0,0.5497432947
communiquer-3.4,Représenter de manière humainement compréhensible (graphiquement) les résultats,PYTHON-PRG-03,"Définir une fonction (arité variable, valeurs par défaut, obligation des paramètres positionnels ou nommés, etc.)",0,0.5513568521
communiquer-3.4,Représenter de manière humainement compréhensible (graphiquement) les résultats,PYTHON-PRG-04,"Appeler une fonction (passage de paramètre posiitonnel ou nommé, tuple ou dictionnaire en paramètres effectifs, etc.)",0,0.5237829089
communiquer-3.4,Représenter de manière humainement compréhensible (graphiquement) les résultats,PYTHON-PRG-05,"Créer des packages, modules et script",0,0.5311513543
communiquer-3.4,Représenter de manière humainement compréhensible (graphiquement) les résultats,PYTHON-PRG-06,"Importer des modules, éléments de modules en les renommant si nécessaire",0,0.5342030525
communiquer-3.4,Représenter de manière humainement compréhensible (graphiquement) les résultats,PYTHON-PRG-07,Comprendre l'affectation,0,0.5429372191
communiquer-3.4,Représenter de manière humainement compréhensible (graphiquement) les résultats,PYTHON-PRG-08,Utiliser les fonctions lambda,0,0.5454235673
communiquer-3.4,Représenter de manière humainement compréhensible (graphiquement) les résultats,PYTHON-PRG-09,"Utiliser les fonctions map, filter et comprehension de séquences",0,0.5526953936
communiquer-3.4,Représenter de manière humainement compréhensible (graphiquement) les résultats,PYTHON-PRG-10,Utiliser l'instruction yield,0,0.5587589741
communiquer-3.4,Représenter de manière humainement compréhensible (graphiquement) les résultats,PYTHON-POO-01,"Définir une classe (attributs, méthodes, initialiseur, etc.)",0,0.5547567606
communiquer-3.4,Représenter de manière humainement compréhensible (graphiquement) les résultats,PYTHON-POO-02,Utiliser les propriétés,0,0.5803152323
communiquer-3.4,Représenter de manière humainement compréhensible (graphiquement) les résultats,PYTHON-POO-03,Définir les méthodes spéciales,0,0.5821830034
communiquer-3.4,Représenter de manière humainement compréhensible (graphiquement) les résultats,PYTHON-POO-04,Définir et utiliser les méthodes statiques et de classes,0,0.5530589819
communiquer-3.4,Représenter de manière humainement compréhensible (graphiquement) les résultats,PYTHON-POO-05,Définir et utiliser des énumérations,0,0.5719299316
communiquer-3.4,Représenter de manière humainement compréhensible (graphiquement) les résultats,PYTHON-POO-06,Définir et utiliser des dataclasses,0,0.5557071567
communiquer-3.4,Représenter de manière humainement compréhensible (graphiquement) les résultats,PYTHON-POO-07,Définir et utiliser des classes abstraites et des protocoles,0,0.5532040596
communiquer-3.4,Représenter de manière humainement compréhensible (graphiquement) les résultats,PYTHON-POO-08,Définir et utiliser des exceptions,0,0.5761603117
communiquer-3.4,Représenter de manière humainement compréhensible (graphiquement) les résultats,PYTHON-POO-09,Définir et utiliser des gestionnaires de contexte,0,0.5627541542
communiquer-3.4,Représenter de manière humainement compréhensible (graphiquement) les résultats,PYTHON-POO-10,Utiliser des flux,0,0.5686147809
communiquer-3.4,Représenter de manière humainement compréhensible (graphiquement) les résultats,PYTHON-DEV-01,Dissocier Python du Système d'exploitation (pyenv),0,0.5084745884
communiquer-3.4,Représenter de manière humainement compréhensible (graphiquement) les résultats,PYTHON-DEV-02,Gérer les dépendances,0,0.5512080193
communiquer-3.4,Représenter de manière humainement compréhensible (graphiquement) les résultats,PYTHON-DEV-03,Céer et utiliser les tests unitaires,0,0.5394235253
communiquer-3.4,Représenter de manière humainement compréhensible (graphiquement) les résultats,PYTHON-DEV-04,Utiliser les logs,0,0.5558094978
communiquer-3.4,Représenter de manière humainement compréhensible (graphiquement) les résultats,PYTHON-DEV-05,Utiliser le annotations,0,0.5762751102
communiquer-3.4,Représenter de manière humainement compréhensible (graphiquement) les résultats,PYTHON-DEV-06,Réaliser une audit statique de code,0,0.5320122242
communiquer-3.4,Représenter de manière humainement compréhensible (graphiquement) les résultats,PYTHON-ARC-01,Créer des décorateurs,0,0.5337513685
communiquer-3.4,Représenter de manière humainement compréhensible (graphiquement) les résultats,PYTHON-ARC-02,Créer et utiliser des métaclasses,0,0.5633159876
communiquer-3.4,Représenter de manière humainement compréhensible (graphiquement) les résultats,PYTHON-ARC-03,Controler l'accès aux attributs,0,0.5408718586
communiquer-3.4,Représenter de manière humainement compréhensible (graphiquement) les résultats,PYTHON-ARC-04,Créer et utiliser des coroutines,0,0.5457943082
communiquer-4.1,Résumer une méthode de l’état de l’art,PYTHON-PRG-01,"Choisir et utiliser les types de bases (bool, int, float, complex, list, etc.)",0,0.5008856058
communiquer-4.1,Résumer une méthode de l’état de l’art,PYTHON-PRG-02,"Utiliser les structures de contrôle (if, for, while, etc.)",0,0.5394518375
communiquer-4.1,Résumer une méthode de l’état de l’art,PYTHON-PRG-03,"Définir une fonction (arité variable, valeurs par défaut, obligation des paramètres positionnels ou nommés, etc.)",0,0.5177448988
communiquer-4.1,Résumer une méthode de l’état de l’art,PYTHON-PRG-04,"Appeler une fonction (passage de paramètre posiitonnel ou nommé, tuple ou dictionnaire en paramètres effectifs, etc.)",0,0.5096465349
communiquer-4.1,Résumer une méthode de l’état de l’art,PYTHON-PRG-05,"Créer des packages, modules et script",0,0.5170501471
communiquer-4.1,Résumer une méthode de l’état de l’art,PYTHON-PRG-06,"Importer des modules, éléments de modules en les renommant si nécessaire",0,0.5341457129
communiquer-4.1,Résumer une méthode de l’état de l’art,PYTHON-PRG-07,Comprendre l'affectation,0,0.5447095633
communiquer-4.1,Résumer une méthode de l’état de l’art,PYTHON-PRG-08,Utiliser les fonctions lambda,0,0.5288685560
communiquer-4.1,Résumer une méthode de l’état de l’art,PYTHON-PRG-09,"Utiliser les fonctions map, filter et comprehension de séquences",0,0.5306054354
communiquer-4.1,Résumer une méthode de l’état de l’art,PYTHON-PRG-10,Utiliser l'instruction yield,0,0.5434101820
communiquer-4.1,Résumer une méthode de l’état de l’art,PYTHON-POO-01,"Définir une classe (attributs, méthodes, initialiseur, etc.)",0,0.5483673811
communiquer-4.1,Résumer une méthode de l’état de l’art,PYTHON-POO-02,Utiliser les propriétés,0,0.5699369907
communiquer-4.1,Résumer une méthode de l’état de l’art,PYTHON-POO-03,Définir les méthodes spéciales,0,0.5922242403
communiquer-4.1,Résumer une méthode de l’état de l’art,PYTHON-POO-04,Définir et utiliser les méthodes statiques et de classes,0,0.5600347519
communiquer-4.1,Résumer une méthode de l’état de l’art,PYTHON-POO-05,Définir et utiliser des énumérations,0,0.5459412932
communiquer-4.1,Résumer une méthode de l’état de l’art,PYTHON-POO-06,Définir et utiliser des dataclasses,0,0.5221935511
communiquer-4.1,Résumer une méthode de l’état de l’art,PYTHON-POO-07,Définir et utiliser des classes abstraites et des protocoles,0,0.5303288698
communiquer-4.1,Résumer une méthode de l’état de l’art,PYTHON-POO-08,Définir et utiliser des exceptions,0,0.5522012711
communiquer-4.1,Résumer une méthode de l’état de l’art,PYTHON-POO-09,Définir et utiliser des gestionnaires de contexte,0,0.5407509804
communiquer-4.1,Résumer une méthode de l’état de l’art,PYTHON-POO-10,Utiliser des flux,0,0.5539569855
communiquer-4.1,Résumer une méthode de l’état de l’art,PYTHON-DEV-01,Dissocier Python du Système d'exploitation (pyenv),0,0.5048158169
communiquer-4.1,Résumer une méthode de l’état de l’art,PYTHON-DEV-02,Gérer les dépendances,0,0.5480313897
communiquer-4.1,Résumer une méthode de l’état de l’art,PYTHON-DEV-03,Céer et utiliser les tests unitaires,0,0.5187851191
communiquer-4.1,Résumer une méthode de l’état de l’art,PYTHON-DEV-04,Utiliser les logs,0,0.5422900915
communiquer-4.1,Résumer une méthode de l’état de l’art,PYTHON-DEV-05,Utiliser le annotations,0,0.5563960075
communiquer-4.1,Résumer une méthode de l’état de l’art,PYTHON-DEV-06,Réaliser une audit statique de code,0,0.5259270668
communiquer-4.1,Résumer une méthode de l’état de l’art,PYTHON-ARC-01,Créer des décorateurs,0,0.5254105330
communiquer-4.1,Résumer une méthode de l’état de l’art,PYTHON-ARC-02,Créer et utiliser des métaclasses,0,0.5411076546
communiquer-4.1,Résumer une méthode de l’état de l’art,PYTHON-ARC-03,Controler l'accès aux attributs,0,0.5385899544
communiquer-4.1,Résumer une méthode de l’état de l’art,PYTHON-ARC-04,Créer et utiliser des coroutines,0,0.5310504436
communiquer-4.2,Adapter son discours au public,PYTHON-PRG-01,"Choisir et utiliser les types de bases (bool, int, float, complex, list, etc.)",0,0.5053185225
communiquer-4.2,Adapter son discours au public,PYTHON-PRG-02,"Utiliser les structures de contrôle (if, for, while, etc.)",0,0.5424242020
communiquer-4.2,Adapter son discours au public,PYTHON-PRG-03,"Définir une fonction (arité variable, valeurs par défaut, obligation des paramètres positionnels ou nommés, etc.)",0,0.4943826199
communiquer-4.2,Adapter son discours au public,PYTHON-PRG-04,"Appeler une fonction (passage de paramètre posiitonnel ou nommé, tuple ou dictionnaire en paramètres effectifs, etc.)",0,0.5110037923
communiquer-4.2,Adapter son discours au public,PYTHON-PRG-05,"Créer des packages, modules et script",0,0.5218659043
communiquer-4.2,Adapter son discours au public,PYTHON-PRG-06,"Importer des modules, éléments de modules en les renommant si nécessaire",0,0.5421007872
communiquer-4.2,Adapter son discours au public,PYTHON-PRG-07,Comprendre l'affectation,0,0.5226204395
communiquer-4.2,Adapter son discours au public,PYTHON-PRG-08,Utiliser les fonctions lambda,0,0.5450173020
communiquer-4.2,Adapter son discours au public,PYTHON-PRG-09,"Utiliser les fonctions map, filter et comprehension de séquences",0,0.5392535925
communiquer-4.2,Adapter son discours au public,PYTHON-PRG-10,Utiliser l'instruction yield,0,0.5392851233
communiquer-4.2,Adapter son discours au public,PYTHON-POO-01,"Définir une classe (attributs, méthodes, initialiseur, etc.)",0,0.5406352282
communiquer-4.2,Adapter son discours au public,PYTHON-POO-02,Utiliser les propriétés,0,0.5714919567
communiquer-4.2,Adapter son discours au public,PYTHON-POO-03,Définir les méthodes spéciales,0,0.5669809580
communiquer-4.2,Adapter son discours au public,PYTHON-POO-04,Définir et utiliser les méthodes statiques et de classes,0,0.5349143744
communiquer-4.2,Adapter son discours au public,PYTHON-POO-05,Définir et utiliser des énumérations,0,0.5367048383
communiquer-4.2,Adapter son discours au public,PYTHON-POO-06,Définir et utiliser des dataclasses,0,0.5236079693
communiquer-4.2,Adapter son discours au public,PYTHON-POO-07,Définir et utiliser des classes abstraites et des protocoles,0,0.5361998081
communiquer-4.2,Adapter son discours au public,PYTHON-POO-08,Définir et utiliser des exceptions,0,0.5575746298
communiquer-4.2,Adapter son discours au public,PYTHON-POO-09,Définir et utiliser des gestionnaires de contexte,0,0.5487105846
communiquer-4.2,Adapter son discours au public,PYTHON-POO-10,Utiliser des flux,0,0.5624977946
communiquer-4.2,Adapter son discours au public,PYTHON-DEV-01,Dissocier Python du Système d'exploitation (pyenv),0,0.5133690834
communiquer-4.2,Adapter son discours au public,PYTHON-DEV-02,Gérer les dépendances,0,0.5629017353
communiquer-4.2,Adapter son discours au public,PYTHON-DEV-03,Céer et utiliser les tests unitaires,0,0.5238884687
communiquer-4.2,Adapter son discours au public,PYTHON-DEV-04,Utiliser les logs,0,0.5536755919
communiquer-4.2,Adapter son discours au public,PYTHON-DEV-05,Utiliser le annotations,0,0.5746384859
communiquer-4.2,Adapter son discours au public,PYTHON-DEV-06,Réaliser une audit statique de code,0,0.5312042236
communiquer-4.2,Adapter son discours au public,PYTHON-ARC-01,Créer des décorateurs,0,0.5255908966
communiquer-4.2,Adapter son discours au public,PYTHON-ARC-02,Créer et utiliser des métaclasses,0,0.5499471426
communiquer-4.2,Adapter son discours au public,PYTHON-ARC-03,Controler l'accès aux attributs,0,0.5500749350
communiquer-4.2,Adapter son discours au public,PYTHON-ARC-04,Créer et utiliser des coroutines,0,0.5339334607
communiquer-4.3,Organiser la parole au sein d’un groupe,PYTHON-PRG-01,"Choisir et utiliser les types de bases (bool, int, float, complex, list, etc.)",0,0.5069634914
communiquer-4.3,Organiser la parole au sein d’un groupe,PYTHON-PRG-02,"Utiliser les structures de contrôle (if, for, while, etc.)",0,0.5496409535
communiquer-4.3,Organiser la parole au sein d’un groupe,PYTHON-PRG-03,"Définir une fonction (arité variable, valeurs par défaut, obligation des paramètres positionnels ou nommés, etc.)",0,0.5057814717
communiquer-4.3,Organiser la parole au sein d’un groupe,PYTHON-PRG-04,"Appeler une fonction (passage de paramètre posiitonnel ou nommé, tuple ou dictionnaire en paramètres effectifs, etc.)",0,0.5120157003
communiquer-4.3,Organiser la parole au sein d’un groupe,PYTHON-PRG-05,"Créer des packages, modules et script",0,0.5230455399
communiquer-4.3,Organiser la parole au sein d’un groupe,PYTHON-PRG-06,"Importer des modules, éléments de modules en les renommant si nécessaire",0,0.5334825516
communiquer-4.3,Organiser la parole au sein d’un groupe,PYTHON-PRG-07,Comprendre l'affectation,0,0.5250881910
communiquer-4.3,Organiser la parole au sein d’un groupe,PYTHON-PRG-08,Utiliser les fonctions lambda,0,0.5408825278
communiquer-4.3,Organiser la parole au sein d’un groupe,PYTHON-PRG-09,"Utiliser les fonctions map, filter et comprehension de séquences",0,0.5347250700
communiquer-4.3,Organiser la parole au sein d’un groupe,PYTHON-PRG-10,Utiliser l'instruction yield,0,0.5358498096
communiquer-4.3,Organiser la parole au sein d’un groupe,PYTHON-POO-01,"Définir une classe (attributs, méthodes, initialiseur, etc.)",0,0.5486507416
communiquer-4.3,Organiser la parole au sein d’un groupe,PYTHON-POO-02,Utiliser les propriétés,0,0.5649565458
communiquer-4.3,Organiser la parole au sein d’un groupe,PYTHON-POO-03,Définir les méthodes spéciales,0,0.5713988543
communiquer-4.3,Organiser la parole au sein d’un groupe,PYTHON-POO-04,Définir et utiliser les méthodes statiques et de classes,0,0.5375949144
communiquer-4.3,Organiser la parole au sein d’un groupe,PYTHON-POO-05,Définir et utiliser des énumérations,0,0.5464004874
communiquer-4.3,Organiser la parole au sein d’un groupe,PYTHON-POO-06,Définir et utiliser des dataclasses,0,0.5285600424
communiquer-4.3,Organiser la parole au sein d’un groupe,PYTHON-POO-07,Définir et utiliser des classes abstraites et des protocoles,0,0.5421433449
communiquer-4.3,Organiser la parole au sein d’un groupe,PYTHON-POO-08,Définir et utiliser des exceptions,0,0.5610399842
communiquer-4.3,Organiser la parole au sein d’un groupe,PYTHON-POO-09,Définir et utiliser des gestionnaires de contexte,0,0.5567408204
communiquer-4.3,Organiser la parole au sein d’un groupe,PYTHON-POO-10,Utiliser des flux,0,0.5577260852
communiquer-4.3,Organiser la parole au sein d’un groupe,PYTHON-DEV-01,Dissocier Python du Système d'exploitation (pyenv),0,0.5035715103
communiquer-4.3,Organiser la parole au sein d’un groupe,PYTHON-DEV-02,Gérer les dépendances,0,0.5639556050
communiquer-4.3,Organiser la parole au sein d’un groupe,PYTHON-DEV-03,Céer et utiliser les tests unitaires,0,0.5208312273
communiquer-4.3,Organiser la parole au sein d’un groupe,PYTHON-DEV-04,Utiliser les logs,0,0.5507948399
communiquer-4.3,Organiser la parole au sein d’un groupe,PYTHON-DEV-05,Utiliser le annotations,0,0.5678085685
communiquer-4.3,Organiser la parole au sein d’un groupe,PYTHON-DEV-06,Réaliser une audit statique de code,0,0.5261139274
communiquer-4.3,Organiser la parole au sein d’un groupe,PYTHON-ARC-01,Créer des décorateurs,0,0.5370640755
communiquer-4.3,Organiser la parole au sein d’un groupe,PYTHON-ARC-02,Créer et utiliser des métaclasses,0,0.5527391434
communiquer-4.3,Organiser la parole au sein d’un groupe,PYTHON-ARC-03,Controler l'accès aux attributs,0,0.5417559743
communiquer-4.3,Organiser la parole au sein d’un groupe,PYTHON-ARC-04,Créer et utiliser des coroutines,0,0.5407752991
communiquer-4.4,Convaincre son interlocuteur,PYTHON-PRG-01,"Choisir et utiliser les types de bases (bool, int, float, complex, list, etc.)",0,0.5078638792
communiquer-4.4,Convaincre son interlocuteur,PYTHON-PRG-02,"Utiliser les structures de contrôle (if, for, while, etc.)",0,0.5486900806
communiquer-4.4,Convaincre son interlocuteur,PYTHON-PRG-03,"Définir une fonction (arité variable, valeurs par défaut, obligation des paramètres positionnels ou nommés, etc.)",0,0.5023085475
communiquer-4.4,Convaincre son interlocuteur,PYTHON-PRG-04,"Appeler une fonction (passage de paramètre posiitonnel ou nommé, tuple ou dictionnaire en paramètres effectifs, etc.)",0,0.5186668634
communiquer-4.4,Convaincre son interlocuteur,PYTHON-PRG-05,"Créer des packages, modules et script",0,0.5235427618
communiquer-4.4,Convaincre son interlocuteur,PYTHON-PRG-06,"Importer des modules, éléments de modules en les renommant si nécessaire",0,0.5400280952
communiquer-4.4,Convaincre son interlocuteur,PYTHON-PRG-07,Comprendre l'affectation,0,0.5407944322
communiquer-4.4,Convaincre son interlocuteur,PYTHON-PRG-08,Utiliser les fonctions lambda,0,0.5439984798
communiquer-4.4,Convaincre son interlocuteur,PYTHON-PRG-09,"Utiliser les fonctions map, filter et comprehension de séquences",0,0.5395690203
communiquer-4.4,Convaincre son interlocuteur,PYTHON-PRG-10,Utiliser l'instruction yield,0,0.5574763417
communiquer-4.4,Convaincre son interlocuteur,PYTHON-POO-01,"Définir une classe (attributs, méthodes, initialiseur, etc.)",0,0.5399841666
communiquer-4.4,Convaincre son interlocuteur,PYTHON-POO-02,Utiliser les propriétés,0,0.5718626380
communiquer-4.4,Convaincre son interlocuteur,PYTHON-POO-03,Définir les méthodes spéciales,0,0.5615133047
communiquer-4.4,Convaincre son interlocuteur,PYTHON-POO-04,Définir et utiliser les méthodes statiques et de classes,0,0.5291519165
communiquer-4.4,Convaincre son interlocuteur,PYTHON-POO-05,Définir et utiliser des énumérations,0,0.5419509411
communiquer-4.4,Convaincre son interlocuteur,PYTHON-POO-06,Définir et utiliser des dataclasses,0,0.5256971121
communiquer-4.4,Convaincre son interlocuteur,PYTHON-POO-07,Définir et utiliser des classes abstraites et des protocoles,0,0.5374840498
communiquer-4.4,Convaincre son interlocuteur,PYTHON-POO-08,Définir et utiliser des exceptions,0,0.5683922172
communiquer-4.4,Convaincre son interlocuteur,PYTHON-POO-09,Définir et utiliser des gestionnaires de contexte,0,0.5471742153
communiquer-4.4,Convaincre son interlocuteur,PYTHON-POO-10,Utiliser des flux,0,0.5630970001
communiquer-4.4,Convaincre son interlocuteur,PYTHON-DEV-01,Dissocier Python du Système d'exploitation (pyenv),0,0.5137466192
communiquer-4.4,Convaincre son interlocuteur,PYTHON-DEV-02,Gérer les dépendances,0,0.5594221354
communiquer-4.4,Convaincre son interlocuteur,PYTHON-DEV-03,Céer et utiliser les tests unitaires,0,0.5317260027
communiquer-4.4,Convaincre son interlocuteur,PYTHON-DEV-04,Utiliser les logs,0,0.5541426539
communiquer-4.4,Convaincre son interlocuteur,PYTHON-DEV-05,Utiliser le annotations,0,0.5746921301
communiquer-4.4,Convaincre son interlocuteur,PYTHON-DEV-06,Réaliser une audit statique de code,0,0.5361078978
communiquer-4.4,Convaincre son interlocuteur,PYTHON-ARC-01,Créer des décorateurs,0,0.5310882330
communiquer-4.4,Convaincre son interlocuteur,PYTHON-ARC-02,Créer et utiliser des métaclasses,0,0.5487942696
communiquer-4.4,Convaincre son interlocuteur,PYTHON-ARC-03,Controler l'accès aux attributs,0,0.5532484651
communiquer-4.4,Convaincre son interlocuteur,PYTHON-ARC-04,Créer et utiliser des coroutines,0,0.5375893116
