AC-ID,AC-TITLE,AAD-ID,AAD-TITLE,LABEL
specifier-1.1,Décrire les types de données en entrée et sortie de chaque composant,ANANUM-1-1,Retrouver les dimensions d’une matrice,1
specifier-1.1,Décrire les types de données en entrée et sortie de chaque composant,ANANUM-1-2,Identifier les différents type de matrice (structure et taille),1
specifier-1.1,Décrire les types de données en entrée et sortie de chaque composant,ANANUM-1-3,Identifier et connaître un problème des moindres carrés,1
specifier-1.1,Décrire les types de données en entrée et sortie de chaque composant,ANANUM-2-1,Retrouver le schema de résolution des moindres carrés avec la méthode du gradient,0
specifier-1.1,Décrire les types de données en entrée et sortie de chaque composant,ANANUM-3-1,Maitriser les opérations vectorielles (produit scalaire,0
specifier-1.1,Décrire les types de données en entrée et sortie de chaque composant,ANANUM-14-1,Etre capable de représenter un systèmes d’équation linéaire sous forme matricielle,0
specifier-1.1,Décrire les types de données en entrée et sortie de chaque composant,ANANUM-15-3,Connaitre les propriétés d’une matrice de Gauss,0
specifier-1.1,Décrire les types de données en entrée et sortie de chaque composant,ANANUM-15-4,Connaitre les propriétés d’une matrice de permutation,0
specifier-1.1,Décrire les types de données en entrée et sortie de chaque composant,ANANUM-15-5,Connaitre les propriétés d’une matrice définie positive,0
specifier-1.1,Décrire les types de données en entrée et sortie de chaque composant,ANANUM-15-6,Connaitre les propriétés d’une matrice orthogonale,0
specifier-1.1,Décrire les types de données en entrée et sortie de chaque composant,ANANUM-15-7,Connaitre les propriétés d’une matrice de Householder,0
specifier-1.1,Décrire les types de données en entrée et sortie de chaque composant,ANANUM-15-8,Connaitre les propriétés des normes matricielles et vectorielles,0
specifier-1.1,Décrire les types de données en entrée et sortie de chaque composant,ANANUM-15-9,Connaitre les propriétés de la décomposition valeurs propres,0
specifier-1.1,Décrire les types de données en entrée et sortie de chaque composant,ANANUM-15-10,Connaitre les propriétés de la décomposition valeurs singulières,0
specifier-1.1,Décrire les types de données en entrée et sortie de chaque composant,ANANUM-16-1,Connaitre les conditions d’applications de Cholesky et LDL,0
specifier-1.1,Décrire les types de données en entrée et sortie de chaque composant,ANANUM-16-2,Identifier les avantages/limites des méthodes décomposition,0
specifier-1.1,Décrire les types de données en entrée et sortie de chaque composant,ANANUM-16-3,Identifier les similitudes et différences entre Jacobi,0
specifier-1.1,Décrire les types de données en entrée et sortie de chaque composant,ANANUM-29-1,Etre capable d’implémenter un produit matriciel,0
specifier-1.1,Décrire les types de données en entrée et sortie de chaque composant,ANANUM-29-2,Etre capable d’implémenter un produit matriciel de différentes manières,0
specifier-1.1,Décrire les types de données en entrée et sortie de chaque composant,ANANUM-29-3,Connaitre les complexités des opérations vectorielles et matricielles,0
specifier-1.1,Décrire les types de données en entrée et sortie de chaque composant,ANANUM-29-4,Implémenter la résolution d’un systeme d’équation linéaire avec matrice diagonale,0
specifier-1.1,Décrire les types de données en entrée et sortie de chaque composant,ANANUM-29-5,Implémenter la résolution d’un systeme d’équation linéaire avec matrice triangulaire,0
specifier-1.1,Décrire les types de données en entrée et sortie de chaque composant,ANANUM-29-6,Retrouver l’algorithme de calcul de l’inverse d’une matrice triangulaire,0
specifier-1.1,Décrire les types de données en entrée et sortie de chaque composant,ANANUM-29-7,Retrouver les variantes (exterieur/recursive/trisup) de Cholesky,0
specifier-1.1,Décrire les types de données en entrée et sortie de chaque composant,ANANUM-29-8,Connaitre les complexités des la résolution de systeme d’équation triangulaires,0
specifier-1.1,Décrire les types de données en entrée et sortie de chaque composant,ANANUM-29-9,Retrouver le schema de résolution de Ax=b donné A=LU,0
specifier-1.1,Décrire les types de données en entrée et sortie de chaque composant,ANANUM-29-10,Calculer une matrice triangulaire supérieure en utilisant les matrices de Gauss,0
specifier-1.1,Décrire les types de données en entrée et sortie de chaque composant,ANANUM-29-11,Connaitre l’algorithme de décomposition PA=LU,0
specifier-1.1,Décrire les types de données en entrée et sortie de chaque composant,ANANUM-29-12,Retrouver le schema de résolution de Ax=b donné PA=LU,0
specifier-1.1,Décrire les types de données en entrée et sortie de chaque composant,ANANUM-29-13,Retrouver l’algorithme de décomposition A=LDL,0
specifier-1.1,Décrire les types de données en entrée et sortie de chaque composant,ANANUM-29-14,Retrouver l’algorithme de Cholesky,0
specifier-1.1,Décrire les types de données en entrée et sortie de chaque composant,ANANUM-29-16,Retrouver le schema de résolution des moindres carrés avec QR,0
specifier-1.1,Décrire les types de données en entrée et sortie de chaque composant,ANANUM-29-17,Retrouver l’algorithme de décomposition QR avec Householder,0
specifier-1.1,Décrire les types de données en entrée et sortie de chaque composant,ANANUM-29-18,Connaitre le principe des méthodes itératives,0
specifier-1.1,Décrire les types de données en entrée et sortie de chaque composant,ANANUM-29-19,Connaitre le principe de PageRank,0
specifier-1.1,Décrire les types de données en entrée et sortie de chaque composant,ANANUM-29-20,Calculer  une valeur propre en utilisant l’algorithme des puissances itérées,0
specifier-1.1,Décrire les types de données en entrée et sortie de chaque composant,ANANUM-29-21,Implémenter l’algorithme QR pour les valeurs propres,0
specifier-1.1,Décrire les types de données en entrée et sortie de chaque composant,ANANUM-29-22,Calculer les valeurs singulieres d’une matrice a partir des valeurs propres,0
specifier-1.1,Décrire les types de données en entrée et sortie de chaque composant,ANANUM-29-23,Implémenter l’algorithme de bidiagonisation pour le calcul de la SVD,0
specifier-1.1,Décrire les types de données en entrée et sortie de chaque composant,ANANUM-30-1,Estimer les valeurs propres avec les cercles de Gershgorin,0
specifier-1.1,Décrire les types de données en entrée et sortie de chaque composant,ANANUM-31-1,Appliquer les décompositions valeurs propres/singulières pour du débruitage d’images ( ??),0
specifier-1.1,Décrire les types de données en entrée et sortie de chaque composant,ANANUM-32-1,Exploiter les structures particulières de matrices,0
specifier-1.1,Décrire les types de données en entrée et sortie de chaque composant,ANANUM-32-2,Optimiser l’implémentation de la transformation de Gauss,0
specifier-1.1,Décrire les types de données en entrée et sortie de chaque composant,ANANUM-32-3,Optmisier l’approche QR pour les valeurs propres avec la forme tridiagonale,0
specifier-1.1,Décrire les types de données en entrée et sortie de chaque composant,ANANUM-49-1,Etre capable de coder en Python/numpy le produit matriciel,0
specifier-1.1,Décrire les types de données en entrée et sortie de chaque composant,ANANUM-49-2,Implémenter en Python/numpy l’algorithme de décomposition LU,0
specifier-1.1,Décrire les types de données en entrée et sortie de chaque composant,ANANUM-49-3,Implémenter en Python/numpy l’algorithme de décomposition PALU,0
specifier-1.1,Décrire les types de données en entrée et sortie de chaque composant,ANANUM-49-4,Implémenter LDL et Cholesky en python/numpy,0
specifier-1.1,Décrire les types de données en entrée et sortie de chaque composant,ANANUM-49-5,Implémenter efficacement en Python/numpy l’algorithme de décomposition QR,0
specifier-1.1,Décrire les types de données en entrée et sortie de chaque composant,ANANUM-49-6,Implémenter en Python/numpy un algorithme de méthode itérative,0
specifier-1.1,Décrire les types de données en entrée et sortie de chaque composant,ANANUM-49-7,Implémenter en python/numpy la décomposition valeurs propres/singulières,0
specifier-1.1,Décrire les types de données en entrée et sortie de chaque composant,,,0
specifier-1.2,Décomposer et organiser un processus,ANANUM-1-1,Retrouver les dimensions d’une matrice,0
specifier-1.2,Décomposer et organiser un processus,ANANUM-1-2,Identifier les différents type de matrice (structure et taille),0
specifier-1.2,Décomposer et organiser un processus,ANANUM-1-3,Identifier et connaître un problème des moindres carrés,0
specifier-1.2,Décomposer et organiser un processus,ANANUM-2-1,Retrouver le schema de résolution des moindres carrés avec la méthode du gradient,1
specifier-1.2,Décomposer et organiser un processus,ANANUM-3-1,Maitriser les opérations vectorielles (produit scalaire,0
specifier-1.2,Décomposer et organiser un processus,ANANUM-14-1,Etre capable de représenter un systèmes d’équation linéaire sous forme matricielle,0
specifier-1.2,Décomposer et organiser un processus,ANANUM-15-3,Connaitre les propriétés d’une matrice de Gauss,0
specifier-1.2,Décomposer et organiser un processus,ANANUM-15-4,Connaitre les propriétés d’une matrice de permutation,0
specifier-1.2,Décomposer et organiser un processus,ANANUM-15-5,Connaitre les propriétés d’une matrice définie positive,0
specifier-1.2,Décomposer et organiser un processus,ANANUM-15-6,Connaitre les propriétés d’une matrice orthogonale,0
specifier-1.2,Décomposer et organiser un processus,ANANUM-15-7,Connaitre les propriétés d’une matrice de Householder,0
specifier-1.2,Décomposer et organiser un processus,ANANUM-15-8,Connaitre les propriétés des normes matricielles et vectorielles,0
specifier-1.2,Décomposer et organiser un processus,ANANUM-15-9,Connaitre les propriétés de la décomposition valeurs propres,0
specifier-1.2,Décomposer et organiser un processus,ANANUM-15-10,Connaitre les propriétés de la décomposition valeurs singulières,0
specifier-1.2,Décomposer et organiser un processus,ANANUM-16-1,Connaitre les conditions d’applications de Cholesky et LDL,0
specifier-1.2,Décomposer et organiser un processus,ANANUM-16-2,Identifier les avantages/limites des méthodes décomposition,0
specifier-1.2,Décomposer et organiser un processus,ANANUM-16-3,Identifier les similitudes et différences entre Jacobi,0
specifier-1.2,Décomposer et organiser un processus,ANANUM-29-1,Etre capable d’implémenter un produit matriciel,0
specifier-1.2,Décomposer et organiser un processus,ANANUM-29-2,Etre capable d’implémenter un produit matriciel de différentes manières,0
specifier-1.2,Décomposer et organiser un processus,ANANUM-29-3,Connaitre les complexités des opérations vectorielles et matricielles,0
specifier-1.2,Décomposer et organiser un processus,ANANUM-29-4,Implémenter la résolution d’un systeme d’équation linéaire avec matrice diagonale,0
specifier-1.2,Décomposer et organiser un processus,ANANUM-29-5,Implémenter la résolution d’un systeme d’équation linéaire avec matrice triangulaire,0
specifier-1.2,Décomposer et organiser un processus,ANANUM-29-6,Retrouver l’algorithme de calcul de l’inverse d’une matrice triangulaire,0
specifier-1.2,Décomposer et organiser un processus,ANANUM-29-7,Retrouver les variantes (exterieur/recursive/trisup) de Cholesky,0
specifier-1.2,Décomposer et organiser un processus,ANANUM-29-8,Connaitre les complexités des la résolution de systeme d’équation triangulaires,0
specifier-1.2,Décomposer et organiser un processus,ANANUM-29-9,Retrouver le schema de résolution de Ax=b donné A=LU,0
specifier-1.2,Décomposer et organiser un processus,ANANUM-29-10,Calculer une matrice triangulaire supérieure en utilisant les matrices de Gauss,0
specifier-1.2,Décomposer et organiser un processus,ANANUM-29-11,Connaitre l’algorithme de décomposition PA=LU,0
specifier-1.2,Décomposer et organiser un processus,ANANUM-29-12,Retrouver le schema de résolution de Ax=b donné PA=LU,0
specifier-1.2,Décomposer et organiser un processus,ANANUM-29-13,Retrouver l’algorithme de décomposition A=LDL,0
specifier-1.2,Décomposer et organiser un processus,ANANUM-29-14,Retrouver l’algorithme de Cholesky,0
specifier-1.2,Décomposer et organiser un processus,ANANUM-29-16,Retrouver le schema de résolution des moindres carrés avec QR,0
specifier-1.2,Décomposer et organiser un processus,ANANUM-29-17,Retrouver l’algorithme de décomposition QR avec Householder,0
specifier-1.2,Décomposer et organiser un processus,ANANUM-29-18,Connaitre le principe des méthodes itératives,0
specifier-1.2,Décomposer et organiser un processus,ANANUM-29-19,Connaitre le principe de PageRank,0
specifier-1.2,Décomposer et organiser un processus,ANANUM-29-20,Calculer  une valeur propre en utilisant l’algorithme des puissances itérées,0
specifier-1.2,Décomposer et organiser un processus,ANANUM-29-21,Implémenter l’algorithme QR pour les valeurs propres,0
specifier-1.2,Décomposer et organiser un processus,ANANUM-29-22,Calculer les valeurs singulieres d’une matrice a partir des valeurs propres,0
specifier-1.2,Décomposer et organiser un processus,ANANUM-29-23,Implémenter l’algorithme de bidiagonisation pour le calcul de la SVD,0
specifier-1.2,Décomposer et organiser un processus,ANANUM-30-1,Estimer les valeurs propres avec les cercles de Gershgorin,0
specifier-1.2,Décomposer et organiser un processus,ANANUM-31-1,Appliquer les décompositions valeurs propres/singulières pour du débruitage d’images ( ??),0
specifier-1.2,Décomposer et organiser un processus,ANANUM-32-1,Exploiter les structures particulières de matrices,0
specifier-1.2,Décomposer et organiser un processus,ANANUM-32-2,Optimiser l’implémentation de la transformation de Gauss,0
specifier-1.2,Décomposer et organiser un processus,ANANUM-32-3,Optmisier l’approche QR pour les valeurs propres avec la forme tridiagonale,0
specifier-1.2,Décomposer et organiser un processus,ANANUM-49-1,Etre capable de coder en Python/numpy le produit matriciel,0
specifier-1.2,Décomposer et organiser un processus,ANANUM-49-2,Implémenter en Python/numpy l’algorithme de décomposition LU,0
specifier-1.2,Décomposer et organiser un processus,ANANUM-49-3,Implémenter en Python/numpy l’algorithme de décomposition PALU,0
specifier-1.2,Décomposer et organiser un processus,ANANUM-49-4,Implémenter LDL et Cholesky en python/numpy,0
specifier-1.2,Décomposer et organiser un processus,ANANUM-49-5,Implémenter efficacement en Python/numpy l’algorithme de décomposition QR,0
specifier-1.2,Décomposer et organiser un processus,ANANUM-49-6,Implémenter en Python/numpy un algorithme de méthode itérative,0
specifier-1.2,Décomposer et organiser un processus,ANANUM-49-7,Implémenter en python/numpy la décomposition valeurs propres/singulières,0
specifier-1.2,Décomposer et organiser un processus,,,0
specifier-1.3,Utiliser un langage formel,ANANUM-1-1,Retrouver les dimensions d’une matrice,0
specifier-1.3,Utiliser un langage formel,ANANUM-1-2,Identifier les différents type de matrice (structure et taille),0
specifier-1.3,Utiliser un langage formel,ANANUM-1-3,Identifier et connaître un problème des moindres carrés,0
specifier-1.3,Utiliser un langage formel,ANANUM-2-1,Retrouver le schema de résolution des moindres carrés avec la méthode du gradient,0
specifier-1.3,Utiliser un langage formel,ANANUM-3-1,Maitriser les opérations vectorielles (produit scalaire,1
specifier-1.3,Utiliser un langage formel,ANANUM-14-1,Etre capable de représenter un systèmes d’équation linéaire sous forme matricielle,0
specifier-1.3,Utiliser un langage formel,ANANUM-15-3,Connaitre les propriétés d’une matrice de Gauss,0
specifier-1.3,Utiliser un langage formel,ANANUM-15-4,Connaitre les propriétés d’une matrice de permutation,0
specifier-1.3,Utiliser un langage formel,ANANUM-15-5,Connaitre les propriétés d’une matrice définie positive,0
specifier-1.3,Utiliser un langage formel,ANANUM-15-6,Connaitre les propriétés d’une matrice orthogonale,0
specifier-1.3,Utiliser un langage formel,ANANUM-15-7,Connaitre les propriétés d’une matrice de Householder,0
specifier-1.3,Utiliser un langage formel,ANANUM-15-8,Connaitre les propriétés des normes matricielles et vectorielles,0
specifier-1.3,Utiliser un langage formel,ANANUM-15-9,Connaitre les propriétés de la décomposition valeurs propres,0
specifier-1.3,Utiliser un langage formel,ANANUM-15-10,Connaitre les propriétés de la décomposition valeurs singulières,0
specifier-1.3,Utiliser un langage formel,ANANUM-16-1,Connaitre les conditions d’applications de Cholesky et LDL,0
specifier-1.3,Utiliser un langage formel,ANANUM-16-2,Identifier les avantages/limites des méthodes décomposition,0
specifier-1.3,Utiliser un langage formel,ANANUM-16-3,Identifier les similitudes et différences entre Jacobi,0
specifier-1.3,Utiliser un langage formel,ANANUM-29-1,Etre capable d’implémenter un produit matriciel,0
specifier-1.3,Utiliser un langage formel,ANANUM-29-2,Etre capable d’implémenter un produit matriciel de différentes manières,0
specifier-1.3,Utiliser un langage formel,ANANUM-29-3,Connaitre les complexités des opérations vectorielles et matricielles,0
specifier-1.3,Utiliser un langage formel,ANANUM-29-4,Implémenter la résolution d’un systeme d’équation linéaire avec matrice diagonale,0
specifier-1.3,Utiliser un langage formel,ANANUM-29-5,Implémenter la résolution d’un systeme d’équation linéaire avec matrice triangulaire,0
specifier-1.3,Utiliser un langage formel,ANANUM-29-6,Retrouver l’algorithme de calcul de l’inverse d’une matrice triangulaire,0
specifier-1.3,Utiliser un langage formel,ANANUM-29-7,Retrouver les variantes (exterieur/recursive/trisup) de Cholesky,0
specifier-1.3,Utiliser un langage formel,ANANUM-29-8,Connaitre les complexités des la résolution de systeme d’équation triangulaires,0
specifier-1.3,Utiliser un langage formel,ANANUM-29-9,Retrouver le schema de résolution de Ax=b donné A=LU,0
specifier-1.3,Utiliser un langage formel,ANANUM-29-10,Calculer une matrice triangulaire supérieure en utilisant les matrices de Gauss,0
specifier-1.3,Utiliser un langage formel,ANANUM-29-11,Connaitre l’algorithme de décomposition PA=LU,0
specifier-1.3,Utiliser un langage formel,ANANUM-29-12,Retrouver le schema de résolution de Ax=b donné PA=LU,0
specifier-1.3,Utiliser un langage formel,ANANUM-29-13,Retrouver l’algorithme de décomposition A=LDL,0
specifier-1.3,Utiliser un langage formel,ANANUM-29-14,Retrouver l’algorithme de Cholesky,0
specifier-1.3,Utiliser un langage formel,ANANUM-29-16,Retrouver le schema de résolution des moindres carrés avec QR,0
specifier-1.3,Utiliser un langage formel,ANANUM-29-17,Retrouver l’algorithme de décomposition QR avec Householder,0
specifier-1.3,Utiliser un langage formel,ANANUM-29-18,Connaitre le principe des méthodes itératives,0
specifier-1.3,Utiliser un langage formel,ANANUM-29-19,Connaitre le principe de PageRank,0
specifier-1.3,Utiliser un langage formel,ANANUM-29-20,Calculer  une valeur propre en utilisant l’algorithme des puissances itérées,0
specifier-1.3,Utiliser un langage formel,ANANUM-29-21,Implémenter l’algorithme QR pour les valeurs propres,0
specifier-1.3,Utiliser un langage formel,ANANUM-29-22,Calculer les valeurs singulieres d’une matrice a partir des valeurs propres,0
specifier-1.3,Utiliser un langage formel,ANANUM-29-23,Implémenter l’algorithme de bidiagonisation pour le calcul de la SVD,0
specifier-1.3,Utiliser un langage formel,ANANUM-30-1,Estimer les valeurs propres avec les cercles de Gershgorin,0
specifier-1.3,Utiliser un langage formel,ANANUM-31-1,Appliquer les décompositions valeurs propres/singulières pour du débruitage d’images ( ??),0
specifier-1.3,Utiliser un langage formel,ANANUM-32-1,Exploiter les structures particulières de matrices,0
specifier-1.3,Utiliser un langage formel,ANANUM-32-2,Optimiser l’implémentation de la transformation de Gauss,0
specifier-1.3,Utiliser un langage formel,ANANUM-32-3,Optmisier l’approche QR pour les valeurs propres avec la forme tridiagonale,0
specifier-1.3,Utiliser un langage formel,ANANUM-49-1,Etre capable de coder en Python/numpy le produit matriciel,0
specifier-1.3,Utiliser un langage formel,ANANUM-49-2,Implémenter en Python/numpy l’algorithme de décomposition LU,0
specifier-1.3,Utiliser un langage formel,ANANUM-49-3,Implémenter en Python/numpy l’algorithme de décomposition PALU,0
specifier-1.3,Utiliser un langage formel,ANANUM-49-4,Implémenter LDL et Cholesky en python/numpy,0
specifier-1.3,Utiliser un langage formel,ANANUM-49-5,Implémenter efficacement en Python/numpy l’algorithme de décomposition QR,0
specifier-1.3,Utiliser un langage formel,ANANUM-49-6,Implémenter en Python/numpy un algorithme de méthode itérative,0
specifier-1.3,Utiliser un langage formel,ANANUM-49-7,Implémenter en python/numpy la décomposition valeurs propres/singulières,0
specifier-1.3,Utiliser un langage formel,,,0
specifier-2.1,Analyser la demande,ANANUM-1-1,Retrouver les dimensions d’une matrice,0
specifier-2.1,Analyser la demande,ANANUM-1-2,Identifier les différents type de matrice (structure et taille),0
specifier-2.1,Analyser la demande,ANANUM-1-3,Identifier et connaître un problème des moindres carrés,0
specifier-2.1,Analyser la demande,ANANUM-2-1,Retrouver le schema de résolution des moindres carrés avec la méthode du gradient,0
specifier-2.1,Analyser la demande,ANANUM-3-1,Maitriser les opérations vectorielles (produit scalaire,0
specifier-2.1,Analyser la demande,ANANUM-14-1,Etre capable de représenter un systèmes d’équation linéaire sous forme matricielle,0
specifier-2.1,Analyser la demande,ANANUM-15-3,Connaitre les propriétés d’une matrice de Gauss,0
specifier-2.1,Analyser la demande,ANANUM-15-4,Connaitre les propriétés d’une matrice de permutation,0
specifier-2.1,Analyser la demande,ANANUM-15-5,Connaitre les propriétés d’une matrice définie positive,0
specifier-2.1,Analyser la demande,ANANUM-15-6,Connaitre les propriétés d’une matrice orthogonale,0
specifier-2.1,Analyser la demande,ANANUM-15-7,Connaitre les propriétés d’une matrice de Householder,0
specifier-2.1,Analyser la demande,ANANUM-15-8,Connaitre les propriétés des normes matricielles et vectorielles,0
specifier-2.1,Analyser la demande,ANANUM-15-9,Connaitre les propriétés de la décomposition valeurs propres,0
specifier-2.1,Analyser la demande,ANANUM-15-10,Connaitre les propriétés de la décomposition valeurs singulières,0
specifier-2.1,Analyser la demande,ANANUM-16-1,Connaitre les conditions d’applications de Cholesky et LDL,0
specifier-2.1,Analyser la demande,ANANUM-16-2,Identifier les avantages/limites des méthodes décomposition,0
specifier-2.1,Analyser la demande,ANANUM-16-3,Identifier les similitudes et différences entre Jacobi,0
specifier-2.1,Analyser la demande,ANANUM-29-1,Etre capable d’implémenter un produit matriciel,0
specifier-2.1,Analyser la demande,ANANUM-29-2,Etre capable d’implémenter un produit matriciel de différentes manières,0
specifier-2.1,Analyser la demande,ANANUM-29-3,Connaitre les complexités des opérations vectorielles et matricielles,0
specifier-2.1,Analyser la demande,ANANUM-29-4,Implémenter la résolution d’un systeme d’équation linéaire avec matrice diagonale,0
specifier-2.1,Analyser la demande,ANANUM-29-5,Implémenter la résolution d’un systeme d’équation linéaire avec matrice triangulaire,0
specifier-2.1,Analyser la demande,ANANUM-29-6,Retrouver l’algorithme de calcul de l’inverse d’une matrice triangulaire,0
specifier-2.1,Analyser la demande,ANANUM-29-7,Retrouver les variantes (exterieur/recursive/trisup) de Cholesky,0
specifier-2.1,Analyser la demande,ANANUM-29-8,Connaitre les complexités des la résolution de systeme d’équation triangulaires,0
specifier-2.1,Analyser la demande,ANANUM-29-9,Retrouver le schema de résolution de Ax=b donné A=LU,0
specifier-2.1,Analyser la demande,ANANUM-29-10,Calculer une matrice triangulaire supérieure en utilisant les matrices de Gauss,0
specifier-2.1,Analyser la demande,ANANUM-29-11,Connaitre l’algorithme de décomposition PA=LU,0
specifier-2.1,Analyser la demande,ANANUM-29-12,Retrouver le schema de résolution de Ax=b donné PA=LU,0
specifier-2.1,Analyser la demande,ANANUM-29-13,Retrouver l’algorithme de décomposition A=LDL,0
specifier-2.1,Analyser la demande,ANANUM-29-14,Retrouver l’algorithme de Cholesky,0
specifier-2.1,Analyser la demande,ANANUM-29-16,Retrouver le schema de résolution des moindres carrés avec QR,0
specifier-2.1,Analyser la demande,ANANUM-29-17,Retrouver l’algorithme de décomposition QR avec Householder,0
specifier-2.1,Analyser la demande,ANANUM-29-18,Connaitre le principe des méthodes itératives,0
specifier-2.1,Analyser la demande,ANANUM-29-19,Connaitre le principe de PageRank,0
specifier-2.1,Analyser la demande,ANANUM-29-20,Calculer  une valeur propre en utilisant l’algorithme des puissances itérées,0
specifier-2.1,Analyser la demande,ANANUM-29-21,Implémenter l’algorithme QR pour les valeurs propres,0
specifier-2.1,Analyser la demande,ANANUM-29-22,Calculer les valeurs singulieres d’une matrice a partir des valeurs propres,0
specifier-2.1,Analyser la demande,ANANUM-29-23,Implémenter l’algorithme de bidiagonisation pour le calcul de la SVD,0
specifier-2.1,Analyser la demande,ANANUM-30-1,Estimer les valeurs propres avec les cercles de Gershgorin,0
specifier-2.1,Analyser la demande,ANANUM-31-1,Appliquer les décompositions valeurs propres/singulières pour du débruitage d’images ( ??),0
specifier-2.1,Analyser la demande,ANANUM-32-1,Exploiter les structures particulières de matrices,0
specifier-2.1,Analyser la demande,ANANUM-32-2,Optimiser l’implémentation de la transformation de Gauss,0
specifier-2.1,Analyser la demande,ANANUM-32-3,Optmisier l’approche QR pour les valeurs propres avec la forme tridiagonale,0
specifier-2.1,Analyser la demande,ANANUM-49-1,Etre capable de coder en Python/numpy le produit matriciel,0
specifier-2.1,Analyser la demande,ANANUM-49-2,Implémenter en Python/numpy l’algorithme de décomposition LU,0
specifier-2.1,Analyser la demande,ANANUM-49-3,Implémenter en Python/numpy l’algorithme de décomposition PALU,0
specifier-2.1,Analyser la demande,ANANUM-49-4,Implémenter LDL et Cholesky en python/numpy,0
specifier-2.1,Analyser la demande,ANANUM-49-5,Implémenter efficacement en Python/numpy l’algorithme de décomposition QR,0
specifier-2.1,Analyser la demande,ANANUM-49-6,Implémenter en Python/numpy un algorithme de méthode itérative,0
specifier-2.1,Analyser la demande,ANANUM-49-7,Implémenter en python/numpy la décomposition valeurs propres/singulières,0
specifier-2.1,Analyser la demande,,,0
specifier-2.2,Définir des cas d’utilisation,ANANUM-1-1,Retrouver les dimensions d’une matrice,0
specifier-2.2,Définir des cas d’utilisation,ANANUM-1-2,Identifier les différents type de matrice (structure et taille),0
specifier-2.2,Définir des cas d’utilisation,ANANUM-1-3,Identifier et connaître un problème des moindres carrés,0
specifier-2.2,Définir des cas d’utilisation,ANANUM-2-1,Retrouver le schema de résolution des moindres carrés avec la méthode du gradient,0
specifier-2.2,Définir des cas d’utilisation,ANANUM-3-1,Maitriser les opérations vectorielles (produit scalaire,0
specifier-2.2,Définir des cas d’utilisation,ANANUM-14-1,Etre capable de représenter un systèmes d’équation linéaire sous forme matricielle,0
specifier-2.2,Définir des cas d’utilisation,ANANUM-15-3,Connaitre les propriétés d’une matrice de Gauss,0
specifier-2.2,Définir des cas d’utilisation,ANANUM-15-4,Connaitre les propriétés d’une matrice de permutation,0
specifier-2.2,Définir des cas d’utilisation,ANANUM-15-5,Connaitre les propriétés d’une matrice définie positive,0
specifier-2.2,Définir des cas d’utilisation,ANANUM-15-6,Connaitre les propriétés d’une matrice orthogonale,0
specifier-2.2,Définir des cas d’utilisation,ANANUM-15-7,Connaitre les propriétés d’une matrice de Householder,0
specifier-2.2,Définir des cas d’utilisation,ANANUM-15-8,Connaitre les propriétés des normes matricielles et vectorielles,0
specifier-2.2,Définir des cas d’utilisation,ANANUM-15-9,Connaitre les propriétés de la décomposition valeurs propres,0
specifier-2.2,Définir des cas d’utilisation,ANANUM-15-10,Connaitre les propriétés de la décomposition valeurs singulières,0
specifier-2.2,Définir des cas d’utilisation,ANANUM-16-1,Connaitre les conditions d’applications de Cholesky et LDL,0
specifier-2.2,Définir des cas d’utilisation,ANANUM-16-2,Identifier les avantages/limites des méthodes décomposition,0
specifier-2.2,Définir des cas d’utilisation,ANANUM-16-3,Identifier les similitudes et différences entre Jacobi,0
specifier-2.2,Définir des cas d’utilisation,ANANUM-29-1,Etre capable d’implémenter un produit matriciel,0
specifier-2.2,Définir des cas d’utilisation,ANANUM-29-2,Etre capable d’implémenter un produit matriciel de différentes manières,0
specifier-2.2,Définir des cas d’utilisation,ANANUM-29-3,Connaitre les complexités des opérations vectorielles et matricielles,0
specifier-2.2,Définir des cas d’utilisation,ANANUM-29-4,Implémenter la résolution d’un systeme d’équation linéaire avec matrice diagonale,0
specifier-2.2,Définir des cas d’utilisation,ANANUM-29-5,Implémenter la résolution d’un systeme d’équation linéaire avec matrice triangulaire,0
specifier-2.2,Définir des cas d’utilisation,ANANUM-29-6,Retrouver l’algorithme de calcul de l’inverse d’une matrice triangulaire,0
specifier-2.2,Définir des cas d’utilisation,ANANUM-29-7,Retrouver les variantes (exterieur/recursive/trisup) de Cholesky,0
specifier-2.2,Définir des cas d’utilisation,ANANUM-29-8,Connaitre les complexités des la résolution de systeme d’équation triangulaires,0
specifier-2.2,Définir des cas d’utilisation,ANANUM-29-9,Retrouver le schema de résolution de Ax=b donné A=LU,0
specifier-2.2,Définir des cas d’utilisation,ANANUM-29-10,Calculer une matrice triangulaire supérieure en utilisant les matrices de Gauss,0
specifier-2.2,Définir des cas d’utilisation,ANANUM-29-11,Connaitre l’algorithme de décomposition PA=LU,0
specifier-2.2,Définir des cas d’utilisation,ANANUM-29-12,Retrouver le schema de résolution de Ax=b donné PA=LU,0
specifier-2.2,Définir des cas d’utilisation,ANANUM-29-13,Retrouver l’algorithme de décomposition A=LDL,0
specifier-2.2,Définir des cas d’utilisation,ANANUM-29-14,Retrouver l’algorithme de Cholesky,0
specifier-2.2,Définir des cas d’utilisation,ANANUM-29-16,Retrouver le schema de résolution des moindres carrés avec QR,0
specifier-2.2,Définir des cas d’utilisation,ANANUM-29-17,Retrouver l’algorithme de décomposition QR avec Householder,0
specifier-2.2,Définir des cas d’utilisation,ANANUM-29-18,Connaitre le principe des méthodes itératives,0
specifier-2.2,Définir des cas d’utilisation,ANANUM-29-19,Connaitre le principe de PageRank,0
specifier-2.2,Définir des cas d’utilisation,ANANUM-29-20,Calculer  une valeur propre en utilisant l’algorithme des puissances itérées,0
specifier-2.2,Définir des cas d’utilisation,ANANUM-29-21,Implémenter l’algorithme QR pour les valeurs propres,0
specifier-2.2,Définir des cas d’utilisation,ANANUM-29-22,Calculer les valeurs singulieres d’une matrice a partir des valeurs propres,0
specifier-2.2,Définir des cas d’utilisation,ANANUM-29-23,Implémenter l’algorithme de bidiagonisation pour le calcul de la SVD,0
specifier-2.2,Définir des cas d’utilisation,ANANUM-30-1,Estimer les valeurs propres avec les cercles de Gershgorin,0
specifier-2.2,Définir des cas d’utilisation,ANANUM-31-1,Appliquer les décompositions valeurs propres/singulières pour du débruitage d’images ( ??),0
specifier-2.2,Définir des cas d’utilisation,ANANUM-32-1,Exploiter les structures particulières de matrices,0
specifier-2.2,Définir des cas d’utilisation,ANANUM-32-2,Optimiser l’implémentation de la transformation de Gauss,0
specifier-2.2,Définir des cas d’utilisation,ANANUM-32-3,Optmisier l’approche QR pour les valeurs propres avec la forme tridiagonale,0
specifier-2.2,Définir des cas d’utilisation,ANANUM-49-1,Etre capable de coder en Python/numpy le produit matriciel,0
specifier-2.2,Définir des cas d’utilisation,ANANUM-49-2,Implémenter en Python/numpy l’algorithme de décomposition LU,0
specifier-2.2,Définir des cas d’utilisation,ANANUM-49-3,Implémenter en Python/numpy l’algorithme de décomposition PALU,0
specifier-2.2,Définir des cas d’utilisation,ANANUM-49-4,Implémenter LDL et Cholesky en python/numpy,0
specifier-2.2,Définir des cas d’utilisation,ANANUM-49-5,Implémenter efficacement en Python/numpy l’algorithme de décomposition QR,0
specifier-2.2,Définir des cas d’utilisation,ANANUM-49-6,Implémenter en Python/numpy un algorithme de méthode itérative,0
specifier-2.2,Définir des cas d’utilisation,ANANUM-49-7,Implémenter en python/numpy la décomposition valeurs propres/singulières,0
specifier-2.2,Définir des cas d’utilisation,,,0
specifier-2.3,Caractériser l’utilisation des données au regard du RGPD,ANANUM-1-1,Retrouver les dimensions d’une matrice,0
specifier-2.3,Caractériser l’utilisation des données au regard du RGPD,ANANUM-1-2,Identifier les différents type de matrice (structure et taille),0
specifier-2.3,Caractériser l’utilisation des données au regard du RGPD,ANANUM-1-3,Identifier et connaître un problème des moindres carrés,0
specifier-2.3,Caractériser l’utilisation des données au regard du RGPD,ANANUM-2-1,Retrouver le schema de résolution des moindres carrés avec la méthode du gradient,0
specifier-2.3,Caractériser l’utilisation des données au regard du RGPD,ANANUM-3-1,Maitriser les opérations vectorielles (produit scalaire,0
specifier-2.3,Caractériser l’utilisation des données au regard du RGPD,ANANUM-14-1,Etre capable de représenter un systèmes d’équation linéaire sous forme matricielle,0
specifier-2.3,Caractériser l’utilisation des données au regard du RGPD,ANANUM-15-3,Connaitre les propriétés d’une matrice de Gauss,0
specifier-2.3,Caractériser l’utilisation des données au regard du RGPD,ANANUM-15-4,Connaitre les propriétés d’une matrice de permutation,0
specifier-2.3,Caractériser l’utilisation des données au regard du RGPD,ANANUM-15-5,Connaitre les propriétés d’une matrice définie positive,0
specifier-2.3,Caractériser l’utilisation des données au regard du RGPD,ANANUM-15-6,Connaitre les propriétés d’une matrice orthogonale,0
specifier-2.3,Caractériser l’utilisation des données au regard du RGPD,ANANUM-15-7,Connaitre les propriétés d’une matrice de Householder,0
specifier-2.3,Caractériser l’utilisation des données au regard du RGPD,ANANUM-15-8,Connaitre les propriétés des normes matricielles et vectorielles,0
specifier-2.3,Caractériser l’utilisation des données au regard du RGPD,ANANUM-15-9,Connaitre les propriétés de la décomposition valeurs propres,0
specifier-2.3,Caractériser l’utilisation des données au regard du RGPD,ANANUM-15-10,Connaitre les propriétés de la décomposition valeurs singulières,0
specifier-2.3,Caractériser l’utilisation des données au regard du RGPD,ANANUM-16-1,Connaitre les conditions d’applications de Cholesky et LDL,0
specifier-2.3,Caractériser l’utilisation des données au regard du RGPD,ANANUM-16-2,Identifier les avantages/limites des méthodes décomposition,0
specifier-2.3,Caractériser l’utilisation des données au regard du RGPD,ANANUM-16-3,Identifier les similitudes et différences entre Jacobi,0
specifier-2.3,Caractériser l’utilisation des données au regard du RGPD,ANANUM-29-1,Etre capable d’implémenter un produit matriciel,0
specifier-2.3,Caractériser l’utilisation des données au regard du RGPD,ANANUM-29-2,Etre capable d’implémenter un produit matriciel de différentes manières,0
specifier-2.3,Caractériser l’utilisation des données au regard du RGPD,ANANUM-29-3,Connaitre les complexités des opérations vectorielles et matricielles,0
specifier-2.3,Caractériser l’utilisation des données au regard du RGPD,ANANUM-29-4,Implémenter la résolution d’un systeme d’équation linéaire avec matrice diagonale,0
specifier-2.3,Caractériser l’utilisation des données au regard du RGPD,ANANUM-29-5,Implémenter la résolution d’un systeme d’équation linéaire avec matrice triangulaire,0
specifier-2.3,Caractériser l’utilisation des données au regard du RGPD,ANANUM-29-6,Retrouver l’algorithme de calcul de l’inverse d’une matrice triangulaire,0
specifier-2.3,Caractériser l’utilisation des données au regard du RGPD,ANANUM-29-7,Retrouver les variantes (exterieur/recursive/trisup) de Cholesky,0
specifier-2.3,Caractériser l’utilisation des données au regard du RGPD,ANANUM-29-8,Connaitre les complexités des la résolution de systeme d’équation triangulaires,0
specifier-2.3,Caractériser l’utilisation des données au regard du RGPD,ANANUM-29-9,Retrouver le schema de résolution de Ax=b donné A=LU,0
specifier-2.3,Caractériser l’utilisation des données au regard du RGPD,ANANUM-29-10,Calculer une matrice triangulaire supérieure en utilisant les matrices de Gauss,0
specifier-2.3,Caractériser l’utilisation des données au regard du RGPD,ANANUM-29-11,Connaitre l’algorithme de décomposition PA=LU,0
specifier-2.3,Caractériser l’utilisation des données au regard du RGPD,ANANUM-29-12,Retrouver le schema de résolution de Ax=b donné PA=LU,0
specifier-2.3,Caractériser l’utilisation des données au regard du RGPD,ANANUM-29-13,Retrouver l’algorithme de décomposition A=LDL,0
specifier-2.3,Caractériser l’utilisation des données au regard du RGPD,ANANUM-29-14,Retrouver l’algorithme de Cholesky,0
specifier-2.3,Caractériser l’utilisation des données au regard du RGPD,ANANUM-29-16,Retrouver le schema de résolution des moindres carrés avec QR,0
specifier-2.3,Caractériser l’utilisation des données au regard du RGPD,ANANUM-29-17,Retrouver l’algorithme de décomposition QR avec Householder,0
specifier-2.3,Caractériser l’utilisation des données au regard du RGPD,ANANUM-29-18,Connaitre le principe des méthodes itératives,0
specifier-2.3,Caractériser l’utilisation des données au regard du RGPD,ANANUM-29-19,Connaitre le principe de PageRank,0
specifier-2.3,Caractériser l’utilisation des données au regard du RGPD,ANANUM-29-20,Calculer  une valeur propre en utilisant l’algorithme des puissances itérées,0
specifier-2.3,Caractériser l’utilisation des données au regard du RGPD,ANANUM-29-21,Implémenter l’algorithme QR pour les valeurs propres,0
specifier-2.3,Caractériser l’utilisation des données au regard du RGPD,ANANUM-29-22,Calculer les valeurs singulieres d’une matrice a partir des valeurs propres,0
specifier-2.3,Caractériser l’utilisation des données au regard du RGPD,ANANUM-29-23,Implémenter l’algorithme de bidiagonisation pour le calcul de la SVD,0
specifier-2.3,Caractériser l’utilisation des données au regard du RGPD,ANANUM-30-1,Estimer les valeurs propres avec les cercles de Gershgorin,0
specifier-2.3,Caractériser l’utilisation des données au regard du RGPD,ANANUM-31-1,Appliquer les décompositions valeurs propres/singulières pour du débruitage d’images ( ??),0
specifier-2.3,Caractériser l’utilisation des données au regard du RGPD,ANANUM-32-1,Exploiter les structures particulières de matrices,0
specifier-2.3,Caractériser l’utilisation des données au regard du RGPD,ANANUM-32-2,Optimiser l’implémentation de la transformation de Gauss,0
specifier-2.3,Caractériser l’utilisation des données au regard du RGPD,ANANUM-32-3,Optmisier l’approche QR pour les valeurs propres avec la forme tridiagonale,0
specifier-2.3,Caractériser l’utilisation des données au regard du RGPD,ANANUM-49-1,Etre capable de coder en Python/numpy le produit matriciel,0
specifier-2.3,Caractériser l’utilisation des données au regard du RGPD,ANANUM-49-2,Implémenter en Python/numpy l’algorithme de décomposition LU,0
specifier-2.3,Caractériser l’utilisation des données au regard du RGPD,ANANUM-49-3,Implémenter en Python/numpy l’algorithme de décomposition PALU,0
specifier-2.3,Caractériser l’utilisation des données au regard du RGPD,ANANUM-49-4,Implémenter LDL et Cholesky en python/numpy,0
specifier-2.3,Caractériser l’utilisation des données au regard du RGPD,ANANUM-49-5,Implémenter efficacement en Python/numpy l’algorithme de décomposition QR,0
specifier-2.3,Caractériser l’utilisation des données au regard du RGPD,ANANUM-49-6,Implémenter en Python/numpy un algorithme de méthode itérative,0
specifier-2.3,Caractériser l’utilisation des données au regard du RGPD,ANANUM-49-7,Implémenter en python/numpy la décomposition valeurs propres/singulières,0
specifier-2.3,Caractériser l’utilisation des données au regard du RGPD,,,0
specifier-3.1,Discriminer et hiérarchiser les demandes,ANANUM-1-1,Retrouver les dimensions d’une matrice,0
specifier-3.1,Discriminer et hiérarchiser les demandes,ANANUM-1-2,Identifier les différents type de matrice (structure et taille),0
specifier-3.1,Discriminer et hiérarchiser les demandes,ANANUM-1-3,Identifier et connaître un problème des moindres carrés,0
specifier-3.1,Discriminer et hiérarchiser les demandes,ANANUM-2-1,Retrouver le schema de résolution des moindres carrés avec la méthode du gradient,0
specifier-3.1,Discriminer et hiérarchiser les demandes,ANANUM-3-1,Maitriser les opérations vectorielles (produit scalaire,0
specifier-3.1,Discriminer et hiérarchiser les demandes,ANANUM-14-1,Etre capable de représenter un systèmes d’équation linéaire sous forme matricielle,0
specifier-3.1,Discriminer et hiérarchiser les demandes,ANANUM-15-3,Connaitre les propriétés d’une matrice de Gauss,0
specifier-3.1,Discriminer et hiérarchiser les demandes,ANANUM-15-4,Connaitre les propriétés d’une matrice de permutation,0
specifier-3.1,Discriminer et hiérarchiser les demandes,ANANUM-15-5,Connaitre les propriétés d’une matrice définie positive,0
specifier-3.1,Discriminer et hiérarchiser les demandes,ANANUM-15-6,Connaitre les propriétés d’une matrice orthogonale,0
specifier-3.1,Discriminer et hiérarchiser les demandes,ANANUM-15-7,Connaitre les propriétés d’une matrice de Householder,0
specifier-3.1,Discriminer et hiérarchiser les demandes,ANANUM-15-8,Connaitre les propriétés des normes matricielles et vectorielles,0
specifier-3.1,Discriminer et hiérarchiser les demandes,ANANUM-15-9,Connaitre les propriétés de la décomposition valeurs propres,0
specifier-3.1,Discriminer et hiérarchiser les demandes,ANANUM-15-10,Connaitre les propriétés de la décomposition valeurs singulières,0
specifier-3.1,Discriminer et hiérarchiser les demandes,ANANUM-16-1,Connaitre les conditions d’applications de Cholesky et LDL,0
specifier-3.1,Discriminer et hiérarchiser les demandes,ANANUM-16-2,Identifier les avantages/limites des méthodes décomposition,0
specifier-3.1,Discriminer et hiérarchiser les demandes,ANANUM-16-3,Identifier les similitudes et différences entre Jacobi,0
specifier-3.1,Discriminer et hiérarchiser les demandes,ANANUM-29-1,Etre capable d’implémenter un produit matriciel,0
specifier-3.1,Discriminer et hiérarchiser les demandes,ANANUM-29-2,Etre capable d’implémenter un produit matriciel de différentes manières,0
specifier-3.1,Discriminer et hiérarchiser les demandes,ANANUM-29-3,Connaitre les complexités des opérations vectorielles et matricielles,0
specifier-3.1,Discriminer et hiérarchiser les demandes,ANANUM-29-4,Implémenter la résolution d’un systeme d’équation linéaire avec matrice diagonale,0
specifier-3.1,Discriminer et hiérarchiser les demandes,ANANUM-29-5,Implémenter la résolution d’un systeme d’équation linéaire avec matrice triangulaire,0
specifier-3.1,Discriminer et hiérarchiser les demandes,ANANUM-29-6,Retrouver l’algorithme de calcul de l’inverse d’une matrice triangulaire,0
specifier-3.1,Discriminer et hiérarchiser les demandes,ANANUM-29-7,Retrouver les variantes (exterieur/recursive/trisup) de Cholesky,0
specifier-3.1,Discriminer et hiérarchiser les demandes,ANANUM-29-8,Connaitre les complexités des la résolution de systeme d’équation triangulaires,0
specifier-3.1,Discriminer et hiérarchiser les demandes,ANANUM-29-9,Retrouver le schema de résolution de Ax=b donné A=LU,0
specifier-3.1,Discriminer et hiérarchiser les demandes,ANANUM-29-10,Calculer une matrice triangulaire supérieure en utilisant les matrices de Gauss,0
specifier-3.1,Discriminer et hiérarchiser les demandes,ANANUM-29-11,Connaitre l’algorithme de décomposition PA=LU,0
specifier-3.1,Discriminer et hiérarchiser les demandes,ANANUM-29-12,Retrouver le schema de résolution de Ax=b donné PA=LU,0
specifier-3.1,Discriminer et hiérarchiser les demandes,ANANUM-29-13,Retrouver l’algorithme de décomposition A=LDL,0
specifier-3.1,Discriminer et hiérarchiser les demandes,ANANUM-29-14,Retrouver l’algorithme de Cholesky,0
specifier-3.1,Discriminer et hiérarchiser les demandes,ANANUM-29-16,Retrouver le schema de résolution des moindres carrés avec QR,0
specifier-3.1,Discriminer et hiérarchiser les demandes,ANANUM-29-17,Retrouver l’algorithme de décomposition QR avec Householder,0
specifier-3.1,Discriminer et hiérarchiser les demandes,ANANUM-29-18,Connaitre le principe des méthodes itératives,0
specifier-3.1,Discriminer et hiérarchiser les demandes,ANANUM-29-19,Connaitre le principe de PageRank,0
specifier-3.1,Discriminer et hiérarchiser les demandes,ANANUM-29-20,Calculer  une valeur propre en utilisant l’algorithme des puissances itérées,0
specifier-3.1,Discriminer et hiérarchiser les demandes,ANANUM-29-21,Implémenter l’algorithme QR pour les valeurs propres,0
specifier-3.1,Discriminer et hiérarchiser les demandes,ANANUM-29-22,Calculer les valeurs singulieres d’une matrice a partir des valeurs propres,0
specifier-3.1,Discriminer et hiérarchiser les demandes,ANANUM-29-23,Implémenter l’algorithme de bidiagonisation pour le calcul de la SVD,0
specifier-3.1,Discriminer et hiérarchiser les demandes,ANANUM-30-1,Estimer les valeurs propres avec les cercles de Gershgorin,0
specifier-3.1,Discriminer et hiérarchiser les demandes,ANANUM-31-1,Appliquer les décompositions valeurs propres/singulières pour du débruitage d’images ( ??),0
specifier-3.1,Discriminer et hiérarchiser les demandes,ANANUM-32-1,Exploiter les structures particulières de matrices,0
specifier-3.1,Discriminer et hiérarchiser les demandes,ANANUM-32-2,Optimiser l’implémentation de la transformation de Gauss,0
specifier-3.1,Discriminer et hiérarchiser les demandes,ANANUM-32-3,Optmisier l’approche QR pour les valeurs propres avec la forme tridiagonale,0
specifier-3.1,Discriminer et hiérarchiser les demandes,ANANUM-49-1,Etre capable de coder en Python/numpy le produit matriciel,0
specifier-3.1,Discriminer et hiérarchiser les demandes,ANANUM-49-2,Implémenter en Python/numpy l’algorithme de décomposition LU,0
specifier-3.1,Discriminer et hiérarchiser les demandes,ANANUM-49-3,Implémenter en Python/numpy l’algorithme de décomposition PALU,0
specifier-3.1,Discriminer et hiérarchiser les demandes,ANANUM-49-4,Implémenter LDL et Cholesky en python/numpy,0
specifier-3.1,Discriminer et hiérarchiser les demandes,ANANUM-49-5,Implémenter efficacement en Python/numpy l’algorithme de décomposition QR,0
specifier-3.1,Discriminer et hiérarchiser les demandes,ANANUM-49-6,Implémenter en Python/numpy un algorithme de méthode itérative,0
specifier-3.1,Discriminer et hiérarchiser les demandes,ANANUM-49-7,Implémenter en python/numpy la décomposition valeurs propres/singulières,0
specifier-3.1,Discriminer et hiérarchiser les demandes,,,0
specifier-3.2,Définir la recette,ANANUM-1-1,Retrouver les dimensions d’une matrice,0
specifier-3.2,Définir la recette,ANANUM-1-2,Identifier les différents type de matrice (structure et taille),0
specifier-3.2,Définir la recette,ANANUM-1-3,Identifier et connaître un problème des moindres carrés,0
specifier-3.2,Définir la recette,ANANUM-2-1,Retrouver le schema de résolution des moindres carrés avec la méthode du gradient,0
specifier-3.2,Définir la recette,ANANUM-3-1,Maitriser les opérations vectorielles (produit scalaire,0
specifier-3.2,Définir la recette,ANANUM-14-1,Etre capable de représenter un systèmes d’équation linéaire sous forme matricielle,0
specifier-3.2,Définir la recette,ANANUM-15-3,Connaitre les propriétés d’une matrice de Gauss,0
specifier-3.2,Définir la recette,ANANUM-15-4,Connaitre les propriétés d’une matrice de permutation,0
specifier-3.2,Définir la recette,ANANUM-15-5,Connaitre les propriétés d’une matrice définie positive,0
specifier-3.2,Définir la recette,ANANUM-15-6,Connaitre les propriétés d’une matrice orthogonale,0
specifier-3.2,Définir la recette,ANANUM-15-7,Connaitre les propriétés d’une matrice de Householder,0
specifier-3.2,Définir la recette,ANANUM-15-8,Connaitre les propriétés des normes matricielles et vectorielles,0
specifier-3.2,Définir la recette,ANANUM-15-9,Connaitre les propriétés de la décomposition valeurs propres,0
specifier-3.2,Définir la recette,ANANUM-15-10,Connaitre les propriétés de la décomposition valeurs singulières,0
specifier-3.2,Définir la recette,ANANUM-16-1,Connaitre les conditions d’applications de Cholesky et LDL,0
specifier-3.2,Définir la recette,ANANUM-16-2,Identifier les avantages/limites des méthodes décomposition,0
specifier-3.2,Définir la recette,ANANUM-16-3,Identifier les similitudes et différences entre Jacobi,0
specifier-3.2,Définir la recette,ANANUM-29-1,Etre capable d’implémenter un produit matriciel,0
specifier-3.2,Définir la recette,ANANUM-29-2,Etre capable d’implémenter un produit matriciel de différentes manières,0
specifier-3.2,Définir la recette,ANANUM-29-3,Connaitre les complexités des opérations vectorielles et matricielles,0
specifier-3.2,Définir la recette,ANANUM-29-4,Implémenter la résolution d’un systeme d’équation linéaire avec matrice diagonale,0
specifier-3.2,Définir la recette,ANANUM-29-5,Implémenter la résolution d’un systeme d’équation linéaire avec matrice triangulaire,0
specifier-3.2,Définir la recette,ANANUM-29-6,Retrouver l’algorithme de calcul de l’inverse d’une matrice triangulaire,0
specifier-3.2,Définir la recette,ANANUM-29-7,Retrouver les variantes (exterieur/recursive/trisup) de Cholesky,0
specifier-3.2,Définir la recette,ANANUM-29-8,Connaitre les complexités des la résolution de systeme d’équation triangulaires,0
specifier-3.2,Définir la recette,ANANUM-29-9,Retrouver le schema de résolution de Ax=b donné A=LU,0
specifier-3.2,Définir la recette,ANANUM-29-10,Calculer une matrice triangulaire supérieure en utilisant les matrices de Gauss,0
specifier-3.2,Définir la recette,ANANUM-29-11,Connaitre l’algorithme de décomposition PA=LU,0
specifier-3.2,Définir la recette,ANANUM-29-12,Retrouver le schema de résolution de Ax=b donné PA=LU,0
specifier-3.2,Définir la recette,ANANUM-29-13,Retrouver l’algorithme de décomposition A=LDL,0
specifier-3.2,Définir la recette,ANANUM-29-14,Retrouver l’algorithme de Cholesky,0
specifier-3.2,Définir la recette,ANANUM-29-16,Retrouver le schema de résolution des moindres carrés avec QR,0
specifier-3.2,Définir la recette,ANANUM-29-17,Retrouver l’algorithme de décomposition QR avec Householder,0
specifier-3.2,Définir la recette,ANANUM-29-18,Connaitre le principe des méthodes itératives,0
specifier-3.2,Définir la recette,ANANUM-29-19,Connaitre le principe de PageRank,0
specifier-3.2,Définir la recette,ANANUM-29-20,Calculer  une valeur propre en utilisant l’algorithme des puissances itérées,0
specifier-3.2,Définir la recette,ANANUM-29-21,Implémenter l’algorithme QR pour les valeurs propres,0
specifier-3.2,Définir la recette,ANANUM-29-22,Calculer les valeurs singulieres d’une matrice a partir des valeurs propres,0
specifier-3.2,Définir la recette,ANANUM-29-23,Implémenter l’algorithme de bidiagonisation pour le calcul de la SVD,0
specifier-3.2,Définir la recette,ANANUM-30-1,Estimer les valeurs propres avec les cercles de Gershgorin,0
specifier-3.2,Définir la recette,ANANUM-31-1,Appliquer les décompositions valeurs propres/singulières pour du débruitage d’images ( ??),0
specifier-3.2,Définir la recette,ANANUM-32-1,Exploiter les structures particulières de matrices,0
specifier-3.2,Définir la recette,ANANUM-32-2,Optimiser l’implémentation de la transformation de Gauss,0
specifier-3.2,Définir la recette,ANANUM-32-3,Optmisier l’approche QR pour les valeurs propres avec la forme tridiagonale,0
specifier-3.2,Définir la recette,ANANUM-49-1,Etre capable de coder en Python/numpy le produit matriciel,0
specifier-3.2,Définir la recette,ANANUM-49-2,Implémenter en Python/numpy l’algorithme de décomposition LU,0
specifier-3.2,Définir la recette,ANANUM-49-3,Implémenter en Python/numpy l’algorithme de décomposition PALU,0
specifier-3.2,Définir la recette,ANANUM-49-4,Implémenter LDL et Cholesky en python/numpy,0
specifier-3.2,Définir la recette,ANANUM-49-5,Implémenter efficacement en Python/numpy l’algorithme de décomposition QR,0
specifier-3.2,Définir la recette,ANANUM-49-6,Implémenter en Python/numpy un algorithme de méthode itérative,0
specifier-3.2,Définir la recette,ANANUM-49-7,Implémenter en python/numpy la décomposition valeurs propres/singulières,0
specifier-3.2,Définir la recette,,,0
specifier-3.3,Lister les tests fonctionnels,ANANUM-1-1,Retrouver les dimensions d’une matrice,0
specifier-3.3,Lister les tests fonctionnels,ANANUM-1-2,Identifier les différents type de matrice (structure et taille),0
specifier-3.3,Lister les tests fonctionnels,ANANUM-1-3,Identifier et connaître un problème des moindres carrés,0
specifier-3.3,Lister les tests fonctionnels,ANANUM-2-1,Retrouver le schema de résolution des moindres carrés avec la méthode du gradient,0
specifier-3.3,Lister les tests fonctionnels,ANANUM-3-1,Maitriser les opérations vectorielles (produit scalaire,0
specifier-3.3,Lister les tests fonctionnels,ANANUM-14-1,Etre capable de représenter un systèmes d’équation linéaire sous forme matricielle,0
specifier-3.3,Lister les tests fonctionnels,ANANUM-15-3,Connaitre les propriétés d’une matrice de Gauss,0
specifier-3.3,Lister les tests fonctionnels,ANANUM-15-4,Connaitre les propriétés d’une matrice de permutation,0
specifier-3.3,Lister les tests fonctionnels,ANANUM-15-5,Connaitre les propriétés d’une matrice définie positive,0
specifier-3.3,Lister les tests fonctionnels,ANANUM-15-6,Connaitre les propriétés d’une matrice orthogonale,0
specifier-3.3,Lister les tests fonctionnels,ANANUM-15-7,Connaitre les propriétés d’une matrice de Householder,0
specifier-3.3,Lister les tests fonctionnels,ANANUM-15-8,Connaitre les propriétés des normes matricielles et vectorielles,0
specifier-3.3,Lister les tests fonctionnels,ANANUM-15-9,Connaitre les propriétés de la décomposition valeurs propres,0
specifier-3.3,Lister les tests fonctionnels,ANANUM-15-10,Connaitre les propriétés de la décomposition valeurs singulières,0
specifier-3.3,Lister les tests fonctionnels,ANANUM-16-1,Connaitre les conditions d’applications de Cholesky et LDL,0
specifier-3.3,Lister les tests fonctionnels,ANANUM-16-2,Identifier les avantages/limites des méthodes décomposition,0
specifier-3.3,Lister les tests fonctionnels,ANANUM-16-3,Identifier les similitudes et différences entre Jacobi,0
specifier-3.3,Lister les tests fonctionnels,ANANUM-29-1,Etre capable d’implémenter un produit matriciel,0
specifier-3.3,Lister les tests fonctionnels,ANANUM-29-2,Etre capable d’implémenter un produit matriciel de différentes manières,0
specifier-3.3,Lister les tests fonctionnels,ANANUM-29-3,Connaitre les complexités des opérations vectorielles et matricielles,0
specifier-3.3,Lister les tests fonctionnels,ANANUM-29-4,Implémenter la résolution d’un systeme d’équation linéaire avec matrice diagonale,0
specifier-3.3,Lister les tests fonctionnels,ANANUM-29-5,Implémenter la résolution d’un systeme d’équation linéaire avec matrice triangulaire,0
specifier-3.3,Lister les tests fonctionnels,ANANUM-29-6,Retrouver l’algorithme de calcul de l’inverse d’une matrice triangulaire,0
specifier-3.3,Lister les tests fonctionnels,ANANUM-29-7,Retrouver les variantes (exterieur/recursive/trisup) de Cholesky,0
specifier-3.3,Lister les tests fonctionnels,ANANUM-29-8,Connaitre les complexités des la résolution de systeme d’équation triangulaires,0
specifier-3.3,Lister les tests fonctionnels,ANANUM-29-9,Retrouver le schema de résolution de Ax=b donné A=LU,0
specifier-3.3,Lister les tests fonctionnels,ANANUM-29-10,Calculer une matrice triangulaire supérieure en utilisant les matrices de Gauss,0
specifier-3.3,Lister les tests fonctionnels,ANANUM-29-11,Connaitre l’algorithme de décomposition PA=LU,0
specifier-3.3,Lister les tests fonctionnels,ANANUM-29-12,Retrouver le schema de résolution de Ax=b donné PA=LU,0
specifier-3.3,Lister les tests fonctionnels,ANANUM-29-13,Retrouver l’algorithme de décomposition A=LDL,0
specifier-3.3,Lister les tests fonctionnels,ANANUM-29-14,Retrouver l’algorithme de Cholesky,0
specifier-3.3,Lister les tests fonctionnels,ANANUM-29-16,Retrouver le schema de résolution des moindres carrés avec QR,0
specifier-3.3,Lister les tests fonctionnels,ANANUM-29-17,Retrouver l’algorithme de décomposition QR avec Householder,0
specifier-3.3,Lister les tests fonctionnels,ANANUM-29-18,Connaitre le principe des méthodes itératives,0
specifier-3.3,Lister les tests fonctionnels,ANANUM-29-19,Connaitre le principe de PageRank,0
specifier-3.3,Lister les tests fonctionnels,ANANUM-29-20,Calculer  une valeur propre en utilisant l’algorithme des puissances itérées,0
specifier-3.3,Lister les tests fonctionnels,ANANUM-29-21,Implémenter l’algorithme QR pour les valeurs propres,0
specifier-3.3,Lister les tests fonctionnels,ANANUM-29-22,Calculer les valeurs singulieres d’une matrice a partir des valeurs propres,0
specifier-3.3,Lister les tests fonctionnels,ANANUM-29-23,Implémenter l’algorithme de bidiagonisation pour le calcul de la SVD,0
specifier-3.3,Lister les tests fonctionnels,ANANUM-30-1,Estimer les valeurs propres avec les cercles de Gershgorin,0
specifier-3.3,Lister les tests fonctionnels,ANANUM-31-1,Appliquer les décompositions valeurs propres/singulières pour du débruitage d’images ( ??),0
specifier-3.3,Lister les tests fonctionnels,ANANUM-32-1,Exploiter les structures particulières de matrices,0
specifier-3.3,Lister les tests fonctionnels,ANANUM-32-2,Optimiser l’implémentation de la transformation de Gauss,0
specifier-3.3,Lister les tests fonctionnels,ANANUM-32-3,Optmisier l’approche QR pour les valeurs propres avec la forme tridiagonale,0
specifier-3.3,Lister les tests fonctionnels,ANANUM-49-1,Etre capable de coder en Python/numpy le produit matriciel,0
specifier-3.3,Lister les tests fonctionnels,ANANUM-49-2,Implémenter en Python/numpy l’algorithme de décomposition LU,0
specifier-3.3,Lister les tests fonctionnels,ANANUM-49-3,Implémenter en Python/numpy l’algorithme de décomposition PALU,0
specifier-3.3,Lister les tests fonctionnels,ANANUM-49-4,Implémenter LDL et Cholesky en python/numpy,0
specifier-3.3,Lister les tests fonctionnels,ANANUM-49-5,Implémenter efficacement en Python/numpy l’algorithme de décomposition QR,0
specifier-3.3,Lister les tests fonctionnels,ANANUM-49-6,Implémenter en Python/numpy un algorithme de méthode itérative,0
specifier-3.3,Lister les tests fonctionnels,ANANUM-49-7,Implémenter en python/numpy la décomposition valeurs propres/singulières,0
specifier-3.3,Lister les tests fonctionnels,,,0
specifier-4.1,Recueillir et reformuler les demandes du prescripteur en confrontant sa demande (fonctionnalités et données) à ses besoins réels pour prendre en compte le DDRS,ANANUM-1-1,Retrouver les dimensions d’une matrice,0
specifier-4.1,Recueillir et reformuler les demandes du prescripteur en confrontant sa demande (fonctionnalités et données) à ses besoins réels pour prendre en compte le DDRS,ANANUM-1-2,Identifier les différents type de matrice (structure et taille),0
specifier-4.1,Recueillir et reformuler les demandes du prescripteur en confrontant sa demande (fonctionnalités et données) à ses besoins réels pour prendre en compte le DDRS,ANANUM-1-3,Identifier et connaître un problème des moindres carrés,0
specifier-4.1,Recueillir et reformuler les demandes du prescripteur en confrontant sa demande (fonctionnalités et données) à ses besoins réels pour prendre en compte le DDRS,ANANUM-2-1,Retrouver le schema de résolution des moindres carrés avec la méthode du gradient,0
specifier-4.1,Recueillir et reformuler les demandes du prescripteur en confrontant sa demande (fonctionnalités et données) à ses besoins réels pour prendre en compte le DDRS,ANANUM-3-1,Maitriser les opérations vectorielles (produit scalaire,0
specifier-4.1,Recueillir et reformuler les demandes du prescripteur en confrontant sa demande (fonctionnalités et données) à ses besoins réels pour prendre en compte le DDRS,ANANUM-14-1,Etre capable de représenter un systèmes d’équation linéaire sous forme matricielle,0
specifier-4.1,Recueillir et reformuler les demandes du prescripteur en confrontant sa demande (fonctionnalités et données) à ses besoins réels pour prendre en compte le DDRS,ANANUM-15-3,Connaitre les propriétés d’une matrice de Gauss,0
specifier-4.1,Recueillir et reformuler les demandes du prescripteur en confrontant sa demande (fonctionnalités et données) à ses besoins réels pour prendre en compte le DDRS,ANANUM-15-4,Connaitre les propriétés d’une matrice de permutation,0
specifier-4.1,Recueillir et reformuler les demandes du prescripteur en confrontant sa demande (fonctionnalités et données) à ses besoins réels pour prendre en compte le DDRS,ANANUM-15-5,Connaitre les propriétés d’une matrice définie positive,0
specifier-4.1,Recueillir et reformuler les demandes du prescripteur en confrontant sa demande (fonctionnalités et données) à ses besoins réels pour prendre en compte le DDRS,ANANUM-15-6,Connaitre les propriétés d’une matrice orthogonale,0
specifier-4.1,Recueillir et reformuler les demandes du prescripteur en confrontant sa demande (fonctionnalités et données) à ses besoins réels pour prendre en compte le DDRS,ANANUM-15-7,Connaitre les propriétés d’une matrice de Householder,0
specifier-4.1,Recueillir et reformuler les demandes du prescripteur en confrontant sa demande (fonctionnalités et données) à ses besoins réels pour prendre en compte le DDRS,ANANUM-15-8,Connaitre les propriétés des normes matricielles et vectorielles,0
specifier-4.1,Recueillir et reformuler les demandes du prescripteur en confrontant sa demande (fonctionnalités et données) à ses besoins réels pour prendre en compte le DDRS,ANANUM-15-9,Connaitre les propriétés de la décomposition valeurs propres,0
specifier-4.1,Recueillir et reformuler les demandes du prescripteur en confrontant sa demande (fonctionnalités et données) à ses besoins réels pour prendre en compte le DDRS,ANANUM-15-10,Connaitre les propriétés de la décomposition valeurs singulières,0
specifier-4.1,Recueillir et reformuler les demandes du prescripteur en confrontant sa demande (fonctionnalités et données) à ses besoins réels pour prendre en compte le DDRS,ANANUM-16-1,Connaitre les conditions d’applications de Cholesky et LDL,0
specifier-4.1,Recueillir et reformuler les demandes du prescripteur en confrontant sa demande (fonctionnalités et données) à ses besoins réels pour prendre en compte le DDRS,ANANUM-16-2,Identifier les avantages/limites des méthodes décomposition,0
specifier-4.1,Recueillir et reformuler les demandes du prescripteur en confrontant sa demande (fonctionnalités et données) à ses besoins réels pour prendre en compte le DDRS,ANANUM-16-3,Identifier les similitudes et différences entre Jacobi,0
specifier-4.1,Recueillir et reformuler les demandes du prescripteur en confrontant sa demande (fonctionnalités et données) à ses besoins réels pour prendre en compte le DDRS,ANANUM-29-1,Etre capable d’implémenter un produit matriciel,0
specifier-4.1,Recueillir et reformuler les demandes du prescripteur en confrontant sa demande (fonctionnalités et données) à ses besoins réels pour prendre en compte le DDRS,ANANUM-29-2,Etre capable d’implémenter un produit matriciel de différentes manières,0
specifier-4.1,Recueillir et reformuler les demandes du prescripteur en confrontant sa demande (fonctionnalités et données) à ses besoins réels pour prendre en compte le DDRS,ANANUM-29-3,Connaitre les complexités des opérations vectorielles et matricielles,0
specifier-4.1,Recueillir et reformuler les demandes du prescripteur en confrontant sa demande (fonctionnalités et données) à ses besoins réels pour prendre en compte le DDRS,ANANUM-29-4,Implémenter la résolution d’un systeme d’équation linéaire avec matrice diagonale,0
specifier-4.1,Recueillir et reformuler les demandes du prescripteur en confrontant sa demande (fonctionnalités et données) à ses besoins réels pour prendre en compte le DDRS,ANANUM-29-5,Implémenter la résolution d’un systeme d’équation linéaire avec matrice triangulaire,0
specifier-4.1,Recueillir et reformuler les demandes du prescripteur en confrontant sa demande (fonctionnalités et données) à ses besoins réels pour prendre en compte le DDRS,ANANUM-29-6,Retrouver l’algorithme de calcul de l’inverse d’une matrice triangulaire,0
specifier-4.1,Recueillir et reformuler les demandes du prescripteur en confrontant sa demande (fonctionnalités et données) à ses besoins réels pour prendre en compte le DDRS,ANANUM-29-7,Retrouver les variantes (exterieur/recursive/trisup) de Cholesky,0
specifier-4.1,Recueillir et reformuler les demandes du prescripteur en confrontant sa demande (fonctionnalités et données) à ses besoins réels pour prendre en compte le DDRS,ANANUM-29-8,Connaitre les complexités des la résolution de systeme d’équation triangulaires,0
specifier-4.1,Recueillir et reformuler les demandes du prescripteur en confrontant sa demande (fonctionnalités et données) à ses besoins réels pour prendre en compte le DDRS,ANANUM-29-9,Retrouver le schema de résolution de Ax=b donné A=LU,0
specifier-4.1,Recueillir et reformuler les demandes du prescripteur en confrontant sa demande (fonctionnalités et données) à ses besoins réels pour prendre en compte le DDRS,ANANUM-29-10,Calculer une matrice triangulaire supérieure en utilisant les matrices de Gauss,0
specifier-4.1,Recueillir et reformuler les demandes du prescripteur en confrontant sa demande (fonctionnalités et données) à ses besoins réels pour prendre en compte le DDRS,ANANUM-29-11,Connaitre l’algorithme de décomposition PA=LU,0
specifier-4.1,Recueillir et reformuler les demandes du prescripteur en confrontant sa demande (fonctionnalités et données) à ses besoins réels pour prendre en compte le DDRS,ANANUM-29-12,Retrouver le schema de résolution de Ax=b donné PA=LU,0
specifier-4.1,Recueillir et reformuler les demandes du prescripteur en confrontant sa demande (fonctionnalités et données) à ses besoins réels pour prendre en compte le DDRS,ANANUM-29-13,Retrouver l’algorithme de décomposition A=LDL,0
specifier-4.1,Recueillir et reformuler les demandes du prescripteur en confrontant sa demande (fonctionnalités et données) à ses besoins réels pour prendre en compte le DDRS,ANANUM-29-14,Retrouver l’algorithme de Cholesky,0
specifier-4.1,Recueillir et reformuler les demandes du prescripteur en confrontant sa demande (fonctionnalités et données) à ses besoins réels pour prendre en compte le DDRS,ANANUM-29-16,Retrouver le schema de résolution des moindres carrés avec QR,0
specifier-4.1,Recueillir et reformuler les demandes du prescripteur en confrontant sa demande (fonctionnalités et données) à ses besoins réels pour prendre en compte le DDRS,ANANUM-29-17,Retrouver l’algorithme de décomposition QR avec Householder,0
specifier-4.1,Recueillir et reformuler les demandes du prescripteur en confrontant sa demande (fonctionnalités et données) à ses besoins réels pour prendre en compte le DDRS,ANANUM-29-18,Connaitre le principe des méthodes itératives,0
specifier-4.1,Recueillir et reformuler les demandes du prescripteur en confrontant sa demande (fonctionnalités et données) à ses besoins réels pour prendre en compte le DDRS,ANANUM-29-19,Connaitre le principe de PageRank,0
specifier-4.1,Recueillir et reformuler les demandes du prescripteur en confrontant sa demande (fonctionnalités et données) à ses besoins réels pour prendre en compte le DDRS,ANANUM-29-20,Calculer  une valeur propre en utilisant l’algorithme des puissances itérées,0
specifier-4.1,Recueillir et reformuler les demandes du prescripteur en confrontant sa demande (fonctionnalités et données) à ses besoins réels pour prendre en compte le DDRS,ANANUM-29-21,Implémenter l’algorithme QR pour les valeurs propres,0
specifier-4.1,Recueillir et reformuler les demandes du prescripteur en confrontant sa demande (fonctionnalités et données) à ses besoins réels pour prendre en compte le DDRS,ANANUM-29-22,Calculer les valeurs singulieres d’une matrice a partir des valeurs propres,0
specifier-4.1,Recueillir et reformuler les demandes du prescripteur en confrontant sa demande (fonctionnalités et données) à ses besoins réels pour prendre en compte le DDRS,ANANUM-29-23,Implémenter l’algorithme de bidiagonisation pour le calcul de la SVD,0
specifier-4.1,Recueillir et reformuler les demandes du prescripteur en confrontant sa demande (fonctionnalités et données) à ses besoins réels pour prendre en compte le DDRS,ANANUM-30-1,Estimer les valeurs propres avec les cercles de Gershgorin,0
specifier-4.1,Recueillir et reformuler les demandes du prescripteur en confrontant sa demande (fonctionnalités et données) à ses besoins réels pour prendre en compte le DDRS,ANANUM-31-1,Appliquer les décompositions valeurs propres/singulières pour du débruitage d’images ( ??),0
specifier-4.1,Recueillir et reformuler les demandes du prescripteur en confrontant sa demande (fonctionnalités et données) à ses besoins réels pour prendre en compte le DDRS,ANANUM-32-1,Exploiter les structures particulières de matrices,0
specifier-4.1,Recueillir et reformuler les demandes du prescripteur en confrontant sa demande (fonctionnalités et données) à ses besoins réels pour prendre en compte le DDRS,ANANUM-32-2,Optimiser l’implémentation de la transformation de Gauss,0
specifier-4.1,Recueillir et reformuler les demandes du prescripteur en confrontant sa demande (fonctionnalités et données) à ses besoins réels pour prendre en compte le DDRS,ANANUM-32-3,Optmisier l’approche QR pour les valeurs propres avec la forme tridiagonale,0
specifier-4.1,Recueillir et reformuler les demandes du prescripteur en confrontant sa demande (fonctionnalités et données) à ses besoins réels pour prendre en compte le DDRS,ANANUM-49-1,Etre capable de coder en Python/numpy le produit matriciel,0
specifier-4.1,Recueillir et reformuler les demandes du prescripteur en confrontant sa demande (fonctionnalités et données) à ses besoins réels pour prendre en compte le DDRS,ANANUM-49-2,Implémenter en Python/numpy l’algorithme de décomposition LU,0
specifier-4.1,Recueillir et reformuler les demandes du prescripteur en confrontant sa demande (fonctionnalités et données) à ses besoins réels pour prendre en compte le DDRS,ANANUM-49-3,Implémenter en Python/numpy l’algorithme de décomposition PALU,0
specifier-4.1,Recueillir et reformuler les demandes du prescripteur en confrontant sa demande (fonctionnalités et données) à ses besoins réels pour prendre en compte le DDRS,ANANUM-49-4,Implémenter LDL et Cholesky en python/numpy,0
specifier-4.1,Recueillir et reformuler les demandes du prescripteur en confrontant sa demande (fonctionnalités et données) à ses besoins réels pour prendre en compte le DDRS,ANANUM-49-5,Implémenter efficacement en Python/numpy l’algorithme de décomposition QR,0
specifier-4.1,Recueillir et reformuler les demandes du prescripteur en confrontant sa demande (fonctionnalités et données) à ses besoins réels pour prendre en compte le DDRS,ANANUM-49-6,Implémenter en Python/numpy un algorithme de méthode itérative,0
specifier-4.1,Recueillir et reformuler les demandes du prescripteur en confrontant sa demande (fonctionnalités et données) à ses besoins réels pour prendre en compte le DDRS,ANANUM-49-7,Implémenter en python/numpy la décomposition valeurs propres/singulières,0
specifier-4.1,Recueillir et reformuler les demandes du prescripteur en confrontant sa demande (fonctionnalités et données) à ses besoins réels pour prendre en compte le DDRS,,,0
specifier-4.2,Prototyper des interfaces utilisateurs en prenant la RGAA,ANANUM-1-1,Retrouver les dimensions d’une matrice,0
specifier-4.2,Prototyper des interfaces utilisateurs en prenant la RGAA,ANANUM-1-2,Identifier les différents type de matrice (structure et taille),0
specifier-4.2,Prototyper des interfaces utilisateurs en prenant la RGAA,ANANUM-1-3,Identifier et connaître un problème des moindres carrés,0
specifier-4.2,Prototyper des interfaces utilisateurs en prenant la RGAA,ANANUM-2-1,Retrouver le schema de résolution des moindres carrés avec la méthode du gradient,0
specifier-4.2,Prototyper des interfaces utilisateurs en prenant la RGAA,ANANUM-3-1,Maitriser les opérations vectorielles (produit scalaire,0
specifier-4.2,Prototyper des interfaces utilisateurs en prenant la RGAA,ANANUM-14-1,Etre capable de représenter un systèmes d’équation linéaire sous forme matricielle,0
specifier-4.2,Prototyper des interfaces utilisateurs en prenant la RGAA,ANANUM-15-3,Connaitre les propriétés d’une matrice de Gauss,0
specifier-4.2,Prototyper des interfaces utilisateurs en prenant la RGAA,ANANUM-15-4,Connaitre les propriétés d’une matrice de permutation,0
specifier-4.2,Prototyper des interfaces utilisateurs en prenant la RGAA,ANANUM-15-5,Connaitre les propriétés d’une matrice définie positive,0
specifier-4.2,Prototyper des interfaces utilisateurs en prenant la RGAA,ANANUM-15-6,Connaitre les propriétés d’une matrice orthogonale,0
specifier-4.2,Prototyper des interfaces utilisateurs en prenant la RGAA,ANANUM-15-7,Connaitre les propriétés d’une matrice de Householder,0
specifier-4.2,Prototyper des interfaces utilisateurs en prenant la RGAA,ANANUM-15-8,Connaitre les propriétés des normes matricielles et vectorielles,0
specifier-4.2,Prototyper des interfaces utilisateurs en prenant la RGAA,ANANUM-15-9,Connaitre les propriétés de la décomposition valeurs propres,0
specifier-4.2,Prototyper des interfaces utilisateurs en prenant la RGAA,ANANUM-15-10,Connaitre les propriétés de la décomposition valeurs singulières,0
specifier-4.2,Prototyper des interfaces utilisateurs en prenant la RGAA,ANANUM-16-1,Connaitre les conditions d’applications de Cholesky et LDL,0
specifier-4.2,Prototyper des interfaces utilisateurs en prenant la RGAA,ANANUM-16-2,Identifier les avantages/limites des méthodes décomposition,0
specifier-4.2,Prototyper des interfaces utilisateurs en prenant la RGAA,ANANUM-16-3,Identifier les similitudes et différences entre Jacobi,0
specifier-4.2,Prototyper des interfaces utilisateurs en prenant la RGAA,ANANUM-29-1,Etre capable d’implémenter un produit matriciel,0
specifier-4.2,Prototyper des interfaces utilisateurs en prenant la RGAA,ANANUM-29-2,Etre capable d’implémenter un produit matriciel de différentes manières,0
specifier-4.2,Prototyper des interfaces utilisateurs en prenant la RGAA,ANANUM-29-3,Connaitre les complexités des opérations vectorielles et matricielles,0
specifier-4.2,Prototyper des interfaces utilisateurs en prenant la RGAA,ANANUM-29-4,Implémenter la résolution d’un systeme d’équation linéaire avec matrice diagonale,0
specifier-4.2,Prototyper des interfaces utilisateurs en prenant la RGAA,ANANUM-29-5,Implémenter la résolution d’un systeme d’équation linéaire avec matrice triangulaire,0
specifier-4.2,Prototyper des interfaces utilisateurs en prenant la RGAA,ANANUM-29-6,Retrouver l’algorithme de calcul de l’inverse d’une matrice triangulaire,0
specifier-4.2,Prototyper des interfaces utilisateurs en prenant la RGAA,ANANUM-29-7,Retrouver les variantes (exterieur/recursive/trisup) de Cholesky,0
specifier-4.2,Prototyper des interfaces utilisateurs en prenant la RGAA,ANANUM-29-8,Connaitre les complexités des la résolution de systeme d’équation triangulaires,0
specifier-4.2,Prototyper des interfaces utilisateurs en prenant la RGAA,ANANUM-29-9,Retrouver le schema de résolution de Ax=b donné A=LU,0
specifier-4.2,Prototyper des interfaces utilisateurs en prenant la RGAA,ANANUM-29-10,Calculer une matrice triangulaire supérieure en utilisant les matrices de Gauss,0
specifier-4.2,Prototyper des interfaces utilisateurs en prenant la RGAA,ANANUM-29-11,Connaitre l’algorithme de décomposition PA=LU,0
specifier-4.2,Prototyper des interfaces utilisateurs en prenant la RGAA,ANANUM-29-12,Retrouver le schema de résolution de Ax=b donné PA=LU,0
specifier-4.2,Prototyper des interfaces utilisateurs en prenant la RGAA,ANANUM-29-13,Retrouver l’algorithme de décomposition A=LDL,0
specifier-4.2,Prototyper des interfaces utilisateurs en prenant la RGAA,ANANUM-29-14,Retrouver l’algorithme de Cholesky,0
specifier-4.2,Prototyper des interfaces utilisateurs en prenant la RGAA,ANANUM-29-16,Retrouver le schema de résolution des moindres carrés avec QR,0
specifier-4.2,Prototyper des interfaces utilisateurs en prenant la RGAA,ANANUM-29-17,Retrouver l’algorithme de décomposition QR avec Householder,0
specifier-4.2,Prototyper des interfaces utilisateurs en prenant la RGAA,ANANUM-29-18,Connaitre le principe des méthodes itératives,0
specifier-4.2,Prototyper des interfaces utilisateurs en prenant la RGAA,ANANUM-29-19,Connaitre le principe de PageRank,0
specifier-4.2,Prototyper des interfaces utilisateurs en prenant la RGAA,ANANUM-29-20,Calculer  une valeur propre en utilisant l’algorithme des puissances itérées,0
specifier-4.2,Prototyper des interfaces utilisateurs en prenant la RGAA,ANANUM-29-21,Implémenter l’algorithme QR pour les valeurs propres,0
specifier-4.2,Prototyper des interfaces utilisateurs en prenant la RGAA,ANANUM-29-22,Calculer les valeurs singulieres d’une matrice a partir des valeurs propres,0
specifier-4.2,Prototyper des interfaces utilisateurs en prenant la RGAA,ANANUM-29-23,Implémenter l’algorithme de bidiagonisation pour le calcul de la SVD,0
specifier-4.2,Prototyper des interfaces utilisateurs en prenant la RGAA,ANANUM-30-1,Estimer les valeurs propres avec les cercles de Gershgorin,0
specifier-4.2,Prototyper des interfaces utilisateurs en prenant la RGAA,ANANUM-31-1,Appliquer les décompositions valeurs propres/singulières pour du débruitage d’images ( ??),0
specifier-4.2,Prototyper des interfaces utilisateurs en prenant la RGAA,ANANUM-32-1,Exploiter les structures particulières de matrices,0
specifier-4.2,Prototyper des interfaces utilisateurs en prenant la RGAA,ANANUM-32-2,Optimiser l’implémentation de la transformation de Gauss,0
specifier-4.2,Prototyper des interfaces utilisateurs en prenant la RGAA,ANANUM-32-3,Optmisier l’approche QR pour les valeurs propres avec la forme tridiagonale,0
specifier-4.2,Prototyper des interfaces utilisateurs en prenant la RGAA,ANANUM-49-1,Etre capable de coder en Python/numpy le produit matriciel,0
specifier-4.2,Prototyper des interfaces utilisateurs en prenant la RGAA,ANANUM-49-2,Implémenter en Python/numpy l’algorithme de décomposition LU,0
specifier-4.2,Prototyper des interfaces utilisateurs en prenant la RGAA,ANANUM-49-3,Implémenter en Python/numpy l’algorithme de décomposition PALU,0
specifier-4.2,Prototyper des interfaces utilisateurs en prenant la RGAA,ANANUM-49-4,Implémenter LDL et Cholesky en python/numpy,0
specifier-4.2,Prototyper des interfaces utilisateurs en prenant la RGAA,ANANUM-49-5,Implémenter efficacement en Python/numpy l’algorithme de décomposition QR,0
specifier-4.2,Prototyper des interfaces utilisateurs en prenant la RGAA,ANANUM-49-6,Implémenter en Python/numpy un algorithme de méthode itérative,0
specifier-4.2,Prototyper des interfaces utilisateurs en prenant la RGAA,ANANUM-49-7,Implémenter en python/numpy la décomposition valeurs propres/singulières,0
specifier-4.2,Prototyper des interfaces utilisateurs en prenant la RGAA,,,0
specifier-4.3,Respecter un référentiel qualité,ANANUM-1-1,Retrouver les dimensions d’une matrice,0
specifier-4.3,Respecter un référentiel qualité,ANANUM-1-2,Identifier les différents type de matrice (structure et taille),0
specifier-4.3,Respecter un référentiel qualité,ANANUM-1-3,Identifier et connaître un problème des moindres carrés,0
specifier-4.3,Respecter un référentiel qualité,ANANUM-2-1,Retrouver le schema de résolution des moindres carrés avec la méthode du gradient,0
specifier-4.3,Respecter un référentiel qualité,ANANUM-3-1,Maitriser les opérations vectorielles (produit scalaire,0
specifier-4.3,Respecter un référentiel qualité,ANANUM-14-1,Etre capable de représenter un systèmes d’équation linéaire sous forme matricielle,0
specifier-4.3,Respecter un référentiel qualité,ANANUM-15-3,Connaitre les propriétés d’une matrice de Gauss,0
specifier-4.3,Respecter un référentiel qualité,ANANUM-15-4,Connaitre les propriétés d’une matrice de permutation,0
specifier-4.3,Respecter un référentiel qualité,ANANUM-15-5,Connaitre les propriétés d’une matrice définie positive,0
specifier-4.3,Respecter un référentiel qualité,ANANUM-15-6,Connaitre les propriétés d’une matrice orthogonale,0
specifier-4.3,Respecter un référentiel qualité,ANANUM-15-7,Connaitre les propriétés d’une matrice de Householder,0
specifier-4.3,Respecter un référentiel qualité,ANANUM-15-8,Connaitre les propriétés des normes matricielles et vectorielles,0
specifier-4.3,Respecter un référentiel qualité,ANANUM-15-9,Connaitre les propriétés de la décomposition valeurs propres,0
specifier-4.3,Respecter un référentiel qualité,ANANUM-15-10,Connaitre les propriétés de la décomposition valeurs singulières,0
specifier-4.3,Respecter un référentiel qualité,ANANUM-16-1,Connaitre les conditions d’applications de Cholesky et LDL,0
specifier-4.3,Respecter un référentiel qualité,ANANUM-16-2,Identifier les avantages/limites des méthodes décomposition,0
specifier-4.3,Respecter un référentiel qualité,ANANUM-16-3,Identifier les similitudes et différences entre Jacobi,0
specifier-4.3,Respecter un référentiel qualité,ANANUM-29-1,Etre capable d’implémenter un produit matriciel,0
specifier-4.3,Respecter un référentiel qualité,ANANUM-29-2,Etre capable d’implémenter un produit matriciel de différentes manières,0
specifier-4.3,Respecter un référentiel qualité,ANANUM-29-3,Connaitre les complexités des opérations vectorielles et matricielles,0
specifier-4.3,Respecter un référentiel qualité,ANANUM-29-4,Implémenter la résolution d’un systeme d’équation linéaire avec matrice diagonale,0
specifier-4.3,Respecter un référentiel qualité,ANANUM-29-5,Implémenter la résolution d’un systeme d’équation linéaire avec matrice triangulaire,0
specifier-4.3,Respecter un référentiel qualité,ANANUM-29-6,Retrouver l’algorithme de calcul de l’inverse d’une matrice triangulaire,0
specifier-4.3,Respecter un référentiel qualité,ANANUM-29-7,Retrouver les variantes (exterieur/recursive/trisup) de Cholesky,0
specifier-4.3,Respecter un référentiel qualité,ANANUM-29-8,Connaitre les complexités des la résolution de systeme d’équation triangulaires,0
specifier-4.3,Respecter un référentiel qualité,ANANUM-29-9,Retrouver le schema de résolution de Ax=b donné A=LU,0
specifier-4.3,Respecter un référentiel qualité,ANANUM-29-10,Calculer une matrice triangulaire supérieure en utilisant les matrices de Gauss,0
specifier-4.3,Respecter un référentiel qualité,ANANUM-29-11,Connaitre l’algorithme de décomposition PA=LU,0
specifier-4.3,Respecter un référentiel qualité,ANANUM-29-12,Retrouver le schema de résolution de Ax=b donné PA=LU,0
specifier-4.3,Respecter un référentiel qualité,ANANUM-29-13,Retrouver l’algorithme de décomposition A=LDL,0
specifier-4.3,Respecter un référentiel qualité,ANANUM-29-14,Retrouver l’algorithme de Cholesky,0
specifier-4.3,Respecter un référentiel qualité,ANANUM-29-16,Retrouver le schema de résolution des moindres carrés avec QR,0
specifier-4.3,Respecter un référentiel qualité,ANANUM-29-17,Retrouver l’algorithme de décomposition QR avec Householder,0
specifier-4.3,Respecter un référentiel qualité,ANANUM-29-18,Connaitre le principe des méthodes itératives,0
specifier-4.3,Respecter un référentiel qualité,ANANUM-29-19,Connaitre le principe de PageRank,0
specifier-4.3,Respecter un référentiel qualité,ANANUM-29-20,Calculer  une valeur propre en utilisant l’algorithme des puissances itérées,0
specifier-4.3,Respecter un référentiel qualité,ANANUM-29-21,Implémenter l’algorithme QR pour les valeurs propres,0
specifier-4.3,Respecter un référentiel qualité,ANANUM-29-22,Calculer les valeurs singulieres d’une matrice a partir des valeurs propres,0
specifier-4.3,Respecter un référentiel qualité,ANANUM-29-23,Implémenter l’algorithme de bidiagonisation pour le calcul de la SVD,0
specifier-4.3,Respecter un référentiel qualité,ANANUM-30-1,Estimer les valeurs propres avec les cercles de Gershgorin,0
specifier-4.3,Respecter un référentiel qualité,ANANUM-31-1,Appliquer les décompositions valeurs propres/singulières pour du débruitage d’images ( ??),0
specifier-4.3,Respecter un référentiel qualité,ANANUM-32-1,Exploiter les structures particulières de matrices,0
specifier-4.3,Respecter un référentiel qualité,ANANUM-32-2,Optimiser l’implémentation de la transformation de Gauss,0
specifier-4.3,Respecter un référentiel qualité,ANANUM-32-3,Optmisier l’approche QR pour les valeurs propres avec la forme tridiagonale,0
specifier-4.3,Respecter un référentiel qualité,ANANUM-49-1,Etre capable de coder en Python/numpy le produit matriciel,0
specifier-4.3,Respecter un référentiel qualité,ANANUM-49-2,Implémenter en Python/numpy l’algorithme de décomposition LU,0
specifier-4.3,Respecter un référentiel qualité,ANANUM-49-3,Implémenter en Python/numpy l’algorithme de décomposition PALU,0
specifier-4.3,Respecter un référentiel qualité,ANANUM-49-4,Implémenter LDL et Cholesky en python/numpy,0
specifier-4.3,Respecter un référentiel qualité,ANANUM-49-5,Implémenter efficacement en Python/numpy l’algorithme de décomposition QR,0
specifier-4.3,Respecter un référentiel qualité,ANANUM-49-6,Implémenter en Python/numpy un algorithme de méthode itérative,0
specifier-4.3,Respecter un référentiel qualité,ANANUM-49-7,Implémenter en python/numpy la décomposition valeurs propres/singulières,0
specifier-4.3,Respecter un référentiel qualité,,,0
modeliser-1.1,Représenter une collection de données numériquement ou symboliquement,ANANUM-1-1,Retrouver les dimensions d’une matrice,0
modeliser-1.1,Représenter une collection de données numériquement ou symboliquement,ANANUM-1-2,Identifier les différents type de matrice (structure et taille),0
modeliser-1.1,Représenter une collection de données numériquement ou symboliquement,ANANUM-1-3,Identifier et connaître un problème des moindres carrés,0
modeliser-1.1,Représenter une collection de données numériquement ou symboliquement,ANANUM-2-1,Retrouver le schema de résolution des moindres carrés avec la méthode du gradient,0
modeliser-1.1,Représenter une collection de données numériquement ou symboliquement,ANANUM-3-1,Maitriser les opérations vectorielles (produit scalaire,0
modeliser-1.1,Représenter une collection de données numériquement ou symboliquement,ANANUM-14-1,Etre capable de représenter un systèmes d’équation linéaire sous forme matricielle,1
modeliser-1.1,Représenter une collection de données numériquement ou symboliquement,ANANUM-15-3,Connaitre les propriétés d’une matrice de Gauss,0
modeliser-1.1,Représenter une collection de données numériquement ou symboliquement,ANANUM-15-4,Connaitre les propriétés d’une matrice de permutation,0
modeliser-1.1,Représenter une collection de données numériquement ou symboliquement,ANANUM-15-5,Connaitre les propriétés d’une matrice définie positive,0
modeliser-1.1,Représenter une collection de données numériquement ou symboliquement,ANANUM-15-6,Connaitre les propriétés d’une matrice orthogonale,0
modeliser-1.1,Représenter une collection de données numériquement ou symboliquement,ANANUM-15-7,Connaitre les propriétés d’une matrice de Householder,0
modeliser-1.1,Représenter une collection de données numériquement ou symboliquement,ANANUM-15-8,Connaitre les propriétés des normes matricielles et vectorielles,0
modeliser-1.1,Représenter une collection de données numériquement ou symboliquement,ANANUM-15-9,Connaitre les propriétés de la décomposition valeurs propres,0
modeliser-1.1,Représenter une collection de données numériquement ou symboliquement,ANANUM-15-10,Connaitre les propriétés de la décomposition valeurs singulières,0
modeliser-1.1,Représenter une collection de données numériquement ou symboliquement,ANANUM-16-1,Connaitre les conditions d’applications de Cholesky et LDL,0
modeliser-1.1,Représenter une collection de données numériquement ou symboliquement,ANANUM-16-2,Identifier les avantages/limites des méthodes décomposition,0
modeliser-1.1,Représenter une collection de données numériquement ou symboliquement,ANANUM-16-3,Identifier les similitudes et différences entre Jacobi,0
modeliser-1.1,Représenter une collection de données numériquement ou symboliquement,ANANUM-29-1,Etre capable d’implémenter un produit matriciel,0
modeliser-1.1,Représenter une collection de données numériquement ou symboliquement,ANANUM-29-2,Etre capable d’implémenter un produit matriciel de différentes manières,0
modeliser-1.1,Représenter une collection de données numériquement ou symboliquement,ANANUM-29-3,Connaitre les complexités des opérations vectorielles et matricielles,0
modeliser-1.1,Représenter une collection de données numériquement ou symboliquement,ANANUM-29-4,Implémenter la résolution d’un systeme d’équation linéaire avec matrice diagonale,0
modeliser-1.1,Représenter une collection de données numériquement ou symboliquement,ANANUM-29-5,Implémenter la résolution d’un systeme d’équation linéaire avec matrice triangulaire,0
modeliser-1.1,Représenter une collection de données numériquement ou symboliquement,ANANUM-29-6,Retrouver l’algorithme de calcul de l’inverse d’une matrice triangulaire,0
modeliser-1.1,Représenter une collection de données numériquement ou symboliquement,ANANUM-29-7,Retrouver les variantes (exterieur/recursive/trisup) de Cholesky,0
modeliser-1.1,Représenter une collection de données numériquement ou symboliquement,ANANUM-29-8,Connaitre les complexités des la résolution de systeme d’équation triangulaires,0
modeliser-1.1,Représenter une collection de données numériquement ou symboliquement,ANANUM-29-9,Retrouver le schema de résolution de Ax=b donné A=LU,0
modeliser-1.1,Représenter une collection de données numériquement ou symboliquement,ANANUM-29-10,Calculer une matrice triangulaire supérieure en utilisant les matrices de Gauss,0
modeliser-1.1,Représenter une collection de données numériquement ou symboliquement,ANANUM-29-11,Connaitre l’algorithme de décomposition PA=LU,0
modeliser-1.1,Représenter une collection de données numériquement ou symboliquement,ANANUM-29-12,Retrouver le schema de résolution de Ax=b donné PA=LU,0
modeliser-1.1,Représenter une collection de données numériquement ou symboliquement,ANANUM-29-13,Retrouver l’algorithme de décomposition A=LDL,0
modeliser-1.1,Représenter une collection de données numériquement ou symboliquement,ANANUM-29-14,Retrouver l’algorithme de Cholesky,0
modeliser-1.1,Représenter une collection de données numériquement ou symboliquement,ANANUM-29-16,Retrouver le schema de résolution des moindres carrés avec QR,0
modeliser-1.1,Représenter une collection de données numériquement ou symboliquement,ANANUM-29-17,Retrouver l’algorithme de décomposition QR avec Householder,0
modeliser-1.1,Représenter une collection de données numériquement ou symboliquement,ANANUM-29-18,Connaitre le principe des méthodes itératives,0
modeliser-1.1,Représenter une collection de données numériquement ou symboliquement,ANANUM-29-19,Connaitre le principe de PageRank,0
modeliser-1.1,Représenter une collection de données numériquement ou symboliquement,ANANUM-29-20,Calculer  une valeur propre en utilisant l’algorithme des puissances itérées,0
modeliser-1.1,Représenter une collection de données numériquement ou symboliquement,ANANUM-29-21,Implémenter l’algorithme QR pour les valeurs propres,0
modeliser-1.1,Représenter une collection de données numériquement ou symboliquement,ANANUM-29-22,Calculer les valeurs singulieres d’une matrice a partir des valeurs propres,0
modeliser-1.1,Représenter une collection de données numériquement ou symboliquement,ANANUM-29-23,Implémenter l’algorithme de bidiagonisation pour le calcul de la SVD,0
modeliser-1.1,Représenter une collection de données numériquement ou symboliquement,ANANUM-30-1,Estimer les valeurs propres avec les cercles de Gershgorin,0
modeliser-1.1,Représenter une collection de données numériquement ou symboliquement,ANANUM-31-1,Appliquer les décompositions valeurs propres/singulières pour du débruitage d’images ( ??),0
modeliser-1.1,Représenter une collection de données numériquement ou symboliquement,ANANUM-32-1,Exploiter les structures particulières de matrices,0
modeliser-1.1,Représenter une collection de données numériquement ou symboliquement,ANANUM-32-2,Optimiser l’implémentation de la transformation de Gauss,0
modeliser-1.1,Représenter une collection de données numériquement ou symboliquement,ANANUM-32-3,Optmisier l’approche QR pour les valeurs propres avec la forme tridiagonale,0
modeliser-1.1,Représenter une collection de données numériquement ou symboliquement,ANANUM-49-1,Etre capable de coder en Python/numpy le produit matriciel,0
modeliser-1.1,Représenter une collection de données numériquement ou symboliquement,ANANUM-49-2,Implémenter en Python/numpy l’algorithme de décomposition LU,0
modeliser-1.1,Représenter une collection de données numériquement ou symboliquement,ANANUM-49-3,Implémenter en Python/numpy l’algorithme de décomposition PALU,0
modeliser-1.1,Représenter une collection de données numériquement ou symboliquement,ANANUM-49-4,Implémenter LDL et Cholesky en python/numpy,0
modeliser-1.1,Représenter une collection de données numériquement ou symboliquement,ANANUM-49-5,Implémenter efficacement en Python/numpy l’algorithme de décomposition QR,0
modeliser-1.1,Représenter une collection de données numériquement ou symboliquement,ANANUM-49-6,Implémenter en Python/numpy un algorithme de méthode itérative,0
modeliser-1.1,Représenter une collection de données numériquement ou symboliquement,ANANUM-49-7,Implémenter en python/numpy la décomposition valeurs propres/singulières,0
modeliser-1.1,Représenter une collection de données numériquement ou symboliquement,,,0
modeliser-1.2,Déterminer les propriétés des entrées sorties d’un composant logiciel ou matériel,ANANUM-1-1,Retrouver les dimensions d’une matrice,1
modeliser-1.2,Déterminer les propriétés des entrées sorties d’un composant logiciel ou matériel,ANANUM-1-2,Identifier les différents type de matrice (structure et taille),1
modeliser-1.2,Déterminer les propriétés des entrées sorties d’un composant logiciel ou matériel,ANANUM-1-3,Identifier et connaître un problème des moindres carrés,0
modeliser-1.2,Déterminer les propriétés des entrées sorties d’un composant logiciel ou matériel,ANANUM-2-1,Retrouver le schema de résolution des moindres carrés avec la méthode du gradient,0
modeliser-1.2,Déterminer les propriétés des entrées sorties d’un composant logiciel ou matériel,ANANUM-3-1,Maitriser les opérations vectorielles (produit scalaire,0
modeliser-1.2,Déterminer les propriétés des entrées sorties d’un composant logiciel ou matériel,ANANUM-14-1,Etre capable de représenter un systèmes d’équation linéaire sous forme matricielle,0
modeliser-1.2,Déterminer les propriétés des entrées sorties d’un composant logiciel ou matériel,ANANUM-15-3,Connaitre les propriétés d’une matrice de Gauss,1
modeliser-1.2,Déterminer les propriétés des entrées sorties d’un composant logiciel ou matériel,ANANUM-15-4,Connaitre les propriétés d’une matrice de permutation,1
modeliser-1.2,Déterminer les propriétés des entrées sorties d’un composant logiciel ou matériel,ANANUM-15-5,Connaitre les propriétés d’une matrice définie positive,1
modeliser-1.2,Déterminer les propriétés des entrées sorties d’un composant logiciel ou matériel,ANANUM-15-6,Connaitre les propriétés d’une matrice orthogonale,1
modeliser-1.2,Déterminer les propriétés des entrées sorties d’un composant logiciel ou matériel,ANANUM-15-7,Connaitre les propriétés d’une matrice de Householder,1
modeliser-1.2,Déterminer les propriétés des entrées sorties d’un composant logiciel ou matériel,ANANUM-15-8,Connaitre les propriétés des normes matricielles et vectorielles,1
modeliser-1.2,Déterminer les propriétés des entrées sorties d’un composant logiciel ou matériel,ANANUM-15-9,Connaitre les propriétés de la décomposition valeurs propres,1
modeliser-1.2,Déterminer les propriétés des entrées sorties d’un composant logiciel ou matériel,ANANUM-15-10,Connaitre les propriétés de la décomposition valeurs singulières,1
modeliser-1.2,Déterminer les propriétés des entrées sorties d’un composant logiciel ou matériel,ANANUM-16-1,Connaitre les conditions d’applications de Cholesky et LDL,0
modeliser-1.2,Déterminer les propriétés des entrées sorties d’un composant logiciel ou matériel,ANANUM-16-2,Identifier les avantages/limites des méthodes décomposition,0
modeliser-1.2,Déterminer les propriétés des entrées sorties d’un composant logiciel ou matériel,ANANUM-16-3,Identifier les similitudes et différences entre Jacobi,0
modeliser-1.2,Déterminer les propriétés des entrées sorties d’un composant logiciel ou matériel,ANANUM-29-1,Etre capable d’implémenter un produit matriciel,0
modeliser-1.2,Déterminer les propriétés des entrées sorties d’un composant logiciel ou matériel,ANANUM-29-2,Etre capable d’implémenter un produit matriciel de différentes manières,0
modeliser-1.2,Déterminer les propriétés des entrées sorties d’un composant logiciel ou matériel,ANANUM-29-3,Connaitre les complexités des opérations vectorielles et matricielles,0
modeliser-1.2,Déterminer les propriétés des entrées sorties d’un composant logiciel ou matériel,ANANUM-29-4,Implémenter la résolution d’un systeme d’équation linéaire avec matrice diagonale,0
modeliser-1.2,Déterminer les propriétés des entrées sorties d’un composant logiciel ou matériel,ANANUM-29-5,Implémenter la résolution d’un systeme d’équation linéaire avec matrice triangulaire,0
modeliser-1.2,Déterminer les propriétés des entrées sorties d’un composant logiciel ou matériel,ANANUM-29-6,Retrouver l’algorithme de calcul de l’inverse d’une matrice triangulaire,0
modeliser-1.2,Déterminer les propriétés des entrées sorties d’un composant logiciel ou matériel,ANANUM-29-7,Retrouver les variantes (exterieur/recursive/trisup) de Cholesky,0
modeliser-1.2,Déterminer les propriétés des entrées sorties d’un composant logiciel ou matériel,ANANUM-29-8,Connaitre les complexités des la résolution de systeme d’équation triangulaires,0
modeliser-1.2,Déterminer les propriétés des entrées sorties d’un composant logiciel ou matériel,ANANUM-29-9,Retrouver le schema de résolution de Ax=b donné A=LU,0
modeliser-1.2,Déterminer les propriétés des entrées sorties d’un composant logiciel ou matériel,ANANUM-29-10,Calculer une matrice triangulaire supérieure en utilisant les matrices de Gauss,0
modeliser-1.2,Déterminer les propriétés des entrées sorties d’un composant logiciel ou matériel,ANANUM-29-11,Connaitre l’algorithme de décomposition PA=LU,0
modeliser-1.2,Déterminer les propriétés des entrées sorties d’un composant logiciel ou matériel,ANANUM-29-12,Retrouver le schema de résolution de Ax=b donné PA=LU,0
modeliser-1.2,Déterminer les propriétés des entrées sorties d’un composant logiciel ou matériel,ANANUM-29-13,Retrouver l’algorithme de décomposition A=LDL,0
modeliser-1.2,Déterminer les propriétés des entrées sorties d’un composant logiciel ou matériel,ANANUM-29-14,Retrouver l’algorithme de Cholesky,0
modeliser-1.2,Déterminer les propriétés des entrées sorties d’un composant logiciel ou matériel,ANANUM-29-16,Retrouver le schema de résolution des moindres carrés avec QR,0
modeliser-1.2,Déterminer les propriétés des entrées sorties d’un composant logiciel ou matériel,ANANUM-29-17,Retrouver l’algorithme de décomposition QR avec Householder,0
modeliser-1.2,Déterminer les propriétés des entrées sorties d’un composant logiciel ou matériel,ANANUM-29-18,Connaitre le principe des méthodes itératives,0
modeliser-1.2,Déterminer les propriétés des entrées sorties d’un composant logiciel ou matériel,ANANUM-29-19,Connaitre le principe de PageRank,0
modeliser-1.2,Déterminer les propriétés des entrées sorties d’un composant logiciel ou matériel,ANANUM-29-20,Calculer  une valeur propre en utilisant l’algorithme des puissances itérées,0
modeliser-1.2,Déterminer les propriétés des entrées sorties d’un composant logiciel ou matériel,ANANUM-29-21,Implémenter l’algorithme QR pour les valeurs propres,0
modeliser-1.2,Déterminer les propriétés des entrées sorties d’un composant logiciel ou matériel,ANANUM-29-22,Calculer les valeurs singulieres d’une matrice a partir des valeurs propres,0
modeliser-1.2,Déterminer les propriétés des entrées sorties d’un composant logiciel ou matériel,ANANUM-29-23,Implémenter l’algorithme de bidiagonisation pour le calcul de la SVD,0
modeliser-1.2,Déterminer les propriétés des entrées sorties d’un composant logiciel ou matériel,ANANUM-30-1,Estimer les valeurs propres avec les cercles de Gershgorin,0
modeliser-1.2,Déterminer les propriétés des entrées sorties d’un composant logiciel ou matériel,ANANUM-31-1,Appliquer les décompositions valeurs propres/singulières pour du débruitage d’images ( ??),0
modeliser-1.2,Déterminer les propriétés des entrées sorties d’un composant logiciel ou matériel,ANANUM-32-1,Exploiter les structures particulières de matrices,0
modeliser-1.2,Déterminer les propriétés des entrées sorties d’un composant logiciel ou matériel,ANANUM-32-2,Optimiser l’implémentation de la transformation de Gauss,0
modeliser-1.2,Déterminer les propriétés des entrées sorties d’un composant logiciel ou matériel,ANANUM-32-3,Optmisier l’approche QR pour les valeurs propres avec la forme tridiagonale,0
modeliser-1.2,Déterminer les propriétés des entrées sorties d’un composant logiciel ou matériel,ANANUM-49-1,Etre capable de coder en Python/numpy le produit matriciel,0
modeliser-1.2,Déterminer les propriétés des entrées sorties d’un composant logiciel ou matériel,ANANUM-49-2,Implémenter en Python/numpy l’algorithme de décomposition LU,0
modeliser-1.2,Déterminer les propriétés des entrées sorties d’un composant logiciel ou matériel,ANANUM-49-3,Implémenter en Python/numpy l’algorithme de décomposition PALU,0
modeliser-1.2,Déterminer les propriétés des entrées sorties d’un composant logiciel ou matériel,ANANUM-49-4,Implémenter LDL et Cholesky en python/numpy,0
modeliser-1.2,Déterminer les propriétés des entrées sorties d’un composant logiciel ou matériel,ANANUM-49-5,Implémenter efficacement en Python/numpy l’algorithme de décomposition QR,0
modeliser-1.2,Déterminer les propriétés des entrées sorties d’un composant logiciel ou matériel,ANANUM-49-6,Implémenter en Python/numpy un algorithme de méthode itérative,0
modeliser-1.2,Déterminer les propriétés des entrées sorties d’un composant logiciel ou matériel,ANANUM-49-7,Implémenter en python/numpy la décomposition valeurs propres/singulières,0
modeliser-1.2,Déterminer les propriétés des entrées sorties d’un composant logiciel ou matériel,,,0
modeliser-1.3,Déterminer la famille d’algorithmes à utiliser au regard des données numériques ou symboliques à traiter,ANANUM-1-1,Retrouver les dimensions d’une matrice,0
modeliser-1.3,Déterminer la famille d’algorithmes à utiliser au regard des données numériques ou symboliques à traiter,ANANUM-1-2,Identifier les différents type de matrice (structure et taille),0
modeliser-1.3,Déterminer la famille d’algorithmes à utiliser au regard des données numériques ou symboliques à traiter,ANANUM-1-3,Identifier et connaître un problème des moindres carrés,0
modeliser-1.3,Déterminer la famille d’algorithmes à utiliser au regard des données numériques ou symboliques à traiter,ANANUM-2-1,Retrouver le schema de résolution des moindres carrés avec la méthode du gradient,0
modeliser-1.3,Déterminer la famille d’algorithmes à utiliser au regard des données numériques ou symboliques à traiter,ANANUM-3-1,Maitriser les opérations vectorielles (produit scalaire,0
modeliser-1.3,Déterminer la famille d’algorithmes à utiliser au regard des données numériques ou symboliques à traiter,ANANUM-14-1,Etre capable de représenter un systèmes d’équation linéaire sous forme matricielle,0
modeliser-1.3,Déterminer la famille d’algorithmes à utiliser au regard des données numériques ou symboliques à traiter,ANANUM-15-3,Connaitre les propriétés d’une matrice de Gauss,0
modeliser-1.3,Déterminer la famille d’algorithmes à utiliser au regard des données numériques ou symboliques à traiter,ANANUM-15-4,Connaitre les propriétés d’une matrice de permutation,0
modeliser-1.3,Déterminer la famille d’algorithmes à utiliser au regard des données numériques ou symboliques à traiter,ANANUM-15-5,Connaitre les propriétés d’une matrice définie positive,0
modeliser-1.3,Déterminer la famille d’algorithmes à utiliser au regard des données numériques ou symboliques à traiter,ANANUM-15-6,Connaitre les propriétés d’une matrice orthogonale,0
modeliser-1.3,Déterminer la famille d’algorithmes à utiliser au regard des données numériques ou symboliques à traiter,ANANUM-15-7,Connaitre les propriétés d’une matrice de Householder,0
modeliser-1.3,Déterminer la famille d’algorithmes à utiliser au regard des données numériques ou symboliques à traiter,ANANUM-15-8,Connaitre les propriétés des normes matricielles et vectorielles,0
modeliser-1.3,Déterminer la famille d’algorithmes à utiliser au regard des données numériques ou symboliques à traiter,ANANUM-15-9,Connaitre les propriétés de la décomposition valeurs propres,0
modeliser-1.3,Déterminer la famille d’algorithmes à utiliser au regard des données numériques ou symboliques à traiter,ANANUM-15-10,Connaitre les propriétés de la décomposition valeurs singulières,0
modeliser-1.3,Déterminer la famille d’algorithmes à utiliser au regard des données numériques ou symboliques à traiter,ANANUM-16-1,Connaitre les conditions d’applications de Cholesky et LDL,1
modeliser-1.3,Déterminer la famille d’algorithmes à utiliser au regard des données numériques ou symboliques à traiter,ANANUM-16-2,Identifier les avantages/limites des méthodes décomposition,1
modeliser-1.3,Déterminer la famille d’algorithmes à utiliser au regard des données numériques ou symboliques à traiter,ANANUM-16-3,Identifier les similitudes et différences entre Jacobi,1
modeliser-1.3,Déterminer la famille d’algorithmes à utiliser au regard des données numériques ou symboliques à traiter,ANANUM-29-1,Etre capable d’implémenter un produit matriciel,0
modeliser-1.3,Déterminer la famille d’algorithmes à utiliser au regard des données numériques ou symboliques à traiter,ANANUM-29-2,Etre capable d’implémenter un produit matriciel de différentes manières,0
modeliser-1.3,Déterminer la famille d’algorithmes à utiliser au regard des données numériques ou symboliques à traiter,ANANUM-29-3,Connaitre les complexités des opérations vectorielles et matricielles,0
modeliser-1.3,Déterminer la famille d’algorithmes à utiliser au regard des données numériques ou symboliques à traiter,ANANUM-29-4,Implémenter la résolution d’un systeme d’équation linéaire avec matrice diagonale,0
modeliser-1.3,Déterminer la famille d’algorithmes à utiliser au regard des données numériques ou symboliques à traiter,ANANUM-29-5,Implémenter la résolution d’un systeme d’équation linéaire avec matrice triangulaire,0
modeliser-1.3,Déterminer la famille d’algorithmes à utiliser au regard des données numériques ou symboliques à traiter,ANANUM-29-6,Retrouver l’algorithme de calcul de l’inverse d’une matrice triangulaire,0
modeliser-1.3,Déterminer la famille d’algorithmes à utiliser au regard des données numériques ou symboliques à traiter,ANANUM-29-7,Retrouver les variantes (exterieur/recursive/trisup) de Cholesky,0
modeliser-1.3,Déterminer la famille d’algorithmes à utiliser au regard des données numériques ou symboliques à traiter,ANANUM-29-8,Connaitre les complexités des la résolution de systeme d’équation triangulaires,0
modeliser-1.3,Déterminer la famille d’algorithmes à utiliser au regard des données numériques ou symboliques à traiter,ANANUM-29-9,Retrouver le schema de résolution de Ax=b donné A=LU,0
modeliser-1.3,Déterminer la famille d’algorithmes à utiliser au regard des données numériques ou symboliques à traiter,ANANUM-29-10,Calculer une matrice triangulaire supérieure en utilisant les matrices de Gauss,0
modeliser-1.3,Déterminer la famille d’algorithmes à utiliser au regard des données numériques ou symboliques à traiter,ANANUM-29-11,Connaitre l’algorithme de décomposition PA=LU,0
modeliser-1.3,Déterminer la famille d’algorithmes à utiliser au regard des données numériques ou symboliques à traiter,ANANUM-29-12,Retrouver le schema de résolution de Ax=b donné PA=LU,0
modeliser-1.3,Déterminer la famille d’algorithmes à utiliser au regard des données numériques ou symboliques à traiter,ANANUM-29-13,Retrouver l’algorithme de décomposition A=LDL,0
modeliser-1.3,Déterminer la famille d’algorithmes à utiliser au regard des données numériques ou symboliques à traiter,ANANUM-29-14,Retrouver l’algorithme de Cholesky,0
modeliser-1.3,Déterminer la famille d’algorithmes à utiliser au regard des données numériques ou symboliques à traiter,ANANUM-29-16,Retrouver le schema de résolution des moindres carrés avec QR,0
modeliser-1.3,Déterminer la famille d’algorithmes à utiliser au regard des données numériques ou symboliques à traiter,ANANUM-29-17,Retrouver l’algorithme de décomposition QR avec Householder,0
modeliser-1.3,Déterminer la famille d’algorithmes à utiliser au regard des données numériques ou symboliques à traiter,ANANUM-29-18,Connaitre le principe des méthodes itératives,0
modeliser-1.3,Déterminer la famille d’algorithmes à utiliser au regard des données numériques ou symboliques à traiter,ANANUM-29-19,Connaitre le principe de PageRank,0
modeliser-1.3,Déterminer la famille d’algorithmes à utiliser au regard des données numériques ou symboliques à traiter,ANANUM-29-20,Calculer  une valeur propre en utilisant l’algorithme des puissances itérées,0
modeliser-1.3,Déterminer la famille d’algorithmes à utiliser au regard des données numériques ou symboliques à traiter,ANANUM-29-21,Implémenter l’algorithme QR pour les valeurs propres,0
modeliser-1.3,Déterminer la famille d’algorithmes à utiliser au regard des données numériques ou symboliques à traiter,ANANUM-29-22,Calculer les valeurs singulieres d’une matrice a partir des valeurs propres,0
modeliser-1.3,Déterminer la famille d’algorithmes à utiliser au regard des données numériques ou symboliques à traiter,ANANUM-29-23,Implémenter l’algorithme de bidiagonisation pour le calcul de la SVD,0
modeliser-1.3,Déterminer la famille d’algorithmes à utiliser au regard des données numériques ou symboliques à traiter,ANANUM-30-1,Estimer les valeurs propres avec les cercles de Gershgorin,0
modeliser-1.3,Déterminer la famille d’algorithmes à utiliser au regard des données numériques ou symboliques à traiter,ANANUM-31-1,Appliquer les décompositions valeurs propres/singulières pour du débruitage d’images ( ??),0
modeliser-1.3,Déterminer la famille d’algorithmes à utiliser au regard des données numériques ou symboliques à traiter,ANANUM-32-1,Exploiter les structures particulières de matrices,0
modeliser-1.3,Déterminer la famille d’algorithmes à utiliser au regard des données numériques ou symboliques à traiter,ANANUM-32-2,Optimiser l’implémentation de la transformation de Gauss,0
modeliser-1.3,Déterminer la famille d’algorithmes à utiliser au regard des données numériques ou symboliques à traiter,ANANUM-32-3,Optmisier l’approche QR pour les valeurs propres avec la forme tridiagonale,0
modeliser-1.3,Déterminer la famille d’algorithmes à utiliser au regard des données numériques ou symboliques à traiter,ANANUM-49-1,Etre capable de coder en Python/numpy le produit matriciel,0
modeliser-1.3,Déterminer la famille d’algorithmes à utiliser au regard des données numériques ou symboliques à traiter,ANANUM-49-2,Implémenter en Python/numpy l’algorithme de décomposition LU,0
modeliser-1.3,Déterminer la famille d’algorithmes à utiliser au regard des données numériques ou symboliques à traiter,ANANUM-49-3,Implémenter en Python/numpy l’algorithme de décomposition PALU,0
modeliser-1.3,Déterminer la famille d’algorithmes à utiliser au regard des données numériques ou symboliques à traiter,ANANUM-49-4,Implémenter LDL et Cholesky en python/numpy,0
modeliser-1.3,Déterminer la famille d’algorithmes à utiliser au regard des données numériques ou symboliques à traiter,ANANUM-49-5,Implémenter efficacement en Python/numpy l’algorithme de décomposition QR,0
modeliser-1.3,Déterminer la famille d’algorithmes à utiliser au regard des données numériques ou symboliques à traiter,ANANUM-49-6,Implémenter en Python/numpy un algorithme de méthode itérative,0
modeliser-1.3,Déterminer la famille d’algorithmes à utiliser au regard des données numériques ou symboliques à traiter,ANANUM-49-7,Implémenter en python/numpy la décomposition valeurs propres/singulières,0
modeliser-1.3,Déterminer la famille d’algorithmes à utiliser au regard des données numériques ou symboliques à traiter,,,0
modeliser-1.4,Identifier le rôle des composants d’un ordinateur ou des systèmes électroniques,ANANUM-1-1,Retrouver les dimensions d’une matrice,0
modeliser-1.4,Identifier le rôle des composants d’un ordinateur ou des systèmes électroniques,ANANUM-1-2,Identifier les différents type de matrice (structure et taille),0
modeliser-1.4,Identifier le rôle des composants d’un ordinateur ou des systèmes électroniques,ANANUM-1-3,Identifier et connaître un problème des moindres carrés,0
modeliser-1.4,Identifier le rôle des composants d’un ordinateur ou des systèmes électroniques,ANANUM-2-1,Retrouver le schema de résolution des moindres carrés avec la méthode du gradient,0
modeliser-1.4,Identifier le rôle des composants d’un ordinateur ou des systèmes électroniques,ANANUM-3-1,Maitriser les opérations vectorielles (produit scalaire,0
modeliser-1.4,Identifier le rôle des composants d’un ordinateur ou des systèmes électroniques,ANANUM-14-1,Etre capable de représenter un systèmes d’équation linéaire sous forme matricielle,0
modeliser-1.4,Identifier le rôle des composants d’un ordinateur ou des systèmes électroniques,ANANUM-15-3,Connaitre les propriétés d’une matrice de Gauss,0
modeliser-1.4,Identifier le rôle des composants d’un ordinateur ou des systèmes électroniques,ANANUM-15-4,Connaitre les propriétés d’une matrice de permutation,0
modeliser-1.4,Identifier le rôle des composants d’un ordinateur ou des systèmes électroniques,ANANUM-15-5,Connaitre les propriétés d’une matrice définie positive,0
modeliser-1.4,Identifier le rôle des composants d’un ordinateur ou des systèmes électroniques,ANANUM-15-6,Connaitre les propriétés d’une matrice orthogonale,0
modeliser-1.4,Identifier le rôle des composants d’un ordinateur ou des systèmes électroniques,ANANUM-15-7,Connaitre les propriétés d’une matrice de Householder,0
modeliser-1.4,Identifier le rôle des composants d’un ordinateur ou des systèmes électroniques,ANANUM-15-8,Connaitre les propriétés des normes matricielles et vectorielles,0
modeliser-1.4,Identifier le rôle des composants d’un ordinateur ou des systèmes électroniques,ANANUM-15-9,Connaitre les propriétés de la décomposition valeurs propres,0
modeliser-1.4,Identifier le rôle des composants d’un ordinateur ou des systèmes électroniques,ANANUM-15-10,Connaitre les propriétés de la décomposition valeurs singulières,0
modeliser-1.4,Identifier le rôle des composants d’un ordinateur ou des systèmes électroniques,ANANUM-16-1,Connaitre les conditions d’applications de Cholesky et LDL,0
modeliser-1.4,Identifier le rôle des composants d’un ordinateur ou des systèmes électroniques,ANANUM-16-2,Identifier les avantages/limites des méthodes décomposition,0
modeliser-1.4,Identifier le rôle des composants d’un ordinateur ou des systèmes électroniques,ANANUM-16-3,Identifier les similitudes et différences entre Jacobi,0
modeliser-1.4,Identifier le rôle des composants d’un ordinateur ou des systèmes électroniques,ANANUM-29-1,Etre capable d’implémenter un produit matriciel,0
modeliser-1.4,Identifier le rôle des composants d’un ordinateur ou des systèmes électroniques,ANANUM-29-2,Etre capable d’implémenter un produit matriciel de différentes manières,0
modeliser-1.4,Identifier le rôle des composants d’un ordinateur ou des systèmes électroniques,ANANUM-29-3,Connaitre les complexités des opérations vectorielles et matricielles,0
modeliser-1.4,Identifier le rôle des composants d’un ordinateur ou des systèmes électroniques,ANANUM-29-4,Implémenter la résolution d’un systeme d’équation linéaire avec matrice diagonale,0
modeliser-1.4,Identifier le rôle des composants d’un ordinateur ou des systèmes électroniques,ANANUM-29-5,Implémenter la résolution d’un systeme d’équation linéaire avec matrice triangulaire,0
modeliser-1.4,Identifier le rôle des composants d’un ordinateur ou des systèmes électroniques,ANANUM-29-6,Retrouver l’algorithme de calcul de l’inverse d’une matrice triangulaire,0
modeliser-1.4,Identifier le rôle des composants d’un ordinateur ou des systèmes électroniques,ANANUM-29-7,Retrouver les variantes (exterieur/recursive/trisup) de Cholesky,0
modeliser-1.4,Identifier le rôle des composants d’un ordinateur ou des systèmes électroniques,ANANUM-29-8,Connaitre les complexités des la résolution de systeme d’équation triangulaires,0
modeliser-1.4,Identifier le rôle des composants d’un ordinateur ou des systèmes électroniques,ANANUM-29-9,Retrouver le schema de résolution de Ax=b donné A=LU,0
modeliser-1.4,Identifier le rôle des composants d’un ordinateur ou des systèmes électroniques,ANANUM-29-10,Calculer une matrice triangulaire supérieure en utilisant les matrices de Gauss,0
modeliser-1.4,Identifier le rôle des composants d’un ordinateur ou des systèmes électroniques,ANANUM-29-11,Connaitre l’algorithme de décomposition PA=LU,0
modeliser-1.4,Identifier le rôle des composants d’un ordinateur ou des systèmes électroniques,ANANUM-29-12,Retrouver le schema de résolution de Ax=b donné PA=LU,0
modeliser-1.4,Identifier le rôle des composants d’un ordinateur ou des systèmes électroniques,ANANUM-29-13,Retrouver l’algorithme de décomposition A=LDL,0
modeliser-1.4,Identifier le rôle des composants d’un ordinateur ou des systèmes électroniques,ANANUM-29-14,Retrouver l’algorithme de Cholesky,0
modeliser-1.4,Identifier le rôle des composants d’un ordinateur ou des systèmes électroniques,ANANUM-29-16,Retrouver le schema de résolution des moindres carrés avec QR,0
modeliser-1.4,Identifier le rôle des composants d’un ordinateur ou des systèmes électroniques,ANANUM-29-17,Retrouver l’algorithme de décomposition QR avec Householder,0
modeliser-1.4,Identifier le rôle des composants d’un ordinateur ou des systèmes électroniques,ANANUM-29-18,Connaitre le principe des méthodes itératives,0
modeliser-1.4,Identifier le rôle des composants d’un ordinateur ou des systèmes électroniques,ANANUM-29-19,Connaitre le principe de PageRank,0
modeliser-1.4,Identifier le rôle des composants d’un ordinateur ou des systèmes électroniques,ANANUM-29-20,Calculer  une valeur propre en utilisant l’algorithme des puissances itérées,0
modeliser-1.4,Identifier le rôle des composants d’un ordinateur ou des systèmes électroniques,ANANUM-29-21,Implémenter l’algorithme QR pour les valeurs propres,0
modeliser-1.4,Identifier le rôle des composants d’un ordinateur ou des systèmes électroniques,ANANUM-29-22,Calculer les valeurs singulieres d’une matrice a partir des valeurs propres,0
modeliser-1.4,Identifier le rôle des composants d’un ordinateur ou des systèmes électroniques,ANANUM-29-23,Implémenter l’algorithme de bidiagonisation pour le calcul de la SVD,0
modeliser-1.4,Identifier le rôle des composants d’un ordinateur ou des systèmes électroniques,ANANUM-30-1,Estimer les valeurs propres avec les cercles de Gershgorin,0
modeliser-1.4,Identifier le rôle des composants d’un ordinateur ou des systèmes électroniques,ANANUM-31-1,Appliquer les décompositions valeurs propres/singulières pour du débruitage d’images ( ??),0
modeliser-1.4,Identifier le rôle des composants d’un ordinateur ou des systèmes électroniques,ANANUM-32-1,Exploiter les structures particulières de matrices,0
modeliser-1.4,Identifier le rôle des composants d’un ordinateur ou des systèmes électroniques,ANANUM-32-2,Optimiser l’implémentation de la transformation de Gauss,0
modeliser-1.4,Identifier le rôle des composants d’un ordinateur ou des systèmes électroniques,ANANUM-32-3,Optmisier l’approche QR pour les valeurs propres avec la forme tridiagonale,0
modeliser-1.4,Identifier le rôle des composants d’un ordinateur ou des systèmes électroniques,ANANUM-49-1,Etre capable de coder en Python/numpy le produit matriciel,0
modeliser-1.4,Identifier le rôle des composants d’un ordinateur ou des systèmes électroniques,ANANUM-49-2,Implémenter en Python/numpy l’algorithme de décomposition LU,0
modeliser-1.4,Identifier le rôle des composants d’un ordinateur ou des systèmes électroniques,ANANUM-49-3,Implémenter en Python/numpy l’algorithme de décomposition PALU,0
modeliser-1.4,Identifier le rôle des composants d’un ordinateur ou des systèmes électroniques,ANANUM-49-4,Implémenter LDL et Cholesky en python/numpy,0
modeliser-1.4,Identifier le rôle des composants d’un ordinateur ou des systèmes électroniques,ANANUM-49-5,Implémenter efficacement en Python/numpy l’algorithme de décomposition QR,0
modeliser-1.4,Identifier le rôle des composants d’un ordinateur ou des systèmes électroniques,ANANUM-49-6,Implémenter en Python/numpy un algorithme de méthode itérative,0
modeliser-1.4,Identifier le rôle des composants d’un ordinateur ou des systèmes électroniques,ANANUM-49-7,Implémenter en python/numpy la décomposition valeurs propres/singulières,0
modeliser-1.4,Identifier le rôle des composants d’un ordinateur ou des systèmes électroniques,,,0
modeliser-2.1,Analyser les données numériques et symboliques du problème,ANANUM-1-1,Retrouver les dimensions d’une matrice,0
modeliser-2.1,Analyser les données numériques et symboliques du problème,ANANUM-1-2,Identifier les différents type de matrice (structure et taille),0
modeliser-2.1,Analyser les données numériques et symboliques du problème,ANANUM-1-3,Identifier et connaître un problème des moindres carrés,0
modeliser-2.1,Analyser les données numériques et symboliques du problème,ANANUM-2-1,Retrouver le schema de résolution des moindres carrés avec la méthode du gradient,0
modeliser-2.1,Analyser les données numériques et symboliques du problème,ANANUM-3-1,Maitriser les opérations vectorielles (produit scalaire,0
modeliser-2.1,Analyser les données numériques et symboliques du problème,ANANUM-14-1,Etre capable de représenter un systèmes d’équation linéaire sous forme matricielle,0
modeliser-2.1,Analyser les données numériques et symboliques du problème,ANANUM-15-3,Connaitre les propriétés d’une matrice de Gauss,0
modeliser-2.1,Analyser les données numériques et symboliques du problème,ANANUM-15-4,Connaitre les propriétés d’une matrice de permutation,0
modeliser-2.1,Analyser les données numériques et symboliques du problème,ANANUM-15-5,Connaitre les propriétés d’une matrice définie positive,0
modeliser-2.1,Analyser les données numériques et symboliques du problème,ANANUM-15-6,Connaitre les propriétés d’une matrice orthogonale,0
modeliser-2.1,Analyser les données numériques et symboliques du problème,ANANUM-15-7,Connaitre les propriétés d’une matrice de Householder,0
modeliser-2.1,Analyser les données numériques et symboliques du problème,ANANUM-15-8,Connaitre les propriétés des normes matricielles et vectorielles,0
modeliser-2.1,Analyser les données numériques et symboliques du problème,ANANUM-15-9,Connaitre les propriétés de la décomposition valeurs propres,0
modeliser-2.1,Analyser les données numériques et symboliques du problème,ANANUM-15-10,Connaitre les propriétés de la décomposition valeurs singulières,0
modeliser-2.1,Analyser les données numériques et symboliques du problème,ANANUM-16-1,Connaitre les conditions d’applications de Cholesky et LDL,0
modeliser-2.1,Analyser les données numériques et symboliques du problème,ANANUM-16-2,Identifier les avantages/limites des méthodes décomposition,0
modeliser-2.1,Analyser les données numériques et symboliques du problème,ANANUM-16-3,Identifier les similitudes et différences entre Jacobi,0
modeliser-2.1,Analyser les données numériques et symboliques du problème,ANANUM-29-1,Etre capable d’implémenter un produit matriciel,0
modeliser-2.1,Analyser les données numériques et symboliques du problème,ANANUM-29-2,Etre capable d’implémenter un produit matriciel de différentes manières,0
modeliser-2.1,Analyser les données numériques et symboliques du problème,ANANUM-29-3,Connaitre les complexités des opérations vectorielles et matricielles,0
modeliser-2.1,Analyser les données numériques et symboliques du problème,ANANUM-29-4,Implémenter la résolution d’un systeme d’équation linéaire avec matrice diagonale,0
modeliser-2.1,Analyser les données numériques et symboliques du problème,ANANUM-29-5,Implémenter la résolution d’un systeme d’équation linéaire avec matrice triangulaire,0
modeliser-2.1,Analyser les données numériques et symboliques du problème,ANANUM-29-6,Retrouver l’algorithme de calcul de l’inverse d’une matrice triangulaire,0
modeliser-2.1,Analyser les données numériques et symboliques du problème,ANANUM-29-7,Retrouver les variantes (exterieur/recursive/trisup) de Cholesky,0
modeliser-2.1,Analyser les données numériques et symboliques du problème,ANANUM-29-8,Connaitre les complexités des la résolution de systeme d’équation triangulaires,0
modeliser-2.1,Analyser les données numériques et symboliques du problème,ANANUM-29-9,Retrouver le schema de résolution de Ax=b donné A=LU,0
modeliser-2.1,Analyser les données numériques et symboliques du problème,ANANUM-29-10,Calculer une matrice triangulaire supérieure en utilisant les matrices de Gauss,0
modeliser-2.1,Analyser les données numériques et symboliques du problème,ANANUM-29-11,Connaitre l’algorithme de décomposition PA=LU,0
modeliser-2.1,Analyser les données numériques et symboliques du problème,ANANUM-29-12,Retrouver le schema de résolution de Ax=b donné PA=LU,0
modeliser-2.1,Analyser les données numériques et symboliques du problème,ANANUM-29-13,Retrouver l’algorithme de décomposition A=LDL,0
modeliser-2.1,Analyser les données numériques et symboliques du problème,ANANUM-29-14,Retrouver l’algorithme de Cholesky,0
modeliser-2.1,Analyser les données numériques et symboliques du problème,ANANUM-29-16,Retrouver le schema de résolution des moindres carrés avec QR,0
modeliser-2.1,Analyser les données numériques et symboliques du problème,ANANUM-29-17,Retrouver l’algorithme de décomposition QR avec Householder,0
modeliser-2.1,Analyser les données numériques et symboliques du problème,ANANUM-29-18,Connaitre le principe des méthodes itératives,0
modeliser-2.1,Analyser les données numériques et symboliques du problème,ANANUM-29-19,Connaitre le principe de PageRank,0
modeliser-2.1,Analyser les données numériques et symboliques du problème,ANANUM-29-20,Calculer  une valeur propre en utilisant l’algorithme des puissances itérées,0
modeliser-2.1,Analyser les données numériques et symboliques du problème,ANANUM-29-21,Implémenter l’algorithme QR pour les valeurs propres,0
modeliser-2.1,Analyser les données numériques et symboliques du problème,ANANUM-29-22,Calculer les valeurs singulieres d’une matrice a partir des valeurs propres,0
modeliser-2.1,Analyser les données numériques et symboliques du problème,ANANUM-29-23,Implémenter l’algorithme de bidiagonisation pour le calcul de la SVD,0
modeliser-2.1,Analyser les données numériques et symboliques du problème,ANANUM-30-1,Estimer les valeurs propres avec les cercles de Gershgorin,0
modeliser-2.1,Analyser les données numériques et symboliques du problème,ANANUM-31-1,Appliquer les décompositions valeurs propres/singulières pour du débruitage d’images ( ??),0
modeliser-2.1,Analyser les données numériques et symboliques du problème,ANANUM-32-1,Exploiter les structures particulières de matrices,0
modeliser-2.1,Analyser les données numériques et symboliques du problème,ANANUM-32-2,Optimiser l’implémentation de la transformation de Gauss,0
modeliser-2.1,Analyser les données numériques et symboliques du problème,ANANUM-32-3,Optmisier l’approche QR pour les valeurs propres avec la forme tridiagonale,0
modeliser-2.1,Analyser les données numériques et symboliques du problème,ANANUM-49-1,Etre capable de coder en Python/numpy le produit matriciel,0
modeliser-2.1,Analyser les données numériques et symboliques du problème,ANANUM-49-2,Implémenter en Python/numpy l’algorithme de décomposition LU,0
modeliser-2.1,Analyser les données numériques et symboliques du problème,ANANUM-49-3,Implémenter en Python/numpy l’algorithme de décomposition PALU,0
modeliser-2.1,Analyser les données numériques et symboliques du problème,ANANUM-49-4,Implémenter LDL et Cholesky en python/numpy,0
modeliser-2.1,Analyser les données numériques et symboliques du problème,ANANUM-49-5,Implémenter efficacement en Python/numpy l’algorithme de décomposition QR,0
modeliser-2.1,Analyser les données numériques et symboliques du problème,ANANUM-49-6,Implémenter en Python/numpy un algorithme de méthode itérative,0
modeliser-2.1,Analyser les données numériques et symboliques du problème,ANANUM-49-7,Implémenter en python/numpy la décomposition valeurs propres/singulières,0
modeliser-2.1,Analyser les données numériques et symboliques du problème,,,0
modeliser-2.2,Comparer les différentes représentations numériques et symboliques des données,ANANUM-1-1,Retrouver les dimensions d’une matrice,0
modeliser-2.2,Comparer les différentes représentations numériques et symboliques des données,ANANUM-1-2,Identifier les différents type de matrice (structure et taille),0
modeliser-2.2,Comparer les différentes représentations numériques et symboliques des données,ANANUM-1-3,Identifier et connaître un problème des moindres carrés,0
modeliser-2.2,Comparer les différentes représentations numériques et symboliques des données,ANANUM-2-1,Retrouver le schema de résolution des moindres carrés avec la méthode du gradient,0
modeliser-2.2,Comparer les différentes représentations numériques et symboliques des données,ANANUM-3-1,Maitriser les opérations vectorielles (produit scalaire,0
modeliser-2.2,Comparer les différentes représentations numériques et symboliques des données,ANANUM-14-1,Etre capable de représenter un systèmes d’équation linéaire sous forme matricielle,0
modeliser-2.2,Comparer les différentes représentations numériques et symboliques des données,ANANUM-15-3,Connaitre les propriétés d’une matrice de Gauss,0
modeliser-2.2,Comparer les différentes représentations numériques et symboliques des données,ANANUM-15-4,Connaitre les propriétés d’une matrice de permutation,0
modeliser-2.2,Comparer les différentes représentations numériques et symboliques des données,ANANUM-15-5,Connaitre les propriétés d’une matrice définie positive,0
modeliser-2.2,Comparer les différentes représentations numériques et symboliques des données,ANANUM-15-6,Connaitre les propriétés d’une matrice orthogonale,0
modeliser-2.2,Comparer les différentes représentations numériques et symboliques des données,ANANUM-15-7,Connaitre les propriétés d’une matrice de Householder,0
modeliser-2.2,Comparer les différentes représentations numériques et symboliques des données,ANANUM-15-8,Connaitre les propriétés des normes matricielles et vectorielles,0
modeliser-2.2,Comparer les différentes représentations numériques et symboliques des données,ANANUM-15-9,Connaitre les propriétés de la décomposition valeurs propres,0
modeliser-2.2,Comparer les différentes représentations numériques et symboliques des données,ANANUM-15-10,Connaitre les propriétés de la décomposition valeurs singulières,0
modeliser-2.2,Comparer les différentes représentations numériques et symboliques des données,ANANUM-16-1,Connaitre les conditions d’applications de Cholesky et LDL,0
modeliser-2.2,Comparer les différentes représentations numériques et symboliques des données,ANANUM-16-2,Identifier les avantages/limites des méthodes décomposition,0
modeliser-2.2,Comparer les différentes représentations numériques et symboliques des données,ANANUM-16-3,Identifier les similitudes et différences entre Jacobi,0
modeliser-2.2,Comparer les différentes représentations numériques et symboliques des données,ANANUM-29-1,Etre capable d’implémenter un produit matriciel,0
modeliser-2.2,Comparer les différentes représentations numériques et symboliques des données,ANANUM-29-2,Etre capable d’implémenter un produit matriciel de différentes manières,0
modeliser-2.2,Comparer les différentes représentations numériques et symboliques des données,ANANUM-29-3,Connaitre les complexités des opérations vectorielles et matricielles,0
modeliser-2.2,Comparer les différentes représentations numériques et symboliques des données,ANANUM-29-4,Implémenter la résolution d’un systeme d’équation linéaire avec matrice diagonale,0
modeliser-2.2,Comparer les différentes représentations numériques et symboliques des données,ANANUM-29-5,Implémenter la résolution d’un systeme d’équation linéaire avec matrice triangulaire,0
modeliser-2.2,Comparer les différentes représentations numériques et symboliques des données,ANANUM-29-6,Retrouver l’algorithme de calcul de l’inverse d’une matrice triangulaire,0
modeliser-2.2,Comparer les différentes représentations numériques et symboliques des données,ANANUM-29-7,Retrouver les variantes (exterieur/recursive/trisup) de Cholesky,0
modeliser-2.2,Comparer les différentes représentations numériques et symboliques des données,ANANUM-29-8,Connaitre les complexités des la résolution de systeme d’équation triangulaires,0
modeliser-2.2,Comparer les différentes représentations numériques et symboliques des données,ANANUM-29-9,Retrouver le schema de résolution de Ax=b donné A=LU,0
modeliser-2.2,Comparer les différentes représentations numériques et symboliques des données,ANANUM-29-10,Calculer une matrice triangulaire supérieure en utilisant les matrices de Gauss,0
modeliser-2.2,Comparer les différentes représentations numériques et symboliques des données,ANANUM-29-11,Connaitre l’algorithme de décomposition PA=LU,0
modeliser-2.2,Comparer les différentes représentations numériques et symboliques des données,ANANUM-29-12,Retrouver le schema de résolution de Ax=b donné PA=LU,0
modeliser-2.2,Comparer les différentes représentations numériques et symboliques des données,ANANUM-29-13,Retrouver l’algorithme de décomposition A=LDL,0
modeliser-2.2,Comparer les différentes représentations numériques et symboliques des données,ANANUM-29-14,Retrouver l’algorithme de Cholesky,0
modeliser-2.2,Comparer les différentes représentations numériques et symboliques des données,ANANUM-29-16,Retrouver le schema de résolution des moindres carrés avec QR,0
modeliser-2.2,Comparer les différentes représentations numériques et symboliques des données,ANANUM-29-17,Retrouver l’algorithme de décomposition QR avec Householder,0
modeliser-2.2,Comparer les différentes représentations numériques et symboliques des données,ANANUM-29-18,Connaitre le principe des méthodes itératives,0
modeliser-2.2,Comparer les différentes représentations numériques et symboliques des données,ANANUM-29-19,Connaitre le principe de PageRank,0
modeliser-2.2,Comparer les différentes représentations numériques et symboliques des données,ANANUM-29-20,Calculer  une valeur propre en utilisant l’algorithme des puissances itérées,0
modeliser-2.2,Comparer les différentes représentations numériques et symboliques des données,ANANUM-29-21,Implémenter l’algorithme QR pour les valeurs propres,0
modeliser-2.2,Comparer les différentes représentations numériques et symboliques des données,ANANUM-29-22,Calculer les valeurs singulieres d’une matrice a partir des valeurs propres,0
modeliser-2.2,Comparer les différentes représentations numériques et symboliques des données,ANANUM-29-23,Implémenter l’algorithme de bidiagonisation pour le calcul de la SVD,0
modeliser-2.2,Comparer les différentes représentations numériques et symboliques des données,ANANUM-30-1,Estimer les valeurs propres avec les cercles de Gershgorin,0
modeliser-2.2,Comparer les différentes représentations numériques et symboliques des données,ANANUM-31-1,Appliquer les décompositions valeurs propres/singulières pour du débruitage d’images ( ??),0
modeliser-2.2,Comparer les différentes représentations numériques et symboliques des données,ANANUM-32-1,Exploiter les structures particulières de matrices,0
modeliser-2.2,Comparer les différentes représentations numériques et symboliques des données,ANANUM-32-2,Optimiser l’implémentation de la transformation de Gauss,0
modeliser-2.2,Comparer les différentes représentations numériques et symboliques des données,ANANUM-32-3,Optmisier l’approche QR pour les valeurs propres avec la forme tridiagonale,0
modeliser-2.2,Comparer les différentes représentations numériques et symboliques des données,ANANUM-49-1,Etre capable de coder en Python/numpy le produit matriciel,0
modeliser-2.2,Comparer les différentes représentations numériques et symboliques des données,ANANUM-49-2,Implémenter en Python/numpy l’algorithme de décomposition LU,0
modeliser-2.2,Comparer les différentes représentations numériques et symboliques des données,ANANUM-49-3,Implémenter en Python/numpy l’algorithme de décomposition PALU,0
modeliser-2.2,Comparer les différentes représentations numériques et symboliques des données,ANANUM-49-4,Implémenter LDL et Cholesky en python/numpy,0
modeliser-2.2,Comparer les différentes représentations numériques et symboliques des données,ANANUM-49-5,Implémenter efficacement en Python/numpy l’algorithme de décomposition QR,0
modeliser-2.2,Comparer les différentes représentations numériques et symboliques des données,ANANUM-49-6,Implémenter en Python/numpy un algorithme de méthode itérative,0
modeliser-2.2,Comparer les différentes représentations numériques et symboliques des données,ANANUM-49-7,Implémenter en python/numpy la décomposition valeurs propres/singulières,0
modeliser-2.2,Comparer les différentes représentations numériques et symboliques des données,,,0
modeliser-2.3,Représenter dans le paradigme de la programmation orienté objet aussi bien les données que les fonctionnalités du problème,ANANUM-1-1,Retrouver les dimensions d’une matrice,0
modeliser-2.3,Représenter dans le paradigme de la programmation orienté objet aussi bien les données que les fonctionnalités du problème,ANANUM-1-2,Identifier les différents type de matrice (structure et taille),0
modeliser-2.3,Représenter dans le paradigme de la programmation orienté objet aussi bien les données que les fonctionnalités du problème,ANANUM-1-3,Identifier et connaître un problème des moindres carrés,0
modeliser-2.3,Représenter dans le paradigme de la programmation orienté objet aussi bien les données que les fonctionnalités du problème,ANANUM-2-1,Retrouver le schema de résolution des moindres carrés avec la méthode du gradient,0
modeliser-2.3,Représenter dans le paradigme de la programmation orienté objet aussi bien les données que les fonctionnalités du problème,ANANUM-3-1,Maitriser les opérations vectorielles (produit scalaire,0
modeliser-2.3,Représenter dans le paradigme de la programmation orienté objet aussi bien les données que les fonctionnalités du problème,ANANUM-14-1,Etre capable de représenter un systèmes d’équation linéaire sous forme matricielle,0
modeliser-2.3,Représenter dans le paradigme de la programmation orienté objet aussi bien les données que les fonctionnalités du problème,ANANUM-15-3,Connaitre les propriétés d’une matrice de Gauss,0
modeliser-2.3,Représenter dans le paradigme de la programmation orienté objet aussi bien les données que les fonctionnalités du problème,ANANUM-15-4,Connaitre les propriétés d’une matrice de permutation,0
modeliser-2.3,Représenter dans le paradigme de la programmation orienté objet aussi bien les données que les fonctionnalités du problème,ANANUM-15-5,Connaitre les propriétés d’une matrice définie positive,0
modeliser-2.3,Représenter dans le paradigme de la programmation orienté objet aussi bien les données que les fonctionnalités du problème,ANANUM-15-6,Connaitre les propriétés d’une matrice orthogonale,0
modeliser-2.3,Représenter dans le paradigme de la programmation orienté objet aussi bien les données que les fonctionnalités du problème,ANANUM-15-7,Connaitre les propriétés d’une matrice de Householder,0
modeliser-2.3,Représenter dans le paradigme de la programmation orienté objet aussi bien les données que les fonctionnalités du problème,ANANUM-15-8,Connaitre les propriétés des normes matricielles et vectorielles,0
modeliser-2.3,Représenter dans le paradigme de la programmation orienté objet aussi bien les données que les fonctionnalités du problème,ANANUM-15-9,Connaitre les propriétés de la décomposition valeurs propres,0
modeliser-2.3,Représenter dans le paradigme de la programmation orienté objet aussi bien les données que les fonctionnalités du problème,ANANUM-15-10,Connaitre les propriétés de la décomposition valeurs singulières,0
modeliser-2.3,Représenter dans le paradigme de la programmation orienté objet aussi bien les données que les fonctionnalités du problème,ANANUM-16-1,Connaitre les conditions d’applications de Cholesky et LDL,0
modeliser-2.3,Représenter dans le paradigme de la programmation orienté objet aussi bien les données que les fonctionnalités du problème,ANANUM-16-2,Identifier les avantages/limites des méthodes décomposition,0
modeliser-2.3,Représenter dans le paradigme de la programmation orienté objet aussi bien les données que les fonctionnalités du problème,ANANUM-16-3,Identifier les similitudes et différences entre Jacobi,0
modeliser-2.3,Représenter dans le paradigme de la programmation orienté objet aussi bien les données que les fonctionnalités du problème,ANANUM-29-1,Etre capable d’implémenter un produit matriciel,0
modeliser-2.3,Représenter dans le paradigme de la programmation orienté objet aussi bien les données que les fonctionnalités du problème,ANANUM-29-2,Etre capable d’implémenter un produit matriciel de différentes manières,0
modeliser-2.3,Représenter dans le paradigme de la programmation orienté objet aussi bien les données que les fonctionnalités du problème,ANANUM-29-3,Connaitre les complexités des opérations vectorielles et matricielles,0
modeliser-2.3,Représenter dans le paradigme de la programmation orienté objet aussi bien les données que les fonctionnalités du problème,ANANUM-29-4,Implémenter la résolution d’un systeme d’équation linéaire avec matrice diagonale,0
modeliser-2.3,Représenter dans le paradigme de la programmation orienté objet aussi bien les données que les fonctionnalités du problème,ANANUM-29-5,Implémenter la résolution d’un systeme d’équation linéaire avec matrice triangulaire,0
modeliser-2.3,Représenter dans le paradigme de la programmation orienté objet aussi bien les données que les fonctionnalités du problème,ANANUM-29-6,Retrouver l’algorithme de calcul de l’inverse d’une matrice triangulaire,0
modeliser-2.3,Représenter dans le paradigme de la programmation orienté objet aussi bien les données que les fonctionnalités du problème,ANANUM-29-7,Retrouver les variantes (exterieur/recursive/trisup) de Cholesky,0
modeliser-2.3,Représenter dans le paradigme de la programmation orienté objet aussi bien les données que les fonctionnalités du problème,ANANUM-29-8,Connaitre les complexités des la résolution de systeme d’équation triangulaires,0
modeliser-2.3,Représenter dans le paradigme de la programmation orienté objet aussi bien les données que les fonctionnalités du problème,ANANUM-29-9,Retrouver le schema de résolution de Ax=b donné A=LU,0
modeliser-2.3,Représenter dans le paradigme de la programmation orienté objet aussi bien les données que les fonctionnalités du problème,ANANUM-29-10,Calculer une matrice triangulaire supérieure en utilisant les matrices de Gauss,0
modeliser-2.3,Représenter dans le paradigme de la programmation orienté objet aussi bien les données que les fonctionnalités du problème,ANANUM-29-11,Connaitre l’algorithme de décomposition PA=LU,0
modeliser-2.3,Représenter dans le paradigme de la programmation orienté objet aussi bien les données que les fonctionnalités du problème,ANANUM-29-12,Retrouver le schema de résolution de Ax=b donné PA=LU,0
modeliser-2.3,Représenter dans le paradigme de la programmation orienté objet aussi bien les données que les fonctionnalités du problème,ANANUM-29-13,Retrouver l’algorithme de décomposition A=LDL,0
modeliser-2.3,Représenter dans le paradigme de la programmation orienté objet aussi bien les données que les fonctionnalités du problème,ANANUM-29-14,Retrouver l’algorithme de Cholesky,0
modeliser-2.3,Représenter dans le paradigme de la programmation orienté objet aussi bien les données que les fonctionnalités du problème,ANANUM-29-16,Retrouver le schema de résolution des moindres carrés avec QR,0
modeliser-2.3,Représenter dans le paradigme de la programmation orienté objet aussi bien les données que les fonctionnalités du problème,ANANUM-29-17,Retrouver l’algorithme de décomposition QR avec Householder,0
modeliser-2.3,Représenter dans le paradigme de la programmation orienté objet aussi bien les données que les fonctionnalités du problème,ANANUM-29-18,Connaitre le principe des méthodes itératives,0
modeliser-2.3,Représenter dans le paradigme de la programmation orienté objet aussi bien les données que les fonctionnalités du problème,ANANUM-29-19,Connaitre le principe de PageRank,0
modeliser-2.3,Représenter dans le paradigme de la programmation orienté objet aussi bien les données que les fonctionnalités du problème,ANANUM-29-20,Calculer  une valeur propre en utilisant l’algorithme des puissances itérées,0
modeliser-2.3,Représenter dans le paradigme de la programmation orienté objet aussi bien les données que les fonctionnalités du problème,ANANUM-29-21,Implémenter l’algorithme QR pour les valeurs propres,0
modeliser-2.3,Représenter dans le paradigme de la programmation orienté objet aussi bien les données que les fonctionnalités du problème,ANANUM-29-22,Calculer les valeurs singulieres d’une matrice a partir des valeurs propres,0
modeliser-2.3,Représenter dans le paradigme de la programmation orienté objet aussi bien les données que les fonctionnalités du problème,ANANUM-29-23,Implémenter l’algorithme de bidiagonisation pour le calcul de la SVD,0
modeliser-2.3,Représenter dans le paradigme de la programmation orienté objet aussi bien les données que les fonctionnalités du problème,ANANUM-30-1,Estimer les valeurs propres avec les cercles de Gershgorin,0
modeliser-2.3,Représenter dans le paradigme de la programmation orienté objet aussi bien les données que les fonctionnalités du problème,ANANUM-31-1,Appliquer les décompositions valeurs propres/singulières pour du débruitage d’images ( ??),0
modeliser-2.3,Représenter dans le paradigme de la programmation orienté objet aussi bien les données que les fonctionnalités du problème,ANANUM-32-1,Exploiter les structures particulières de matrices,0
modeliser-2.3,Représenter dans le paradigme de la programmation orienté objet aussi bien les données que les fonctionnalités du problème,ANANUM-32-2,Optimiser l’implémentation de la transformation de Gauss,0
modeliser-2.3,Représenter dans le paradigme de la programmation orienté objet aussi bien les données que les fonctionnalités du problème,ANANUM-32-3,Optmisier l’approche QR pour les valeurs propres avec la forme tridiagonale,0
modeliser-2.3,Représenter dans le paradigme de la programmation orienté objet aussi bien les données que les fonctionnalités du problème,ANANUM-49-1,Etre capable de coder en Python/numpy le produit matriciel,0
modeliser-2.3,Représenter dans le paradigme de la programmation orienté objet aussi bien les données que les fonctionnalités du problème,ANANUM-49-2,Implémenter en Python/numpy l’algorithme de décomposition LU,0
modeliser-2.3,Représenter dans le paradigme de la programmation orienté objet aussi bien les données que les fonctionnalités du problème,ANANUM-49-3,Implémenter en Python/numpy l’algorithme de décomposition PALU,0
modeliser-2.3,Représenter dans le paradigme de la programmation orienté objet aussi bien les données que les fonctionnalités du problème,ANANUM-49-4,Implémenter LDL et Cholesky en python/numpy,0
modeliser-2.3,Représenter dans le paradigme de la programmation orienté objet aussi bien les données que les fonctionnalités du problème,ANANUM-49-5,Implémenter efficacement en Python/numpy l’algorithme de décomposition QR,0
modeliser-2.3,Représenter dans le paradigme de la programmation orienté objet aussi bien les données que les fonctionnalités du problème,ANANUM-49-6,Implémenter en Python/numpy un algorithme de méthode itérative,0
modeliser-2.3,Représenter dans le paradigme de la programmation orienté objet aussi bien les données que les fonctionnalités du problème,ANANUM-49-7,Implémenter en python/numpy la décomposition valeurs propres/singulières,0
modeliser-2.3,Représenter dans le paradigme de la programmation orienté objet aussi bien les données que les fonctionnalités du problème,,,0
modeliser-2.4,Identifier le fonctionnement et les différentes implantations des composants d’un ordinateur ou des systèmes électroniques,ANANUM-1-1,Retrouver les dimensions d’une matrice,0
modeliser-2.4,Identifier le fonctionnement et les différentes implantations des composants d’un ordinateur ou des systèmes électroniques,ANANUM-1-2,Identifier les différents type de matrice (structure et taille),0
modeliser-2.4,Identifier le fonctionnement et les différentes implantations des composants d’un ordinateur ou des systèmes électroniques,ANANUM-1-3,Identifier et connaître un problème des moindres carrés,0
modeliser-2.4,Identifier le fonctionnement et les différentes implantations des composants d’un ordinateur ou des systèmes électroniques,ANANUM-2-1,Retrouver le schema de résolution des moindres carrés avec la méthode du gradient,0
modeliser-2.4,Identifier le fonctionnement et les différentes implantations des composants d’un ordinateur ou des systèmes électroniques,ANANUM-3-1,Maitriser les opérations vectorielles (produit scalaire,0
modeliser-2.4,Identifier le fonctionnement et les différentes implantations des composants d’un ordinateur ou des systèmes électroniques,ANANUM-14-1,Etre capable de représenter un systèmes d’équation linéaire sous forme matricielle,0
modeliser-2.4,Identifier le fonctionnement et les différentes implantations des composants d’un ordinateur ou des systèmes électroniques,ANANUM-15-3,Connaitre les propriétés d’une matrice de Gauss,0
modeliser-2.4,Identifier le fonctionnement et les différentes implantations des composants d’un ordinateur ou des systèmes électroniques,ANANUM-15-4,Connaitre les propriétés d’une matrice de permutation,0
modeliser-2.4,Identifier le fonctionnement et les différentes implantations des composants d’un ordinateur ou des systèmes électroniques,ANANUM-15-5,Connaitre les propriétés d’une matrice définie positive,0
modeliser-2.4,Identifier le fonctionnement et les différentes implantations des composants d’un ordinateur ou des systèmes électroniques,ANANUM-15-6,Connaitre les propriétés d’une matrice orthogonale,0
modeliser-2.4,Identifier le fonctionnement et les différentes implantations des composants d’un ordinateur ou des systèmes électroniques,ANANUM-15-7,Connaitre les propriétés d’une matrice de Householder,0
modeliser-2.4,Identifier le fonctionnement et les différentes implantations des composants d’un ordinateur ou des systèmes électroniques,ANANUM-15-8,Connaitre les propriétés des normes matricielles et vectorielles,0
modeliser-2.4,Identifier le fonctionnement et les différentes implantations des composants d’un ordinateur ou des systèmes électroniques,ANANUM-15-9,Connaitre les propriétés de la décomposition valeurs propres,0
modeliser-2.4,Identifier le fonctionnement et les différentes implantations des composants d’un ordinateur ou des systèmes électroniques,ANANUM-15-10,Connaitre les propriétés de la décomposition valeurs singulières,0
modeliser-2.4,Identifier le fonctionnement et les différentes implantations des composants d’un ordinateur ou des systèmes électroniques,ANANUM-16-1,Connaitre les conditions d’applications de Cholesky et LDL,0
modeliser-2.4,Identifier le fonctionnement et les différentes implantations des composants d’un ordinateur ou des systèmes électroniques,ANANUM-16-2,Identifier les avantages/limites des méthodes décomposition,0
modeliser-2.4,Identifier le fonctionnement et les différentes implantations des composants d’un ordinateur ou des systèmes électroniques,ANANUM-16-3,Identifier les similitudes et différences entre Jacobi,0
modeliser-2.4,Identifier le fonctionnement et les différentes implantations des composants d’un ordinateur ou des systèmes électroniques,ANANUM-29-1,Etre capable d’implémenter un produit matriciel,0
modeliser-2.4,Identifier le fonctionnement et les différentes implantations des composants d’un ordinateur ou des systèmes électroniques,ANANUM-29-2,Etre capable d’implémenter un produit matriciel de différentes manières,0
modeliser-2.4,Identifier le fonctionnement et les différentes implantations des composants d’un ordinateur ou des systèmes électroniques,ANANUM-29-3,Connaitre les complexités des opérations vectorielles et matricielles,0
modeliser-2.4,Identifier le fonctionnement et les différentes implantations des composants d’un ordinateur ou des systèmes électroniques,ANANUM-29-4,Implémenter la résolution d’un systeme d’équation linéaire avec matrice diagonale,0
modeliser-2.4,Identifier le fonctionnement et les différentes implantations des composants d’un ordinateur ou des systèmes électroniques,ANANUM-29-5,Implémenter la résolution d’un systeme d’équation linéaire avec matrice triangulaire,0
modeliser-2.4,Identifier le fonctionnement et les différentes implantations des composants d’un ordinateur ou des systèmes électroniques,ANANUM-29-6,Retrouver l’algorithme de calcul de l’inverse d’une matrice triangulaire,0
modeliser-2.4,Identifier le fonctionnement et les différentes implantations des composants d’un ordinateur ou des systèmes électroniques,ANANUM-29-7,Retrouver les variantes (exterieur/recursive/trisup) de Cholesky,0
modeliser-2.4,Identifier le fonctionnement et les différentes implantations des composants d’un ordinateur ou des systèmes électroniques,ANANUM-29-8,Connaitre les complexités des la résolution de systeme d’équation triangulaires,0
modeliser-2.4,Identifier le fonctionnement et les différentes implantations des composants d’un ordinateur ou des systèmes électroniques,ANANUM-29-9,Retrouver le schema de résolution de Ax=b donné A=LU,0
modeliser-2.4,Identifier le fonctionnement et les différentes implantations des composants d’un ordinateur ou des systèmes électroniques,ANANUM-29-10,Calculer une matrice triangulaire supérieure en utilisant les matrices de Gauss,0
modeliser-2.4,Identifier le fonctionnement et les différentes implantations des composants d’un ordinateur ou des systèmes électroniques,ANANUM-29-11,Connaitre l’algorithme de décomposition PA=LU,0
modeliser-2.4,Identifier le fonctionnement et les différentes implantations des composants d’un ordinateur ou des systèmes électroniques,ANANUM-29-12,Retrouver le schema de résolution de Ax=b donné PA=LU,0
modeliser-2.4,Identifier le fonctionnement et les différentes implantations des composants d’un ordinateur ou des systèmes électroniques,ANANUM-29-13,Retrouver l’algorithme de décomposition A=LDL,0
modeliser-2.4,Identifier le fonctionnement et les différentes implantations des composants d’un ordinateur ou des systèmes électroniques,ANANUM-29-14,Retrouver l’algorithme de Cholesky,0
modeliser-2.4,Identifier le fonctionnement et les différentes implantations des composants d’un ordinateur ou des systèmes électroniques,ANANUM-29-16,Retrouver le schema de résolution des moindres carrés avec QR,0
modeliser-2.4,Identifier le fonctionnement et les différentes implantations des composants d’un ordinateur ou des systèmes électroniques,ANANUM-29-17,Retrouver l’algorithme de décomposition QR avec Householder,0
modeliser-2.4,Identifier le fonctionnement et les différentes implantations des composants d’un ordinateur ou des systèmes électroniques,ANANUM-29-18,Connaitre le principe des méthodes itératives,0
modeliser-2.4,Identifier le fonctionnement et les différentes implantations des composants d’un ordinateur ou des systèmes électroniques,ANANUM-29-19,Connaitre le principe de PageRank,0
modeliser-2.4,Identifier le fonctionnement et les différentes implantations des composants d’un ordinateur ou des systèmes électroniques,ANANUM-29-20,Calculer  une valeur propre en utilisant l’algorithme des puissances itérées,0
modeliser-2.4,Identifier le fonctionnement et les différentes implantations des composants d’un ordinateur ou des systèmes électroniques,ANANUM-29-21,Implémenter l’algorithme QR pour les valeurs propres,0
modeliser-2.4,Identifier le fonctionnement et les différentes implantations des composants d’un ordinateur ou des systèmes électroniques,ANANUM-29-22,Calculer les valeurs singulieres d’une matrice a partir des valeurs propres,0
modeliser-2.4,Identifier le fonctionnement et les différentes implantations des composants d’un ordinateur ou des systèmes électroniques,ANANUM-29-23,Implémenter l’algorithme de bidiagonisation pour le calcul de la SVD,0
modeliser-2.4,Identifier le fonctionnement et les différentes implantations des composants d’un ordinateur ou des systèmes électroniques,ANANUM-30-1,Estimer les valeurs propres avec les cercles de Gershgorin,0
modeliser-2.4,Identifier le fonctionnement et les différentes implantations des composants d’un ordinateur ou des systèmes électroniques,ANANUM-31-1,Appliquer les décompositions valeurs propres/singulières pour du débruitage d’images ( ??),0
modeliser-2.4,Identifier le fonctionnement et les différentes implantations des composants d’un ordinateur ou des systèmes électroniques,ANANUM-32-1,Exploiter les structures particulières de matrices,0
modeliser-2.4,Identifier le fonctionnement et les différentes implantations des composants d’un ordinateur ou des systèmes électroniques,ANANUM-32-2,Optimiser l’implémentation de la transformation de Gauss,0
modeliser-2.4,Identifier le fonctionnement et les différentes implantations des composants d’un ordinateur ou des systèmes électroniques,ANANUM-32-3,Optmisier l’approche QR pour les valeurs propres avec la forme tridiagonale,0
modeliser-2.4,Identifier le fonctionnement et les différentes implantations des composants d’un ordinateur ou des systèmes électroniques,ANANUM-49-1,Etre capable de coder en Python/numpy le produit matriciel,0
modeliser-2.4,Identifier le fonctionnement et les différentes implantations des composants d’un ordinateur ou des systèmes électroniques,ANANUM-49-2,Implémenter en Python/numpy l’algorithme de décomposition LU,0
modeliser-2.4,Identifier le fonctionnement et les différentes implantations des composants d’un ordinateur ou des systèmes électroniques,ANANUM-49-3,Implémenter en Python/numpy l’algorithme de décomposition PALU,0
modeliser-2.4,Identifier le fonctionnement et les différentes implantations des composants d’un ordinateur ou des systèmes électroniques,ANANUM-49-4,Implémenter LDL et Cholesky en python/numpy,0
modeliser-2.4,Identifier le fonctionnement et les différentes implantations des composants d’un ordinateur ou des systèmes électroniques,ANANUM-49-5,Implémenter efficacement en Python/numpy l’algorithme de décomposition QR,0
modeliser-2.4,Identifier le fonctionnement et les différentes implantations des composants d’un ordinateur ou des systèmes électroniques,ANANUM-49-6,Implémenter en Python/numpy un algorithme de méthode itérative,0
modeliser-2.4,Identifier le fonctionnement et les différentes implantations des composants d’un ordinateur ou des systèmes électroniques,ANANUM-49-7,Implémenter en python/numpy la décomposition valeurs propres/singulières,0
modeliser-2.4,Identifier le fonctionnement et les différentes implantations des composants d’un ordinateur ou des systèmes électroniques,,,0
modeliser-3.1,Normaliser des données pour appliquer un modèle,ANANUM-1-1,Retrouver les dimensions d’une matrice,0
modeliser-3.1,Normaliser des données pour appliquer un modèle,ANANUM-1-2,Identifier les différents type de matrice (structure et taille),0
modeliser-3.1,Normaliser des données pour appliquer un modèle,ANANUM-1-3,Identifier et connaître un problème des moindres carrés,0
modeliser-3.1,Normaliser des données pour appliquer un modèle,ANANUM-2-1,Retrouver le schema de résolution des moindres carrés avec la méthode du gradient,0
modeliser-3.1,Normaliser des données pour appliquer un modèle,ANANUM-3-1,Maitriser les opérations vectorielles (produit scalaire,0
modeliser-3.1,Normaliser des données pour appliquer un modèle,ANANUM-14-1,Etre capable de représenter un systèmes d’équation linéaire sous forme matricielle,0
modeliser-3.1,Normaliser des données pour appliquer un modèle,ANANUM-15-3,Connaitre les propriétés d’une matrice de Gauss,0
modeliser-3.1,Normaliser des données pour appliquer un modèle,ANANUM-15-4,Connaitre les propriétés d’une matrice de permutation,0
modeliser-3.1,Normaliser des données pour appliquer un modèle,ANANUM-15-5,Connaitre les propriétés d’une matrice définie positive,0
modeliser-3.1,Normaliser des données pour appliquer un modèle,ANANUM-15-6,Connaitre les propriétés d’une matrice orthogonale,0
modeliser-3.1,Normaliser des données pour appliquer un modèle,ANANUM-15-7,Connaitre les propriétés d’une matrice de Householder,0
modeliser-3.1,Normaliser des données pour appliquer un modèle,ANANUM-15-8,Connaitre les propriétés des normes matricielles et vectorielles,0
modeliser-3.1,Normaliser des données pour appliquer un modèle,ANANUM-15-9,Connaitre les propriétés de la décomposition valeurs propres,0
modeliser-3.1,Normaliser des données pour appliquer un modèle,ANANUM-15-10,Connaitre les propriétés de la décomposition valeurs singulières,0
modeliser-3.1,Normaliser des données pour appliquer un modèle,ANANUM-16-1,Connaitre les conditions d’applications de Cholesky et LDL,0
modeliser-3.1,Normaliser des données pour appliquer un modèle,ANANUM-16-2,Identifier les avantages/limites des méthodes décomposition,0
modeliser-3.1,Normaliser des données pour appliquer un modèle,ANANUM-16-3,Identifier les similitudes et différences entre Jacobi,0
modeliser-3.1,Normaliser des données pour appliquer un modèle,ANANUM-29-1,Etre capable d’implémenter un produit matriciel,0
modeliser-3.1,Normaliser des données pour appliquer un modèle,ANANUM-29-2,Etre capable d’implémenter un produit matriciel de différentes manières,0
modeliser-3.1,Normaliser des données pour appliquer un modèle,ANANUM-29-3,Connaitre les complexités des opérations vectorielles et matricielles,0
modeliser-3.1,Normaliser des données pour appliquer un modèle,ANANUM-29-4,Implémenter la résolution d’un systeme d’équation linéaire avec matrice diagonale,0
modeliser-3.1,Normaliser des données pour appliquer un modèle,ANANUM-29-5,Implémenter la résolution d’un systeme d’équation linéaire avec matrice triangulaire,0
modeliser-3.1,Normaliser des données pour appliquer un modèle,ANANUM-29-6,Retrouver l’algorithme de calcul de l’inverse d’une matrice triangulaire,0
modeliser-3.1,Normaliser des données pour appliquer un modèle,ANANUM-29-7,Retrouver les variantes (exterieur/recursive/trisup) de Cholesky,0
modeliser-3.1,Normaliser des données pour appliquer un modèle,ANANUM-29-8,Connaitre les complexités des la résolution de systeme d’équation triangulaires,0
modeliser-3.1,Normaliser des données pour appliquer un modèle,ANANUM-29-9,Retrouver le schema de résolution de Ax=b donné A=LU,0
modeliser-3.1,Normaliser des données pour appliquer un modèle,ANANUM-29-10,Calculer une matrice triangulaire supérieure en utilisant les matrices de Gauss,0
modeliser-3.1,Normaliser des données pour appliquer un modèle,ANANUM-29-11,Connaitre l’algorithme de décomposition PA=LU,0
modeliser-3.1,Normaliser des données pour appliquer un modèle,ANANUM-29-12,Retrouver le schema de résolution de Ax=b donné PA=LU,0
modeliser-3.1,Normaliser des données pour appliquer un modèle,ANANUM-29-13,Retrouver l’algorithme de décomposition A=LDL,0
modeliser-3.1,Normaliser des données pour appliquer un modèle,ANANUM-29-14,Retrouver l’algorithme de Cholesky,0
modeliser-3.1,Normaliser des données pour appliquer un modèle,ANANUM-29-16,Retrouver le schema de résolution des moindres carrés avec QR,0
modeliser-3.1,Normaliser des données pour appliquer un modèle,ANANUM-29-17,Retrouver l’algorithme de décomposition QR avec Householder,0
modeliser-3.1,Normaliser des données pour appliquer un modèle,ANANUM-29-18,Connaitre le principe des méthodes itératives,0
modeliser-3.1,Normaliser des données pour appliquer un modèle,ANANUM-29-19,Connaitre le principe de PageRank,0
modeliser-3.1,Normaliser des données pour appliquer un modèle,ANANUM-29-20,Calculer  une valeur propre en utilisant l’algorithme des puissances itérées,0
modeliser-3.1,Normaliser des données pour appliquer un modèle,ANANUM-29-21,Implémenter l’algorithme QR pour les valeurs propres,0
modeliser-3.1,Normaliser des données pour appliquer un modèle,ANANUM-29-22,Calculer les valeurs singulieres d’une matrice a partir des valeurs propres,0
modeliser-3.1,Normaliser des données pour appliquer un modèle,ANANUM-29-23,Implémenter l’algorithme de bidiagonisation pour le calcul de la SVD,0
modeliser-3.1,Normaliser des données pour appliquer un modèle,ANANUM-30-1,Estimer les valeurs propres avec les cercles de Gershgorin,0
modeliser-3.1,Normaliser des données pour appliquer un modèle,ANANUM-31-1,Appliquer les décompositions valeurs propres/singulières pour du débruitage d’images ( ??),0
modeliser-3.1,Normaliser des données pour appliquer un modèle,ANANUM-32-1,Exploiter les structures particulières de matrices,0
modeliser-3.1,Normaliser des données pour appliquer un modèle,ANANUM-32-2,Optimiser l’implémentation de la transformation de Gauss,0
modeliser-3.1,Normaliser des données pour appliquer un modèle,ANANUM-32-3,Optmisier l’approche QR pour les valeurs propres avec la forme tridiagonale,0
modeliser-3.1,Normaliser des données pour appliquer un modèle,ANANUM-49-1,Etre capable de coder en Python/numpy le produit matriciel,0
modeliser-3.1,Normaliser des données pour appliquer un modèle,ANANUM-49-2,Implémenter en Python/numpy l’algorithme de décomposition LU,0
modeliser-3.1,Normaliser des données pour appliquer un modèle,ANANUM-49-3,Implémenter en Python/numpy l’algorithme de décomposition PALU,0
modeliser-3.1,Normaliser des données pour appliquer un modèle,ANANUM-49-4,Implémenter LDL et Cholesky en python/numpy,0
modeliser-3.1,Normaliser des données pour appliquer un modèle,ANANUM-49-5,Implémenter efficacement en Python/numpy l’algorithme de décomposition QR,0
modeliser-3.1,Normaliser des données pour appliquer un modèle,ANANUM-49-6,Implémenter en Python/numpy un algorithme de méthode itérative,0
modeliser-3.1,Normaliser des données pour appliquer un modèle,ANANUM-49-7,Implémenter en python/numpy la décomposition valeurs propres/singulières,0
modeliser-3.1,Normaliser des données pour appliquer un modèle,,,0
modeliser-3.2,Caractériser les données pour en déduire le modèle,ANANUM-1-1,Retrouver les dimensions d’une matrice,0
modeliser-3.2,Caractériser les données pour en déduire le modèle,ANANUM-1-2,Identifier les différents type de matrice (structure et taille),0
modeliser-3.2,Caractériser les données pour en déduire le modèle,ANANUM-1-3,Identifier et connaître un problème des moindres carrés,0
modeliser-3.2,Caractériser les données pour en déduire le modèle,ANANUM-2-1,Retrouver le schema de résolution des moindres carrés avec la méthode du gradient,0
modeliser-3.2,Caractériser les données pour en déduire le modèle,ANANUM-3-1,Maitriser les opérations vectorielles (produit scalaire,0
modeliser-3.2,Caractériser les données pour en déduire le modèle,ANANUM-14-1,Etre capable de représenter un systèmes d’équation linéaire sous forme matricielle,0
modeliser-3.2,Caractériser les données pour en déduire le modèle,ANANUM-15-3,Connaitre les propriétés d’une matrice de Gauss,0
modeliser-3.2,Caractériser les données pour en déduire le modèle,ANANUM-15-4,Connaitre les propriétés d’une matrice de permutation,0
modeliser-3.2,Caractériser les données pour en déduire le modèle,ANANUM-15-5,Connaitre les propriétés d’une matrice définie positive,0
modeliser-3.2,Caractériser les données pour en déduire le modèle,ANANUM-15-6,Connaitre les propriétés d’une matrice orthogonale,0
modeliser-3.2,Caractériser les données pour en déduire le modèle,ANANUM-15-7,Connaitre les propriétés d’une matrice de Householder,0
modeliser-3.2,Caractériser les données pour en déduire le modèle,ANANUM-15-8,Connaitre les propriétés des normes matricielles et vectorielles,0
modeliser-3.2,Caractériser les données pour en déduire le modèle,ANANUM-15-9,Connaitre les propriétés de la décomposition valeurs propres,0
modeliser-3.2,Caractériser les données pour en déduire le modèle,ANANUM-15-10,Connaitre les propriétés de la décomposition valeurs singulières,0
modeliser-3.2,Caractériser les données pour en déduire le modèle,ANANUM-16-1,Connaitre les conditions d’applications de Cholesky et LDL,0
modeliser-3.2,Caractériser les données pour en déduire le modèle,ANANUM-16-2,Identifier les avantages/limites des méthodes décomposition,0
modeliser-3.2,Caractériser les données pour en déduire le modèle,ANANUM-16-3,Identifier les similitudes et différences entre Jacobi,0
modeliser-3.2,Caractériser les données pour en déduire le modèle,ANANUM-29-1,Etre capable d’implémenter un produit matriciel,0
modeliser-3.2,Caractériser les données pour en déduire le modèle,ANANUM-29-2,Etre capable d’implémenter un produit matriciel de différentes manières,0
modeliser-3.2,Caractériser les données pour en déduire le modèle,ANANUM-29-3,Connaitre les complexités des opérations vectorielles et matricielles,0
modeliser-3.2,Caractériser les données pour en déduire le modèle,ANANUM-29-4,Implémenter la résolution d’un systeme d’équation linéaire avec matrice diagonale,0
modeliser-3.2,Caractériser les données pour en déduire le modèle,ANANUM-29-5,Implémenter la résolution d’un systeme d’équation linéaire avec matrice triangulaire,0
modeliser-3.2,Caractériser les données pour en déduire le modèle,ANANUM-29-6,Retrouver l’algorithme de calcul de l’inverse d’une matrice triangulaire,0
modeliser-3.2,Caractériser les données pour en déduire le modèle,ANANUM-29-7,Retrouver les variantes (exterieur/recursive/trisup) de Cholesky,0
modeliser-3.2,Caractériser les données pour en déduire le modèle,ANANUM-29-8,Connaitre les complexités des la résolution de systeme d’équation triangulaires,0
modeliser-3.2,Caractériser les données pour en déduire le modèle,ANANUM-29-9,Retrouver le schema de résolution de Ax=b donné A=LU,0
modeliser-3.2,Caractériser les données pour en déduire le modèle,ANANUM-29-10,Calculer une matrice triangulaire supérieure en utilisant les matrices de Gauss,0
modeliser-3.2,Caractériser les données pour en déduire le modèle,ANANUM-29-11,Connaitre l’algorithme de décomposition PA=LU,0
modeliser-3.2,Caractériser les données pour en déduire le modèle,ANANUM-29-12,Retrouver le schema de résolution de Ax=b donné PA=LU,0
modeliser-3.2,Caractériser les données pour en déduire le modèle,ANANUM-29-13,Retrouver l’algorithme de décomposition A=LDL,0
modeliser-3.2,Caractériser les données pour en déduire le modèle,ANANUM-29-14,Retrouver l’algorithme de Cholesky,0
modeliser-3.2,Caractériser les données pour en déduire le modèle,ANANUM-29-16,Retrouver le schema de résolution des moindres carrés avec QR,0
modeliser-3.2,Caractériser les données pour en déduire le modèle,ANANUM-29-17,Retrouver l’algorithme de décomposition QR avec Householder,0
modeliser-3.2,Caractériser les données pour en déduire le modèle,ANANUM-29-18,Connaitre le principe des méthodes itératives,0
modeliser-3.2,Caractériser les données pour en déduire le modèle,ANANUM-29-19,Connaitre le principe de PageRank,0
modeliser-3.2,Caractériser les données pour en déduire le modèle,ANANUM-29-20,Calculer  une valeur propre en utilisant l’algorithme des puissances itérées,0
modeliser-3.2,Caractériser les données pour en déduire le modèle,ANANUM-29-21,Implémenter l’algorithme QR pour les valeurs propres,0
modeliser-3.2,Caractériser les données pour en déduire le modèle,ANANUM-29-22,Calculer les valeurs singulieres d’une matrice a partir des valeurs propres,0
modeliser-3.2,Caractériser les données pour en déduire le modèle,ANANUM-29-23,Implémenter l’algorithme de bidiagonisation pour le calcul de la SVD,0
modeliser-3.2,Caractériser les données pour en déduire le modèle,ANANUM-30-1,Estimer les valeurs propres avec les cercles de Gershgorin,0
modeliser-3.2,Caractériser les données pour en déduire le modèle,ANANUM-31-1,Appliquer les décompositions valeurs propres/singulières pour du débruitage d’images ( ??),0
modeliser-3.2,Caractériser les données pour en déduire le modèle,ANANUM-32-1,Exploiter les structures particulières de matrices,0
modeliser-3.2,Caractériser les données pour en déduire le modèle,ANANUM-32-2,Optimiser l’implémentation de la transformation de Gauss,0
modeliser-3.2,Caractériser les données pour en déduire le modèle,ANANUM-32-3,Optmisier l’approche QR pour les valeurs propres avec la forme tridiagonale,0
modeliser-3.2,Caractériser les données pour en déduire le modèle,ANANUM-49-1,Etre capable de coder en Python/numpy le produit matriciel,0
modeliser-3.2,Caractériser les données pour en déduire le modèle,ANANUM-49-2,Implémenter en Python/numpy l’algorithme de décomposition LU,0
modeliser-3.2,Caractériser les données pour en déduire le modèle,ANANUM-49-3,Implémenter en Python/numpy l’algorithme de décomposition PALU,0
modeliser-3.2,Caractériser les données pour en déduire le modèle,ANANUM-49-4,Implémenter LDL et Cholesky en python/numpy,0
modeliser-3.2,Caractériser les données pour en déduire le modèle,ANANUM-49-5,Implémenter efficacement en Python/numpy l’algorithme de décomposition QR,0
modeliser-3.2,Caractériser les données pour en déduire le modèle,ANANUM-49-6,Implémenter en Python/numpy un algorithme de méthode itérative,0
modeliser-3.2,Caractériser les données pour en déduire le modèle,ANANUM-49-7,Implémenter en python/numpy la décomposition valeurs propres/singulières,0
modeliser-3.2,Caractériser les données pour en déduire le modèle,,,0
modeliser-4.1,Transformer le modèle pour obtenir une résolution acceptable,ANANUM-1-1,Retrouver les dimensions d’une matrice,0
modeliser-4.1,Transformer le modèle pour obtenir une résolution acceptable,ANANUM-1-2,Identifier les différents type de matrice (structure et taille),0
modeliser-4.1,Transformer le modèle pour obtenir une résolution acceptable,ANANUM-1-3,Identifier et connaître un problème des moindres carrés,0
modeliser-4.1,Transformer le modèle pour obtenir une résolution acceptable,ANANUM-2-1,Retrouver le schema de résolution des moindres carrés avec la méthode du gradient,0
modeliser-4.1,Transformer le modèle pour obtenir une résolution acceptable,ANANUM-3-1,Maitriser les opérations vectorielles (produit scalaire,0
modeliser-4.1,Transformer le modèle pour obtenir une résolution acceptable,ANANUM-14-1,Etre capable de représenter un systèmes d’équation linéaire sous forme matricielle,0
modeliser-4.1,Transformer le modèle pour obtenir une résolution acceptable,ANANUM-15-3,Connaitre les propriétés d’une matrice de Gauss,0
modeliser-4.1,Transformer le modèle pour obtenir une résolution acceptable,ANANUM-15-4,Connaitre les propriétés d’une matrice de permutation,0
modeliser-4.1,Transformer le modèle pour obtenir une résolution acceptable,ANANUM-15-5,Connaitre les propriétés d’une matrice définie positive,0
modeliser-4.1,Transformer le modèle pour obtenir une résolution acceptable,ANANUM-15-6,Connaitre les propriétés d’une matrice orthogonale,0
modeliser-4.1,Transformer le modèle pour obtenir une résolution acceptable,ANANUM-15-7,Connaitre les propriétés d’une matrice de Householder,0
modeliser-4.1,Transformer le modèle pour obtenir une résolution acceptable,ANANUM-15-8,Connaitre les propriétés des normes matricielles et vectorielles,0
modeliser-4.1,Transformer le modèle pour obtenir une résolution acceptable,ANANUM-15-9,Connaitre les propriétés de la décomposition valeurs propres,0
modeliser-4.1,Transformer le modèle pour obtenir une résolution acceptable,ANANUM-15-10,Connaitre les propriétés de la décomposition valeurs singulières,0
modeliser-4.1,Transformer le modèle pour obtenir une résolution acceptable,ANANUM-16-1,Connaitre les conditions d’applications de Cholesky et LDL,0
modeliser-4.1,Transformer le modèle pour obtenir une résolution acceptable,ANANUM-16-2,Identifier les avantages/limites des méthodes décomposition,0
modeliser-4.1,Transformer le modèle pour obtenir une résolution acceptable,ANANUM-16-3,Identifier les similitudes et différences entre Jacobi,0
modeliser-4.1,Transformer le modèle pour obtenir une résolution acceptable,ANANUM-29-1,Etre capable d’implémenter un produit matriciel,0
modeliser-4.1,Transformer le modèle pour obtenir une résolution acceptable,ANANUM-29-2,Etre capable d’implémenter un produit matriciel de différentes manières,0
modeliser-4.1,Transformer le modèle pour obtenir une résolution acceptable,ANANUM-29-3,Connaitre les complexités des opérations vectorielles et matricielles,0
modeliser-4.1,Transformer le modèle pour obtenir une résolution acceptable,ANANUM-29-4,Implémenter la résolution d’un systeme d’équation linéaire avec matrice diagonale,0
modeliser-4.1,Transformer le modèle pour obtenir une résolution acceptable,ANANUM-29-5,Implémenter la résolution d’un systeme d’équation linéaire avec matrice triangulaire,0
modeliser-4.1,Transformer le modèle pour obtenir une résolution acceptable,ANANUM-29-6,Retrouver l’algorithme de calcul de l’inverse d’une matrice triangulaire,0
modeliser-4.1,Transformer le modèle pour obtenir une résolution acceptable,ANANUM-29-7,Retrouver les variantes (exterieur/recursive/trisup) de Cholesky,0
modeliser-4.1,Transformer le modèle pour obtenir une résolution acceptable,ANANUM-29-8,Connaitre les complexités des la résolution de systeme d’équation triangulaires,0
modeliser-4.1,Transformer le modèle pour obtenir une résolution acceptable,ANANUM-29-9,Retrouver le schema de résolution de Ax=b donné A=LU,0
modeliser-4.1,Transformer le modèle pour obtenir une résolution acceptable,ANANUM-29-10,Calculer une matrice triangulaire supérieure en utilisant les matrices de Gauss,0
modeliser-4.1,Transformer le modèle pour obtenir une résolution acceptable,ANANUM-29-11,Connaitre l’algorithme de décomposition PA=LU,0
modeliser-4.1,Transformer le modèle pour obtenir une résolution acceptable,ANANUM-29-12,Retrouver le schema de résolution de Ax=b donné PA=LU,0
modeliser-4.1,Transformer le modèle pour obtenir une résolution acceptable,ANANUM-29-13,Retrouver l’algorithme de décomposition A=LDL,0
modeliser-4.1,Transformer le modèle pour obtenir une résolution acceptable,ANANUM-29-14,Retrouver l’algorithme de Cholesky,0
modeliser-4.1,Transformer le modèle pour obtenir une résolution acceptable,ANANUM-29-16,Retrouver le schema de résolution des moindres carrés avec QR,0
modeliser-4.1,Transformer le modèle pour obtenir une résolution acceptable,ANANUM-29-17,Retrouver l’algorithme de décomposition QR avec Householder,0
modeliser-4.1,Transformer le modèle pour obtenir une résolution acceptable,ANANUM-29-18,Connaitre le principe des méthodes itératives,0
modeliser-4.1,Transformer le modèle pour obtenir une résolution acceptable,ANANUM-29-19,Connaitre le principe de PageRank,0
modeliser-4.1,Transformer le modèle pour obtenir une résolution acceptable,ANANUM-29-20,Calculer  une valeur propre en utilisant l’algorithme des puissances itérées,0
modeliser-4.1,Transformer le modèle pour obtenir une résolution acceptable,ANANUM-29-21,Implémenter l’algorithme QR pour les valeurs propres,0
modeliser-4.1,Transformer le modèle pour obtenir une résolution acceptable,ANANUM-29-22,Calculer les valeurs singulieres d’une matrice a partir des valeurs propres,0
modeliser-4.1,Transformer le modèle pour obtenir une résolution acceptable,ANANUM-29-23,Implémenter l’algorithme de bidiagonisation pour le calcul de la SVD,0
modeliser-4.1,Transformer le modèle pour obtenir une résolution acceptable,ANANUM-30-1,Estimer les valeurs propres avec les cercles de Gershgorin,0
modeliser-4.1,Transformer le modèle pour obtenir une résolution acceptable,ANANUM-31-1,Appliquer les décompositions valeurs propres/singulières pour du débruitage d’images ( ??),0
modeliser-4.1,Transformer le modèle pour obtenir une résolution acceptable,ANANUM-32-1,Exploiter les structures particulières de matrices,0
modeliser-4.1,Transformer le modèle pour obtenir une résolution acceptable,ANANUM-32-2,Optimiser l’implémentation de la transformation de Gauss,0
modeliser-4.1,Transformer le modèle pour obtenir une résolution acceptable,ANANUM-32-3,Optmisier l’approche QR pour les valeurs propres avec la forme tridiagonale,0
modeliser-4.1,Transformer le modèle pour obtenir une résolution acceptable,ANANUM-49-1,Etre capable de coder en Python/numpy le produit matriciel,0
modeliser-4.1,Transformer le modèle pour obtenir une résolution acceptable,ANANUM-49-2,Implémenter en Python/numpy l’algorithme de décomposition LU,0
modeliser-4.1,Transformer le modèle pour obtenir une résolution acceptable,ANANUM-49-3,Implémenter en Python/numpy l’algorithme de décomposition PALU,0
modeliser-4.1,Transformer le modèle pour obtenir une résolution acceptable,ANANUM-49-4,Implémenter LDL et Cholesky en python/numpy,0
modeliser-4.1,Transformer le modèle pour obtenir une résolution acceptable,ANANUM-49-5,Implémenter efficacement en Python/numpy l’algorithme de décomposition QR,0
modeliser-4.1,Transformer le modèle pour obtenir une résolution acceptable,ANANUM-49-6,Implémenter en Python/numpy un algorithme de méthode itérative,0
modeliser-4.1,Transformer le modèle pour obtenir une résolution acceptable,ANANUM-49-7,Implémenter en python/numpy la décomposition valeurs propres/singulières,0
modeliser-4.1,Transformer le modèle pour obtenir une résolution acceptable,,,0
modeliser-4.2,Transformer les données pour obtenir une résolution acceptable,ANANUM-1-1,Retrouver les dimensions d’une matrice,0
modeliser-4.2,Transformer les données pour obtenir une résolution acceptable,ANANUM-1-2,Identifier les différents type de matrice (structure et taille),0
modeliser-4.2,Transformer les données pour obtenir une résolution acceptable,ANANUM-1-3,Identifier et connaître un problème des moindres carrés,0
modeliser-4.2,Transformer les données pour obtenir une résolution acceptable,ANANUM-2-1,Retrouver le schema de résolution des moindres carrés avec la méthode du gradient,0
modeliser-4.2,Transformer les données pour obtenir une résolution acceptable,ANANUM-3-1,Maitriser les opérations vectorielles (produit scalaire,0
modeliser-4.2,Transformer les données pour obtenir une résolution acceptable,ANANUM-14-1,Etre capable de représenter un systèmes d’équation linéaire sous forme matricielle,0
modeliser-4.2,Transformer les données pour obtenir une résolution acceptable,ANANUM-15-3,Connaitre les propriétés d’une matrice de Gauss,0
modeliser-4.2,Transformer les données pour obtenir une résolution acceptable,ANANUM-15-4,Connaitre les propriétés d’une matrice de permutation,0
modeliser-4.2,Transformer les données pour obtenir une résolution acceptable,ANANUM-15-5,Connaitre les propriétés d’une matrice définie positive,0
modeliser-4.2,Transformer les données pour obtenir une résolution acceptable,ANANUM-15-6,Connaitre les propriétés d’une matrice orthogonale,0
modeliser-4.2,Transformer les données pour obtenir une résolution acceptable,ANANUM-15-7,Connaitre les propriétés d’une matrice de Householder,0
modeliser-4.2,Transformer les données pour obtenir une résolution acceptable,ANANUM-15-8,Connaitre les propriétés des normes matricielles et vectorielles,0
modeliser-4.2,Transformer les données pour obtenir une résolution acceptable,ANANUM-15-9,Connaitre les propriétés de la décomposition valeurs propres,0
modeliser-4.2,Transformer les données pour obtenir une résolution acceptable,ANANUM-15-10,Connaitre les propriétés de la décomposition valeurs singulières,0
modeliser-4.2,Transformer les données pour obtenir une résolution acceptable,ANANUM-16-1,Connaitre les conditions d’applications de Cholesky et LDL,0
modeliser-4.2,Transformer les données pour obtenir une résolution acceptable,ANANUM-16-2,Identifier les avantages/limites des méthodes décomposition,0
modeliser-4.2,Transformer les données pour obtenir une résolution acceptable,ANANUM-16-3,Identifier les similitudes et différences entre Jacobi,0
modeliser-4.2,Transformer les données pour obtenir une résolution acceptable,ANANUM-29-1,Etre capable d’implémenter un produit matriciel,0
modeliser-4.2,Transformer les données pour obtenir une résolution acceptable,ANANUM-29-2,Etre capable d’implémenter un produit matriciel de différentes manières,0
modeliser-4.2,Transformer les données pour obtenir une résolution acceptable,ANANUM-29-3,Connaitre les complexités des opérations vectorielles et matricielles,0
modeliser-4.2,Transformer les données pour obtenir une résolution acceptable,ANANUM-29-4,Implémenter la résolution d’un systeme d’équation linéaire avec matrice diagonale,0
modeliser-4.2,Transformer les données pour obtenir une résolution acceptable,ANANUM-29-5,Implémenter la résolution d’un systeme d’équation linéaire avec matrice triangulaire,0
modeliser-4.2,Transformer les données pour obtenir une résolution acceptable,ANANUM-29-6,Retrouver l’algorithme de calcul de l’inverse d’une matrice triangulaire,0
modeliser-4.2,Transformer les données pour obtenir une résolution acceptable,ANANUM-29-7,Retrouver les variantes (exterieur/recursive/trisup) de Cholesky,0
modeliser-4.2,Transformer les données pour obtenir une résolution acceptable,ANANUM-29-8,Connaitre les complexités des la résolution de systeme d’équation triangulaires,0
modeliser-4.2,Transformer les données pour obtenir une résolution acceptable,ANANUM-29-9,Retrouver le schema de résolution de Ax=b donné A=LU,0
modeliser-4.2,Transformer les données pour obtenir une résolution acceptable,ANANUM-29-10,Calculer une matrice triangulaire supérieure en utilisant les matrices de Gauss,0
modeliser-4.2,Transformer les données pour obtenir une résolution acceptable,ANANUM-29-11,Connaitre l’algorithme de décomposition PA=LU,0
modeliser-4.2,Transformer les données pour obtenir une résolution acceptable,ANANUM-29-12,Retrouver le schema de résolution de Ax=b donné PA=LU,0
modeliser-4.2,Transformer les données pour obtenir une résolution acceptable,ANANUM-29-13,Retrouver l’algorithme de décomposition A=LDL,0
modeliser-4.2,Transformer les données pour obtenir une résolution acceptable,ANANUM-29-14,Retrouver l’algorithme de Cholesky,0
modeliser-4.2,Transformer les données pour obtenir une résolution acceptable,ANANUM-29-16,Retrouver le schema de résolution des moindres carrés avec QR,0
modeliser-4.2,Transformer les données pour obtenir une résolution acceptable,ANANUM-29-17,Retrouver l’algorithme de décomposition QR avec Householder,0
modeliser-4.2,Transformer les données pour obtenir une résolution acceptable,ANANUM-29-18,Connaitre le principe des méthodes itératives,0
modeliser-4.2,Transformer les données pour obtenir une résolution acceptable,ANANUM-29-19,Connaitre le principe de PageRank,0
modeliser-4.2,Transformer les données pour obtenir une résolution acceptable,ANANUM-29-20,Calculer  une valeur propre en utilisant l’algorithme des puissances itérées,0
modeliser-4.2,Transformer les données pour obtenir une résolution acceptable,ANANUM-29-21,Implémenter l’algorithme QR pour les valeurs propres,0
modeliser-4.2,Transformer les données pour obtenir une résolution acceptable,ANANUM-29-22,Calculer les valeurs singulieres d’une matrice a partir des valeurs propres,0
modeliser-4.2,Transformer les données pour obtenir une résolution acceptable,ANANUM-29-23,Implémenter l’algorithme de bidiagonisation pour le calcul de la SVD,0
modeliser-4.2,Transformer les données pour obtenir une résolution acceptable,ANANUM-30-1,Estimer les valeurs propres avec les cercles de Gershgorin,0
modeliser-4.2,Transformer les données pour obtenir une résolution acceptable,ANANUM-31-1,Appliquer les décompositions valeurs propres/singulières pour du débruitage d’images ( ??),0
modeliser-4.2,Transformer les données pour obtenir une résolution acceptable,ANANUM-32-1,Exploiter les structures particulières de matrices,0
modeliser-4.2,Transformer les données pour obtenir une résolution acceptable,ANANUM-32-2,Optimiser l’implémentation de la transformation de Gauss,0
modeliser-4.2,Transformer les données pour obtenir une résolution acceptable,ANANUM-32-3,Optmisier l’approche QR pour les valeurs propres avec la forme tridiagonale,0
modeliser-4.2,Transformer les données pour obtenir une résolution acceptable,ANANUM-49-1,Etre capable de coder en Python/numpy le produit matriciel,0
modeliser-4.2,Transformer les données pour obtenir une résolution acceptable,ANANUM-49-2,Implémenter en Python/numpy l’algorithme de décomposition LU,0
modeliser-4.2,Transformer les données pour obtenir une résolution acceptable,ANANUM-49-3,Implémenter en Python/numpy l’algorithme de décomposition PALU,0
modeliser-4.2,Transformer les données pour obtenir une résolution acceptable,ANANUM-49-4,Implémenter LDL et Cholesky en python/numpy,0
modeliser-4.2,Transformer les données pour obtenir une résolution acceptable,ANANUM-49-5,Implémenter efficacement en Python/numpy l’algorithme de décomposition QR,0
modeliser-4.2,Transformer les données pour obtenir une résolution acceptable,ANANUM-49-6,Implémenter en Python/numpy un algorithme de méthode itérative,0
modeliser-4.2,Transformer les données pour obtenir une résolution acceptable,ANANUM-49-7,Implémenter en python/numpy la décomposition valeurs propres/singulières,0
modeliser-4.2,Transformer les données pour obtenir une résolution acceptable,,,0
modeliser-4.3,Construire les modèles statistiques adaptés aux données,ANANUM-1-1,Retrouver les dimensions d’une matrice,0
modeliser-4.3,Construire les modèles statistiques adaptés aux données,ANANUM-1-2,Identifier les différents type de matrice (structure et taille),0
modeliser-4.3,Construire les modèles statistiques adaptés aux données,ANANUM-1-3,Identifier et connaître un problème des moindres carrés,0
modeliser-4.3,Construire les modèles statistiques adaptés aux données,ANANUM-2-1,Retrouver le schema de résolution des moindres carrés avec la méthode du gradient,0
modeliser-4.3,Construire les modèles statistiques adaptés aux données,ANANUM-3-1,Maitriser les opérations vectorielles (produit scalaire,0
modeliser-4.3,Construire les modèles statistiques adaptés aux données,ANANUM-14-1,Etre capable de représenter un systèmes d’équation linéaire sous forme matricielle,0
modeliser-4.3,Construire les modèles statistiques adaptés aux données,ANANUM-15-3,Connaitre les propriétés d’une matrice de Gauss,0
modeliser-4.3,Construire les modèles statistiques adaptés aux données,ANANUM-15-4,Connaitre les propriétés d’une matrice de permutation,0
modeliser-4.3,Construire les modèles statistiques adaptés aux données,ANANUM-15-5,Connaitre les propriétés d’une matrice définie positive,0
modeliser-4.3,Construire les modèles statistiques adaptés aux données,ANANUM-15-6,Connaitre les propriétés d’une matrice orthogonale,0
modeliser-4.3,Construire les modèles statistiques adaptés aux données,ANANUM-15-7,Connaitre les propriétés d’une matrice de Householder,0
modeliser-4.3,Construire les modèles statistiques adaptés aux données,ANANUM-15-8,Connaitre les propriétés des normes matricielles et vectorielles,0
modeliser-4.3,Construire les modèles statistiques adaptés aux données,ANANUM-15-9,Connaitre les propriétés de la décomposition valeurs propres,0
modeliser-4.3,Construire les modèles statistiques adaptés aux données,ANANUM-15-10,Connaitre les propriétés de la décomposition valeurs singulières,0
modeliser-4.3,Construire les modèles statistiques adaptés aux données,ANANUM-16-1,Connaitre les conditions d’applications de Cholesky et LDL,0
modeliser-4.3,Construire les modèles statistiques adaptés aux données,ANANUM-16-2,Identifier les avantages/limites des méthodes décomposition,0
modeliser-4.3,Construire les modèles statistiques adaptés aux données,ANANUM-16-3,Identifier les similitudes et différences entre Jacobi,0
modeliser-4.3,Construire les modèles statistiques adaptés aux données,ANANUM-29-1,Etre capable d’implémenter un produit matriciel,0
modeliser-4.3,Construire les modèles statistiques adaptés aux données,ANANUM-29-2,Etre capable d’implémenter un produit matriciel de différentes manières,0
modeliser-4.3,Construire les modèles statistiques adaptés aux données,ANANUM-29-3,Connaitre les complexités des opérations vectorielles et matricielles,0
modeliser-4.3,Construire les modèles statistiques adaptés aux données,ANANUM-29-4,Implémenter la résolution d’un systeme d’équation linéaire avec matrice diagonale,0
modeliser-4.3,Construire les modèles statistiques adaptés aux données,ANANUM-29-5,Implémenter la résolution d’un systeme d’équation linéaire avec matrice triangulaire,0
modeliser-4.3,Construire les modèles statistiques adaptés aux données,ANANUM-29-6,Retrouver l’algorithme de calcul de l’inverse d’une matrice triangulaire,0
modeliser-4.3,Construire les modèles statistiques adaptés aux données,ANANUM-29-7,Retrouver les variantes (exterieur/recursive/trisup) de Cholesky,0
modeliser-4.3,Construire les modèles statistiques adaptés aux données,ANANUM-29-8,Connaitre les complexités des la résolution de systeme d’équation triangulaires,0
modeliser-4.3,Construire les modèles statistiques adaptés aux données,ANANUM-29-9,Retrouver le schema de résolution de Ax=b donné A=LU,0
modeliser-4.3,Construire les modèles statistiques adaptés aux données,ANANUM-29-10,Calculer une matrice triangulaire supérieure en utilisant les matrices de Gauss,0
modeliser-4.3,Construire les modèles statistiques adaptés aux données,ANANUM-29-11,Connaitre l’algorithme de décomposition PA=LU,0
modeliser-4.3,Construire les modèles statistiques adaptés aux données,ANANUM-29-12,Retrouver le schema de résolution de Ax=b donné PA=LU,0
modeliser-4.3,Construire les modèles statistiques adaptés aux données,ANANUM-29-13,Retrouver l’algorithme de décomposition A=LDL,0
modeliser-4.3,Construire les modèles statistiques adaptés aux données,ANANUM-29-14,Retrouver l’algorithme de Cholesky,0
modeliser-4.3,Construire les modèles statistiques adaptés aux données,ANANUM-29-16,Retrouver le schema de résolution des moindres carrés avec QR,0
modeliser-4.3,Construire les modèles statistiques adaptés aux données,ANANUM-29-17,Retrouver l’algorithme de décomposition QR avec Householder,0
modeliser-4.3,Construire les modèles statistiques adaptés aux données,ANANUM-29-18,Connaitre le principe des méthodes itératives,0
modeliser-4.3,Construire les modèles statistiques adaptés aux données,ANANUM-29-19,Connaitre le principe de PageRank,0
modeliser-4.3,Construire les modèles statistiques adaptés aux données,ANANUM-29-20,Calculer  une valeur propre en utilisant l’algorithme des puissances itérées,0
modeliser-4.3,Construire les modèles statistiques adaptés aux données,ANANUM-29-21,Implémenter l’algorithme QR pour les valeurs propres,0
modeliser-4.3,Construire les modèles statistiques adaptés aux données,ANANUM-29-22,Calculer les valeurs singulieres d’une matrice a partir des valeurs propres,0
modeliser-4.3,Construire les modèles statistiques adaptés aux données,ANANUM-29-23,Implémenter l’algorithme de bidiagonisation pour le calcul de la SVD,0
modeliser-4.3,Construire les modèles statistiques adaptés aux données,ANANUM-30-1,Estimer les valeurs propres avec les cercles de Gershgorin,0
modeliser-4.3,Construire les modèles statistiques adaptés aux données,ANANUM-31-1,Appliquer les décompositions valeurs propres/singulières pour du débruitage d’images ( ??),0
modeliser-4.3,Construire les modèles statistiques adaptés aux données,ANANUM-32-1,Exploiter les structures particulières de matrices,0
modeliser-4.3,Construire les modèles statistiques adaptés aux données,ANANUM-32-2,Optimiser l’implémentation de la transformation de Gauss,0
modeliser-4.3,Construire les modèles statistiques adaptés aux données,ANANUM-32-3,Optmisier l’approche QR pour les valeurs propres avec la forme tridiagonale,0
modeliser-4.3,Construire les modèles statistiques adaptés aux données,ANANUM-49-1,Etre capable de coder en Python/numpy le produit matriciel,0
modeliser-4.3,Construire les modèles statistiques adaptés aux données,ANANUM-49-2,Implémenter en Python/numpy l’algorithme de décomposition LU,0
modeliser-4.3,Construire les modèles statistiques adaptés aux données,ANANUM-49-3,Implémenter en Python/numpy l’algorithme de décomposition PALU,0
modeliser-4.3,Construire les modèles statistiques adaptés aux données,ANANUM-49-4,Implémenter LDL et Cholesky en python/numpy,0
modeliser-4.3,Construire les modèles statistiques adaptés aux données,ANANUM-49-5,Implémenter efficacement en Python/numpy l’algorithme de décomposition QR,0
modeliser-4.3,Construire les modèles statistiques adaptés aux données,ANANUM-49-6,Implémenter en Python/numpy un algorithme de méthode itérative,0
modeliser-4.3,Construire les modèles statistiques adaptés aux données,ANANUM-49-7,Implémenter en python/numpy la décomposition valeurs propres/singulières,0
modeliser-4.3,Construire les modèles statistiques adaptés aux données,,,0
modeliser-4.4,Évaluer les besoins en ressources,ANANUM-1-1,Retrouver les dimensions d’une matrice,0
modeliser-4.4,Évaluer les besoins en ressources,ANANUM-1-2,Identifier les différents type de matrice (structure et taille),0
modeliser-4.4,Évaluer les besoins en ressources,ANANUM-1-3,Identifier et connaître un problème des moindres carrés,0
modeliser-4.4,Évaluer les besoins en ressources,ANANUM-2-1,Retrouver le schema de résolution des moindres carrés avec la méthode du gradient,0
modeliser-4.4,Évaluer les besoins en ressources,ANANUM-3-1,Maitriser les opérations vectorielles (produit scalaire,0
modeliser-4.4,Évaluer les besoins en ressources,ANANUM-14-1,Etre capable de représenter un systèmes d’équation linéaire sous forme matricielle,0
modeliser-4.4,Évaluer les besoins en ressources,ANANUM-15-3,Connaitre les propriétés d’une matrice de Gauss,0
modeliser-4.4,Évaluer les besoins en ressources,ANANUM-15-4,Connaitre les propriétés d’une matrice de permutation,0
modeliser-4.4,Évaluer les besoins en ressources,ANANUM-15-5,Connaitre les propriétés d’une matrice définie positive,0
modeliser-4.4,Évaluer les besoins en ressources,ANANUM-15-6,Connaitre les propriétés d’une matrice orthogonale,0
modeliser-4.4,Évaluer les besoins en ressources,ANANUM-15-7,Connaitre les propriétés d’une matrice de Householder,0
modeliser-4.4,Évaluer les besoins en ressources,ANANUM-15-8,Connaitre les propriétés des normes matricielles et vectorielles,0
modeliser-4.4,Évaluer les besoins en ressources,ANANUM-15-9,Connaitre les propriétés de la décomposition valeurs propres,0
modeliser-4.4,Évaluer les besoins en ressources,ANANUM-15-10,Connaitre les propriétés de la décomposition valeurs singulières,0
modeliser-4.4,Évaluer les besoins en ressources,ANANUM-16-1,Connaitre les conditions d’applications de Cholesky et LDL,0
modeliser-4.4,Évaluer les besoins en ressources,ANANUM-16-2,Identifier les avantages/limites des méthodes décomposition,0
modeliser-4.4,Évaluer les besoins en ressources,ANANUM-16-3,Identifier les similitudes et différences entre Jacobi,0
modeliser-4.4,Évaluer les besoins en ressources,ANANUM-29-1,Etre capable d’implémenter un produit matriciel,0
modeliser-4.4,Évaluer les besoins en ressources,ANANUM-29-2,Etre capable d’implémenter un produit matriciel de différentes manières,0
modeliser-4.4,Évaluer les besoins en ressources,ANANUM-29-3,Connaitre les complexités des opérations vectorielles et matricielles,0
modeliser-4.4,Évaluer les besoins en ressources,ANANUM-29-4,Implémenter la résolution d’un systeme d’équation linéaire avec matrice diagonale,0
modeliser-4.4,Évaluer les besoins en ressources,ANANUM-29-5,Implémenter la résolution d’un systeme d’équation linéaire avec matrice triangulaire,0
modeliser-4.4,Évaluer les besoins en ressources,ANANUM-29-6,Retrouver l’algorithme de calcul de l’inverse d’une matrice triangulaire,0
modeliser-4.4,Évaluer les besoins en ressources,ANANUM-29-7,Retrouver les variantes (exterieur/recursive/trisup) de Cholesky,0
modeliser-4.4,Évaluer les besoins en ressources,ANANUM-29-8,Connaitre les complexités des la résolution de systeme d’équation triangulaires,0
modeliser-4.4,Évaluer les besoins en ressources,ANANUM-29-9,Retrouver le schema de résolution de Ax=b donné A=LU,0
modeliser-4.4,Évaluer les besoins en ressources,ANANUM-29-10,Calculer une matrice triangulaire supérieure en utilisant les matrices de Gauss,0
modeliser-4.4,Évaluer les besoins en ressources,ANANUM-29-11,Connaitre l’algorithme de décomposition PA=LU,0
modeliser-4.4,Évaluer les besoins en ressources,ANANUM-29-12,Retrouver le schema de résolution de Ax=b donné PA=LU,0
modeliser-4.4,Évaluer les besoins en ressources,ANANUM-29-13,Retrouver l’algorithme de décomposition A=LDL,0
modeliser-4.4,Évaluer les besoins en ressources,ANANUM-29-14,Retrouver l’algorithme de Cholesky,0
modeliser-4.4,Évaluer les besoins en ressources,ANANUM-29-16,Retrouver le schema de résolution des moindres carrés avec QR,0
modeliser-4.4,Évaluer les besoins en ressources,ANANUM-29-17,Retrouver l’algorithme de décomposition QR avec Householder,0
modeliser-4.4,Évaluer les besoins en ressources,ANANUM-29-18,Connaitre le principe des méthodes itératives,0
modeliser-4.4,Évaluer les besoins en ressources,ANANUM-29-19,Connaitre le principe de PageRank,0
modeliser-4.4,Évaluer les besoins en ressources,ANANUM-29-20,Calculer  une valeur propre en utilisant l’algorithme des puissances itérées,0
modeliser-4.4,Évaluer les besoins en ressources,ANANUM-29-21,Implémenter l’algorithme QR pour les valeurs propres,0
modeliser-4.4,Évaluer les besoins en ressources,ANANUM-29-22,Calculer les valeurs singulieres d’une matrice a partir des valeurs propres,0
modeliser-4.4,Évaluer les besoins en ressources,ANANUM-29-23,Implémenter l’algorithme de bidiagonisation pour le calcul de la SVD,0
modeliser-4.4,Évaluer les besoins en ressources,ANANUM-30-1,Estimer les valeurs propres avec les cercles de Gershgorin,0
modeliser-4.4,Évaluer les besoins en ressources,ANANUM-31-1,Appliquer les décompositions valeurs propres/singulières pour du débruitage d’images ( ??),0
modeliser-4.4,Évaluer les besoins en ressources,ANANUM-32-1,Exploiter les structures particulières de matrices,0
modeliser-4.4,Évaluer les besoins en ressources,ANANUM-32-2,Optimiser l’implémentation de la transformation de Gauss,0
modeliser-4.4,Évaluer les besoins en ressources,ANANUM-32-3,Optmisier l’approche QR pour les valeurs propres avec la forme tridiagonale,0
modeliser-4.4,Évaluer les besoins en ressources,ANANUM-49-1,Etre capable de coder en Python/numpy le produit matriciel,0
modeliser-4.4,Évaluer les besoins en ressources,ANANUM-49-2,Implémenter en Python/numpy l’algorithme de décomposition LU,0
modeliser-4.4,Évaluer les besoins en ressources,ANANUM-49-3,Implémenter en Python/numpy l’algorithme de décomposition PALU,0
modeliser-4.4,Évaluer les besoins en ressources,ANANUM-49-4,Implémenter LDL et Cholesky en python/numpy,0
modeliser-4.4,Évaluer les besoins en ressources,ANANUM-49-5,Implémenter efficacement en Python/numpy l’algorithme de décomposition QR,0
modeliser-4.4,Évaluer les besoins en ressources,ANANUM-49-6,Implémenter en Python/numpy un algorithme de méthode itérative,0
modeliser-4.4,Évaluer les besoins en ressources,ANANUM-49-7,Implémenter en python/numpy la décomposition valeurs propres/singulières,0
modeliser-4.4,Évaluer les besoins en ressources,,,0
concevoir-1.1,Transposer une expression formelle en algorithme et vice-versa,ANANUM-1-1,Retrouver les dimensions d’une matrice,0
concevoir-1.1,Transposer une expression formelle en algorithme et vice-versa,ANANUM-1-2,Identifier les différents type de matrice (structure et taille),0
concevoir-1.1,Transposer une expression formelle en algorithme et vice-versa,ANANUM-1-3,Identifier et connaître un problème des moindres carrés,1
concevoir-1.1,Transposer une expression formelle en algorithme et vice-versa,ANANUM-2-1,Retrouver le schema de résolution des moindres carrés avec la méthode du gradient,0
concevoir-1.1,Transposer une expression formelle en algorithme et vice-versa,ANANUM-3-1,Maitriser les opérations vectorielles (produit scalaire,0
concevoir-1.1,Transposer une expression formelle en algorithme et vice-versa,ANANUM-14-1,Etre capable de représenter un systèmes d’équation linéaire sous forme matricielle,0
concevoir-1.1,Transposer une expression formelle en algorithme et vice-versa,ANANUM-15-3,Connaitre les propriétés d’une matrice de Gauss,0
concevoir-1.1,Transposer une expression formelle en algorithme et vice-versa,ANANUM-15-4,Connaitre les propriétés d’une matrice de permutation,0
concevoir-1.1,Transposer une expression formelle en algorithme et vice-versa,ANANUM-15-5,Connaitre les propriétés d’une matrice définie positive,0
concevoir-1.1,Transposer une expression formelle en algorithme et vice-versa,ANANUM-15-6,Connaitre les propriétés d’une matrice orthogonale,0
concevoir-1.1,Transposer une expression formelle en algorithme et vice-versa,ANANUM-15-7,Connaitre les propriétés d’une matrice de Householder,0
concevoir-1.1,Transposer une expression formelle en algorithme et vice-versa,ANANUM-15-8,Connaitre les propriétés des normes matricielles et vectorielles,0
concevoir-1.1,Transposer une expression formelle en algorithme et vice-versa,ANANUM-15-9,Connaitre les propriétés de la décomposition valeurs propres,0
concevoir-1.1,Transposer une expression formelle en algorithme et vice-versa,ANANUM-15-10,Connaitre les propriétés de la décomposition valeurs singulières,0
concevoir-1.1,Transposer une expression formelle en algorithme et vice-versa,ANANUM-16-1,Connaitre les conditions d’applications de Cholesky et LDL,0
concevoir-1.1,Transposer une expression formelle en algorithme et vice-versa,ANANUM-16-2,Identifier les avantages/limites des méthodes décomposition,0
concevoir-1.1,Transposer une expression formelle en algorithme et vice-versa,ANANUM-16-3,Identifier les similitudes et différences entre Jacobi,0
concevoir-1.1,Transposer une expression formelle en algorithme et vice-versa,ANANUM-29-1,Etre capable d’implémenter un produit matriciel,1
concevoir-1.1,Transposer une expression formelle en algorithme et vice-versa,ANANUM-29-2,Etre capable d’implémenter un produit matriciel de différentes manières,1
concevoir-1.1,Transposer une expression formelle en algorithme et vice-versa,ANANUM-29-3,Connaitre les complexités des opérations vectorielles et matricielles,1
concevoir-1.1,Transposer une expression formelle en algorithme et vice-versa,ANANUM-29-4,Implémenter la résolution d’un systeme d’équation linéaire avec matrice diagonale,1
concevoir-1.1,Transposer une expression formelle en algorithme et vice-versa,ANANUM-29-5,Implémenter la résolution d’un systeme d’équation linéaire avec matrice triangulaire,1
concevoir-1.1,Transposer une expression formelle en algorithme et vice-versa,ANANUM-29-6,Retrouver l’algorithme de calcul de l’inverse d’une matrice triangulaire,1
concevoir-1.1,Transposer une expression formelle en algorithme et vice-versa,ANANUM-29-7,Retrouver les variantes (exterieur/recursive/trisup) de Cholesky,1
concevoir-1.1,Transposer une expression formelle en algorithme et vice-versa,ANANUM-29-8,Connaitre les complexités des la résolution de systeme d’équation triangulaires,1
concevoir-1.1,Transposer une expression formelle en algorithme et vice-versa,ANANUM-29-9,Retrouver le schema de résolution de Ax=b donné A=LU,1
concevoir-1.1,Transposer une expression formelle en algorithme et vice-versa,ANANUM-29-10,Calculer une matrice triangulaire supérieure en utilisant les matrices de Gauss,1
concevoir-1.1,Transposer une expression formelle en algorithme et vice-versa,ANANUM-29-11,Connaitre l’algorithme de décomposition PA=LU,1
concevoir-1.1,Transposer une expression formelle en algorithme et vice-versa,ANANUM-29-12,Retrouver le schema de résolution de Ax=b donné PA=LU,1
concevoir-1.1,Transposer une expression formelle en algorithme et vice-versa,ANANUM-29-13,Retrouver l’algorithme de décomposition A=LDL,1
concevoir-1.1,Transposer une expression formelle en algorithme et vice-versa,ANANUM-29-14,Retrouver l’algorithme de Cholesky,1
concevoir-1.1,Transposer une expression formelle en algorithme et vice-versa,ANANUM-29-16,Retrouver le schema de résolution des moindres carrés avec QR,1
concevoir-1.1,Transposer une expression formelle en algorithme et vice-versa,ANANUM-29-17,Retrouver l’algorithme de décomposition QR avec Householder,1
concevoir-1.1,Transposer une expression formelle en algorithme et vice-versa,ANANUM-29-18,Connaitre le principe des méthodes itératives,1
concevoir-1.1,Transposer une expression formelle en algorithme et vice-versa,ANANUM-29-19,Connaitre le principe de PageRank,1
concevoir-1.1,Transposer une expression formelle en algorithme et vice-versa,ANANUM-29-20,Calculer  une valeur propre en utilisant l’algorithme des puissances itérées,1
concevoir-1.1,Transposer une expression formelle en algorithme et vice-versa,ANANUM-29-21,Implémenter l’algorithme QR pour les valeurs propres,1
concevoir-1.1,Transposer une expression formelle en algorithme et vice-versa,ANANUM-29-22,Calculer les valeurs singulieres d’une matrice a partir des valeurs propres,1
concevoir-1.1,Transposer une expression formelle en algorithme et vice-versa,ANANUM-29-23,Implémenter l’algorithme de bidiagonisation pour le calcul de la SVD,1
concevoir-1.1,Transposer une expression formelle en algorithme et vice-versa,ANANUM-30-1,Estimer les valeurs propres avec les cercles de Gershgorin,0
concevoir-1.1,Transposer une expression formelle en algorithme et vice-versa,ANANUM-31-1,Appliquer les décompositions valeurs propres/singulières pour du débruitage d’images ( ??),0
concevoir-1.1,Transposer une expression formelle en algorithme et vice-versa,ANANUM-32-1,Exploiter les structures particulières de matrices,0
concevoir-1.1,Transposer une expression formelle en algorithme et vice-versa,ANANUM-32-2,Optimiser l’implémentation de la transformation de Gauss,0
concevoir-1.1,Transposer une expression formelle en algorithme et vice-versa,ANANUM-32-3,Optmisier l’approche QR pour les valeurs propres avec la forme tridiagonale,0
concevoir-1.1,Transposer une expression formelle en algorithme et vice-versa,ANANUM-49-1,Etre capable de coder en Python/numpy le produit matriciel,0
concevoir-1.1,Transposer une expression formelle en algorithme et vice-versa,ANANUM-49-2,Implémenter en Python/numpy l’algorithme de décomposition LU,0
concevoir-1.1,Transposer une expression formelle en algorithme et vice-versa,ANANUM-49-3,Implémenter en Python/numpy l’algorithme de décomposition PALU,0
concevoir-1.1,Transposer une expression formelle en algorithme et vice-versa,ANANUM-49-4,Implémenter LDL et Cholesky en python/numpy,0
concevoir-1.1,Transposer une expression formelle en algorithme et vice-versa,ANANUM-49-5,Implémenter efficacement en Python/numpy l’algorithme de décomposition QR,0
concevoir-1.1,Transposer une expression formelle en algorithme et vice-versa,ANANUM-49-6,Implémenter en Python/numpy un algorithme de méthode itérative,0
concevoir-1.1,Transposer une expression formelle en algorithme et vice-versa,ANANUM-49-7,Implémenter en python/numpy la décomposition valeurs propres/singulières,0
concevoir-1.1,Transposer une expression formelle en algorithme et vice-versa,,,0
concevoir-1.2,Transposer une représentation formelle en structure de données et vice-versa,ANANUM-1-1,Retrouver les dimensions d’une matrice,0
concevoir-1.2,Transposer une représentation formelle en structure de données et vice-versa,ANANUM-1-2,Identifier les différents type de matrice (structure et taille),0
concevoir-1.2,Transposer une représentation formelle en structure de données et vice-versa,ANANUM-1-3,Identifier et connaître un problème des moindres carrés,0
concevoir-1.2,Transposer une représentation formelle en structure de données et vice-versa,ANANUM-2-1,Retrouver le schema de résolution des moindres carrés avec la méthode du gradient,0
concevoir-1.2,Transposer une représentation formelle en structure de données et vice-versa,ANANUM-3-1,Maitriser les opérations vectorielles (produit scalaire,0
concevoir-1.2,Transposer une représentation formelle en structure de données et vice-versa,ANANUM-14-1,Etre capable de représenter un systèmes d’équation linéaire sous forme matricielle,0
concevoir-1.2,Transposer une représentation formelle en structure de données et vice-versa,ANANUM-15-3,Connaitre les propriétés d’une matrice de Gauss,0
concevoir-1.2,Transposer une représentation formelle en structure de données et vice-versa,ANANUM-15-4,Connaitre les propriétés d’une matrice de permutation,0
concevoir-1.2,Transposer une représentation formelle en structure de données et vice-versa,ANANUM-15-5,Connaitre les propriétés d’une matrice définie positive,0
concevoir-1.2,Transposer une représentation formelle en structure de données et vice-versa,ANANUM-15-6,Connaitre les propriétés d’une matrice orthogonale,0
concevoir-1.2,Transposer une représentation formelle en structure de données et vice-versa,ANANUM-15-7,Connaitre les propriétés d’une matrice de Householder,0
concevoir-1.2,Transposer une représentation formelle en structure de données et vice-versa,ANANUM-15-8,Connaitre les propriétés des normes matricielles et vectorielles,0
concevoir-1.2,Transposer une représentation formelle en structure de données et vice-versa,ANANUM-15-9,Connaitre les propriétés de la décomposition valeurs propres,0
concevoir-1.2,Transposer une représentation formelle en structure de données et vice-versa,ANANUM-15-10,Connaitre les propriétés de la décomposition valeurs singulières,0
concevoir-1.2,Transposer une représentation formelle en structure de données et vice-versa,ANANUM-16-1,Connaitre les conditions d’applications de Cholesky et LDL,0
concevoir-1.2,Transposer une représentation formelle en structure de données et vice-versa,ANANUM-16-2,Identifier les avantages/limites des méthodes décomposition,0
concevoir-1.2,Transposer une représentation formelle en structure de données et vice-versa,ANANUM-16-3,Identifier les similitudes et différences entre Jacobi,0
concevoir-1.2,Transposer une représentation formelle en structure de données et vice-versa,ANANUM-29-1,Etre capable d’implémenter un produit matriciel,0
concevoir-1.2,Transposer une représentation formelle en structure de données et vice-versa,ANANUM-29-2,Etre capable d’implémenter un produit matriciel de différentes manières,0
concevoir-1.2,Transposer une représentation formelle en structure de données et vice-versa,ANANUM-29-3,Connaitre les complexités des opérations vectorielles et matricielles,0
concevoir-1.2,Transposer une représentation formelle en structure de données et vice-versa,ANANUM-29-4,Implémenter la résolution d’un systeme d’équation linéaire avec matrice diagonale,0
concevoir-1.2,Transposer une représentation formelle en structure de données et vice-versa,ANANUM-29-5,Implémenter la résolution d’un systeme d’équation linéaire avec matrice triangulaire,0
concevoir-1.2,Transposer une représentation formelle en structure de données et vice-versa,ANANUM-29-6,Retrouver l’algorithme de calcul de l’inverse d’une matrice triangulaire,0
concevoir-1.2,Transposer une représentation formelle en structure de données et vice-versa,ANANUM-29-7,Retrouver les variantes (exterieur/recursive/trisup) de Cholesky,0
concevoir-1.2,Transposer une représentation formelle en structure de données et vice-versa,ANANUM-29-8,Connaitre les complexités des la résolution de systeme d’équation triangulaires,0
concevoir-1.2,Transposer une représentation formelle en structure de données et vice-versa,ANANUM-29-9,Retrouver le schema de résolution de Ax=b donné A=LU,0
concevoir-1.2,Transposer une représentation formelle en structure de données et vice-versa,ANANUM-29-10,Calculer une matrice triangulaire supérieure en utilisant les matrices de Gauss,0
concevoir-1.2,Transposer une représentation formelle en structure de données et vice-versa,ANANUM-29-11,Connaitre l’algorithme de décomposition PA=LU,0
concevoir-1.2,Transposer une représentation formelle en structure de données et vice-versa,ANANUM-29-12,Retrouver le schema de résolution de Ax=b donné PA=LU,0
concevoir-1.2,Transposer une représentation formelle en structure de données et vice-versa,ANANUM-29-13,Retrouver l’algorithme de décomposition A=LDL,0
concevoir-1.2,Transposer une représentation formelle en structure de données et vice-versa,ANANUM-29-14,Retrouver l’algorithme de Cholesky,0
concevoir-1.2,Transposer une représentation formelle en structure de données et vice-versa,ANANUM-29-16,Retrouver le schema de résolution des moindres carrés avec QR,0
concevoir-1.2,Transposer une représentation formelle en structure de données et vice-versa,ANANUM-29-17,Retrouver l’algorithme de décomposition QR avec Householder,0
concevoir-1.2,Transposer une représentation formelle en structure de données et vice-versa,ANANUM-29-18,Connaitre le principe des méthodes itératives,0
concevoir-1.2,Transposer une représentation formelle en structure de données et vice-versa,ANANUM-29-19,Connaitre le principe de PageRank,0
concevoir-1.2,Transposer une représentation formelle en structure de données et vice-versa,ANANUM-29-20,Calculer  une valeur propre en utilisant l’algorithme des puissances itérées,0
concevoir-1.2,Transposer une représentation formelle en structure de données et vice-versa,ANANUM-29-21,Implémenter l’algorithme QR pour les valeurs propres,0
concevoir-1.2,Transposer une représentation formelle en structure de données et vice-versa,ANANUM-29-22,Calculer les valeurs singulieres d’une matrice a partir des valeurs propres,0
concevoir-1.2,Transposer une représentation formelle en structure de données et vice-versa,ANANUM-29-23,Implémenter l’algorithme de bidiagonisation pour le calcul de la SVD,0
concevoir-1.2,Transposer une représentation formelle en structure de données et vice-versa,ANANUM-30-1,Estimer les valeurs propres avec les cercles de Gershgorin,1
concevoir-1.2,Transposer une représentation formelle en structure de données et vice-versa,ANANUM-31-1,Appliquer les décompositions valeurs propres/singulières pour du débruitage d’images ( ??),0
concevoir-1.2,Transposer une représentation formelle en structure de données et vice-versa,ANANUM-32-1,Exploiter les structures particulières de matrices,0
concevoir-1.2,Transposer une représentation formelle en structure de données et vice-versa,ANANUM-32-2,Optimiser l’implémentation de la transformation de Gauss,0
concevoir-1.2,Transposer une représentation formelle en structure de données et vice-versa,ANANUM-32-3,Optmisier l’approche QR pour les valeurs propres avec la forme tridiagonale,0
concevoir-1.2,Transposer une représentation formelle en structure de données et vice-versa,ANANUM-49-1,Etre capable de coder en Python/numpy le produit matriciel,0
concevoir-1.2,Transposer une représentation formelle en structure de données et vice-versa,ANANUM-49-2,Implémenter en Python/numpy l’algorithme de décomposition LU,0
concevoir-1.2,Transposer une représentation formelle en structure de données et vice-versa,ANANUM-49-3,Implémenter en Python/numpy l’algorithme de décomposition PALU,0
concevoir-1.2,Transposer une représentation formelle en structure de données et vice-versa,ANANUM-49-4,Implémenter LDL et Cholesky en python/numpy,0
concevoir-1.2,Transposer une représentation formelle en structure de données et vice-versa,ANANUM-49-5,Implémenter efficacement en Python/numpy l’algorithme de décomposition QR,0
concevoir-1.2,Transposer une représentation formelle en structure de données et vice-versa,ANANUM-49-6,Implémenter en Python/numpy un algorithme de méthode itérative,0
concevoir-1.2,Transposer une représentation formelle en structure de données et vice-versa,ANANUM-49-7,Implémenter en python/numpy la décomposition valeurs propres/singulières,0
concevoir-1.2,Transposer une représentation formelle en structure de données et vice-versa,,,0
concevoir-1.3,Intégrer des composants logiciels ou physiques au sein d’un système,ANANUM-1-1,Retrouver les dimensions d’une matrice,0
concevoir-1.3,Intégrer des composants logiciels ou physiques au sein d’un système,ANANUM-1-2,Identifier les différents type de matrice (structure et taille),0
concevoir-1.3,Intégrer des composants logiciels ou physiques au sein d’un système,ANANUM-1-3,Identifier et connaître un problème des moindres carrés,0
concevoir-1.3,Intégrer des composants logiciels ou physiques au sein d’un système,ANANUM-2-1,Retrouver le schema de résolution des moindres carrés avec la méthode du gradient,0
concevoir-1.3,Intégrer des composants logiciels ou physiques au sein d’un système,ANANUM-3-1,Maitriser les opérations vectorielles (produit scalaire,0
concevoir-1.3,Intégrer des composants logiciels ou physiques au sein d’un système,ANANUM-14-1,Etre capable de représenter un systèmes d’équation linéaire sous forme matricielle,0
concevoir-1.3,Intégrer des composants logiciels ou physiques au sein d’un système,ANANUM-15-3,Connaitre les propriétés d’une matrice de Gauss,0
concevoir-1.3,Intégrer des composants logiciels ou physiques au sein d’un système,ANANUM-15-4,Connaitre les propriétés d’une matrice de permutation,0
concevoir-1.3,Intégrer des composants logiciels ou physiques au sein d’un système,ANANUM-15-5,Connaitre les propriétés d’une matrice définie positive,0
concevoir-1.3,Intégrer des composants logiciels ou physiques au sein d’un système,ANANUM-15-6,Connaitre les propriétés d’une matrice orthogonale,0
concevoir-1.3,Intégrer des composants logiciels ou physiques au sein d’un système,ANANUM-15-7,Connaitre les propriétés d’une matrice de Householder,0
concevoir-1.3,Intégrer des composants logiciels ou physiques au sein d’un système,ANANUM-15-8,Connaitre les propriétés des normes matricielles et vectorielles,0
concevoir-1.3,Intégrer des composants logiciels ou physiques au sein d’un système,ANANUM-15-9,Connaitre les propriétés de la décomposition valeurs propres,0
concevoir-1.3,Intégrer des composants logiciels ou physiques au sein d’un système,ANANUM-15-10,Connaitre les propriétés de la décomposition valeurs singulières,0
concevoir-1.3,Intégrer des composants logiciels ou physiques au sein d’un système,ANANUM-16-1,Connaitre les conditions d’applications de Cholesky et LDL,0
concevoir-1.3,Intégrer des composants logiciels ou physiques au sein d’un système,ANANUM-16-2,Identifier les avantages/limites des méthodes décomposition,0
concevoir-1.3,Intégrer des composants logiciels ou physiques au sein d’un système,ANANUM-16-3,Identifier les similitudes et différences entre Jacobi,0
concevoir-1.3,Intégrer des composants logiciels ou physiques au sein d’un système,ANANUM-29-1,Etre capable d’implémenter un produit matriciel,0
concevoir-1.3,Intégrer des composants logiciels ou physiques au sein d’un système,ANANUM-29-2,Etre capable d’implémenter un produit matriciel de différentes manières,0
concevoir-1.3,Intégrer des composants logiciels ou physiques au sein d’un système,ANANUM-29-3,Connaitre les complexités des opérations vectorielles et matricielles,0
concevoir-1.3,Intégrer des composants logiciels ou physiques au sein d’un système,ANANUM-29-4,Implémenter la résolution d’un systeme d’équation linéaire avec matrice diagonale,0
concevoir-1.3,Intégrer des composants logiciels ou physiques au sein d’un système,ANANUM-29-5,Implémenter la résolution d’un systeme d’équation linéaire avec matrice triangulaire,0
concevoir-1.3,Intégrer des composants logiciels ou physiques au sein d’un système,ANANUM-29-6,Retrouver l’algorithme de calcul de l’inverse d’une matrice triangulaire,0
concevoir-1.3,Intégrer des composants logiciels ou physiques au sein d’un système,ANANUM-29-7,Retrouver les variantes (exterieur/recursive/trisup) de Cholesky,0
concevoir-1.3,Intégrer des composants logiciels ou physiques au sein d’un système,ANANUM-29-8,Connaitre les complexités des la résolution de systeme d’équation triangulaires,0
concevoir-1.3,Intégrer des composants logiciels ou physiques au sein d’un système,ANANUM-29-9,Retrouver le schema de résolution de Ax=b donné A=LU,0
concevoir-1.3,Intégrer des composants logiciels ou physiques au sein d’un système,ANANUM-29-10,Calculer une matrice triangulaire supérieure en utilisant les matrices de Gauss,0
concevoir-1.3,Intégrer des composants logiciels ou physiques au sein d’un système,ANANUM-29-11,Connaitre l’algorithme de décomposition PA=LU,0
concevoir-1.3,Intégrer des composants logiciels ou physiques au sein d’un système,ANANUM-29-12,Retrouver le schema de résolution de Ax=b donné PA=LU,0
concevoir-1.3,Intégrer des composants logiciels ou physiques au sein d’un système,ANANUM-29-13,Retrouver l’algorithme de décomposition A=LDL,0
concevoir-1.3,Intégrer des composants logiciels ou physiques au sein d’un système,ANANUM-29-14,Retrouver l’algorithme de Cholesky,0
concevoir-1.3,Intégrer des composants logiciels ou physiques au sein d’un système,ANANUM-29-16,Retrouver le schema de résolution des moindres carrés avec QR,0
concevoir-1.3,Intégrer des composants logiciels ou physiques au sein d’un système,ANANUM-29-17,Retrouver l’algorithme de décomposition QR avec Householder,0
concevoir-1.3,Intégrer des composants logiciels ou physiques au sein d’un système,ANANUM-29-18,Connaitre le principe des méthodes itératives,0
concevoir-1.3,Intégrer des composants logiciels ou physiques au sein d’un système,ANANUM-29-19,Connaitre le principe de PageRank,0
concevoir-1.3,Intégrer des composants logiciels ou physiques au sein d’un système,ANANUM-29-20,Calculer  une valeur propre en utilisant l’algorithme des puissances itérées,0
concevoir-1.3,Intégrer des composants logiciels ou physiques au sein d’un système,ANANUM-29-21,Implémenter l’algorithme QR pour les valeurs propres,0
concevoir-1.3,Intégrer des composants logiciels ou physiques au sein d’un système,ANANUM-29-22,Calculer les valeurs singulieres d’une matrice a partir des valeurs propres,0
concevoir-1.3,Intégrer des composants logiciels ou physiques au sein d’un système,ANANUM-29-23,Implémenter l’algorithme de bidiagonisation pour le calcul de la SVD,0
concevoir-1.3,Intégrer des composants logiciels ou physiques au sein d’un système,ANANUM-30-1,Estimer les valeurs propres avec les cercles de Gershgorin,0
concevoir-1.3,Intégrer des composants logiciels ou physiques au sein d’un système,ANANUM-31-1,Appliquer les décompositions valeurs propres/singulières pour du débruitage d’images ( ??),1
concevoir-1.3,Intégrer des composants logiciels ou physiques au sein d’un système,ANANUM-32-1,Exploiter les structures particulières de matrices,0
concevoir-1.3,Intégrer des composants logiciels ou physiques au sein d’un système,ANANUM-32-2,Optimiser l’implémentation de la transformation de Gauss,0
concevoir-1.3,Intégrer des composants logiciels ou physiques au sein d’un système,ANANUM-32-3,Optmisier l’approche QR pour les valeurs propres avec la forme tridiagonale,0
concevoir-1.3,Intégrer des composants logiciels ou physiques au sein d’un système,ANANUM-49-1,Etre capable de coder en Python/numpy le produit matriciel,0
concevoir-1.3,Intégrer des composants logiciels ou physiques au sein d’un système,ANANUM-49-2,Implémenter en Python/numpy l’algorithme de décomposition LU,0
concevoir-1.3,Intégrer des composants logiciels ou physiques au sein d’un système,ANANUM-49-3,Implémenter en Python/numpy l’algorithme de décomposition PALU,0
concevoir-1.3,Intégrer des composants logiciels ou physiques au sein d’un système,ANANUM-49-4,Implémenter LDL et Cholesky en python/numpy,0
concevoir-1.3,Intégrer des composants logiciels ou physiques au sein d’un système,ANANUM-49-5,Implémenter efficacement en Python/numpy l’algorithme de décomposition QR,0
concevoir-1.3,Intégrer des composants logiciels ou physiques au sein d’un système,ANANUM-49-6,Implémenter en Python/numpy un algorithme de méthode itérative,0
concevoir-1.3,Intégrer des composants logiciels ou physiques au sein d’un système,ANANUM-49-7,Implémenter en python/numpy la décomposition valeurs propres/singulières,0
concevoir-1.3,Intégrer des composants logiciels ou physiques au sein d’un système,,,0
concevoir-2.1,Sélectionner les structures de données dont la complexité (en temps et en espace) est adaptée,ANANUM-1-1,Retrouver les dimensions d’une matrice,0
concevoir-2.1,Sélectionner les structures de données dont la complexité (en temps et en espace) est adaptée,ANANUM-1-2,Identifier les différents type de matrice (structure et taille),0
concevoir-2.1,Sélectionner les structures de données dont la complexité (en temps et en espace) est adaptée,ANANUM-1-3,Identifier et connaître un problème des moindres carrés,0
concevoir-2.1,Sélectionner les structures de données dont la complexité (en temps et en espace) est adaptée,ANANUM-2-1,Retrouver le schema de résolution des moindres carrés avec la méthode du gradient,0
concevoir-2.1,Sélectionner les structures de données dont la complexité (en temps et en espace) est adaptée,ANANUM-3-1,Maitriser les opérations vectorielles (produit scalaire,0
concevoir-2.1,Sélectionner les structures de données dont la complexité (en temps et en espace) est adaptée,ANANUM-14-1,Etre capable de représenter un systèmes d’équation linéaire sous forme matricielle,0
concevoir-2.1,Sélectionner les structures de données dont la complexité (en temps et en espace) est adaptée,ANANUM-15-3,Connaitre les propriétés d’une matrice de Gauss,0
concevoir-2.1,Sélectionner les structures de données dont la complexité (en temps et en espace) est adaptée,ANANUM-15-4,Connaitre les propriétés d’une matrice de permutation,0
concevoir-2.1,Sélectionner les structures de données dont la complexité (en temps et en espace) est adaptée,ANANUM-15-5,Connaitre les propriétés d’une matrice définie positive,0
concevoir-2.1,Sélectionner les structures de données dont la complexité (en temps et en espace) est adaptée,ANANUM-15-6,Connaitre les propriétés d’une matrice orthogonale,0
concevoir-2.1,Sélectionner les structures de données dont la complexité (en temps et en espace) est adaptée,ANANUM-15-7,Connaitre les propriétés d’une matrice de Householder,0
concevoir-2.1,Sélectionner les structures de données dont la complexité (en temps et en espace) est adaptée,ANANUM-15-8,Connaitre les propriétés des normes matricielles et vectorielles,0
concevoir-2.1,Sélectionner les structures de données dont la complexité (en temps et en espace) est adaptée,ANANUM-15-9,Connaitre les propriétés de la décomposition valeurs propres,0
concevoir-2.1,Sélectionner les structures de données dont la complexité (en temps et en espace) est adaptée,ANANUM-15-10,Connaitre les propriétés de la décomposition valeurs singulières,0
concevoir-2.1,Sélectionner les structures de données dont la complexité (en temps et en espace) est adaptée,ANANUM-16-1,Connaitre les conditions d’applications de Cholesky et LDL,0
concevoir-2.1,Sélectionner les structures de données dont la complexité (en temps et en espace) est adaptée,ANANUM-16-2,Identifier les avantages/limites des méthodes décomposition,0
concevoir-2.1,Sélectionner les structures de données dont la complexité (en temps et en espace) est adaptée,ANANUM-16-3,Identifier les similitudes et différences entre Jacobi,0
concevoir-2.1,Sélectionner les structures de données dont la complexité (en temps et en espace) est adaptée,ANANUM-29-1,Etre capable d’implémenter un produit matriciel,0
concevoir-2.1,Sélectionner les structures de données dont la complexité (en temps et en espace) est adaptée,ANANUM-29-2,Etre capable d’implémenter un produit matriciel de différentes manières,0
concevoir-2.1,Sélectionner les structures de données dont la complexité (en temps et en espace) est adaptée,ANANUM-29-3,Connaitre les complexités des opérations vectorielles et matricielles,0
concevoir-2.1,Sélectionner les structures de données dont la complexité (en temps et en espace) est adaptée,ANANUM-29-4,Implémenter la résolution d’un systeme d’équation linéaire avec matrice diagonale,0
concevoir-2.1,Sélectionner les structures de données dont la complexité (en temps et en espace) est adaptée,ANANUM-29-5,Implémenter la résolution d’un systeme d’équation linéaire avec matrice triangulaire,0
concevoir-2.1,Sélectionner les structures de données dont la complexité (en temps et en espace) est adaptée,ANANUM-29-6,Retrouver l’algorithme de calcul de l’inverse d’une matrice triangulaire,0
concevoir-2.1,Sélectionner les structures de données dont la complexité (en temps et en espace) est adaptée,ANANUM-29-7,Retrouver les variantes (exterieur/recursive/trisup) de Cholesky,0
concevoir-2.1,Sélectionner les structures de données dont la complexité (en temps et en espace) est adaptée,ANANUM-29-8,Connaitre les complexités des la résolution de systeme d’équation triangulaires,0
concevoir-2.1,Sélectionner les structures de données dont la complexité (en temps et en espace) est adaptée,ANANUM-29-9,Retrouver le schema de résolution de Ax=b donné A=LU,0
concevoir-2.1,Sélectionner les structures de données dont la complexité (en temps et en espace) est adaptée,ANANUM-29-10,Calculer une matrice triangulaire supérieure en utilisant les matrices de Gauss,0
concevoir-2.1,Sélectionner les structures de données dont la complexité (en temps et en espace) est adaptée,ANANUM-29-11,Connaitre l’algorithme de décomposition PA=LU,0
concevoir-2.1,Sélectionner les structures de données dont la complexité (en temps et en espace) est adaptée,ANANUM-29-12,Retrouver le schema de résolution de Ax=b donné PA=LU,0
concevoir-2.1,Sélectionner les structures de données dont la complexité (en temps et en espace) est adaptée,ANANUM-29-13,Retrouver l’algorithme de décomposition A=LDL,0
concevoir-2.1,Sélectionner les structures de données dont la complexité (en temps et en espace) est adaptée,ANANUM-29-14,Retrouver l’algorithme de Cholesky,0
concevoir-2.1,Sélectionner les structures de données dont la complexité (en temps et en espace) est adaptée,ANANUM-29-16,Retrouver le schema de résolution des moindres carrés avec QR,0
concevoir-2.1,Sélectionner les structures de données dont la complexité (en temps et en espace) est adaptée,ANANUM-29-17,Retrouver l’algorithme de décomposition QR avec Householder,0
concevoir-2.1,Sélectionner les structures de données dont la complexité (en temps et en espace) est adaptée,ANANUM-29-18,Connaitre le principe des méthodes itératives,0
concevoir-2.1,Sélectionner les structures de données dont la complexité (en temps et en espace) est adaptée,ANANUM-29-19,Connaitre le principe de PageRank,0
concevoir-2.1,Sélectionner les structures de données dont la complexité (en temps et en espace) est adaptée,ANANUM-29-20,Calculer  une valeur propre en utilisant l’algorithme des puissances itérées,0
concevoir-2.1,Sélectionner les structures de données dont la complexité (en temps et en espace) est adaptée,ANANUM-29-21,Implémenter l’algorithme QR pour les valeurs propres,0
concevoir-2.1,Sélectionner les structures de données dont la complexité (en temps et en espace) est adaptée,ANANUM-29-22,Calculer les valeurs singulieres d’une matrice a partir des valeurs propres,0
concevoir-2.1,Sélectionner les structures de données dont la complexité (en temps et en espace) est adaptée,ANANUM-29-23,Implémenter l’algorithme de bidiagonisation pour le calcul de la SVD,0
concevoir-2.1,Sélectionner les structures de données dont la complexité (en temps et en espace) est adaptée,ANANUM-30-1,Estimer les valeurs propres avec les cercles de Gershgorin,0
concevoir-2.1,Sélectionner les structures de données dont la complexité (en temps et en espace) est adaptée,ANANUM-31-1,Appliquer les décompositions valeurs propres/singulières pour du débruitage d’images ( ??),0
concevoir-2.1,Sélectionner les structures de données dont la complexité (en temps et en espace) est adaptée,ANANUM-32-1,Exploiter les structures particulières de matrices,1
concevoir-2.1,Sélectionner les structures de données dont la complexité (en temps et en espace) est adaptée,ANANUM-32-2,Optimiser l’implémentation de la transformation de Gauss,1
concevoir-2.1,Sélectionner les structures de données dont la complexité (en temps et en espace) est adaptée,ANANUM-32-3,Optmisier l’approche QR pour les valeurs propres avec la forme tridiagonale,1
concevoir-2.1,Sélectionner les structures de données dont la complexité (en temps et en espace) est adaptée,ANANUM-49-1,Etre capable de coder en Python/numpy le produit matriciel,0
concevoir-2.1,Sélectionner les structures de données dont la complexité (en temps et en espace) est adaptée,ANANUM-49-2,Implémenter en Python/numpy l’algorithme de décomposition LU,0
concevoir-2.1,Sélectionner les structures de données dont la complexité (en temps et en espace) est adaptée,ANANUM-49-3,Implémenter en Python/numpy l’algorithme de décomposition PALU,0
concevoir-2.1,Sélectionner les structures de données dont la complexité (en temps et en espace) est adaptée,ANANUM-49-4,Implémenter LDL et Cholesky en python/numpy,0
concevoir-2.1,Sélectionner les structures de données dont la complexité (en temps et en espace) est adaptée,ANANUM-49-5,Implémenter efficacement en Python/numpy l’algorithme de décomposition QR,0
concevoir-2.1,Sélectionner les structures de données dont la complexité (en temps et en espace) est adaptée,ANANUM-49-6,Implémenter en Python/numpy un algorithme de méthode itérative,0
concevoir-2.1,Sélectionner les structures de données dont la complexité (en temps et en espace) est adaptée,ANANUM-49-7,Implémenter en python/numpy la décomposition valeurs propres/singulières,0
concevoir-2.1,Sélectionner les structures de données dont la complexité (en temps et en espace) est adaptée,,,0
concevoir-2.2,Choisir les patrons de conception,ANANUM-1-1,Retrouver les dimensions d’une matrice,0
concevoir-2.2,Choisir les patrons de conception,ANANUM-1-2,Identifier les différents type de matrice (structure et taille),0
concevoir-2.2,Choisir les patrons de conception,ANANUM-1-3,Identifier et connaître un problème des moindres carrés,0
concevoir-2.2,Choisir les patrons de conception,ANANUM-2-1,Retrouver le schema de résolution des moindres carrés avec la méthode du gradient,0
concevoir-2.2,Choisir les patrons de conception,ANANUM-3-1,Maitriser les opérations vectorielles (produit scalaire,0
concevoir-2.2,Choisir les patrons de conception,ANANUM-14-1,Etre capable de représenter un systèmes d’équation linéaire sous forme matricielle,0
concevoir-2.2,Choisir les patrons de conception,ANANUM-15-3,Connaitre les propriétés d’une matrice de Gauss,0
concevoir-2.2,Choisir les patrons de conception,ANANUM-15-4,Connaitre les propriétés d’une matrice de permutation,0
concevoir-2.2,Choisir les patrons de conception,ANANUM-15-5,Connaitre les propriétés d’une matrice définie positive,0
concevoir-2.2,Choisir les patrons de conception,ANANUM-15-6,Connaitre les propriétés d’une matrice orthogonale,0
concevoir-2.2,Choisir les patrons de conception,ANANUM-15-7,Connaitre les propriétés d’une matrice de Householder,0
concevoir-2.2,Choisir les patrons de conception,ANANUM-15-8,Connaitre les propriétés des normes matricielles et vectorielles,0
concevoir-2.2,Choisir les patrons de conception,ANANUM-15-9,Connaitre les propriétés de la décomposition valeurs propres,0
concevoir-2.2,Choisir les patrons de conception,ANANUM-15-10,Connaitre les propriétés de la décomposition valeurs singulières,0
concevoir-2.2,Choisir les patrons de conception,ANANUM-16-1,Connaitre les conditions d’applications de Cholesky et LDL,0
concevoir-2.2,Choisir les patrons de conception,ANANUM-16-2,Identifier les avantages/limites des méthodes décomposition,0
concevoir-2.2,Choisir les patrons de conception,ANANUM-16-3,Identifier les similitudes et différences entre Jacobi,0
concevoir-2.2,Choisir les patrons de conception,ANANUM-29-1,Etre capable d’implémenter un produit matriciel,0
concevoir-2.2,Choisir les patrons de conception,ANANUM-29-2,Etre capable d’implémenter un produit matriciel de différentes manières,0
concevoir-2.2,Choisir les patrons de conception,ANANUM-29-3,Connaitre les complexités des opérations vectorielles et matricielles,0
concevoir-2.2,Choisir les patrons de conception,ANANUM-29-4,Implémenter la résolution d’un systeme d’équation linéaire avec matrice diagonale,0
concevoir-2.2,Choisir les patrons de conception,ANANUM-29-5,Implémenter la résolution d’un systeme d’équation linéaire avec matrice triangulaire,0
concevoir-2.2,Choisir les patrons de conception,ANANUM-29-6,Retrouver l’algorithme de calcul de l’inverse d’une matrice triangulaire,0
concevoir-2.2,Choisir les patrons de conception,ANANUM-29-7,Retrouver les variantes (exterieur/recursive/trisup) de Cholesky,0
concevoir-2.2,Choisir les patrons de conception,ANANUM-29-8,Connaitre les complexités des la résolution de systeme d’équation triangulaires,0
concevoir-2.2,Choisir les patrons de conception,ANANUM-29-9,Retrouver le schema de résolution de Ax=b donné A=LU,0
concevoir-2.2,Choisir les patrons de conception,ANANUM-29-10,Calculer une matrice triangulaire supérieure en utilisant les matrices de Gauss,0
concevoir-2.2,Choisir les patrons de conception,ANANUM-29-11,Connaitre l’algorithme de décomposition PA=LU,0
concevoir-2.2,Choisir les patrons de conception,ANANUM-29-12,Retrouver le schema de résolution de Ax=b donné PA=LU,0
concevoir-2.2,Choisir les patrons de conception,ANANUM-29-13,Retrouver l’algorithme de décomposition A=LDL,0
concevoir-2.2,Choisir les patrons de conception,ANANUM-29-14,Retrouver l’algorithme de Cholesky,0
concevoir-2.2,Choisir les patrons de conception,ANANUM-29-16,Retrouver le schema de résolution des moindres carrés avec QR,0
concevoir-2.2,Choisir les patrons de conception,ANANUM-29-17,Retrouver l’algorithme de décomposition QR avec Householder,0
concevoir-2.2,Choisir les patrons de conception,ANANUM-29-18,Connaitre le principe des méthodes itératives,0
concevoir-2.2,Choisir les patrons de conception,ANANUM-29-19,Connaitre le principe de PageRank,0
concevoir-2.2,Choisir les patrons de conception,ANANUM-29-20,Calculer  une valeur propre en utilisant l’algorithme des puissances itérées,0
concevoir-2.2,Choisir les patrons de conception,ANANUM-29-21,Implémenter l’algorithme QR pour les valeurs propres,0
concevoir-2.2,Choisir les patrons de conception,ANANUM-29-22,Calculer les valeurs singulieres d’une matrice a partir des valeurs propres,0
concevoir-2.2,Choisir les patrons de conception,ANANUM-29-23,Implémenter l’algorithme de bidiagonisation pour le calcul de la SVD,0
concevoir-2.2,Choisir les patrons de conception,ANANUM-30-1,Estimer les valeurs propres avec les cercles de Gershgorin,0
concevoir-2.2,Choisir les patrons de conception,ANANUM-31-1,Appliquer les décompositions valeurs propres/singulières pour du débruitage d’images ( ??),0
concevoir-2.2,Choisir les patrons de conception,ANANUM-32-1,Exploiter les structures particulières de matrices,0
concevoir-2.2,Choisir les patrons de conception,ANANUM-32-2,Optimiser l’implémentation de la transformation de Gauss,0
concevoir-2.2,Choisir les patrons de conception,ANANUM-32-3,Optmisier l’approche QR pour les valeurs propres avec la forme tridiagonale,0
concevoir-2.2,Choisir les patrons de conception,ANANUM-49-1,Etre capable de coder en Python/numpy le produit matriciel,0
concevoir-2.2,Choisir les patrons de conception,ANANUM-49-2,Implémenter en Python/numpy l’algorithme de décomposition LU,0
concevoir-2.2,Choisir les patrons de conception,ANANUM-49-3,Implémenter en Python/numpy l’algorithme de décomposition PALU,0
concevoir-2.2,Choisir les patrons de conception,ANANUM-49-4,Implémenter LDL et Cholesky en python/numpy,0
concevoir-2.2,Choisir les patrons de conception,ANANUM-49-5,Implémenter efficacement en Python/numpy l’algorithme de décomposition QR,0
concevoir-2.2,Choisir les patrons de conception,ANANUM-49-6,Implémenter en Python/numpy un algorithme de méthode itérative,0
concevoir-2.2,Choisir les patrons de conception,ANANUM-49-7,Implémenter en python/numpy la décomposition valeurs propres/singulières,0
concevoir-2.2,Choisir les patrons de conception,,,0
concevoir-2.3,Choisir le framework,ANANUM-1-1,Retrouver les dimensions d’une matrice,0
concevoir-2.3,Choisir le framework,ANANUM-1-2,Identifier les différents type de matrice (structure et taille),0
concevoir-2.3,Choisir le framework,ANANUM-1-3,Identifier et connaître un problème des moindres carrés,0
concevoir-2.3,Choisir le framework,ANANUM-2-1,Retrouver le schema de résolution des moindres carrés avec la méthode du gradient,0
concevoir-2.3,Choisir le framework,ANANUM-3-1,Maitriser les opérations vectorielles (produit scalaire,0
concevoir-2.3,Choisir le framework,ANANUM-14-1,Etre capable de représenter un systèmes d’équation linéaire sous forme matricielle,0
concevoir-2.3,Choisir le framework,ANANUM-15-3,Connaitre les propriétés d’une matrice de Gauss,0
concevoir-2.3,Choisir le framework,ANANUM-15-4,Connaitre les propriétés d’une matrice de permutation,0
concevoir-2.3,Choisir le framework,ANANUM-15-5,Connaitre les propriétés d’une matrice définie positive,0
concevoir-2.3,Choisir le framework,ANANUM-15-6,Connaitre les propriétés d’une matrice orthogonale,0
concevoir-2.3,Choisir le framework,ANANUM-15-7,Connaitre les propriétés d’une matrice de Householder,0
concevoir-2.3,Choisir le framework,ANANUM-15-8,Connaitre les propriétés des normes matricielles et vectorielles,0
concevoir-2.3,Choisir le framework,ANANUM-15-9,Connaitre les propriétés de la décomposition valeurs propres,0
concevoir-2.3,Choisir le framework,ANANUM-15-10,Connaitre les propriétés de la décomposition valeurs singulières,0
concevoir-2.3,Choisir le framework,ANANUM-16-1,Connaitre les conditions d’applications de Cholesky et LDL,0
concevoir-2.3,Choisir le framework,ANANUM-16-2,Identifier les avantages/limites des méthodes décomposition,0
concevoir-2.3,Choisir le framework,ANANUM-16-3,Identifier les similitudes et différences entre Jacobi,0
concevoir-2.3,Choisir le framework,ANANUM-29-1,Etre capable d’implémenter un produit matriciel,0
concevoir-2.3,Choisir le framework,ANANUM-29-2,Etre capable d’implémenter un produit matriciel de différentes manières,0
concevoir-2.3,Choisir le framework,ANANUM-29-3,Connaitre les complexités des opérations vectorielles et matricielles,0
concevoir-2.3,Choisir le framework,ANANUM-29-4,Implémenter la résolution d’un systeme d’équation linéaire avec matrice diagonale,0
concevoir-2.3,Choisir le framework,ANANUM-29-5,Implémenter la résolution d’un systeme d’équation linéaire avec matrice triangulaire,0
concevoir-2.3,Choisir le framework,ANANUM-29-6,Retrouver l’algorithme de calcul de l’inverse d’une matrice triangulaire,0
concevoir-2.3,Choisir le framework,ANANUM-29-7,Retrouver les variantes (exterieur/recursive/trisup) de Cholesky,0
concevoir-2.3,Choisir le framework,ANANUM-29-8,Connaitre les complexités des la résolution de systeme d’équation triangulaires,0
concevoir-2.3,Choisir le framework,ANANUM-29-9,Retrouver le schema de résolution de Ax=b donné A=LU,0
concevoir-2.3,Choisir le framework,ANANUM-29-10,Calculer une matrice triangulaire supérieure en utilisant les matrices de Gauss,0
concevoir-2.3,Choisir le framework,ANANUM-29-11,Connaitre l’algorithme de décomposition PA=LU,0
concevoir-2.3,Choisir le framework,ANANUM-29-12,Retrouver le schema de résolution de Ax=b donné PA=LU,0
concevoir-2.3,Choisir le framework,ANANUM-29-13,Retrouver l’algorithme de décomposition A=LDL,0
concevoir-2.3,Choisir le framework,ANANUM-29-14,Retrouver l’algorithme de Cholesky,0
concevoir-2.3,Choisir le framework,ANANUM-29-16,Retrouver le schema de résolution des moindres carrés avec QR,0
concevoir-2.3,Choisir le framework,ANANUM-29-17,Retrouver l’algorithme de décomposition QR avec Householder,0
concevoir-2.3,Choisir le framework,ANANUM-29-18,Connaitre le principe des méthodes itératives,0
concevoir-2.3,Choisir le framework,ANANUM-29-19,Connaitre le principe de PageRank,0
concevoir-2.3,Choisir le framework,ANANUM-29-20,Calculer  une valeur propre en utilisant l’algorithme des puissances itérées,0
concevoir-2.3,Choisir le framework,ANANUM-29-21,Implémenter l’algorithme QR pour les valeurs propres,0
concevoir-2.3,Choisir le framework,ANANUM-29-22,Calculer les valeurs singulieres d’une matrice a partir des valeurs propres,0
concevoir-2.3,Choisir le framework,ANANUM-29-23,Implémenter l’algorithme de bidiagonisation pour le calcul de la SVD,0
concevoir-2.3,Choisir le framework,ANANUM-30-1,Estimer les valeurs propres avec les cercles de Gershgorin,0
concevoir-2.3,Choisir le framework,ANANUM-31-1,Appliquer les décompositions valeurs propres/singulières pour du débruitage d’images ( ??),0
concevoir-2.3,Choisir le framework,ANANUM-32-1,Exploiter les structures particulières de matrices,0
concevoir-2.3,Choisir le framework,ANANUM-32-2,Optimiser l’implémentation de la transformation de Gauss,0
concevoir-2.3,Choisir le framework,ANANUM-32-3,Optmisier l’approche QR pour les valeurs propres avec la forme tridiagonale,0
concevoir-2.3,Choisir le framework,ANANUM-49-1,Etre capable de coder en Python/numpy le produit matriciel,0
concevoir-2.3,Choisir le framework,ANANUM-49-2,Implémenter en Python/numpy l’algorithme de décomposition LU,0
concevoir-2.3,Choisir le framework,ANANUM-49-3,Implémenter en Python/numpy l’algorithme de décomposition PALU,0
concevoir-2.3,Choisir le framework,ANANUM-49-4,Implémenter LDL et Cholesky en python/numpy,0
concevoir-2.3,Choisir le framework,ANANUM-49-5,Implémenter efficacement en Python/numpy l’algorithme de décomposition QR,0
concevoir-2.3,Choisir le framework,ANANUM-49-6,Implémenter en Python/numpy un algorithme de méthode itérative,0
concevoir-2.3,Choisir le framework,ANANUM-49-7,Implémenter en python/numpy la décomposition valeurs propres/singulières,0
concevoir-2.3,Choisir le framework,,,0
concevoir-2.4,"Prétraiter, estimer et prédire un signal à l’aide d’un système linéaire",ANANUM-1-1,Retrouver les dimensions d’une matrice,0
concevoir-2.4,"Prétraiter, estimer et prédire un signal à l’aide d’un système linéaire",ANANUM-1-2,Identifier les différents type de matrice (structure et taille),0
concevoir-2.4,"Prétraiter, estimer et prédire un signal à l’aide d’un système linéaire",ANANUM-1-3,Identifier et connaître un problème des moindres carrés,0
concevoir-2.4,"Prétraiter, estimer et prédire un signal à l’aide d’un système linéaire",ANANUM-2-1,Retrouver le schema de résolution des moindres carrés avec la méthode du gradient,0
concevoir-2.4,"Prétraiter, estimer et prédire un signal à l’aide d’un système linéaire",ANANUM-3-1,Maitriser les opérations vectorielles (produit scalaire,0
concevoir-2.4,"Prétraiter, estimer et prédire un signal à l’aide d’un système linéaire",ANANUM-14-1,Etre capable de représenter un systèmes d’équation linéaire sous forme matricielle,0
concevoir-2.4,"Prétraiter, estimer et prédire un signal à l’aide d’un système linéaire",ANANUM-15-3,Connaitre les propriétés d’une matrice de Gauss,0
concevoir-2.4,"Prétraiter, estimer et prédire un signal à l’aide d’un système linéaire",ANANUM-15-4,Connaitre les propriétés d’une matrice de permutation,0
concevoir-2.4,"Prétraiter, estimer et prédire un signal à l’aide d’un système linéaire",ANANUM-15-5,Connaitre les propriétés d’une matrice définie positive,0
concevoir-2.4,"Prétraiter, estimer et prédire un signal à l’aide d’un système linéaire",ANANUM-15-6,Connaitre les propriétés d’une matrice orthogonale,0
concevoir-2.4,"Prétraiter, estimer et prédire un signal à l’aide d’un système linéaire",ANANUM-15-7,Connaitre les propriétés d’une matrice de Householder,0
concevoir-2.4,"Prétraiter, estimer et prédire un signal à l’aide d’un système linéaire",ANANUM-15-8,Connaitre les propriétés des normes matricielles et vectorielles,0
concevoir-2.4,"Prétraiter, estimer et prédire un signal à l’aide d’un système linéaire",ANANUM-15-9,Connaitre les propriétés de la décomposition valeurs propres,0
concevoir-2.4,"Prétraiter, estimer et prédire un signal à l’aide d’un système linéaire",ANANUM-15-10,Connaitre les propriétés de la décomposition valeurs singulières,0
concevoir-2.4,"Prétraiter, estimer et prédire un signal à l’aide d’un système linéaire",ANANUM-16-1,Connaitre les conditions d’applications de Cholesky et LDL,0
concevoir-2.4,"Prétraiter, estimer et prédire un signal à l’aide d’un système linéaire",ANANUM-16-2,Identifier les avantages/limites des méthodes décomposition,0
concevoir-2.4,"Prétraiter, estimer et prédire un signal à l’aide d’un système linéaire",ANANUM-16-3,Identifier les similitudes et différences entre Jacobi,0
concevoir-2.4,"Prétraiter, estimer et prédire un signal à l’aide d’un système linéaire",ANANUM-29-1,Etre capable d’implémenter un produit matriciel,0
concevoir-2.4,"Prétraiter, estimer et prédire un signal à l’aide d’un système linéaire",ANANUM-29-2,Etre capable d’implémenter un produit matriciel de différentes manières,0
concevoir-2.4,"Prétraiter, estimer et prédire un signal à l’aide d’un système linéaire",ANANUM-29-3,Connaitre les complexités des opérations vectorielles et matricielles,0
concevoir-2.4,"Prétraiter, estimer et prédire un signal à l’aide d’un système linéaire",ANANUM-29-4,Implémenter la résolution d’un systeme d’équation linéaire avec matrice diagonale,0
concevoir-2.4,"Prétraiter, estimer et prédire un signal à l’aide d’un système linéaire",ANANUM-29-5,Implémenter la résolution d’un systeme d’équation linéaire avec matrice triangulaire,0
concevoir-2.4,"Prétraiter, estimer et prédire un signal à l’aide d’un système linéaire",ANANUM-29-6,Retrouver l’algorithme de calcul de l’inverse d’une matrice triangulaire,0
concevoir-2.4,"Prétraiter, estimer et prédire un signal à l’aide d’un système linéaire",ANANUM-29-7,Retrouver les variantes (exterieur/recursive/trisup) de Cholesky,0
concevoir-2.4,"Prétraiter, estimer et prédire un signal à l’aide d’un système linéaire",ANANUM-29-8,Connaitre les complexités des la résolution de systeme d’équation triangulaires,0
concevoir-2.4,"Prétraiter, estimer et prédire un signal à l’aide d’un système linéaire",ANANUM-29-9,Retrouver le schema de résolution de Ax=b donné A=LU,0
concevoir-2.4,"Prétraiter, estimer et prédire un signal à l’aide d’un système linéaire",ANANUM-29-10,Calculer une matrice triangulaire supérieure en utilisant les matrices de Gauss,0
concevoir-2.4,"Prétraiter, estimer et prédire un signal à l’aide d’un système linéaire",ANANUM-29-11,Connaitre l’algorithme de décomposition PA=LU,0
concevoir-2.4,"Prétraiter, estimer et prédire un signal à l’aide d’un système linéaire",ANANUM-29-12,Retrouver le schema de résolution de Ax=b donné PA=LU,0
concevoir-2.4,"Prétraiter, estimer et prédire un signal à l’aide d’un système linéaire",ANANUM-29-13,Retrouver l’algorithme de décomposition A=LDL,0
concevoir-2.4,"Prétraiter, estimer et prédire un signal à l’aide d’un système linéaire",ANANUM-29-14,Retrouver l’algorithme de Cholesky,0
concevoir-2.4,"Prétraiter, estimer et prédire un signal à l’aide d’un système linéaire",ANANUM-29-16,Retrouver le schema de résolution des moindres carrés avec QR,0
concevoir-2.4,"Prétraiter, estimer et prédire un signal à l’aide d’un système linéaire",ANANUM-29-17,Retrouver l’algorithme de décomposition QR avec Householder,0
concevoir-2.4,"Prétraiter, estimer et prédire un signal à l’aide d’un système linéaire",ANANUM-29-18,Connaitre le principe des méthodes itératives,0
concevoir-2.4,"Prétraiter, estimer et prédire un signal à l’aide d’un système linéaire",ANANUM-29-19,Connaitre le principe de PageRank,0
concevoir-2.4,"Prétraiter, estimer et prédire un signal à l’aide d’un système linéaire",ANANUM-29-20,Calculer  une valeur propre en utilisant l’algorithme des puissances itérées,0
concevoir-2.4,"Prétraiter, estimer et prédire un signal à l’aide d’un système linéaire",ANANUM-29-21,Implémenter l’algorithme QR pour les valeurs propres,0
concevoir-2.4,"Prétraiter, estimer et prédire un signal à l’aide d’un système linéaire",ANANUM-29-22,Calculer les valeurs singulieres d’une matrice a partir des valeurs propres,0
concevoir-2.4,"Prétraiter, estimer et prédire un signal à l’aide d’un système linéaire",ANANUM-29-23,Implémenter l’algorithme de bidiagonisation pour le calcul de la SVD,0
concevoir-2.4,"Prétraiter, estimer et prédire un signal à l’aide d’un système linéaire",ANANUM-30-1,Estimer les valeurs propres avec les cercles de Gershgorin,0
concevoir-2.4,"Prétraiter, estimer et prédire un signal à l’aide d’un système linéaire",ANANUM-31-1,Appliquer les décompositions valeurs propres/singulières pour du débruitage d’images ( ??),0
concevoir-2.4,"Prétraiter, estimer et prédire un signal à l’aide d’un système linéaire",ANANUM-32-1,Exploiter les structures particulières de matrices,0
concevoir-2.4,"Prétraiter, estimer et prédire un signal à l’aide d’un système linéaire",ANANUM-32-2,Optimiser l’implémentation de la transformation de Gauss,0
concevoir-2.4,"Prétraiter, estimer et prédire un signal à l’aide d’un système linéaire",ANANUM-32-3,Optmisier l’approche QR pour les valeurs propres avec la forme tridiagonale,0
concevoir-2.4,"Prétraiter, estimer et prédire un signal à l’aide d’un système linéaire",ANANUM-49-1,Etre capable de coder en Python/numpy le produit matriciel,0
concevoir-2.4,"Prétraiter, estimer et prédire un signal à l’aide d’un système linéaire",ANANUM-49-2,Implémenter en Python/numpy l’algorithme de décomposition LU,0
concevoir-2.4,"Prétraiter, estimer et prédire un signal à l’aide d’un système linéaire",ANANUM-49-3,Implémenter en Python/numpy l’algorithme de décomposition PALU,0
concevoir-2.4,"Prétraiter, estimer et prédire un signal à l’aide d’un système linéaire",ANANUM-49-4,Implémenter LDL et Cholesky en python/numpy,0
concevoir-2.4,"Prétraiter, estimer et prédire un signal à l’aide d’un système linéaire",ANANUM-49-5,Implémenter efficacement en Python/numpy l’algorithme de décomposition QR,0
concevoir-2.4,"Prétraiter, estimer et prédire un signal à l’aide d’un système linéaire",ANANUM-49-6,Implémenter en Python/numpy un algorithme de méthode itérative,0
concevoir-2.4,"Prétraiter, estimer et prédire un signal à l’aide d’un système linéaire",ANANUM-49-7,Implémenter en python/numpy la décomposition valeurs propres/singulières,0
concevoir-2.4,"Prétraiter, estimer et prédire un signal à l’aide d’un système linéaire",,,0
concevoir-2.5,Identifier le paradigme de traitement de données statistique,ANANUM-1-1,Retrouver les dimensions d’une matrice,0
concevoir-2.5,Identifier le paradigme de traitement de données statistique,ANANUM-1-2,Identifier les différents type de matrice (structure et taille),0
concevoir-2.5,Identifier le paradigme de traitement de données statistique,ANANUM-1-3,Identifier et connaître un problème des moindres carrés,0
concevoir-2.5,Identifier le paradigme de traitement de données statistique,ANANUM-2-1,Retrouver le schema de résolution des moindres carrés avec la méthode du gradient,0
concevoir-2.5,Identifier le paradigme de traitement de données statistique,ANANUM-3-1,Maitriser les opérations vectorielles (produit scalaire,0
concevoir-2.5,Identifier le paradigme de traitement de données statistique,ANANUM-14-1,Etre capable de représenter un systèmes d’équation linéaire sous forme matricielle,0
concevoir-2.5,Identifier le paradigme de traitement de données statistique,ANANUM-15-3,Connaitre les propriétés d’une matrice de Gauss,0
concevoir-2.5,Identifier le paradigme de traitement de données statistique,ANANUM-15-4,Connaitre les propriétés d’une matrice de permutation,0
concevoir-2.5,Identifier le paradigme de traitement de données statistique,ANANUM-15-5,Connaitre les propriétés d’une matrice définie positive,0
concevoir-2.5,Identifier le paradigme de traitement de données statistique,ANANUM-15-6,Connaitre les propriétés d’une matrice orthogonale,0
concevoir-2.5,Identifier le paradigme de traitement de données statistique,ANANUM-15-7,Connaitre les propriétés d’une matrice de Householder,0
concevoir-2.5,Identifier le paradigme de traitement de données statistique,ANANUM-15-8,Connaitre les propriétés des normes matricielles et vectorielles,0
concevoir-2.5,Identifier le paradigme de traitement de données statistique,ANANUM-15-9,Connaitre les propriétés de la décomposition valeurs propres,0
concevoir-2.5,Identifier le paradigme de traitement de données statistique,ANANUM-15-10,Connaitre les propriétés de la décomposition valeurs singulières,0
concevoir-2.5,Identifier le paradigme de traitement de données statistique,ANANUM-16-1,Connaitre les conditions d’applications de Cholesky et LDL,0
concevoir-2.5,Identifier le paradigme de traitement de données statistique,ANANUM-16-2,Identifier les avantages/limites des méthodes décomposition,0
concevoir-2.5,Identifier le paradigme de traitement de données statistique,ANANUM-16-3,Identifier les similitudes et différences entre Jacobi,0
concevoir-2.5,Identifier le paradigme de traitement de données statistique,ANANUM-29-1,Etre capable d’implémenter un produit matriciel,0
concevoir-2.5,Identifier le paradigme de traitement de données statistique,ANANUM-29-2,Etre capable d’implémenter un produit matriciel de différentes manières,0
concevoir-2.5,Identifier le paradigme de traitement de données statistique,ANANUM-29-3,Connaitre les complexités des opérations vectorielles et matricielles,0
concevoir-2.5,Identifier le paradigme de traitement de données statistique,ANANUM-29-4,Implémenter la résolution d’un systeme d’équation linéaire avec matrice diagonale,0
concevoir-2.5,Identifier le paradigme de traitement de données statistique,ANANUM-29-5,Implémenter la résolution d’un systeme d’équation linéaire avec matrice triangulaire,0
concevoir-2.5,Identifier le paradigme de traitement de données statistique,ANANUM-29-6,Retrouver l’algorithme de calcul de l’inverse d’une matrice triangulaire,0
concevoir-2.5,Identifier le paradigme de traitement de données statistique,ANANUM-29-7,Retrouver les variantes (exterieur/recursive/trisup) de Cholesky,0
concevoir-2.5,Identifier le paradigme de traitement de données statistique,ANANUM-29-8,Connaitre les complexités des la résolution de systeme d’équation triangulaires,0
concevoir-2.5,Identifier le paradigme de traitement de données statistique,ANANUM-29-9,Retrouver le schema de résolution de Ax=b donné A=LU,0
concevoir-2.5,Identifier le paradigme de traitement de données statistique,ANANUM-29-10,Calculer une matrice triangulaire supérieure en utilisant les matrices de Gauss,0
concevoir-2.5,Identifier le paradigme de traitement de données statistique,ANANUM-29-11,Connaitre l’algorithme de décomposition PA=LU,0
concevoir-2.5,Identifier le paradigme de traitement de données statistique,ANANUM-29-12,Retrouver le schema de résolution de Ax=b donné PA=LU,0
concevoir-2.5,Identifier le paradigme de traitement de données statistique,ANANUM-29-13,Retrouver l’algorithme de décomposition A=LDL,0
concevoir-2.5,Identifier le paradigme de traitement de données statistique,ANANUM-29-14,Retrouver l’algorithme de Cholesky,0
concevoir-2.5,Identifier le paradigme de traitement de données statistique,ANANUM-29-16,Retrouver le schema de résolution des moindres carrés avec QR,0
concevoir-2.5,Identifier le paradigme de traitement de données statistique,ANANUM-29-17,Retrouver l’algorithme de décomposition QR avec Householder,0
concevoir-2.5,Identifier le paradigme de traitement de données statistique,ANANUM-29-18,Connaitre le principe des méthodes itératives,0
concevoir-2.5,Identifier le paradigme de traitement de données statistique,ANANUM-29-19,Connaitre le principe de PageRank,0
concevoir-2.5,Identifier le paradigme de traitement de données statistique,ANANUM-29-20,Calculer  une valeur propre en utilisant l’algorithme des puissances itérées,0
concevoir-2.5,Identifier le paradigme de traitement de données statistique,ANANUM-29-21,Implémenter l’algorithme QR pour les valeurs propres,0
concevoir-2.5,Identifier le paradigme de traitement de données statistique,ANANUM-29-22,Calculer les valeurs singulieres d’une matrice a partir des valeurs propres,0
concevoir-2.5,Identifier le paradigme de traitement de données statistique,ANANUM-29-23,Implémenter l’algorithme de bidiagonisation pour le calcul de la SVD,0
concevoir-2.5,Identifier le paradigme de traitement de données statistique,ANANUM-30-1,Estimer les valeurs propres avec les cercles de Gershgorin,0
concevoir-2.5,Identifier le paradigme de traitement de données statistique,ANANUM-31-1,Appliquer les décompositions valeurs propres/singulières pour du débruitage d’images ( ??),0
concevoir-2.5,Identifier le paradigme de traitement de données statistique,ANANUM-32-1,Exploiter les structures particulières de matrices,0
concevoir-2.5,Identifier le paradigme de traitement de données statistique,ANANUM-32-2,Optimiser l’implémentation de la transformation de Gauss,0
concevoir-2.5,Identifier le paradigme de traitement de données statistique,ANANUM-32-3,Optmisier l’approche QR pour les valeurs propres avec la forme tridiagonale,0
concevoir-2.5,Identifier le paradigme de traitement de données statistique,ANANUM-49-1,Etre capable de coder en Python/numpy le produit matriciel,0
concevoir-2.5,Identifier le paradigme de traitement de données statistique,ANANUM-49-2,Implémenter en Python/numpy l’algorithme de décomposition LU,0
concevoir-2.5,Identifier le paradigme de traitement de données statistique,ANANUM-49-3,Implémenter en Python/numpy l’algorithme de décomposition PALU,0
concevoir-2.5,Identifier le paradigme de traitement de données statistique,ANANUM-49-4,Implémenter LDL et Cholesky en python/numpy,0
concevoir-2.5,Identifier le paradigme de traitement de données statistique,ANANUM-49-5,Implémenter efficacement en Python/numpy l’algorithme de décomposition QR,0
concevoir-2.5,Identifier le paradigme de traitement de données statistique,ANANUM-49-6,Implémenter en Python/numpy un algorithme de méthode itérative,0
concevoir-2.5,Identifier le paradigme de traitement de données statistique,ANANUM-49-7,Implémenter en python/numpy la décomposition valeurs propres/singulières,0
concevoir-2.5,Identifier le paradigme de traitement de données statistique,,,0
concevoir-3.1,Évaluer la complexité du traitement,ANANUM-1-1,Retrouver les dimensions d’une matrice,0
concevoir-3.1,Évaluer la complexité du traitement,ANANUM-1-2,Identifier les différents type de matrice (structure et taille),0
concevoir-3.1,Évaluer la complexité du traitement,ANANUM-1-3,Identifier et connaître un problème des moindres carrés,0
concevoir-3.1,Évaluer la complexité du traitement,ANANUM-2-1,Retrouver le schema de résolution des moindres carrés avec la méthode du gradient,0
concevoir-3.1,Évaluer la complexité du traitement,ANANUM-3-1,Maitriser les opérations vectorielles (produit scalaire,0
concevoir-3.1,Évaluer la complexité du traitement,ANANUM-14-1,Etre capable de représenter un systèmes d’équation linéaire sous forme matricielle,0
concevoir-3.1,Évaluer la complexité du traitement,ANANUM-15-3,Connaitre les propriétés d’une matrice de Gauss,0
concevoir-3.1,Évaluer la complexité du traitement,ANANUM-15-4,Connaitre les propriétés d’une matrice de permutation,0
concevoir-3.1,Évaluer la complexité du traitement,ANANUM-15-5,Connaitre les propriétés d’une matrice définie positive,0
concevoir-3.1,Évaluer la complexité du traitement,ANANUM-15-6,Connaitre les propriétés d’une matrice orthogonale,0
concevoir-3.1,Évaluer la complexité du traitement,ANANUM-15-7,Connaitre les propriétés d’une matrice de Householder,0
concevoir-3.1,Évaluer la complexité du traitement,ANANUM-15-8,Connaitre les propriétés des normes matricielles et vectorielles,0
concevoir-3.1,Évaluer la complexité du traitement,ANANUM-15-9,Connaitre les propriétés de la décomposition valeurs propres,0
concevoir-3.1,Évaluer la complexité du traitement,ANANUM-15-10,Connaitre les propriétés de la décomposition valeurs singulières,0
concevoir-3.1,Évaluer la complexité du traitement,ANANUM-16-1,Connaitre les conditions d’applications de Cholesky et LDL,0
concevoir-3.1,Évaluer la complexité du traitement,ANANUM-16-2,Identifier les avantages/limites des méthodes décomposition,0
concevoir-3.1,Évaluer la complexité du traitement,ANANUM-16-3,Identifier les similitudes et différences entre Jacobi,0
concevoir-3.1,Évaluer la complexité du traitement,ANANUM-29-1,Etre capable d’implémenter un produit matriciel,0
concevoir-3.1,Évaluer la complexité du traitement,ANANUM-29-2,Etre capable d’implémenter un produit matriciel de différentes manières,0
concevoir-3.1,Évaluer la complexité du traitement,ANANUM-29-3,Connaitre les complexités des opérations vectorielles et matricielles,0
concevoir-3.1,Évaluer la complexité du traitement,ANANUM-29-4,Implémenter la résolution d’un systeme d’équation linéaire avec matrice diagonale,0
concevoir-3.1,Évaluer la complexité du traitement,ANANUM-29-5,Implémenter la résolution d’un systeme d’équation linéaire avec matrice triangulaire,0
concevoir-3.1,Évaluer la complexité du traitement,ANANUM-29-6,Retrouver l’algorithme de calcul de l’inverse d’une matrice triangulaire,0
concevoir-3.1,Évaluer la complexité du traitement,ANANUM-29-7,Retrouver les variantes (exterieur/recursive/trisup) de Cholesky,0
concevoir-3.1,Évaluer la complexité du traitement,ANANUM-29-8,Connaitre les complexités des la résolution de systeme d’équation triangulaires,0
concevoir-3.1,Évaluer la complexité du traitement,ANANUM-29-9,Retrouver le schema de résolution de Ax=b donné A=LU,0
concevoir-3.1,Évaluer la complexité du traitement,ANANUM-29-10,Calculer une matrice triangulaire supérieure en utilisant les matrices de Gauss,0
concevoir-3.1,Évaluer la complexité du traitement,ANANUM-29-11,Connaitre l’algorithme de décomposition PA=LU,0
concevoir-3.1,Évaluer la complexité du traitement,ANANUM-29-12,Retrouver le schema de résolution de Ax=b donné PA=LU,0
concevoir-3.1,Évaluer la complexité du traitement,ANANUM-29-13,Retrouver l’algorithme de décomposition A=LDL,0
concevoir-3.1,Évaluer la complexité du traitement,ANANUM-29-14,Retrouver l’algorithme de Cholesky,0
concevoir-3.1,Évaluer la complexité du traitement,ANANUM-29-16,Retrouver le schema de résolution des moindres carrés avec QR,0
concevoir-3.1,Évaluer la complexité du traitement,ANANUM-29-17,Retrouver l’algorithme de décomposition QR avec Householder,0
concevoir-3.1,Évaluer la complexité du traitement,ANANUM-29-18,Connaitre le principe des méthodes itératives,0
concevoir-3.1,Évaluer la complexité du traitement,ANANUM-29-19,Connaitre le principe de PageRank,0
concevoir-3.1,Évaluer la complexité du traitement,ANANUM-29-20,Calculer  une valeur propre en utilisant l’algorithme des puissances itérées,0
concevoir-3.1,Évaluer la complexité du traitement,ANANUM-29-21,Implémenter l’algorithme QR pour les valeurs propres,0
concevoir-3.1,Évaluer la complexité du traitement,ANANUM-29-22,Calculer les valeurs singulieres d’une matrice a partir des valeurs propres,0
concevoir-3.1,Évaluer la complexité du traitement,ANANUM-29-23,Implémenter l’algorithme de bidiagonisation pour le calcul de la SVD,0
concevoir-3.1,Évaluer la complexité du traitement,ANANUM-30-1,Estimer les valeurs propres avec les cercles de Gershgorin,0
concevoir-3.1,Évaluer la complexité du traitement,ANANUM-31-1,Appliquer les décompositions valeurs propres/singulières pour du débruitage d’images ( ??),0
concevoir-3.1,Évaluer la complexité du traitement,ANANUM-32-1,Exploiter les structures particulières de matrices,0
concevoir-3.1,Évaluer la complexité du traitement,ANANUM-32-2,Optimiser l’implémentation de la transformation de Gauss,0
concevoir-3.1,Évaluer la complexité du traitement,ANANUM-32-3,Optmisier l’approche QR pour les valeurs propres avec la forme tridiagonale,0
concevoir-3.1,Évaluer la complexité du traitement,ANANUM-49-1,Etre capable de coder en Python/numpy le produit matriciel,0
concevoir-3.1,Évaluer la complexité du traitement,ANANUM-49-2,Implémenter en Python/numpy l’algorithme de décomposition LU,0
concevoir-3.1,Évaluer la complexité du traitement,ANANUM-49-3,Implémenter en Python/numpy l’algorithme de décomposition PALU,0
concevoir-3.1,Évaluer la complexité du traitement,ANANUM-49-4,Implémenter LDL et Cholesky en python/numpy,0
concevoir-3.1,Évaluer la complexité du traitement,ANANUM-49-5,Implémenter efficacement en Python/numpy l’algorithme de décomposition QR,0
concevoir-3.1,Évaluer la complexité du traitement,ANANUM-49-6,Implémenter en Python/numpy un algorithme de méthode itérative,0
concevoir-3.1,Évaluer la complexité du traitement,ANANUM-49-7,Implémenter en python/numpy la décomposition valeurs propres/singulières,0
concevoir-3.1,Évaluer la complexité du traitement,,,0
concevoir-3.2,Intégrer des patrons de conception,ANANUM-1-1,Retrouver les dimensions d’une matrice,0
concevoir-3.2,Intégrer des patrons de conception,ANANUM-1-2,Identifier les différents type de matrice (structure et taille),0
concevoir-3.2,Intégrer des patrons de conception,ANANUM-1-3,Identifier et connaître un problème des moindres carrés,0
concevoir-3.2,Intégrer des patrons de conception,ANANUM-2-1,Retrouver le schema de résolution des moindres carrés avec la méthode du gradient,0
concevoir-3.2,Intégrer des patrons de conception,ANANUM-3-1,Maitriser les opérations vectorielles (produit scalaire,0
concevoir-3.2,Intégrer des patrons de conception,ANANUM-14-1,Etre capable de représenter un systèmes d’équation linéaire sous forme matricielle,0
concevoir-3.2,Intégrer des patrons de conception,ANANUM-15-3,Connaitre les propriétés d’une matrice de Gauss,0
concevoir-3.2,Intégrer des patrons de conception,ANANUM-15-4,Connaitre les propriétés d’une matrice de permutation,0
concevoir-3.2,Intégrer des patrons de conception,ANANUM-15-5,Connaitre les propriétés d’une matrice définie positive,0
concevoir-3.2,Intégrer des patrons de conception,ANANUM-15-6,Connaitre les propriétés d’une matrice orthogonale,0
concevoir-3.2,Intégrer des patrons de conception,ANANUM-15-7,Connaitre les propriétés d’une matrice de Householder,0
concevoir-3.2,Intégrer des patrons de conception,ANANUM-15-8,Connaitre les propriétés des normes matricielles et vectorielles,0
concevoir-3.2,Intégrer des patrons de conception,ANANUM-15-9,Connaitre les propriétés de la décomposition valeurs propres,0
concevoir-3.2,Intégrer des patrons de conception,ANANUM-15-10,Connaitre les propriétés de la décomposition valeurs singulières,0
concevoir-3.2,Intégrer des patrons de conception,ANANUM-16-1,Connaitre les conditions d’applications de Cholesky et LDL,0
concevoir-3.2,Intégrer des patrons de conception,ANANUM-16-2,Identifier les avantages/limites des méthodes décomposition,0
concevoir-3.2,Intégrer des patrons de conception,ANANUM-16-3,Identifier les similitudes et différences entre Jacobi,0
concevoir-3.2,Intégrer des patrons de conception,ANANUM-29-1,Etre capable d’implémenter un produit matriciel,0
concevoir-3.2,Intégrer des patrons de conception,ANANUM-29-2,Etre capable d’implémenter un produit matriciel de différentes manières,0
concevoir-3.2,Intégrer des patrons de conception,ANANUM-29-3,Connaitre les complexités des opérations vectorielles et matricielles,0
concevoir-3.2,Intégrer des patrons de conception,ANANUM-29-4,Implémenter la résolution d’un systeme d’équation linéaire avec matrice diagonale,0
concevoir-3.2,Intégrer des patrons de conception,ANANUM-29-5,Implémenter la résolution d’un systeme d’équation linéaire avec matrice triangulaire,0
concevoir-3.2,Intégrer des patrons de conception,ANANUM-29-6,Retrouver l’algorithme de calcul de l’inverse d’une matrice triangulaire,0
concevoir-3.2,Intégrer des patrons de conception,ANANUM-29-7,Retrouver les variantes (exterieur/recursive/trisup) de Cholesky,0
concevoir-3.2,Intégrer des patrons de conception,ANANUM-29-8,Connaitre les complexités des la résolution de systeme d’équation triangulaires,0
concevoir-3.2,Intégrer des patrons de conception,ANANUM-29-9,Retrouver le schema de résolution de Ax=b donné A=LU,0
concevoir-3.2,Intégrer des patrons de conception,ANANUM-29-10,Calculer une matrice triangulaire supérieure en utilisant les matrices de Gauss,0
concevoir-3.2,Intégrer des patrons de conception,ANANUM-29-11,Connaitre l’algorithme de décomposition PA=LU,0
concevoir-3.2,Intégrer des patrons de conception,ANANUM-29-12,Retrouver le schema de résolution de Ax=b donné PA=LU,0
concevoir-3.2,Intégrer des patrons de conception,ANANUM-29-13,Retrouver l’algorithme de décomposition A=LDL,0
concevoir-3.2,Intégrer des patrons de conception,ANANUM-29-14,Retrouver l’algorithme de Cholesky,0
concevoir-3.2,Intégrer des patrons de conception,ANANUM-29-16,Retrouver le schema de résolution des moindres carrés avec QR,0
concevoir-3.2,Intégrer des patrons de conception,ANANUM-29-17,Retrouver l’algorithme de décomposition QR avec Householder,0
concevoir-3.2,Intégrer des patrons de conception,ANANUM-29-18,Connaitre le principe des méthodes itératives,0
concevoir-3.2,Intégrer des patrons de conception,ANANUM-29-19,Connaitre le principe de PageRank,0
concevoir-3.2,Intégrer des patrons de conception,ANANUM-29-20,Calculer  une valeur propre en utilisant l’algorithme des puissances itérées,0
concevoir-3.2,Intégrer des patrons de conception,ANANUM-29-21,Implémenter l’algorithme QR pour les valeurs propres,0
concevoir-3.2,Intégrer des patrons de conception,ANANUM-29-22,Calculer les valeurs singulieres d’une matrice a partir des valeurs propres,0
concevoir-3.2,Intégrer des patrons de conception,ANANUM-29-23,Implémenter l’algorithme de bidiagonisation pour le calcul de la SVD,0
concevoir-3.2,Intégrer des patrons de conception,ANANUM-30-1,Estimer les valeurs propres avec les cercles de Gershgorin,0
concevoir-3.2,Intégrer des patrons de conception,ANANUM-31-1,Appliquer les décompositions valeurs propres/singulières pour du débruitage d’images ( ??),0
concevoir-3.2,Intégrer des patrons de conception,ANANUM-32-1,Exploiter les structures particulières de matrices,0
concevoir-3.2,Intégrer des patrons de conception,ANANUM-32-2,Optimiser l’implémentation de la transformation de Gauss,0
concevoir-3.2,Intégrer des patrons de conception,ANANUM-32-3,Optmisier l’approche QR pour les valeurs propres avec la forme tridiagonale,0
concevoir-3.2,Intégrer des patrons de conception,ANANUM-49-1,Etre capable de coder en Python/numpy le produit matriciel,0
concevoir-3.2,Intégrer des patrons de conception,ANANUM-49-2,Implémenter en Python/numpy l’algorithme de décomposition LU,0
concevoir-3.2,Intégrer des patrons de conception,ANANUM-49-3,Implémenter en Python/numpy l’algorithme de décomposition PALU,0
concevoir-3.2,Intégrer des patrons de conception,ANANUM-49-4,Implémenter LDL et Cholesky en python/numpy,0
concevoir-3.2,Intégrer des patrons de conception,ANANUM-49-5,Implémenter efficacement en Python/numpy l’algorithme de décomposition QR,0
concevoir-3.2,Intégrer des patrons de conception,ANANUM-49-6,Implémenter en Python/numpy un algorithme de méthode itérative,0
concevoir-3.2,Intégrer des patrons de conception,ANANUM-49-7,Implémenter en python/numpy la décomposition valeurs propres/singulières,0
concevoir-3.2,Intégrer des patrons de conception,,,0
concevoir-3.3,Adapter le framework,ANANUM-1-1,Retrouver les dimensions d’une matrice,0
concevoir-3.3,Adapter le framework,ANANUM-1-2,Identifier les différents type de matrice (structure et taille),0
concevoir-3.3,Adapter le framework,ANANUM-1-3,Identifier et connaître un problème des moindres carrés,0
concevoir-3.3,Adapter le framework,ANANUM-2-1,Retrouver le schema de résolution des moindres carrés avec la méthode du gradient,0
concevoir-3.3,Adapter le framework,ANANUM-3-1,Maitriser les opérations vectorielles (produit scalaire,0
concevoir-3.3,Adapter le framework,ANANUM-14-1,Etre capable de représenter un systèmes d’équation linéaire sous forme matricielle,0
concevoir-3.3,Adapter le framework,ANANUM-15-3,Connaitre les propriétés d’une matrice de Gauss,0
concevoir-3.3,Adapter le framework,ANANUM-15-4,Connaitre les propriétés d’une matrice de permutation,0
concevoir-3.3,Adapter le framework,ANANUM-15-5,Connaitre les propriétés d’une matrice définie positive,0
concevoir-3.3,Adapter le framework,ANANUM-15-6,Connaitre les propriétés d’une matrice orthogonale,0
concevoir-3.3,Adapter le framework,ANANUM-15-7,Connaitre les propriétés d’une matrice de Householder,0
concevoir-3.3,Adapter le framework,ANANUM-15-8,Connaitre les propriétés des normes matricielles et vectorielles,0
concevoir-3.3,Adapter le framework,ANANUM-15-9,Connaitre les propriétés de la décomposition valeurs propres,0
concevoir-3.3,Adapter le framework,ANANUM-15-10,Connaitre les propriétés de la décomposition valeurs singulières,0
concevoir-3.3,Adapter le framework,ANANUM-16-1,Connaitre les conditions d’applications de Cholesky et LDL,0
concevoir-3.3,Adapter le framework,ANANUM-16-2,Identifier les avantages/limites des méthodes décomposition,0
concevoir-3.3,Adapter le framework,ANANUM-16-3,Identifier les similitudes et différences entre Jacobi,0
concevoir-3.3,Adapter le framework,ANANUM-29-1,Etre capable d’implémenter un produit matriciel,0
concevoir-3.3,Adapter le framework,ANANUM-29-2,Etre capable d’implémenter un produit matriciel de différentes manières,0
concevoir-3.3,Adapter le framework,ANANUM-29-3,Connaitre les complexités des opérations vectorielles et matricielles,0
concevoir-3.3,Adapter le framework,ANANUM-29-4,Implémenter la résolution d’un systeme d’équation linéaire avec matrice diagonale,0
concevoir-3.3,Adapter le framework,ANANUM-29-5,Implémenter la résolution d’un systeme d’équation linéaire avec matrice triangulaire,0
concevoir-3.3,Adapter le framework,ANANUM-29-6,Retrouver l’algorithme de calcul de l’inverse d’une matrice triangulaire,0
concevoir-3.3,Adapter le framework,ANANUM-29-7,Retrouver les variantes (exterieur/recursive/trisup) de Cholesky,0
concevoir-3.3,Adapter le framework,ANANUM-29-8,Connaitre les complexités des la résolution de systeme d’équation triangulaires,0
concevoir-3.3,Adapter le framework,ANANUM-29-9,Retrouver le schema de résolution de Ax=b donné A=LU,0
concevoir-3.3,Adapter le framework,ANANUM-29-10,Calculer une matrice triangulaire supérieure en utilisant les matrices de Gauss,0
concevoir-3.3,Adapter le framework,ANANUM-29-11,Connaitre l’algorithme de décomposition PA=LU,0
concevoir-3.3,Adapter le framework,ANANUM-29-12,Retrouver le schema de résolution de Ax=b donné PA=LU,0
concevoir-3.3,Adapter le framework,ANANUM-29-13,Retrouver l’algorithme de décomposition A=LDL,0
concevoir-3.3,Adapter le framework,ANANUM-29-14,Retrouver l’algorithme de Cholesky,0
concevoir-3.3,Adapter le framework,ANANUM-29-16,Retrouver le schema de résolution des moindres carrés avec QR,0
concevoir-3.3,Adapter le framework,ANANUM-29-17,Retrouver l’algorithme de décomposition QR avec Householder,0
concevoir-3.3,Adapter le framework,ANANUM-29-18,Connaitre le principe des méthodes itératives,0
concevoir-3.3,Adapter le framework,ANANUM-29-19,Connaitre le principe de PageRank,0
concevoir-3.3,Adapter le framework,ANANUM-29-20,Calculer  une valeur propre en utilisant l’algorithme des puissances itérées,0
concevoir-3.3,Adapter le framework,ANANUM-29-21,Implémenter l’algorithme QR pour les valeurs propres,0
concevoir-3.3,Adapter le framework,ANANUM-29-22,Calculer les valeurs singulieres d’une matrice a partir des valeurs propres,0
concevoir-3.3,Adapter le framework,ANANUM-29-23,Implémenter l’algorithme de bidiagonisation pour le calcul de la SVD,0
concevoir-3.3,Adapter le framework,ANANUM-30-1,Estimer les valeurs propres avec les cercles de Gershgorin,0
concevoir-3.3,Adapter le framework,ANANUM-31-1,Appliquer les décompositions valeurs propres/singulières pour du débruitage d’images ( ??),0
concevoir-3.3,Adapter le framework,ANANUM-32-1,Exploiter les structures particulières de matrices,0
concevoir-3.3,Adapter le framework,ANANUM-32-2,Optimiser l’implémentation de la transformation de Gauss,0
concevoir-3.3,Adapter le framework,ANANUM-32-3,Optmisier l’approche QR pour les valeurs propres avec la forme tridiagonale,0
concevoir-3.3,Adapter le framework,ANANUM-49-1,Etre capable de coder en Python/numpy le produit matriciel,0
concevoir-3.3,Adapter le framework,ANANUM-49-2,Implémenter en Python/numpy l’algorithme de décomposition LU,0
concevoir-3.3,Adapter le framework,ANANUM-49-3,Implémenter en Python/numpy l’algorithme de décomposition PALU,0
concevoir-3.3,Adapter le framework,ANANUM-49-4,Implémenter LDL et Cholesky en python/numpy,0
concevoir-3.3,Adapter le framework,ANANUM-49-5,Implémenter efficacement en Python/numpy l’algorithme de décomposition QR,0
concevoir-3.3,Adapter le framework,ANANUM-49-6,Implémenter en Python/numpy un algorithme de méthode itérative,0
concevoir-3.3,Adapter le framework,ANANUM-49-7,Implémenter en python/numpy la décomposition valeurs propres/singulières,0
concevoir-3.3,Adapter le framework,,,0
concevoir-3.4,Échanger de manière adaptée et sécurisée les données,ANANUM-1-1,Retrouver les dimensions d’une matrice,0
concevoir-3.4,Échanger de manière adaptée et sécurisée les données,ANANUM-1-2,Identifier les différents type de matrice (structure et taille),0
concevoir-3.4,Échanger de manière adaptée et sécurisée les données,ANANUM-1-3,Identifier et connaître un problème des moindres carrés,0
concevoir-3.4,Échanger de manière adaptée et sécurisée les données,ANANUM-2-1,Retrouver le schema de résolution des moindres carrés avec la méthode du gradient,0
concevoir-3.4,Échanger de manière adaptée et sécurisée les données,ANANUM-3-1,Maitriser les opérations vectorielles (produit scalaire,0
concevoir-3.4,Échanger de manière adaptée et sécurisée les données,ANANUM-14-1,Etre capable de représenter un systèmes d’équation linéaire sous forme matricielle,0
concevoir-3.4,Échanger de manière adaptée et sécurisée les données,ANANUM-15-3,Connaitre les propriétés d’une matrice de Gauss,0
concevoir-3.4,Échanger de manière adaptée et sécurisée les données,ANANUM-15-4,Connaitre les propriétés d’une matrice de permutation,0
concevoir-3.4,Échanger de manière adaptée et sécurisée les données,ANANUM-15-5,Connaitre les propriétés d’une matrice définie positive,0
concevoir-3.4,Échanger de manière adaptée et sécurisée les données,ANANUM-15-6,Connaitre les propriétés d’une matrice orthogonale,0
concevoir-3.4,Échanger de manière adaptée et sécurisée les données,ANANUM-15-7,Connaitre les propriétés d’une matrice de Householder,0
concevoir-3.4,Échanger de manière adaptée et sécurisée les données,ANANUM-15-8,Connaitre les propriétés des normes matricielles et vectorielles,0
concevoir-3.4,Échanger de manière adaptée et sécurisée les données,ANANUM-15-9,Connaitre les propriétés de la décomposition valeurs propres,0
concevoir-3.4,Échanger de manière adaptée et sécurisée les données,ANANUM-15-10,Connaitre les propriétés de la décomposition valeurs singulières,0
concevoir-3.4,Échanger de manière adaptée et sécurisée les données,ANANUM-16-1,Connaitre les conditions d’applications de Cholesky et LDL,0
concevoir-3.4,Échanger de manière adaptée et sécurisée les données,ANANUM-16-2,Identifier les avantages/limites des méthodes décomposition,0
concevoir-3.4,Échanger de manière adaptée et sécurisée les données,ANANUM-16-3,Identifier les similitudes et différences entre Jacobi,0
concevoir-3.4,Échanger de manière adaptée et sécurisée les données,ANANUM-29-1,Etre capable d’implémenter un produit matriciel,0
concevoir-3.4,Échanger de manière adaptée et sécurisée les données,ANANUM-29-2,Etre capable d’implémenter un produit matriciel de différentes manières,0
concevoir-3.4,Échanger de manière adaptée et sécurisée les données,ANANUM-29-3,Connaitre les complexités des opérations vectorielles et matricielles,0
concevoir-3.4,Échanger de manière adaptée et sécurisée les données,ANANUM-29-4,Implémenter la résolution d’un systeme d’équation linéaire avec matrice diagonale,0
concevoir-3.4,Échanger de manière adaptée et sécurisée les données,ANANUM-29-5,Implémenter la résolution d’un systeme d’équation linéaire avec matrice triangulaire,0
concevoir-3.4,Échanger de manière adaptée et sécurisée les données,ANANUM-29-6,Retrouver l’algorithme de calcul de l’inverse d’une matrice triangulaire,0
concevoir-3.4,Échanger de manière adaptée et sécurisée les données,ANANUM-29-7,Retrouver les variantes (exterieur/recursive/trisup) de Cholesky,0
concevoir-3.4,Échanger de manière adaptée et sécurisée les données,ANANUM-29-8,Connaitre les complexités des la résolution de systeme d’équation triangulaires,0
concevoir-3.4,Échanger de manière adaptée et sécurisée les données,ANANUM-29-9,Retrouver le schema de résolution de Ax=b donné A=LU,0
concevoir-3.4,Échanger de manière adaptée et sécurisée les données,ANANUM-29-10,Calculer une matrice triangulaire supérieure en utilisant les matrices de Gauss,0
concevoir-3.4,Échanger de manière adaptée et sécurisée les données,ANANUM-29-11,Connaitre l’algorithme de décomposition PA=LU,0
concevoir-3.4,Échanger de manière adaptée et sécurisée les données,ANANUM-29-12,Retrouver le schema de résolution de Ax=b donné PA=LU,0
concevoir-3.4,Échanger de manière adaptée et sécurisée les données,ANANUM-29-13,Retrouver l’algorithme de décomposition A=LDL,0
concevoir-3.4,Échanger de manière adaptée et sécurisée les données,ANANUM-29-14,Retrouver l’algorithme de Cholesky,0
concevoir-3.4,Échanger de manière adaptée et sécurisée les données,ANANUM-29-16,Retrouver le schema de résolution des moindres carrés avec QR,0
concevoir-3.4,Échanger de manière adaptée et sécurisée les données,ANANUM-29-17,Retrouver l’algorithme de décomposition QR avec Householder,0
concevoir-3.4,Échanger de manière adaptée et sécurisée les données,ANANUM-29-18,Connaitre le principe des méthodes itératives,0
concevoir-3.4,Échanger de manière adaptée et sécurisée les données,ANANUM-29-19,Connaitre le principe de PageRank,0
concevoir-3.4,Échanger de manière adaptée et sécurisée les données,ANANUM-29-20,Calculer  une valeur propre en utilisant l’algorithme des puissances itérées,0
concevoir-3.4,Échanger de manière adaptée et sécurisée les données,ANANUM-29-21,Implémenter l’algorithme QR pour les valeurs propres,0
concevoir-3.4,Échanger de manière adaptée et sécurisée les données,ANANUM-29-22,Calculer les valeurs singulieres d’une matrice a partir des valeurs propres,0
concevoir-3.4,Échanger de manière adaptée et sécurisée les données,ANANUM-29-23,Implémenter l’algorithme de bidiagonisation pour le calcul de la SVD,0
concevoir-3.4,Échanger de manière adaptée et sécurisée les données,ANANUM-30-1,Estimer les valeurs propres avec les cercles de Gershgorin,0
concevoir-3.4,Échanger de manière adaptée et sécurisée les données,ANANUM-31-1,Appliquer les décompositions valeurs propres/singulières pour du débruitage d’images ( ??),0
concevoir-3.4,Échanger de manière adaptée et sécurisée les données,ANANUM-32-1,Exploiter les structures particulières de matrices,0
concevoir-3.4,Échanger de manière adaptée et sécurisée les données,ANANUM-32-2,Optimiser l’implémentation de la transformation de Gauss,0
concevoir-3.4,Échanger de manière adaptée et sécurisée les données,ANANUM-32-3,Optmisier l’approche QR pour les valeurs propres avec la forme tridiagonale,0
concevoir-3.4,Échanger de manière adaptée et sécurisée les données,ANANUM-49-1,Etre capable de coder en Python/numpy le produit matriciel,0
concevoir-3.4,Échanger de manière adaptée et sécurisée les données,ANANUM-49-2,Implémenter en Python/numpy l’algorithme de décomposition LU,0
concevoir-3.4,Échanger de manière adaptée et sécurisée les données,ANANUM-49-3,Implémenter en Python/numpy l’algorithme de décomposition PALU,0
concevoir-3.4,Échanger de manière adaptée et sécurisée les données,ANANUM-49-4,Implémenter LDL et Cholesky en python/numpy,0
concevoir-3.4,Échanger de manière adaptée et sécurisée les données,ANANUM-49-5,Implémenter efficacement en Python/numpy l’algorithme de décomposition QR,0
concevoir-3.4,Échanger de manière adaptée et sécurisée les données,ANANUM-49-6,Implémenter en Python/numpy un algorithme de méthode itérative,0
concevoir-3.4,Échanger de manière adaptée et sécurisée les données,ANANUM-49-7,Implémenter en python/numpy la décomposition valeurs propres/singulières,0
concevoir-3.4,Échanger de manière adaptée et sécurisée les données,,,0
concevoir-4.1,Aligner des structures de données issues de différents paradigmes,ANANUM-1-1,Retrouver les dimensions d’une matrice,0
concevoir-4.1,Aligner des structures de données issues de différents paradigmes,ANANUM-1-2,Identifier les différents type de matrice (structure et taille),0
concevoir-4.1,Aligner des structures de données issues de différents paradigmes,ANANUM-1-3,Identifier et connaître un problème des moindres carrés,0
concevoir-4.1,Aligner des structures de données issues de différents paradigmes,ANANUM-2-1,Retrouver le schema de résolution des moindres carrés avec la méthode du gradient,0
concevoir-4.1,Aligner des structures de données issues de différents paradigmes,ANANUM-3-1,Maitriser les opérations vectorielles (produit scalaire,0
concevoir-4.1,Aligner des structures de données issues de différents paradigmes,ANANUM-14-1,Etre capable de représenter un systèmes d’équation linéaire sous forme matricielle,0
concevoir-4.1,Aligner des structures de données issues de différents paradigmes,ANANUM-15-3,Connaitre les propriétés d’une matrice de Gauss,0
concevoir-4.1,Aligner des structures de données issues de différents paradigmes,ANANUM-15-4,Connaitre les propriétés d’une matrice de permutation,0
concevoir-4.1,Aligner des structures de données issues de différents paradigmes,ANANUM-15-5,Connaitre les propriétés d’une matrice définie positive,0
concevoir-4.1,Aligner des structures de données issues de différents paradigmes,ANANUM-15-6,Connaitre les propriétés d’une matrice orthogonale,0
concevoir-4.1,Aligner des structures de données issues de différents paradigmes,ANANUM-15-7,Connaitre les propriétés d’une matrice de Householder,0
concevoir-4.1,Aligner des structures de données issues de différents paradigmes,ANANUM-15-8,Connaitre les propriétés des normes matricielles et vectorielles,0
concevoir-4.1,Aligner des structures de données issues de différents paradigmes,ANANUM-15-9,Connaitre les propriétés de la décomposition valeurs propres,0
concevoir-4.1,Aligner des structures de données issues de différents paradigmes,ANANUM-15-10,Connaitre les propriétés de la décomposition valeurs singulières,0
concevoir-4.1,Aligner des structures de données issues de différents paradigmes,ANANUM-16-1,Connaitre les conditions d’applications de Cholesky et LDL,0
concevoir-4.1,Aligner des structures de données issues de différents paradigmes,ANANUM-16-2,Identifier les avantages/limites des méthodes décomposition,0
concevoir-4.1,Aligner des structures de données issues de différents paradigmes,ANANUM-16-3,Identifier les similitudes et différences entre Jacobi,0
concevoir-4.1,Aligner des structures de données issues de différents paradigmes,ANANUM-29-1,Etre capable d’implémenter un produit matriciel,0
concevoir-4.1,Aligner des structures de données issues de différents paradigmes,ANANUM-29-2,Etre capable d’implémenter un produit matriciel de différentes manières,0
concevoir-4.1,Aligner des structures de données issues de différents paradigmes,ANANUM-29-3,Connaitre les complexités des opérations vectorielles et matricielles,0
concevoir-4.1,Aligner des structures de données issues de différents paradigmes,ANANUM-29-4,Implémenter la résolution d’un systeme d’équation linéaire avec matrice diagonale,0
concevoir-4.1,Aligner des structures de données issues de différents paradigmes,ANANUM-29-5,Implémenter la résolution d’un systeme d’équation linéaire avec matrice triangulaire,0
concevoir-4.1,Aligner des structures de données issues de différents paradigmes,ANANUM-29-6,Retrouver l’algorithme de calcul de l’inverse d’une matrice triangulaire,0
concevoir-4.1,Aligner des structures de données issues de différents paradigmes,ANANUM-29-7,Retrouver les variantes (exterieur/recursive/trisup) de Cholesky,0
concevoir-4.1,Aligner des structures de données issues de différents paradigmes,ANANUM-29-8,Connaitre les complexités des la résolution de systeme d’équation triangulaires,0
concevoir-4.1,Aligner des structures de données issues de différents paradigmes,ANANUM-29-9,Retrouver le schema de résolution de Ax=b donné A=LU,0
concevoir-4.1,Aligner des structures de données issues de différents paradigmes,ANANUM-29-10,Calculer une matrice triangulaire supérieure en utilisant les matrices de Gauss,0
concevoir-4.1,Aligner des structures de données issues de différents paradigmes,ANANUM-29-11,Connaitre l’algorithme de décomposition PA=LU,0
concevoir-4.1,Aligner des structures de données issues de différents paradigmes,ANANUM-29-12,Retrouver le schema de résolution de Ax=b donné PA=LU,0
concevoir-4.1,Aligner des structures de données issues de différents paradigmes,ANANUM-29-13,Retrouver l’algorithme de décomposition A=LDL,0
concevoir-4.1,Aligner des structures de données issues de différents paradigmes,ANANUM-29-14,Retrouver l’algorithme de Cholesky,0
concevoir-4.1,Aligner des structures de données issues de différents paradigmes,ANANUM-29-16,Retrouver le schema de résolution des moindres carrés avec QR,0
concevoir-4.1,Aligner des structures de données issues de différents paradigmes,ANANUM-29-17,Retrouver l’algorithme de décomposition QR avec Householder,0
concevoir-4.1,Aligner des structures de données issues de différents paradigmes,ANANUM-29-18,Connaitre le principe des méthodes itératives,0
concevoir-4.1,Aligner des structures de données issues de différents paradigmes,ANANUM-29-19,Connaitre le principe de PageRank,0
concevoir-4.1,Aligner des structures de données issues de différents paradigmes,ANANUM-29-20,Calculer  une valeur propre en utilisant l’algorithme des puissances itérées,0
concevoir-4.1,Aligner des structures de données issues de différents paradigmes,ANANUM-29-21,Implémenter l’algorithme QR pour les valeurs propres,0
concevoir-4.1,Aligner des structures de données issues de différents paradigmes,ANANUM-29-22,Calculer les valeurs singulieres d’une matrice a partir des valeurs propres,0
concevoir-4.1,Aligner des structures de données issues de différents paradigmes,ANANUM-29-23,Implémenter l’algorithme de bidiagonisation pour le calcul de la SVD,0
concevoir-4.1,Aligner des structures de données issues de différents paradigmes,ANANUM-30-1,Estimer les valeurs propres avec les cercles de Gershgorin,0
concevoir-4.1,Aligner des structures de données issues de différents paradigmes,ANANUM-31-1,Appliquer les décompositions valeurs propres/singulières pour du débruitage d’images ( ??),0
concevoir-4.1,Aligner des structures de données issues de différents paradigmes,ANANUM-32-1,Exploiter les structures particulières de matrices,0
concevoir-4.1,Aligner des structures de données issues de différents paradigmes,ANANUM-32-2,Optimiser l’implémentation de la transformation de Gauss,0
concevoir-4.1,Aligner des structures de données issues de différents paradigmes,ANANUM-32-3,Optmisier l’approche QR pour les valeurs propres avec la forme tridiagonale,0
concevoir-4.1,Aligner des structures de données issues de différents paradigmes,ANANUM-49-1,Etre capable de coder en Python/numpy le produit matriciel,0
concevoir-4.1,Aligner des structures de données issues de différents paradigmes,ANANUM-49-2,Implémenter en Python/numpy l’algorithme de décomposition LU,0
concevoir-4.1,Aligner des structures de données issues de différents paradigmes,ANANUM-49-3,Implémenter en Python/numpy l’algorithme de décomposition PALU,0
concevoir-4.1,Aligner des structures de données issues de différents paradigmes,ANANUM-49-4,Implémenter LDL et Cholesky en python/numpy,0
concevoir-4.1,Aligner des structures de données issues de différents paradigmes,ANANUM-49-5,Implémenter efficacement en Python/numpy l’algorithme de décomposition QR,0
concevoir-4.1,Aligner des structures de données issues de différents paradigmes,ANANUM-49-6,Implémenter en Python/numpy un algorithme de méthode itérative,0
concevoir-4.1,Aligner des structures de données issues de différents paradigmes,ANANUM-49-7,Implémenter en python/numpy la décomposition valeurs propres/singulières,0
concevoir-4.1,Aligner des structures de données issues de différents paradigmes,,,0
concevoir-4.2,Choisir le paradigme de programmation le mieux adapté aux traitements,ANANUM-1-1,Retrouver les dimensions d’une matrice,0
concevoir-4.2,Choisir le paradigme de programmation le mieux adapté aux traitements,ANANUM-1-2,Identifier les différents type de matrice (structure et taille),0
concevoir-4.2,Choisir le paradigme de programmation le mieux adapté aux traitements,ANANUM-1-3,Identifier et connaître un problème des moindres carrés,0
concevoir-4.2,Choisir le paradigme de programmation le mieux adapté aux traitements,ANANUM-2-1,Retrouver le schema de résolution des moindres carrés avec la méthode du gradient,0
concevoir-4.2,Choisir le paradigme de programmation le mieux adapté aux traitements,ANANUM-3-1,Maitriser les opérations vectorielles (produit scalaire,0
concevoir-4.2,Choisir le paradigme de programmation le mieux adapté aux traitements,ANANUM-14-1,Etre capable de représenter un systèmes d’équation linéaire sous forme matricielle,0
concevoir-4.2,Choisir le paradigme de programmation le mieux adapté aux traitements,ANANUM-15-3,Connaitre les propriétés d’une matrice de Gauss,0
concevoir-4.2,Choisir le paradigme de programmation le mieux adapté aux traitements,ANANUM-15-4,Connaitre les propriétés d’une matrice de permutation,0
concevoir-4.2,Choisir le paradigme de programmation le mieux adapté aux traitements,ANANUM-15-5,Connaitre les propriétés d’une matrice définie positive,0
concevoir-4.2,Choisir le paradigme de programmation le mieux adapté aux traitements,ANANUM-15-6,Connaitre les propriétés d’une matrice orthogonale,0
concevoir-4.2,Choisir le paradigme de programmation le mieux adapté aux traitements,ANANUM-15-7,Connaitre les propriétés d’une matrice de Householder,0
concevoir-4.2,Choisir le paradigme de programmation le mieux adapté aux traitements,ANANUM-15-8,Connaitre les propriétés des normes matricielles et vectorielles,0
concevoir-4.2,Choisir le paradigme de programmation le mieux adapté aux traitements,ANANUM-15-9,Connaitre les propriétés de la décomposition valeurs propres,0
concevoir-4.2,Choisir le paradigme de programmation le mieux adapté aux traitements,ANANUM-15-10,Connaitre les propriétés de la décomposition valeurs singulières,0
concevoir-4.2,Choisir le paradigme de programmation le mieux adapté aux traitements,ANANUM-16-1,Connaitre les conditions d’applications de Cholesky et LDL,0
concevoir-4.2,Choisir le paradigme de programmation le mieux adapté aux traitements,ANANUM-16-2,Identifier les avantages/limites des méthodes décomposition,0
concevoir-4.2,Choisir le paradigme de programmation le mieux adapté aux traitements,ANANUM-16-3,Identifier les similitudes et différences entre Jacobi,0
concevoir-4.2,Choisir le paradigme de programmation le mieux adapté aux traitements,ANANUM-29-1,Etre capable d’implémenter un produit matriciel,0
concevoir-4.2,Choisir le paradigme de programmation le mieux adapté aux traitements,ANANUM-29-2,Etre capable d’implémenter un produit matriciel de différentes manières,0
concevoir-4.2,Choisir le paradigme de programmation le mieux adapté aux traitements,ANANUM-29-3,Connaitre les complexités des opérations vectorielles et matricielles,0
concevoir-4.2,Choisir le paradigme de programmation le mieux adapté aux traitements,ANANUM-29-4,Implémenter la résolution d’un systeme d’équation linéaire avec matrice diagonale,0
concevoir-4.2,Choisir le paradigme de programmation le mieux adapté aux traitements,ANANUM-29-5,Implémenter la résolution d’un systeme d’équation linéaire avec matrice triangulaire,0
concevoir-4.2,Choisir le paradigme de programmation le mieux adapté aux traitements,ANANUM-29-6,Retrouver l’algorithme de calcul de l’inverse d’une matrice triangulaire,0
concevoir-4.2,Choisir le paradigme de programmation le mieux adapté aux traitements,ANANUM-29-7,Retrouver les variantes (exterieur/recursive/trisup) de Cholesky,0
concevoir-4.2,Choisir le paradigme de programmation le mieux adapté aux traitements,ANANUM-29-8,Connaitre les complexités des la résolution de systeme d’équation triangulaires,0
concevoir-4.2,Choisir le paradigme de programmation le mieux adapté aux traitements,ANANUM-29-9,Retrouver le schema de résolution de Ax=b donné A=LU,0
concevoir-4.2,Choisir le paradigme de programmation le mieux adapté aux traitements,ANANUM-29-10,Calculer une matrice triangulaire supérieure en utilisant les matrices de Gauss,0
concevoir-4.2,Choisir le paradigme de programmation le mieux adapté aux traitements,ANANUM-29-11,Connaitre l’algorithme de décomposition PA=LU,0
concevoir-4.2,Choisir le paradigme de programmation le mieux adapté aux traitements,ANANUM-29-12,Retrouver le schema de résolution de Ax=b donné PA=LU,0
concevoir-4.2,Choisir le paradigme de programmation le mieux adapté aux traitements,ANANUM-29-13,Retrouver l’algorithme de décomposition A=LDL,0
concevoir-4.2,Choisir le paradigme de programmation le mieux adapté aux traitements,ANANUM-29-14,Retrouver l’algorithme de Cholesky,0
concevoir-4.2,Choisir le paradigme de programmation le mieux adapté aux traitements,ANANUM-29-16,Retrouver le schema de résolution des moindres carrés avec QR,0
concevoir-4.2,Choisir le paradigme de programmation le mieux adapté aux traitements,ANANUM-29-17,Retrouver l’algorithme de décomposition QR avec Householder,0
concevoir-4.2,Choisir le paradigme de programmation le mieux adapté aux traitements,ANANUM-29-18,Connaitre le principe des méthodes itératives,0
concevoir-4.2,Choisir le paradigme de programmation le mieux adapté aux traitements,ANANUM-29-19,Connaitre le principe de PageRank,0
concevoir-4.2,Choisir le paradigme de programmation le mieux adapté aux traitements,ANANUM-29-20,Calculer  une valeur propre en utilisant l’algorithme des puissances itérées,0
concevoir-4.2,Choisir le paradigme de programmation le mieux adapté aux traitements,ANANUM-29-21,Implémenter l’algorithme QR pour les valeurs propres,0
concevoir-4.2,Choisir le paradigme de programmation le mieux adapté aux traitements,ANANUM-29-22,Calculer les valeurs singulieres d’une matrice a partir des valeurs propres,0
concevoir-4.2,Choisir le paradigme de programmation le mieux adapté aux traitements,ANANUM-29-23,Implémenter l’algorithme de bidiagonisation pour le calcul de la SVD,0
concevoir-4.2,Choisir le paradigme de programmation le mieux adapté aux traitements,ANANUM-30-1,Estimer les valeurs propres avec les cercles de Gershgorin,0
concevoir-4.2,Choisir le paradigme de programmation le mieux adapté aux traitements,ANANUM-31-1,Appliquer les décompositions valeurs propres/singulières pour du débruitage d’images ( ??),0
concevoir-4.2,Choisir le paradigme de programmation le mieux adapté aux traitements,ANANUM-32-1,Exploiter les structures particulières de matrices,0
concevoir-4.2,Choisir le paradigme de programmation le mieux adapté aux traitements,ANANUM-32-2,Optimiser l’implémentation de la transformation de Gauss,0
concevoir-4.2,Choisir le paradigme de programmation le mieux adapté aux traitements,ANANUM-32-3,Optmisier l’approche QR pour les valeurs propres avec la forme tridiagonale,0
concevoir-4.2,Choisir le paradigme de programmation le mieux adapté aux traitements,ANANUM-49-1,Etre capable de coder en Python/numpy le produit matriciel,0
concevoir-4.2,Choisir le paradigme de programmation le mieux adapté aux traitements,ANANUM-49-2,Implémenter en Python/numpy l’algorithme de décomposition LU,0
concevoir-4.2,Choisir le paradigme de programmation le mieux adapté aux traitements,ANANUM-49-3,Implémenter en Python/numpy l’algorithme de décomposition PALU,0
concevoir-4.2,Choisir le paradigme de programmation le mieux adapté aux traitements,ANANUM-49-4,Implémenter LDL et Cholesky en python/numpy,0
concevoir-4.2,Choisir le paradigme de programmation le mieux adapté aux traitements,ANANUM-49-5,Implémenter efficacement en Python/numpy l’algorithme de décomposition QR,0
concevoir-4.2,Choisir le paradigme de programmation le mieux adapté aux traitements,ANANUM-49-6,Implémenter en Python/numpy un algorithme de méthode itérative,0
concevoir-4.2,Choisir le paradigme de programmation le mieux adapté aux traitements,ANANUM-49-7,Implémenter en python/numpy la décomposition valeurs propres/singulières,0
concevoir-4.2,Choisir le paradigme de programmation le mieux adapté aux traitements,,,0
concevoir-4.3,Choisir les patrons d'architecture,ANANUM-1-1,Retrouver les dimensions d’une matrice,0
concevoir-4.3,Choisir les patrons d'architecture,ANANUM-1-2,Identifier les différents type de matrice (structure et taille),0
concevoir-4.3,Choisir les patrons d'architecture,ANANUM-1-3,Identifier et connaître un problème des moindres carrés,0
concevoir-4.3,Choisir les patrons d'architecture,ANANUM-2-1,Retrouver le schema de résolution des moindres carrés avec la méthode du gradient,0
concevoir-4.3,Choisir les patrons d'architecture,ANANUM-3-1,Maitriser les opérations vectorielles (produit scalaire,0
concevoir-4.3,Choisir les patrons d'architecture,ANANUM-14-1,Etre capable de représenter un systèmes d’équation linéaire sous forme matricielle,0
concevoir-4.3,Choisir les patrons d'architecture,ANANUM-15-3,Connaitre les propriétés d’une matrice de Gauss,0
concevoir-4.3,Choisir les patrons d'architecture,ANANUM-15-4,Connaitre les propriétés d’une matrice de permutation,0
concevoir-4.3,Choisir les patrons d'architecture,ANANUM-15-5,Connaitre les propriétés d’une matrice définie positive,0
concevoir-4.3,Choisir les patrons d'architecture,ANANUM-15-6,Connaitre les propriétés d’une matrice orthogonale,0
concevoir-4.3,Choisir les patrons d'architecture,ANANUM-15-7,Connaitre les propriétés d’une matrice de Householder,0
concevoir-4.3,Choisir les patrons d'architecture,ANANUM-15-8,Connaitre les propriétés des normes matricielles et vectorielles,0
concevoir-4.3,Choisir les patrons d'architecture,ANANUM-15-9,Connaitre les propriétés de la décomposition valeurs propres,0
concevoir-4.3,Choisir les patrons d'architecture,ANANUM-15-10,Connaitre les propriétés de la décomposition valeurs singulières,0
concevoir-4.3,Choisir les patrons d'architecture,ANANUM-16-1,Connaitre les conditions d’applications de Cholesky et LDL,0
concevoir-4.3,Choisir les patrons d'architecture,ANANUM-16-2,Identifier les avantages/limites des méthodes décomposition,0
concevoir-4.3,Choisir les patrons d'architecture,ANANUM-16-3,Identifier les similitudes et différences entre Jacobi,0
concevoir-4.3,Choisir les patrons d'architecture,ANANUM-29-1,Etre capable d’implémenter un produit matriciel,0
concevoir-4.3,Choisir les patrons d'architecture,ANANUM-29-2,Etre capable d’implémenter un produit matriciel de différentes manières,0
concevoir-4.3,Choisir les patrons d'architecture,ANANUM-29-3,Connaitre les complexités des opérations vectorielles et matricielles,0
concevoir-4.3,Choisir les patrons d'architecture,ANANUM-29-4,Implémenter la résolution d’un systeme d’équation linéaire avec matrice diagonale,0
concevoir-4.3,Choisir les patrons d'architecture,ANANUM-29-5,Implémenter la résolution d’un systeme d’équation linéaire avec matrice triangulaire,0
concevoir-4.3,Choisir les patrons d'architecture,ANANUM-29-6,Retrouver l’algorithme de calcul de l’inverse d’une matrice triangulaire,0
concevoir-4.3,Choisir les patrons d'architecture,ANANUM-29-7,Retrouver les variantes (exterieur/recursive/trisup) de Cholesky,0
concevoir-4.3,Choisir les patrons d'architecture,ANANUM-29-8,Connaitre les complexités des la résolution de systeme d’équation triangulaires,0
concevoir-4.3,Choisir les patrons d'architecture,ANANUM-29-9,Retrouver le schema de résolution de Ax=b donné A=LU,0
concevoir-4.3,Choisir les patrons d'architecture,ANANUM-29-10,Calculer une matrice triangulaire supérieure en utilisant les matrices de Gauss,0
concevoir-4.3,Choisir les patrons d'architecture,ANANUM-29-11,Connaitre l’algorithme de décomposition PA=LU,0
concevoir-4.3,Choisir les patrons d'architecture,ANANUM-29-12,Retrouver le schema de résolution de Ax=b donné PA=LU,0
concevoir-4.3,Choisir les patrons d'architecture,ANANUM-29-13,Retrouver l’algorithme de décomposition A=LDL,0
concevoir-4.3,Choisir les patrons d'architecture,ANANUM-29-14,Retrouver l’algorithme de Cholesky,0
concevoir-4.3,Choisir les patrons d'architecture,ANANUM-29-16,Retrouver le schema de résolution des moindres carrés avec QR,0
concevoir-4.3,Choisir les patrons d'architecture,ANANUM-29-17,Retrouver l’algorithme de décomposition QR avec Householder,0
concevoir-4.3,Choisir les patrons d'architecture,ANANUM-29-18,Connaitre le principe des méthodes itératives,0
concevoir-4.3,Choisir les patrons d'architecture,ANANUM-29-19,Connaitre le principe de PageRank,0
concevoir-4.3,Choisir les patrons d'architecture,ANANUM-29-20,Calculer  une valeur propre en utilisant l’algorithme des puissances itérées,0
concevoir-4.3,Choisir les patrons d'architecture,ANANUM-29-21,Implémenter l’algorithme QR pour les valeurs propres,0
concevoir-4.3,Choisir les patrons d'architecture,ANANUM-29-22,Calculer les valeurs singulieres d’une matrice a partir des valeurs propres,0
concevoir-4.3,Choisir les patrons d'architecture,ANANUM-29-23,Implémenter l’algorithme de bidiagonisation pour le calcul de la SVD,0
concevoir-4.3,Choisir les patrons d'architecture,ANANUM-30-1,Estimer les valeurs propres avec les cercles de Gershgorin,0
concevoir-4.3,Choisir les patrons d'architecture,ANANUM-31-1,Appliquer les décompositions valeurs propres/singulières pour du débruitage d’images ( ??),0
concevoir-4.3,Choisir les patrons d'architecture,ANANUM-32-1,Exploiter les structures particulières de matrices,0
concevoir-4.3,Choisir les patrons d'architecture,ANANUM-32-2,Optimiser l’implémentation de la transformation de Gauss,0
concevoir-4.3,Choisir les patrons d'architecture,ANANUM-32-3,Optmisier l’approche QR pour les valeurs propres avec la forme tridiagonale,0
concevoir-4.3,Choisir les patrons d'architecture,ANANUM-49-1,Etre capable de coder en Python/numpy le produit matriciel,0
concevoir-4.3,Choisir les patrons d'architecture,ANANUM-49-2,Implémenter en Python/numpy l’algorithme de décomposition LU,0
concevoir-4.3,Choisir les patrons d'architecture,ANANUM-49-3,Implémenter en Python/numpy l’algorithme de décomposition PALU,0
concevoir-4.3,Choisir les patrons d'architecture,ANANUM-49-4,Implémenter LDL et Cholesky en python/numpy,0
concevoir-4.3,Choisir les patrons d'architecture,ANANUM-49-5,Implémenter efficacement en Python/numpy l’algorithme de décomposition QR,0
concevoir-4.3,Choisir les patrons d'architecture,ANANUM-49-6,Implémenter en Python/numpy un algorithme de méthode itérative,0
concevoir-4.3,Choisir les patrons d'architecture,ANANUM-49-7,Implémenter en python/numpy la décomposition valeurs propres/singulières,0
concevoir-4.3,Choisir les patrons d'architecture,,,0
concevoir-4.4,"Prétraiter, estimer et prédire un signal à l’aide d’un système non linéaire",ANANUM-1-1,Retrouver les dimensions d’une matrice,0
concevoir-4.4,"Prétraiter, estimer et prédire un signal à l’aide d’un système non linéaire",ANANUM-1-2,Identifier les différents type de matrice (structure et taille),0
concevoir-4.4,"Prétraiter, estimer et prédire un signal à l’aide d’un système non linéaire",ANANUM-1-3,Identifier et connaître un problème des moindres carrés,0
concevoir-4.4,"Prétraiter, estimer et prédire un signal à l’aide d’un système non linéaire",ANANUM-2-1,Retrouver le schema de résolution des moindres carrés avec la méthode du gradient,0
concevoir-4.4,"Prétraiter, estimer et prédire un signal à l’aide d’un système non linéaire",ANANUM-3-1,Maitriser les opérations vectorielles (produit scalaire,0
concevoir-4.4,"Prétraiter, estimer et prédire un signal à l’aide d’un système non linéaire",ANANUM-14-1,Etre capable de représenter un systèmes d’équation linéaire sous forme matricielle,0
concevoir-4.4,"Prétraiter, estimer et prédire un signal à l’aide d’un système non linéaire",ANANUM-15-3,Connaitre les propriétés d’une matrice de Gauss,0
concevoir-4.4,"Prétraiter, estimer et prédire un signal à l’aide d’un système non linéaire",ANANUM-15-4,Connaitre les propriétés d’une matrice de permutation,0
concevoir-4.4,"Prétraiter, estimer et prédire un signal à l’aide d’un système non linéaire",ANANUM-15-5,Connaitre les propriétés d’une matrice définie positive,0
concevoir-4.4,"Prétraiter, estimer et prédire un signal à l’aide d’un système non linéaire",ANANUM-15-6,Connaitre les propriétés d’une matrice orthogonale,0
concevoir-4.4,"Prétraiter, estimer et prédire un signal à l’aide d’un système non linéaire",ANANUM-15-7,Connaitre les propriétés d’une matrice de Householder,0
concevoir-4.4,"Prétraiter, estimer et prédire un signal à l’aide d’un système non linéaire",ANANUM-15-8,Connaitre les propriétés des normes matricielles et vectorielles,0
concevoir-4.4,"Prétraiter, estimer et prédire un signal à l’aide d’un système non linéaire",ANANUM-15-9,Connaitre les propriétés de la décomposition valeurs propres,0
concevoir-4.4,"Prétraiter, estimer et prédire un signal à l’aide d’un système non linéaire",ANANUM-15-10,Connaitre les propriétés de la décomposition valeurs singulières,0
concevoir-4.4,"Prétraiter, estimer et prédire un signal à l’aide d’un système non linéaire",ANANUM-16-1,Connaitre les conditions d’applications de Cholesky et LDL,0
concevoir-4.4,"Prétraiter, estimer et prédire un signal à l’aide d’un système non linéaire",ANANUM-16-2,Identifier les avantages/limites des méthodes décomposition,0
concevoir-4.4,"Prétraiter, estimer et prédire un signal à l’aide d’un système non linéaire",ANANUM-16-3,Identifier les similitudes et différences entre Jacobi,0
concevoir-4.4,"Prétraiter, estimer et prédire un signal à l’aide d’un système non linéaire",ANANUM-29-1,Etre capable d’implémenter un produit matriciel,0
concevoir-4.4,"Prétraiter, estimer et prédire un signal à l’aide d’un système non linéaire",ANANUM-29-2,Etre capable d’implémenter un produit matriciel de différentes manières,0
concevoir-4.4,"Prétraiter, estimer et prédire un signal à l’aide d’un système non linéaire",ANANUM-29-3,Connaitre les complexités des opérations vectorielles et matricielles,0
concevoir-4.4,"Prétraiter, estimer et prédire un signal à l’aide d’un système non linéaire",ANANUM-29-4,Implémenter la résolution d’un systeme d’équation linéaire avec matrice diagonale,0
concevoir-4.4,"Prétraiter, estimer et prédire un signal à l’aide d’un système non linéaire",ANANUM-29-5,Implémenter la résolution d’un systeme d’équation linéaire avec matrice triangulaire,0
concevoir-4.4,"Prétraiter, estimer et prédire un signal à l’aide d’un système non linéaire",ANANUM-29-6,Retrouver l’algorithme de calcul de l’inverse d’une matrice triangulaire,0
concevoir-4.4,"Prétraiter, estimer et prédire un signal à l’aide d’un système non linéaire",ANANUM-29-7,Retrouver les variantes (exterieur/recursive/trisup) de Cholesky,0
concevoir-4.4,"Prétraiter, estimer et prédire un signal à l’aide d’un système non linéaire",ANANUM-29-8,Connaitre les complexités des la résolution de systeme d’équation triangulaires,0
concevoir-4.4,"Prétraiter, estimer et prédire un signal à l’aide d’un système non linéaire",ANANUM-29-9,Retrouver le schema de résolution de Ax=b donné A=LU,0
concevoir-4.4,"Prétraiter, estimer et prédire un signal à l’aide d’un système non linéaire",ANANUM-29-10,Calculer une matrice triangulaire supérieure en utilisant les matrices de Gauss,0
concevoir-4.4,"Prétraiter, estimer et prédire un signal à l’aide d’un système non linéaire",ANANUM-29-11,Connaitre l’algorithme de décomposition PA=LU,0
concevoir-4.4,"Prétraiter, estimer et prédire un signal à l’aide d’un système non linéaire",ANANUM-29-12,Retrouver le schema de résolution de Ax=b donné PA=LU,0
concevoir-4.4,"Prétraiter, estimer et prédire un signal à l’aide d’un système non linéaire",ANANUM-29-13,Retrouver l’algorithme de décomposition A=LDL,0
concevoir-4.4,"Prétraiter, estimer et prédire un signal à l’aide d’un système non linéaire",ANANUM-29-14,Retrouver l’algorithme de Cholesky,0
concevoir-4.4,"Prétraiter, estimer et prédire un signal à l’aide d’un système non linéaire",ANANUM-29-16,Retrouver le schema de résolution des moindres carrés avec QR,0
concevoir-4.4,"Prétraiter, estimer et prédire un signal à l’aide d’un système non linéaire",ANANUM-29-17,Retrouver l’algorithme de décomposition QR avec Householder,0
concevoir-4.4,"Prétraiter, estimer et prédire un signal à l’aide d’un système non linéaire",ANANUM-29-18,Connaitre le principe des méthodes itératives,0
concevoir-4.4,"Prétraiter, estimer et prédire un signal à l’aide d’un système non linéaire",ANANUM-29-19,Connaitre le principe de PageRank,0
concevoir-4.4,"Prétraiter, estimer et prédire un signal à l’aide d’un système non linéaire",ANANUM-29-20,Calculer  une valeur propre en utilisant l’algorithme des puissances itérées,0
concevoir-4.4,"Prétraiter, estimer et prédire un signal à l’aide d’un système non linéaire",ANANUM-29-21,Implémenter l’algorithme QR pour les valeurs propres,0
concevoir-4.4,"Prétraiter, estimer et prédire un signal à l’aide d’un système non linéaire",ANANUM-29-22,Calculer les valeurs singulieres d’une matrice a partir des valeurs propres,0
concevoir-4.4,"Prétraiter, estimer et prédire un signal à l’aide d’un système non linéaire",ANANUM-29-23,Implémenter l’algorithme de bidiagonisation pour le calcul de la SVD,0
concevoir-4.4,"Prétraiter, estimer et prédire un signal à l’aide d’un système non linéaire",ANANUM-30-1,Estimer les valeurs propres avec les cercles de Gershgorin,0
concevoir-4.4,"Prétraiter, estimer et prédire un signal à l’aide d’un système non linéaire",ANANUM-31-1,Appliquer les décompositions valeurs propres/singulières pour du débruitage d’images ( ??),0
concevoir-4.4,"Prétraiter, estimer et prédire un signal à l’aide d’un système non linéaire",ANANUM-32-1,Exploiter les structures particulières de matrices,0
concevoir-4.4,"Prétraiter, estimer et prédire un signal à l’aide d’un système non linéaire",ANANUM-32-2,Optimiser l’implémentation de la transformation de Gauss,0
concevoir-4.4,"Prétraiter, estimer et prédire un signal à l’aide d’un système non linéaire",ANANUM-32-3,Optmisier l’approche QR pour les valeurs propres avec la forme tridiagonale,0
concevoir-4.4,"Prétraiter, estimer et prédire un signal à l’aide d’un système non linéaire",ANANUM-49-1,Etre capable de coder en Python/numpy le produit matriciel,0
concevoir-4.4,"Prétraiter, estimer et prédire un signal à l’aide d’un système non linéaire",ANANUM-49-2,Implémenter en Python/numpy l’algorithme de décomposition LU,0
concevoir-4.4,"Prétraiter, estimer et prédire un signal à l’aide d’un système non linéaire",ANANUM-49-3,Implémenter en Python/numpy l’algorithme de décomposition PALU,0
concevoir-4.4,"Prétraiter, estimer et prédire un signal à l’aide d’un système non linéaire",ANANUM-49-4,Implémenter LDL et Cholesky en python/numpy,0
concevoir-4.4,"Prétraiter, estimer et prédire un signal à l’aide d’un système non linéaire",ANANUM-49-5,Implémenter efficacement en Python/numpy l’algorithme de décomposition QR,0
concevoir-4.4,"Prétraiter, estimer et prédire un signal à l’aide d’un système non linéaire",ANANUM-49-6,Implémenter en Python/numpy un algorithme de méthode itérative,0
concevoir-4.4,"Prétraiter, estimer et prédire un signal à l’aide d’un système non linéaire",ANANUM-49-7,Implémenter en python/numpy la décomposition valeurs propres/singulières,0
concevoir-4.4,"Prétraiter, estimer et prédire un signal à l’aide d’un système non linéaire",,,0
concevoir-4.5,Échanger de manière adaptée et sécurisée les données en temps réel,ANANUM-1-1,Retrouver les dimensions d’une matrice,0
concevoir-4.5,Échanger de manière adaptée et sécurisée les données en temps réel,ANANUM-1-2,Identifier les différents type de matrice (structure et taille),0
concevoir-4.5,Échanger de manière adaptée et sécurisée les données en temps réel,ANANUM-1-3,Identifier et connaître un problème des moindres carrés,0
concevoir-4.5,Échanger de manière adaptée et sécurisée les données en temps réel,ANANUM-2-1,Retrouver le schema de résolution des moindres carrés avec la méthode du gradient,0
concevoir-4.5,Échanger de manière adaptée et sécurisée les données en temps réel,ANANUM-3-1,Maitriser les opérations vectorielles (produit scalaire,0
concevoir-4.5,Échanger de manière adaptée et sécurisée les données en temps réel,ANANUM-14-1,Etre capable de représenter un systèmes d’équation linéaire sous forme matricielle,0
concevoir-4.5,Échanger de manière adaptée et sécurisée les données en temps réel,ANANUM-15-3,Connaitre les propriétés d’une matrice de Gauss,0
concevoir-4.5,Échanger de manière adaptée et sécurisée les données en temps réel,ANANUM-15-4,Connaitre les propriétés d’une matrice de permutation,0
concevoir-4.5,Échanger de manière adaptée et sécurisée les données en temps réel,ANANUM-15-5,Connaitre les propriétés d’une matrice définie positive,0
concevoir-4.5,Échanger de manière adaptée et sécurisée les données en temps réel,ANANUM-15-6,Connaitre les propriétés d’une matrice orthogonale,0
concevoir-4.5,Échanger de manière adaptée et sécurisée les données en temps réel,ANANUM-15-7,Connaitre les propriétés d’une matrice de Householder,0
concevoir-4.5,Échanger de manière adaptée et sécurisée les données en temps réel,ANANUM-15-8,Connaitre les propriétés des normes matricielles et vectorielles,0
concevoir-4.5,Échanger de manière adaptée et sécurisée les données en temps réel,ANANUM-15-9,Connaitre les propriétés de la décomposition valeurs propres,0
concevoir-4.5,Échanger de manière adaptée et sécurisée les données en temps réel,ANANUM-15-10,Connaitre les propriétés de la décomposition valeurs singulières,0
concevoir-4.5,Échanger de manière adaptée et sécurisée les données en temps réel,ANANUM-16-1,Connaitre les conditions d’applications de Cholesky et LDL,0
concevoir-4.5,Échanger de manière adaptée et sécurisée les données en temps réel,ANANUM-16-2,Identifier les avantages/limites des méthodes décomposition,0
concevoir-4.5,Échanger de manière adaptée et sécurisée les données en temps réel,ANANUM-16-3,Identifier les similitudes et différences entre Jacobi,0
concevoir-4.5,Échanger de manière adaptée et sécurisée les données en temps réel,ANANUM-29-1,Etre capable d’implémenter un produit matriciel,0
concevoir-4.5,Échanger de manière adaptée et sécurisée les données en temps réel,ANANUM-29-2,Etre capable d’implémenter un produit matriciel de différentes manières,0
concevoir-4.5,Échanger de manière adaptée et sécurisée les données en temps réel,ANANUM-29-3,Connaitre les complexités des opérations vectorielles et matricielles,0
concevoir-4.5,Échanger de manière adaptée et sécurisée les données en temps réel,ANANUM-29-4,Implémenter la résolution d’un systeme d’équation linéaire avec matrice diagonale,0
concevoir-4.5,Échanger de manière adaptée et sécurisée les données en temps réel,ANANUM-29-5,Implémenter la résolution d’un systeme d’équation linéaire avec matrice triangulaire,0
concevoir-4.5,Échanger de manière adaptée et sécurisée les données en temps réel,ANANUM-29-6,Retrouver l’algorithme de calcul de l’inverse d’une matrice triangulaire,0
concevoir-4.5,Échanger de manière adaptée et sécurisée les données en temps réel,ANANUM-29-7,Retrouver les variantes (exterieur/recursive/trisup) de Cholesky,0
concevoir-4.5,Échanger de manière adaptée et sécurisée les données en temps réel,ANANUM-29-8,Connaitre les complexités des la résolution de systeme d’équation triangulaires,0
concevoir-4.5,Échanger de manière adaptée et sécurisée les données en temps réel,ANANUM-29-9,Retrouver le schema de résolution de Ax=b donné A=LU,0
concevoir-4.5,Échanger de manière adaptée et sécurisée les données en temps réel,ANANUM-29-10,Calculer une matrice triangulaire supérieure en utilisant les matrices de Gauss,0
concevoir-4.5,Échanger de manière adaptée et sécurisée les données en temps réel,ANANUM-29-11,Connaitre l’algorithme de décomposition PA=LU,0
concevoir-4.5,Échanger de manière adaptée et sécurisée les données en temps réel,ANANUM-29-12,Retrouver le schema de résolution de Ax=b donné PA=LU,0
concevoir-4.5,Échanger de manière adaptée et sécurisée les données en temps réel,ANANUM-29-13,Retrouver l’algorithme de décomposition A=LDL,0
concevoir-4.5,Échanger de manière adaptée et sécurisée les données en temps réel,ANANUM-29-14,Retrouver l’algorithme de Cholesky,0
concevoir-4.5,Échanger de manière adaptée et sécurisée les données en temps réel,ANANUM-29-16,Retrouver le schema de résolution des moindres carrés avec QR,0
concevoir-4.5,Échanger de manière adaptée et sécurisée les données en temps réel,ANANUM-29-17,Retrouver l’algorithme de décomposition QR avec Householder,0
concevoir-4.5,Échanger de manière adaptée et sécurisée les données en temps réel,ANANUM-29-18,Connaitre le principe des méthodes itératives,0
concevoir-4.5,Échanger de manière adaptée et sécurisée les données en temps réel,ANANUM-29-19,Connaitre le principe de PageRank,0
concevoir-4.5,Échanger de manière adaptée et sécurisée les données en temps réel,ANANUM-29-20,Calculer  une valeur propre en utilisant l’algorithme des puissances itérées,0
concevoir-4.5,Échanger de manière adaptée et sécurisée les données en temps réel,ANANUM-29-21,Implémenter l’algorithme QR pour les valeurs propres,0
concevoir-4.5,Échanger de manière adaptée et sécurisée les données en temps réel,ANANUM-29-22,Calculer les valeurs singulieres d’une matrice a partir des valeurs propres,0
concevoir-4.5,Échanger de manière adaptée et sécurisée les données en temps réel,ANANUM-29-23,Implémenter l’algorithme de bidiagonisation pour le calcul de la SVD,0
concevoir-4.5,Échanger de manière adaptée et sécurisée les données en temps réel,ANANUM-30-1,Estimer les valeurs propres avec les cercles de Gershgorin,0
concevoir-4.5,Échanger de manière adaptée et sécurisée les données en temps réel,ANANUM-31-1,Appliquer les décompositions valeurs propres/singulières pour du débruitage d’images ( ??),0
concevoir-4.5,Échanger de manière adaptée et sécurisée les données en temps réel,ANANUM-32-1,Exploiter les structures particulières de matrices,0
concevoir-4.5,Échanger de manière adaptée et sécurisée les données en temps réel,ANANUM-32-2,Optimiser l’implémentation de la transformation de Gauss,0
concevoir-4.5,Échanger de manière adaptée et sécurisée les données en temps réel,ANANUM-32-3,Optmisier l’approche QR pour les valeurs propres avec la forme tridiagonale,0
concevoir-4.5,Échanger de manière adaptée et sécurisée les données en temps réel,ANANUM-49-1,Etre capable de coder en Python/numpy le produit matriciel,0
concevoir-4.5,Échanger de manière adaptée et sécurisée les données en temps réel,ANANUM-49-2,Implémenter en Python/numpy l’algorithme de décomposition LU,0
concevoir-4.5,Échanger de manière adaptée et sécurisée les données en temps réel,ANANUM-49-3,Implémenter en Python/numpy l’algorithme de décomposition PALU,0
concevoir-4.5,Échanger de manière adaptée et sécurisée les données en temps réel,ANANUM-49-4,Implémenter LDL et Cholesky en python/numpy,0
concevoir-4.5,Échanger de manière adaptée et sécurisée les données en temps réel,ANANUM-49-5,Implémenter efficacement en Python/numpy l’algorithme de décomposition QR,0
concevoir-4.5,Échanger de manière adaptée et sécurisée les données en temps réel,ANANUM-49-6,Implémenter en Python/numpy un algorithme de méthode itérative,0
concevoir-4.5,Échanger de manière adaptée et sécurisée les données en temps réel,ANANUM-49-7,Implémenter en python/numpy la décomposition valeurs propres/singulières,0
concevoir-4.5,Échanger de manière adaptée et sécurisée les données en temps réel,,,0
concevoir-4.6,Choisir un modèle optimal d'un problème de traitement de données et évaluer ses performances,ANANUM-1-1,Retrouver les dimensions d’une matrice,0
concevoir-4.6,Choisir un modèle optimal d'un problème de traitement de données et évaluer ses performances,ANANUM-1-2,Identifier les différents type de matrice (structure et taille),0
concevoir-4.6,Choisir un modèle optimal d'un problème de traitement de données et évaluer ses performances,ANANUM-1-3,Identifier et connaître un problème des moindres carrés,0
concevoir-4.6,Choisir un modèle optimal d'un problème de traitement de données et évaluer ses performances,ANANUM-2-1,Retrouver le schema de résolution des moindres carrés avec la méthode du gradient,0
concevoir-4.6,Choisir un modèle optimal d'un problème de traitement de données et évaluer ses performances,ANANUM-3-1,Maitriser les opérations vectorielles (produit scalaire,0
concevoir-4.6,Choisir un modèle optimal d'un problème de traitement de données et évaluer ses performances,ANANUM-14-1,Etre capable de représenter un systèmes d’équation linéaire sous forme matricielle,0
concevoir-4.6,Choisir un modèle optimal d'un problème de traitement de données et évaluer ses performances,ANANUM-15-3,Connaitre les propriétés d’une matrice de Gauss,0
concevoir-4.6,Choisir un modèle optimal d'un problème de traitement de données et évaluer ses performances,ANANUM-15-4,Connaitre les propriétés d’une matrice de permutation,0
concevoir-4.6,Choisir un modèle optimal d'un problème de traitement de données et évaluer ses performances,ANANUM-15-5,Connaitre les propriétés d’une matrice définie positive,0
concevoir-4.6,Choisir un modèle optimal d'un problème de traitement de données et évaluer ses performances,ANANUM-15-6,Connaitre les propriétés d’une matrice orthogonale,0
concevoir-4.6,Choisir un modèle optimal d'un problème de traitement de données et évaluer ses performances,ANANUM-15-7,Connaitre les propriétés d’une matrice de Householder,0
concevoir-4.6,Choisir un modèle optimal d'un problème de traitement de données et évaluer ses performances,ANANUM-15-8,Connaitre les propriétés des normes matricielles et vectorielles,0
concevoir-4.6,Choisir un modèle optimal d'un problème de traitement de données et évaluer ses performances,ANANUM-15-9,Connaitre les propriétés de la décomposition valeurs propres,0
concevoir-4.6,Choisir un modèle optimal d'un problème de traitement de données et évaluer ses performances,ANANUM-15-10,Connaitre les propriétés de la décomposition valeurs singulières,0
concevoir-4.6,Choisir un modèle optimal d'un problème de traitement de données et évaluer ses performances,ANANUM-16-1,Connaitre les conditions d’applications de Cholesky et LDL,0
concevoir-4.6,Choisir un modèle optimal d'un problème de traitement de données et évaluer ses performances,ANANUM-16-2,Identifier les avantages/limites des méthodes décomposition,0
concevoir-4.6,Choisir un modèle optimal d'un problème de traitement de données et évaluer ses performances,ANANUM-16-3,Identifier les similitudes et différences entre Jacobi,0
concevoir-4.6,Choisir un modèle optimal d'un problème de traitement de données et évaluer ses performances,ANANUM-29-1,Etre capable d’implémenter un produit matriciel,0
concevoir-4.6,Choisir un modèle optimal d'un problème de traitement de données et évaluer ses performances,ANANUM-29-2,Etre capable d’implémenter un produit matriciel de différentes manières,0
concevoir-4.6,Choisir un modèle optimal d'un problème de traitement de données et évaluer ses performances,ANANUM-29-3,Connaitre les complexités des opérations vectorielles et matricielles,0
concevoir-4.6,Choisir un modèle optimal d'un problème de traitement de données et évaluer ses performances,ANANUM-29-4,Implémenter la résolution d’un systeme d’équation linéaire avec matrice diagonale,0
concevoir-4.6,Choisir un modèle optimal d'un problème de traitement de données et évaluer ses performances,ANANUM-29-5,Implémenter la résolution d’un systeme d’équation linéaire avec matrice triangulaire,0
concevoir-4.6,Choisir un modèle optimal d'un problème de traitement de données et évaluer ses performances,ANANUM-29-6,Retrouver l’algorithme de calcul de l’inverse d’une matrice triangulaire,0
concevoir-4.6,Choisir un modèle optimal d'un problème de traitement de données et évaluer ses performances,ANANUM-29-7,Retrouver les variantes (exterieur/recursive/trisup) de Cholesky,0
concevoir-4.6,Choisir un modèle optimal d'un problème de traitement de données et évaluer ses performances,ANANUM-29-8,Connaitre les complexités des la résolution de systeme d’équation triangulaires,0
concevoir-4.6,Choisir un modèle optimal d'un problème de traitement de données et évaluer ses performances,ANANUM-29-9,Retrouver le schema de résolution de Ax=b donné A=LU,0
concevoir-4.6,Choisir un modèle optimal d'un problème de traitement de données et évaluer ses performances,ANANUM-29-10,Calculer une matrice triangulaire supérieure en utilisant les matrices de Gauss,0
concevoir-4.6,Choisir un modèle optimal d'un problème de traitement de données et évaluer ses performances,ANANUM-29-11,Connaitre l’algorithme de décomposition PA=LU,0
concevoir-4.6,Choisir un modèle optimal d'un problème de traitement de données et évaluer ses performances,ANANUM-29-12,Retrouver le schema de résolution de Ax=b donné PA=LU,0
concevoir-4.6,Choisir un modèle optimal d'un problème de traitement de données et évaluer ses performances,ANANUM-29-13,Retrouver l’algorithme de décomposition A=LDL,0
concevoir-4.6,Choisir un modèle optimal d'un problème de traitement de données et évaluer ses performances,ANANUM-29-14,Retrouver l’algorithme de Cholesky,0
concevoir-4.6,Choisir un modèle optimal d'un problème de traitement de données et évaluer ses performances,ANANUM-29-16,Retrouver le schema de résolution des moindres carrés avec QR,0
concevoir-4.6,Choisir un modèle optimal d'un problème de traitement de données et évaluer ses performances,ANANUM-29-17,Retrouver l’algorithme de décomposition QR avec Householder,0
concevoir-4.6,Choisir un modèle optimal d'un problème de traitement de données et évaluer ses performances,ANANUM-29-18,Connaitre le principe des méthodes itératives,0
concevoir-4.6,Choisir un modèle optimal d'un problème de traitement de données et évaluer ses performances,ANANUM-29-19,Connaitre le principe de PageRank,0
concevoir-4.6,Choisir un modèle optimal d'un problème de traitement de données et évaluer ses performances,ANANUM-29-20,Calculer  une valeur propre en utilisant l’algorithme des puissances itérées,0
concevoir-4.6,Choisir un modèle optimal d'un problème de traitement de données et évaluer ses performances,ANANUM-29-21,Implémenter l’algorithme QR pour les valeurs propres,0
concevoir-4.6,Choisir un modèle optimal d'un problème de traitement de données et évaluer ses performances,ANANUM-29-22,Calculer les valeurs singulieres d’une matrice a partir des valeurs propres,0
concevoir-4.6,Choisir un modèle optimal d'un problème de traitement de données et évaluer ses performances,ANANUM-29-23,Implémenter l’algorithme de bidiagonisation pour le calcul de la SVD,0
concevoir-4.6,Choisir un modèle optimal d'un problème de traitement de données et évaluer ses performances,ANANUM-30-1,Estimer les valeurs propres avec les cercles de Gershgorin,0
concevoir-4.6,Choisir un modèle optimal d'un problème de traitement de données et évaluer ses performances,ANANUM-31-1,Appliquer les décompositions valeurs propres/singulières pour du débruitage d’images ( ??),0
concevoir-4.6,Choisir un modèle optimal d'un problème de traitement de données et évaluer ses performances,ANANUM-32-1,Exploiter les structures particulières de matrices,0
concevoir-4.6,Choisir un modèle optimal d'un problème de traitement de données et évaluer ses performances,ANANUM-32-2,Optimiser l’implémentation de la transformation de Gauss,0
concevoir-4.6,Choisir un modèle optimal d'un problème de traitement de données et évaluer ses performances,ANANUM-32-3,Optmisier l’approche QR pour les valeurs propres avec la forme tridiagonale,0
concevoir-4.6,Choisir un modèle optimal d'un problème de traitement de données et évaluer ses performances,ANANUM-49-1,Etre capable de coder en Python/numpy le produit matriciel,0
concevoir-4.6,Choisir un modèle optimal d'un problème de traitement de données et évaluer ses performances,ANANUM-49-2,Implémenter en Python/numpy l’algorithme de décomposition LU,0
concevoir-4.6,Choisir un modèle optimal d'un problème de traitement de données et évaluer ses performances,ANANUM-49-3,Implémenter en Python/numpy l’algorithme de décomposition PALU,0
concevoir-4.6,Choisir un modèle optimal d'un problème de traitement de données et évaluer ses performances,ANANUM-49-4,Implémenter LDL et Cholesky en python/numpy,0
concevoir-4.6,Choisir un modèle optimal d'un problème de traitement de données et évaluer ses performances,ANANUM-49-5,Implémenter efficacement en Python/numpy l’algorithme de décomposition QR,0
concevoir-4.6,Choisir un modèle optimal d'un problème de traitement de données et évaluer ses performances,ANANUM-49-6,Implémenter en Python/numpy un algorithme de méthode itérative,0
concevoir-4.6,Choisir un modèle optimal d'un problème de traitement de données et évaluer ses performances,ANANUM-49-7,Implémenter en python/numpy la décomposition valeurs propres/singulières,0
concevoir-4.6,Choisir un modèle optimal d'un problème de traitement de données et évaluer ses performances,,,0
developper-1.1,Implémenter efficacement un algorithme dans un langage de la programmation structurée,ANANUM-1-1,Retrouver les dimensions d’une matrice,0
developper-1.1,Implémenter efficacement un algorithme dans un langage de la programmation structurée,ANANUM-1-2,Identifier les différents type de matrice (structure et taille),0
developper-1.1,Implémenter efficacement un algorithme dans un langage de la programmation structurée,ANANUM-1-3,Identifier et connaître un problème des moindres carrés,0
developper-1.1,Implémenter efficacement un algorithme dans un langage de la programmation structurée,ANANUM-2-1,Retrouver le schema de résolution des moindres carrés avec la méthode du gradient,0
developper-1.1,Implémenter efficacement un algorithme dans un langage de la programmation structurée,ANANUM-3-1,Maitriser les opérations vectorielles (produit scalaire,0
developper-1.1,Implémenter efficacement un algorithme dans un langage de la programmation structurée,ANANUM-14-1,Etre capable de représenter un systèmes d’équation linéaire sous forme matricielle,0
developper-1.1,Implémenter efficacement un algorithme dans un langage de la programmation structurée,ANANUM-15-3,Connaitre les propriétés d’une matrice de Gauss,0
developper-1.1,Implémenter efficacement un algorithme dans un langage de la programmation structurée,ANANUM-15-4,Connaitre les propriétés d’une matrice de permutation,0
developper-1.1,Implémenter efficacement un algorithme dans un langage de la programmation structurée,ANANUM-15-5,Connaitre les propriétés d’une matrice définie positive,0
developper-1.1,Implémenter efficacement un algorithme dans un langage de la programmation structurée,ANANUM-15-6,Connaitre les propriétés d’une matrice orthogonale,0
developper-1.1,Implémenter efficacement un algorithme dans un langage de la programmation structurée,ANANUM-15-7,Connaitre les propriétés d’une matrice de Householder,0
developper-1.1,Implémenter efficacement un algorithme dans un langage de la programmation structurée,ANANUM-15-8,Connaitre les propriétés des normes matricielles et vectorielles,0
developper-1.1,Implémenter efficacement un algorithme dans un langage de la programmation structurée,ANANUM-15-9,Connaitre les propriétés de la décomposition valeurs propres,0
developper-1.1,Implémenter efficacement un algorithme dans un langage de la programmation structurée,ANANUM-15-10,Connaitre les propriétés de la décomposition valeurs singulières,0
developper-1.1,Implémenter efficacement un algorithme dans un langage de la programmation structurée,ANANUM-16-1,Connaitre les conditions d’applications de Cholesky et LDL,0
developper-1.1,Implémenter efficacement un algorithme dans un langage de la programmation structurée,ANANUM-16-2,Identifier les avantages/limites des méthodes décomposition,0
developper-1.1,Implémenter efficacement un algorithme dans un langage de la programmation structurée,ANANUM-16-3,Identifier les similitudes et différences entre Jacobi,0
developper-1.1,Implémenter efficacement un algorithme dans un langage de la programmation structurée,ANANUM-29-1,Etre capable d’implémenter un produit matriciel,0
developper-1.1,Implémenter efficacement un algorithme dans un langage de la programmation structurée,ANANUM-29-2,Etre capable d’implémenter un produit matriciel de différentes manières,0
developper-1.1,Implémenter efficacement un algorithme dans un langage de la programmation structurée,ANANUM-29-3,Connaitre les complexités des opérations vectorielles et matricielles,0
developper-1.1,Implémenter efficacement un algorithme dans un langage de la programmation structurée,ANANUM-29-4,Implémenter la résolution d’un systeme d’équation linéaire avec matrice diagonale,0
developper-1.1,Implémenter efficacement un algorithme dans un langage de la programmation structurée,ANANUM-29-5,Implémenter la résolution d’un systeme d’équation linéaire avec matrice triangulaire,0
developper-1.1,Implémenter efficacement un algorithme dans un langage de la programmation structurée,ANANUM-29-6,Retrouver l’algorithme de calcul de l’inverse d’une matrice triangulaire,0
developper-1.1,Implémenter efficacement un algorithme dans un langage de la programmation structurée,ANANUM-29-7,Retrouver les variantes (exterieur/recursive/trisup) de Cholesky,0
developper-1.1,Implémenter efficacement un algorithme dans un langage de la programmation structurée,ANANUM-29-8,Connaitre les complexités des la résolution de systeme d’équation triangulaires,0
developper-1.1,Implémenter efficacement un algorithme dans un langage de la programmation structurée,ANANUM-29-9,Retrouver le schema de résolution de Ax=b donné A=LU,0
developper-1.1,Implémenter efficacement un algorithme dans un langage de la programmation structurée,ANANUM-29-10,Calculer une matrice triangulaire supérieure en utilisant les matrices de Gauss,0
developper-1.1,Implémenter efficacement un algorithme dans un langage de la programmation structurée,ANANUM-29-11,Connaitre l’algorithme de décomposition PA=LU,0
developper-1.1,Implémenter efficacement un algorithme dans un langage de la programmation structurée,ANANUM-29-12,Retrouver le schema de résolution de Ax=b donné PA=LU,0
developper-1.1,Implémenter efficacement un algorithme dans un langage de la programmation structurée,ANANUM-29-13,Retrouver l’algorithme de décomposition A=LDL,0
developper-1.1,Implémenter efficacement un algorithme dans un langage de la programmation structurée,ANANUM-29-14,Retrouver l’algorithme de Cholesky,0
developper-1.1,Implémenter efficacement un algorithme dans un langage de la programmation structurée,ANANUM-29-16,Retrouver le schema de résolution des moindres carrés avec QR,0
developper-1.1,Implémenter efficacement un algorithme dans un langage de la programmation structurée,ANANUM-29-17,Retrouver l’algorithme de décomposition QR avec Householder,0
developper-1.1,Implémenter efficacement un algorithme dans un langage de la programmation structurée,ANANUM-29-18,Connaitre le principe des méthodes itératives,0
developper-1.1,Implémenter efficacement un algorithme dans un langage de la programmation structurée,ANANUM-29-19,Connaitre le principe de PageRank,0
developper-1.1,Implémenter efficacement un algorithme dans un langage de la programmation structurée,ANANUM-29-20,Calculer  une valeur propre en utilisant l’algorithme des puissances itérées,0
developper-1.1,Implémenter efficacement un algorithme dans un langage de la programmation structurée,ANANUM-29-21,Implémenter l’algorithme QR pour les valeurs propres,0
developper-1.1,Implémenter efficacement un algorithme dans un langage de la programmation structurée,ANANUM-29-22,Calculer les valeurs singulieres d’une matrice a partir des valeurs propres,0
developper-1.1,Implémenter efficacement un algorithme dans un langage de la programmation structurée,ANANUM-29-23,Implémenter l’algorithme de bidiagonisation pour le calcul de la SVD,0
developper-1.1,Implémenter efficacement un algorithme dans un langage de la programmation structurée,ANANUM-30-1,Estimer les valeurs propres avec les cercles de Gershgorin,0
developper-1.1,Implémenter efficacement un algorithme dans un langage de la programmation structurée,ANANUM-31-1,Appliquer les décompositions valeurs propres/singulières pour du débruitage d’images ( ??),0
developper-1.1,Implémenter efficacement un algorithme dans un langage de la programmation structurée,ANANUM-32-1,Exploiter les structures particulières de matrices,0
developper-1.1,Implémenter efficacement un algorithme dans un langage de la programmation structurée,ANANUM-32-2,Optimiser l’implémentation de la transformation de Gauss,0
developper-1.1,Implémenter efficacement un algorithme dans un langage de la programmation structurée,ANANUM-32-3,Optmisier l’approche QR pour les valeurs propres avec la forme tridiagonale,0
developper-1.1,Implémenter efficacement un algorithme dans un langage de la programmation structurée,ANANUM-49-1,Etre capable de coder en Python/numpy le produit matriciel,0
developper-1.1,Implémenter efficacement un algorithme dans un langage de la programmation structurée,ANANUM-49-2,Implémenter en Python/numpy l’algorithme de décomposition LU,0
developper-1.1,Implémenter efficacement un algorithme dans un langage de la programmation structurée,ANANUM-49-3,Implémenter en Python/numpy l’algorithme de décomposition PALU,0
developper-1.1,Implémenter efficacement un algorithme dans un langage de la programmation structurée,ANANUM-49-4,Implémenter LDL et Cholesky en python/numpy,0
developper-1.1,Implémenter efficacement un algorithme dans un langage de la programmation structurée,ANANUM-49-5,Implémenter efficacement en Python/numpy l’algorithme de décomposition QR,0
developper-1.1,Implémenter efficacement un algorithme dans un langage de la programmation structurée,ANANUM-49-6,Implémenter en Python/numpy un algorithme de méthode itérative,0
developper-1.1,Implémenter efficacement un algorithme dans un langage de la programmation structurée,ANANUM-49-7,Implémenter en python/numpy la décomposition valeurs propres/singulières,0
developper-1.1,Implémenter efficacement un algorithme dans un langage de la programmation structurée,,,0
developper-1.2,Utiliser un logiciel de suivi de version,ANANUM-1-1,Retrouver les dimensions d’une matrice,0
developper-1.2,Utiliser un logiciel de suivi de version,ANANUM-1-2,Identifier les différents type de matrice (structure et taille),0
developper-1.2,Utiliser un logiciel de suivi de version,ANANUM-1-3,Identifier et connaître un problème des moindres carrés,0
developper-1.2,Utiliser un logiciel de suivi de version,ANANUM-2-1,Retrouver le schema de résolution des moindres carrés avec la méthode du gradient,0
developper-1.2,Utiliser un logiciel de suivi de version,ANANUM-3-1,Maitriser les opérations vectorielles (produit scalaire,0
developper-1.2,Utiliser un logiciel de suivi de version,ANANUM-14-1,Etre capable de représenter un systèmes d’équation linéaire sous forme matricielle,0
developper-1.2,Utiliser un logiciel de suivi de version,ANANUM-15-3,Connaitre les propriétés d’une matrice de Gauss,0
developper-1.2,Utiliser un logiciel de suivi de version,ANANUM-15-4,Connaitre les propriétés d’une matrice de permutation,0
developper-1.2,Utiliser un logiciel de suivi de version,ANANUM-15-5,Connaitre les propriétés d’une matrice définie positive,0
developper-1.2,Utiliser un logiciel de suivi de version,ANANUM-15-6,Connaitre les propriétés d’une matrice orthogonale,0
developper-1.2,Utiliser un logiciel de suivi de version,ANANUM-15-7,Connaitre les propriétés d’une matrice de Householder,0
developper-1.2,Utiliser un logiciel de suivi de version,ANANUM-15-8,Connaitre les propriétés des normes matricielles et vectorielles,0
developper-1.2,Utiliser un logiciel de suivi de version,ANANUM-15-9,Connaitre les propriétés de la décomposition valeurs propres,0
developper-1.2,Utiliser un logiciel de suivi de version,ANANUM-15-10,Connaitre les propriétés de la décomposition valeurs singulières,0
developper-1.2,Utiliser un logiciel de suivi de version,ANANUM-16-1,Connaitre les conditions d’applications de Cholesky et LDL,0
developper-1.2,Utiliser un logiciel de suivi de version,ANANUM-16-2,Identifier les avantages/limites des méthodes décomposition,0
developper-1.2,Utiliser un logiciel de suivi de version,ANANUM-16-3,Identifier les similitudes et différences entre Jacobi,0
developper-1.2,Utiliser un logiciel de suivi de version,ANANUM-29-1,Etre capable d’implémenter un produit matriciel,0
developper-1.2,Utiliser un logiciel de suivi de version,ANANUM-29-2,Etre capable d’implémenter un produit matriciel de différentes manières,0
developper-1.2,Utiliser un logiciel de suivi de version,ANANUM-29-3,Connaitre les complexités des opérations vectorielles et matricielles,0
developper-1.2,Utiliser un logiciel de suivi de version,ANANUM-29-4,Implémenter la résolution d’un systeme d’équation linéaire avec matrice diagonale,0
developper-1.2,Utiliser un logiciel de suivi de version,ANANUM-29-5,Implémenter la résolution d’un systeme d’équation linéaire avec matrice triangulaire,0
developper-1.2,Utiliser un logiciel de suivi de version,ANANUM-29-6,Retrouver l’algorithme de calcul de l’inverse d’une matrice triangulaire,0
developper-1.2,Utiliser un logiciel de suivi de version,ANANUM-29-7,Retrouver les variantes (exterieur/recursive/trisup) de Cholesky,0
developper-1.2,Utiliser un logiciel de suivi de version,ANANUM-29-8,Connaitre les complexités des la résolution de systeme d’équation triangulaires,0
developper-1.2,Utiliser un logiciel de suivi de version,ANANUM-29-9,Retrouver le schema de résolution de Ax=b donné A=LU,0
developper-1.2,Utiliser un logiciel de suivi de version,ANANUM-29-10,Calculer une matrice triangulaire supérieure en utilisant les matrices de Gauss,0
developper-1.2,Utiliser un logiciel de suivi de version,ANANUM-29-11,Connaitre l’algorithme de décomposition PA=LU,0
developper-1.2,Utiliser un logiciel de suivi de version,ANANUM-29-12,Retrouver le schema de résolution de Ax=b donné PA=LU,0
developper-1.2,Utiliser un logiciel de suivi de version,ANANUM-29-13,Retrouver l’algorithme de décomposition A=LDL,0
developper-1.2,Utiliser un logiciel de suivi de version,ANANUM-29-14,Retrouver l’algorithme de Cholesky,0
developper-1.2,Utiliser un logiciel de suivi de version,ANANUM-29-16,Retrouver le schema de résolution des moindres carrés avec QR,0
developper-1.2,Utiliser un logiciel de suivi de version,ANANUM-29-17,Retrouver l’algorithme de décomposition QR avec Householder,0
developper-1.2,Utiliser un logiciel de suivi de version,ANANUM-29-18,Connaitre le principe des méthodes itératives,0
developper-1.2,Utiliser un logiciel de suivi de version,ANANUM-29-19,Connaitre le principe de PageRank,0
developper-1.2,Utiliser un logiciel de suivi de version,ANANUM-29-20,Calculer  une valeur propre en utilisant l’algorithme des puissances itérées,0
developper-1.2,Utiliser un logiciel de suivi de version,ANANUM-29-21,Implémenter l’algorithme QR pour les valeurs propres,0
developper-1.2,Utiliser un logiciel de suivi de version,ANANUM-29-22,Calculer les valeurs singulieres d’une matrice a partir des valeurs propres,0
developper-1.2,Utiliser un logiciel de suivi de version,ANANUM-29-23,Implémenter l’algorithme de bidiagonisation pour le calcul de la SVD,0
developper-1.2,Utiliser un logiciel de suivi de version,ANANUM-30-1,Estimer les valeurs propres avec les cercles de Gershgorin,0
developper-1.2,Utiliser un logiciel de suivi de version,ANANUM-31-1,Appliquer les décompositions valeurs propres/singulières pour du débruitage d’images ( ??),0
developper-1.2,Utiliser un logiciel de suivi de version,ANANUM-32-1,Exploiter les structures particulières de matrices,0
developper-1.2,Utiliser un logiciel de suivi de version,ANANUM-32-2,Optimiser l’implémentation de la transformation de Gauss,0
developper-1.2,Utiliser un logiciel de suivi de version,ANANUM-32-3,Optmisier l’approche QR pour les valeurs propres avec la forme tridiagonale,0
developper-1.2,Utiliser un logiciel de suivi de version,ANANUM-49-1,Etre capable de coder en Python/numpy le produit matriciel,1
developper-1.2,Utiliser un logiciel de suivi de version,ANANUM-49-2,Implémenter en Python/numpy l’algorithme de décomposition LU,1
developper-1.2,Utiliser un logiciel de suivi de version,ANANUM-49-3,Implémenter en Python/numpy l’algorithme de décomposition PALU,1
developper-1.2,Utiliser un logiciel de suivi de version,ANANUM-49-4,Implémenter LDL et Cholesky en python/numpy,1
developper-1.2,Utiliser un logiciel de suivi de version,ANANUM-49-5,Implémenter efficacement en Python/numpy l’algorithme de décomposition QR,1
developper-1.2,Utiliser un logiciel de suivi de version,ANANUM-49-6,Implémenter en Python/numpy un algorithme de méthode itérative,1
developper-1.2,Utiliser un logiciel de suivi de version,ANANUM-49-7,Implémenter en python/numpy la décomposition valeurs propres/singulières,1
developper-1.2,Utiliser un logiciel de suivi de version,,,0
developper-1.3,Caractériser le matériel et le système au regard des besoins,ANANUM-1-1,Retrouver les dimensions d’une matrice,0
developper-1.3,Caractériser le matériel et le système au regard des besoins,ANANUM-1-2,Identifier les différents type de matrice (structure et taille),0
developper-1.3,Caractériser le matériel et le système au regard des besoins,ANANUM-1-3,Identifier et connaître un problème des moindres carrés,0
developper-1.3,Caractériser le matériel et le système au regard des besoins,ANANUM-2-1,Retrouver le schema de résolution des moindres carrés avec la méthode du gradient,0
developper-1.3,Caractériser le matériel et le système au regard des besoins,ANANUM-3-1,Maitriser les opérations vectorielles (produit scalaire,0
developper-1.3,Caractériser le matériel et le système au regard des besoins,ANANUM-14-1,Etre capable de représenter un systèmes d’équation linéaire sous forme matricielle,0
developper-1.3,Caractériser le matériel et le système au regard des besoins,ANANUM-15-3,Connaitre les propriétés d’une matrice de Gauss,0
developper-1.3,Caractériser le matériel et le système au regard des besoins,ANANUM-15-4,Connaitre les propriétés d’une matrice de permutation,0
developper-1.3,Caractériser le matériel et le système au regard des besoins,ANANUM-15-5,Connaitre les propriétés d’une matrice définie positive,0
developper-1.3,Caractériser le matériel et le système au regard des besoins,ANANUM-15-6,Connaitre les propriétés d’une matrice orthogonale,0
developper-1.3,Caractériser le matériel et le système au regard des besoins,ANANUM-15-7,Connaitre les propriétés d’une matrice de Householder,0
developper-1.3,Caractériser le matériel et le système au regard des besoins,ANANUM-15-8,Connaitre les propriétés des normes matricielles et vectorielles,0
developper-1.3,Caractériser le matériel et le système au regard des besoins,ANANUM-15-9,Connaitre les propriétés de la décomposition valeurs propres,0
developper-1.3,Caractériser le matériel et le système au regard des besoins,ANANUM-15-10,Connaitre les propriétés de la décomposition valeurs singulières,0
developper-1.3,Caractériser le matériel et le système au regard des besoins,ANANUM-16-1,Connaitre les conditions d’applications de Cholesky et LDL,0
developper-1.3,Caractériser le matériel et le système au regard des besoins,ANANUM-16-2,Identifier les avantages/limites des méthodes décomposition,0
developper-1.3,Caractériser le matériel et le système au regard des besoins,ANANUM-16-3,Identifier les similitudes et différences entre Jacobi,0
developper-1.3,Caractériser le matériel et le système au regard des besoins,ANANUM-29-1,Etre capable d’implémenter un produit matriciel,0
developper-1.3,Caractériser le matériel et le système au regard des besoins,ANANUM-29-2,Etre capable d’implémenter un produit matriciel de différentes manières,0
developper-1.3,Caractériser le matériel et le système au regard des besoins,ANANUM-29-3,Connaitre les complexités des opérations vectorielles et matricielles,0
developper-1.3,Caractériser le matériel et le système au regard des besoins,ANANUM-29-4,Implémenter la résolution d’un systeme d’équation linéaire avec matrice diagonale,0
developper-1.3,Caractériser le matériel et le système au regard des besoins,ANANUM-29-5,Implémenter la résolution d’un systeme d’équation linéaire avec matrice triangulaire,0
developper-1.3,Caractériser le matériel et le système au regard des besoins,ANANUM-29-6,Retrouver l’algorithme de calcul de l’inverse d’une matrice triangulaire,0
developper-1.3,Caractériser le matériel et le système au regard des besoins,ANANUM-29-7,Retrouver les variantes (exterieur/recursive/trisup) de Cholesky,0
developper-1.3,Caractériser le matériel et le système au regard des besoins,ANANUM-29-8,Connaitre les complexités des la résolution de systeme d’équation triangulaires,0
developper-1.3,Caractériser le matériel et le système au regard des besoins,ANANUM-29-9,Retrouver le schema de résolution de Ax=b donné A=LU,0
developper-1.3,Caractériser le matériel et le système au regard des besoins,ANANUM-29-10,Calculer une matrice triangulaire supérieure en utilisant les matrices de Gauss,0
developper-1.3,Caractériser le matériel et le système au regard des besoins,ANANUM-29-11,Connaitre l’algorithme de décomposition PA=LU,0
developper-1.3,Caractériser le matériel et le système au regard des besoins,ANANUM-29-12,Retrouver le schema de résolution de Ax=b donné PA=LU,0
developper-1.3,Caractériser le matériel et le système au regard des besoins,ANANUM-29-13,Retrouver l’algorithme de décomposition A=LDL,0
developper-1.3,Caractériser le matériel et le système au regard des besoins,ANANUM-29-14,Retrouver l’algorithme de Cholesky,0
developper-1.3,Caractériser le matériel et le système au regard des besoins,ANANUM-29-16,Retrouver le schema de résolution des moindres carrés avec QR,0
developper-1.3,Caractériser le matériel et le système au regard des besoins,ANANUM-29-17,Retrouver l’algorithme de décomposition QR avec Householder,0
developper-1.3,Caractériser le matériel et le système au regard des besoins,ANANUM-29-18,Connaitre le principe des méthodes itératives,0
developper-1.3,Caractériser le matériel et le système au regard des besoins,ANANUM-29-19,Connaitre le principe de PageRank,0
developper-1.3,Caractériser le matériel et le système au regard des besoins,ANANUM-29-20,Calculer  une valeur propre en utilisant l’algorithme des puissances itérées,0
developper-1.3,Caractériser le matériel et le système au regard des besoins,ANANUM-29-21,Implémenter l’algorithme QR pour les valeurs propres,0
developper-1.3,Caractériser le matériel et le système au regard des besoins,ANANUM-29-22,Calculer les valeurs singulieres d’une matrice a partir des valeurs propres,0
developper-1.3,Caractériser le matériel et le système au regard des besoins,ANANUM-29-23,Implémenter l’algorithme de bidiagonisation pour le calcul de la SVD,0
developper-1.3,Caractériser le matériel et le système au regard des besoins,ANANUM-30-1,Estimer les valeurs propres avec les cercles de Gershgorin,0
developper-1.3,Caractériser le matériel et le système au regard des besoins,ANANUM-31-1,Appliquer les décompositions valeurs propres/singulières pour du débruitage d’images ( ??),0
developper-1.3,Caractériser le matériel et le système au regard des besoins,ANANUM-32-1,Exploiter les structures particulières de matrices,0
developper-1.3,Caractériser le matériel et le système au regard des besoins,ANANUM-32-2,Optimiser l’implémentation de la transformation de Gauss,0
developper-1.3,Caractériser le matériel et le système au regard des besoins,ANANUM-32-3,Optmisier l’approche QR pour les valeurs propres avec la forme tridiagonale,0
developper-1.3,Caractériser le matériel et le système au regard des besoins,ANANUM-49-1,Etre capable de coder en Python/numpy le produit matriciel,0
developper-1.3,Caractériser le matériel et le système au regard des besoins,ANANUM-49-2,Implémenter en Python/numpy l’algorithme de décomposition LU,0
developper-1.3,Caractériser le matériel et le système au regard des besoins,ANANUM-49-3,Implémenter en Python/numpy l’algorithme de décomposition PALU,0
developper-1.3,Caractériser le matériel et le système au regard des besoins,ANANUM-49-4,Implémenter LDL et Cholesky en python/numpy,0
developper-1.3,Caractériser le matériel et le système au regard des besoins,ANANUM-49-5,Implémenter efficacement en Python/numpy l’algorithme de décomposition QR,0
developper-1.3,Caractériser le matériel et le système au regard des besoins,ANANUM-49-6,Implémenter en Python/numpy un algorithme de méthode itérative,0
developper-1.3,Caractériser le matériel et le système au regard des besoins,ANANUM-49-7,Implémenter en python/numpy la décomposition valeurs propres/singulières,0
developper-1.3,Caractériser le matériel et le système au regard des besoins,,,0
developper-2.1,Implémenter dans un langage de la programmation orientée objet à partir de diagrammes UML,ANANUM-1-1,Retrouver les dimensions d’une matrice,0
developper-2.1,Implémenter dans un langage de la programmation orientée objet à partir de diagrammes UML,ANANUM-1-2,Identifier les différents type de matrice (structure et taille),0
developper-2.1,Implémenter dans un langage de la programmation orientée objet à partir de diagrammes UML,ANANUM-1-3,Identifier et connaître un problème des moindres carrés,0
developper-2.1,Implémenter dans un langage de la programmation orientée objet à partir de diagrammes UML,ANANUM-2-1,Retrouver le schema de résolution des moindres carrés avec la méthode du gradient,0
developper-2.1,Implémenter dans un langage de la programmation orientée objet à partir de diagrammes UML,ANANUM-3-1,Maitriser les opérations vectorielles (produit scalaire,0
developper-2.1,Implémenter dans un langage de la programmation orientée objet à partir de diagrammes UML,ANANUM-14-1,Etre capable de représenter un systèmes d’équation linéaire sous forme matricielle,0
developper-2.1,Implémenter dans un langage de la programmation orientée objet à partir de diagrammes UML,ANANUM-15-3,Connaitre les propriétés d’une matrice de Gauss,0
developper-2.1,Implémenter dans un langage de la programmation orientée objet à partir de diagrammes UML,ANANUM-15-4,Connaitre les propriétés d’une matrice de permutation,0
developper-2.1,Implémenter dans un langage de la programmation orientée objet à partir de diagrammes UML,ANANUM-15-5,Connaitre les propriétés d’une matrice définie positive,0
developper-2.1,Implémenter dans un langage de la programmation orientée objet à partir de diagrammes UML,ANANUM-15-6,Connaitre les propriétés d’une matrice orthogonale,0
developper-2.1,Implémenter dans un langage de la programmation orientée objet à partir de diagrammes UML,ANANUM-15-7,Connaitre les propriétés d’une matrice de Householder,0
developper-2.1,Implémenter dans un langage de la programmation orientée objet à partir de diagrammes UML,ANANUM-15-8,Connaitre les propriétés des normes matricielles et vectorielles,0
developper-2.1,Implémenter dans un langage de la programmation orientée objet à partir de diagrammes UML,ANANUM-15-9,Connaitre les propriétés de la décomposition valeurs propres,0
developper-2.1,Implémenter dans un langage de la programmation orientée objet à partir de diagrammes UML,ANANUM-15-10,Connaitre les propriétés de la décomposition valeurs singulières,0
developper-2.1,Implémenter dans un langage de la programmation orientée objet à partir de diagrammes UML,ANANUM-16-1,Connaitre les conditions d’applications de Cholesky et LDL,0
developper-2.1,Implémenter dans un langage de la programmation orientée objet à partir de diagrammes UML,ANANUM-16-2,Identifier les avantages/limites des méthodes décomposition,0
developper-2.1,Implémenter dans un langage de la programmation orientée objet à partir de diagrammes UML,ANANUM-16-3,Identifier les similitudes et différences entre Jacobi,0
developper-2.1,Implémenter dans un langage de la programmation orientée objet à partir de diagrammes UML,ANANUM-29-1,Etre capable d’implémenter un produit matriciel,0
developper-2.1,Implémenter dans un langage de la programmation orientée objet à partir de diagrammes UML,ANANUM-29-2,Etre capable d’implémenter un produit matriciel de différentes manières,0
developper-2.1,Implémenter dans un langage de la programmation orientée objet à partir de diagrammes UML,ANANUM-29-3,Connaitre les complexités des opérations vectorielles et matricielles,0
developper-2.1,Implémenter dans un langage de la programmation orientée objet à partir de diagrammes UML,ANANUM-29-4,Implémenter la résolution d’un systeme d’équation linéaire avec matrice diagonale,0
developper-2.1,Implémenter dans un langage de la programmation orientée objet à partir de diagrammes UML,ANANUM-29-5,Implémenter la résolution d’un systeme d’équation linéaire avec matrice triangulaire,0
developper-2.1,Implémenter dans un langage de la programmation orientée objet à partir de diagrammes UML,ANANUM-29-6,Retrouver l’algorithme de calcul de l’inverse d’une matrice triangulaire,0
developper-2.1,Implémenter dans un langage de la programmation orientée objet à partir de diagrammes UML,ANANUM-29-7,Retrouver les variantes (exterieur/recursive/trisup) de Cholesky,0
developper-2.1,Implémenter dans un langage de la programmation orientée objet à partir de diagrammes UML,ANANUM-29-8,Connaitre les complexités des la résolution de systeme d’équation triangulaires,0
developper-2.1,Implémenter dans un langage de la programmation orientée objet à partir de diagrammes UML,ANANUM-29-9,Retrouver le schema de résolution de Ax=b donné A=LU,0
developper-2.1,Implémenter dans un langage de la programmation orientée objet à partir de diagrammes UML,ANANUM-29-10,Calculer une matrice triangulaire supérieure en utilisant les matrices de Gauss,0
developper-2.1,Implémenter dans un langage de la programmation orientée objet à partir de diagrammes UML,ANANUM-29-11,Connaitre l’algorithme de décomposition PA=LU,0
developper-2.1,Implémenter dans un langage de la programmation orientée objet à partir de diagrammes UML,ANANUM-29-12,Retrouver le schema de résolution de Ax=b donné PA=LU,0
developper-2.1,Implémenter dans un langage de la programmation orientée objet à partir de diagrammes UML,ANANUM-29-13,Retrouver l’algorithme de décomposition A=LDL,0
developper-2.1,Implémenter dans un langage de la programmation orientée objet à partir de diagrammes UML,ANANUM-29-14,Retrouver l’algorithme de Cholesky,0
developper-2.1,Implémenter dans un langage de la programmation orientée objet à partir de diagrammes UML,ANANUM-29-16,Retrouver le schema de résolution des moindres carrés avec QR,0
developper-2.1,Implémenter dans un langage de la programmation orientée objet à partir de diagrammes UML,ANANUM-29-17,Retrouver l’algorithme de décomposition QR avec Householder,0
developper-2.1,Implémenter dans un langage de la programmation orientée objet à partir de diagrammes UML,ANANUM-29-18,Connaitre le principe des méthodes itératives,0
developper-2.1,Implémenter dans un langage de la programmation orientée objet à partir de diagrammes UML,ANANUM-29-19,Connaitre le principe de PageRank,0
developper-2.1,Implémenter dans un langage de la programmation orientée objet à partir de diagrammes UML,ANANUM-29-20,Calculer  une valeur propre en utilisant l’algorithme des puissances itérées,0
developper-2.1,Implémenter dans un langage de la programmation orientée objet à partir de diagrammes UML,ANANUM-29-21,Implémenter l’algorithme QR pour les valeurs propres,0
developper-2.1,Implémenter dans un langage de la programmation orientée objet à partir de diagrammes UML,ANANUM-29-22,Calculer les valeurs singulieres d’une matrice a partir des valeurs propres,0
developper-2.1,Implémenter dans un langage de la programmation orientée objet à partir de diagrammes UML,ANANUM-29-23,Implémenter l’algorithme de bidiagonisation pour le calcul de la SVD,0
developper-2.1,Implémenter dans un langage de la programmation orientée objet à partir de diagrammes UML,ANANUM-30-1,Estimer les valeurs propres avec les cercles de Gershgorin,0
developper-2.1,Implémenter dans un langage de la programmation orientée objet à partir de diagrammes UML,ANANUM-31-1,Appliquer les décompositions valeurs propres/singulières pour du débruitage d’images ( ??),0
developper-2.1,Implémenter dans un langage de la programmation orientée objet à partir de diagrammes UML,ANANUM-32-1,Exploiter les structures particulières de matrices,0
developper-2.1,Implémenter dans un langage de la programmation orientée objet à partir de diagrammes UML,ANANUM-32-2,Optimiser l’implémentation de la transformation de Gauss,0
developper-2.1,Implémenter dans un langage de la programmation orientée objet à partir de diagrammes UML,ANANUM-32-3,Optmisier l’approche QR pour les valeurs propres avec la forme tridiagonale,0
developper-2.1,Implémenter dans un langage de la programmation orientée objet à partir de diagrammes UML,ANANUM-49-1,Etre capable de coder en Python/numpy le produit matriciel,0
developper-2.1,Implémenter dans un langage de la programmation orientée objet à partir de diagrammes UML,ANANUM-49-2,Implémenter en Python/numpy l’algorithme de décomposition LU,0
developper-2.1,Implémenter dans un langage de la programmation orientée objet à partir de diagrammes UML,ANANUM-49-3,Implémenter en Python/numpy l’algorithme de décomposition PALU,0
developper-2.1,Implémenter dans un langage de la programmation orientée objet à partir de diagrammes UML,ANANUM-49-4,Implémenter LDL et Cholesky en python/numpy,0
developper-2.1,Implémenter dans un langage de la programmation orientée objet à partir de diagrammes UML,ANANUM-49-5,Implémenter efficacement en Python/numpy l’algorithme de décomposition QR,0
developper-2.1,Implémenter dans un langage de la programmation orientée objet à partir de diagrammes UML,ANANUM-49-6,Implémenter en Python/numpy un algorithme de méthode itérative,0
developper-2.1,Implémenter dans un langage de la programmation orientée objet à partir de diagrammes UML,ANANUM-49-7,Implémenter en python/numpy la décomposition valeurs propres/singulières,0
developper-2.1,Implémenter dans un langage de la programmation orientée objet à partir de diagrammes UML,,,0
developper-2.2,Exploiter une documentation,ANANUM-1-1,Retrouver les dimensions d’une matrice,0
developper-2.2,Exploiter une documentation,ANANUM-1-2,Identifier les différents type de matrice (structure et taille),0
developper-2.2,Exploiter une documentation,ANANUM-1-3,Identifier et connaître un problème des moindres carrés,0
developper-2.2,Exploiter une documentation,ANANUM-2-1,Retrouver le schema de résolution des moindres carrés avec la méthode du gradient,0
developper-2.2,Exploiter une documentation,ANANUM-3-1,Maitriser les opérations vectorielles (produit scalaire,0
developper-2.2,Exploiter une documentation,ANANUM-14-1,Etre capable de représenter un systèmes d’équation linéaire sous forme matricielle,0
developper-2.2,Exploiter une documentation,ANANUM-15-3,Connaitre les propriétés d’une matrice de Gauss,0
developper-2.2,Exploiter une documentation,ANANUM-15-4,Connaitre les propriétés d’une matrice de permutation,0
developper-2.2,Exploiter une documentation,ANANUM-15-5,Connaitre les propriétés d’une matrice définie positive,0
developper-2.2,Exploiter une documentation,ANANUM-15-6,Connaitre les propriétés d’une matrice orthogonale,0
developper-2.2,Exploiter une documentation,ANANUM-15-7,Connaitre les propriétés d’une matrice de Householder,0
developper-2.2,Exploiter une documentation,ANANUM-15-8,Connaitre les propriétés des normes matricielles et vectorielles,0
developper-2.2,Exploiter une documentation,ANANUM-15-9,Connaitre les propriétés de la décomposition valeurs propres,0
developper-2.2,Exploiter une documentation,ANANUM-15-10,Connaitre les propriétés de la décomposition valeurs singulières,0
developper-2.2,Exploiter une documentation,ANANUM-16-1,Connaitre les conditions d’applications de Cholesky et LDL,0
developper-2.2,Exploiter une documentation,ANANUM-16-2,Identifier les avantages/limites des méthodes décomposition,0
developper-2.2,Exploiter une documentation,ANANUM-16-3,Identifier les similitudes et différences entre Jacobi,0
developper-2.2,Exploiter une documentation,ANANUM-29-1,Etre capable d’implémenter un produit matriciel,0
developper-2.2,Exploiter une documentation,ANANUM-29-2,Etre capable d’implémenter un produit matriciel de différentes manières,0
developper-2.2,Exploiter une documentation,ANANUM-29-3,Connaitre les complexités des opérations vectorielles et matricielles,0
developper-2.2,Exploiter une documentation,ANANUM-29-4,Implémenter la résolution d’un systeme d’équation linéaire avec matrice diagonale,0
developper-2.2,Exploiter une documentation,ANANUM-29-5,Implémenter la résolution d’un systeme d’équation linéaire avec matrice triangulaire,0
developper-2.2,Exploiter une documentation,ANANUM-29-6,Retrouver l’algorithme de calcul de l’inverse d’une matrice triangulaire,0
developper-2.2,Exploiter une documentation,ANANUM-29-7,Retrouver les variantes (exterieur/recursive/trisup) de Cholesky,0
developper-2.2,Exploiter une documentation,ANANUM-29-8,Connaitre les complexités des la résolution de systeme d’équation triangulaires,0
developper-2.2,Exploiter une documentation,ANANUM-29-9,Retrouver le schema de résolution de Ax=b donné A=LU,0
developper-2.2,Exploiter une documentation,ANANUM-29-10,Calculer une matrice triangulaire supérieure en utilisant les matrices de Gauss,0
developper-2.2,Exploiter une documentation,ANANUM-29-11,Connaitre l’algorithme de décomposition PA=LU,0
developper-2.2,Exploiter une documentation,ANANUM-29-12,Retrouver le schema de résolution de Ax=b donné PA=LU,0
developper-2.2,Exploiter une documentation,ANANUM-29-13,Retrouver l’algorithme de décomposition A=LDL,0
developper-2.2,Exploiter une documentation,ANANUM-29-14,Retrouver l’algorithme de Cholesky,0
developper-2.2,Exploiter une documentation,ANANUM-29-16,Retrouver le schema de résolution des moindres carrés avec QR,0
developper-2.2,Exploiter une documentation,ANANUM-29-17,Retrouver l’algorithme de décomposition QR avec Householder,0
developper-2.2,Exploiter une documentation,ANANUM-29-18,Connaitre le principe des méthodes itératives,0
developper-2.2,Exploiter une documentation,ANANUM-29-19,Connaitre le principe de PageRank,0
developper-2.2,Exploiter une documentation,ANANUM-29-20,Calculer  une valeur propre en utilisant l’algorithme des puissances itérées,0
developper-2.2,Exploiter une documentation,ANANUM-29-21,Implémenter l’algorithme QR pour les valeurs propres,0
developper-2.2,Exploiter une documentation,ANANUM-29-22,Calculer les valeurs singulieres d’une matrice a partir des valeurs propres,0
developper-2.2,Exploiter une documentation,ANANUM-29-23,Implémenter l’algorithme de bidiagonisation pour le calcul de la SVD,0
developper-2.2,Exploiter une documentation,ANANUM-30-1,Estimer les valeurs propres avec les cercles de Gershgorin,0
developper-2.2,Exploiter une documentation,ANANUM-31-1,Appliquer les décompositions valeurs propres/singulières pour du débruitage d’images ( ??),0
developper-2.2,Exploiter une documentation,ANANUM-32-1,Exploiter les structures particulières de matrices,0
developper-2.2,Exploiter une documentation,ANANUM-32-2,Optimiser l’implémentation de la transformation de Gauss,0
developper-2.2,Exploiter une documentation,ANANUM-32-3,Optmisier l’approche QR pour les valeurs propres avec la forme tridiagonale,0
developper-2.2,Exploiter une documentation,ANANUM-49-1,Etre capable de coder en Python/numpy le produit matriciel,0
developper-2.2,Exploiter une documentation,ANANUM-49-2,Implémenter en Python/numpy l’algorithme de décomposition LU,0
developper-2.2,Exploiter une documentation,ANANUM-49-3,Implémenter en Python/numpy l’algorithme de décomposition PALU,0
developper-2.2,Exploiter une documentation,ANANUM-49-4,Implémenter LDL et Cholesky en python/numpy,0
developper-2.2,Exploiter une documentation,ANANUM-49-5,Implémenter efficacement en Python/numpy l’algorithme de décomposition QR,0
developper-2.2,Exploiter une documentation,ANANUM-49-6,Implémenter en Python/numpy un algorithme de méthode itérative,0
developper-2.2,Exploiter une documentation,ANANUM-49-7,Implémenter en python/numpy la décomposition valeurs propres/singulières,0
developper-2.2,Exploiter une documentation,,,0
developper-3.1,Caractériser et représenter l’information,ANANUM-1-1,Retrouver les dimensions d’une matrice,0
developper-3.1,Caractériser et représenter l’information,ANANUM-1-2,Identifier les différents type de matrice (structure et taille),0
developper-3.1,Caractériser et représenter l’information,ANANUM-1-3,Identifier et connaître un problème des moindres carrés,0
developper-3.1,Caractériser et représenter l’information,ANANUM-2-1,Retrouver le schema de résolution des moindres carrés avec la méthode du gradient,0
developper-3.1,Caractériser et représenter l’information,ANANUM-3-1,Maitriser les opérations vectorielles (produit scalaire,0
developper-3.1,Caractériser et représenter l’information,ANANUM-14-1,Etre capable de représenter un systèmes d’équation linéaire sous forme matricielle,0
developper-3.1,Caractériser et représenter l’information,ANANUM-15-3,Connaitre les propriétés d’une matrice de Gauss,0
developper-3.1,Caractériser et représenter l’information,ANANUM-15-4,Connaitre les propriétés d’une matrice de permutation,0
developper-3.1,Caractériser et représenter l’information,ANANUM-15-5,Connaitre les propriétés d’une matrice définie positive,0
developper-3.1,Caractériser et représenter l’information,ANANUM-15-6,Connaitre les propriétés d’une matrice orthogonale,0
developper-3.1,Caractériser et représenter l’information,ANANUM-15-7,Connaitre les propriétés d’une matrice de Householder,0
developper-3.1,Caractériser et représenter l’information,ANANUM-15-8,Connaitre les propriétés des normes matricielles et vectorielles,0
developper-3.1,Caractériser et représenter l’information,ANANUM-15-9,Connaitre les propriétés de la décomposition valeurs propres,0
developper-3.1,Caractériser et représenter l’information,ANANUM-15-10,Connaitre les propriétés de la décomposition valeurs singulières,0
developper-3.1,Caractériser et représenter l’information,ANANUM-16-1,Connaitre les conditions d’applications de Cholesky et LDL,0
developper-3.1,Caractériser et représenter l’information,ANANUM-16-2,Identifier les avantages/limites des méthodes décomposition,0
developper-3.1,Caractériser et représenter l’information,ANANUM-16-3,Identifier les similitudes et différences entre Jacobi,0
developper-3.1,Caractériser et représenter l’information,ANANUM-29-1,Etre capable d’implémenter un produit matriciel,0
developper-3.1,Caractériser et représenter l’information,ANANUM-29-2,Etre capable d’implémenter un produit matriciel de différentes manières,0
developper-3.1,Caractériser et représenter l’information,ANANUM-29-3,Connaitre les complexités des opérations vectorielles et matricielles,0
developper-3.1,Caractériser et représenter l’information,ANANUM-29-4,Implémenter la résolution d’un systeme d’équation linéaire avec matrice diagonale,0
developper-3.1,Caractériser et représenter l’information,ANANUM-29-5,Implémenter la résolution d’un systeme d’équation linéaire avec matrice triangulaire,0
developper-3.1,Caractériser et représenter l’information,ANANUM-29-6,Retrouver l’algorithme de calcul de l’inverse d’une matrice triangulaire,0
developper-3.1,Caractériser et représenter l’information,ANANUM-29-7,Retrouver les variantes (exterieur/recursive/trisup) de Cholesky,0
developper-3.1,Caractériser et représenter l’information,ANANUM-29-8,Connaitre les complexités des la résolution de systeme d’équation triangulaires,0
developper-3.1,Caractériser et représenter l’information,ANANUM-29-9,Retrouver le schema de résolution de Ax=b donné A=LU,0
developper-3.1,Caractériser et représenter l’information,ANANUM-29-10,Calculer une matrice triangulaire supérieure en utilisant les matrices de Gauss,0
developper-3.1,Caractériser et représenter l’information,ANANUM-29-11,Connaitre l’algorithme de décomposition PA=LU,0
developper-3.1,Caractériser et représenter l’information,ANANUM-29-12,Retrouver le schema de résolution de Ax=b donné PA=LU,0
developper-3.1,Caractériser et représenter l’information,ANANUM-29-13,Retrouver l’algorithme de décomposition A=LDL,0
developper-3.1,Caractériser et représenter l’information,ANANUM-29-14,Retrouver l’algorithme de Cholesky,0
developper-3.1,Caractériser et représenter l’information,ANANUM-29-16,Retrouver le schema de résolution des moindres carrés avec QR,0
developper-3.1,Caractériser et représenter l’information,ANANUM-29-17,Retrouver l’algorithme de décomposition QR avec Householder,0
developper-3.1,Caractériser et représenter l’information,ANANUM-29-18,Connaitre le principe des méthodes itératives,0
developper-3.1,Caractériser et représenter l’information,ANANUM-29-19,Connaitre le principe de PageRank,0
developper-3.1,Caractériser et représenter l’information,ANANUM-29-20,Calculer  une valeur propre en utilisant l’algorithme des puissances itérées,0
developper-3.1,Caractériser et représenter l’information,ANANUM-29-21,Implémenter l’algorithme QR pour les valeurs propres,0
developper-3.1,Caractériser et représenter l’information,ANANUM-29-22,Calculer les valeurs singulieres d’une matrice a partir des valeurs propres,0
developper-3.1,Caractériser et représenter l’information,ANANUM-29-23,Implémenter l’algorithme de bidiagonisation pour le calcul de la SVD,0
developper-3.1,Caractériser et représenter l’information,ANANUM-30-1,Estimer les valeurs propres avec les cercles de Gershgorin,0
developper-3.1,Caractériser et représenter l’information,ANANUM-31-1,Appliquer les décompositions valeurs propres/singulières pour du débruitage d’images ( ??),0
developper-3.1,Caractériser et représenter l’information,ANANUM-32-1,Exploiter les structures particulières de matrices,0
developper-3.1,Caractériser et représenter l’information,ANANUM-32-2,Optimiser l’implémentation de la transformation de Gauss,0
developper-3.1,Caractériser et représenter l’information,ANANUM-32-3,Optmisier l’approche QR pour les valeurs propres avec la forme tridiagonale,0
developper-3.1,Caractériser et représenter l’information,ANANUM-49-1,Etre capable de coder en Python/numpy le produit matriciel,0
developper-3.1,Caractériser et représenter l’information,ANANUM-49-2,Implémenter en Python/numpy l’algorithme de décomposition LU,0
developper-3.1,Caractériser et représenter l’information,ANANUM-49-3,Implémenter en Python/numpy l’algorithme de décomposition PALU,0
developper-3.1,Caractériser et représenter l’information,ANANUM-49-4,Implémenter LDL et Cholesky en python/numpy,0
developper-3.1,Caractériser et représenter l’information,ANANUM-49-5,Implémenter efficacement en Python/numpy l’algorithme de décomposition QR,0
developper-3.1,Caractériser et représenter l’information,ANANUM-49-6,Implémenter en Python/numpy un algorithme de méthode itérative,0
developper-3.1,Caractériser et représenter l’information,ANANUM-49-7,Implémenter en python/numpy la décomposition valeurs propres/singulières,0
developper-3.1,Caractériser et représenter l’information,,,0
developper-3.2,Optimiser et sécuriser l’échange de données,ANANUM-1-1,Retrouver les dimensions d’une matrice,0
developper-3.2,Optimiser et sécuriser l’échange de données,ANANUM-1-2,Identifier les différents type de matrice (structure et taille),0
developper-3.2,Optimiser et sécuriser l’échange de données,ANANUM-1-3,Identifier et connaître un problème des moindres carrés,0
developper-3.2,Optimiser et sécuriser l’échange de données,ANANUM-2-1,Retrouver le schema de résolution des moindres carrés avec la méthode du gradient,0
developper-3.2,Optimiser et sécuriser l’échange de données,ANANUM-3-1,Maitriser les opérations vectorielles (produit scalaire,0
developper-3.2,Optimiser et sécuriser l’échange de données,ANANUM-14-1,Etre capable de représenter un systèmes d’équation linéaire sous forme matricielle,0
developper-3.2,Optimiser et sécuriser l’échange de données,ANANUM-15-3,Connaitre les propriétés d’une matrice de Gauss,0
developper-3.2,Optimiser et sécuriser l’échange de données,ANANUM-15-4,Connaitre les propriétés d’une matrice de permutation,0
developper-3.2,Optimiser et sécuriser l’échange de données,ANANUM-15-5,Connaitre les propriétés d’une matrice définie positive,0
developper-3.2,Optimiser et sécuriser l’échange de données,ANANUM-15-6,Connaitre les propriétés d’une matrice orthogonale,0
developper-3.2,Optimiser et sécuriser l’échange de données,ANANUM-15-7,Connaitre les propriétés d’une matrice de Householder,0
developper-3.2,Optimiser et sécuriser l’échange de données,ANANUM-15-8,Connaitre les propriétés des normes matricielles et vectorielles,0
developper-3.2,Optimiser et sécuriser l’échange de données,ANANUM-15-9,Connaitre les propriétés de la décomposition valeurs propres,0
developper-3.2,Optimiser et sécuriser l’échange de données,ANANUM-15-10,Connaitre les propriétés de la décomposition valeurs singulières,0
developper-3.2,Optimiser et sécuriser l’échange de données,ANANUM-16-1,Connaitre les conditions d’applications de Cholesky et LDL,0
developper-3.2,Optimiser et sécuriser l’échange de données,ANANUM-16-2,Identifier les avantages/limites des méthodes décomposition,0
developper-3.2,Optimiser et sécuriser l’échange de données,ANANUM-16-3,Identifier les similitudes et différences entre Jacobi,0
developper-3.2,Optimiser et sécuriser l’échange de données,ANANUM-29-1,Etre capable d’implémenter un produit matriciel,0
developper-3.2,Optimiser et sécuriser l’échange de données,ANANUM-29-2,Etre capable d’implémenter un produit matriciel de différentes manières,0
developper-3.2,Optimiser et sécuriser l’échange de données,ANANUM-29-3,Connaitre les complexités des opérations vectorielles et matricielles,0
developper-3.2,Optimiser et sécuriser l’échange de données,ANANUM-29-4,Implémenter la résolution d’un systeme d’équation linéaire avec matrice diagonale,0
developper-3.2,Optimiser et sécuriser l’échange de données,ANANUM-29-5,Implémenter la résolution d’un systeme d’équation linéaire avec matrice triangulaire,0
developper-3.2,Optimiser et sécuriser l’échange de données,ANANUM-29-6,Retrouver l’algorithme de calcul de l’inverse d’une matrice triangulaire,0
developper-3.2,Optimiser et sécuriser l’échange de données,ANANUM-29-7,Retrouver les variantes (exterieur/recursive/trisup) de Cholesky,0
developper-3.2,Optimiser et sécuriser l’échange de données,ANANUM-29-8,Connaitre les complexités des la résolution de systeme d’équation triangulaires,0
developper-3.2,Optimiser et sécuriser l’échange de données,ANANUM-29-9,Retrouver le schema de résolution de Ax=b donné A=LU,0
developper-3.2,Optimiser et sécuriser l’échange de données,ANANUM-29-10,Calculer une matrice triangulaire supérieure en utilisant les matrices de Gauss,0
developper-3.2,Optimiser et sécuriser l’échange de données,ANANUM-29-11,Connaitre l’algorithme de décomposition PA=LU,0
developper-3.2,Optimiser et sécuriser l’échange de données,ANANUM-29-12,Retrouver le schema de résolution de Ax=b donné PA=LU,0
developper-3.2,Optimiser et sécuriser l’échange de données,ANANUM-29-13,Retrouver l’algorithme de décomposition A=LDL,0
developper-3.2,Optimiser et sécuriser l’échange de données,ANANUM-29-14,Retrouver l’algorithme de Cholesky,0
developper-3.2,Optimiser et sécuriser l’échange de données,ANANUM-29-16,Retrouver le schema de résolution des moindres carrés avec QR,0
developper-3.2,Optimiser et sécuriser l’échange de données,ANANUM-29-17,Retrouver l’algorithme de décomposition QR avec Householder,0
developper-3.2,Optimiser et sécuriser l’échange de données,ANANUM-29-18,Connaitre le principe des méthodes itératives,0
developper-3.2,Optimiser et sécuriser l’échange de données,ANANUM-29-19,Connaitre le principe de PageRank,0
developper-3.2,Optimiser et sécuriser l’échange de données,ANANUM-29-20,Calculer  une valeur propre en utilisant l’algorithme des puissances itérées,0
developper-3.2,Optimiser et sécuriser l’échange de données,ANANUM-29-21,Implémenter l’algorithme QR pour les valeurs propres,0
developper-3.2,Optimiser et sécuriser l’échange de données,ANANUM-29-22,Calculer les valeurs singulieres d’une matrice a partir des valeurs propres,0
developper-3.2,Optimiser et sécuriser l’échange de données,ANANUM-29-23,Implémenter l’algorithme de bidiagonisation pour le calcul de la SVD,0
developper-3.2,Optimiser et sécuriser l’échange de données,ANANUM-30-1,Estimer les valeurs propres avec les cercles de Gershgorin,0
developper-3.2,Optimiser et sécuriser l’échange de données,ANANUM-31-1,Appliquer les décompositions valeurs propres/singulières pour du débruitage d’images ( ??),0
developper-3.2,Optimiser et sécuriser l’échange de données,ANANUM-32-1,Exploiter les structures particulières de matrices,0
developper-3.2,Optimiser et sécuriser l’échange de données,ANANUM-32-2,Optimiser l’implémentation de la transformation de Gauss,0
developper-3.2,Optimiser et sécuriser l’échange de données,ANANUM-32-3,Optmisier l’approche QR pour les valeurs propres avec la forme tridiagonale,0
developper-3.2,Optimiser et sécuriser l’échange de données,ANANUM-49-1,Etre capable de coder en Python/numpy le produit matriciel,0
developper-3.2,Optimiser et sécuriser l’échange de données,ANANUM-49-2,Implémenter en Python/numpy l’algorithme de décomposition LU,0
developper-3.2,Optimiser et sécuriser l’échange de données,ANANUM-49-3,Implémenter en Python/numpy l’algorithme de décomposition PALU,0
developper-3.2,Optimiser et sécuriser l’échange de données,ANANUM-49-4,Implémenter LDL et Cholesky en python/numpy,0
developper-3.2,Optimiser et sécuriser l’échange de données,ANANUM-49-5,Implémenter efficacement en Python/numpy l’algorithme de décomposition QR,0
developper-3.2,Optimiser et sécuriser l’échange de données,ANANUM-49-6,Implémenter en Python/numpy un algorithme de méthode itérative,0
developper-3.2,Optimiser et sécuriser l’échange de données,ANANUM-49-7,Implémenter en python/numpy la décomposition valeurs propres/singulières,0
developper-3.2,Optimiser et sécuriser l’échange de données,,,0
developper-3.3,Utiliser et paramétrer des frameworks adaptés,ANANUM-1-1,Retrouver les dimensions d’une matrice,0
developper-3.3,Utiliser et paramétrer des frameworks adaptés,ANANUM-1-2,Identifier les différents type de matrice (structure et taille),0
developper-3.3,Utiliser et paramétrer des frameworks adaptés,ANANUM-1-3,Identifier et connaître un problème des moindres carrés,0
developper-3.3,Utiliser et paramétrer des frameworks adaptés,ANANUM-2-1,Retrouver le schema de résolution des moindres carrés avec la méthode du gradient,0
developper-3.3,Utiliser et paramétrer des frameworks adaptés,ANANUM-3-1,Maitriser les opérations vectorielles (produit scalaire,0
developper-3.3,Utiliser et paramétrer des frameworks adaptés,ANANUM-14-1,Etre capable de représenter un systèmes d’équation linéaire sous forme matricielle,0
developper-3.3,Utiliser et paramétrer des frameworks adaptés,ANANUM-15-3,Connaitre les propriétés d’une matrice de Gauss,0
developper-3.3,Utiliser et paramétrer des frameworks adaptés,ANANUM-15-4,Connaitre les propriétés d’une matrice de permutation,0
developper-3.3,Utiliser et paramétrer des frameworks adaptés,ANANUM-15-5,Connaitre les propriétés d’une matrice définie positive,0
developper-3.3,Utiliser et paramétrer des frameworks adaptés,ANANUM-15-6,Connaitre les propriétés d’une matrice orthogonale,0
developper-3.3,Utiliser et paramétrer des frameworks adaptés,ANANUM-15-7,Connaitre les propriétés d’une matrice de Householder,0
developper-3.3,Utiliser et paramétrer des frameworks adaptés,ANANUM-15-8,Connaitre les propriétés des normes matricielles et vectorielles,0
developper-3.3,Utiliser et paramétrer des frameworks adaptés,ANANUM-15-9,Connaitre les propriétés de la décomposition valeurs propres,0
developper-3.3,Utiliser et paramétrer des frameworks adaptés,ANANUM-15-10,Connaitre les propriétés de la décomposition valeurs singulières,0
developper-3.3,Utiliser et paramétrer des frameworks adaptés,ANANUM-16-1,Connaitre les conditions d’applications de Cholesky et LDL,0
developper-3.3,Utiliser et paramétrer des frameworks adaptés,ANANUM-16-2,Identifier les avantages/limites des méthodes décomposition,0
developper-3.3,Utiliser et paramétrer des frameworks adaptés,ANANUM-16-3,Identifier les similitudes et différences entre Jacobi,0
developper-3.3,Utiliser et paramétrer des frameworks adaptés,ANANUM-29-1,Etre capable d’implémenter un produit matriciel,0
developper-3.3,Utiliser et paramétrer des frameworks adaptés,ANANUM-29-2,Etre capable d’implémenter un produit matriciel de différentes manières,0
developper-3.3,Utiliser et paramétrer des frameworks adaptés,ANANUM-29-3,Connaitre les complexités des opérations vectorielles et matricielles,0
developper-3.3,Utiliser et paramétrer des frameworks adaptés,ANANUM-29-4,Implémenter la résolution d’un systeme d’équation linéaire avec matrice diagonale,0
developper-3.3,Utiliser et paramétrer des frameworks adaptés,ANANUM-29-5,Implémenter la résolution d’un systeme d’équation linéaire avec matrice triangulaire,0
developper-3.3,Utiliser et paramétrer des frameworks adaptés,ANANUM-29-6,Retrouver l’algorithme de calcul de l’inverse d’une matrice triangulaire,0
developper-3.3,Utiliser et paramétrer des frameworks adaptés,ANANUM-29-7,Retrouver les variantes (exterieur/recursive/trisup) de Cholesky,0
developper-3.3,Utiliser et paramétrer des frameworks adaptés,ANANUM-29-8,Connaitre les complexités des la résolution de systeme d’équation triangulaires,0
developper-3.3,Utiliser et paramétrer des frameworks adaptés,ANANUM-29-9,Retrouver le schema de résolution de Ax=b donné A=LU,0
developper-3.3,Utiliser et paramétrer des frameworks adaptés,ANANUM-29-10,Calculer une matrice triangulaire supérieure en utilisant les matrices de Gauss,0
developper-3.3,Utiliser et paramétrer des frameworks adaptés,ANANUM-29-11,Connaitre l’algorithme de décomposition PA=LU,0
developper-3.3,Utiliser et paramétrer des frameworks adaptés,ANANUM-29-12,Retrouver le schema de résolution de Ax=b donné PA=LU,0
developper-3.3,Utiliser et paramétrer des frameworks adaptés,ANANUM-29-13,Retrouver l’algorithme de décomposition A=LDL,0
developper-3.3,Utiliser et paramétrer des frameworks adaptés,ANANUM-29-14,Retrouver l’algorithme de Cholesky,0
developper-3.3,Utiliser et paramétrer des frameworks adaptés,ANANUM-29-16,Retrouver le schema de résolution des moindres carrés avec QR,0
developper-3.3,Utiliser et paramétrer des frameworks adaptés,ANANUM-29-17,Retrouver l’algorithme de décomposition QR avec Householder,0
developper-3.3,Utiliser et paramétrer des frameworks adaptés,ANANUM-29-18,Connaitre le principe des méthodes itératives,0
developper-3.3,Utiliser et paramétrer des frameworks adaptés,ANANUM-29-19,Connaitre le principe de PageRank,0
developper-3.3,Utiliser et paramétrer des frameworks adaptés,ANANUM-29-20,Calculer  une valeur propre en utilisant l’algorithme des puissances itérées,0
developper-3.3,Utiliser et paramétrer des frameworks adaptés,ANANUM-29-21,Implémenter l’algorithme QR pour les valeurs propres,0
developper-3.3,Utiliser et paramétrer des frameworks adaptés,ANANUM-29-22,Calculer les valeurs singulieres d’une matrice a partir des valeurs propres,0
developper-3.3,Utiliser et paramétrer des frameworks adaptés,ANANUM-29-23,Implémenter l’algorithme de bidiagonisation pour le calcul de la SVD,0
developper-3.3,Utiliser et paramétrer des frameworks adaptés,ANANUM-30-1,Estimer les valeurs propres avec les cercles de Gershgorin,0
developper-3.3,Utiliser et paramétrer des frameworks adaptés,ANANUM-31-1,Appliquer les décompositions valeurs propres/singulières pour du débruitage d’images ( ??),0
developper-3.3,Utiliser et paramétrer des frameworks adaptés,ANANUM-32-1,Exploiter les structures particulières de matrices,0
developper-3.3,Utiliser et paramétrer des frameworks adaptés,ANANUM-32-2,Optimiser l’implémentation de la transformation de Gauss,0
developper-3.3,Utiliser et paramétrer des frameworks adaptés,ANANUM-32-3,Optmisier l’approche QR pour les valeurs propres avec la forme tridiagonale,0
developper-3.3,Utiliser et paramétrer des frameworks adaptés,ANANUM-49-1,Etre capable de coder en Python/numpy le produit matriciel,0
developper-3.3,Utiliser et paramétrer des frameworks adaptés,ANANUM-49-2,Implémenter en Python/numpy l’algorithme de décomposition LU,0
developper-3.3,Utiliser et paramétrer des frameworks adaptés,ANANUM-49-3,Implémenter en Python/numpy l’algorithme de décomposition PALU,0
developper-3.3,Utiliser et paramétrer des frameworks adaptés,ANANUM-49-4,Implémenter LDL et Cholesky en python/numpy,0
developper-3.3,Utiliser et paramétrer des frameworks adaptés,ANANUM-49-5,Implémenter efficacement en Python/numpy l’algorithme de décomposition QR,0
developper-3.3,Utiliser et paramétrer des frameworks adaptés,ANANUM-49-6,Implémenter en Python/numpy un algorithme de méthode itérative,0
developper-3.3,Utiliser et paramétrer des frameworks adaptés,ANANUM-49-7,Implémenter en python/numpy la décomposition valeurs propres/singulières,0
developper-3.3,Utiliser et paramétrer des frameworks adaptés,,,0
developper-4.1,Automatiser les tâches de validation et de déploiement,ANANUM-1-1,Retrouver les dimensions d’une matrice,0
developper-4.1,Automatiser les tâches de validation et de déploiement,ANANUM-1-2,Identifier les différents type de matrice (structure et taille),0
developper-4.1,Automatiser les tâches de validation et de déploiement,ANANUM-1-3,Identifier et connaître un problème des moindres carrés,0
developper-4.1,Automatiser les tâches de validation et de déploiement,ANANUM-2-1,Retrouver le schema de résolution des moindres carrés avec la méthode du gradient,0
developper-4.1,Automatiser les tâches de validation et de déploiement,ANANUM-3-1,Maitriser les opérations vectorielles (produit scalaire,0
developper-4.1,Automatiser les tâches de validation et de déploiement,ANANUM-14-1,Etre capable de représenter un systèmes d’équation linéaire sous forme matricielle,0
developper-4.1,Automatiser les tâches de validation et de déploiement,ANANUM-15-3,Connaitre les propriétés d’une matrice de Gauss,0
developper-4.1,Automatiser les tâches de validation et de déploiement,ANANUM-15-4,Connaitre les propriétés d’une matrice de permutation,0
developper-4.1,Automatiser les tâches de validation et de déploiement,ANANUM-15-5,Connaitre les propriétés d’une matrice définie positive,0
developper-4.1,Automatiser les tâches de validation et de déploiement,ANANUM-15-6,Connaitre les propriétés d’une matrice orthogonale,0
developper-4.1,Automatiser les tâches de validation et de déploiement,ANANUM-15-7,Connaitre les propriétés d’une matrice de Householder,0
developper-4.1,Automatiser les tâches de validation et de déploiement,ANANUM-15-8,Connaitre les propriétés des normes matricielles et vectorielles,0
developper-4.1,Automatiser les tâches de validation et de déploiement,ANANUM-15-9,Connaitre les propriétés de la décomposition valeurs propres,0
developper-4.1,Automatiser les tâches de validation et de déploiement,ANANUM-15-10,Connaitre les propriétés de la décomposition valeurs singulières,0
developper-4.1,Automatiser les tâches de validation et de déploiement,ANANUM-16-1,Connaitre les conditions d’applications de Cholesky et LDL,0
developper-4.1,Automatiser les tâches de validation et de déploiement,ANANUM-16-2,Identifier les avantages/limites des méthodes décomposition,0
developper-4.1,Automatiser les tâches de validation et de déploiement,ANANUM-16-3,Identifier les similitudes et différences entre Jacobi,0
developper-4.1,Automatiser les tâches de validation et de déploiement,ANANUM-29-1,Etre capable d’implémenter un produit matriciel,0
developper-4.1,Automatiser les tâches de validation et de déploiement,ANANUM-29-2,Etre capable d’implémenter un produit matriciel de différentes manières,0
developper-4.1,Automatiser les tâches de validation et de déploiement,ANANUM-29-3,Connaitre les complexités des opérations vectorielles et matricielles,0
developper-4.1,Automatiser les tâches de validation et de déploiement,ANANUM-29-4,Implémenter la résolution d’un systeme d’équation linéaire avec matrice diagonale,0
developper-4.1,Automatiser les tâches de validation et de déploiement,ANANUM-29-5,Implémenter la résolution d’un systeme d’équation linéaire avec matrice triangulaire,0
developper-4.1,Automatiser les tâches de validation et de déploiement,ANANUM-29-6,Retrouver l’algorithme de calcul de l’inverse d’une matrice triangulaire,0
developper-4.1,Automatiser les tâches de validation et de déploiement,ANANUM-29-7,Retrouver les variantes (exterieur/recursive/trisup) de Cholesky,0
developper-4.1,Automatiser les tâches de validation et de déploiement,ANANUM-29-8,Connaitre les complexités des la résolution de systeme d’équation triangulaires,0
developper-4.1,Automatiser les tâches de validation et de déploiement,ANANUM-29-9,Retrouver le schema de résolution de Ax=b donné A=LU,0
developper-4.1,Automatiser les tâches de validation et de déploiement,ANANUM-29-10,Calculer une matrice triangulaire supérieure en utilisant les matrices de Gauss,0
developper-4.1,Automatiser les tâches de validation et de déploiement,ANANUM-29-11,Connaitre l’algorithme de décomposition PA=LU,0
developper-4.1,Automatiser les tâches de validation et de déploiement,ANANUM-29-12,Retrouver le schema de résolution de Ax=b donné PA=LU,0
developper-4.1,Automatiser les tâches de validation et de déploiement,ANANUM-29-13,Retrouver l’algorithme de décomposition A=LDL,0
developper-4.1,Automatiser les tâches de validation et de déploiement,ANANUM-29-14,Retrouver l’algorithme de Cholesky,0
developper-4.1,Automatiser les tâches de validation et de déploiement,ANANUM-29-16,Retrouver le schema de résolution des moindres carrés avec QR,0
developper-4.1,Automatiser les tâches de validation et de déploiement,ANANUM-29-17,Retrouver l’algorithme de décomposition QR avec Householder,0
developper-4.1,Automatiser les tâches de validation et de déploiement,ANANUM-29-18,Connaitre le principe des méthodes itératives,0
developper-4.1,Automatiser les tâches de validation et de déploiement,ANANUM-29-19,Connaitre le principe de PageRank,0
developper-4.1,Automatiser les tâches de validation et de déploiement,ANANUM-29-20,Calculer  une valeur propre en utilisant l’algorithme des puissances itérées,0
developper-4.1,Automatiser les tâches de validation et de déploiement,ANANUM-29-21,Implémenter l’algorithme QR pour les valeurs propres,0
developper-4.1,Automatiser les tâches de validation et de déploiement,ANANUM-29-22,Calculer les valeurs singulieres d’une matrice a partir des valeurs propres,0
developper-4.1,Automatiser les tâches de validation et de déploiement,ANANUM-29-23,Implémenter l’algorithme de bidiagonisation pour le calcul de la SVD,0
developper-4.1,Automatiser les tâches de validation et de déploiement,ANANUM-30-1,Estimer les valeurs propres avec les cercles de Gershgorin,0
developper-4.1,Automatiser les tâches de validation et de déploiement,ANANUM-31-1,Appliquer les décompositions valeurs propres/singulières pour du débruitage d’images ( ??),0
developper-4.1,Automatiser les tâches de validation et de déploiement,ANANUM-32-1,Exploiter les structures particulières de matrices,0
developper-4.1,Automatiser les tâches de validation et de déploiement,ANANUM-32-2,Optimiser l’implémentation de la transformation de Gauss,0
developper-4.1,Automatiser les tâches de validation et de déploiement,ANANUM-32-3,Optmisier l’approche QR pour les valeurs propres avec la forme tridiagonale,0
developper-4.1,Automatiser les tâches de validation et de déploiement,ANANUM-49-1,Etre capable de coder en Python/numpy le produit matriciel,0
developper-4.1,Automatiser les tâches de validation et de déploiement,ANANUM-49-2,Implémenter en Python/numpy l’algorithme de décomposition LU,0
developper-4.1,Automatiser les tâches de validation et de déploiement,ANANUM-49-3,Implémenter en Python/numpy l’algorithme de décomposition PALU,0
developper-4.1,Automatiser les tâches de validation et de déploiement,ANANUM-49-4,Implémenter LDL et Cholesky en python/numpy,0
developper-4.1,Automatiser les tâches de validation et de déploiement,ANANUM-49-5,Implémenter efficacement en Python/numpy l’algorithme de décomposition QR,0
developper-4.1,Automatiser les tâches de validation et de déploiement,ANANUM-49-6,Implémenter en Python/numpy un algorithme de méthode itérative,0
developper-4.1,Automatiser les tâches de validation et de déploiement,ANANUM-49-7,Implémenter en python/numpy la décomposition valeurs propres/singulières,0
developper-4.1,Automatiser les tâches de validation et de déploiement,,,0
developper-4.2,Mettre en œuvre l’architecture matérielle et logicielle,ANANUM-1-1,Retrouver les dimensions d’une matrice,0
developper-4.2,Mettre en œuvre l’architecture matérielle et logicielle,ANANUM-1-2,Identifier les différents type de matrice (structure et taille),0
developper-4.2,Mettre en œuvre l’architecture matérielle et logicielle,ANANUM-1-3,Identifier et connaître un problème des moindres carrés,0
developper-4.2,Mettre en œuvre l’architecture matérielle et logicielle,ANANUM-2-1,Retrouver le schema de résolution des moindres carrés avec la méthode du gradient,0
developper-4.2,Mettre en œuvre l’architecture matérielle et logicielle,ANANUM-3-1,Maitriser les opérations vectorielles (produit scalaire,0
developper-4.2,Mettre en œuvre l’architecture matérielle et logicielle,ANANUM-14-1,Etre capable de représenter un systèmes d’équation linéaire sous forme matricielle,0
developper-4.2,Mettre en œuvre l’architecture matérielle et logicielle,ANANUM-15-3,Connaitre les propriétés d’une matrice de Gauss,0
developper-4.2,Mettre en œuvre l’architecture matérielle et logicielle,ANANUM-15-4,Connaitre les propriétés d’une matrice de permutation,0
developper-4.2,Mettre en œuvre l’architecture matérielle et logicielle,ANANUM-15-5,Connaitre les propriétés d’une matrice définie positive,0
developper-4.2,Mettre en œuvre l’architecture matérielle et logicielle,ANANUM-15-6,Connaitre les propriétés d’une matrice orthogonale,0
developper-4.2,Mettre en œuvre l’architecture matérielle et logicielle,ANANUM-15-7,Connaitre les propriétés d’une matrice de Householder,0
developper-4.2,Mettre en œuvre l’architecture matérielle et logicielle,ANANUM-15-8,Connaitre les propriétés des normes matricielles et vectorielles,0
developper-4.2,Mettre en œuvre l’architecture matérielle et logicielle,ANANUM-15-9,Connaitre les propriétés de la décomposition valeurs propres,0
developper-4.2,Mettre en œuvre l’architecture matérielle et logicielle,ANANUM-15-10,Connaitre les propriétés de la décomposition valeurs singulières,0
developper-4.2,Mettre en œuvre l’architecture matérielle et logicielle,ANANUM-16-1,Connaitre les conditions d’applications de Cholesky et LDL,0
developper-4.2,Mettre en œuvre l’architecture matérielle et logicielle,ANANUM-16-2,Identifier les avantages/limites des méthodes décomposition,0
developper-4.2,Mettre en œuvre l’architecture matérielle et logicielle,ANANUM-16-3,Identifier les similitudes et différences entre Jacobi,0
developper-4.2,Mettre en œuvre l’architecture matérielle et logicielle,ANANUM-29-1,Etre capable d’implémenter un produit matriciel,0
developper-4.2,Mettre en œuvre l’architecture matérielle et logicielle,ANANUM-29-2,Etre capable d’implémenter un produit matriciel de différentes manières,0
developper-4.2,Mettre en œuvre l’architecture matérielle et logicielle,ANANUM-29-3,Connaitre les complexités des opérations vectorielles et matricielles,0
developper-4.2,Mettre en œuvre l’architecture matérielle et logicielle,ANANUM-29-4,Implémenter la résolution d’un systeme d’équation linéaire avec matrice diagonale,0
developper-4.2,Mettre en œuvre l’architecture matérielle et logicielle,ANANUM-29-5,Implémenter la résolution d’un systeme d’équation linéaire avec matrice triangulaire,0
developper-4.2,Mettre en œuvre l’architecture matérielle et logicielle,ANANUM-29-6,Retrouver l’algorithme de calcul de l’inverse d’une matrice triangulaire,0
developper-4.2,Mettre en œuvre l’architecture matérielle et logicielle,ANANUM-29-7,Retrouver les variantes (exterieur/recursive/trisup) de Cholesky,0
developper-4.2,Mettre en œuvre l’architecture matérielle et logicielle,ANANUM-29-8,Connaitre les complexités des la résolution de systeme d’équation triangulaires,0
developper-4.2,Mettre en œuvre l’architecture matérielle et logicielle,ANANUM-29-9,Retrouver le schema de résolution de Ax=b donné A=LU,0
developper-4.2,Mettre en œuvre l’architecture matérielle et logicielle,ANANUM-29-10,Calculer une matrice triangulaire supérieure en utilisant les matrices de Gauss,0
developper-4.2,Mettre en œuvre l’architecture matérielle et logicielle,ANANUM-29-11,Connaitre l’algorithme de décomposition PA=LU,0
developper-4.2,Mettre en œuvre l’architecture matérielle et logicielle,ANANUM-29-12,Retrouver le schema de résolution de Ax=b donné PA=LU,0
developper-4.2,Mettre en œuvre l’architecture matérielle et logicielle,ANANUM-29-13,Retrouver l’algorithme de décomposition A=LDL,0
developper-4.2,Mettre en œuvre l’architecture matérielle et logicielle,ANANUM-29-14,Retrouver l’algorithme de Cholesky,0
developper-4.2,Mettre en œuvre l’architecture matérielle et logicielle,ANANUM-29-16,Retrouver le schema de résolution des moindres carrés avec QR,0
developper-4.2,Mettre en œuvre l’architecture matérielle et logicielle,ANANUM-29-17,Retrouver l’algorithme de décomposition QR avec Householder,0
developper-4.2,Mettre en œuvre l’architecture matérielle et logicielle,ANANUM-29-18,Connaitre le principe des méthodes itératives,0
developper-4.2,Mettre en œuvre l’architecture matérielle et logicielle,ANANUM-29-19,Connaitre le principe de PageRank,0
developper-4.2,Mettre en œuvre l’architecture matérielle et logicielle,ANANUM-29-20,Calculer  une valeur propre en utilisant l’algorithme des puissances itérées,0
developper-4.2,Mettre en œuvre l’architecture matérielle et logicielle,ANANUM-29-21,Implémenter l’algorithme QR pour les valeurs propres,0
developper-4.2,Mettre en œuvre l’architecture matérielle et logicielle,ANANUM-29-22,Calculer les valeurs singulieres d’une matrice a partir des valeurs propres,0
developper-4.2,Mettre en œuvre l’architecture matérielle et logicielle,ANANUM-29-23,Implémenter l’algorithme de bidiagonisation pour le calcul de la SVD,0
developper-4.2,Mettre en œuvre l’architecture matérielle et logicielle,ANANUM-30-1,Estimer les valeurs propres avec les cercles de Gershgorin,0
developper-4.2,Mettre en œuvre l’architecture matérielle et logicielle,ANANUM-31-1,Appliquer les décompositions valeurs propres/singulières pour du débruitage d’images ( ??),0
developper-4.2,Mettre en œuvre l’architecture matérielle et logicielle,ANANUM-32-1,Exploiter les structures particulières de matrices,0
developper-4.2,Mettre en œuvre l’architecture matérielle et logicielle,ANANUM-32-2,Optimiser l’implémentation de la transformation de Gauss,0
developper-4.2,Mettre en œuvre l’architecture matérielle et logicielle,ANANUM-32-3,Optmisier l’approche QR pour les valeurs propres avec la forme tridiagonale,0
developper-4.2,Mettre en œuvre l’architecture matérielle et logicielle,ANANUM-49-1,Etre capable de coder en Python/numpy le produit matriciel,0
developper-4.2,Mettre en œuvre l’architecture matérielle et logicielle,ANANUM-49-2,Implémenter en Python/numpy l’algorithme de décomposition LU,0
developper-4.2,Mettre en œuvre l’architecture matérielle et logicielle,ANANUM-49-3,Implémenter en Python/numpy l’algorithme de décomposition PALU,0
developper-4.2,Mettre en œuvre l’architecture matérielle et logicielle,ANANUM-49-4,Implémenter LDL et Cholesky en python/numpy,0
developper-4.2,Mettre en œuvre l’architecture matérielle et logicielle,ANANUM-49-5,Implémenter efficacement en Python/numpy l’algorithme de décomposition QR,0
developper-4.2,Mettre en œuvre l’architecture matérielle et logicielle,ANANUM-49-6,Implémenter en Python/numpy un algorithme de méthode itérative,0
developper-4.2,Mettre en œuvre l’architecture matérielle et logicielle,ANANUM-49-7,Implémenter en python/numpy la décomposition valeurs propres/singulières,0
developper-4.2,Mettre en œuvre l’architecture matérielle et logicielle,,,0
gerer-1.1,Utiliser une forge pour la gestion des tickets,ANANUM-1-1,Retrouver les dimensions d’une matrice,0
gerer-1.1,Utiliser une forge pour la gestion des tickets,ANANUM-1-2,Identifier les différents type de matrice (structure et taille),0
gerer-1.1,Utiliser une forge pour la gestion des tickets,ANANUM-1-3,Identifier et connaître un problème des moindres carrés,0
gerer-1.1,Utiliser une forge pour la gestion des tickets,ANANUM-2-1,Retrouver le schema de résolution des moindres carrés avec la méthode du gradient,0
gerer-1.1,Utiliser une forge pour la gestion des tickets,ANANUM-3-1,Maitriser les opérations vectorielles (produit scalaire,0
gerer-1.1,Utiliser une forge pour la gestion des tickets,ANANUM-14-1,Etre capable de représenter un systèmes d’équation linéaire sous forme matricielle,0
gerer-1.1,Utiliser une forge pour la gestion des tickets,ANANUM-15-3,Connaitre les propriétés d’une matrice de Gauss,0
gerer-1.1,Utiliser une forge pour la gestion des tickets,ANANUM-15-4,Connaitre les propriétés d’une matrice de permutation,0
gerer-1.1,Utiliser une forge pour la gestion des tickets,ANANUM-15-5,Connaitre les propriétés d’une matrice définie positive,0
gerer-1.1,Utiliser une forge pour la gestion des tickets,ANANUM-15-6,Connaitre les propriétés d’une matrice orthogonale,0
gerer-1.1,Utiliser une forge pour la gestion des tickets,ANANUM-15-7,Connaitre les propriétés d’une matrice de Householder,0
gerer-1.1,Utiliser une forge pour la gestion des tickets,ANANUM-15-8,Connaitre les propriétés des normes matricielles et vectorielles,0
gerer-1.1,Utiliser une forge pour la gestion des tickets,ANANUM-15-9,Connaitre les propriétés de la décomposition valeurs propres,0
gerer-1.1,Utiliser une forge pour la gestion des tickets,ANANUM-15-10,Connaitre les propriétés de la décomposition valeurs singulières,0
gerer-1.1,Utiliser une forge pour la gestion des tickets,ANANUM-16-1,Connaitre les conditions d’applications de Cholesky et LDL,0
gerer-1.1,Utiliser une forge pour la gestion des tickets,ANANUM-16-2,Identifier les avantages/limites des méthodes décomposition,0
gerer-1.1,Utiliser une forge pour la gestion des tickets,ANANUM-16-3,Identifier les similitudes et différences entre Jacobi,0
gerer-1.1,Utiliser une forge pour la gestion des tickets,ANANUM-29-1,Etre capable d’implémenter un produit matriciel,0
gerer-1.1,Utiliser une forge pour la gestion des tickets,ANANUM-29-2,Etre capable d’implémenter un produit matriciel de différentes manières,0
gerer-1.1,Utiliser une forge pour la gestion des tickets,ANANUM-29-3,Connaitre les complexités des opérations vectorielles et matricielles,0
gerer-1.1,Utiliser une forge pour la gestion des tickets,ANANUM-29-4,Implémenter la résolution d’un systeme d’équation linéaire avec matrice diagonale,0
gerer-1.1,Utiliser une forge pour la gestion des tickets,ANANUM-29-5,Implémenter la résolution d’un systeme d’équation linéaire avec matrice triangulaire,0
gerer-1.1,Utiliser une forge pour la gestion des tickets,ANANUM-29-6,Retrouver l’algorithme de calcul de l’inverse d’une matrice triangulaire,0
gerer-1.1,Utiliser une forge pour la gestion des tickets,ANANUM-29-7,Retrouver les variantes (exterieur/recursive/trisup) de Cholesky,0
gerer-1.1,Utiliser une forge pour la gestion des tickets,ANANUM-29-8,Connaitre les complexités des la résolution de systeme d’équation triangulaires,0
gerer-1.1,Utiliser une forge pour la gestion des tickets,ANANUM-29-9,Retrouver le schema de résolution de Ax=b donné A=LU,0
gerer-1.1,Utiliser une forge pour la gestion des tickets,ANANUM-29-10,Calculer une matrice triangulaire supérieure en utilisant les matrices de Gauss,0
gerer-1.1,Utiliser une forge pour la gestion des tickets,ANANUM-29-11,Connaitre l’algorithme de décomposition PA=LU,0
gerer-1.1,Utiliser une forge pour la gestion des tickets,ANANUM-29-12,Retrouver le schema de résolution de Ax=b donné PA=LU,0
gerer-1.1,Utiliser une forge pour la gestion des tickets,ANANUM-29-13,Retrouver l’algorithme de décomposition A=LDL,0
gerer-1.1,Utiliser une forge pour la gestion des tickets,ANANUM-29-14,Retrouver l’algorithme de Cholesky,0
gerer-1.1,Utiliser une forge pour la gestion des tickets,ANANUM-29-16,Retrouver le schema de résolution des moindres carrés avec QR,0
gerer-1.1,Utiliser une forge pour la gestion des tickets,ANANUM-29-17,Retrouver l’algorithme de décomposition QR avec Householder,0
gerer-1.1,Utiliser une forge pour la gestion des tickets,ANANUM-29-18,Connaitre le principe des méthodes itératives,0
gerer-1.1,Utiliser une forge pour la gestion des tickets,ANANUM-29-19,Connaitre le principe de PageRank,0
gerer-1.1,Utiliser une forge pour la gestion des tickets,ANANUM-29-20,Calculer  une valeur propre en utilisant l’algorithme des puissances itérées,0
gerer-1.1,Utiliser une forge pour la gestion des tickets,ANANUM-29-21,Implémenter l’algorithme QR pour les valeurs propres,0
gerer-1.1,Utiliser une forge pour la gestion des tickets,ANANUM-29-22,Calculer les valeurs singulieres d’une matrice a partir des valeurs propres,0
gerer-1.1,Utiliser une forge pour la gestion des tickets,ANANUM-29-23,Implémenter l’algorithme de bidiagonisation pour le calcul de la SVD,0
gerer-1.1,Utiliser une forge pour la gestion des tickets,ANANUM-30-1,Estimer les valeurs propres avec les cercles de Gershgorin,0
gerer-1.1,Utiliser une forge pour la gestion des tickets,ANANUM-31-1,Appliquer les décompositions valeurs propres/singulières pour du débruitage d’images ( ??),0
gerer-1.1,Utiliser une forge pour la gestion des tickets,ANANUM-32-1,Exploiter les structures particulières de matrices,0
gerer-1.1,Utiliser une forge pour la gestion des tickets,ANANUM-32-2,Optimiser l’implémentation de la transformation de Gauss,0
gerer-1.1,Utiliser une forge pour la gestion des tickets,ANANUM-32-3,Optmisier l’approche QR pour les valeurs propres avec la forme tridiagonale,0
gerer-1.1,Utiliser une forge pour la gestion des tickets,ANANUM-49-1,Etre capable de coder en Python/numpy le produit matriciel,0
gerer-1.1,Utiliser une forge pour la gestion des tickets,ANANUM-49-2,Implémenter en Python/numpy l’algorithme de décomposition LU,0
gerer-1.1,Utiliser une forge pour la gestion des tickets,ANANUM-49-3,Implémenter en Python/numpy l’algorithme de décomposition PALU,0
gerer-1.1,Utiliser une forge pour la gestion des tickets,ANANUM-49-4,Implémenter LDL et Cholesky en python/numpy,0
gerer-1.1,Utiliser une forge pour la gestion des tickets,ANANUM-49-5,Implémenter efficacement en Python/numpy l’algorithme de décomposition QR,0
gerer-1.1,Utiliser une forge pour la gestion des tickets,ANANUM-49-6,Implémenter en Python/numpy un algorithme de méthode itérative,0
gerer-1.1,Utiliser une forge pour la gestion des tickets,ANANUM-49-7,Implémenter en python/numpy la décomposition valeurs propres/singulières,0
gerer-1.1,Utiliser une forge pour la gestion des tickets,,,0
gerer-1.2,Utiliser le cycle de développement en V,ANANUM-1-1,Retrouver les dimensions d’une matrice,0
gerer-1.2,Utiliser le cycle de développement en V,ANANUM-1-2,Identifier les différents type de matrice (structure et taille),0
gerer-1.2,Utiliser le cycle de développement en V,ANANUM-1-3,Identifier et connaître un problème des moindres carrés,0
gerer-1.2,Utiliser le cycle de développement en V,ANANUM-2-1,Retrouver le schema de résolution des moindres carrés avec la méthode du gradient,0
gerer-1.2,Utiliser le cycle de développement en V,ANANUM-3-1,Maitriser les opérations vectorielles (produit scalaire,0
gerer-1.2,Utiliser le cycle de développement en V,ANANUM-14-1,Etre capable de représenter un systèmes d’équation linéaire sous forme matricielle,0
gerer-1.2,Utiliser le cycle de développement en V,ANANUM-15-3,Connaitre les propriétés d’une matrice de Gauss,0
gerer-1.2,Utiliser le cycle de développement en V,ANANUM-15-4,Connaitre les propriétés d’une matrice de permutation,0
gerer-1.2,Utiliser le cycle de développement en V,ANANUM-15-5,Connaitre les propriétés d’une matrice définie positive,0
gerer-1.2,Utiliser le cycle de développement en V,ANANUM-15-6,Connaitre les propriétés d’une matrice orthogonale,0
gerer-1.2,Utiliser le cycle de développement en V,ANANUM-15-7,Connaitre les propriétés d’une matrice de Householder,0
gerer-1.2,Utiliser le cycle de développement en V,ANANUM-15-8,Connaitre les propriétés des normes matricielles et vectorielles,0
gerer-1.2,Utiliser le cycle de développement en V,ANANUM-15-9,Connaitre les propriétés de la décomposition valeurs propres,0
gerer-1.2,Utiliser le cycle de développement en V,ANANUM-15-10,Connaitre les propriétés de la décomposition valeurs singulières,0
gerer-1.2,Utiliser le cycle de développement en V,ANANUM-16-1,Connaitre les conditions d’applications de Cholesky et LDL,0
gerer-1.2,Utiliser le cycle de développement en V,ANANUM-16-2,Identifier les avantages/limites des méthodes décomposition,0
gerer-1.2,Utiliser le cycle de développement en V,ANANUM-16-3,Identifier les similitudes et différences entre Jacobi,0
gerer-1.2,Utiliser le cycle de développement en V,ANANUM-29-1,Etre capable d’implémenter un produit matriciel,0
gerer-1.2,Utiliser le cycle de développement en V,ANANUM-29-2,Etre capable d’implémenter un produit matriciel de différentes manières,0
gerer-1.2,Utiliser le cycle de développement en V,ANANUM-29-3,Connaitre les complexités des opérations vectorielles et matricielles,0
gerer-1.2,Utiliser le cycle de développement en V,ANANUM-29-4,Implémenter la résolution d’un systeme d’équation linéaire avec matrice diagonale,0
gerer-1.2,Utiliser le cycle de développement en V,ANANUM-29-5,Implémenter la résolution d’un systeme d’équation linéaire avec matrice triangulaire,0
gerer-1.2,Utiliser le cycle de développement en V,ANANUM-29-6,Retrouver l’algorithme de calcul de l’inverse d’une matrice triangulaire,0
gerer-1.2,Utiliser le cycle de développement en V,ANANUM-29-7,Retrouver les variantes (exterieur/recursive/trisup) de Cholesky,0
gerer-1.2,Utiliser le cycle de développement en V,ANANUM-29-8,Connaitre les complexités des la résolution de systeme d’équation triangulaires,0
gerer-1.2,Utiliser le cycle de développement en V,ANANUM-29-9,Retrouver le schema de résolution de Ax=b donné A=LU,0
gerer-1.2,Utiliser le cycle de développement en V,ANANUM-29-10,Calculer une matrice triangulaire supérieure en utilisant les matrices de Gauss,0
gerer-1.2,Utiliser le cycle de développement en V,ANANUM-29-11,Connaitre l’algorithme de décomposition PA=LU,0
gerer-1.2,Utiliser le cycle de développement en V,ANANUM-29-12,Retrouver le schema de résolution de Ax=b donné PA=LU,0
gerer-1.2,Utiliser le cycle de développement en V,ANANUM-29-13,Retrouver l’algorithme de décomposition A=LDL,0
gerer-1.2,Utiliser le cycle de développement en V,ANANUM-29-14,Retrouver l’algorithme de Cholesky,0
gerer-1.2,Utiliser le cycle de développement en V,ANANUM-29-16,Retrouver le schema de résolution des moindres carrés avec QR,0
gerer-1.2,Utiliser le cycle de développement en V,ANANUM-29-17,Retrouver l’algorithme de décomposition QR avec Householder,0
gerer-1.2,Utiliser le cycle de développement en V,ANANUM-29-18,Connaitre le principe des méthodes itératives,0
gerer-1.2,Utiliser le cycle de développement en V,ANANUM-29-19,Connaitre le principe de PageRank,0
gerer-1.2,Utiliser le cycle de développement en V,ANANUM-29-20,Calculer  une valeur propre en utilisant l’algorithme des puissances itérées,0
gerer-1.2,Utiliser le cycle de développement en V,ANANUM-29-21,Implémenter l’algorithme QR pour les valeurs propres,0
gerer-1.2,Utiliser le cycle de développement en V,ANANUM-29-22,Calculer les valeurs singulieres d’une matrice a partir des valeurs propres,0
gerer-1.2,Utiliser le cycle de développement en V,ANANUM-29-23,Implémenter l’algorithme de bidiagonisation pour le calcul de la SVD,0
gerer-1.2,Utiliser le cycle de développement en V,ANANUM-30-1,Estimer les valeurs propres avec les cercles de Gershgorin,0
gerer-1.2,Utiliser le cycle de développement en V,ANANUM-31-1,Appliquer les décompositions valeurs propres/singulières pour du débruitage d’images ( ??),0
gerer-1.2,Utiliser le cycle de développement en V,ANANUM-32-1,Exploiter les structures particulières de matrices,0
gerer-1.2,Utiliser le cycle de développement en V,ANANUM-32-2,Optimiser l’implémentation de la transformation de Gauss,0
gerer-1.2,Utiliser le cycle de développement en V,ANANUM-32-3,Optmisier l’approche QR pour les valeurs propres avec la forme tridiagonale,0
gerer-1.2,Utiliser le cycle de développement en V,ANANUM-49-1,Etre capable de coder en Python/numpy le produit matriciel,0
gerer-1.2,Utiliser le cycle de développement en V,ANANUM-49-2,Implémenter en Python/numpy l’algorithme de décomposition LU,0
gerer-1.2,Utiliser le cycle de développement en V,ANANUM-49-3,Implémenter en Python/numpy l’algorithme de décomposition PALU,0
gerer-1.2,Utiliser le cycle de développement en V,ANANUM-49-4,Implémenter LDL et Cholesky en python/numpy,0
gerer-1.2,Utiliser le cycle de développement en V,ANANUM-49-5,Implémenter efficacement en Python/numpy l’algorithme de décomposition QR,0
gerer-1.2,Utiliser le cycle de développement en V,ANANUM-49-6,Implémenter en Python/numpy un algorithme de méthode itérative,0
gerer-1.2,Utiliser le cycle de développement en V,ANANUM-49-7,Implémenter en python/numpy la décomposition valeurs propres/singulières,0
gerer-1.2,Utiliser le cycle de développement en V,,,0
gerer-2.1,Utiliser un framework de tests unitaires,ANANUM-1-1,Retrouver les dimensions d’une matrice,0
gerer-2.1,Utiliser un framework de tests unitaires,ANANUM-1-2,Identifier les différents type de matrice (structure et taille),0
gerer-2.1,Utiliser un framework de tests unitaires,ANANUM-1-3,Identifier et connaître un problème des moindres carrés,0
gerer-2.1,Utiliser un framework de tests unitaires,ANANUM-2-1,Retrouver le schema de résolution des moindres carrés avec la méthode du gradient,0
gerer-2.1,Utiliser un framework de tests unitaires,ANANUM-3-1,Maitriser les opérations vectorielles (produit scalaire,0
gerer-2.1,Utiliser un framework de tests unitaires,ANANUM-14-1,Etre capable de représenter un systèmes d’équation linéaire sous forme matricielle,0
gerer-2.1,Utiliser un framework de tests unitaires,ANANUM-15-3,Connaitre les propriétés d’une matrice de Gauss,0
gerer-2.1,Utiliser un framework de tests unitaires,ANANUM-15-4,Connaitre les propriétés d’une matrice de permutation,0
gerer-2.1,Utiliser un framework de tests unitaires,ANANUM-15-5,Connaitre les propriétés d’une matrice définie positive,0
gerer-2.1,Utiliser un framework de tests unitaires,ANANUM-15-6,Connaitre les propriétés d’une matrice orthogonale,0
gerer-2.1,Utiliser un framework de tests unitaires,ANANUM-15-7,Connaitre les propriétés d’une matrice de Householder,0
gerer-2.1,Utiliser un framework de tests unitaires,ANANUM-15-8,Connaitre les propriétés des normes matricielles et vectorielles,0
gerer-2.1,Utiliser un framework de tests unitaires,ANANUM-15-9,Connaitre les propriétés de la décomposition valeurs propres,0
gerer-2.1,Utiliser un framework de tests unitaires,ANANUM-15-10,Connaitre les propriétés de la décomposition valeurs singulières,0
gerer-2.1,Utiliser un framework de tests unitaires,ANANUM-16-1,Connaitre les conditions d’applications de Cholesky et LDL,0
gerer-2.1,Utiliser un framework de tests unitaires,ANANUM-16-2,Identifier les avantages/limites des méthodes décomposition,0
gerer-2.1,Utiliser un framework de tests unitaires,ANANUM-16-3,Identifier les similitudes et différences entre Jacobi,0
gerer-2.1,Utiliser un framework de tests unitaires,ANANUM-29-1,Etre capable d’implémenter un produit matriciel,0
gerer-2.1,Utiliser un framework de tests unitaires,ANANUM-29-2,Etre capable d’implémenter un produit matriciel de différentes manières,0
gerer-2.1,Utiliser un framework de tests unitaires,ANANUM-29-3,Connaitre les complexités des opérations vectorielles et matricielles,0
gerer-2.1,Utiliser un framework de tests unitaires,ANANUM-29-4,Implémenter la résolution d’un systeme d’équation linéaire avec matrice diagonale,0
gerer-2.1,Utiliser un framework de tests unitaires,ANANUM-29-5,Implémenter la résolution d’un systeme d’équation linéaire avec matrice triangulaire,0
gerer-2.1,Utiliser un framework de tests unitaires,ANANUM-29-6,Retrouver l’algorithme de calcul de l’inverse d’une matrice triangulaire,0
gerer-2.1,Utiliser un framework de tests unitaires,ANANUM-29-7,Retrouver les variantes (exterieur/recursive/trisup) de Cholesky,0
gerer-2.1,Utiliser un framework de tests unitaires,ANANUM-29-8,Connaitre les complexités des la résolution de systeme d’équation triangulaires,0
gerer-2.1,Utiliser un framework de tests unitaires,ANANUM-29-9,Retrouver le schema de résolution de Ax=b donné A=LU,0
gerer-2.1,Utiliser un framework de tests unitaires,ANANUM-29-10,Calculer une matrice triangulaire supérieure en utilisant les matrices de Gauss,0
gerer-2.1,Utiliser un framework de tests unitaires,ANANUM-29-11,Connaitre l’algorithme de décomposition PA=LU,0
gerer-2.1,Utiliser un framework de tests unitaires,ANANUM-29-12,Retrouver le schema de résolution de Ax=b donné PA=LU,0
gerer-2.1,Utiliser un framework de tests unitaires,ANANUM-29-13,Retrouver l’algorithme de décomposition A=LDL,0
gerer-2.1,Utiliser un framework de tests unitaires,ANANUM-29-14,Retrouver l’algorithme de Cholesky,0
gerer-2.1,Utiliser un framework de tests unitaires,ANANUM-29-16,Retrouver le schema de résolution des moindres carrés avec QR,0
gerer-2.1,Utiliser un framework de tests unitaires,ANANUM-29-17,Retrouver l’algorithme de décomposition QR avec Householder,0
gerer-2.1,Utiliser un framework de tests unitaires,ANANUM-29-18,Connaitre le principe des méthodes itératives,0
gerer-2.1,Utiliser un framework de tests unitaires,ANANUM-29-19,Connaitre le principe de PageRank,0
gerer-2.1,Utiliser un framework de tests unitaires,ANANUM-29-20,Calculer  une valeur propre en utilisant l’algorithme des puissances itérées,0
gerer-2.1,Utiliser un framework de tests unitaires,ANANUM-29-21,Implémenter l’algorithme QR pour les valeurs propres,0
gerer-2.1,Utiliser un framework de tests unitaires,ANANUM-29-22,Calculer les valeurs singulieres d’une matrice a partir des valeurs propres,0
gerer-2.1,Utiliser un framework de tests unitaires,ANANUM-29-23,Implémenter l’algorithme de bidiagonisation pour le calcul de la SVD,0
gerer-2.1,Utiliser un framework de tests unitaires,ANANUM-30-1,Estimer les valeurs propres avec les cercles de Gershgorin,0
gerer-2.1,Utiliser un framework de tests unitaires,ANANUM-31-1,Appliquer les décompositions valeurs propres/singulières pour du débruitage d’images ( ??),0
gerer-2.1,Utiliser un framework de tests unitaires,ANANUM-32-1,Exploiter les structures particulières de matrices,0
gerer-2.1,Utiliser un framework de tests unitaires,ANANUM-32-2,Optimiser l’implémentation de la transformation de Gauss,0
gerer-2.1,Utiliser un framework de tests unitaires,ANANUM-32-3,Optmisier l’approche QR pour les valeurs propres avec la forme tridiagonale,0
gerer-2.1,Utiliser un framework de tests unitaires,ANANUM-49-1,Etre capable de coder en Python/numpy le produit matriciel,0
gerer-2.1,Utiliser un framework de tests unitaires,ANANUM-49-2,Implémenter en Python/numpy l’algorithme de décomposition LU,0
gerer-2.1,Utiliser un framework de tests unitaires,ANANUM-49-3,Implémenter en Python/numpy l’algorithme de décomposition PALU,0
gerer-2.1,Utiliser un framework de tests unitaires,ANANUM-49-4,Implémenter LDL et Cholesky en python/numpy,0
gerer-2.1,Utiliser un framework de tests unitaires,ANANUM-49-5,Implémenter efficacement en Python/numpy l’algorithme de décomposition QR,0
gerer-2.1,Utiliser un framework de tests unitaires,ANANUM-49-6,Implémenter en Python/numpy un algorithme de méthode itérative,0
gerer-2.1,Utiliser un framework de tests unitaires,ANANUM-49-7,Implémenter en python/numpy la décomposition valeurs propres/singulières,0
gerer-2.1,Utiliser un framework de tests unitaires,,,0
gerer-2.2,Utiliser un logiciel d’audit de code statique,ANANUM-1-1,Retrouver les dimensions d’une matrice,0
gerer-2.2,Utiliser un logiciel d’audit de code statique,ANANUM-1-2,Identifier les différents type de matrice (structure et taille),0
gerer-2.2,Utiliser un logiciel d’audit de code statique,ANANUM-1-3,Identifier et connaître un problème des moindres carrés,0
gerer-2.2,Utiliser un logiciel d’audit de code statique,ANANUM-2-1,Retrouver le schema de résolution des moindres carrés avec la méthode du gradient,0
gerer-2.2,Utiliser un logiciel d’audit de code statique,ANANUM-3-1,Maitriser les opérations vectorielles (produit scalaire,0
gerer-2.2,Utiliser un logiciel d’audit de code statique,ANANUM-14-1,Etre capable de représenter un systèmes d’équation linéaire sous forme matricielle,0
gerer-2.2,Utiliser un logiciel d’audit de code statique,ANANUM-15-3,Connaitre les propriétés d’une matrice de Gauss,0
gerer-2.2,Utiliser un logiciel d’audit de code statique,ANANUM-15-4,Connaitre les propriétés d’une matrice de permutation,0
gerer-2.2,Utiliser un logiciel d’audit de code statique,ANANUM-15-5,Connaitre les propriétés d’une matrice définie positive,0
gerer-2.2,Utiliser un logiciel d’audit de code statique,ANANUM-15-6,Connaitre les propriétés d’une matrice orthogonale,0
gerer-2.2,Utiliser un logiciel d’audit de code statique,ANANUM-15-7,Connaitre les propriétés d’une matrice de Householder,0
gerer-2.2,Utiliser un logiciel d’audit de code statique,ANANUM-15-8,Connaitre les propriétés des normes matricielles et vectorielles,0
gerer-2.2,Utiliser un logiciel d’audit de code statique,ANANUM-15-9,Connaitre les propriétés de la décomposition valeurs propres,0
gerer-2.2,Utiliser un logiciel d’audit de code statique,ANANUM-15-10,Connaitre les propriétés de la décomposition valeurs singulières,0
gerer-2.2,Utiliser un logiciel d’audit de code statique,ANANUM-16-1,Connaitre les conditions d’applications de Cholesky et LDL,0
gerer-2.2,Utiliser un logiciel d’audit de code statique,ANANUM-16-2,Identifier les avantages/limites des méthodes décomposition,0
gerer-2.2,Utiliser un logiciel d’audit de code statique,ANANUM-16-3,Identifier les similitudes et différences entre Jacobi,0
gerer-2.2,Utiliser un logiciel d’audit de code statique,ANANUM-29-1,Etre capable d’implémenter un produit matriciel,0
gerer-2.2,Utiliser un logiciel d’audit de code statique,ANANUM-29-2,Etre capable d’implémenter un produit matriciel de différentes manières,0
gerer-2.2,Utiliser un logiciel d’audit de code statique,ANANUM-29-3,Connaitre les complexités des opérations vectorielles et matricielles,0
gerer-2.2,Utiliser un logiciel d’audit de code statique,ANANUM-29-4,Implémenter la résolution d’un systeme d’équation linéaire avec matrice diagonale,0
gerer-2.2,Utiliser un logiciel d’audit de code statique,ANANUM-29-5,Implémenter la résolution d’un systeme d’équation linéaire avec matrice triangulaire,0
gerer-2.2,Utiliser un logiciel d’audit de code statique,ANANUM-29-6,Retrouver l’algorithme de calcul de l’inverse d’une matrice triangulaire,0
gerer-2.2,Utiliser un logiciel d’audit de code statique,ANANUM-29-7,Retrouver les variantes (exterieur/recursive/trisup) de Cholesky,0
gerer-2.2,Utiliser un logiciel d’audit de code statique,ANANUM-29-8,Connaitre les complexités des la résolution de systeme d’équation triangulaires,0
gerer-2.2,Utiliser un logiciel d’audit de code statique,ANANUM-29-9,Retrouver le schema de résolution de Ax=b donné A=LU,0
gerer-2.2,Utiliser un logiciel d’audit de code statique,ANANUM-29-10,Calculer une matrice triangulaire supérieure en utilisant les matrices de Gauss,0
gerer-2.2,Utiliser un logiciel d’audit de code statique,ANANUM-29-11,Connaitre l’algorithme de décomposition PA=LU,0
gerer-2.2,Utiliser un logiciel d’audit de code statique,ANANUM-29-12,Retrouver le schema de résolution de Ax=b donné PA=LU,0
gerer-2.2,Utiliser un logiciel d’audit de code statique,ANANUM-29-13,Retrouver l’algorithme de décomposition A=LDL,0
gerer-2.2,Utiliser un logiciel d’audit de code statique,ANANUM-29-14,Retrouver l’algorithme de Cholesky,0
gerer-2.2,Utiliser un logiciel d’audit de code statique,ANANUM-29-16,Retrouver le schema de résolution des moindres carrés avec QR,0
gerer-2.2,Utiliser un logiciel d’audit de code statique,ANANUM-29-17,Retrouver l’algorithme de décomposition QR avec Householder,0
gerer-2.2,Utiliser un logiciel d’audit de code statique,ANANUM-29-18,Connaitre le principe des méthodes itératives,0
gerer-2.2,Utiliser un logiciel d’audit de code statique,ANANUM-29-19,Connaitre le principe de PageRank,0
gerer-2.2,Utiliser un logiciel d’audit de code statique,ANANUM-29-20,Calculer  une valeur propre en utilisant l’algorithme des puissances itérées,0
gerer-2.2,Utiliser un logiciel d’audit de code statique,ANANUM-29-21,Implémenter l’algorithme QR pour les valeurs propres,0
gerer-2.2,Utiliser un logiciel d’audit de code statique,ANANUM-29-22,Calculer les valeurs singulieres d’une matrice a partir des valeurs propres,0
gerer-2.2,Utiliser un logiciel d’audit de code statique,ANANUM-29-23,Implémenter l’algorithme de bidiagonisation pour le calcul de la SVD,0
gerer-2.2,Utiliser un logiciel d’audit de code statique,ANANUM-30-1,Estimer les valeurs propres avec les cercles de Gershgorin,0
gerer-2.2,Utiliser un logiciel d’audit de code statique,ANANUM-31-1,Appliquer les décompositions valeurs propres/singulières pour du débruitage d’images ( ??),0
gerer-2.2,Utiliser un logiciel d’audit de code statique,ANANUM-32-1,Exploiter les structures particulières de matrices,0
gerer-2.2,Utiliser un logiciel d’audit de code statique,ANANUM-32-2,Optimiser l’implémentation de la transformation de Gauss,0
gerer-2.2,Utiliser un logiciel d’audit de code statique,ANANUM-32-3,Optmisier l’approche QR pour les valeurs propres avec la forme tridiagonale,0
gerer-2.2,Utiliser un logiciel d’audit de code statique,ANANUM-49-1,Etre capable de coder en Python/numpy le produit matriciel,0
gerer-2.2,Utiliser un logiciel d’audit de code statique,ANANUM-49-2,Implémenter en Python/numpy l’algorithme de décomposition LU,0
gerer-2.2,Utiliser un logiciel d’audit de code statique,ANANUM-49-3,Implémenter en Python/numpy l’algorithme de décomposition PALU,0
gerer-2.2,Utiliser un logiciel d’audit de code statique,ANANUM-49-4,Implémenter LDL et Cholesky en python/numpy,0
gerer-2.2,Utiliser un logiciel d’audit de code statique,ANANUM-49-5,Implémenter efficacement en Python/numpy l’algorithme de décomposition QR,0
gerer-2.2,Utiliser un logiciel d’audit de code statique,ANANUM-49-6,Implémenter en Python/numpy un algorithme de méthode itérative,0
gerer-2.2,Utiliser un logiciel d’audit de code statique,ANANUM-49-7,Implémenter en python/numpy la décomposition valeurs propres/singulières,0
gerer-2.2,Utiliser un logiciel d’audit de code statique,,,0
gerer-2.3,Mettre en place des tests de non régression,ANANUM-1-1,Retrouver les dimensions d’une matrice,0
gerer-2.3,Mettre en place des tests de non régression,ANANUM-1-2,Identifier les différents type de matrice (structure et taille),0
gerer-2.3,Mettre en place des tests de non régression,ANANUM-1-3,Identifier et connaître un problème des moindres carrés,0
gerer-2.3,Mettre en place des tests de non régression,ANANUM-2-1,Retrouver le schema de résolution des moindres carrés avec la méthode du gradient,0
gerer-2.3,Mettre en place des tests de non régression,ANANUM-3-1,Maitriser les opérations vectorielles (produit scalaire,0
gerer-2.3,Mettre en place des tests de non régression,ANANUM-14-1,Etre capable de représenter un systèmes d’équation linéaire sous forme matricielle,0
gerer-2.3,Mettre en place des tests de non régression,ANANUM-15-3,Connaitre les propriétés d’une matrice de Gauss,0
gerer-2.3,Mettre en place des tests de non régression,ANANUM-15-4,Connaitre les propriétés d’une matrice de permutation,0
gerer-2.3,Mettre en place des tests de non régression,ANANUM-15-5,Connaitre les propriétés d’une matrice définie positive,0
gerer-2.3,Mettre en place des tests de non régression,ANANUM-15-6,Connaitre les propriétés d’une matrice orthogonale,0
gerer-2.3,Mettre en place des tests de non régression,ANANUM-15-7,Connaitre les propriétés d’une matrice de Householder,0
gerer-2.3,Mettre en place des tests de non régression,ANANUM-15-8,Connaitre les propriétés des normes matricielles et vectorielles,0
gerer-2.3,Mettre en place des tests de non régression,ANANUM-15-9,Connaitre les propriétés de la décomposition valeurs propres,0
gerer-2.3,Mettre en place des tests de non régression,ANANUM-15-10,Connaitre les propriétés de la décomposition valeurs singulières,0
gerer-2.3,Mettre en place des tests de non régression,ANANUM-16-1,Connaitre les conditions d’applications de Cholesky et LDL,0
gerer-2.3,Mettre en place des tests de non régression,ANANUM-16-2,Identifier les avantages/limites des méthodes décomposition,0
gerer-2.3,Mettre en place des tests de non régression,ANANUM-16-3,Identifier les similitudes et différences entre Jacobi,0
gerer-2.3,Mettre en place des tests de non régression,ANANUM-29-1,Etre capable d’implémenter un produit matriciel,0
gerer-2.3,Mettre en place des tests de non régression,ANANUM-29-2,Etre capable d’implémenter un produit matriciel de différentes manières,0
gerer-2.3,Mettre en place des tests de non régression,ANANUM-29-3,Connaitre les complexités des opérations vectorielles et matricielles,0
gerer-2.3,Mettre en place des tests de non régression,ANANUM-29-4,Implémenter la résolution d’un systeme d’équation linéaire avec matrice diagonale,0
gerer-2.3,Mettre en place des tests de non régression,ANANUM-29-5,Implémenter la résolution d’un systeme d’équation linéaire avec matrice triangulaire,0
gerer-2.3,Mettre en place des tests de non régression,ANANUM-29-6,Retrouver l’algorithme de calcul de l’inverse d’une matrice triangulaire,0
gerer-2.3,Mettre en place des tests de non régression,ANANUM-29-7,Retrouver les variantes (exterieur/recursive/trisup) de Cholesky,0
gerer-2.3,Mettre en place des tests de non régression,ANANUM-29-8,Connaitre les complexités des la résolution de systeme d’équation triangulaires,0
gerer-2.3,Mettre en place des tests de non régression,ANANUM-29-9,Retrouver le schema de résolution de Ax=b donné A=LU,0
gerer-2.3,Mettre en place des tests de non régression,ANANUM-29-10,Calculer une matrice triangulaire supérieure en utilisant les matrices de Gauss,0
gerer-2.3,Mettre en place des tests de non régression,ANANUM-29-11,Connaitre l’algorithme de décomposition PA=LU,0
gerer-2.3,Mettre en place des tests de non régression,ANANUM-29-12,Retrouver le schema de résolution de Ax=b donné PA=LU,0
gerer-2.3,Mettre en place des tests de non régression,ANANUM-29-13,Retrouver l’algorithme de décomposition A=LDL,0
gerer-2.3,Mettre en place des tests de non régression,ANANUM-29-14,Retrouver l’algorithme de Cholesky,0
gerer-2.3,Mettre en place des tests de non régression,ANANUM-29-16,Retrouver le schema de résolution des moindres carrés avec QR,0
gerer-2.3,Mettre en place des tests de non régression,ANANUM-29-17,Retrouver l’algorithme de décomposition QR avec Householder,0
gerer-2.3,Mettre en place des tests de non régression,ANANUM-29-18,Connaitre le principe des méthodes itératives,0
gerer-2.3,Mettre en place des tests de non régression,ANANUM-29-19,Connaitre le principe de PageRank,0
gerer-2.3,Mettre en place des tests de non régression,ANANUM-29-20,Calculer  une valeur propre en utilisant l’algorithme des puissances itérées,0
gerer-2.3,Mettre en place des tests de non régression,ANANUM-29-21,Implémenter l’algorithme QR pour les valeurs propres,0
gerer-2.3,Mettre en place des tests de non régression,ANANUM-29-22,Calculer les valeurs singulieres d’une matrice a partir des valeurs propres,0
gerer-2.3,Mettre en place des tests de non régression,ANANUM-29-23,Implémenter l’algorithme de bidiagonisation pour le calcul de la SVD,0
gerer-2.3,Mettre en place des tests de non régression,ANANUM-30-1,Estimer les valeurs propres avec les cercles de Gershgorin,0
gerer-2.3,Mettre en place des tests de non régression,ANANUM-31-1,Appliquer les décompositions valeurs propres/singulières pour du débruitage d’images ( ??),0
gerer-2.3,Mettre en place des tests de non régression,ANANUM-32-1,Exploiter les structures particulières de matrices,0
gerer-2.3,Mettre en place des tests de non régression,ANANUM-32-2,Optimiser l’implémentation de la transformation de Gauss,0
gerer-2.3,Mettre en place des tests de non régression,ANANUM-32-3,Optmisier l’approche QR pour les valeurs propres avec la forme tridiagonale,0
gerer-2.3,Mettre en place des tests de non régression,ANANUM-49-1,Etre capable de coder en Python/numpy le produit matriciel,0
gerer-2.3,Mettre en place des tests de non régression,ANANUM-49-2,Implémenter en Python/numpy l’algorithme de décomposition LU,0
gerer-2.3,Mettre en place des tests de non régression,ANANUM-49-3,Implémenter en Python/numpy l’algorithme de décomposition PALU,0
gerer-2.3,Mettre en place des tests de non régression,ANANUM-49-4,Implémenter LDL et Cholesky en python/numpy,0
gerer-2.3,Mettre en place des tests de non régression,ANANUM-49-5,Implémenter efficacement en Python/numpy l’algorithme de décomposition QR,0
gerer-2.3,Mettre en place des tests de non régression,ANANUM-49-6,Implémenter en Python/numpy un algorithme de méthode itérative,0
gerer-2.3,Mettre en place des tests de non régression,ANANUM-49-7,Implémenter en python/numpy la décomposition valeurs propres/singulières,0
gerer-2.3,Mettre en place des tests de non régression,,,0
gerer-3.1,Utiliser un cycle de développement Agile,ANANUM-1-1,Retrouver les dimensions d’une matrice,0
gerer-3.1,Utiliser un cycle de développement Agile,ANANUM-1-2,Identifier les différents type de matrice (structure et taille),0
gerer-3.1,Utiliser un cycle de développement Agile,ANANUM-1-3,Identifier et connaître un problème des moindres carrés,0
gerer-3.1,Utiliser un cycle de développement Agile,ANANUM-2-1,Retrouver le schema de résolution des moindres carrés avec la méthode du gradient,0
gerer-3.1,Utiliser un cycle de développement Agile,ANANUM-3-1,Maitriser les opérations vectorielles (produit scalaire,0
gerer-3.1,Utiliser un cycle de développement Agile,ANANUM-14-1,Etre capable de représenter un systèmes d’équation linéaire sous forme matricielle,0
gerer-3.1,Utiliser un cycle de développement Agile,ANANUM-15-3,Connaitre les propriétés d’une matrice de Gauss,0
gerer-3.1,Utiliser un cycle de développement Agile,ANANUM-15-4,Connaitre les propriétés d’une matrice de permutation,0
gerer-3.1,Utiliser un cycle de développement Agile,ANANUM-15-5,Connaitre les propriétés d’une matrice définie positive,0
gerer-3.1,Utiliser un cycle de développement Agile,ANANUM-15-6,Connaitre les propriétés d’une matrice orthogonale,0
gerer-3.1,Utiliser un cycle de développement Agile,ANANUM-15-7,Connaitre les propriétés d’une matrice de Householder,0
gerer-3.1,Utiliser un cycle de développement Agile,ANANUM-15-8,Connaitre les propriétés des normes matricielles et vectorielles,0
gerer-3.1,Utiliser un cycle de développement Agile,ANANUM-15-9,Connaitre les propriétés de la décomposition valeurs propres,0
gerer-3.1,Utiliser un cycle de développement Agile,ANANUM-15-10,Connaitre les propriétés de la décomposition valeurs singulières,0
gerer-3.1,Utiliser un cycle de développement Agile,ANANUM-16-1,Connaitre les conditions d’applications de Cholesky et LDL,0
gerer-3.1,Utiliser un cycle de développement Agile,ANANUM-16-2,Identifier les avantages/limites des méthodes décomposition,0
gerer-3.1,Utiliser un cycle de développement Agile,ANANUM-16-3,Identifier les similitudes et différences entre Jacobi,0
gerer-3.1,Utiliser un cycle de développement Agile,ANANUM-29-1,Etre capable d’implémenter un produit matriciel,0
gerer-3.1,Utiliser un cycle de développement Agile,ANANUM-29-2,Etre capable d’implémenter un produit matriciel de différentes manières,0
gerer-3.1,Utiliser un cycle de développement Agile,ANANUM-29-3,Connaitre les complexités des opérations vectorielles et matricielles,0
gerer-3.1,Utiliser un cycle de développement Agile,ANANUM-29-4,Implémenter la résolution d’un systeme d’équation linéaire avec matrice diagonale,0
gerer-3.1,Utiliser un cycle de développement Agile,ANANUM-29-5,Implémenter la résolution d’un systeme d’équation linéaire avec matrice triangulaire,0
gerer-3.1,Utiliser un cycle de développement Agile,ANANUM-29-6,Retrouver l’algorithme de calcul de l’inverse d’une matrice triangulaire,0
gerer-3.1,Utiliser un cycle de développement Agile,ANANUM-29-7,Retrouver les variantes (exterieur/recursive/trisup) de Cholesky,0
gerer-3.1,Utiliser un cycle de développement Agile,ANANUM-29-8,Connaitre les complexités des la résolution de systeme d’équation triangulaires,0
gerer-3.1,Utiliser un cycle de développement Agile,ANANUM-29-9,Retrouver le schema de résolution de Ax=b donné A=LU,0
gerer-3.1,Utiliser un cycle de développement Agile,ANANUM-29-10,Calculer une matrice triangulaire supérieure en utilisant les matrices de Gauss,0
gerer-3.1,Utiliser un cycle de développement Agile,ANANUM-29-11,Connaitre l’algorithme de décomposition PA=LU,0
gerer-3.1,Utiliser un cycle de développement Agile,ANANUM-29-12,Retrouver le schema de résolution de Ax=b donné PA=LU,0
gerer-3.1,Utiliser un cycle de développement Agile,ANANUM-29-13,Retrouver l’algorithme de décomposition A=LDL,0
gerer-3.1,Utiliser un cycle de développement Agile,ANANUM-29-14,Retrouver l’algorithme de Cholesky,0
gerer-3.1,Utiliser un cycle de développement Agile,ANANUM-29-16,Retrouver le schema de résolution des moindres carrés avec QR,0
gerer-3.1,Utiliser un cycle de développement Agile,ANANUM-29-17,Retrouver l’algorithme de décomposition QR avec Householder,0
gerer-3.1,Utiliser un cycle de développement Agile,ANANUM-29-18,Connaitre le principe des méthodes itératives,0
gerer-3.1,Utiliser un cycle de développement Agile,ANANUM-29-19,Connaitre le principe de PageRank,0
gerer-3.1,Utiliser un cycle de développement Agile,ANANUM-29-20,Calculer  une valeur propre en utilisant l’algorithme des puissances itérées,0
gerer-3.1,Utiliser un cycle de développement Agile,ANANUM-29-21,Implémenter l’algorithme QR pour les valeurs propres,0
gerer-3.1,Utiliser un cycle de développement Agile,ANANUM-29-22,Calculer les valeurs singulieres d’une matrice a partir des valeurs propres,0
gerer-3.1,Utiliser un cycle de développement Agile,ANANUM-29-23,Implémenter l’algorithme de bidiagonisation pour le calcul de la SVD,0
gerer-3.1,Utiliser un cycle de développement Agile,ANANUM-30-1,Estimer les valeurs propres avec les cercles de Gershgorin,0
gerer-3.1,Utiliser un cycle de développement Agile,ANANUM-31-1,Appliquer les décompositions valeurs propres/singulières pour du débruitage d’images ( ??),0
gerer-3.1,Utiliser un cycle de développement Agile,ANANUM-32-1,Exploiter les structures particulières de matrices,0
gerer-3.1,Utiliser un cycle de développement Agile,ANANUM-32-2,Optimiser l’implémentation de la transformation de Gauss,0
gerer-3.1,Utiliser un cycle de développement Agile,ANANUM-32-3,Optmisier l’approche QR pour les valeurs propres avec la forme tridiagonale,0
gerer-3.1,Utiliser un cycle de développement Agile,ANANUM-49-1,Etre capable de coder en Python/numpy le produit matriciel,0
gerer-3.1,Utiliser un cycle de développement Agile,ANANUM-49-2,Implémenter en Python/numpy l’algorithme de décomposition LU,0
gerer-3.1,Utiliser un cycle de développement Agile,ANANUM-49-3,Implémenter en Python/numpy l’algorithme de décomposition PALU,0
gerer-3.1,Utiliser un cycle de développement Agile,ANANUM-49-4,Implémenter LDL et Cholesky en python/numpy,0
gerer-3.1,Utiliser un cycle de développement Agile,ANANUM-49-5,Implémenter efficacement en Python/numpy l’algorithme de décomposition QR,0
gerer-3.1,Utiliser un cycle de développement Agile,ANANUM-49-6,Implémenter en Python/numpy un algorithme de méthode itérative,0
gerer-3.1,Utiliser un cycle de développement Agile,ANANUM-49-7,Implémenter en python/numpy la décomposition valeurs propres/singulières,0
gerer-3.1,Utiliser un cycle de développement Agile,,,0
gerer-3.2,Suivre des procédures,ANANUM-1-1,Retrouver les dimensions d’une matrice,0
gerer-3.2,Suivre des procédures,ANANUM-1-2,Identifier les différents type de matrice (structure et taille),0
gerer-3.2,Suivre des procédures,ANANUM-1-3,Identifier et connaître un problème des moindres carrés,0
gerer-3.2,Suivre des procédures,ANANUM-2-1,Retrouver le schema de résolution des moindres carrés avec la méthode du gradient,0
gerer-3.2,Suivre des procédures,ANANUM-3-1,Maitriser les opérations vectorielles (produit scalaire,0
gerer-3.2,Suivre des procédures,ANANUM-14-1,Etre capable de représenter un systèmes d’équation linéaire sous forme matricielle,0
gerer-3.2,Suivre des procédures,ANANUM-15-3,Connaitre les propriétés d’une matrice de Gauss,0
gerer-3.2,Suivre des procédures,ANANUM-15-4,Connaitre les propriétés d’une matrice de permutation,0
gerer-3.2,Suivre des procédures,ANANUM-15-5,Connaitre les propriétés d’une matrice définie positive,0
gerer-3.2,Suivre des procédures,ANANUM-15-6,Connaitre les propriétés d’une matrice orthogonale,0
gerer-3.2,Suivre des procédures,ANANUM-15-7,Connaitre les propriétés d’une matrice de Householder,0
gerer-3.2,Suivre des procédures,ANANUM-15-8,Connaitre les propriétés des normes matricielles et vectorielles,0
gerer-3.2,Suivre des procédures,ANANUM-15-9,Connaitre les propriétés de la décomposition valeurs propres,0
gerer-3.2,Suivre des procédures,ANANUM-15-10,Connaitre les propriétés de la décomposition valeurs singulières,0
gerer-3.2,Suivre des procédures,ANANUM-16-1,Connaitre les conditions d’applications de Cholesky et LDL,0
gerer-3.2,Suivre des procédures,ANANUM-16-2,Identifier les avantages/limites des méthodes décomposition,0
gerer-3.2,Suivre des procédures,ANANUM-16-3,Identifier les similitudes et différences entre Jacobi,0
gerer-3.2,Suivre des procédures,ANANUM-29-1,Etre capable d’implémenter un produit matriciel,0
gerer-3.2,Suivre des procédures,ANANUM-29-2,Etre capable d’implémenter un produit matriciel de différentes manières,0
gerer-3.2,Suivre des procédures,ANANUM-29-3,Connaitre les complexités des opérations vectorielles et matricielles,0
gerer-3.2,Suivre des procédures,ANANUM-29-4,Implémenter la résolution d’un systeme d’équation linéaire avec matrice diagonale,0
gerer-3.2,Suivre des procédures,ANANUM-29-5,Implémenter la résolution d’un systeme d’équation linéaire avec matrice triangulaire,0
gerer-3.2,Suivre des procédures,ANANUM-29-6,Retrouver l’algorithme de calcul de l’inverse d’une matrice triangulaire,0
gerer-3.2,Suivre des procédures,ANANUM-29-7,Retrouver les variantes (exterieur/recursive/trisup) de Cholesky,0
gerer-3.2,Suivre des procédures,ANANUM-29-8,Connaitre les complexités des la résolution de systeme d’équation triangulaires,0
gerer-3.2,Suivre des procédures,ANANUM-29-9,Retrouver le schema de résolution de Ax=b donné A=LU,0
gerer-3.2,Suivre des procédures,ANANUM-29-10,Calculer une matrice triangulaire supérieure en utilisant les matrices de Gauss,0
gerer-3.2,Suivre des procédures,ANANUM-29-11,Connaitre l’algorithme de décomposition PA=LU,0
gerer-3.2,Suivre des procédures,ANANUM-29-12,Retrouver le schema de résolution de Ax=b donné PA=LU,0
gerer-3.2,Suivre des procédures,ANANUM-29-13,Retrouver l’algorithme de décomposition A=LDL,0
gerer-3.2,Suivre des procédures,ANANUM-29-14,Retrouver l’algorithme de Cholesky,0
gerer-3.2,Suivre des procédures,ANANUM-29-16,Retrouver le schema de résolution des moindres carrés avec QR,0
gerer-3.2,Suivre des procédures,ANANUM-29-17,Retrouver l’algorithme de décomposition QR avec Householder,0
gerer-3.2,Suivre des procédures,ANANUM-29-18,Connaitre le principe des méthodes itératives,0
gerer-3.2,Suivre des procédures,ANANUM-29-19,Connaitre le principe de PageRank,0
gerer-3.2,Suivre des procédures,ANANUM-29-20,Calculer  une valeur propre en utilisant l’algorithme des puissances itérées,0
gerer-3.2,Suivre des procédures,ANANUM-29-21,Implémenter l’algorithme QR pour les valeurs propres,0
gerer-3.2,Suivre des procédures,ANANUM-29-22,Calculer les valeurs singulieres d’une matrice a partir des valeurs propres,0
gerer-3.2,Suivre des procédures,ANANUM-29-23,Implémenter l’algorithme de bidiagonisation pour le calcul de la SVD,0
gerer-3.2,Suivre des procédures,ANANUM-30-1,Estimer les valeurs propres avec les cercles de Gershgorin,0
gerer-3.2,Suivre des procédures,ANANUM-31-1,Appliquer les décompositions valeurs propres/singulières pour du débruitage d’images ( ??),0
gerer-3.2,Suivre des procédures,ANANUM-32-1,Exploiter les structures particulières de matrices,0
gerer-3.2,Suivre des procédures,ANANUM-32-2,Optimiser l’implémentation de la transformation de Gauss,0
gerer-3.2,Suivre des procédures,ANANUM-32-3,Optmisier l’approche QR pour les valeurs propres avec la forme tridiagonale,0
gerer-3.2,Suivre des procédures,ANANUM-49-1,Etre capable de coder en Python/numpy le produit matriciel,0
gerer-3.2,Suivre des procédures,ANANUM-49-2,Implémenter en Python/numpy l’algorithme de décomposition LU,0
gerer-3.2,Suivre des procédures,ANANUM-49-3,Implémenter en Python/numpy l’algorithme de décomposition PALU,0
gerer-3.2,Suivre des procédures,ANANUM-49-4,Implémenter LDL et Cholesky en python/numpy,0
gerer-3.2,Suivre des procédures,ANANUM-49-5,Implémenter efficacement en Python/numpy l’algorithme de décomposition QR,0
gerer-3.2,Suivre des procédures,ANANUM-49-6,Implémenter en Python/numpy un algorithme de méthode itérative,0
gerer-3.2,Suivre des procédures,ANANUM-49-7,Implémenter en python/numpy la décomposition valeurs propres/singulières,0
gerer-3.2,Suivre des procédures,,,0
gerer-3.3,Rédiger des procédures,ANANUM-1-1,Retrouver les dimensions d’une matrice,0
gerer-3.3,Rédiger des procédures,ANANUM-1-2,Identifier les différents type de matrice (structure et taille),0
gerer-3.3,Rédiger des procédures,ANANUM-1-3,Identifier et connaître un problème des moindres carrés,0
gerer-3.3,Rédiger des procédures,ANANUM-2-1,Retrouver le schema de résolution des moindres carrés avec la méthode du gradient,0
gerer-3.3,Rédiger des procédures,ANANUM-3-1,Maitriser les opérations vectorielles (produit scalaire,0
gerer-3.3,Rédiger des procédures,ANANUM-14-1,Etre capable de représenter un systèmes d’équation linéaire sous forme matricielle,0
gerer-3.3,Rédiger des procédures,ANANUM-15-3,Connaitre les propriétés d’une matrice de Gauss,0
gerer-3.3,Rédiger des procédures,ANANUM-15-4,Connaitre les propriétés d’une matrice de permutation,0
gerer-3.3,Rédiger des procédures,ANANUM-15-5,Connaitre les propriétés d’une matrice définie positive,0
gerer-3.3,Rédiger des procédures,ANANUM-15-6,Connaitre les propriétés d’une matrice orthogonale,0
gerer-3.3,Rédiger des procédures,ANANUM-15-7,Connaitre les propriétés d’une matrice de Householder,0
gerer-3.3,Rédiger des procédures,ANANUM-15-8,Connaitre les propriétés des normes matricielles et vectorielles,0
gerer-3.3,Rédiger des procédures,ANANUM-15-9,Connaitre les propriétés de la décomposition valeurs propres,0
gerer-3.3,Rédiger des procédures,ANANUM-15-10,Connaitre les propriétés de la décomposition valeurs singulières,0
gerer-3.3,Rédiger des procédures,ANANUM-16-1,Connaitre les conditions d’applications de Cholesky et LDL,0
gerer-3.3,Rédiger des procédures,ANANUM-16-2,Identifier les avantages/limites des méthodes décomposition,0
gerer-3.3,Rédiger des procédures,ANANUM-16-3,Identifier les similitudes et différences entre Jacobi,0
gerer-3.3,Rédiger des procédures,ANANUM-29-1,Etre capable d’implémenter un produit matriciel,0
gerer-3.3,Rédiger des procédures,ANANUM-29-2,Etre capable d’implémenter un produit matriciel de différentes manières,0
gerer-3.3,Rédiger des procédures,ANANUM-29-3,Connaitre les complexités des opérations vectorielles et matricielles,0
gerer-3.3,Rédiger des procédures,ANANUM-29-4,Implémenter la résolution d’un systeme d’équation linéaire avec matrice diagonale,0
gerer-3.3,Rédiger des procédures,ANANUM-29-5,Implémenter la résolution d’un systeme d’équation linéaire avec matrice triangulaire,0
gerer-3.3,Rédiger des procédures,ANANUM-29-6,Retrouver l’algorithme de calcul de l’inverse d’une matrice triangulaire,0
gerer-3.3,Rédiger des procédures,ANANUM-29-7,Retrouver les variantes (exterieur/recursive/trisup) de Cholesky,0
gerer-3.3,Rédiger des procédures,ANANUM-29-8,Connaitre les complexités des la résolution de systeme d’équation triangulaires,0
gerer-3.3,Rédiger des procédures,ANANUM-29-9,Retrouver le schema de résolution de Ax=b donné A=LU,0
gerer-3.3,Rédiger des procédures,ANANUM-29-10,Calculer une matrice triangulaire supérieure en utilisant les matrices de Gauss,0
gerer-3.3,Rédiger des procédures,ANANUM-29-11,Connaitre l’algorithme de décomposition PA=LU,0
gerer-3.3,Rédiger des procédures,ANANUM-29-12,Retrouver le schema de résolution de Ax=b donné PA=LU,0
gerer-3.3,Rédiger des procédures,ANANUM-29-13,Retrouver l’algorithme de décomposition A=LDL,0
gerer-3.3,Rédiger des procédures,ANANUM-29-14,Retrouver l’algorithme de Cholesky,0
gerer-3.3,Rédiger des procédures,ANANUM-29-16,Retrouver le schema de résolution des moindres carrés avec QR,0
gerer-3.3,Rédiger des procédures,ANANUM-29-17,Retrouver l’algorithme de décomposition QR avec Householder,0
gerer-3.3,Rédiger des procédures,ANANUM-29-18,Connaitre le principe des méthodes itératives,0
gerer-3.3,Rédiger des procédures,ANANUM-29-19,Connaitre le principe de PageRank,0
gerer-3.3,Rédiger des procédures,ANANUM-29-20,Calculer  une valeur propre en utilisant l’algorithme des puissances itérées,0
gerer-3.3,Rédiger des procédures,ANANUM-29-21,Implémenter l’algorithme QR pour les valeurs propres,0
gerer-3.3,Rédiger des procédures,ANANUM-29-22,Calculer les valeurs singulieres d’une matrice a partir des valeurs propres,0
gerer-3.3,Rédiger des procédures,ANANUM-29-23,Implémenter l’algorithme de bidiagonisation pour le calcul de la SVD,0
gerer-3.3,Rédiger des procédures,ANANUM-30-1,Estimer les valeurs propres avec les cercles de Gershgorin,0
gerer-3.3,Rédiger des procédures,ANANUM-31-1,Appliquer les décompositions valeurs propres/singulières pour du débruitage d’images ( ??),0
gerer-3.3,Rédiger des procédures,ANANUM-32-1,Exploiter les structures particulières de matrices,0
gerer-3.3,Rédiger des procédures,ANANUM-32-2,Optimiser l’implémentation de la transformation de Gauss,0
gerer-3.3,Rédiger des procédures,ANANUM-32-3,Optmisier l’approche QR pour les valeurs propres avec la forme tridiagonale,0
gerer-3.3,Rédiger des procédures,ANANUM-49-1,Etre capable de coder en Python/numpy le produit matriciel,0
gerer-3.3,Rédiger des procédures,ANANUM-49-2,Implémenter en Python/numpy l’algorithme de décomposition LU,0
gerer-3.3,Rédiger des procédures,ANANUM-49-3,Implémenter en Python/numpy l’algorithme de décomposition PALU,0
gerer-3.3,Rédiger des procédures,ANANUM-49-4,Implémenter LDL et Cholesky en python/numpy,0
gerer-3.3,Rédiger des procédures,ANANUM-49-5,Implémenter efficacement en Python/numpy l’algorithme de décomposition QR,0
gerer-3.3,Rédiger des procédures,ANANUM-49-6,Implémenter en Python/numpy un algorithme de méthode itérative,0
gerer-3.3,Rédiger des procédures,ANANUM-49-7,Implémenter en python/numpy la décomposition valeurs propres/singulières,0
gerer-3.3,Rédiger des procédures,,,0
gerer-4.1,Auditer des projets,ANANUM-1-1,Retrouver les dimensions d’une matrice,0
gerer-4.1,Auditer des projets,ANANUM-1-2,Identifier les différents type de matrice (structure et taille),0
gerer-4.1,Auditer des projets,ANANUM-1-3,Identifier et connaître un problème des moindres carrés,0
gerer-4.1,Auditer des projets,ANANUM-2-1,Retrouver le schema de résolution des moindres carrés avec la méthode du gradient,0
gerer-4.1,Auditer des projets,ANANUM-3-1,Maitriser les opérations vectorielles (produit scalaire,0
gerer-4.1,Auditer des projets,ANANUM-14-1,Etre capable de représenter un systèmes d’équation linéaire sous forme matricielle,0
gerer-4.1,Auditer des projets,ANANUM-15-3,Connaitre les propriétés d’une matrice de Gauss,0
gerer-4.1,Auditer des projets,ANANUM-15-4,Connaitre les propriétés d’une matrice de permutation,0
gerer-4.1,Auditer des projets,ANANUM-15-5,Connaitre les propriétés d’une matrice définie positive,0
gerer-4.1,Auditer des projets,ANANUM-15-6,Connaitre les propriétés d’une matrice orthogonale,0
gerer-4.1,Auditer des projets,ANANUM-15-7,Connaitre les propriétés d’une matrice de Householder,0
gerer-4.1,Auditer des projets,ANANUM-15-8,Connaitre les propriétés des normes matricielles et vectorielles,0
gerer-4.1,Auditer des projets,ANANUM-15-9,Connaitre les propriétés de la décomposition valeurs propres,0
gerer-4.1,Auditer des projets,ANANUM-15-10,Connaitre les propriétés de la décomposition valeurs singulières,0
gerer-4.1,Auditer des projets,ANANUM-16-1,Connaitre les conditions d’applications de Cholesky et LDL,0
gerer-4.1,Auditer des projets,ANANUM-16-2,Identifier les avantages/limites des méthodes décomposition,0
gerer-4.1,Auditer des projets,ANANUM-16-3,Identifier les similitudes et différences entre Jacobi,0
gerer-4.1,Auditer des projets,ANANUM-29-1,Etre capable d’implémenter un produit matriciel,0
gerer-4.1,Auditer des projets,ANANUM-29-2,Etre capable d’implémenter un produit matriciel de différentes manières,0
gerer-4.1,Auditer des projets,ANANUM-29-3,Connaitre les complexités des opérations vectorielles et matricielles,0
gerer-4.1,Auditer des projets,ANANUM-29-4,Implémenter la résolution d’un systeme d’équation linéaire avec matrice diagonale,0
gerer-4.1,Auditer des projets,ANANUM-29-5,Implémenter la résolution d’un systeme d’équation linéaire avec matrice triangulaire,0
gerer-4.1,Auditer des projets,ANANUM-29-6,Retrouver l’algorithme de calcul de l’inverse d’une matrice triangulaire,0
gerer-4.1,Auditer des projets,ANANUM-29-7,Retrouver les variantes (exterieur/recursive/trisup) de Cholesky,0
gerer-4.1,Auditer des projets,ANANUM-29-8,Connaitre les complexités des la résolution de systeme d’équation triangulaires,0
gerer-4.1,Auditer des projets,ANANUM-29-9,Retrouver le schema de résolution de Ax=b donné A=LU,0
gerer-4.1,Auditer des projets,ANANUM-29-10,Calculer une matrice triangulaire supérieure en utilisant les matrices de Gauss,0
gerer-4.1,Auditer des projets,ANANUM-29-11,Connaitre l’algorithme de décomposition PA=LU,0
gerer-4.1,Auditer des projets,ANANUM-29-12,Retrouver le schema de résolution de Ax=b donné PA=LU,0
gerer-4.1,Auditer des projets,ANANUM-29-13,Retrouver l’algorithme de décomposition A=LDL,0
gerer-4.1,Auditer des projets,ANANUM-29-14,Retrouver l’algorithme de Cholesky,0
gerer-4.1,Auditer des projets,ANANUM-29-16,Retrouver le schema de résolution des moindres carrés avec QR,0
gerer-4.1,Auditer des projets,ANANUM-29-17,Retrouver l’algorithme de décomposition QR avec Householder,0
gerer-4.1,Auditer des projets,ANANUM-29-18,Connaitre le principe des méthodes itératives,0
gerer-4.1,Auditer des projets,ANANUM-29-19,Connaitre le principe de PageRank,0
gerer-4.1,Auditer des projets,ANANUM-29-20,Calculer  une valeur propre en utilisant l’algorithme des puissances itérées,0
gerer-4.1,Auditer des projets,ANANUM-29-21,Implémenter l’algorithme QR pour les valeurs propres,0
gerer-4.1,Auditer des projets,ANANUM-29-22,Calculer les valeurs singulieres d’une matrice a partir des valeurs propres,0
gerer-4.1,Auditer des projets,ANANUM-29-23,Implémenter l’algorithme de bidiagonisation pour le calcul de la SVD,0
gerer-4.1,Auditer des projets,ANANUM-30-1,Estimer les valeurs propres avec les cercles de Gershgorin,0
gerer-4.1,Auditer des projets,ANANUM-31-1,Appliquer les décompositions valeurs propres/singulières pour du débruitage d’images ( ??),0
gerer-4.1,Auditer des projets,ANANUM-32-1,Exploiter les structures particulières de matrices,0
gerer-4.1,Auditer des projets,ANANUM-32-2,Optimiser l’implémentation de la transformation de Gauss,0
gerer-4.1,Auditer des projets,ANANUM-32-3,Optmisier l’approche QR pour les valeurs propres avec la forme tridiagonale,0
gerer-4.1,Auditer des projets,ANANUM-49-1,Etre capable de coder en Python/numpy le produit matriciel,0
gerer-4.1,Auditer des projets,ANANUM-49-2,Implémenter en Python/numpy l’algorithme de décomposition LU,0
gerer-4.1,Auditer des projets,ANANUM-49-3,Implémenter en Python/numpy l’algorithme de décomposition PALU,0
gerer-4.1,Auditer des projets,ANANUM-49-4,Implémenter LDL et Cholesky en python/numpy,0
gerer-4.1,Auditer des projets,ANANUM-49-5,Implémenter efficacement en Python/numpy l’algorithme de décomposition QR,0
gerer-4.1,Auditer des projets,ANANUM-49-6,Implémenter en Python/numpy un algorithme de méthode itérative,0
gerer-4.1,Auditer des projets,ANANUM-49-7,Implémenter en python/numpy la décomposition valeurs propres/singulières,0
gerer-4.1,Auditer des projets,,,0
gerer-4.2,Passer des audits,ANANUM-1-1,Retrouver les dimensions d’une matrice,0
gerer-4.2,Passer des audits,ANANUM-1-2,Identifier les différents type de matrice (structure et taille),0
gerer-4.2,Passer des audits,ANANUM-1-3,Identifier et connaître un problème des moindres carrés,0
gerer-4.2,Passer des audits,ANANUM-2-1,Retrouver le schema de résolution des moindres carrés avec la méthode du gradient,0
gerer-4.2,Passer des audits,ANANUM-3-1,Maitriser les opérations vectorielles (produit scalaire,0
gerer-4.2,Passer des audits,ANANUM-14-1,Etre capable de représenter un systèmes d’équation linéaire sous forme matricielle,0
gerer-4.2,Passer des audits,ANANUM-15-3,Connaitre les propriétés d’une matrice de Gauss,0
gerer-4.2,Passer des audits,ANANUM-15-4,Connaitre les propriétés d’une matrice de permutation,0
gerer-4.2,Passer des audits,ANANUM-15-5,Connaitre les propriétés d’une matrice définie positive,0
gerer-4.2,Passer des audits,ANANUM-15-6,Connaitre les propriétés d’une matrice orthogonale,0
gerer-4.2,Passer des audits,ANANUM-15-7,Connaitre les propriétés d’une matrice de Householder,0
gerer-4.2,Passer des audits,ANANUM-15-8,Connaitre les propriétés des normes matricielles et vectorielles,0
gerer-4.2,Passer des audits,ANANUM-15-9,Connaitre les propriétés de la décomposition valeurs propres,0
gerer-4.2,Passer des audits,ANANUM-15-10,Connaitre les propriétés de la décomposition valeurs singulières,0
gerer-4.2,Passer des audits,ANANUM-16-1,Connaitre les conditions d’applications de Cholesky et LDL,0
gerer-4.2,Passer des audits,ANANUM-16-2,Identifier les avantages/limites des méthodes décomposition,0
gerer-4.2,Passer des audits,ANANUM-16-3,Identifier les similitudes et différences entre Jacobi,0
gerer-4.2,Passer des audits,ANANUM-29-1,Etre capable d’implémenter un produit matriciel,0
gerer-4.2,Passer des audits,ANANUM-29-2,Etre capable d’implémenter un produit matriciel de différentes manières,0
gerer-4.2,Passer des audits,ANANUM-29-3,Connaitre les complexités des opérations vectorielles et matricielles,0
gerer-4.2,Passer des audits,ANANUM-29-4,Implémenter la résolution d’un systeme d’équation linéaire avec matrice diagonale,0
gerer-4.2,Passer des audits,ANANUM-29-5,Implémenter la résolution d’un systeme d’équation linéaire avec matrice triangulaire,0
gerer-4.2,Passer des audits,ANANUM-29-6,Retrouver l’algorithme de calcul de l’inverse d’une matrice triangulaire,0
gerer-4.2,Passer des audits,ANANUM-29-7,Retrouver les variantes (exterieur/recursive/trisup) de Cholesky,0
gerer-4.2,Passer des audits,ANANUM-29-8,Connaitre les complexités des la résolution de systeme d’équation triangulaires,0
gerer-4.2,Passer des audits,ANANUM-29-9,Retrouver le schema de résolution de Ax=b donné A=LU,0
gerer-4.2,Passer des audits,ANANUM-29-10,Calculer une matrice triangulaire supérieure en utilisant les matrices de Gauss,0
gerer-4.2,Passer des audits,ANANUM-29-11,Connaitre l’algorithme de décomposition PA=LU,0
gerer-4.2,Passer des audits,ANANUM-29-12,Retrouver le schema de résolution de Ax=b donné PA=LU,0
gerer-4.2,Passer des audits,ANANUM-29-13,Retrouver l’algorithme de décomposition A=LDL,0
gerer-4.2,Passer des audits,ANANUM-29-14,Retrouver l’algorithme de Cholesky,0
gerer-4.2,Passer des audits,ANANUM-29-16,Retrouver le schema de résolution des moindres carrés avec QR,0
gerer-4.2,Passer des audits,ANANUM-29-17,Retrouver l’algorithme de décomposition QR avec Householder,0
gerer-4.2,Passer des audits,ANANUM-29-18,Connaitre le principe des méthodes itératives,0
gerer-4.2,Passer des audits,ANANUM-29-19,Connaitre le principe de PageRank,0
gerer-4.2,Passer des audits,ANANUM-29-20,Calculer  une valeur propre en utilisant l’algorithme des puissances itérées,0
gerer-4.2,Passer des audits,ANANUM-29-21,Implémenter l’algorithme QR pour les valeurs propres,0
gerer-4.2,Passer des audits,ANANUM-29-22,Calculer les valeurs singulieres d’une matrice a partir des valeurs propres,0
gerer-4.2,Passer des audits,ANANUM-29-23,Implémenter l’algorithme de bidiagonisation pour le calcul de la SVD,0
gerer-4.2,Passer des audits,ANANUM-30-1,Estimer les valeurs propres avec les cercles de Gershgorin,0
gerer-4.2,Passer des audits,ANANUM-31-1,Appliquer les décompositions valeurs propres/singulières pour du débruitage d’images ( ??),0
gerer-4.2,Passer des audits,ANANUM-32-1,Exploiter les structures particulières de matrices,0
gerer-4.2,Passer des audits,ANANUM-32-2,Optimiser l’implémentation de la transformation de Gauss,0
gerer-4.2,Passer des audits,ANANUM-32-3,Optmisier l’approche QR pour les valeurs propres avec la forme tridiagonale,0
gerer-4.2,Passer des audits,ANANUM-49-1,Etre capable de coder en Python/numpy le produit matriciel,0
gerer-4.2,Passer des audits,ANANUM-49-2,Implémenter en Python/numpy l’algorithme de décomposition LU,0
gerer-4.2,Passer des audits,ANANUM-49-3,Implémenter en Python/numpy l’algorithme de décomposition PALU,0
gerer-4.2,Passer des audits,ANANUM-49-4,Implémenter LDL et Cholesky en python/numpy,0
gerer-4.2,Passer des audits,ANANUM-49-5,Implémenter efficacement en Python/numpy l’algorithme de décomposition QR,0
gerer-4.2,Passer des audits,ANANUM-49-6,Implémenter en Python/numpy un algorithme de méthode itérative,0
gerer-4.2,Passer des audits,ANANUM-49-7,Implémenter en python/numpy la décomposition valeurs propres/singulières,0
gerer-4.2,Passer des audits,,,0
gerer-4.3,Organiser les rôles et les tâches,ANANUM-1-1,Retrouver les dimensions d’une matrice,0
gerer-4.3,Organiser les rôles et les tâches,ANANUM-1-2,Identifier les différents type de matrice (structure et taille),0
gerer-4.3,Organiser les rôles et les tâches,ANANUM-1-3,Identifier et connaître un problème des moindres carrés,0
gerer-4.3,Organiser les rôles et les tâches,ANANUM-2-1,Retrouver le schema de résolution des moindres carrés avec la méthode du gradient,0
gerer-4.3,Organiser les rôles et les tâches,ANANUM-3-1,Maitriser les opérations vectorielles (produit scalaire,0
gerer-4.3,Organiser les rôles et les tâches,ANANUM-14-1,Etre capable de représenter un systèmes d’équation linéaire sous forme matricielle,0
gerer-4.3,Organiser les rôles et les tâches,ANANUM-15-3,Connaitre les propriétés d’une matrice de Gauss,0
gerer-4.3,Organiser les rôles et les tâches,ANANUM-15-4,Connaitre les propriétés d’une matrice de permutation,0
gerer-4.3,Organiser les rôles et les tâches,ANANUM-15-5,Connaitre les propriétés d’une matrice définie positive,0
gerer-4.3,Organiser les rôles et les tâches,ANANUM-15-6,Connaitre les propriétés d’une matrice orthogonale,0
gerer-4.3,Organiser les rôles et les tâches,ANANUM-15-7,Connaitre les propriétés d’une matrice de Householder,0
gerer-4.3,Organiser les rôles et les tâches,ANANUM-15-8,Connaitre les propriétés des normes matricielles et vectorielles,0
gerer-4.3,Organiser les rôles et les tâches,ANANUM-15-9,Connaitre les propriétés de la décomposition valeurs propres,0
gerer-4.3,Organiser les rôles et les tâches,ANANUM-15-10,Connaitre les propriétés de la décomposition valeurs singulières,0
gerer-4.3,Organiser les rôles et les tâches,ANANUM-16-1,Connaitre les conditions d’applications de Cholesky et LDL,0
gerer-4.3,Organiser les rôles et les tâches,ANANUM-16-2,Identifier les avantages/limites des méthodes décomposition,0
gerer-4.3,Organiser les rôles et les tâches,ANANUM-16-3,Identifier les similitudes et différences entre Jacobi,0
gerer-4.3,Organiser les rôles et les tâches,ANANUM-29-1,Etre capable d’implémenter un produit matriciel,0
gerer-4.3,Organiser les rôles et les tâches,ANANUM-29-2,Etre capable d’implémenter un produit matriciel de différentes manières,0
gerer-4.3,Organiser les rôles et les tâches,ANANUM-29-3,Connaitre les complexités des opérations vectorielles et matricielles,0
gerer-4.3,Organiser les rôles et les tâches,ANANUM-29-4,Implémenter la résolution d’un systeme d’équation linéaire avec matrice diagonale,0
gerer-4.3,Organiser les rôles et les tâches,ANANUM-29-5,Implémenter la résolution d’un systeme d’équation linéaire avec matrice triangulaire,0
gerer-4.3,Organiser les rôles et les tâches,ANANUM-29-6,Retrouver l’algorithme de calcul de l’inverse d’une matrice triangulaire,0
gerer-4.3,Organiser les rôles et les tâches,ANANUM-29-7,Retrouver les variantes (exterieur/recursive/trisup) de Cholesky,0
gerer-4.3,Organiser les rôles et les tâches,ANANUM-29-8,Connaitre les complexités des la résolution de systeme d’équation triangulaires,0
gerer-4.3,Organiser les rôles et les tâches,ANANUM-29-9,Retrouver le schema de résolution de Ax=b donné A=LU,0
gerer-4.3,Organiser les rôles et les tâches,ANANUM-29-10,Calculer une matrice triangulaire supérieure en utilisant les matrices de Gauss,0
gerer-4.3,Organiser les rôles et les tâches,ANANUM-29-11,Connaitre l’algorithme de décomposition PA=LU,0
gerer-4.3,Organiser les rôles et les tâches,ANANUM-29-12,Retrouver le schema de résolution de Ax=b donné PA=LU,0
gerer-4.3,Organiser les rôles et les tâches,ANANUM-29-13,Retrouver l’algorithme de décomposition A=LDL,0
gerer-4.3,Organiser les rôles et les tâches,ANANUM-29-14,Retrouver l’algorithme de Cholesky,0
gerer-4.3,Organiser les rôles et les tâches,ANANUM-29-16,Retrouver le schema de résolution des moindres carrés avec QR,0
gerer-4.3,Organiser les rôles et les tâches,ANANUM-29-17,Retrouver l’algorithme de décomposition QR avec Householder,0
gerer-4.3,Organiser les rôles et les tâches,ANANUM-29-18,Connaitre le principe des méthodes itératives,0
gerer-4.3,Organiser les rôles et les tâches,ANANUM-29-19,Connaitre le principe de PageRank,0
gerer-4.3,Organiser les rôles et les tâches,ANANUM-29-20,Calculer  une valeur propre en utilisant l’algorithme des puissances itérées,0
gerer-4.3,Organiser les rôles et les tâches,ANANUM-29-21,Implémenter l’algorithme QR pour les valeurs propres,0
gerer-4.3,Organiser les rôles et les tâches,ANANUM-29-22,Calculer les valeurs singulieres d’une matrice a partir des valeurs propres,0
gerer-4.3,Organiser les rôles et les tâches,ANANUM-29-23,Implémenter l’algorithme de bidiagonisation pour le calcul de la SVD,0
gerer-4.3,Organiser les rôles et les tâches,ANANUM-30-1,Estimer les valeurs propres avec les cercles de Gershgorin,0
gerer-4.3,Organiser les rôles et les tâches,ANANUM-31-1,Appliquer les décompositions valeurs propres/singulières pour du débruitage d’images ( ??),0
gerer-4.3,Organiser les rôles et les tâches,ANANUM-32-1,Exploiter les structures particulières de matrices,0
gerer-4.3,Organiser les rôles et les tâches,ANANUM-32-2,Optimiser l’implémentation de la transformation de Gauss,0
gerer-4.3,Organiser les rôles et les tâches,ANANUM-32-3,Optmisier l’approche QR pour les valeurs propres avec la forme tridiagonale,0
gerer-4.3,Organiser les rôles et les tâches,ANANUM-49-1,Etre capable de coder en Python/numpy le produit matriciel,0
gerer-4.3,Organiser les rôles et les tâches,ANANUM-49-2,Implémenter en Python/numpy l’algorithme de décomposition LU,0
gerer-4.3,Organiser les rôles et les tâches,ANANUM-49-3,Implémenter en Python/numpy l’algorithme de décomposition PALU,0
gerer-4.3,Organiser les rôles et les tâches,ANANUM-49-4,Implémenter LDL et Cholesky en python/numpy,0
gerer-4.3,Organiser les rôles et les tâches,ANANUM-49-5,Implémenter efficacement en Python/numpy l’algorithme de décomposition QR,0
gerer-4.3,Organiser les rôles et les tâches,ANANUM-49-6,Implémenter en Python/numpy un algorithme de méthode itérative,0
gerer-4.3,Organiser les rôles et les tâches,ANANUM-49-7,Implémenter en python/numpy la décomposition valeurs propres/singulières,0
gerer-4.3,Organiser les rôles et les tâches,,,0
communiquer-1.1,Documenter le code à l’aide d’un framework,ANANUM-1-1,Retrouver les dimensions d’une matrice,0
communiquer-1.1,Documenter le code à l’aide d’un framework,ANANUM-1-2,Identifier les différents type de matrice (structure et taille),0
communiquer-1.1,Documenter le code à l’aide d’un framework,ANANUM-1-3,Identifier et connaître un problème des moindres carrés,0
communiquer-1.1,Documenter le code à l’aide d’un framework,ANANUM-2-1,Retrouver le schema de résolution des moindres carrés avec la méthode du gradient,0
communiquer-1.1,Documenter le code à l’aide d’un framework,ANANUM-3-1,Maitriser les opérations vectorielles (produit scalaire,0
communiquer-1.1,Documenter le code à l’aide d’un framework,ANANUM-14-1,Etre capable de représenter un systèmes d’équation linéaire sous forme matricielle,0
communiquer-1.1,Documenter le code à l’aide d’un framework,ANANUM-15-3,Connaitre les propriétés d’une matrice de Gauss,0
communiquer-1.1,Documenter le code à l’aide d’un framework,ANANUM-15-4,Connaitre les propriétés d’une matrice de permutation,0
communiquer-1.1,Documenter le code à l’aide d’un framework,ANANUM-15-5,Connaitre les propriétés d’une matrice définie positive,0
communiquer-1.1,Documenter le code à l’aide d’un framework,ANANUM-15-6,Connaitre les propriétés d’une matrice orthogonale,0
communiquer-1.1,Documenter le code à l’aide d’un framework,ANANUM-15-7,Connaitre les propriétés d’une matrice de Householder,0
communiquer-1.1,Documenter le code à l’aide d’un framework,ANANUM-15-8,Connaitre les propriétés des normes matricielles et vectorielles,0
communiquer-1.1,Documenter le code à l’aide d’un framework,ANANUM-15-9,Connaitre les propriétés de la décomposition valeurs propres,0
communiquer-1.1,Documenter le code à l’aide d’un framework,ANANUM-15-10,Connaitre les propriétés de la décomposition valeurs singulières,0
communiquer-1.1,Documenter le code à l’aide d’un framework,ANANUM-16-1,Connaitre les conditions d’applications de Cholesky et LDL,0
communiquer-1.1,Documenter le code à l’aide d’un framework,ANANUM-16-2,Identifier les avantages/limites des méthodes décomposition,0
communiquer-1.1,Documenter le code à l’aide d’un framework,ANANUM-16-3,Identifier les similitudes et différences entre Jacobi,0
communiquer-1.1,Documenter le code à l’aide d’un framework,ANANUM-29-1,Etre capable d’implémenter un produit matriciel,0
communiquer-1.1,Documenter le code à l’aide d’un framework,ANANUM-29-2,Etre capable d’implémenter un produit matriciel de différentes manières,0
communiquer-1.1,Documenter le code à l’aide d’un framework,ANANUM-29-3,Connaitre les complexités des opérations vectorielles et matricielles,0
communiquer-1.1,Documenter le code à l’aide d’un framework,ANANUM-29-4,Implémenter la résolution d’un systeme d’équation linéaire avec matrice diagonale,0
communiquer-1.1,Documenter le code à l’aide d’un framework,ANANUM-29-5,Implémenter la résolution d’un systeme d’équation linéaire avec matrice triangulaire,0
communiquer-1.1,Documenter le code à l’aide d’un framework,ANANUM-29-6,Retrouver l’algorithme de calcul de l’inverse d’une matrice triangulaire,0
communiquer-1.1,Documenter le code à l’aide d’un framework,ANANUM-29-7,Retrouver les variantes (exterieur/recursive/trisup) de Cholesky,0
communiquer-1.1,Documenter le code à l’aide d’un framework,ANANUM-29-8,Connaitre les complexités des la résolution de systeme d’équation triangulaires,0
communiquer-1.1,Documenter le code à l’aide d’un framework,ANANUM-29-9,Retrouver le schema de résolution de Ax=b donné A=LU,0
communiquer-1.1,Documenter le code à l’aide d’un framework,ANANUM-29-10,Calculer une matrice triangulaire supérieure en utilisant les matrices de Gauss,0
communiquer-1.1,Documenter le code à l’aide d’un framework,ANANUM-29-11,Connaitre l’algorithme de décomposition PA=LU,0
communiquer-1.1,Documenter le code à l’aide d’un framework,ANANUM-29-12,Retrouver le schema de résolution de Ax=b donné PA=LU,0
communiquer-1.1,Documenter le code à l’aide d’un framework,ANANUM-29-13,Retrouver l’algorithme de décomposition A=LDL,0
communiquer-1.1,Documenter le code à l’aide d’un framework,ANANUM-29-14,Retrouver l’algorithme de Cholesky,0
communiquer-1.1,Documenter le code à l’aide d’un framework,ANANUM-29-16,Retrouver le schema de résolution des moindres carrés avec QR,0
communiquer-1.1,Documenter le code à l’aide d’un framework,ANANUM-29-17,Retrouver l’algorithme de décomposition QR avec Householder,0
communiquer-1.1,Documenter le code à l’aide d’un framework,ANANUM-29-18,Connaitre le principe des méthodes itératives,0
communiquer-1.1,Documenter le code à l’aide d’un framework,ANANUM-29-19,Connaitre le principe de PageRank,0
communiquer-1.1,Documenter le code à l’aide d’un framework,ANANUM-29-20,Calculer  une valeur propre en utilisant l’algorithme des puissances itérées,0
communiquer-1.1,Documenter le code à l’aide d’un framework,ANANUM-29-21,Implémenter l’algorithme QR pour les valeurs propres,0
communiquer-1.1,Documenter le code à l’aide d’un framework,ANANUM-29-22,Calculer les valeurs singulieres d’une matrice a partir des valeurs propres,0
communiquer-1.1,Documenter le code à l’aide d’un framework,ANANUM-29-23,Implémenter l’algorithme de bidiagonisation pour le calcul de la SVD,0
communiquer-1.1,Documenter le code à l’aide d’un framework,ANANUM-30-1,Estimer les valeurs propres avec les cercles de Gershgorin,0
communiquer-1.1,Documenter le code à l’aide d’un framework,ANANUM-31-1,Appliquer les décompositions valeurs propres/singulières pour du débruitage d’images ( ??),0
communiquer-1.1,Documenter le code à l’aide d’un framework,ANANUM-32-1,Exploiter les structures particulières de matrices,0
communiquer-1.1,Documenter le code à l’aide d’un framework,ANANUM-32-2,Optimiser l’implémentation de la transformation de Gauss,0
communiquer-1.1,Documenter le code à l’aide d’un framework,ANANUM-32-3,Optmisier l’approche QR pour les valeurs propres avec la forme tridiagonale,0
communiquer-1.1,Documenter le code à l’aide d’un framework,ANANUM-49-1,Etre capable de coder en Python/numpy le produit matriciel,0
communiquer-1.1,Documenter le code à l’aide d’un framework,ANANUM-49-2,Implémenter en Python/numpy l’algorithme de décomposition LU,0
communiquer-1.1,Documenter le code à l’aide d’un framework,ANANUM-49-3,Implémenter en Python/numpy l’algorithme de décomposition PALU,0
communiquer-1.1,Documenter le code à l’aide d’un framework,ANANUM-49-4,Implémenter LDL et Cholesky en python/numpy,0
communiquer-1.1,Documenter le code à l’aide d’un framework,ANANUM-49-5,Implémenter efficacement en Python/numpy l’algorithme de décomposition QR,0
communiquer-1.1,Documenter le code à l’aide d’un framework,ANANUM-49-6,Implémenter en Python/numpy un algorithme de méthode itérative,0
communiquer-1.1,Documenter le code à l’aide d’un framework,ANANUM-49-7,Implémenter en python/numpy la décomposition valeurs propres/singulières,0
communiquer-1.1,Documenter le code à l’aide d’un framework,,,0
communiquer-1.2,Rédiger un rapport cohérent retraçant toutes les étapes du cycle de vie du projet,ANANUM-1-1,Retrouver les dimensions d’une matrice,0
communiquer-1.2,Rédiger un rapport cohérent retraçant toutes les étapes du cycle de vie du projet,ANANUM-1-2,Identifier les différents type de matrice (structure et taille),0
communiquer-1.2,Rédiger un rapport cohérent retraçant toutes les étapes du cycle de vie du projet,ANANUM-1-3,Identifier et connaître un problème des moindres carrés,0
communiquer-1.2,Rédiger un rapport cohérent retraçant toutes les étapes du cycle de vie du projet,ANANUM-2-1,Retrouver le schema de résolution des moindres carrés avec la méthode du gradient,0
communiquer-1.2,Rédiger un rapport cohérent retraçant toutes les étapes du cycle de vie du projet,ANANUM-3-1,Maitriser les opérations vectorielles (produit scalaire,0
communiquer-1.2,Rédiger un rapport cohérent retraçant toutes les étapes du cycle de vie du projet,ANANUM-14-1,Etre capable de représenter un systèmes d’équation linéaire sous forme matricielle,0
communiquer-1.2,Rédiger un rapport cohérent retraçant toutes les étapes du cycle de vie du projet,ANANUM-15-3,Connaitre les propriétés d’une matrice de Gauss,0
communiquer-1.2,Rédiger un rapport cohérent retraçant toutes les étapes du cycle de vie du projet,ANANUM-15-4,Connaitre les propriétés d’une matrice de permutation,0
communiquer-1.2,Rédiger un rapport cohérent retraçant toutes les étapes du cycle de vie du projet,ANANUM-15-5,Connaitre les propriétés d’une matrice définie positive,0
communiquer-1.2,Rédiger un rapport cohérent retraçant toutes les étapes du cycle de vie du projet,ANANUM-15-6,Connaitre les propriétés d’une matrice orthogonale,0
communiquer-1.2,Rédiger un rapport cohérent retraçant toutes les étapes du cycle de vie du projet,ANANUM-15-7,Connaitre les propriétés d’une matrice de Householder,0
communiquer-1.2,Rédiger un rapport cohérent retraçant toutes les étapes du cycle de vie du projet,ANANUM-15-8,Connaitre les propriétés des normes matricielles et vectorielles,0
communiquer-1.2,Rédiger un rapport cohérent retraçant toutes les étapes du cycle de vie du projet,ANANUM-15-9,Connaitre les propriétés de la décomposition valeurs propres,0
communiquer-1.2,Rédiger un rapport cohérent retraçant toutes les étapes du cycle de vie du projet,ANANUM-15-10,Connaitre les propriétés de la décomposition valeurs singulières,0
communiquer-1.2,Rédiger un rapport cohérent retraçant toutes les étapes du cycle de vie du projet,ANANUM-16-1,Connaitre les conditions d’applications de Cholesky et LDL,0
communiquer-1.2,Rédiger un rapport cohérent retraçant toutes les étapes du cycle de vie du projet,ANANUM-16-2,Identifier les avantages/limites des méthodes décomposition,0
communiquer-1.2,Rédiger un rapport cohérent retraçant toutes les étapes du cycle de vie du projet,ANANUM-16-3,Identifier les similitudes et différences entre Jacobi,0
communiquer-1.2,Rédiger un rapport cohérent retraçant toutes les étapes du cycle de vie du projet,ANANUM-29-1,Etre capable d’implémenter un produit matriciel,0
communiquer-1.2,Rédiger un rapport cohérent retraçant toutes les étapes du cycle de vie du projet,ANANUM-29-2,Etre capable d’implémenter un produit matriciel de différentes manières,0
communiquer-1.2,Rédiger un rapport cohérent retraçant toutes les étapes du cycle de vie du projet,ANANUM-29-3,Connaitre les complexités des opérations vectorielles et matricielles,0
communiquer-1.2,Rédiger un rapport cohérent retraçant toutes les étapes du cycle de vie du projet,ANANUM-29-4,Implémenter la résolution d’un systeme d’équation linéaire avec matrice diagonale,0
communiquer-1.2,Rédiger un rapport cohérent retraçant toutes les étapes du cycle de vie du projet,ANANUM-29-5,Implémenter la résolution d’un systeme d’équation linéaire avec matrice triangulaire,0
communiquer-1.2,Rédiger un rapport cohérent retraçant toutes les étapes du cycle de vie du projet,ANANUM-29-6,Retrouver l’algorithme de calcul de l’inverse d’une matrice triangulaire,0
communiquer-1.2,Rédiger un rapport cohérent retraçant toutes les étapes du cycle de vie du projet,ANANUM-29-7,Retrouver les variantes (exterieur/recursive/trisup) de Cholesky,0
communiquer-1.2,Rédiger un rapport cohérent retraçant toutes les étapes du cycle de vie du projet,ANANUM-29-8,Connaitre les complexités des la résolution de systeme d’équation triangulaires,0
communiquer-1.2,Rédiger un rapport cohérent retraçant toutes les étapes du cycle de vie du projet,ANANUM-29-9,Retrouver le schema de résolution de Ax=b donné A=LU,0
communiquer-1.2,Rédiger un rapport cohérent retraçant toutes les étapes du cycle de vie du projet,ANANUM-29-10,Calculer une matrice triangulaire supérieure en utilisant les matrices de Gauss,0
communiquer-1.2,Rédiger un rapport cohérent retraçant toutes les étapes du cycle de vie du projet,ANANUM-29-11,Connaitre l’algorithme de décomposition PA=LU,0
communiquer-1.2,Rédiger un rapport cohérent retraçant toutes les étapes du cycle de vie du projet,ANANUM-29-12,Retrouver le schema de résolution de Ax=b donné PA=LU,0
communiquer-1.2,Rédiger un rapport cohérent retraçant toutes les étapes du cycle de vie du projet,ANANUM-29-13,Retrouver l’algorithme de décomposition A=LDL,0
communiquer-1.2,Rédiger un rapport cohérent retraçant toutes les étapes du cycle de vie du projet,ANANUM-29-14,Retrouver l’algorithme de Cholesky,0
communiquer-1.2,Rédiger un rapport cohérent retraçant toutes les étapes du cycle de vie du projet,ANANUM-29-16,Retrouver le schema de résolution des moindres carrés avec QR,0
communiquer-1.2,Rédiger un rapport cohérent retraçant toutes les étapes du cycle de vie du projet,ANANUM-29-17,Retrouver l’algorithme de décomposition QR avec Householder,0
communiquer-1.2,Rédiger un rapport cohérent retraçant toutes les étapes du cycle de vie du projet,ANANUM-29-18,Connaitre le principe des méthodes itératives,0
communiquer-1.2,Rédiger un rapport cohérent retraçant toutes les étapes du cycle de vie du projet,ANANUM-29-19,Connaitre le principe de PageRank,0
communiquer-1.2,Rédiger un rapport cohérent retraçant toutes les étapes du cycle de vie du projet,ANANUM-29-20,Calculer  une valeur propre en utilisant l’algorithme des puissances itérées,0
communiquer-1.2,Rédiger un rapport cohérent retraçant toutes les étapes du cycle de vie du projet,ANANUM-29-21,Implémenter l’algorithme QR pour les valeurs propres,0
communiquer-1.2,Rédiger un rapport cohérent retraçant toutes les étapes du cycle de vie du projet,ANANUM-29-22,Calculer les valeurs singulieres d’une matrice a partir des valeurs propres,0
communiquer-1.2,Rédiger un rapport cohérent retraçant toutes les étapes du cycle de vie du projet,ANANUM-29-23,Implémenter l’algorithme de bidiagonisation pour le calcul de la SVD,0
communiquer-1.2,Rédiger un rapport cohérent retraçant toutes les étapes du cycle de vie du projet,ANANUM-30-1,Estimer les valeurs propres avec les cercles de Gershgorin,0
communiquer-1.2,Rédiger un rapport cohérent retraçant toutes les étapes du cycle de vie du projet,ANANUM-31-1,Appliquer les décompositions valeurs propres/singulières pour du débruitage d’images ( ??),0
communiquer-1.2,Rédiger un rapport cohérent retraçant toutes les étapes du cycle de vie du projet,ANANUM-32-1,Exploiter les structures particulières de matrices,0
communiquer-1.2,Rédiger un rapport cohérent retraçant toutes les étapes du cycle de vie du projet,ANANUM-32-2,Optimiser l’implémentation de la transformation de Gauss,0
communiquer-1.2,Rédiger un rapport cohérent retraçant toutes les étapes du cycle de vie du projet,ANANUM-32-3,Optmisier l’approche QR pour les valeurs propres avec la forme tridiagonale,0
communiquer-1.2,Rédiger un rapport cohérent retraçant toutes les étapes du cycle de vie du projet,ANANUM-49-1,Etre capable de coder en Python/numpy le produit matriciel,0
communiquer-1.2,Rédiger un rapport cohérent retraçant toutes les étapes du cycle de vie du projet,ANANUM-49-2,Implémenter en Python/numpy l’algorithme de décomposition LU,0
communiquer-1.2,Rédiger un rapport cohérent retraçant toutes les étapes du cycle de vie du projet,ANANUM-49-3,Implémenter en Python/numpy l’algorithme de décomposition PALU,0
communiquer-1.2,Rédiger un rapport cohérent retraçant toutes les étapes du cycle de vie du projet,ANANUM-49-4,Implémenter LDL et Cholesky en python/numpy,0
communiquer-1.2,Rédiger un rapport cohérent retraçant toutes les étapes du cycle de vie du projet,ANANUM-49-5,Implémenter efficacement en Python/numpy l’algorithme de décomposition QR,0
communiquer-1.2,Rédiger un rapport cohérent retraçant toutes les étapes du cycle de vie du projet,ANANUM-49-6,Implémenter en Python/numpy un algorithme de méthode itérative,0
communiquer-1.2,Rédiger un rapport cohérent retraçant toutes les étapes du cycle de vie du projet,ANANUM-49-7,Implémenter en python/numpy la décomposition valeurs propres/singulières,0
communiquer-1.2,Rédiger un rapport cohérent retraçant toutes les étapes du cycle de vie du projet,,,0
communiquer-1.3,Représenter les modèles à l’aide de langage formel,ANANUM-1-1,Retrouver les dimensions d’une matrice,0
communiquer-1.3,Représenter les modèles à l’aide de langage formel,ANANUM-1-2,Identifier les différents type de matrice (structure et taille),0
communiquer-1.3,Représenter les modèles à l’aide de langage formel,ANANUM-1-3,Identifier et connaître un problème des moindres carrés,0
communiquer-1.3,Représenter les modèles à l’aide de langage formel,ANANUM-2-1,Retrouver le schema de résolution des moindres carrés avec la méthode du gradient,0
communiquer-1.3,Représenter les modèles à l’aide de langage formel,ANANUM-3-1,Maitriser les opérations vectorielles (produit scalaire,0
communiquer-1.3,Représenter les modèles à l’aide de langage formel,ANANUM-14-1,Etre capable de représenter un systèmes d’équation linéaire sous forme matricielle,0
communiquer-1.3,Représenter les modèles à l’aide de langage formel,ANANUM-15-3,Connaitre les propriétés d’une matrice de Gauss,0
communiquer-1.3,Représenter les modèles à l’aide de langage formel,ANANUM-15-4,Connaitre les propriétés d’une matrice de permutation,0
communiquer-1.3,Représenter les modèles à l’aide de langage formel,ANANUM-15-5,Connaitre les propriétés d’une matrice définie positive,0
communiquer-1.3,Représenter les modèles à l’aide de langage formel,ANANUM-15-6,Connaitre les propriétés d’une matrice orthogonale,0
communiquer-1.3,Représenter les modèles à l’aide de langage formel,ANANUM-15-7,Connaitre les propriétés d’une matrice de Householder,0
communiquer-1.3,Représenter les modèles à l’aide de langage formel,ANANUM-15-8,Connaitre les propriétés des normes matricielles et vectorielles,0
communiquer-1.3,Représenter les modèles à l’aide de langage formel,ANANUM-15-9,Connaitre les propriétés de la décomposition valeurs propres,0
communiquer-1.3,Représenter les modèles à l’aide de langage formel,ANANUM-15-10,Connaitre les propriétés de la décomposition valeurs singulières,0
communiquer-1.3,Représenter les modèles à l’aide de langage formel,ANANUM-16-1,Connaitre les conditions d’applications de Cholesky et LDL,0
communiquer-1.3,Représenter les modèles à l’aide de langage formel,ANANUM-16-2,Identifier les avantages/limites des méthodes décomposition,0
communiquer-1.3,Représenter les modèles à l’aide de langage formel,ANANUM-16-3,Identifier les similitudes et différences entre Jacobi,0
communiquer-1.3,Représenter les modèles à l’aide de langage formel,ANANUM-29-1,Etre capable d’implémenter un produit matriciel,0
communiquer-1.3,Représenter les modèles à l’aide de langage formel,ANANUM-29-2,Etre capable d’implémenter un produit matriciel de différentes manières,0
communiquer-1.3,Représenter les modèles à l’aide de langage formel,ANANUM-29-3,Connaitre les complexités des opérations vectorielles et matricielles,0
communiquer-1.3,Représenter les modèles à l’aide de langage formel,ANANUM-29-4,Implémenter la résolution d’un systeme d’équation linéaire avec matrice diagonale,0
communiquer-1.3,Représenter les modèles à l’aide de langage formel,ANANUM-29-5,Implémenter la résolution d’un systeme d’équation linéaire avec matrice triangulaire,0
communiquer-1.3,Représenter les modèles à l’aide de langage formel,ANANUM-29-6,Retrouver l’algorithme de calcul de l’inverse d’une matrice triangulaire,0
communiquer-1.3,Représenter les modèles à l’aide de langage formel,ANANUM-29-7,Retrouver les variantes (exterieur/recursive/trisup) de Cholesky,0
communiquer-1.3,Représenter les modèles à l’aide de langage formel,ANANUM-29-8,Connaitre les complexités des la résolution de systeme d’équation triangulaires,0
communiquer-1.3,Représenter les modèles à l’aide de langage formel,ANANUM-29-9,Retrouver le schema de résolution de Ax=b donné A=LU,0
communiquer-1.3,Représenter les modèles à l’aide de langage formel,ANANUM-29-10,Calculer une matrice triangulaire supérieure en utilisant les matrices de Gauss,0
communiquer-1.3,Représenter les modèles à l’aide de langage formel,ANANUM-29-11,Connaitre l’algorithme de décomposition PA=LU,0
communiquer-1.3,Représenter les modèles à l’aide de langage formel,ANANUM-29-12,Retrouver le schema de résolution de Ax=b donné PA=LU,0
communiquer-1.3,Représenter les modèles à l’aide de langage formel,ANANUM-29-13,Retrouver l’algorithme de décomposition A=LDL,0
communiquer-1.3,Représenter les modèles à l’aide de langage formel,ANANUM-29-14,Retrouver l’algorithme de Cholesky,0
communiquer-1.3,Représenter les modèles à l’aide de langage formel,ANANUM-29-16,Retrouver le schema de résolution des moindres carrés avec QR,0
communiquer-1.3,Représenter les modèles à l’aide de langage formel,ANANUM-29-17,Retrouver l’algorithme de décomposition QR avec Householder,0
communiquer-1.3,Représenter les modèles à l’aide de langage formel,ANANUM-29-18,Connaitre le principe des méthodes itératives,0
communiquer-1.3,Représenter les modèles à l’aide de langage formel,ANANUM-29-19,Connaitre le principe de PageRank,0
communiquer-1.3,Représenter les modèles à l’aide de langage formel,ANANUM-29-20,Calculer  une valeur propre en utilisant l’algorithme des puissances itérées,0
communiquer-1.3,Représenter les modèles à l’aide de langage formel,ANANUM-29-21,Implémenter l’algorithme QR pour les valeurs propres,0
communiquer-1.3,Représenter les modèles à l’aide de langage formel,ANANUM-29-22,Calculer les valeurs singulieres d’une matrice a partir des valeurs propres,0
communiquer-1.3,Représenter les modèles à l’aide de langage formel,ANANUM-29-23,Implémenter l’algorithme de bidiagonisation pour le calcul de la SVD,0
communiquer-1.3,Représenter les modèles à l’aide de langage formel,ANANUM-30-1,Estimer les valeurs propres avec les cercles de Gershgorin,0
communiquer-1.3,Représenter les modèles à l’aide de langage formel,ANANUM-31-1,Appliquer les décompositions valeurs propres/singulières pour du débruitage d’images ( ??),0
communiquer-1.3,Représenter les modèles à l’aide de langage formel,ANANUM-32-1,Exploiter les structures particulières de matrices,0
communiquer-1.3,Représenter les modèles à l’aide de langage formel,ANANUM-32-2,Optimiser l’implémentation de la transformation de Gauss,0
communiquer-1.3,Représenter les modèles à l’aide de langage formel,ANANUM-32-3,Optmisier l’approche QR pour les valeurs propres avec la forme tridiagonale,0
communiquer-1.3,Représenter les modèles à l’aide de langage formel,ANANUM-49-1,Etre capable de coder en Python/numpy le produit matriciel,0
communiquer-1.3,Représenter les modèles à l’aide de langage formel,ANANUM-49-2,Implémenter en Python/numpy l’algorithme de décomposition LU,0
communiquer-1.3,Représenter les modèles à l’aide de langage formel,ANANUM-49-3,Implémenter en Python/numpy l’algorithme de décomposition PALU,0
communiquer-1.3,Représenter les modèles à l’aide de langage formel,ANANUM-49-4,Implémenter LDL et Cholesky en python/numpy,0
communiquer-1.3,Représenter les modèles à l’aide de langage formel,ANANUM-49-5,Implémenter efficacement en Python/numpy l’algorithme de décomposition QR,0
communiquer-1.3,Représenter les modèles à l’aide de langage formel,ANANUM-49-6,Implémenter en Python/numpy un algorithme de méthode itérative,0
communiquer-1.3,Représenter les modèles à l’aide de langage formel,ANANUM-49-7,Implémenter en python/numpy la décomposition valeurs propres/singulières,0
communiquer-1.3,Représenter les modèles à l’aide de langage formel,,,0
communiquer-2.1,Rédiger des supports de présentation,ANANUM-1-1,Retrouver les dimensions d’une matrice,0
communiquer-2.1,Rédiger des supports de présentation,ANANUM-1-2,Identifier les différents type de matrice (structure et taille),0
communiquer-2.1,Rédiger des supports de présentation,ANANUM-1-3,Identifier et connaître un problème des moindres carrés,0
communiquer-2.1,Rédiger des supports de présentation,ANANUM-2-1,Retrouver le schema de résolution des moindres carrés avec la méthode du gradient,0
communiquer-2.1,Rédiger des supports de présentation,ANANUM-3-1,Maitriser les opérations vectorielles (produit scalaire,0
communiquer-2.1,Rédiger des supports de présentation,ANANUM-14-1,Etre capable de représenter un systèmes d’équation linéaire sous forme matricielle,0
communiquer-2.1,Rédiger des supports de présentation,ANANUM-15-3,Connaitre les propriétés d’une matrice de Gauss,0
communiquer-2.1,Rédiger des supports de présentation,ANANUM-15-4,Connaitre les propriétés d’une matrice de permutation,0
communiquer-2.1,Rédiger des supports de présentation,ANANUM-15-5,Connaitre les propriétés d’une matrice définie positive,0
communiquer-2.1,Rédiger des supports de présentation,ANANUM-15-6,Connaitre les propriétés d’une matrice orthogonale,0
communiquer-2.1,Rédiger des supports de présentation,ANANUM-15-7,Connaitre les propriétés d’une matrice de Householder,0
communiquer-2.1,Rédiger des supports de présentation,ANANUM-15-8,Connaitre les propriétés des normes matricielles et vectorielles,0
communiquer-2.1,Rédiger des supports de présentation,ANANUM-15-9,Connaitre les propriétés de la décomposition valeurs propres,0
communiquer-2.1,Rédiger des supports de présentation,ANANUM-15-10,Connaitre les propriétés de la décomposition valeurs singulières,0
communiquer-2.1,Rédiger des supports de présentation,ANANUM-16-1,Connaitre les conditions d’applications de Cholesky et LDL,0
communiquer-2.1,Rédiger des supports de présentation,ANANUM-16-2,Identifier les avantages/limites des méthodes décomposition,0
communiquer-2.1,Rédiger des supports de présentation,ANANUM-16-3,Identifier les similitudes et différences entre Jacobi,0
communiquer-2.1,Rédiger des supports de présentation,ANANUM-29-1,Etre capable d’implémenter un produit matriciel,0
communiquer-2.1,Rédiger des supports de présentation,ANANUM-29-2,Etre capable d’implémenter un produit matriciel de différentes manières,0
communiquer-2.1,Rédiger des supports de présentation,ANANUM-29-3,Connaitre les complexités des opérations vectorielles et matricielles,0
communiquer-2.1,Rédiger des supports de présentation,ANANUM-29-4,Implémenter la résolution d’un systeme d’équation linéaire avec matrice diagonale,0
communiquer-2.1,Rédiger des supports de présentation,ANANUM-29-5,Implémenter la résolution d’un systeme d’équation linéaire avec matrice triangulaire,0
communiquer-2.1,Rédiger des supports de présentation,ANANUM-29-6,Retrouver l’algorithme de calcul de l’inverse d’une matrice triangulaire,0
communiquer-2.1,Rédiger des supports de présentation,ANANUM-29-7,Retrouver les variantes (exterieur/recursive/trisup) de Cholesky,0
communiquer-2.1,Rédiger des supports de présentation,ANANUM-29-8,Connaitre les complexités des la résolution de systeme d’équation triangulaires,0
communiquer-2.1,Rédiger des supports de présentation,ANANUM-29-9,Retrouver le schema de résolution de Ax=b donné A=LU,0
communiquer-2.1,Rédiger des supports de présentation,ANANUM-29-10,Calculer une matrice triangulaire supérieure en utilisant les matrices de Gauss,0
communiquer-2.1,Rédiger des supports de présentation,ANANUM-29-11,Connaitre l’algorithme de décomposition PA=LU,0
communiquer-2.1,Rédiger des supports de présentation,ANANUM-29-12,Retrouver le schema de résolution de Ax=b donné PA=LU,0
communiquer-2.1,Rédiger des supports de présentation,ANANUM-29-13,Retrouver l’algorithme de décomposition A=LDL,0
communiquer-2.1,Rédiger des supports de présentation,ANANUM-29-14,Retrouver l’algorithme de Cholesky,0
communiquer-2.1,Rédiger des supports de présentation,ANANUM-29-16,Retrouver le schema de résolution des moindres carrés avec QR,0
communiquer-2.1,Rédiger des supports de présentation,ANANUM-29-17,Retrouver l’algorithme de décomposition QR avec Householder,0
communiquer-2.1,Rédiger des supports de présentation,ANANUM-29-18,Connaitre le principe des méthodes itératives,0
communiquer-2.1,Rédiger des supports de présentation,ANANUM-29-19,Connaitre le principe de PageRank,0
communiquer-2.1,Rédiger des supports de présentation,ANANUM-29-20,Calculer  une valeur propre en utilisant l’algorithme des puissances itérées,0
communiquer-2.1,Rédiger des supports de présentation,ANANUM-29-21,Implémenter l’algorithme QR pour les valeurs propres,0
communiquer-2.1,Rédiger des supports de présentation,ANANUM-29-22,Calculer les valeurs singulieres d’une matrice a partir des valeurs propres,0
communiquer-2.1,Rédiger des supports de présentation,ANANUM-29-23,Implémenter l’algorithme de bidiagonisation pour le calcul de la SVD,0
communiquer-2.1,Rédiger des supports de présentation,ANANUM-30-1,Estimer les valeurs propres avec les cercles de Gershgorin,0
communiquer-2.1,Rédiger des supports de présentation,ANANUM-31-1,Appliquer les décompositions valeurs propres/singulières pour du débruitage d’images ( ??),0
communiquer-2.1,Rédiger des supports de présentation,ANANUM-32-1,Exploiter les structures particulières de matrices,0
communiquer-2.1,Rédiger des supports de présentation,ANANUM-32-2,Optimiser l’implémentation de la transformation de Gauss,0
communiquer-2.1,Rédiger des supports de présentation,ANANUM-32-3,Optmisier l’approche QR pour les valeurs propres avec la forme tridiagonale,0
communiquer-2.1,Rédiger des supports de présentation,ANANUM-49-1,Etre capable de coder en Python/numpy le produit matriciel,0
communiquer-2.1,Rédiger des supports de présentation,ANANUM-49-2,Implémenter en Python/numpy l’algorithme de décomposition LU,0
communiquer-2.1,Rédiger des supports de présentation,ANANUM-49-3,Implémenter en Python/numpy l’algorithme de décomposition PALU,0
communiquer-2.1,Rédiger des supports de présentation,ANANUM-49-4,Implémenter LDL et Cholesky en python/numpy,0
communiquer-2.1,Rédiger des supports de présentation,ANANUM-49-5,Implémenter efficacement en Python/numpy l’algorithme de décomposition QR,0
communiquer-2.1,Rédiger des supports de présentation,ANANUM-49-6,Implémenter en Python/numpy un algorithme de méthode itérative,0
communiquer-2.1,Rédiger des supports de présentation,ANANUM-49-7,Implémenter en python/numpy la décomposition valeurs propres/singulières,0
communiquer-2.1,Rédiger des supports de présentation,,,0
communiquer-2.2,Restituer oralement le travail réalisé,ANANUM-1-1,Retrouver les dimensions d’une matrice,0
communiquer-2.2,Restituer oralement le travail réalisé,ANANUM-1-2,Identifier les différents type de matrice (structure et taille),0
communiquer-2.2,Restituer oralement le travail réalisé,ANANUM-1-3,Identifier et connaître un problème des moindres carrés,0
communiquer-2.2,Restituer oralement le travail réalisé,ANANUM-2-1,Retrouver le schema de résolution des moindres carrés avec la méthode du gradient,0
communiquer-2.2,Restituer oralement le travail réalisé,ANANUM-3-1,Maitriser les opérations vectorielles (produit scalaire,0
communiquer-2.2,Restituer oralement le travail réalisé,ANANUM-14-1,Etre capable de représenter un systèmes d’équation linéaire sous forme matricielle,0
communiquer-2.2,Restituer oralement le travail réalisé,ANANUM-15-3,Connaitre les propriétés d’une matrice de Gauss,0
communiquer-2.2,Restituer oralement le travail réalisé,ANANUM-15-4,Connaitre les propriétés d’une matrice de permutation,0
communiquer-2.2,Restituer oralement le travail réalisé,ANANUM-15-5,Connaitre les propriétés d’une matrice définie positive,0
communiquer-2.2,Restituer oralement le travail réalisé,ANANUM-15-6,Connaitre les propriétés d’une matrice orthogonale,0
communiquer-2.2,Restituer oralement le travail réalisé,ANANUM-15-7,Connaitre les propriétés d’une matrice de Householder,0
communiquer-2.2,Restituer oralement le travail réalisé,ANANUM-15-8,Connaitre les propriétés des normes matricielles et vectorielles,0
communiquer-2.2,Restituer oralement le travail réalisé,ANANUM-15-9,Connaitre les propriétés de la décomposition valeurs propres,0
communiquer-2.2,Restituer oralement le travail réalisé,ANANUM-15-10,Connaitre les propriétés de la décomposition valeurs singulières,0
communiquer-2.2,Restituer oralement le travail réalisé,ANANUM-16-1,Connaitre les conditions d’applications de Cholesky et LDL,0
communiquer-2.2,Restituer oralement le travail réalisé,ANANUM-16-2,Identifier les avantages/limites des méthodes décomposition,0
communiquer-2.2,Restituer oralement le travail réalisé,ANANUM-16-3,Identifier les similitudes et différences entre Jacobi,0
communiquer-2.2,Restituer oralement le travail réalisé,ANANUM-29-1,Etre capable d’implémenter un produit matriciel,0
communiquer-2.2,Restituer oralement le travail réalisé,ANANUM-29-2,Etre capable d’implémenter un produit matriciel de différentes manières,0
communiquer-2.2,Restituer oralement le travail réalisé,ANANUM-29-3,Connaitre les complexités des opérations vectorielles et matricielles,0
communiquer-2.2,Restituer oralement le travail réalisé,ANANUM-29-4,Implémenter la résolution d’un systeme d’équation linéaire avec matrice diagonale,0
communiquer-2.2,Restituer oralement le travail réalisé,ANANUM-29-5,Implémenter la résolution d’un systeme d’équation linéaire avec matrice triangulaire,0
communiquer-2.2,Restituer oralement le travail réalisé,ANANUM-29-6,Retrouver l’algorithme de calcul de l’inverse d’une matrice triangulaire,0
communiquer-2.2,Restituer oralement le travail réalisé,ANANUM-29-7,Retrouver les variantes (exterieur/recursive/trisup) de Cholesky,0
communiquer-2.2,Restituer oralement le travail réalisé,ANANUM-29-8,Connaitre les complexités des la résolution de systeme d’équation triangulaires,0
communiquer-2.2,Restituer oralement le travail réalisé,ANANUM-29-9,Retrouver le schema de résolution de Ax=b donné A=LU,0
communiquer-2.2,Restituer oralement le travail réalisé,ANANUM-29-10,Calculer une matrice triangulaire supérieure en utilisant les matrices de Gauss,0
communiquer-2.2,Restituer oralement le travail réalisé,ANANUM-29-11,Connaitre l’algorithme de décomposition PA=LU,0
communiquer-2.2,Restituer oralement le travail réalisé,ANANUM-29-12,Retrouver le schema de résolution de Ax=b donné PA=LU,0
communiquer-2.2,Restituer oralement le travail réalisé,ANANUM-29-13,Retrouver l’algorithme de décomposition A=LDL,0
communiquer-2.2,Restituer oralement le travail réalisé,ANANUM-29-14,Retrouver l’algorithme de Cholesky,0
communiquer-2.2,Restituer oralement le travail réalisé,ANANUM-29-16,Retrouver le schema de résolution des moindres carrés avec QR,0
communiquer-2.2,Restituer oralement le travail réalisé,ANANUM-29-17,Retrouver l’algorithme de décomposition QR avec Householder,0
communiquer-2.2,Restituer oralement le travail réalisé,ANANUM-29-18,Connaitre le principe des méthodes itératives,0
communiquer-2.2,Restituer oralement le travail réalisé,ANANUM-29-19,Connaitre le principe de PageRank,0
communiquer-2.2,Restituer oralement le travail réalisé,ANANUM-29-20,Calculer  une valeur propre en utilisant l’algorithme des puissances itérées,0
communiquer-2.2,Restituer oralement le travail réalisé,ANANUM-29-21,Implémenter l’algorithme QR pour les valeurs propres,0
communiquer-2.2,Restituer oralement le travail réalisé,ANANUM-29-22,Calculer les valeurs singulieres d’une matrice a partir des valeurs propres,0
communiquer-2.2,Restituer oralement le travail réalisé,ANANUM-29-23,Implémenter l’algorithme de bidiagonisation pour le calcul de la SVD,0
communiquer-2.2,Restituer oralement le travail réalisé,ANANUM-30-1,Estimer les valeurs propres avec les cercles de Gershgorin,0
communiquer-2.2,Restituer oralement le travail réalisé,ANANUM-31-1,Appliquer les décompositions valeurs propres/singulières pour du débruitage d’images ( ??),0
communiquer-2.2,Restituer oralement le travail réalisé,ANANUM-32-1,Exploiter les structures particulières de matrices,0
communiquer-2.2,Restituer oralement le travail réalisé,ANANUM-32-2,Optimiser l’implémentation de la transformation de Gauss,0
communiquer-2.2,Restituer oralement le travail réalisé,ANANUM-32-3,Optmisier l’approche QR pour les valeurs propres avec la forme tridiagonale,0
communiquer-2.2,Restituer oralement le travail réalisé,ANANUM-49-1,Etre capable de coder en Python/numpy le produit matriciel,0
communiquer-2.2,Restituer oralement le travail réalisé,ANANUM-49-2,Implémenter en Python/numpy l’algorithme de décomposition LU,0
communiquer-2.2,Restituer oralement le travail réalisé,ANANUM-49-3,Implémenter en Python/numpy l’algorithme de décomposition PALU,0
communiquer-2.2,Restituer oralement le travail réalisé,ANANUM-49-4,Implémenter LDL et Cholesky en python/numpy,0
communiquer-2.2,Restituer oralement le travail réalisé,ANANUM-49-5,Implémenter efficacement en Python/numpy l’algorithme de décomposition QR,0
communiquer-2.2,Restituer oralement le travail réalisé,ANANUM-49-6,Implémenter en Python/numpy un algorithme de méthode itérative,0
communiquer-2.2,Restituer oralement le travail réalisé,ANANUM-49-7,Implémenter en python/numpy la décomposition valeurs propres/singulières,0
communiquer-2.2,Restituer oralement le travail réalisé,,,0
communiquer-2.3,Synthétiser le travail réalisé,ANANUM-1-1,Retrouver les dimensions d’une matrice,0
communiquer-2.3,Synthétiser le travail réalisé,ANANUM-1-2,Identifier les différents type de matrice (structure et taille),0
communiquer-2.3,Synthétiser le travail réalisé,ANANUM-1-3,Identifier et connaître un problème des moindres carrés,0
communiquer-2.3,Synthétiser le travail réalisé,ANANUM-2-1,Retrouver le schema de résolution des moindres carrés avec la méthode du gradient,0
communiquer-2.3,Synthétiser le travail réalisé,ANANUM-3-1,Maitriser les opérations vectorielles (produit scalaire,0
communiquer-2.3,Synthétiser le travail réalisé,ANANUM-14-1,Etre capable de représenter un systèmes d’équation linéaire sous forme matricielle,0
communiquer-2.3,Synthétiser le travail réalisé,ANANUM-15-3,Connaitre les propriétés d’une matrice de Gauss,0
communiquer-2.3,Synthétiser le travail réalisé,ANANUM-15-4,Connaitre les propriétés d’une matrice de permutation,0
communiquer-2.3,Synthétiser le travail réalisé,ANANUM-15-5,Connaitre les propriétés d’une matrice définie positive,0
communiquer-2.3,Synthétiser le travail réalisé,ANANUM-15-6,Connaitre les propriétés d’une matrice orthogonale,0
communiquer-2.3,Synthétiser le travail réalisé,ANANUM-15-7,Connaitre les propriétés d’une matrice de Householder,0
communiquer-2.3,Synthétiser le travail réalisé,ANANUM-15-8,Connaitre les propriétés des normes matricielles et vectorielles,0
communiquer-2.3,Synthétiser le travail réalisé,ANANUM-15-9,Connaitre les propriétés de la décomposition valeurs propres,0
communiquer-2.3,Synthétiser le travail réalisé,ANANUM-15-10,Connaitre les propriétés de la décomposition valeurs singulières,0
communiquer-2.3,Synthétiser le travail réalisé,ANANUM-16-1,Connaitre les conditions d’applications de Cholesky et LDL,0
communiquer-2.3,Synthétiser le travail réalisé,ANANUM-16-2,Identifier les avantages/limites des méthodes décomposition,0
communiquer-2.3,Synthétiser le travail réalisé,ANANUM-16-3,Identifier les similitudes et différences entre Jacobi,0
communiquer-2.3,Synthétiser le travail réalisé,ANANUM-29-1,Etre capable d’implémenter un produit matriciel,0
communiquer-2.3,Synthétiser le travail réalisé,ANANUM-29-2,Etre capable d’implémenter un produit matriciel de différentes manières,0
communiquer-2.3,Synthétiser le travail réalisé,ANANUM-29-3,Connaitre les complexités des opérations vectorielles et matricielles,0
communiquer-2.3,Synthétiser le travail réalisé,ANANUM-29-4,Implémenter la résolution d’un systeme d’équation linéaire avec matrice diagonale,0
communiquer-2.3,Synthétiser le travail réalisé,ANANUM-29-5,Implémenter la résolution d’un systeme d’équation linéaire avec matrice triangulaire,0
communiquer-2.3,Synthétiser le travail réalisé,ANANUM-29-6,Retrouver l’algorithme de calcul de l’inverse d’une matrice triangulaire,0
communiquer-2.3,Synthétiser le travail réalisé,ANANUM-29-7,Retrouver les variantes (exterieur/recursive/trisup) de Cholesky,0
communiquer-2.3,Synthétiser le travail réalisé,ANANUM-29-8,Connaitre les complexités des la résolution de systeme d’équation triangulaires,0
communiquer-2.3,Synthétiser le travail réalisé,ANANUM-29-9,Retrouver le schema de résolution de Ax=b donné A=LU,0
communiquer-2.3,Synthétiser le travail réalisé,ANANUM-29-10,Calculer une matrice triangulaire supérieure en utilisant les matrices de Gauss,0
communiquer-2.3,Synthétiser le travail réalisé,ANANUM-29-11,Connaitre l’algorithme de décomposition PA=LU,0
communiquer-2.3,Synthétiser le travail réalisé,ANANUM-29-12,Retrouver le schema de résolution de Ax=b donné PA=LU,0
communiquer-2.3,Synthétiser le travail réalisé,ANANUM-29-13,Retrouver l’algorithme de décomposition A=LDL,0
communiquer-2.3,Synthétiser le travail réalisé,ANANUM-29-14,Retrouver l’algorithme de Cholesky,0
communiquer-2.3,Synthétiser le travail réalisé,ANANUM-29-16,Retrouver le schema de résolution des moindres carrés avec QR,0
communiquer-2.3,Synthétiser le travail réalisé,ANANUM-29-17,Retrouver l’algorithme de décomposition QR avec Householder,0
communiquer-2.3,Synthétiser le travail réalisé,ANANUM-29-18,Connaitre le principe des méthodes itératives,0
communiquer-2.3,Synthétiser le travail réalisé,ANANUM-29-19,Connaitre le principe de PageRank,0
communiquer-2.3,Synthétiser le travail réalisé,ANANUM-29-20,Calculer  une valeur propre en utilisant l’algorithme des puissances itérées,0
communiquer-2.3,Synthétiser le travail réalisé,ANANUM-29-21,Implémenter l’algorithme QR pour les valeurs propres,0
communiquer-2.3,Synthétiser le travail réalisé,ANANUM-29-22,Calculer les valeurs singulieres d’une matrice a partir des valeurs propres,0
communiquer-2.3,Synthétiser le travail réalisé,ANANUM-29-23,Implémenter l’algorithme de bidiagonisation pour le calcul de la SVD,0
communiquer-2.3,Synthétiser le travail réalisé,ANANUM-30-1,Estimer les valeurs propres avec les cercles de Gershgorin,0
communiquer-2.3,Synthétiser le travail réalisé,ANANUM-31-1,Appliquer les décompositions valeurs propres/singulières pour du débruitage d’images ( ??),0
communiquer-2.3,Synthétiser le travail réalisé,ANANUM-32-1,Exploiter les structures particulières de matrices,0
communiquer-2.3,Synthétiser le travail réalisé,ANANUM-32-2,Optimiser l’implémentation de la transformation de Gauss,0
communiquer-2.3,Synthétiser le travail réalisé,ANANUM-32-3,Optmisier l’approche QR pour les valeurs propres avec la forme tridiagonale,0
communiquer-2.3,Synthétiser le travail réalisé,ANANUM-49-1,Etre capable de coder en Python/numpy le produit matriciel,0
communiquer-2.3,Synthétiser le travail réalisé,ANANUM-49-2,Implémenter en Python/numpy l’algorithme de décomposition LU,0
communiquer-2.3,Synthétiser le travail réalisé,ANANUM-49-3,Implémenter en Python/numpy l’algorithme de décomposition PALU,0
communiquer-2.3,Synthétiser le travail réalisé,ANANUM-49-4,Implémenter LDL et Cholesky en python/numpy,0
communiquer-2.3,Synthétiser le travail réalisé,ANANUM-49-5,Implémenter efficacement en Python/numpy l’algorithme de décomposition QR,0
communiquer-2.3,Synthétiser le travail réalisé,ANANUM-49-6,Implémenter en Python/numpy un algorithme de méthode itérative,0
communiquer-2.3,Synthétiser le travail réalisé,ANANUM-49-7,Implémenter en python/numpy la décomposition valeurs propres/singulières,0
communiquer-2.3,Synthétiser le travail réalisé,,,0
communiquer-3.1,Interpréter les résultats dans le contexte du problème,ANANUM-1-1,Retrouver les dimensions d’une matrice,0
communiquer-3.1,Interpréter les résultats dans le contexte du problème,ANANUM-1-2,Identifier les différents type de matrice (structure et taille),0
communiquer-3.1,Interpréter les résultats dans le contexte du problème,ANANUM-1-3,Identifier et connaître un problème des moindres carrés,0
communiquer-3.1,Interpréter les résultats dans le contexte du problème,ANANUM-2-1,Retrouver le schema de résolution des moindres carrés avec la méthode du gradient,0
communiquer-3.1,Interpréter les résultats dans le contexte du problème,ANANUM-3-1,Maitriser les opérations vectorielles (produit scalaire,0
communiquer-3.1,Interpréter les résultats dans le contexte du problème,ANANUM-14-1,Etre capable de représenter un systèmes d’équation linéaire sous forme matricielle,0
communiquer-3.1,Interpréter les résultats dans le contexte du problème,ANANUM-15-3,Connaitre les propriétés d’une matrice de Gauss,0
communiquer-3.1,Interpréter les résultats dans le contexte du problème,ANANUM-15-4,Connaitre les propriétés d’une matrice de permutation,0
communiquer-3.1,Interpréter les résultats dans le contexte du problème,ANANUM-15-5,Connaitre les propriétés d’une matrice définie positive,0
communiquer-3.1,Interpréter les résultats dans le contexte du problème,ANANUM-15-6,Connaitre les propriétés d’une matrice orthogonale,0
communiquer-3.1,Interpréter les résultats dans le contexte du problème,ANANUM-15-7,Connaitre les propriétés d’une matrice de Householder,0
communiquer-3.1,Interpréter les résultats dans le contexte du problème,ANANUM-15-8,Connaitre les propriétés des normes matricielles et vectorielles,0
communiquer-3.1,Interpréter les résultats dans le contexte du problème,ANANUM-15-9,Connaitre les propriétés de la décomposition valeurs propres,0
communiquer-3.1,Interpréter les résultats dans le contexte du problème,ANANUM-15-10,Connaitre les propriétés de la décomposition valeurs singulières,0
communiquer-3.1,Interpréter les résultats dans le contexte du problème,ANANUM-16-1,Connaitre les conditions d’applications de Cholesky et LDL,0
communiquer-3.1,Interpréter les résultats dans le contexte du problème,ANANUM-16-2,Identifier les avantages/limites des méthodes décomposition,0
communiquer-3.1,Interpréter les résultats dans le contexte du problème,ANANUM-16-3,Identifier les similitudes et différences entre Jacobi,0
communiquer-3.1,Interpréter les résultats dans le contexte du problème,ANANUM-29-1,Etre capable d’implémenter un produit matriciel,0
communiquer-3.1,Interpréter les résultats dans le contexte du problème,ANANUM-29-2,Etre capable d’implémenter un produit matriciel de différentes manières,0
communiquer-3.1,Interpréter les résultats dans le contexte du problème,ANANUM-29-3,Connaitre les complexités des opérations vectorielles et matricielles,0
communiquer-3.1,Interpréter les résultats dans le contexte du problème,ANANUM-29-4,Implémenter la résolution d’un systeme d’équation linéaire avec matrice diagonale,0
communiquer-3.1,Interpréter les résultats dans le contexte du problème,ANANUM-29-5,Implémenter la résolution d’un systeme d’équation linéaire avec matrice triangulaire,0
communiquer-3.1,Interpréter les résultats dans le contexte du problème,ANANUM-29-6,Retrouver l’algorithme de calcul de l’inverse d’une matrice triangulaire,0
communiquer-3.1,Interpréter les résultats dans le contexte du problème,ANANUM-29-7,Retrouver les variantes (exterieur/recursive/trisup) de Cholesky,0
communiquer-3.1,Interpréter les résultats dans le contexte du problème,ANANUM-29-8,Connaitre les complexités des la résolution de systeme d’équation triangulaires,0
communiquer-3.1,Interpréter les résultats dans le contexte du problème,ANANUM-29-9,Retrouver le schema de résolution de Ax=b donné A=LU,0
communiquer-3.1,Interpréter les résultats dans le contexte du problème,ANANUM-29-10,Calculer une matrice triangulaire supérieure en utilisant les matrices de Gauss,0
communiquer-3.1,Interpréter les résultats dans le contexte du problème,ANANUM-29-11,Connaitre l’algorithme de décomposition PA=LU,0
communiquer-3.1,Interpréter les résultats dans le contexte du problème,ANANUM-29-12,Retrouver le schema de résolution de Ax=b donné PA=LU,0
communiquer-3.1,Interpréter les résultats dans le contexte du problème,ANANUM-29-13,Retrouver l’algorithme de décomposition A=LDL,0
communiquer-3.1,Interpréter les résultats dans le contexte du problème,ANANUM-29-14,Retrouver l’algorithme de Cholesky,0
communiquer-3.1,Interpréter les résultats dans le contexte du problème,ANANUM-29-16,Retrouver le schema de résolution des moindres carrés avec QR,0
communiquer-3.1,Interpréter les résultats dans le contexte du problème,ANANUM-29-17,Retrouver l’algorithme de décomposition QR avec Householder,0
communiquer-3.1,Interpréter les résultats dans le contexte du problème,ANANUM-29-18,Connaitre le principe des méthodes itératives,0
communiquer-3.1,Interpréter les résultats dans le contexte du problème,ANANUM-29-19,Connaitre le principe de PageRank,0
communiquer-3.1,Interpréter les résultats dans le contexte du problème,ANANUM-29-20,Calculer  une valeur propre en utilisant l’algorithme des puissances itérées,0
communiquer-3.1,Interpréter les résultats dans le contexte du problème,ANANUM-29-21,Implémenter l’algorithme QR pour les valeurs propres,0
communiquer-3.1,Interpréter les résultats dans le contexte du problème,ANANUM-29-22,Calculer les valeurs singulieres d’une matrice a partir des valeurs propres,0
communiquer-3.1,Interpréter les résultats dans le contexte du problème,ANANUM-29-23,Implémenter l’algorithme de bidiagonisation pour le calcul de la SVD,0
communiquer-3.1,Interpréter les résultats dans le contexte du problème,ANANUM-30-1,Estimer les valeurs propres avec les cercles de Gershgorin,0
communiquer-3.1,Interpréter les résultats dans le contexte du problème,ANANUM-31-1,Appliquer les décompositions valeurs propres/singulières pour du débruitage d’images ( ??),0
communiquer-3.1,Interpréter les résultats dans le contexte du problème,ANANUM-32-1,Exploiter les structures particulières de matrices,0
communiquer-3.1,Interpréter les résultats dans le contexte du problème,ANANUM-32-2,Optimiser l’implémentation de la transformation de Gauss,0
communiquer-3.1,Interpréter les résultats dans le contexte du problème,ANANUM-32-3,Optmisier l’approche QR pour les valeurs propres avec la forme tridiagonale,0
communiquer-3.1,Interpréter les résultats dans le contexte du problème,ANANUM-49-1,Etre capable de coder en Python/numpy le produit matriciel,0
communiquer-3.1,Interpréter les résultats dans le contexte du problème,ANANUM-49-2,Implémenter en Python/numpy l’algorithme de décomposition LU,0
communiquer-3.1,Interpréter les résultats dans le contexte du problème,ANANUM-49-3,Implémenter en Python/numpy l’algorithme de décomposition PALU,0
communiquer-3.1,Interpréter les résultats dans le contexte du problème,ANANUM-49-4,Implémenter LDL et Cholesky en python/numpy,0
communiquer-3.1,Interpréter les résultats dans le contexte du problème,ANANUM-49-5,Implémenter efficacement en Python/numpy l’algorithme de décomposition QR,0
communiquer-3.1,Interpréter les résultats dans le contexte du problème,ANANUM-49-6,Implémenter en Python/numpy un algorithme de méthode itérative,0
communiquer-3.1,Interpréter les résultats dans le contexte du problème,ANANUM-49-7,Implémenter en python/numpy la décomposition valeurs propres/singulières,0
communiquer-3.1,Interpréter les résultats dans le contexte du problème,,,0
communiquer-3.2,Critiquer les résultats,ANANUM-1-1,Retrouver les dimensions d’une matrice,0
communiquer-3.2,Critiquer les résultats,ANANUM-1-2,Identifier les différents type de matrice (structure et taille),0
communiquer-3.2,Critiquer les résultats,ANANUM-1-3,Identifier et connaître un problème des moindres carrés,0
communiquer-3.2,Critiquer les résultats,ANANUM-2-1,Retrouver le schema de résolution des moindres carrés avec la méthode du gradient,0
communiquer-3.2,Critiquer les résultats,ANANUM-3-1,Maitriser les opérations vectorielles (produit scalaire,0
communiquer-3.2,Critiquer les résultats,ANANUM-14-1,Etre capable de représenter un systèmes d’équation linéaire sous forme matricielle,0
communiquer-3.2,Critiquer les résultats,ANANUM-15-3,Connaitre les propriétés d’une matrice de Gauss,0
communiquer-3.2,Critiquer les résultats,ANANUM-15-4,Connaitre les propriétés d’une matrice de permutation,0
communiquer-3.2,Critiquer les résultats,ANANUM-15-5,Connaitre les propriétés d’une matrice définie positive,0
communiquer-3.2,Critiquer les résultats,ANANUM-15-6,Connaitre les propriétés d’une matrice orthogonale,0
communiquer-3.2,Critiquer les résultats,ANANUM-15-7,Connaitre les propriétés d’une matrice de Householder,0
communiquer-3.2,Critiquer les résultats,ANANUM-15-8,Connaitre les propriétés des normes matricielles et vectorielles,0
communiquer-3.2,Critiquer les résultats,ANANUM-15-9,Connaitre les propriétés de la décomposition valeurs propres,0
communiquer-3.2,Critiquer les résultats,ANANUM-15-10,Connaitre les propriétés de la décomposition valeurs singulières,0
communiquer-3.2,Critiquer les résultats,ANANUM-16-1,Connaitre les conditions d’applications de Cholesky et LDL,0
communiquer-3.2,Critiquer les résultats,ANANUM-16-2,Identifier les avantages/limites des méthodes décomposition,0
communiquer-3.2,Critiquer les résultats,ANANUM-16-3,Identifier les similitudes et différences entre Jacobi,0
communiquer-3.2,Critiquer les résultats,ANANUM-29-1,Etre capable d’implémenter un produit matriciel,0
communiquer-3.2,Critiquer les résultats,ANANUM-29-2,Etre capable d’implémenter un produit matriciel de différentes manières,0
communiquer-3.2,Critiquer les résultats,ANANUM-29-3,Connaitre les complexités des opérations vectorielles et matricielles,0
communiquer-3.2,Critiquer les résultats,ANANUM-29-4,Implémenter la résolution d’un systeme d’équation linéaire avec matrice diagonale,0
communiquer-3.2,Critiquer les résultats,ANANUM-29-5,Implémenter la résolution d’un systeme d’équation linéaire avec matrice triangulaire,0
communiquer-3.2,Critiquer les résultats,ANANUM-29-6,Retrouver l’algorithme de calcul de l’inverse d’une matrice triangulaire,0
communiquer-3.2,Critiquer les résultats,ANANUM-29-7,Retrouver les variantes (exterieur/recursive/trisup) de Cholesky,0
communiquer-3.2,Critiquer les résultats,ANANUM-29-8,Connaitre les complexités des la résolution de systeme d’équation triangulaires,0
communiquer-3.2,Critiquer les résultats,ANANUM-29-9,Retrouver le schema de résolution de Ax=b donné A=LU,0
communiquer-3.2,Critiquer les résultats,ANANUM-29-10,Calculer une matrice triangulaire supérieure en utilisant les matrices de Gauss,0
communiquer-3.2,Critiquer les résultats,ANANUM-29-11,Connaitre l’algorithme de décomposition PA=LU,0
communiquer-3.2,Critiquer les résultats,ANANUM-29-12,Retrouver le schema de résolution de Ax=b donné PA=LU,0
communiquer-3.2,Critiquer les résultats,ANANUM-29-13,Retrouver l’algorithme de décomposition A=LDL,0
communiquer-3.2,Critiquer les résultats,ANANUM-29-14,Retrouver l’algorithme de Cholesky,0
communiquer-3.2,Critiquer les résultats,ANANUM-29-16,Retrouver le schema de résolution des moindres carrés avec QR,0
communiquer-3.2,Critiquer les résultats,ANANUM-29-17,Retrouver l’algorithme de décomposition QR avec Householder,0
communiquer-3.2,Critiquer les résultats,ANANUM-29-18,Connaitre le principe des méthodes itératives,0
communiquer-3.2,Critiquer les résultats,ANANUM-29-19,Connaitre le principe de PageRank,0
communiquer-3.2,Critiquer les résultats,ANANUM-29-20,Calculer  une valeur propre en utilisant l’algorithme des puissances itérées,0
communiquer-3.2,Critiquer les résultats,ANANUM-29-21,Implémenter l’algorithme QR pour les valeurs propres,0
communiquer-3.2,Critiquer les résultats,ANANUM-29-22,Calculer les valeurs singulieres d’une matrice a partir des valeurs propres,0
communiquer-3.2,Critiquer les résultats,ANANUM-29-23,Implémenter l’algorithme de bidiagonisation pour le calcul de la SVD,0
communiquer-3.2,Critiquer les résultats,ANANUM-30-1,Estimer les valeurs propres avec les cercles de Gershgorin,0
communiquer-3.2,Critiquer les résultats,ANANUM-31-1,Appliquer les décompositions valeurs propres/singulières pour du débruitage d’images ( ??),0
communiquer-3.2,Critiquer les résultats,ANANUM-32-1,Exploiter les structures particulières de matrices,0
communiquer-3.2,Critiquer les résultats,ANANUM-32-2,Optimiser l’implémentation de la transformation de Gauss,0
communiquer-3.2,Critiquer les résultats,ANANUM-32-3,Optmisier l’approche QR pour les valeurs propres avec la forme tridiagonale,0
communiquer-3.2,Critiquer les résultats,ANANUM-49-1,Etre capable de coder en Python/numpy le produit matriciel,0
communiquer-3.2,Critiquer les résultats,ANANUM-49-2,Implémenter en Python/numpy l’algorithme de décomposition LU,0
communiquer-3.2,Critiquer les résultats,ANANUM-49-3,Implémenter en Python/numpy l’algorithme de décomposition PALU,0
communiquer-3.2,Critiquer les résultats,ANANUM-49-4,Implémenter LDL et Cholesky en python/numpy,0
communiquer-3.2,Critiquer les résultats,ANANUM-49-5,Implémenter efficacement en Python/numpy l’algorithme de décomposition QR,0
communiquer-3.2,Critiquer les résultats,ANANUM-49-6,Implémenter en Python/numpy un algorithme de méthode itérative,0
communiquer-3.2,Critiquer les résultats,ANANUM-49-7,Implémenter en python/numpy la décomposition valeurs propres/singulières,0
communiquer-3.2,Critiquer les résultats,,,0
communiquer-3.3,Proposer des perspectives,ANANUM-1-1,Retrouver les dimensions d’une matrice,0
communiquer-3.3,Proposer des perspectives,ANANUM-1-2,Identifier les différents type de matrice (structure et taille),0
communiquer-3.3,Proposer des perspectives,ANANUM-1-3,Identifier et connaître un problème des moindres carrés,0
communiquer-3.3,Proposer des perspectives,ANANUM-2-1,Retrouver le schema de résolution des moindres carrés avec la méthode du gradient,0
communiquer-3.3,Proposer des perspectives,ANANUM-3-1,Maitriser les opérations vectorielles (produit scalaire,0
communiquer-3.3,Proposer des perspectives,ANANUM-14-1,Etre capable de représenter un systèmes d’équation linéaire sous forme matricielle,0
communiquer-3.3,Proposer des perspectives,ANANUM-15-3,Connaitre les propriétés d’une matrice de Gauss,0
communiquer-3.3,Proposer des perspectives,ANANUM-15-4,Connaitre les propriétés d’une matrice de permutation,0
communiquer-3.3,Proposer des perspectives,ANANUM-15-5,Connaitre les propriétés d’une matrice définie positive,0
communiquer-3.3,Proposer des perspectives,ANANUM-15-6,Connaitre les propriétés d’une matrice orthogonale,0
communiquer-3.3,Proposer des perspectives,ANANUM-15-7,Connaitre les propriétés d’une matrice de Householder,0
communiquer-3.3,Proposer des perspectives,ANANUM-15-8,Connaitre les propriétés des normes matricielles et vectorielles,0
communiquer-3.3,Proposer des perspectives,ANANUM-15-9,Connaitre les propriétés de la décomposition valeurs propres,0
communiquer-3.3,Proposer des perspectives,ANANUM-15-10,Connaitre les propriétés de la décomposition valeurs singulières,0
communiquer-3.3,Proposer des perspectives,ANANUM-16-1,Connaitre les conditions d’applications de Cholesky et LDL,0
communiquer-3.3,Proposer des perspectives,ANANUM-16-2,Identifier les avantages/limites des méthodes décomposition,0
communiquer-3.3,Proposer des perspectives,ANANUM-16-3,Identifier les similitudes et différences entre Jacobi,0
communiquer-3.3,Proposer des perspectives,ANANUM-29-1,Etre capable d’implémenter un produit matriciel,0
communiquer-3.3,Proposer des perspectives,ANANUM-29-2,Etre capable d’implémenter un produit matriciel de différentes manières,0
communiquer-3.3,Proposer des perspectives,ANANUM-29-3,Connaitre les complexités des opérations vectorielles et matricielles,0
communiquer-3.3,Proposer des perspectives,ANANUM-29-4,Implémenter la résolution d’un systeme d’équation linéaire avec matrice diagonale,0
communiquer-3.3,Proposer des perspectives,ANANUM-29-5,Implémenter la résolution d’un systeme d’équation linéaire avec matrice triangulaire,0
communiquer-3.3,Proposer des perspectives,ANANUM-29-6,Retrouver l’algorithme de calcul de l’inverse d’une matrice triangulaire,0
communiquer-3.3,Proposer des perspectives,ANANUM-29-7,Retrouver les variantes (exterieur/recursive/trisup) de Cholesky,0
communiquer-3.3,Proposer des perspectives,ANANUM-29-8,Connaitre les complexités des la résolution de systeme d’équation triangulaires,0
communiquer-3.3,Proposer des perspectives,ANANUM-29-9,Retrouver le schema de résolution de Ax=b donné A=LU,0
communiquer-3.3,Proposer des perspectives,ANANUM-29-10,Calculer une matrice triangulaire supérieure en utilisant les matrices de Gauss,0
communiquer-3.3,Proposer des perspectives,ANANUM-29-11,Connaitre l’algorithme de décomposition PA=LU,0
communiquer-3.3,Proposer des perspectives,ANANUM-29-12,Retrouver le schema de résolution de Ax=b donné PA=LU,0
communiquer-3.3,Proposer des perspectives,ANANUM-29-13,Retrouver l’algorithme de décomposition A=LDL,0
communiquer-3.3,Proposer des perspectives,ANANUM-29-14,Retrouver l’algorithme de Cholesky,0
communiquer-3.3,Proposer des perspectives,ANANUM-29-16,Retrouver le schema de résolution des moindres carrés avec QR,0
communiquer-3.3,Proposer des perspectives,ANANUM-29-17,Retrouver l’algorithme de décomposition QR avec Householder,0
communiquer-3.3,Proposer des perspectives,ANANUM-29-18,Connaitre le principe des méthodes itératives,0
communiquer-3.3,Proposer des perspectives,ANANUM-29-19,Connaitre le principe de PageRank,0
communiquer-3.3,Proposer des perspectives,ANANUM-29-20,Calculer  une valeur propre en utilisant l’algorithme des puissances itérées,0
communiquer-3.3,Proposer des perspectives,ANANUM-29-21,Implémenter l’algorithme QR pour les valeurs propres,0
communiquer-3.3,Proposer des perspectives,ANANUM-29-22,Calculer les valeurs singulieres d’une matrice a partir des valeurs propres,0
communiquer-3.3,Proposer des perspectives,ANANUM-29-23,Implémenter l’algorithme de bidiagonisation pour le calcul de la SVD,0
communiquer-3.3,Proposer des perspectives,ANANUM-30-1,Estimer les valeurs propres avec les cercles de Gershgorin,0
communiquer-3.3,Proposer des perspectives,ANANUM-31-1,Appliquer les décompositions valeurs propres/singulières pour du débruitage d’images ( ??),0
communiquer-3.3,Proposer des perspectives,ANANUM-32-1,Exploiter les structures particulières de matrices,0
communiquer-3.3,Proposer des perspectives,ANANUM-32-2,Optimiser l’implémentation de la transformation de Gauss,0
communiquer-3.3,Proposer des perspectives,ANANUM-32-3,Optmisier l’approche QR pour les valeurs propres avec la forme tridiagonale,0
communiquer-3.3,Proposer des perspectives,ANANUM-49-1,Etre capable de coder en Python/numpy le produit matriciel,0
communiquer-3.3,Proposer des perspectives,ANANUM-49-2,Implémenter en Python/numpy l’algorithme de décomposition LU,0
communiquer-3.3,Proposer des perspectives,ANANUM-49-3,Implémenter en Python/numpy l’algorithme de décomposition PALU,0
communiquer-3.3,Proposer des perspectives,ANANUM-49-4,Implémenter LDL et Cholesky en python/numpy,0
communiquer-3.3,Proposer des perspectives,ANANUM-49-5,Implémenter efficacement en Python/numpy l’algorithme de décomposition QR,0
communiquer-3.3,Proposer des perspectives,ANANUM-49-6,Implémenter en Python/numpy un algorithme de méthode itérative,0
communiquer-3.3,Proposer des perspectives,ANANUM-49-7,Implémenter en python/numpy la décomposition valeurs propres/singulières,0
communiquer-3.3,Proposer des perspectives,,,0
communiquer-3.4,Représenter de manière humainement compréhensible (graphiquement) les résultats,ANANUM-1-1,Retrouver les dimensions d’une matrice,0
communiquer-3.4,Représenter de manière humainement compréhensible (graphiquement) les résultats,ANANUM-1-2,Identifier les différents type de matrice (structure et taille),0
communiquer-3.4,Représenter de manière humainement compréhensible (graphiquement) les résultats,ANANUM-1-3,Identifier et connaître un problème des moindres carrés,0
communiquer-3.4,Représenter de manière humainement compréhensible (graphiquement) les résultats,ANANUM-2-1,Retrouver le schema de résolution des moindres carrés avec la méthode du gradient,0
communiquer-3.4,Représenter de manière humainement compréhensible (graphiquement) les résultats,ANANUM-3-1,Maitriser les opérations vectorielles (produit scalaire,0
communiquer-3.4,Représenter de manière humainement compréhensible (graphiquement) les résultats,ANANUM-14-1,Etre capable de représenter un systèmes d’équation linéaire sous forme matricielle,0
communiquer-3.4,Représenter de manière humainement compréhensible (graphiquement) les résultats,ANANUM-15-3,Connaitre les propriétés d’une matrice de Gauss,0
communiquer-3.4,Représenter de manière humainement compréhensible (graphiquement) les résultats,ANANUM-15-4,Connaitre les propriétés d’une matrice de permutation,0
communiquer-3.4,Représenter de manière humainement compréhensible (graphiquement) les résultats,ANANUM-15-5,Connaitre les propriétés d’une matrice définie positive,0
communiquer-3.4,Représenter de manière humainement compréhensible (graphiquement) les résultats,ANANUM-15-6,Connaitre les propriétés d’une matrice orthogonale,0
communiquer-3.4,Représenter de manière humainement compréhensible (graphiquement) les résultats,ANANUM-15-7,Connaitre les propriétés d’une matrice de Householder,0
communiquer-3.4,Représenter de manière humainement compréhensible (graphiquement) les résultats,ANANUM-15-8,Connaitre les propriétés des normes matricielles et vectorielles,0
communiquer-3.4,Représenter de manière humainement compréhensible (graphiquement) les résultats,ANANUM-15-9,Connaitre les propriétés de la décomposition valeurs propres,0
communiquer-3.4,Représenter de manière humainement compréhensible (graphiquement) les résultats,ANANUM-15-10,Connaitre les propriétés de la décomposition valeurs singulières,0
communiquer-3.4,Représenter de manière humainement compréhensible (graphiquement) les résultats,ANANUM-16-1,Connaitre les conditions d’applications de Cholesky et LDL,0
communiquer-3.4,Représenter de manière humainement compréhensible (graphiquement) les résultats,ANANUM-16-2,Identifier les avantages/limites des méthodes décomposition,0
communiquer-3.4,Représenter de manière humainement compréhensible (graphiquement) les résultats,ANANUM-16-3,Identifier les similitudes et différences entre Jacobi,0
communiquer-3.4,Représenter de manière humainement compréhensible (graphiquement) les résultats,ANANUM-29-1,Etre capable d’implémenter un produit matriciel,0
communiquer-3.4,Représenter de manière humainement compréhensible (graphiquement) les résultats,ANANUM-29-2,Etre capable d’implémenter un produit matriciel de différentes manières,0
communiquer-3.4,Représenter de manière humainement compréhensible (graphiquement) les résultats,ANANUM-29-3,Connaitre les complexités des opérations vectorielles et matricielles,0
communiquer-3.4,Représenter de manière humainement compréhensible (graphiquement) les résultats,ANANUM-29-4,Implémenter la résolution d’un systeme d’équation linéaire avec matrice diagonale,0
communiquer-3.4,Représenter de manière humainement compréhensible (graphiquement) les résultats,ANANUM-29-5,Implémenter la résolution d’un systeme d’équation linéaire avec matrice triangulaire,0
communiquer-3.4,Représenter de manière humainement compréhensible (graphiquement) les résultats,ANANUM-29-6,Retrouver l’algorithme de calcul de l’inverse d’une matrice triangulaire,0
communiquer-3.4,Représenter de manière humainement compréhensible (graphiquement) les résultats,ANANUM-29-7,Retrouver les variantes (exterieur/recursive/trisup) de Cholesky,0
communiquer-3.4,Représenter de manière humainement compréhensible (graphiquement) les résultats,ANANUM-29-8,Connaitre les complexités des la résolution de systeme d’équation triangulaires,0
communiquer-3.4,Représenter de manière humainement compréhensible (graphiquement) les résultats,ANANUM-29-9,Retrouver le schema de résolution de Ax=b donné A=LU,0
communiquer-3.4,Représenter de manière humainement compréhensible (graphiquement) les résultats,ANANUM-29-10,Calculer une matrice triangulaire supérieure en utilisant les matrices de Gauss,0
communiquer-3.4,Représenter de manière humainement compréhensible (graphiquement) les résultats,ANANUM-29-11,Connaitre l’algorithme de décomposition PA=LU,0
communiquer-3.4,Représenter de manière humainement compréhensible (graphiquement) les résultats,ANANUM-29-12,Retrouver le schema de résolution de Ax=b donné PA=LU,0
communiquer-3.4,Représenter de manière humainement compréhensible (graphiquement) les résultats,ANANUM-29-13,Retrouver l’algorithme de décomposition A=LDL,0
communiquer-3.4,Représenter de manière humainement compréhensible (graphiquement) les résultats,ANANUM-29-14,Retrouver l’algorithme de Cholesky,0
communiquer-3.4,Représenter de manière humainement compréhensible (graphiquement) les résultats,ANANUM-29-16,Retrouver le schema de résolution des moindres carrés avec QR,0
communiquer-3.4,Représenter de manière humainement compréhensible (graphiquement) les résultats,ANANUM-29-17,Retrouver l’algorithme de décomposition QR avec Householder,0
communiquer-3.4,Représenter de manière humainement compréhensible (graphiquement) les résultats,ANANUM-29-18,Connaitre le principe des méthodes itératives,0
communiquer-3.4,Représenter de manière humainement compréhensible (graphiquement) les résultats,ANANUM-29-19,Connaitre le principe de PageRank,0
communiquer-3.4,Représenter de manière humainement compréhensible (graphiquement) les résultats,ANANUM-29-20,Calculer  une valeur propre en utilisant l’algorithme des puissances itérées,0
communiquer-3.4,Représenter de manière humainement compréhensible (graphiquement) les résultats,ANANUM-29-21,Implémenter l’algorithme QR pour les valeurs propres,0
communiquer-3.4,Représenter de manière humainement compréhensible (graphiquement) les résultats,ANANUM-29-22,Calculer les valeurs singulieres d’une matrice a partir des valeurs propres,0
communiquer-3.4,Représenter de manière humainement compréhensible (graphiquement) les résultats,ANANUM-29-23,Implémenter l’algorithme de bidiagonisation pour le calcul de la SVD,0
communiquer-3.4,Représenter de manière humainement compréhensible (graphiquement) les résultats,ANANUM-30-1,Estimer les valeurs propres avec les cercles de Gershgorin,0
communiquer-3.4,Représenter de manière humainement compréhensible (graphiquement) les résultats,ANANUM-31-1,Appliquer les décompositions valeurs propres/singulières pour du débruitage d’images ( ??),0
communiquer-3.4,Représenter de manière humainement compréhensible (graphiquement) les résultats,ANANUM-32-1,Exploiter les structures particulières de matrices,0
communiquer-3.4,Représenter de manière humainement compréhensible (graphiquement) les résultats,ANANUM-32-2,Optimiser l’implémentation de la transformation de Gauss,0
communiquer-3.4,Représenter de manière humainement compréhensible (graphiquement) les résultats,ANANUM-32-3,Optmisier l’approche QR pour les valeurs propres avec la forme tridiagonale,0
communiquer-3.4,Représenter de manière humainement compréhensible (graphiquement) les résultats,ANANUM-49-1,Etre capable de coder en Python/numpy le produit matriciel,0
communiquer-3.4,Représenter de manière humainement compréhensible (graphiquement) les résultats,ANANUM-49-2,Implémenter en Python/numpy l’algorithme de décomposition LU,0
communiquer-3.4,Représenter de manière humainement compréhensible (graphiquement) les résultats,ANANUM-49-3,Implémenter en Python/numpy l’algorithme de décomposition PALU,0
communiquer-3.4,Représenter de manière humainement compréhensible (graphiquement) les résultats,ANANUM-49-4,Implémenter LDL et Cholesky en python/numpy,0
communiquer-3.4,Représenter de manière humainement compréhensible (graphiquement) les résultats,ANANUM-49-5,Implémenter efficacement en Python/numpy l’algorithme de décomposition QR,0
communiquer-3.4,Représenter de manière humainement compréhensible (graphiquement) les résultats,ANANUM-49-6,Implémenter en Python/numpy un algorithme de méthode itérative,0
communiquer-3.4,Représenter de manière humainement compréhensible (graphiquement) les résultats,ANANUM-49-7,Implémenter en python/numpy la décomposition valeurs propres/singulières,0
communiquer-3.4,Représenter de manière humainement compréhensible (graphiquement) les résultats,,,0
communiquer-4.1,Résumer une méthode de l’état de l’art,ANANUM-1-1,Retrouver les dimensions d’une matrice,0
communiquer-4.1,Résumer une méthode de l’état de l’art,ANANUM-1-2,Identifier les différents type de matrice (structure et taille),0
communiquer-4.1,Résumer une méthode de l’état de l’art,ANANUM-1-3,Identifier et connaître un problème des moindres carrés,0
communiquer-4.1,Résumer une méthode de l’état de l’art,ANANUM-2-1,Retrouver le schema de résolution des moindres carrés avec la méthode du gradient,0
communiquer-4.1,Résumer une méthode de l’état de l’art,ANANUM-3-1,Maitriser les opérations vectorielles (produit scalaire,0
communiquer-4.1,Résumer une méthode de l’état de l’art,ANANUM-14-1,Etre capable de représenter un systèmes d’équation linéaire sous forme matricielle,0
communiquer-4.1,Résumer une méthode de l’état de l’art,ANANUM-15-3,Connaitre les propriétés d’une matrice de Gauss,0
communiquer-4.1,Résumer une méthode de l’état de l’art,ANANUM-15-4,Connaitre les propriétés d’une matrice de permutation,0
communiquer-4.1,Résumer une méthode de l’état de l’art,ANANUM-15-5,Connaitre les propriétés d’une matrice définie positive,0
communiquer-4.1,Résumer une méthode de l’état de l’art,ANANUM-15-6,Connaitre les propriétés d’une matrice orthogonale,0
communiquer-4.1,Résumer une méthode de l’état de l’art,ANANUM-15-7,Connaitre les propriétés d’une matrice de Householder,0
communiquer-4.1,Résumer une méthode de l’état de l’art,ANANUM-15-8,Connaitre les propriétés des normes matricielles et vectorielles,0
communiquer-4.1,Résumer une méthode de l’état de l’art,ANANUM-15-9,Connaitre les propriétés de la décomposition valeurs propres,0
communiquer-4.1,Résumer une méthode de l’état de l’art,ANANUM-15-10,Connaitre les propriétés de la décomposition valeurs singulières,0
communiquer-4.1,Résumer une méthode de l’état de l’art,ANANUM-16-1,Connaitre les conditions d’applications de Cholesky et LDL,0
communiquer-4.1,Résumer une méthode de l’état de l’art,ANANUM-16-2,Identifier les avantages/limites des méthodes décomposition,0
communiquer-4.1,Résumer une méthode de l’état de l’art,ANANUM-16-3,Identifier les similitudes et différences entre Jacobi,0
communiquer-4.1,Résumer une méthode de l’état de l’art,ANANUM-29-1,Etre capable d’implémenter un produit matriciel,0
communiquer-4.1,Résumer une méthode de l’état de l’art,ANANUM-29-2,Etre capable d’implémenter un produit matriciel de différentes manières,0
communiquer-4.1,Résumer une méthode de l’état de l’art,ANANUM-29-3,Connaitre les complexités des opérations vectorielles et matricielles,0
communiquer-4.1,Résumer une méthode de l’état de l’art,ANANUM-29-4,Implémenter la résolution d’un systeme d’équation linéaire avec matrice diagonale,0
communiquer-4.1,Résumer une méthode de l’état de l’art,ANANUM-29-5,Implémenter la résolution d’un systeme d’équation linéaire avec matrice triangulaire,0
communiquer-4.1,Résumer une méthode de l’état de l’art,ANANUM-29-6,Retrouver l’algorithme de calcul de l’inverse d’une matrice triangulaire,0
communiquer-4.1,Résumer une méthode de l’état de l’art,ANANUM-29-7,Retrouver les variantes (exterieur/recursive/trisup) de Cholesky,0
communiquer-4.1,Résumer une méthode de l’état de l’art,ANANUM-29-8,Connaitre les complexités des la résolution de systeme d’équation triangulaires,0
communiquer-4.1,Résumer une méthode de l’état de l’art,ANANUM-29-9,Retrouver le schema de résolution de Ax=b donné A=LU,0
communiquer-4.1,Résumer une méthode de l’état de l’art,ANANUM-29-10,Calculer une matrice triangulaire supérieure en utilisant les matrices de Gauss,0
communiquer-4.1,Résumer une méthode de l’état de l’art,ANANUM-29-11,Connaitre l’algorithme de décomposition PA=LU,0
communiquer-4.1,Résumer une méthode de l’état de l’art,ANANUM-29-12,Retrouver le schema de résolution de Ax=b donné PA=LU,0
communiquer-4.1,Résumer une méthode de l’état de l’art,ANANUM-29-13,Retrouver l’algorithme de décomposition A=LDL,0
communiquer-4.1,Résumer une méthode de l’état de l’art,ANANUM-29-14,Retrouver l’algorithme de Cholesky,0
communiquer-4.1,Résumer une méthode de l’état de l’art,ANANUM-29-16,Retrouver le schema de résolution des moindres carrés avec QR,0
communiquer-4.1,Résumer une méthode de l’état de l’art,ANANUM-29-17,Retrouver l’algorithme de décomposition QR avec Householder,0
communiquer-4.1,Résumer une méthode de l’état de l’art,ANANUM-29-18,Connaitre le principe des méthodes itératives,0
communiquer-4.1,Résumer une méthode de l’état de l’art,ANANUM-29-19,Connaitre le principe de PageRank,0
communiquer-4.1,Résumer une méthode de l’état de l’art,ANANUM-29-20,Calculer  une valeur propre en utilisant l’algorithme des puissances itérées,0
communiquer-4.1,Résumer une méthode de l’état de l’art,ANANUM-29-21,Implémenter l’algorithme QR pour les valeurs propres,0
communiquer-4.1,Résumer une méthode de l’état de l’art,ANANUM-29-22,Calculer les valeurs singulieres d’une matrice a partir des valeurs propres,0
communiquer-4.1,Résumer une méthode de l’état de l’art,ANANUM-29-23,Implémenter l’algorithme de bidiagonisation pour le calcul de la SVD,0
communiquer-4.1,Résumer une méthode de l’état de l’art,ANANUM-30-1,Estimer les valeurs propres avec les cercles de Gershgorin,0
communiquer-4.1,Résumer une méthode de l’état de l’art,ANANUM-31-1,Appliquer les décompositions valeurs propres/singulières pour du débruitage d’images ( ??),0
communiquer-4.1,Résumer une méthode de l’état de l’art,ANANUM-32-1,Exploiter les structures particulières de matrices,0
communiquer-4.1,Résumer une méthode de l’état de l’art,ANANUM-32-2,Optimiser l’implémentation de la transformation de Gauss,0
communiquer-4.1,Résumer une méthode de l’état de l’art,ANANUM-32-3,Optmisier l’approche QR pour les valeurs propres avec la forme tridiagonale,0
communiquer-4.1,Résumer une méthode de l’état de l’art,ANANUM-49-1,Etre capable de coder en Python/numpy le produit matriciel,0
communiquer-4.1,Résumer une méthode de l’état de l’art,ANANUM-49-2,Implémenter en Python/numpy l’algorithme de décomposition LU,0
communiquer-4.1,Résumer une méthode de l’état de l’art,ANANUM-49-3,Implémenter en Python/numpy l’algorithme de décomposition PALU,0
communiquer-4.1,Résumer une méthode de l’état de l’art,ANANUM-49-4,Implémenter LDL et Cholesky en python/numpy,0
communiquer-4.1,Résumer une méthode de l’état de l’art,ANANUM-49-5,Implémenter efficacement en Python/numpy l’algorithme de décomposition QR,0
communiquer-4.1,Résumer une méthode de l’état de l’art,ANANUM-49-6,Implémenter en Python/numpy un algorithme de méthode itérative,0
communiquer-4.1,Résumer une méthode de l’état de l’art,ANANUM-49-7,Implémenter en python/numpy la décomposition valeurs propres/singulières,0
communiquer-4.1,Résumer une méthode de l’état de l’art,,,0
communiquer-4.2,Adapter son discours au public,ANANUM-1-1,Retrouver les dimensions d’une matrice,0
communiquer-4.2,Adapter son discours au public,ANANUM-1-2,Identifier les différents type de matrice (structure et taille),0
communiquer-4.2,Adapter son discours au public,ANANUM-1-3,Identifier et connaître un problème des moindres carrés,0
communiquer-4.2,Adapter son discours au public,ANANUM-2-1,Retrouver le schema de résolution des moindres carrés avec la méthode du gradient,0
communiquer-4.2,Adapter son discours au public,ANANUM-3-1,Maitriser les opérations vectorielles (produit scalaire,0
communiquer-4.2,Adapter son discours au public,ANANUM-14-1,Etre capable de représenter un systèmes d’équation linéaire sous forme matricielle,0
communiquer-4.2,Adapter son discours au public,ANANUM-15-3,Connaitre les propriétés d’une matrice de Gauss,0
communiquer-4.2,Adapter son discours au public,ANANUM-15-4,Connaitre les propriétés d’une matrice de permutation,0
communiquer-4.2,Adapter son discours au public,ANANUM-15-5,Connaitre les propriétés d’une matrice définie positive,0
communiquer-4.2,Adapter son discours au public,ANANUM-15-6,Connaitre les propriétés d’une matrice orthogonale,0
communiquer-4.2,Adapter son discours au public,ANANUM-15-7,Connaitre les propriétés d’une matrice de Householder,0
communiquer-4.2,Adapter son discours au public,ANANUM-15-8,Connaitre les propriétés des normes matricielles et vectorielles,0
communiquer-4.2,Adapter son discours au public,ANANUM-15-9,Connaitre les propriétés de la décomposition valeurs propres,0
communiquer-4.2,Adapter son discours au public,ANANUM-15-10,Connaitre les propriétés de la décomposition valeurs singulières,0
communiquer-4.2,Adapter son discours au public,ANANUM-16-1,Connaitre les conditions d’applications de Cholesky et LDL,0
communiquer-4.2,Adapter son discours au public,ANANUM-16-2,Identifier les avantages/limites des méthodes décomposition,0
communiquer-4.2,Adapter son discours au public,ANANUM-16-3,Identifier les similitudes et différences entre Jacobi,0
communiquer-4.2,Adapter son discours au public,ANANUM-29-1,Etre capable d’implémenter un produit matriciel,0
communiquer-4.2,Adapter son discours au public,ANANUM-29-2,Etre capable d’implémenter un produit matriciel de différentes manières,0
communiquer-4.2,Adapter son discours au public,ANANUM-29-3,Connaitre les complexités des opérations vectorielles et matricielles,0
communiquer-4.2,Adapter son discours au public,ANANUM-29-4,Implémenter la résolution d’un systeme d’équation linéaire avec matrice diagonale,0
communiquer-4.2,Adapter son discours au public,ANANUM-29-5,Implémenter la résolution d’un systeme d’équation linéaire avec matrice triangulaire,0
communiquer-4.2,Adapter son discours au public,ANANUM-29-6,Retrouver l’algorithme de calcul de l’inverse d’une matrice triangulaire,0
communiquer-4.2,Adapter son discours au public,ANANUM-29-7,Retrouver les variantes (exterieur/recursive/trisup) de Cholesky,0
communiquer-4.2,Adapter son discours au public,ANANUM-29-8,Connaitre les complexités des la résolution de systeme d’équation triangulaires,0
communiquer-4.2,Adapter son discours au public,ANANUM-29-9,Retrouver le schema de résolution de Ax=b donné A=LU,0
communiquer-4.2,Adapter son discours au public,ANANUM-29-10,Calculer une matrice triangulaire supérieure en utilisant les matrices de Gauss,0
communiquer-4.2,Adapter son discours au public,ANANUM-29-11,Connaitre l’algorithme de décomposition PA=LU,0
communiquer-4.2,Adapter son discours au public,ANANUM-29-12,Retrouver le schema de résolution de Ax=b donné PA=LU,0
communiquer-4.2,Adapter son discours au public,ANANUM-29-13,Retrouver l’algorithme de décomposition A=LDL,0
communiquer-4.2,Adapter son discours au public,ANANUM-29-14,Retrouver l’algorithme de Cholesky,0
communiquer-4.2,Adapter son discours au public,ANANUM-29-16,Retrouver le schema de résolution des moindres carrés avec QR,0
communiquer-4.2,Adapter son discours au public,ANANUM-29-17,Retrouver l’algorithme de décomposition QR avec Householder,0
communiquer-4.2,Adapter son discours au public,ANANUM-29-18,Connaitre le principe des méthodes itératives,0
communiquer-4.2,Adapter son discours au public,ANANUM-29-19,Connaitre le principe de PageRank,0
communiquer-4.2,Adapter son discours au public,ANANUM-29-20,Calculer  une valeur propre en utilisant l’algorithme des puissances itérées,0
communiquer-4.2,Adapter son discours au public,ANANUM-29-21,Implémenter l’algorithme QR pour les valeurs propres,0
communiquer-4.2,Adapter son discours au public,ANANUM-29-22,Calculer les valeurs singulieres d’une matrice a partir des valeurs propres,0
communiquer-4.2,Adapter son discours au public,ANANUM-29-23,Implémenter l’algorithme de bidiagonisation pour le calcul de la SVD,0
communiquer-4.2,Adapter son discours au public,ANANUM-30-1,Estimer les valeurs propres avec les cercles de Gershgorin,0
communiquer-4.2,Adapter son discours au public,ANANUM-31-1,Appliquer les décompositions valeurs propres/singulières pour du débruitage d’images ( ??),0
communiquer-4.2,Adapter son discours au public,ANANUM-32-1,Exploiter les structures particulières de matrices,0
communiquer-4.2,Adapter son discours au public,ANANUM-32-2,Optimiser l’implémentation de la transformation de Gauss,0
communiquer-4.2,Adapter son discours au public,ANANUM-32-3,Optmisier l’approche QR pour les valeurs propres avec la forme tridiagonale,0
communiquer-4.2,Adapter son discours au public,ANANUM-49-1,Etre capable de coder en Python/numpy le produit matriciel,0
communiquer-4.2,Adapter son discours au public,ANANUM-49-2,Implémenter en Python/numpy l’algorithme de décomposition LU,0
communiquer-4.2,Adapter son discours au public,ANANUM-49-3,Implémenter en Python/numpy l’algorithme de décomposition PALU,0
communiquer-4.2,Adapter son discours au public,ANANUM-49-4,Implémenter LDL et Cholesky en python/numpy,0
communiquer-4.2,Adapter son discours au public,ANANUM-49-5,Implémenter efficacement en Python/numpy l’algorithme de décomposition QR,0
communiquer-4.2,Adapter son discours au public,ANANUM-49-6,Implémenter en Python/numpy un algorithme de méthode itérative,0
communiquer-4.2,Adapter son discours au public,ANANUM-49-7,Implémenter en python/numpy la décomposition valeurs propres/singulières,0
communiquer-4.2,Adapter son discours au public,,,0
communiquer-4.3,Organiser la parole au sein d’un groupe,ANANUM-1-1,Retrouver les dimensions d’une matrice,0
communiquer-4.3,Organiser la parole au sein d’un groupe,ANANUM-1-2,Identifier les différents type de matrice (structure et taille),0
communiquer-4.3,Organiser la parole au sein d’un groupe,ANANUM-1-3,Identifier et connaître un problème des moindres carrés,0
communiquer-4.3,Organiser la parole au sein d’un groupe,ANANUM-2-1,Retrouver le schema de résolution des moindres carrés avec la méthode du gradient,0
communiquer-4.3,Organiser la parole au sein d’un groupe,ANANUM-3-1,Maitriser les opérations vectorielles (produit scalaire,0
communiquer-4.3,Organiser la parole au sein d’un groupe,ANANUM-14-1,Etre capable de représenter un systèmes d’équation linéaire sous forme matricielle,0
communiquer-4.3,Organiser la parole au sein d’un groupe,ANANUM-15-3,Connaitre les propriétés d’une matrice de Gauss,0
communiquer-4.3,Organiser la parole au sein d’un groupe,ANANUM-15-4,Connaitre les propriétés d’une matrice de permutation,0
communiquer-4.3,Organiser la parole au sein d’un groupe,ANANUM-15-5,Connaitre les propriétés d’une matrice définie positive,0
communiquer-4.3,Organiser la parole au sein d’un groupe,ANANUM-15-6,Connaitre les propriétés d’une matrice orthogonale,0
communiquer-4.3,Organiser la parole au sein d’un groupe,ANANUM-15-7,Connaitre les propriétés d’une matrice de Householder,0
communiquer-4.3,Organiser la parole au sein d’un groupe,ANANUM-15-8,Connaitre les propriétés des normes matricielles et vectorielles,0
communiquer-4.3,Organiser la parole au sein d’un groupe,ANANUM-15-9,Connaitre les propriétés de la décomposition valeurs propres,0
communiquer-4.3,Organiser la parole au sein d’un groupe,ANANUM-15-10,Connaitre les propriétés de la décomposition valeurs singulières,0
communiquer-4.3,Organiser la parole au sein d’un groupe,ANANUM-16-1,Connaitre les conditions d’applications de Cholesky et LDL,0
communiquer-4.3,Organiser la parole au sein d’un groupe,ANANUM-16-2,Identifier les avantages/limites des méthodes décomposition,0
communiquer-4.3,Organiser la parole au sein d’un groupe,ANANUM-16-3,Identifier les similitudes et différences entre Jacobi,0
communiquer-4.3,Organiser la parole au sein d’un groupe,ANANUM-29-1,Etre capable d’implémenter un produit matriciel,0
communiquer-4.3,Organiser la parole au sein d’un groupe,ANANUM-29-2,Etre capable d’implémenter un produit matriciel de différentes manières,0
communiquer-4.3,Organiser la parole au sein d’un groupe,ANANUM-29-3,Connaitre les complexités des opérations vectorielles et matricielles,0
communiquer-4.3,Organiser la parole au sein d’un groupe,ANANUM-29-4,Implémenter la résolution d’un systeme d’équation linéaire avec matrice diagonale,0
communiquer-4.3,Organiser la parole au sein d’un groupe,ANANUM-29-5,Implémenter la résolution d’un systeme d’équation linéaire avec matrice triangulaire,0
communiquer-4.3,Organiser la parole au sein d’un groupe,ANANUM-29-6,Retrouver l’algorithme de calcul de l’inverse d’une matrice triangulaire,0
communiquer-4.3,Organiser la parole au sein d’un groupe,ANANUM-29-7,Retrouver les variantes (exterieur/recursive/trisup) de Cholesky,0
communiquer-4.3,Organiser la parole au sein d’un groupe,ANANUM-29-8,Connaitre les complexités des la résolution de systeme d’équation triangulaires,0
communiquer-4.3,Organiser la parole au sein d’un groupe,ANANUM-29-9,Retrouver le schema de résolution de Ax=b donné A=LU,0
communiquer-4.3,Organiser la parole au sein d’un groupe,ANANUM-29-10,Calculer une matrice triangulaire supérieure en utilisant les matrices de Gauss,0
communiquer-4.3,Organiser la parole au sein d’un groupe,ANANUM-29-11,Connaitre l’algorithme de décomposition PA=LU,0
communiquer-4.3,Organiser la parole au sein d’un groupe,ANANUM-29-12,Retrouver le schema de résolution de Ax=b donné PA=LU,0
communiquer-4.3,Organiser la parole au sein d’un groupe,ANANUM-29-13,Retrouver l’algorithme de décomposition A=LDL,0
communiquer-4.3,Organiser la parole au sein d’un groupe,ANANUM-29-14,Retrouver l’algorithme de Cholesky,0
communiquer-4.3,Organiser la parole au sein d’un groupe,ANANUM-29-16,Retrouver le schema de résolution des moindres carrés avec QR,0
communiquer-4.3,Organiser la parole au sein d’un groupe,ANANUM-29-17,Retrouver l’algorithme de décomposition QR avec Householder,0
communiquer-4.3,Organiser la parole au sein d’un groupe,ANANUM-29-18,Connaitre le principe des méthodes itératives,0
communiquer-4.3,Organiser la parole au sein d’un groupe,ANANUM-29-19,Connaitre le principe de PageRank,0
communiquer-4.3,Organiser la parole au sein d’un groupe,ANANUM-29-20,Calculer  une valeur propre en utilisant l’algorithme des puissances itérées,0
communiquer-4.3,Organiser la parole au sein d’un groupe,ANANUM-29-21,Implémenter l’algorithme QR pour les valeurs propres,0
communiquer-4.3,Organiser la parole au sein d’un groupe,ANANUM-29-22,Calculer les valeurs singulieres d’une matrice a partir des valeurs propres,0
communiquer-4.3,Organiser la parole au sein d’un groupe,ANANUM-29-23,Implémenter l’algorithme de bidiagonisation pour le calcul de la SVD,0
communiquer-4.3,Organiser la parole au sein d’un groupe,ANANUM-30-1,Estimer les valeurs propres avec les cercles de Gershgorin,0
communiquer-4.3,Organiser la parole au sein d’un groupe,ANANUM-31-1,Appliquer les décompositions valeurs propres/singulières pour du débruitage d’images ( ??),0
communiquer-4.3,Organiser la parole au sein d’un groupe,ANANUM-32-1,Exploiter les structures particulières de matrices,0
communiquer-4.3,Organiser la parole au sein d’un groupe,ANANUM-32-2,Optimiser l’implémentation de la transformation de Gauss,0
communiquer-4.3,Organiser la parole au sein d’un groupe,ANANUM-32-3,Optmisier l’approche QR pour les valeurs propres avec la forme tridiagonale,0
communiquer-4.3,Organiser la parole au sein d’un groupe,ANANUM-49-1,Etre capable de coder en Python/numpy le produit matriciel,0
communiquer-4.3,Organiser la parole au sein d’un groupe,ANANUM-49-2,Implémenter en Python/numpy l’algorithme de décomposition LU,0
communiquer-4.3,Organiser la parole au sein d’un groupe,ANANUM-49-3,Implémenter en Python/numpy l’algorithme de décomposition PALU,0
communiquer-4.3,Organiser la parole au sein d’un groupe,ANANUM-49-4,Implémenter LDL et Cholesky en python/numpy,0
communiquer-4.3,Organiser la parole au sein d’un groupe,ANANUM-49-5,Implémenter efficacement en Python/numpy l’algorithme de décomposition QR,0
communiquer-4.3,Organiser la parole au sein d’un groupe,ANANUM-49-6,Implémenter en Python/numpy un algorithme de méthode itérative,0
communiquer-4.3,Organiser la parole au sein d’un groupe,ANANUM-49-7,Implémenter en python/numpy la décomposition valeurs propres/singulières,0
communiquer-4.3,Organiser la parole au sein d’un groupe,,,0
communiquer-4.4,Convaincre son interlocuteur,ANANUM-1-1,Retrouver les dimensions d’une matrice,0
communiquer-4.4,Convaincre son interlocuteur,ANANUM-1-2,Identifier les différents type de matrice (structure et taille),0
communiquer-4.4,Convaincre son interlocuteur,ANANUM-1-3,Identifier et connaître un problème des moindres carrés,0
communiquer-4.4,Convaincre son interlocuteur,ANANUM-2-1,Retrouver le schema de résolution des moindres carrés avec la méthode du gradient,0
communiquer-4.4,Convaincre son interlocuteur,ANANUM-3-1,Maitriser les opérations vectorielles (produit scalaire,0
communiquer-4.4,Convaincre son interlocuteur,ANANUM-14-1,Etre capable de représenter un systèmes d’équation linéaire sous forme matricielle,0
communiquer-4.4,Convaincre son interlocuteur,ANANUM-15-3,Connaitre les propriétés d’une matrice de Gauss,0
communiquer-4.4,Convaincre son interlocuteur,ANANUM-15-4,Connaitre les propriétés d’une matrice de permutation,0
communiquer-4.4,Convaincre son interlocuteur,ANANUM-15-5,Connaitre les propriétés d’une matrice définie positive,0
communiquer-4.4,Convaincre son interlocuteur,ANANUM-15-6,Connaitre les propriétés d’une matrice orthogonale,0
communiquer-4.4,Convaincre son interlocuteur,ANANUM-15-7,Connaitre les propriétés d’une matrice de Householder,0
communiquer-4.4,Convaincre son interlocuteur,ANANUM-15-8,Connaitre les propriétés des normes matricielles et vectorielles,0
communiquer-4.4,Convaincre son interlocuteur,ANANUM-15-9,Connaitre les propriétés de la décomposition valeurs propres,0
communiquer-4.4,Convaincre son interlocuteur,ANANUM-15-10,Connaitre les propriétés de la décomposition valeurs singulières,0
communiquer-4.4,Convaincre son interlocuteur,ANANUM-16-1,Connaitre les conditions d’applications de Cholesky et LDL,0
communiquer-4.4,Convaincre son interlocuteur,ANANUM-16-2,Identifier les avantages/limites des méthodes décomposition,0
communiquer-4.4,Convaincre son interlocuteur,ANANUM-16-3,Identifier les similitudes et différences entre Jacobi,0
communiquer-4.4,Convaincre son interlocuteur,ANANUM-29-1,Etre capable d’implémenter un produit matriciel,0
communiquer-4.4,Convaincre son interlocuteur,ANANUM-29-2,Etre capable d’implémenter un produit matriciel de différentes manières,0
communiquer-4.4,Convaincre son interlocuteur,ANANUM-29-3,Connaitre les complexités des opérations vectorielles et matricielles,0
communiquer-4.4,Convaincre son interlocuteur,ANANUM-29-4,Implémenter la résolution d’un systeme d’équation linéaire avec matrice diagonale,0
communiquer-4.4,Convaincre son interlocuteur,ANANUM-29-5,Implémenter la résolution d’un systeme d’équation linéaire avec matrice triangulaire,0
communiquer-4.4,Convaincre son interlocuteur,ANANUM-29-6,Retrouver l’algorithme de calcul de l’inverse d’une matrice triangulaire,0
communiquer-4.4,Convaincre son interlocuteur,ANANUM-29-7,Retrouver les variantes (exterieur/recursive/trisup) de Cholesky,0
communiquer-4.4,Convaincre son interlocuteur,ANANUM-29-8,Connaitre les complexités des la résolution de systeme d’équation triangulaires,0
communiquer-4.4,Convaincre son interlocuteur,ANANUM-29-9,Retrouver le schema de résolution de Ax=b donné A=LU,0
communiquer-4.4,Convaincre son interlocuteur,ANANUM-29-10,Calculer une matrice triangulaire supérieure en utilisant les matrices de Gauss,0
communiquer-4.4,Convaincre son interlocuteur,ANANUM-29-11,Connaitre l’algorithme de décomposition PA=LU,0
communiquer-4.4,Convaincre son interlocuteur,ANANUM-29-12,Retrouver le schema de résolution de Ax=b donné PA=LU,0
communiquer-4.4,Convaincre son interlocuteur,ANANUM-29-13,Retrouver l’algorithme de décomposition A=LDL,0
communiquer-4.4,Convaincre son interlocuteur,ANANUM-29-14,Retrouver l’algorithme de Cholesky,0
communiquer-4.4,Convaincre son interlocuteur,ANANUM-29-16,Retrouver le schema de résolution des moindres carrés avec QR,0
communiquer-4.4,Convaincre son interlocuteur,ANANUM-29-17,Retrouver l’algorithme de décomposition QR avec Householder,0
communiquer-4.4,Convaincre son interlocuteur,ANANUM-29-18,Connaitre le principe des méthodes itératives,0
communiquer-4.4,Convaincre son interlocuteur,ANANUM-29-19,Connaitre le principe de PageRank,0
communiquer-4.4,Convaincre son interlocuteur,ANANUM-29-20,Calculer  une valeur propre en utilisant l’algorithme des puissances itérées,0
communiquer-4.4,Convaincre son interlocuteur,ANANUM-29-21,Implémenter l’algorithme QR pour les valeurs propres,0
communiquer-4.4,Convaincre son interlocuteur,ANANUM-29-22,Calculer les valeurs singulieres d’une matrice a partir des valeurs propres,0
communiquer-4.4,Convaincre son interlocuteur,ANANUM-29-23,Implémenter l’algorithme de bidiagonisation pour le calcul de la SVD,0
communiquer-4.4,Convaincre son interlocuteur,ANANUM-30-1,Estimer les valeurs propres avec les cercles de Gershgorin,0
communiquer-4.4,Convaincre son interlocuteur,ANANUM-31-1,Appliquer les décompositions valeurs propres/singulières pour du débruitage d’images ( ??),0
communiquer-4.4,Convaincre son interlocuteur,ANANUM-32-1,Exploiter les structures particulières de matrices,0
communiquer-4.4,Convaincre son interlocuteur,ANANUM-32-2,Optimiser l’implémentation de la transformation de Gauss,0
communiquer-4.4,Convaincre son interlocuteur,ANANUM-32-3,Optmisier l’approche QR pour les valeurs propres avec la forme tridiagonale,0
communiquer-4.4,Convaincre son interlocuteur,ANANUM-49-1,Etre capable de coder en Python/numpy le produit matriciel,0
communiquer-4.4,Convaincre son interlocuteur,ANANUM-49-2,Implémenter en Python/numpy l’algorithme de décomposition LU,0
communiquer-4.4,Convaincre son interlocuteur,ANANUM-49-3,Implémenter en Python/numpy l’algorithme de décomposition PALU,0
communiquer-4.4,Convaincre son interlocuteur,ANANUM-49-4,Implémenter LDL et Cholesky en python/numpy,0
communiquer-4.4,Convaincre son interlocuteur,ANANUM-49-5,Implémenter efficacement en Python/numpy l’algorithme de décomposition QR,0
communiquer-4.4,Convaincre son interlocuteur,ANANUM-49-6,Implémenter en Python/numpy un algorithme de méthode itérative,0
communiquer-4.4,Convaincre son interlocuteur,ANANUM-49-7,Implémenter en python/numpy la décomposition valeurs propres/singulières,0
communiquer-4.4,Convaincre son interlocuteur,,,0
