AC-ID,AC-TITLE,AAD-ID,AAD-TITLE,LABEL
specifier-1.1,Décrire les types de données en entrée et sortie de chaque composant,BD1-GEN101,Identifier les caractéristiques d'un problème permettant de justifier d'une base de données selon le modèle relationnel,0
specifier-1.1,Décrire les types de données en entrée et sortie de chaque composant,BD1-GEN102,Expliquer le fonctionnement général et les principaux objectifs d'un SGBD,0
specifier-1.1,Décrire les types de données en entrée et sortie de chaque composant,BD1-GEN103,Expliciter les étapes de réalisation d'une base de données relationnelle,0
specifier-1.1,Décrire les types de données en entrée et sortie de chaque composant,BD1-GEN201,Donner un exemple de relation contenue dans la méta-base,0
specifier-1.1,Décrire les types de données en entrée et sortie de chaque composant,BD1-GEN202,Différencier le schéma d'une instance de base de données,0
specifier-1.1,Décrire les types de données en entrée et sortie de chaque composant,BD1-CON101,"Concevoir (i.e. définir les schéma) une base de données relationnelle selon les 3 niveaux d'abstraction : externe, conceptuel, interne",0
specifier-1.1,Décrire les types de données en entrée et sortie de chaque composant,BD1-CON102,Expliciter les éléments d'un schéma E/A,0
specifier-1.1,Décrire les types de données en entrée et sortie de chaque composant,BD1-CON103,Produire un schéma relationnel cohérent vis à vis du schéma E/A à partir des règles du cours,0
specifier-1.1,Décrire les types de données en entrée et sortie de chaque composant,BD1-CON104,"Justifier des méthodes de transformation M, N (cas 4) vs. 1,1 (cas 3)",0
specifier-1.1,Décrire les types de données en entrée et sortie de chaque composant,BD1-CON105,Définir une clé primaire appropriée pour une table au regard du contexte,0
specifier-1.1,Décrire les types de données en entrée et sortie de chaque composant,BD1-CON106,Définir une clé primaire appropriée pour une table au regard d'un ensemble de dépendances fonctionnelles,0
specifier-1.1,Décrire les types de données en entrée et sortie de chaque composant,BD1-CON107,Définir les contraintes d'intégrité référentielles,0
specifier-1.1,Décrire les types de données en entrée et sortie de chaque composant,BD1-CON108,Définir les (autres) contraintes d'intégrité appropriées au regard du contexte,0
specifier-1.1,Décrire les types de données en entrée et sortie de chaque composant,BD1-EVA201,Identifier les anomalies d'un schéma relationnel,0
specifier-1.1,Décrire les types de données en entrée et sortie de chaque composant,BD1-EVA202,Définir les dépendances fonctionnelles entre les attributs,0
specifier-1.1,Décrire les types de données en entrée et sortie de chaque composant,BD1-EVA203,Décomposer un schéma relationnel de manière approprié,0
specifier-1.1,Décrire les types de données en entrée et sortie de chaque composant,BD1-EVA204,Évaluer la forme normale d'un schéma relationnel,0
specifier-1.1,Décrire les types de données en entrée et sortie de chaque composant,BD1-EVA205,Réaliser la fermeture transitive d'une couverture minimale,0
specifier-1.1,Décrire les types de données en entrée et sortie de chaque composant,BD1-EVA206,Transformer un schéma relationnel pour « améliorer » sa forme normale,0
specifier-1.1,Décrire les types de données en entrée et sortie de chaque composant,BD1-EVA207,Argumenter en faveur ou non (dénormalisation) de l'équivalence modèle logique vs. modèle physique,0
specifier-1.1,Décrire les types de données en entrée et sortie de chaque composant,BD1-LAN101,Expliciter les éléments d'une requête en algèbre relationnelle au format textuel,0
specifier-1.1,Décrire les types de données en entrée et sortie de chaque composant,BD1-LAN102,Écrire une requête en algèbre relationnelle en utilisant les arbres algébriques,0
specifier-1.1,Décrire les types de données en entrée et sortie de chaque composant,BD1-LAN103,Avoir une intuition de l'optimisation de requête,0
specifier-1.1,Décrire les types de données en entrée et sortie de chaque composant,BD1-LAN201,Ecrire une requête simple de manipulation de données (LMD) en langage SQL,0
specifier-1.1,Décrire les types de données en entrée et sortie de chaque composant,BD1-LAN202,Ecrire une requête complexe de manipulation de données (LMD) en langage SQL,0
specifier-1.1,Décrire les types de données en entrée et sortie de chaque composant,BD1-LAN203,Ecrire une requête de définition de données (LDD) en langage SQL,0
specifier-1.1,Décrire les types de données en entrée et sortie de chaque composant,BD1-LAN204,Définir des contraintes d'intégrité simples en langage SQL,0
specifier-1.1,Décrire les types de données en entrée et sortie de chaque composant,BD1-LAN205,Identifier la nécessité de l'usage d'un trigger dans le cadre de la définition des CI (sans l'écrire),0
specifier-1.1,Décrire les types de données en entrée et sortie de chaque composant,BD1-LAN206,Ecrire une requête d'attribution de droits en langage SQL (centralisé ou non),0
specifier-1.1,Décrire les types de données en entrée et sortie de chaque composant,BD1-CONT101,Différencier sécurité (contrôle d'autorisation) et consistance (contrôle d'intégrité) des données,0
specifier-1.1,Décrire les types de données en entrée et sortie de chaque composant,BD1-CONT102,Différencier gestion centralisé/non centralisé des droits,0
specifier-1.1,Décrire les types de données en entrée et sortie de chaque composant,BD1-CONT201,Différencier vue relationnelle et relation,0
specifier-1.1,Décrire les types de données en entrée et sortie de chaque composant,BD1-CONT202,Ecrire la requête effectivement réalisée par le SGBD à partir de la définition de la vue interrogée.,0
specifier-1.1,Décrire les types de données en entrée et sortie de chaque composant,BD1-CONT203,Expliciter les avantages et inconvénients de l'usage des vues relationnelles,0
specifier-1.1,Décrire les types de données en entrée et sortie de chaque composant,BD1-CONT204,Identifier les problèmes de mise à jour dans les vues relationnelles,0
specifier-1.1,Décrire les types de données en entrée et sortie de chaque composant,BD1-CONT205,Utiliser la clause « with check option » dans la définition d'une vue relationnelle,0
specifier-1.1,Décrire les types de données en entrée et sortie de chaque composant,BD1-INT101,Identifier le besoin en optimisation au niveau du stockage. I. e. quand définir un index.,0
specifier-1.1,Décrire les types de données en entrée et sortie de chaque composant,BD1-INT102,Différencier le placement de l'accès aux données,0
specifier-1.1,Décrire les types de données en entrée et sortie de chaque composant,BD1-INT201,Identifier le besoin de mise en œuvre de la gestion de la concurrence d'accès,0
specifier-1.1,Décrire les types de données en entrée et sortie de chaque composant,BD1-INT202,Définir les opérations élémentaires (lecture/écriture) réalisées par le SGBD à partir d'un algorithme,0
specifier-1.1,Décrire les types de données en entrée et sortie de chaque composant,BD1-INT203,Poser les verrous en lecture et en écriture (en assurant le verrouillage 2 phases) pour assurer une sérialisation des transactions,0
specifier-1.1,Décrire les types de données en entrée et sortie de chaque composant,BD1-INT204,Associer problème de gestion de la concurrence et propriétés ACID,0
specifier-1.1,Décrire les types de données en entrée et sortie de chaque composant,BD1-INT205,Définir la granule de verrouillage utilisée à partir de l'exécution de transactions,0
specifier-1.1,Décrire les types de données en entrée et sortie de chaque composant,BD1-INT206,Identifier un interblocage (i.e. deadlock),0
specifier-1.1,Décrire les types de données en entrée et sortie de chaque composant,,,0
specifier-1.2,Décomposer et organiser un processus,BD1-GEN101,Identifier les caractéristiques d'un problème permettant de justifier d'une base de données selon le modèle relationnel,1
specifier-1.2,Décomposer et organiser un processus,BD1-GEN102,Expliquer le fonctionnement général et les principaux objectifs d'un SGBD,1
specifier-1.2,Décomposer et organiser un processus,BD1-GEN103,Expliciter les étapes de réalisation d'une base de données relationnelle,1
specifier-1.2,Décomposer et organiser un processus,BD1-GEN201,Donner un exemple de relation contenue dans la méta-base,0
specifier-1.2,Décomposer et organiser un processus,BD1-GEN202,Différencier le schéma d'une instance de base de données,0
specifier-1.2,Décomposer et organiser un processus,BD1-CON101,"Concevoir (i.e. définir les schéma) une base de données relationnelle selon les 3 niveaux d'abstraction : externe, conceptuel, interne",0
specifier-1.2,Décomposer et organiser un processus,BD1-CON102,Expliciter les éléments d'un schéma E/A,0
specifier-1.2,Décomposer et organiser un processus,BD1-CON103,Produire un schéma relationnel cohérent vis à vis du schéma E/A à partir des règles du cours,0
specifier-1.2,Décomposer et organiser un processus,BD1-CON104,"Justifier des méthodes de transformation M, N (cas 4) vs. 1,1 (cas 3)",0
specifier-1.2,Décomposer et organiser un processus,BD1-CON105,Définir une clé primaire appropriée pour une table au regard du contexte,0
specifier-1.2,Décomposer et organiser un processus,BD1-CON106,Définir une clé primaire appropriée pour une table au regard d'un ensemble de dépendances fonctionnelles,0
specifier-1.2,Décomposer et organiser un processus,BD1-CON107,Définir les contraintes d'intégrité référentielles,0
specifier-1.2,Décomposer et organiser un processus,BD1-CON108,Définir les (autres) contraintes d'intégrité appropriées au regard du contexte,0
specifier-1.2,Décomposer et organiser un processus,BD1-EVA201,Identifier les anomalies d'un schéma relationnel,0
specifier-1.2,Décomposer et organiser un processus,BD1-EVA202,Définir les dépendances fonctionnelles entre les attributs,0
specifier-1.2,Décomposer et organiser un processus,BD1-EVA203,Décomposer un schéma relationnel de manière approprié,0
specifier-1.2,Décomposer et organiser un processus,BD1-EVA204,Évaluer la forme normale d'un schéma relationnel,0
specifier-1.2,Décomposer et organiser un processus,BD1-EVA205,Réaliser la fermeture transitive d'une couverture minimale,0
specifier-1.2,Décomposer et organiser un processus,BD1-EVA206,Transformer un schéma relationnel pour « améliorer » sa forme normale,0
specifier-1.2,Décomposer et organiser un processus,BD1-EVA207,Argumenter en faveur ou non (dénormalisation) de l'équivalence modèle logique vs. modèle physique,0
specifier-1.2,Décomposer et organiser un processus,BD1-LAN101,Expliciter les éléments d'une requête en algèbre relationnelle au format textuel,0
specifier-1.2,Décomposer et organiser un processus,BD1-LAN102,Écrire une requête en algèbre relationnelle en utilisant les arbres algébriques,0
specifier-1.2,Décomposer et organiser un processus,BD1-LAN103,Avoir une intuition de l'optimisation de requête,0
specifier-1.2,Décomposer et organiser un processus,BD1-LAN201,Ecrire une requête simple de manipulation de données (LMD) en langage SQL,0
specifier-1.2,Décomposer et organiser un processus,BD1-LAN202,Ecrire une requête complexe de manipulation de données (LMD) en langage SQL,0
specifier-1.2,Décomposer et organiser un processus,BD1-LAN203,Ecrire une requête de définition de données (LDD) en langage SQL,0
specifier-1.2,Décomposer et organiser un processus,BD1-LAN204,Définir des contraintes d'intégrité simples en langage SQL,0
specifier-1.2,Décomposer et organiser un processus,BD1-LAN205,Identifier la nécessité de l'usage d'un trigger dans le cadre de la définition des CI (sans l'écrire),0
specifier-1.2,Décomposer et organiser un processus,BD1-LAN206,Ecrire une requête d'attribution de droits en langage SQL (centralisé ou non),0
specifier-1.2,Décomposer et organiser un processus,BD1-CONT101,Différencier sécurité (contrôle d'autorisation) et consistance (contrôle d'intégrité) des données,0
specifier-1.2,Décomposer et organiser un processus,BD1-CONT102,Différencier gestion centralisé/non centralisé des droits,0
specifier-1.2,Décomposer et organiser un processus,BD1-CONT201,Différencier vue relationnelle et relation,0
specifier-1.2,Décomposer et organiser un processus,BD1-CONT202,Ecrire la requête effectivement réalisée par le SGBD à partir de la définition de la vue interrogée.,0
specifier-1.2,Décomposer et organiser un processus,BD1-CONT203,Expliciter les avantages et inconvénients de l'usage des vues relationnelles,0
specifier-1.2,Décomposer et organiser un processus,BD1-CONT204,Identifier les problèmes de mise à jour dans les vues relationnelles,0
specifier-1.2,Décomposer et organiser un processus,BD1-CONT205,Utiliser la clause « with check option » dans la définition d'une vue relationnelle,0
specifier-1.2,Décomposer et organiser un processus,BD1-INT101,Identifier le besoin en optimisation au niveau du stockage. I. e. quand définir un index.,0
specifier-1.2,Décomposer et organiser un processus,BD1-INT102,Différencier le placement de l'accès aux données,0
specifier-1.2,Décomposer et organiser un processus,BD1-INT201,Identifier le besoin de mise en œuvre de la gestion de la concurrence d'accès,0
specifier-1.2,Décomposer et organiser un processus,BD1-INT202,Définir les opérations élémentaires (lecture/écriture) réalisées par le SGBD à partir d'un algorithme,0
specifier-1.2,Décomposer et organiser un processus,BD1-INT203,Poser les verrous en lecture et en écriture (en assurant le verrouillage 2 phases) pour assurer une sérialisation des transactions,0
specifier-1.2,Décomposer et organiser un processus,BD1-INT204,Associer problème de gestion de la concurrence et propriétés ACID,0
specifier-1.2,Décomposer et organiser un processus,BD1-INT205,Définir la granule de verrouillage utilisée à partir de l'exécution de transactions,0
specifier-1.2,Décomposer et organiser un processus,BD1-INT206,Identifier un interblocage (i.e. deadlock),0
specifier-1.2,Décomposer et organiser un processus,,,0
specifier-1.3,Utiliser un langage formel,BD1-GEN101,Identifier les caractéristiques d'un problème permettant de justifier d'une base de données selon le modèle relationnel,0
specifier-1.3,Utiliser un langage formel,BD1-GEN102,Expliquer le fonctionnement général et les principaux objectifs d'un SGBD,0
specifier-1.3,Utiliser un langage formel,BD1-GEN103,Expliciter les étapes de réalisation d'une base de données relationnelle,0
specifier-1.3,Utiliser un langage formel,BD1-GEN201,Donner un exemple de relation contenue dans la méta-base,0
specifier-1.3,Utiliser un langage formel,BD1-GEN202,Différencier le schéma d'une instance de base de données,0
specifier-1.3,Utiliser un langage formel,BD1-CON101,"Concevoir (i.e. définir les schéma) une base de données relationnelle selon les 3 niveaux d'abstraction : externe, conceptuel, interne",0
specifier-1.3,Utiliser un langage formel,BD1-CON102,Expliciter les éléments d'un schéma E/A,0
specifier-1.3,Utiliser un langage formel,BD1-CON103,Produire un schéma relationnel cohérent vis à vis du schéma E/A à partir des règles du cours,0
specifier-1.3,Utiliser un langage formel,BD1-CON104,"Justifier des méthodes de transformation M, N (cas 4) vs. 1,1 (cas 3)",0
specifier-1.3,Utiliser un langage formel,BD1-CON105,Définir une clé primaire appropriée pour une table au regard du contexte,0
specifier-1.3,Utiliser un langage formel,BD1-CON106,Définir une clé primaire appropriée pour une table au regard d'un ensemble de dépendances fonctionnelles,0
specifier-1.3,Utiliser un langage formel,BD1-CON107,Définir les contraintes d'intégrité référentielles,0
specifier-1.3,Utiliser un langage formel,BD1-CON108,Définir les (autres) contraintes d'intégrité appropriées au regard du contexte,0
specifier-1.3,Utiliser un langage formel,BD1-EVA201,Identifier les anomalies d'un schéma relationnel,0
specifier-1.3,Utiliser un langage formel,BD1-EVA202,Définir les dépendances fonctionnelles entre les attributs,0
specifier-1.3,Utiliser un langage formel,BD1-EVA203,Décomposer un schéma relationnel de manière approprié,0
specifier-1.3,Utiliser un langage formel,BD1-EVA204,Évaluer la forme normale d'un schéma relationnel,0
specifier-1.3,Utiliser un langage formel,BD1-EVA205,Réaliser la fermeture transitive d'une couverture minimale,0
specifier-1.3,Utiliser un langage formel,BD1-EVA206,Transformer un schéma relationnel pour « améliorer » sa forme normale,0
specifier-1.3,Utiliser un langage formel,BD1-EVA207,Argumenter en faveur ou non (dénormalisation) de l'équivalence modèle logique vs. modèle physique,0
specifier-1.3,Utiliser un langage formel,BD1-LAN101,Expliciter les éléments d'une requête en algèbre relationnelle au format textuel,1
specifier-1.3,Utiliser un langage formel,BD1-LAN102,Écrire une requête en algèbre relationnelle en utilisant les arbres algébriques,1
specifier-1.3,Utiliser un langage formel,BD1-LAN103,Avoir une intuition de l'optimisation de requête,1
specifier-1.3,Utiliser un langage formel,BD1-LAN201,Ecrire une requête simple de manipulation de données (LMD) en langage SQL,1
specifier-1.3,Utiliser un langage formel,BD1-LAN202,Ecrire une requête complexe de manipulation de données (LMD) en langage SQL,1
specifier-1.3,Utiliser un langage formel,BD1-LAN203,Ecrire une requête de définition de données (LDD) en langage SQL,1
specifier-1.3,Utiliser un langage formel,BD1-LAN204,Définir des contraintes d'intégrité simples en langage SQL,1
specifier-1.3,Utiliser un langage formel,BD1-LAN205,Identifier la nécessité de l'usage d'un trigger dans le cadre de la définition des CI (sans l'écrire),1
specifier-1.3,Utiliser un langage formel,BD1-LAN206,Ecrire une requête d'attribution de droits en langage SQL (centralisé ou non),1
specifier-1.3,Utiliser un langage formel,BD1-CONT101,Différencier sécurité (contrôle d'autorisation) et consistance (contrôle d'intégrité) des données,0
specifier-1.3,Utiliser un langage formel,BD1-CONT102,Différencier gestion centralisé/non centralisé des droits,0
specifier-1.3,Utiliser un langage formel,BD1-CONT201,Différencier vue relationnelle et relation,0
specifier-1.3,Utiliser un langage formel,BD1-CONT202,Ecrire la requête effectivement réalisée par le SGBD à partir de la définition de la vue interrogée.,0
specifier-1.3,Utiliser un langage formel,BD1-CONT203,Expliciter les avantages et inconvénients de l'usage des vues relationnelles,0
specifier-1.3,Utiliser un langage formel,BD1-CONT204,Identifier les problèmes de mise à jour dans les vues relationnelles,0
specifier-1.3,Utiliser un langage formel,BD1-CONT205,Utiliser la clause « with check option » dans la définition d'une vue relationnelle,0
specifier-1.3,Utiliser un langage formel,BD1-INT101,Identifier le besoin en optimisation au niveau du stockage. I. e. quand définir un index.,0
specifier-1.3,Utiliser un langage formel,BD1-INT102,Différencier le placement de l'accès aux données,0
specifier-1.3,Utiliser un langage formel,BD1-INT201,Identifier le besoin de mise en œuvre de la gestion de la concurrence d'accès,0
specifier-1.3,Utiliser un langage formel,BD1-INT202,Définir les opérations élémentaires (lecture/écriture) réalisées par le SGBD à partir d'un algorithme,0
specifier-1.3,Utiliser un langage formel,BD1-INT203,Poser les verrous en lecture et en écriture (en assurant le verrouillage 2 phases) pour assurer une sérialisation des transactions,0
specifier-1.3,Utiliser un langage formel,BD1-INT204,Associer problème de gestion de la concurrence et propriétés ACID,0
specifier-1.3,Utiliser un langage formel,BD1-INT205,Définir la granule de verrouillage utilisée à partir de l'exécution de transactions,0
specifier-1.3,Utiliser un langage formel,BD1-INT206,Identifier un interblocage (i.e. deadlock),0
specifier-1.3,Utiliser un langage formel,,,0
specifier-2.1,Analyser la demande,BD1-GEN101,Identifier les caractéristiques d'un problème permettant de justifier d'une base de données selon le modèle relationnel,0
specifier-2.1,Analyser la demande,BD1-GEN102,Expliquer le fonctionnement général et les principaux objectifs d'un SGBD,0
specifier-2.1,Analyser la demande,BD1-GEN103,Expliciter les étapes de réalisation d'une base de données relationnelle,0
specifier-2.1,Analyser la demande,BD1-GEN201,Donner un exemple de relation contenue dans la méta-base,0
specifier-2.1,Analyser la demande,BD1-GEN202,Différencier le schéma d'une instance de base de données,0
specifier-2.1,Analyser la demande,BD1-CON101,"Concevoir (i.e. définir les schéma) une base de données relationnelle selon les 3 niveaux d'abstraction : externe, conceptuel, interne",0
specifier-2.1,Analyser la demande,BD1-CON102,Expliciter les éléments d'un schéma E/A,0
specifier-2.1,Analyser la demande,BD1-CON103,Produire un schéma relationnel cohérent vis à vis du schéma E/A à partir des règles du cours,0
specifier-2.1,Analyser la demande,BD1-CON104,"Justifier des méthodes de transformation M, N (cas 4) vs. 1,1 (cas 3)",0
specifier-2.1,Analyser la demande,BD1-CON105,Définir une clé primaire appropriée pour une table au regard du contexte,0
specifier-2.1,Analyser la demande,BD1-CON106,Définir une clé primaire appropriée pour une table au regard d'un ensemble de dépendances fonctionnelles,0
specifier-2.1,Analyser la demande,BD1-CON107,Définir les contraintes d'intégrité référentielles,0
specifier-2.1,Analyser la demande,BD1-CON108,Définir les (autres) contraintes d'intégrité appropriées au regard du contexte,0
specifier-2.1,Analyser la demande,BD1-EVA201,Identifier les anomalies d'un schéma relationnel,0
specifier-2.1,Analyser la demande,BD1-EVA202,Définir les dépendances fonctionnelles entre les attributs,0
specifier-2.1,Analyser la demande,BD1-EVA203,Décomposer un schéma relationnel de manière approprié,0
specifier-2.1,Analyser la demande,BD1-EVA204,Évaluer la forme normale d'un schéma relationnel,0
specifier-2.1,Analyser la demande,BD1-EVA205,Réaliser la fermeture transitive d'une couverture minimale,0
specifier-2.1,Analyser la demande,BD1-EVA206,Transformer un schéma relationnel pour « améliorer » sa forme normale,0
specifier-2.1,Analyser la demande,BD1-EVA207,Argumenter en faveur ou non (dénormalisation) de l'équivalence modèle logique vs. modèle physique,0
specifier-2.1,Analyser la demande,BD1-LAN101,Expliciter les éléments d'une requête en algèbre relationnelle au format textuel,0
specifier-2.1,Analyser la demande,BD1-LAN102,Écrire une requête en algèbre relationnelle en utilisant les arbres algébriques,0
specifier-2.1,Analyser la demande,BD1-LAN103,Avoir une intuition de l'optimisation de requête,0
specifier-2.1,Analyser la demande,BD1-LAN201,Ecrire une requête simple de manipulation de données (LMD) en langage SQL,0
specifier-2.1,Analyser la demande,BD1-LAN202,Ecrire une requête complexe de manipulation de données (LMD) en langage SQL,0
specifier-2.1,Analyser la demande,BD1-LAN203,Ecrire une requête de définition de données (LDD) en langage SQL,0
specifier-2.1,Analyser la demande,BD1-LAN204,Définir des contraintes d'intégrité simples en langage SQL,0
specifier-2.1,Analyser la demande,BD1-LAN205,Identifier la nécessité de l'usage d'un trigger dans le cadre de la définition des CI (sans l'écrire),0
specifier-2.1,Analyser la demande,BD1-LAN206,Ecrire une requête d'attribution de droits en langage SQL (centralisé ou non),0
specifier-2.1,Analyser la demande,BD1-CONT101,Différencier sécurité (contrôle d'autorisation) et consistance (contrôle d'intégrité) des données,0
specifier-2.1,Analyser la demande,BD1-CONT102,Différencier gestion centralisé/non centralisé des droits,0
specifier-2.1,Analyser la demande,BD1-CONT201,Différencier vue relationnelle et relation,0
specifier-2.1,Analyser la demande,BD1-CONT202,Ecrire la requête effectivement réalisée par le SGBD à partir de la définition de la vue interrogée.,0
specifier-2.1,Analyser la demande,BD1-CONT203,Expliciter les avantages et inconvénients de l'usage des vues relationnelles,0
specifier-2.1,Analyser la demande,BD1-CONT204,Identifier les problèmes de mise à jour dans les vues relationnelles,0
specifier-2.1,Analyser la demande,BD1-CONT205,Utiliser la clause « with check option » dans la définition d'une vue relationnelle,0
specifier-2.1,Analyser la demande,BD1-INT101,Identifier le besoin en optimisation au niveau du stockage. I. e. quand définir un index.,1
specifier-2.1,Analyser la demande,BD1-INT102,Différencier le placement de l'accès aux données,1
specifier-2.1,Analyser la demande,BD1-INT201,Identifier le besoin de mise en œuvre de la gestion de la concurrence d'accès,1
specifier-2.1,Analyser la demande,BD1-INT202,Définir les opérations élémentaires (lecture/écriture) réalisées par le SGBD à partir d'un algorithme,0
specifier-2.1,Analyser la demande,BD1-INT203,Poser les verrous en lecture et en écriture (en assurant le verrouillage 2 phases) pour assurer une sérialisation des transactions,0
specifier-2.1,Analyser la demande,BD1-INT204,Associer problème de gestion de la concurrence et propriétés ACID,0
specifier-2.1,Analyser la demande,BD1-INT205,Définir la granule de verrouillage utilisée à partir de l'exécution de transactions,0
specifier-2.1,Analyser la demande,BD1-INT206,Identifier un interblocage (i.e. deadlock),0
specifier-2.1,Analyser la demande,,,0
specifier-2.2,Définir des cas d’utilisation,BD1-GEN101,Identifier les caractéristiques d'un problème permettant de justifier d'une base de données selon le modèle relationnel,0
specifier-2.2,Définir des cas d’utilisation,BD1-GEN102,Expliquer le fonctionnement général et les principaux objectifs d'un SGBD,0
specifier-2.2,Définir des cas d’utilisation,BD1-GEN103,Expliciter les étapes de réalisation d'une base de données relationnelle,0
specifier-2.2,Définir des cas d’utilisation,BD1-GEN201,Donner un exemple de relation contenue dans la méta-base,0
specifier-2.2,Définir des cas d’utilisation,BD1-GEN202,Différencier le schéma d'une instance de base de données,0
specifier-2.2,Définir des cas d’utilisation,BD1-CON101,"Concevoir (i.e. définir les schéma) une base de données relationnelle selon les 3 niveaux d'abstraction : externe, conceptuel, interne",0
specifier-2.2,Définir des cas d’utilisation,BD1-CON102,Expliciter les éléments d'un schéma E/A,0
specifier-2.2,Définir des cas d’utilisation,BD1-CON103,Produire un schéma relationnel cohérent vis à vis du schéma E/A à partir des règles du cours,0
specifier-2.2,Définir des cas d’utilisation,BD1-CON104,"Justifier des méthodes de transformation M, N (cas 4) vs. 1,1 (cas 3)",0
specifier-2.2,Définir des cas d’utilisation,BD1-CON105,Définir une clé primaire appropriée pour une table au regard du contexte,0
specifier-2.2,Définir des cas d’utilisation,BD1-CON106,Définir une clé primaire appropriée pour une table au regard d'un ensemble de dépendances fonctionnelles,0
specifier-2.2,Définir des cas d’utilisation,BD1-CON107,Définir les contraintes d'intégrité référentielles,0
specifier-2.2,Définir des cas d’utilisation,BD1-CON108,Définir les (autres) contraintes d'intégrité appropriées au regard du contexte,0
specifier-2.2,Définir des cas d’utilisation,BD1-EVA201,Identifier les anomalies d'un schéma relationnel,0
specifier-2.2,Définir des cas d’utilisation,BD1-EVA202,Définir les dépendances fonctionnelles entre les attributs,0
specifier-2.2,Définir des cas d’utilisation,BD1-EVA203,Décomposer un schéma relationnel de manière approprié,0
specifier-2.2,Définir des cas d’utilisation,BD1-EVA204,Évaluer la forme normale d'un schéma relationnel,0
specifier-2.2,Définir des cas d’utilisation,BD1-EVA205,Réaliser la fermeture transitive d'une couverture minimale,0
specifier-2.2,Définir des cas d’utilisation,BD1-EVA206,Transformer un schéma relationnel pour « améliorer » sa forme normale,0
specifier-2.2,Définir des cas d’utilisation,BD1-EVA207,Argumenter en faveur ou non (dénormalisation) de l'équivalence modèle logique vs. modèle physique,0
specifier-2.2,Définir des cas d’utilisation,BD1-LAN101,Expliciter les éléments d'une requête en algèbre relationnelle au format textuel,0
specifier-2.2,Définir des cas d’utilisation,BD1-LAN102,Écrire une requête en algèbre relationnelle en utilisant les arbres algébriques,0
specifier-2.2,Définir des cas d’utilisation,BD1-LAN103,Avoir une intuition de l'optimisation de requête,0
specifier-2.2,Définir des cas d’utilisation,BD1-LAN201,Ecrire une requête simple de manipulation de données (LMD) en langage SQL,0
specifier-2.2,Définir des cas d’utilisation,BD1-LAN202,Ecrire une requête complexe de manipulation de données (LMD) en langage SQL,0
specifier-2.2,Définir des cas d’utilisation,BD1-LAN203,Ecrire une requête de définition de données (LDD) en langage SQL,0
specifier-2.2,Définir des cas d’utilisation,BD1-LAN204,Définir des contraintes d'intégrité simples en langage SQL,0
specifier-2.2,Définir des cas d’utilisation,BD1-LAN205,Identifier la nécessité de l'usage d'un trigger dans le cadre de la définition des CI (sans l'écrire),0
specifier-2.2,Définir des cas d’utilisation,BD1-LAN206,Ecrire une requête d'attribution de droits en langage SQL (centralisé ou non),0
specifier-2.2,Définir des cas d’utilisation,BD1-CONT101,Différencier sécurité (contrôle d'autorisation) et consistance (contrôle d'intégrité) des données,0
specifier-2.2,Définir des cas d’utilisation,BD1-CONT102,Différencier gestion centralisé/non centralisé des droits,0
specifier-2.2,Définir des cas d’utilisation,BD1-CONT201,Différencier vue relationnelle et relation,0
specifier-2.2,Définir des cas d’utilisation,BD1-CONT202,Ecrire la requête effectivement réalisée par le SGBD à partir de la définition de la vue interrogée.,0
specifier-2.2,Définir des cas d’utilisation,BD1-CONT203,Expliciter les avantages et inconvénients de l'usage des vues relationnelles,0
specifier-2.2,Définir des cas d’utilisation,BD1-CONT204,Identifier les problèmes de mise à jour dans les vues relationnelles,0
specifier-2.2,Définir des cas d’utilisation,BD1-CONT205,Utiliser la clause « with check option » dans la définition d'une vue relationnelle,0
specifier-2.2,Définir des cas d’utilisation,BD1-INT101,Identifier le besoin en optimisation au niveau du stockage. I. e. quand définir un index.,0
specifier-2.2,Définir des cas d’utilisation,BD1-INT102,Différencier le placement de l'accès aux données,0
specifier-2.2,Définir des cas d’utilisation,BD1-INT201,Identifier le besoin de mise en œuvre de la gestion de la concurrence d'accès,0
specifier-2.2,Définir des cas d’utilisation,BD1-INT202,Définir les opérations élémentaires (lecture/écriture) réalisées par le SGBD à partir d'un algorithme,0
specifier-2.2,Définir des cas d’utilisation,BD1-INT203,Poser les verrous en lecture et en écriture (en assurant le verrouillage 2 phases) pour assurer une sérialisation des transactions,0
specifier-2.2,Définir des cas d’utilisation,BD1-INT204,Associer problème de gestion de la concurrence et propriétés ACID,0
specifier-2.2,Définir des cas d’utilisation,BD1-INT205,Définir la granule de verrouillage utilisée à partir de l'exécution de transactions,0
specifier-2.2,Définir des cas d’utilisation,BD1-INT206,Identifier un interblocage (i.e. deadlock),0
specifier-2.2,Définir des cas d’utilisation,,,0
specifier-2.3,Caractériser l’utilisation des données au regard du RGPD,BD1-GEN101,Identifier les caractéristiques d'un problème permettant de justifier d'une base de données selon le modèle relationnel,0
specifier-2.3,Caractériser l’utilisation des données au regard du RGPD,BD1-GEN102,Expliquer le fonctionnement général et les principaux objectifs d'un SGBD,0
specifier-2.3,Caractériser l’utilisation des données au regard du RGPD,BD1-GEN103,Expliciter les étapes de réalisation d'une base de données relationnelle,0
specifier-2.3,Caractériser l’utilisation des données au regard du RGPD,BD1-GEN201,Donner un exemple de relation contenue dans la méta-base,0
specifier-2.3,Caractériser l’utilisation des données au regard du RGPD,BD1-GEN202,Différencier le schéma d'une instance de base de données,0
specifier-2.3,Caractériser l’utilisation des données au regard du RGPD,BD1-CON101,"Concevoir (i.e. définir les schéma) une base de données relationnelle selon les 3 niveaux d'abstraction : externe, conceptuel, interne",0
specifier-2.3,Caractériser l’utilisation des données au regard du RGPD,BD1-CON102,Expliciter les éléments d'un schéma E/A,0
specifier-2.3,Caractériser l’utilisation des données au regard du RGPD,BD1-CON103,Produire un schéma relationnel cohérent vis à vis du schéma E/A à partir des règles du cours,0
specifier-2.3,Caractériser l’utilisation des données au regard du RGPD,BD1-CON104,"Justifier des méthodes de transformation M, N (cas 4) vs. 1,1 (cas 3)",0
specifier-2.3,Caractériser l’utilisation des données au regard du RGPD,BD1-CON105,Définir une clé primaire appropriée pour une table au regard du contexte,0
specifier-2.3,Caractériser l’utilisation des données au regard du RGPD,BD1-CON106,Définir une clé primaire appropriée pour une table au regard d'un ensemble de dépendances fonctionnelles,0
specifier-2.3,Caractériser l’utilisation des données au regard du RGPD,BD1-CON107,Définir les contraintes d'intégrité référentielles,0
specifier-2.3,Caractériser l’utilisation des données au regard du RGPD,BD1-CON108,Définir les (autres) contraintes d'intégrité appropriées au regard du contexte,0
specifier-2.3,Caractériser l’utilisation des données au regard du RGPD,BD1-EVA201,Identifier les anomalies d'un schéma relationnel,0
specifier-2.3,Caractériser l’utilisation des données au regard du RGPD,BD1-EVA202,Définir les dépendances fonctionnelles entre les attributs,0
specifier-2.3,Caractériser l’utilisation des données au regard du RGPD,BD1-EVA203,Décomposer un schéma relationnel de manière approprié,0
specifier-2.3,Caractériser l’utilisation des données au regard du RGPD,BD1-EVA204,Évaluer la forme normale d'un schéma relationnel,0
specifier-2.3,Caractériser l’utilisation des données au regard du RGPD,BD1-EVA205,Réaliser la fermeture transitive d'une couverture minimale,0
specifier-2.3,Caractériser l’utilisation des données au regard du RGPD,BD1-EVA206,Transformer un schéma relationnel pour « améliorer » sa forme normale,0
specifier-2.3,Caractériser l’utilisation des données au regard du RGPD,BD1-EVA207,Argumenter en faveur ou non (dénormalisation) de l'équivalence modèle logique vs. modèle physique,0
specifier-2.3,Caractériser l’utilisation des données au regard du RGPD,BD1-LAN101,Expliciter les éléments d'une requête en algèbre relationnelle au format textuel,0
specifier-2.3,Caractériser l’utilisation des données au regard du RGPD,BD1-LAN102,Écrire une requête en algèbre relationnelle en utilisant les arbres algébriques,0
specifier-2.3,Caractériser l’utilisation des données au regard du RGPD,BD1-LAN103,Avoir une intuition de l'optimisation de requête,0
specifier-2.3,Caractériser l’utilisation des données au regard du RGPD,BD1-LAN201,Ecrire une requête simple de manipulation de données (LMD) en langage SQL,0
specifier-2.3,Caractériser l’utilisation des données au regard du RGPD,BD1-LAN202,Ecrire une requête complexe de manipulation de données (LMD) en langage SQL,0
specifier-2.3,Caractériser l’utilisation des données au regard du RGPD,BD1-LAN203,Ecrire une requête de définition de données (LDD) en langage SQL,0
specifier-2.3,Caractériser l’utilisation des données au regard du RGPD,BD1-LAN204,Définir des contraintes d'intégrité simples en langage SQL,0
specifier-2.3,Caractériser l’utilisation des données au regard du RGPD,BD1-LAN205,Identifier la nécessité de l'usage d'un trigger dans le cadre de la définition des CI (sans l'écrire),0
specifier-2.3,Caractériser l’utilisation des données au regard du RGPD,BD1-LAN206,Ecrire une requête d'attribution de droits en langage SQL (centralisé ou non),0
specifier-2.3,Caractériser l’utilisation des données au regard du RGPD,BD1-CONT101,Différencier sécurité (contrôle d'autorisation) et consistance (contrôle d'intégrité) des données,0
specifier-2.3,Caractériser l’utilisation des données au regard du RGPD,BD1-CONT102,Différencier gestion centralisé/non centralisé des droits,0
specifier-2.3,Caractériser l’utilisation des données au regard du RGPD,BD1-CONT201,Différencier vue relationnelle et relation,0
specifier-2.3,Caractériser l’utilisation des données au regard du RGPD,BD1-CONT202,Ecrire la requête effectivement réalisée par le SGBD à partir de la définition de la vue interrogée.,0
specifier-2.3,Caractériser l’utilisation des données au regard du RGPD,BD1-CONT203,Expliciter les avantages et inconvénients de l'usage des vues relationnelles,0
specifier-2.3,Caractériser l’utilisation des données au regard du RGPD,BD1-CONT204,Identifier les problèmes de mise à jour dans les vues relationnelles,0
specifier-2.3,Caractériser l’utilisation des données au regard du RGPD,BD1-CONT205,Utiliser la clause « with check option » dans la définition d'une vue relationnelle,0
specifier-2.3,Caractériser l’utilisation des données au regard du RGPD,BD1-INT101,Identifier le besoin en optimisation au niveau du stockage. I. e. quand définir un index.,0
specifier-2.3,Caractériser l’utilisation des données au regard du RGPD,BD1-INT102,Différencier le placement de l'accès aux données,0
specifier-2.3,Caractériser l’utilisation des données au regard du RGPD,BD1-INT201,Identifier le besoin de mise en œuvre de la gestion de la concurrence d'accès,0
specifier-2.3,Caractériser l’utilisation des données au regard du RGPD,BD1-INT202,Définir les opérations élémentaires (lecture/écriture) réalisées par le SGBD à partir d'un algorithme,0
specifier-2.3,Caractériser l’utilisation des données au regard du RGPD,BD1-INT203,Poser les verrous en lecture et en écriture (en assurant le verrouillage 2 phases) pour assurer une sérialisation des transactions,0
specifier-2.3,Caractériser l’utilisation des données au regard du RGPD,BD1-INT204,Associer problème de gestion de la concurrence et propriétés ACID,0
specifier-2.3,Caractériser l’utilisation des données au regard du RGPD,BD1-INT205,Définir la granule de verrouillage utilisée à partir de l'exécution de transactions,0
specifier-2.3,Caractériser l’utilisation des données au regard du RGPD,BD1-INT206,Identifier un interblocage (i.e. deadlock),0
specifier-2.3,Caractériser l’utilisation des données au regard du RGPD,,,0
specifier-3.1,Discriminer et hiérarchiser les demandes,BD1-GEN101,Identifier les caractéristiques d'un problème permettant de justifier d'une base de données selon le modèle relationnel,0
specifier-3.1,Discriminer et hiérarchiser les demandes,BD1-GEN102,Expliquer le fonctionnement général et les principaux objectifs d'un SGBD,0
specifier-3.1,Discriminer et hiérarchiser les demandes,BD1-GEN103,Expliciter les étapes de réalisation d'une base de données relationnelle,0
specifier-3.1,Discriminer et hiérarchiser les demandes,BD1-GEN201,Donner un exemple de relation contenue dans la méta-base,0
specifier-3.1,Discriminer et hiérarchiser les demandes,BD1-GEN202,Différencier le schéma d'une instance de base de données,0
specifier-3.1,Discriminer et hiérarchiser les demandes,BD1-CON101,"Concevoir (i.e. définir les schéma) une base de données relationnelle selon les 3 niveaux d'abstraction : externe, conceptuel, interne",0
specifier-3.1,Discriminer et hiérarchiser les demandes,BD1-CON102,Expliciter les éléments d'un schéma E/A,0
specifier-3.1,Discriminer et hiérarchiser les demandes,BD1-CON103,Produire un schéma relationnel cohérent vis à vis du schéma E/A à partir des règles du cours,0
specifier-3.1,Discriminer et hiérarchiser les demandes,BD1-CON104,"Justifier des méthodes de transformation M, N (cas 4) vs. 1,1 (cas 3)",0
specifier-3.1,Discriminer et hiérarchiser les demandes,BD1-CON105,Définir une clé primaire appropriée pour une table au regard du contexte,0
specifier-3.1,Discriminer et hiérarchiser les demandes,BD1-CON106,Définir une clé primaire appropriée pour une table au regard d'un ensemble de dépendances fonctionnelles,0
specifier-3.1,Discriminer et hiérarchiser les demandes,BD1-CON107,Définir les contraintes d'intégrité référentielles,0
specifier-3.1,Discriminer et hiérarchiser les demandes,BD1-CON108,Définir les (autres) contraintes d'intégrité appropriées au regard du contexte,0
specifier-3.1,Discriminer et hiérarchiser les demandes,BD1-EVA201,Identifier les anomalies d'un schéma relationnel,0
specifier-3.1,Discriminer et hiérarchiser les demandes,BD1-EVA202,Définir les dépendances fonctionnelles entre les attributs,0
specifier-3.1,Discriminer et hiérarchiser les demandes,BD1-EVA203,Décomposer un schéma relationnel de manière approprié,0
specifier-3.1,Discriminer et hiérarchiser les demandes,BD1-EVA204,Évaluer la forme normale d'un schéma relationnel,0
specifier-3.1,Discriminer et hiérarchiser les demandes,BD1-EVA205,Réaliser la fermeture transitive d'une couverture minimale,0
specifier-3.1,Discriminer et hiérarchiser les demandes,BD1-EVA206,Transformer un schéma relationnel pour « améliorer » sa forme normale,0
specifier-3.1,Discriminer et hiérarchiser les demandes,BD1-EVA207,Argumenter en faveur ou non (dénormalisation) de l'équivalence modèle logique vs. modèle physique,0
specifier-3.1,Discriminer et hiérarchiser les demandes,BD1-LAN101,Expliciter les éléments d'une requête en algèbre relationnelle au format textuel,0
specifier-3.1,Discriminer et hiérarchiser les demandes,BD1-LAN102,Écrire une requête en algèbre relationnelle en utilisant les arbres algébriques,0
specifier-3.1,Discriminer et hiérarchiser les demandes,BD1-LAN103,Avoir une intuition de l'optimisation de requête,0
specifier-3.1,Discriminer et hiérarchiser les demandes,BD1-LAN201,Ecrire une requête simple de manipulation de données (LMD) en langage SQL,0
specifier-3.1,Discriminer et hiérarchiser les demandes,BD1-LAN202,Ecrire une requête complexe de manipulation de données (LMD) en langage SQL,0
specifier-3.1,Discriminer et hiérarchiser les demandes,BD1-LAN203,Ecrire une requête de définition de données (LDD) en langage SQL,0
specifier-3.1,Discriminer et hiérarchiser les demandes,BD1-LAN204,Définir des contraintes d'intégrité simples en langage SQL,0
specifier-3.1,Discriminer et hiérarchiser les demandes,BD1-LAN205,Identifier la nécessité de l'usage d'un trigger dans le cadre de la définition des CI (sans l'écrire),0
specifier-3.1,Discriminer et hiérarchiser les demandes,BD1-LAN206,Ecrire une requête d'attribution de droits en langage SQL (centralisé ou non),0
specifier-3.1,Discriminer et hiérarchiser les demandes,BD1-CONT101,Différencier sécurité (contrôle d'autorisation) et consistance (contrôle d'intégrité) des données,0
specifier-3.1,Discriminer et hiérarchiser les demandes,BD1-CONT102,Différencier gestion centralisé/non centralisé des droits,0
specifier-3.1,Discriminer et hiérarchiser les demandes,BD1-CONT201,Différencier vue relationnelle et relation,0
specifier-3.1,Discriminer et hiérarchiser les demandes,BD1-CONT202,Ecrire la requête effectivement réalisée par le SGBD à partir de la définition de la vue interrogée.,0
specifier-3.1,Discriminer et hiérarchiser les demandes,BD1-CONT203,Expliciter les avantages et inconvénients de l'usage des vues relationnelles,0
specifier-3.1,Discriminer et hiérarchiser les demandes,BD1-CONT204,Identifier les problèmes de mise à jour dans les vues relationnelles,0
specifier-3.1,Discriminer et hiérarchiser les demandes,BD1-CONT205,Utiliser la clause « with check option » dans la définition d'une vue relationnelle,0
specifier-3.1,Discriminer et hiérarchiser les demandes,BD1-INT101,Identifier le besoin en optimisation au niveau du stockage. I. e. quand définir un index.,0
specifier-3.1,Discriminer et hiérarchiser les demandes,BD1-INT102,Différencier le placement de l'accès aux données,0
specifier-3.1,Discriminer et hiérarchiser les demandes,BD1-INT201,Identifier le besoin de mise en œuvre de la gestion de la concurrence d'accès,0
specifier-3.1,Discriminer et hiérarchiser les demandes,BD1-INT202,Définir les opérations élémentaires (lecture/écriture) réalisées par le SGBD à partir d'un algorithme,0
specifier-3.1,Discriminer et hiérarchiser les demandes,BD1-INT203,Poser les verrous en lecture et en écriture (en assurant le verrouillage 2 phases) pour assurer une sérialisation des transactions,0
specifier-3.1,Discriminer et hiérarchiser les demandes,BD1-INT204,Associer problème de gestion de la concurrence et propriétés ACID,0
specifier-3.1,Discriminer et hiérarchiser les demandes,BD1-INT205,Définir la granule de verrouillage utilisée à partir de l'exécution de transactions,0
specifier-3.1,Discriminer et hiérarchiser les demandes,BD1-INT206,Identifier un interblocage (i.e. deadlock),0
specifier-3.1,Discriminer et hiérarchiser les demandes,,,0
specifier-3.2,Définir la recette,BD1-GEN101,Identifier les caractéristiques d'un problème permettant de justifier d'une base de données selon le modèle relationnel,0
specifier-3.2,Définir la recette,BD1-GEN102,Expliquer le fonctionnement général et les principaux objectifs d'un SGBD,0
specifier-3.2,Définir la recette,BD1-GEN103,Expliciter les étapes de réalisation d'une base de données relationnelle,0
specifier-3.2,Définir la recette,BD1-GEN201,Donner un exemple de relation contenue dans la méta-base,0
specifier-3.2,Définir la recette,BD1-GEN202,Différencier le schéma d'une instance de base de données,0
specifier-3.2,Définir la recette,BD1-CON101,"Concevoir (i.e. définir les schéma) une base de données relationnelle selon les 3 niveaux d'abstraction : externe, conceptuel, interne",0
specifier-3.2,Définir la recette,BD1-CON102,Expliciter les éléments d'un schéma E/A,0
specifier-3.2,Définir la recette,BD1-CON103,Produire un schéma relationnel cohérent vis à vis du schéma E/A à partir des règles du cours,0
specifier-3.2,Définir la recette,BD1-CON104,"Justifier des méthodes de transformation M, N (cas 4) vs. 1,1 (cas 3)",0
specifier-3.2,Définir la recette,BD1-CON105,Définir une clé primaire appropriée pour une table au regard du contexte,0
specifier-3.2,Définir la recette,BD1-CON106,Définir une clé primaire appropriée pour une table au regard d'un ensemble de dépendances fonctionnelles,0
specifier-3.2,Définir la recette,BD1-CON107,Définir les contraintes d'intégrité référentielles,0
specifier-3.2,Définir la recette,BD1-CON108,Définir les (autres) contraintes d'intégrité appropriées au regard du contexte,0
specifier-3.2,Définir la recette,BD1-EVA201,Identifier les anomalies d'un schéma relationnel,0
specifier-3.2,Définir la recette,BD1-EVA202,Définir les dépendances fonctionnelles entre les attributs,0
specifier-3.2,Définir la recette,BD1-EVA203,Décomposer un schéma relationnel de manière approprié,0
specifier-3.2,Définir la recette,BD1-EVA204,Évaluer la forme normale d'un schéma relationnel,0
specifier-3.2,Définir la recette,BD1-EVA205,Réaliser la fermeture transitive d'une couverture minimale,0
specifier-3.2,Définir la recette,BD1-EVA206,Transformer un schéma relationnel pour « améliorer » sa forme normale,0
specifier-3.2,Définir la recette,BD1-EVA207,Argumenter en faveur ou non (dénormalisation) de l'équivalence modèle logique vs. modèle physique,0
specifier-3.2,Définir la recette,BD1-LAN101,Expliciter les éléments d'une requête en algèbre relationnelle au format textuel,0
specifier-3.2,Définir la recette,BD1-LAN102,Écrire une requête en algèbre relationnelle en utilisant les arbres algébriques,0
specifier-3.2,Définir la recette,BD1-LAN103,Avoir une intuition de l'optimisation de requête,0
specifier-3.2,Définir la recette,BD1-LAN201,Ecrire une requête simple de manipulation de données (LMD) en langage SQL,0
specifier-3.2,Définir la recette,BD1-LAN202,Ecrire une requête complexe de manipulation de données (LMD) en langage SQL,0
specifier-3.2,Définir la recette,BD1-LAN203,Ecrire une requête de définition de données (LDD) en langage SQL,0
specifier-3.2,Définir la recette,BD1-LAN204,Définir des contraintes d'intégrité simples en langage SQL,0
specifier-3.2,Définir la recette,BD1-LAN205,Identifier la nécessité de l'usage d'un trigger dans le cadre de la définition des CI (sans l'écrire),0
specifier-3.2,Définir la recette,BD1-LAN206,Ecrire une requête d'attribution de droits en langage SQL (centralisé ou non),0
specifier-3.2,Définir la recette,BD1-CONT101,Différencier sécurité (contrôle d'autorisation) et consistance (contrôle d'intégrité) des données,0
specifier-3.2,Définir la recette,BD1-CONT102,Différencier gestion centralisé/non centralisé des droits,0
specifier-3.2,Définir la recette,BD1-CONT201,Différencier vue relationnelle et relation,0
specifier-3.2,Définir la recette,BD1-CONT202,Ecrire la requête effectivement réalisée par le SGBD à partir de la définition de la vue interrogée.,0
specifier-3.2,Définir la recette,BD1-CONT203,Expliciter les avantages et inconvénients de l'usage des vues relationnelles,0
specifier-3.2,Définir la recette,BD1-CONT204,Identifier les problèmes de mise à jour dans les vues relationnelles,0
specifier-3.2,Définir la recette,BD1-CONT205,Utiliser la clause « with check option » dans la définition d'une vue relationnelle,0
specifier-3.2,Définir la recette,BD1-INT101,Identifier le besoin en optimisation au niveau du stockage. I. e. quand définir un index.,0
specifier-3.2,Définir la recette,BD1-INT102,Différencier le placement de l'accès aux données,0
specifier-3.2,Définir la recette,BD1-INT201,Identifier le besoin de mise en œuvre de la gestion de la concurrence d'accès,0
specifier-3.2,Définir la recette,BD1-INT202,Définir les opérations élémentaires (lecture/écriture) réalisées par le SGBD à partir d'un algorithme,0
specifier-3.2,Définir la recette,BD1-INT203,Poser les verrous en lecture et en écriture (en assurant le verrouillage 2 phases) pour assurer une sérialisation des transactions,0
specifier-3.2,Définir la recette,BD1-INT204,Associer problème de gestion de la concurrence et propriétés ACID,0
specifier-3.2,Définir la recette,BD1-INT205,Définir la granule de verrouillage utilisée à partir de l'exécution de transactions,0
specifier-3.2,Définir la recette,BD1-INT206,Identifier un interblocage (i.e. deadlock),0
specifier-3.2,Définir la recette,,,0
specifier-3.3,Lister les tests fonctionnels,BD1-GEN101,Identifier les caractéristiques d'un problème permettant de justifier d'une base de données selon le modèle relationnel,0
specifier-3.3,Lister les tests fonctionnels,BD1-GEN102,Expliquer le fonctionnement général et les principaux objectifs d'un SGBD,0
specifier-3.3,Lister les tests fonctionnels,BD1-GEN103,Expliciter les étapes de réalisation d'une base de données relationnelle,0
specifier-3.3,Lister les tests fonctionnels,BD1-GEN201,Donner un exemple de relation contenue dans la méta-base,0
specifier-3.3,Lister les tests fonctionnels,BD1-GEN202,Différencier le schéma d'une instance de base de données,0
specifier-3.3,Lister les tests fonctionnels,BD1-CON101,"Concevoir (i.e. définir les schéma) une base de données relationnelle selon les 3 niveaux d'abstraction : externe, conceptuel, interne",0
specifier-3.3,Lister les tests fonctionnels,BD1-CON102,Expliciter les éléments d'un schéma E/A,0
specifier-3.3,Lister les tests fonctionnels,BD1-CON103,Produire un schéma relationnel cohérent vis à vis du schéma E/A à partir des règles du cours,0
specifier-3.3,Lister les tests fonctionnels,BD1-CON104,"Justifier des méthodes de transformation M, N (cas 4) vs. 1,1 (cas 3)",0
specifier-3.3,Lister les tests fonctionnels,BD1-CON105,Définir une clé primaire appropriée pour une table au regard du contexte,0
specifier-3.3,Lister les tests fonctionnels,BD1-CON106,Définir une clé primaire appropriée pour une table au regard d'un ensemble de dépendances fonctionnelles,0
specifier-3.3,Lister les tests fonctionnels,BD1-CON107,Définir les contraintes d'intégrité référentielles,0
specifier-3.3,Lister les tests fonctionnels,BD1-CON108,Définir les (autres) contraintes d'intégrité appropriées au regard du contexte,0
specifier-3.3,Lister les tests fonctionnels,BD1-EVA201,Identifier les anomalies d'un schéma relationnel,0
specifier-3.3,Lister les tests fonctionnels,BD1-EVA202,Définir les dépendances fonctionnelles entre les attributs,0
specifier-3.3,Lister les tests fonctionnels,BD1-EVA203,Décomposer un schéma relationnel de manière approprié,0
specifier-3.3,Lister les tests fonctionnels,BD1-EVA204,Évaluer la forme normale d'un schéma relationnel,0
specifier-3.3,Lister les tests fonctionnels,BD1-EVA205,Réaliser la fermeture transitive d'une couverture minimale,0
specifier-3.3,Lister les tests fonctionnels,BD1-EVA206,Transformer un schéma relationnel pour « améliorer » sa forme normale,0
specifier-3.3,Lister les tests fonctionnels,BD1-EVA207,Argumenter en faveur ou non (dénormalisation) de l'équivalence modèle logique vs. modèle physique,0
specifier-3.3,Lister les tests fonctionnels,BD1-LAN101,Expliciter les éléments d'une requête en algèbre relationnelle au format textuel,0
specifier-3.3,Lister les tests fonctionnels,BD1-LAN102,Écrire une requête en algèbre relationnelle en utilisant les arbres algébriques,0
specifier-3.3,Lister les tests fonctionnels,BD1-LAN103,Avoir une intuition de l'optimisation de requête,0
specifier-3.3,Lister les tests fonctionnels,BD1-LAN201,Ecrire une requête simple de manipulation de données (LMD) en langage SQL,0
specifier-3.3,Lister les tests fonctionnels,BD1-LAN202,Ecrire une requête complexe de manipulation de données (LMD) en langage SQL,0
specifier-3.3,Lister les tests fonctionnels,BD1-LAN203,Ecrire une requête de définition de données (LDD) en langage SQL,0
specifier-3.3,Lister les tests fonctionnels,BD1-LAN204,Définir des contraintes d'intégrité simples en langage SQL,0
specifier-3.3,Lister les tests fonctionnels,BD1-LAN205,Identifier la nécessité de l'usage d'un trigger dans le cadre de la définition des CI (sans l'écrire),0
specifier-3.3,Lister les tests fonctionnels,BD1-LAN206,Ecrire une requête d'attribution de droits en langage SQL (centralisé ou non),0
specifier-3.3,Lister les tests fonctionnels,BD1-CONT101,Différencier sécurité (contrôle d'autorisation) et consistance (contrôle d'intégrité) des données,0
specifier-3.3,Lister les tests fonctionnels,BD1-CONT102,Différencier gestion centralisé/non centralisé des droits,0
specifier-3.3,Lister les tests fonctionnels,BD1-CONT201,Différencier vue relationnelle et relation,0
specifier-3.3,Lister les tests fonctionnels,BD1-CONT202,Ecrire la requête effectivement réalisée par le SGBD à partir de la définition de la vue interrogée.,0
specifier-3.3,Lister les tests fonctionnels,BD1-CONT203,Expliciter les avantages et inconvénients de l'usage des vues relationnelles,0
specifier-3.3,Lister les tests fonctionnels,BD1-CONT204,Identifier les problèmes de mise à jour dans les vues relationnelles,0
specifier-3.3,Lister les tests fonctionnels,BD1-CONT205,Utiliser la clause « with check option » dans la définition d'une vue relationnelle,0
specifier-3.3,Lister les tests fonctionnels,BD1-INT101,Identifier le besoin en optimisation au niveau du stockage. I. e. quand définir un index.,0
specifier-3.3,Lister les tests fonctionnels,BD1-INT102,Différencier le placement de l'accès aux données,0
specifier-3.3,Lister les tests fonctionnels,BD1-INT201,Identifier le besoin de mise en œuvre de la gestion de la concurrence d'accès,0
specifier-3.3,Lister les tests fonctionnels,BD1-INT202,Définir les opérations élémentaires (lecture/écriture) réalisées par le SGBD à partir d'un algorithme,0
specifier-3.3,Lister les tests fonctionnels,BD1-INT203,Poser les verrous en lecture et en écriture (en assurant le verrouillage 2 phases) pour assurer une sérialisation des transactions,0
specifier-3.3,Lister les tests fonctionnels,BD1-INT204,Associer problème de gestion de la concurrence et propriétés ACID,0
specifier-3.3,Lister les tests fonctionnels,BD1-INT205,Définir la granule de verrouillage utilisée à partir de l'exécution de transactions,0
specifier-3.3,Lister les tests fonctionnels,BD1-INT206,Identifier un interblocage (i.e. deadlock),0
specifier-3.3,Lister les tests fonctionnels,,,0
specifier-4.1,Recueillir et reformuler les demandes du prescripteur en confrontant sa demande (fonctionnalités et données) à ses besoins réels pour prendre en compte le DDRS,BD1-GEN101,Identifier les caractéristiques d'un problème permettant de justifier d'une base de données selon le modèle relationnel,0
specifier-4.1,Recueillir et reformuler les demandes du prescripteur en confrontant sa demande (fonctionnalités et données) à ses besoins réels pour prendre en compte le DDRS,BD1-GEN102,Expliquer le fonctionnement général et les principaux objectifs d'un SGBD,0
specifier-4.1,Recueillir et reformuler les demandes du prescripteur en confrontant sa demande (fonctionnalités et données) à ses besoins réels pour prendre en compte le DDRS,BD1-GEN103,Expliciter les étapes de réalisation d'une base de données relationnelle,0
specifier-4.1,Recueillir et reformuler les demandes du prescripteur en confrontant sa demande (fonctionnalités et données) à ses besoins réels pour prendre en compte le DDRS,BD1-GEN201,Donner un exemple de relation contenue dans la méta-base,0
specifier-4.1,Recueillir et reformuler les demandes du prescripteur en confrontant sa demande (fonctionnalités et données) à ses besoins réels pour prendre en compte le DDRS,BD1-GEN202,Différencier le schéma d'une instance de base de données,0
specifier-4.1,Recueillir et reformuler les demandes du prescripteur en confrontant sa demande (fonctionnalités et données) à ses besoins réels pour prendre en compte le DDRS,BD1-CON101,"Concevoir (i.e. définir les schéma) une base de données relationnelle selon les 3 niveaux d'abstraction : externe, conceptuel, interne",0
specifier-4.1,Recueillir et reformuler les demandes du prescripteur en confrontant sa demande (fonctionnalités et données) à ses besoins réels pour prendre en compte le DDRS,BD1-CON102,Expliciter les éléments d'un schéma E/A,0
specifier-4.1,Recueillir et reformuler les demandes du prescripteur en confrontant sa demande (fonctionnalités et données) à ses besoins réels pour prendre en compte le DDRS,BD1-CON103,Produire un schéma relationnel cohérent vis à vis du schéma E/A à partir des règles du cours,0
specifier-4.1,Recueillir et reformuler les demandes du prescripteur en confrontant sa demande (fonctionnalités et données) à ses besoins réels pour prendre en compte le DDRS,BD1-CON104,"Justifier des méthodes de transformation M, N (cas 4) vs. 1,1 (cas 3)",0
specifier-4.1,Recueillir et reformuler les demandes du prescripteur en confrontant sa demande (fonctionnalités et données) à ses besoins réels pour prendre en compte le DDRS,BD1-CON105,Définir une clé primaire appropriée pour une table au regard du contexte,0
specifier-4.1,Recueillir et reformuler les demandes du prescripteur en confrontant sa demande (fonctionnalités et données) à ses besoins réels pour prendre en compte le DDRS,BD1-CON106,Définir une clé primaire appropriée pour une table au regard d'un ensemble de dépendances fonctionnelles,0
specifier-4.1,Recueillir et reformuler les demandes du prescripteur en confrontant sa demande (fonctionnalités et données) à ses besoins réels pour prendre en compte le DDRS,BD1-CON107,Définir les contraintes d'intégrité référentielles,0
specifier-4.1,Recueillir et reformuler les demandes du prescripteur en confrontant sa demande (fonctionnalités et données) à ses besoins réels pour prendre en compte le DDRS,BD1-CON108,Définir les (autres) contraintes d'intégrité appropriées au regard du contexte,0
specifier-4.1,Recueillir et reformuler les demandes du prescripteur en confrontant sa demande (fonctionnalités et données) à ses besoins réels pour prendre en compte le DDRS,BD1-EVA201,Identifier les anomalies d'un schéma relationnel,0
specifier-4.1,Recueillir et reformuler les demandes du prescripteur en confrontant sa demande (fonctionnalités et données) à ses besoins réels pour prendre en compte le DDRS,BD1-EVA202,Définir les dépendances fonctionnelles entre les attributs,0
specifier-4.1,Recueillir et reformuler les demandes du prescripteur en confrontant sa demande (fonctionnalités et données) à ses besoins réels pour prendre en compte le DDRS,BD1-EVA203,Décomposer un schéma relationnel de manière approprié,0
specifier-4.1,Recueillir et reformuler les demandes du prescripteur en confrontant sa demande (fonctionnalités et données) à ses besoins réels pour prendre en compte le DDRS,BD1-EVA204,Évaluer la forme normale d'un schéma relationnel,0
specifier-4.1,Recueillir et reformuler les demandes du prescripteur en confrontant sa demande (fonctionnalités et données) à ses besoins réels pour prendre en compte le DDRS,BD1-EVA205,Réaliser la fermeture transitive d'une couverture minimale,0
specifier-4.1,Recueillir et reformuler les demandes du prescripteur en confrontant sa demande (fonctionnalités et données) à ses besoins réels pour prendre en compte le DDRS,BD1-EVA206,Transformer un schéma relationnel pour « améliorer » sa forme normale,0
specifier-4.1,Recueillir et reformuler les demandes du prescripteur en confrontant sa demande (fonctionnalités et données) à ses besoins réels pour prendre en compte le DDRS,BD1-EVA207,Argumenter en faveur ou non (dénormalisation) de l'équivalence modèle logique vs. modèle physique,0
specifier-4.1,Recueillir et reformuler les demandes du prescripteur en confrontant sa demande (fonctionnalités et données) à ses besoins réels pour prendre en compte le DDRS,BD1-LAN101,Expliciter les éléments d'une requête en algèbre relationnelle au format textuel,0
specifier-4.1,Recueillir et reformuler les demandes du prescripteur en confrontant sa demande (fonctionnalités et données) à ses besoins réels pour prendre en compte le DDRS,BD1-LAN102,Écrire une requête en algèbre relationnelle en utilisant les arbres algébriques,0
specifier-4.1,Recueillir et reformuler les demandes du prescripteur en confrontant sa demande (fonctionnalités et données) à ses besoins réels pour prendre en compte le DDRS,BD1-LAN103,Avoir une intuition de l'optimisation de requête,0
specifier-4.1,Recueillir et reformuler les demandes du prescripteur en confrontant sa demande (fonctionnalités et données) à ses besoins réels pour prendre en compte le DDRS,BD1-LAN201,Ecrire une requête simple de manipulation de données (LMD) en langage SQL,0
specifier-4.1,Recueillir et reformuler les demandes du prescripteur en confrontant sa demande (fonctionnalités et données) à ses besoins réels pour prendre en compte le DDRS,BD1-LAN202,Ecrire une requête complexe de manipulation de données (LMD) en langage SQL,0
specifier-4.1,Recueillir et reformuler les demandes du prescripteur en confrontant sa demande (fonctionnalités et données) à ses besoins réels pour prendre en compte le DDRS,BD1-LAN203,Ecrire une requête de définition de données (LDD) en langage SQL,0
specifier-4.1,Recueillir et reformuler les demandes du prescripteur en confrontant sa demande (fonctionnalités et données) à ses besoins réels pour prendre en compte le DDRS,BD1-LAN204,Définir des contraintes d'intégrité simples en langage SQL,0
specifier-4.1,Recueillir et reformuler les demandes du prescripteur en confrontant sa demande (fonctionnalités et données) à ses besoins réels pour prendre en compte le DDRS,BD1-LAN205,Identifier la nécessité de l'usage d'un trigger dans le cadre de la définition des CI (sans l'écrire),0
specifier-4.1,Recueillir et reformuler les demandes du prescripteur en confrontant sa demande (fonctionnalités et données) à ses besoins réels pour prendre en compte le DDRS,BD1-LAN206,Ecrire une requête d'attribution de droits en langage SQL (centralisé ou non),0
specifier-4.1,Recueillir et reformuler les demandes du prescripteur en confrontant sa demande (fonctionnalités et données) à ses besoins réels pour prendre en compte le DDRS,BD1-CONT101,Différencier sécurité (contrôle d'autorisation) et consistance (contrôle d'intégrité) des données,0
specifier-4.1,Recueillir et reformuler les demandes du prescripteur en confrontant sa demande (fonctionnalités et données) à ses besoins réels pour prendre en compte le DDRS,BD1-CONT102,Différencier gestion centralisé/non centralisé des droits,0
specifier-4.1,Recueillir et reformuler les demandes du prescripteur en confrontant sa demande (fonctionnalités et données) à ses besoins réels pour prendre en compte le DDRS,BD1-CONT201,Différencier vue relationnelle et relation,0
specifier-4.1,Recueillir et reformuler les demandes du prescripteur en confrontant sa demande (fonctionnalités et données) à ses besoins réels pour prendre en compte le DDRS,BD1-CONT202,Ecrire la requête effectivement réalisée par le SGBD à partir de la définition de la vue interrogée.,0
specifier-4.1,Recueillir et reformuler les demandes du prescripteur en confrontant sa demande (fonctionnalités et données) à ses besoins réels pour prendre en compte le DDRS,BD1-CONT203,Expliciter les avantages et inconvénients de l'usage des vues relationnelles,0
specifier-4.1,Recueillir et reformuler les demandes du prescripteur en confrontant sa demande (fonctionnalités et données) à ses besoins réels pour prendre en compte le DDRS,BD1-CONT204,Identifier les problèmes de mise à jour dans les vues relationnelles,0
specifier-4.1,Recueillir et reformuler les demandes du prescripteur en confrontant sa demande (fonctionnalités et données) à ses besoins réels pour prendre en compte le DDRS,BD1-CONT205,Utiliser la clause « with check option » dans la définition d'une vue relationnelle,0
specifier-4.1,Recueillir et reformuler les demandes du prescripteur en confrontant sa demande (fonctionnalités et données) à ses besoins réels pour prendre en compte le DDRS,BD1-INT101,Identifier le besoin en optimisation au niveau du stockage. I. e. quand définir un index.,0
specifier-4.1,Recueillir et reformuler les demandes du prescripteur en confrontant sa demande (fonctionnalités et données) à ses besoins réels pour prendre en compte le DDRS,BD1-INT102,Différencier le placement de l'accès aux données,0
specifier-4.1,Recueillir et reformuler les demandes du prescripteur en confrontant sa demande (fonctionnalités et données) à ses besoins réels pour prendre en compte le DDRS,BD1-INT201,Identifier le besoin de mise en œuvre de la gestion de la concurrence d'accès,0
specifier-4.1,Recueillir et reformuler les demandes du prescripteur en confrontant sa demande (fonctionnalités et données) à ses besoins réels pour prendre en compte le DDRS,BD1-INT202,Définir les opérations élémentaires (lecture/écriture) réalisées par le SGBD à partir d'un algorithme,0
specifier-4.1,Recueillir et reformuler les demandes du prescripteur en confrontant sa demande (fonctionnalités et données) à ses besoins réels pour prendre en compte le DDRS,BD1-INT203,Poser les verrous en lecture et en écriture (en assurant le verrouillage 2 phases) pour assurer une sérialisation des transactions,0
specifier-4.1,Recueillir et reformuler les demandes du prescripteur en confrontant sa demande (fonctionnalités et données) à ses besoins réels pour prendre en compte le DDRS,BD1-INT204,Associer problème de gestion de la concurrence et propriétés ACID,0
specifier-4.1,Recueillir et reformuler les demandes du prescripteur en confrontant sa demande (fonctionnalités et données) à ses besoins réels pour prendre en compte le DDRS,BD1-INT205,Définir la granule de verrouillage utilisée à partir de l'exécution de transactions,0
specifier-4.1,Recueillir et reformuler les demandes du prescripteur en confrontant sa demande (fonctionnalités et données) à ses besoins réels pour prendre en compte le DDRS,BD1-INT206,Identifier un interblocage (i.e. deadlock),0
specifier-4.1,Recueillir et reformuler les demandes du prescripteur en confrontant sa demande (fonctionnalités et données) à ses besoins réels pour prendre en compte le DDRS,,,0
specifier-4.2,Prototyper des interfaces utilisateurs en prenant la RGAA,BD1-GEN101,Identifier les caractéristiques d'un problème permettant de justifier d'une base de données selon le modèle relationnel,0
specifier-4.2,Prototyper des interfaces utilisateurs en prenant la RGAA,BD1-GEN102,Expliquer le fonctionnement général et les principaux objectifs d'un SGBD,0
specifier-4.2,Prototyper des interfaces utilisateurs en prenant la RGAA,BD1-GEN103,Expliciter les étapes de réalisation d'une base de données relationnelle,0
specifier-4.2,Prototyper des interfaces utilisateurs en prenant la RGAA,BD1-GEN201,Donner un exemple de relation contenue dans la méta-base,0
specifier-4.2,Prototyper des interfaces utilisateurs en prenant la RGAA,BD1-GEN202,Différencier le schéma d'une instance de base de données,0
specifier-4.2,Prototyper des interfaces utilisateurs en prenant la RGAA,BD1-CON101,"Concevoir (i.e. définir les schéma) une base de données relationnelle selon les 3 niveaux d'abstraction : externe, conceptuel, interne",0
specifier-4.2,Prototyper des interfaces utilisateurs en prenant la RGAA,BD1-CON102,Expliciter les éléments d'un schéma E/A,0
specifier-4.2,Prototyper des interfaces utilisateurs en prenant la RGAA,BD1-CON103,Produire un schéma relationnel cohérent vis à vis du schéma E/A à partir des règles du cours,0
specifier-4.2,Prototyper des interfaces utilisateurs en prenant la RGAA,BD1-CON104,"Justifier des méthodes de transformation M, N (cas 4) vs. 1,1 (cas 3)",0
specifier-4.2,Prototyper des interfaces utilisateurs en prenant la RGAA,BD1-CON105,Définir une clé primaire appropriée pour une table au regard du contexte,0
specifier-4.2,Prototyper des interfaces utilisateurs en prenant la RGAA,BD1-CON106,Définir une clé primaire appropriée pour une table au regard d'un ensemble de dépendances fonctionnelles,0
specifier-4.2,Prototyper des interfaces utilisateurs en prenant la RGAA,BD1-CON107,Définir les contraintes d'intégrité référentielles,0
specifier-4.2,Prototyper des interfaces utilisateurs en prenant la RGAA,BD1-CON108,Définir les (autres) contraintes d'intégrité appropriées au regard du contexte,0
specifier-4.2,Prototyper des interfaces utilisateurs en prenant la RGAA,BD1-EVA201,Identifier les anomalies d'un schéma relationnel,0
specifier-4.2,Prototyper des interfaces utilisateurs en prenant la RGAA,BD1-EVA202,Définir les dépendances fonctionnelles entre les attributs,0
specifier-4.2,Prototyper des interfaces utilisateurs en prenant la RGAA,BD1-EVA203,Décomposer un schéma relationnel de manière approprié,0
specifier-4.2,Prototyper des interfaces utilisateurs en prenant la RGAA,BD1-EVA204,Évaluer la forme normale d'un schéma relationnel,0
specifier-4.2,Prototyper des interfaces utilisateurs en prenant la RGAA,BD1-EVA205,Réaliser la fermeture transitive d'une couverture minimale,0
specifier-4.2,Prototyper des interfaces utilisateurs en prenant la RGAA,BD1-EVA206,Transformer un schéma relationnel pour « améliorer » sa forme normale,0
specifier-4.2,Prototyper des interfaces utilisateurs en prenant la RGAA,BD1-EVA207,Argumenter en faveur ou non (dénormalisation) de l'équivalence modèle logique vs. modèle physique,0
specifier-4.2,Prototyper des interfaces utilisateurs en prenant la RGAA,BD1-LAN101,Expliciter les éléments d'une requête en algèbre relationnelle au format textuel,0
specifier-4.2,Prototyper des interfaces utilisateurs en prenant la RGAA,BD1-LAN102,Écrire une requête en algèbre relationnelle en utilisant les arbres algébriques,0
specifier-4.2,Prototyper des interfaces utilisateurs en prenant la RGAA,BD1-LAN103,Avoir une intuition de l'optimisation de requête,0
specifier-4.2,Prototyper des interfaces utilisateurs en prenant la RGAA,BD1-LAN201,Ecrire une requête simple de manipulation de données (LMD) en langage SQL,0
specifier-4.2,Prototyper des interfaces utilisateurs en prenant la RGAA,BD1-LAN202,Ecrire une requête complexe de manipulation de données (LMD) en langage SQL,0
specifier-4.2,Prototyper des interfaces utilisateurs en prenant la RGAA,BD1-LAN203,Ecrire une requête de définition de données (LDD) en langage SQL,0
specifier-4.2,Prototyper des interfaces utilisateurs en prenant la RGAA,BD1-LAN204,Définir des contraintes d'intégrité simples en langage SQL,0
specifier-4.2,Prototyper des interfaces utilisateurs en prenant la RGAA,BD1-LAN205,Identifier la nécessité de l'usage d'un trigger dans le cadre de la définition des CI (sans l'écrire),0
specifier-4.2,Prototyper des interfaces utilisateurs en prenant la RGAA,BD1-LAN206,Ecrire une requête d'attribution de droits en langage SQL (centralisé ou non),0
specifier-4.2,Prototyper des interfaces utilisateurs en prenant la RGAA,BD1-CONT101,Différencier sécurité (contrôle d'autorisation) et consistance (contrôle d'intégrité) des données,0
specifier-4.2,Prototyper des interfaces utilisateurs en prenant la RGAA,BD1-CONT102,Différencier gestion centralisé/non centralisé des droits,0
specifier-4.2,Prototyper des interfaces utilisateurs en prenant la RGAA,BD1-CONT201,Différencier vue relationnelle et relation,0
specifier-4.2,Prototyper des interfaces utilisateurs en prenant la RGAA,BD1-CONT202,Ecrire la requête effectivement réalisée par le SGBD à partir de la définition de la vue interrogée.,0
specifier-4.2,Prototyper des interfaces utilisateurs en prenant la RGAA,BD1-CONT203,Expliciter les avantages et inconvénients de l'usage des vues relationnelles,0
specifier-4.2,Prototyper des interfaces utilisateurs en prenant la RGAA,BD1-CONT204,Identifier les problèmes de mise à jour dans les vues relationnelles,0
specifier-4.2,Prototyper des interfaces utilisateurs en prenant la RGAA,BD1-CONT205,Utiliser la clause « with check option » dans la définition d'une vue relationnelle,0
specifier-4.2,Prototyper des interfaces utilisateurs en prenant la RGAA,BD1-INT101,Identifier le besoin en optimisation au niveau du stockage. I. e. quand définir un index.,0
specifier-4.2,Prototyper des interfaces utilisateurs en prenant la RGAA,BD1-INT102,Différencier le placement de l'accès aux données,0
specifier-4.2,Prototyper des interfaces utilisateurs en prenant la RGAA,BD1-INT201,Identifier le besoin de mise en œuvre de la gestion de la concurrence d'accès,0
specifier-4.2,Prototyper des interfaces utilisateurs en prenant la RGAA,BD1-INT202,Définir les opérations élémentaires (lecture/écriture) réalisées par le SGBD à partir d'un algorithme,0
specifier-4.2,Prototyper des interfaces utilisateurs en prenant la RGAA,BD1-INT203,Poser les verrous en lecture et en écriture (en assurant le verrouillage 2 phases) pour assurer une sérialisation des transactions,0
specifier-4.2,Prototyper des interfaces utilisateurs en prenant la RGAA,BD1-INT204,Associer problème de gestion de la concurrence et propriétés ACID,0
specifier-4.2,Prototyper des interfaces utilisateurs en prenant la RGAA,BD1-INT205,Définir la granule de verrouillage utilisée à partir de l'exécution de transactions,0
specifier-4.2,Prototyper des interfaces utilisateurs en prenant la RGAA,BD1-INT206,Identifier un interblocage (i.e. deadlock),0
specifier-4.2,Prototyper des interfaces utilisateurs en prenant la RGAA,,,0
specifier-4.3,Respecter un référentiel qualité,BD1-GEN101,Identifier les caractéristiques d'un problème permettant de justifier d'une base de données selon le modèle relationnel,0
specifier-4.3,Respecter un référentiel qualité,BD1-GEN102,Expliquer le fonctionnement général et les principaux objectifs d'un SGBD,0
specifier-4.3,Respecter un référentiel qualité,BD1-GEN103,Expliciter les étapes de réalisation d'une base de données relationnelle,0
specifier-4.3,Respecter un référentiel qualité,BD1-GEN201,Donner un exemple de relation contenue dans la méta-base,0
specifier-4.3,Respecter un référentiel qualité,BD1-GEN202,Différencier le schéma d'une instance de base de données,0
specifier-4.3,Respecter un référentiel qualité,BD1-CON101,"Concevoir (i.e. définir les schéma) une base de données relationnelle selon les 3 niveaux d'abstraction : externe, conceptuel, interne",0
specifier-4.3,Respecter un référentiel qualité,BD1-CON102,Expliciter les éléments d'un schéma E/A,0
specifier-4.3,Respecter un référentiel qualité,BD1-CON103,Produire un schéma relationnel cohérent vis à vis du schéma E/A à partir des règles du cours,0
specifier-4.3,Respecter un référentiel qualité,BD1-CON104,"Justifier des méthodes de transformation M, N (cas 4) vs. 1,1 (cas 3)",0
specifier-4.3,Respecter un référentiel qualité,BD1-CON105,Définir une clé primaire appropriée pour une table au regard du contexte,0
specifier-4.3,Respecter un référentiel qualité,BD1-CON106,Définir une clé primaire appropriée pour une table au regard d'un ensemble de dépendances fonctionnelles,0
specifier-4.3,Respecter un référentiel qualité,BD1-CON107,Définir les contraintes d'intégrité référentielles,0
specifier-4.3,Respecter un référentiel qualité,BD1-CON108,Définir les (autres) contraintes d'intégrité appropriées au regard du contexte,0
specifier-4.3,Respecter un référentiel qualité,BD1-EVA201,Identifier les anomalies d'un schéma relationnel,0
specifier-4.3,Respecter un référentiel qualité,BD1-EVA202,Définir les dépendances fonctionnelles entre les attributs,0
specifier-4.3,Respecter un référentiel qualité,BD1-EVA203,Décomposer un schéma relationnel de manière approprié,0
specifier-4.3,Respecter un référentiel qualité,BD1-EVA204,Évaluer la forme normale d'un schéma relationnel,0
specifier-4.3,Respecter un référentiel qualité,BD1-EVA205,Réaliser la fermeture transitive d'une couverture minimale,0
specifier-4.3,Respecter un référentiel qualité,BD1-EVA206,Transformer un schéma relationnel pour « améliorer » sa forme normale,0
specifier-4.3,Respecter un référentiel qualité,BD1-EVA207,Argumenter en faveur ou non (dénormalisation) de l'équivalence modèle logique vs. modèle physique,0
specifier-4.3,Respecter un référentiel qualité,BD1-LAN101,Expliciter les éléments d'une requête en algèbre relationnelle au format textuel,0
specifier-4.3,Respecter un référentiel qualité,BD1-LAN102,Écrire une requête en algèbre relationnelle en utilisant les arbres algébriques,0
specifier-4.3,Respecter un référentiel qualité,BD1-LAN103,Avoir une intuition de l'optimisation de requête,0
specifier-4.3,Respecter un référentiel qualité,BD1-LAN201,Ecrire une requête simple de manipulation de données (LMD) en langage SQL,0
specifier-4.3,Respecter un référentiel qualité,BD1-LAN202,Ecrire une requête complexe de manipulation de données (LMD) en langage SQL,0
specifier-4.3,Respecter un référentiel qualité,BD1-LAN203,Ecrire une requête de définition de données (LDD) en langage SQL,0
specifier-4.3,Respecter un référentiel qualité,BD1-LAN204,Définir des contraintes d'intégrité simples en langage SQL,0
specifier-4.3,Respecter un référentiel qualité,BD1-LAN205,Identifier la nécessité de l'usage d'un trigger dans le cadre de la définition des CI (sans l'écrire),0
specifier-4.3,Respecter un référentiel qualité,BD1-LAN206,Ecrire une requête d'attribution de droits en langage SQL (centralisé ou non),0
specifier-4.3,Respecter un référentiel qualité,BD1-CONT101,Différencier sécurité (contrôle d'autorisation) et consistance (contrôle d'intégrité) des données,0
specifier-4.3,Respecter un référentiel qualité,BD1-CONT102,Différencier gestion centralisé/non centralisé des droits,0
specifier-4.3,Respecter un référentiel qualité,BD1-CONT201,Différencier vue relationnelle et relation,0
specifier-4.3,Respecter un référentiel qualité,BD1-CONT202,Ecrire la requête effectivement réalisée par le SGBD à partir de la définition de la vue interrogée.,0
specifier-4.3,Respecter un référentiel qualité,BD1-CONT203,Expliciter les avantages et inconvénients de l'usage des vues relationnelles,0
specifier-4.3,Respecter un référentiel qualité,BD1-CONT204,Identifier les problèmes de mise à jour dans les vues relationnelles,0
specifier-4.3,Respecter un référentiel qualité,BD1-CONT205,Utiliser la clause « with check option » dans la définition d'une vue relationnelle,0
specifier-4.3,Respecter un référentiel qualité,BD1-INT101,Identifier le besoin en optimisation au niveau du stockage. I. e. quand définir un index.,0
specifier-4.3,Respecter un référentiel qualité,BD1-INT102,Différencier le placement de l'accès aux données,0
specifier-4.3,Respecter un référentiel qualité,BD1-INT201,Identifier le besoin de mise en œuvre de la gestion de la concurrence d'accès,0
specifier-4.3,Respecter un référentiel qualité,BD1-INT202,Définir les opérations élémentaires (lecture/écriture) réalisées par le SGBD à partir d'un algorithme,0
specifier-4.3,Respecter un référentiel qualité,BD1-INT203,Poser les verrous en lecture et en écriture (en assurant le verrouillage 2 phases) pour assurer une sérialisation des transactions,0
specifier-4.3,Respecter un référentiel qualité,BD1-INT204,Associer problème de gestion de la concurrence et propriétés ACID,0
specifier-4.3,Respecter un référentiel qualité,BD1-INT205,Définir la granule de verrouillage utilisée à partir de l'exécution de transactions,0
specifier-4.3,Respecter un référentiel qualité,BD1-INT206,Identifier un interblocage (i.e. deadlock),0
specifier-4.3,Respecter un référentiel qualité,,,0
modeliser-1.1,Représenter une collection de données numériquement ou symboliquement,BD1-GEN101,Identifier les caractéristiques d'un problème permettant de justifier d'une base de données selon le modèle relationnel,0
modeliser-1.1,Représenter une collection de données numériquement ou symboliquement,BD1-GEN102,Expliquer le fonctionnement général et les principaux objectifs d'un SGBD,0
modeliser-1.1,Représenter une collection de données numériquement ou symboliquement,BD1-GEN103,Expliciter les étapes de réalisation d'une base de données relationnelle,0
modeliser-1.1,Représenter une collection de données numériquement ou symboliquement,BD1-GEN201,Donner un exemple de relation contenue dans la méta-base,0
modeliser-1.1,Représenter une collection de données numériquement ou symboliquement,BD1-GEN202,Différencier le schéma d'une instance de base de données,0
modeliser-1.1,Représenter une collection de données numériquement ou symboliquement,BD1-CON101,"Concevoir (i.e. définir les schéma) une base de données relationnelle selon les 3 niveaux d'abstraction : externe, conceptuel, interne",1
modeliser-1.1,Représenter une collection de données numériquement ou symboliquement,BD1-CON102,Expliciter les éléments d'un schéma E/A,1
modeliser-1.1,Représenter une collection de données numériquement ou symboliquement,BD1-CON103,Produire un schéma relationnel cohérent vis à vis du schéma E/A à partir des règles du cours,1
modeliser-1.1,Représenter une collection de données numériquement ou symboliquement,BD1-CON104,"Justifier des méthodes de transformation M, N (cas 4) vs. 1,1 (cas 3)",1
modeliser-1.1,Représenter une collection de données numériquement ou symboliquement,BD1-CON105,Définir une clé primaire appropriée pour une table au regard du contexte,1
modeliser-1.1,Représenter une collection de données numériquement ou symboliquement,BD1-CON106,Définir une clé primaire appropriée pour une table au regard d'un ensemble de dépendances fonctionnelles,1
modeliser-1.1,Représenter une collection de données numériquement ou symboliquement,BD1-CON107,Définir les contraintes d'intégrité référentielles,1
modeliser-1.1,Représenter une collection de données numériquement ou symboliquement,BD1-CON108,Définir les (autres) contraintes d'intégrité appropriées au regard du contexte,1
modeliser-1.1,Représenter une collection de données numériquement ou symboliquement,BD1-EVA201,Identifier les anomalies d'un schéma relationnel,0
modeliser-1.1,Représenter une collection de données numériquement ou symboliquement,BD1-EVA202,Définir les dépendances fonctionnelles entre les attributs,0
modeliser-1.1,Représenter une collection de données numériquement ou symboliquement,BD1-EVA203,Décomposer un schéma relationnel de manière approprié,0
modeliser-1.1,Représenter une collection de données numériquement ou symboliquement,BD1-EVA204,Évaluer la forme normale d'un schéma relationnel,0
modeliser-1.1,Représenter une collection de données numériquement ou symboliquement,BD1-EVA205,Réaliser la fermeture transitive d'une couverture minimale,0
modeliser-1.1,Représenter une collection de données numériquement ou symboliquement,BD1-EVA206,Transformer un schéma relationnel pour « améliorer » sa forme normale,0
modeliser-1.1,Représenter une collection de données numériquement ou symboliquement,BD1-EVA207,Argumenter en faveur ou non (dénormalisation) de l'équivalence modèle logique vs. modèle physique,0
modeliser-1.1,Représenter une collection de données numériquement ou symboliquement,BD1-LAN101,Expliciter les éléments d'une requête en algèbre relationnelle au format textuel,0
modeliser-1.1,Représenter une collection de données numériquement ou symboliquement,BD1-LAN102,Écrire une requête en algèbre relationnelle en utilisant les arbres algébriques,0
modeliser-1.1,Représenter une collection de données numériquement ou symboliquement,BD1-LAN103,Avoir une intuition de l'optimisation de requête,0
modeliser-1.1,Représenter une collection de données numériquement ou symboliquement,BD1-LAN201,Ecrire une requête simple de manipulation de données (LMD) en langage SQL,0
modeliser-1.1,Représenter une collection de données numériquement ou symboliquement,BD1-LAN202,Ecrire une requête complexe de manipulation de données (LMD) en langage SQL,0
modeliser-1.1,Représenter une collection de données numériquement ou symboliquement,BD1-LAN203,Ecrire une requête de définition de données (LDD) en langage SQL,0
modeliser-1.1,Représenter une collection de données numériquement ou symboliquement,BD1-LAN204,Définir des contraintes d'intégrité simples en langage SQL,0
modeliser-1.1,Représenter une collection de données numériquement ou symboliquement,BD1-LAN205,Identifier la nécessité de l'usage d'un trigger dans le cadre de la définition des CI (sans l'écrire),0
modeliser-1.1,Représenter une collection de données numériquement ou symboliquement,BD1-LAN206,Ecrire une requête d'attribution de droits en langage SQL (centralisé ou non),0
modeliser-1.1,Représenter une collection de données numériquement ou symboliquement,BD1-CONT101,Différencier sécurité (contrôle d'autorisation) et consistance (contrôle d'intégrité) des données,0
modeliser-1.1,Représenter une collection de données numériquement ou symboliquement,BD1-CONT102,Différencier gestion centralisé/non centralisé des droits,0
modeliser-1.1,Représenter une collection de données numériquement ou symboliquement,BD1-CONT201,Différencier vue relationnelle et relation,0
modeliser-1.1,Représenter une collection de données numériquement ou symboliquement,BD1-CONT202,Ecrire la requête effectivement réalisée par le SGBD à partir de la définition de la vue interrogée.,0
modeliser-1.1,Représenter une collection de données numériquement ou symboliquement,BD1-CONT203,Expliciter les avantages et inconvénients de l'usage des vues relationnelles,0
modeliser-1.1,Représenter une collection de données numériquement ou symboliquement,BD1-CONT204,Identifier les problèmes de mise à jour dans les vues relationnelles,0
modeliser-1.1,Représenter une collection de données numériquement ou symboliquement,BD1-CONT205,Utiliser la clause « with check option » dans la définition d'une vue relationnelle,0
modeliser-1.1,Représenter une collection de données numériquement ou symboliquement,BD1-INT101,Identifier le besoin en optimisation au niveau du stockage. I. e. quand définir un index.,0
modeliser-1.1,Représenter une collection de données numériquement ou symboliquement,BD1-INT102,Différencier le placement de l'accès aux données,0
modeliser-1.1,Représenter une collection de données numériquement ou symboliquement,BD1-INT201,Identifier le besoin de mise en œuvre de la gestion de la concurrence d'accès,0
modeliser-1.1,Représenter une collection de données numériquement ou symboliquement,BD1-INT202,Définir les opérations élémentaires (lecture/écriture) réalisées par le SGBD à partir d'un algorithme,0
modeliser-1.1,Représenter une collection de données numériquement ou symboliquement,BD1-INT203,Poser les verrous en lecture et en écriture (en assurant le verrouillage 2 phases) pour assurer une sérialisation des transactions,0
modeliser-1.1,Représenter une collection de données numériquement ou symboliquement,BD1-INT204,Associer problème de gestion de la concurrence et propriétés ACID,0
modeliser-1.1,Représenter une collection de données numériquement ou symboliquement,BD1-INT205,Définir la granule de verrouillage utilisée à partir de l'exécution de transactions,0
modeliser-1.1,Représenter une collection de données numériquement ou symboliquement,BD1-INT206,Identifier un interblocage (i.e. deadlock),0
modeliser-1.1,Représenter une collection de données numériquement ou symboliquement,,,0
modeliser-1.2,Déterminer les propriétés des entrées sorties d’un composant logiciel ou matériel,BD1-GEN101,Identifier les caractéristiques d'un problème permettant de justifier d'une base de données selon le modèle relationnel,0
modeliser-1.2,Déterminer les propriétés des entrées sorties d’un composant logiciel ou matériel,BD1-GEN102,Expliquer le fonctionnement général et les principaux objectifs d'un SGBD,0
modeliser-1.2,Déterminer les propriétés des entrées sorties d’un composant logiciel ou matériel,BD1-GEN103,Expliciter les étapes de réalisation d'une base de données relationnelle,0
modeliser-1.2,Déterminer les propriétés des entrées sorties d’un composant logiciel ou matériel,BD1-GEN201,Donner un exemple de relation contenue dans la méta-base,0
modeliser-1.2,Déterminer les propriétés des entrées sorties d’un composant logiciel ou matériel,BD1-GEN202,Différencier le schéma d'une instance de base de données,0
modeliser-1.2,Déterminer les propriétés des entrées sorties d’un composant logiciel ou matériel,BD1-CON101,"Concevoir (i.e. définir les schéma) une base de données relationnelle selon les 3 niveaux d'abstraction : externe, conceptuel, interne",0
modeliser-1.2,Déterminer les propriétés des entrées sorties d’un composant logiciel ou matériel,BD1-CON102,Expliciter les éléments d'un schéma E/A,0
modeliser-1.2,Déterminer les propriétés des entrées sorties d’un composant logiciel ou matériel,BD1-CON103,Produire un schéma relationnel cohérent vis à vis du schéma E/A à partir des règles du cours,0
modeliser-1.2,Déterminer les propriétés des entrées sorties d’un composant logiciel ou matériel,BD1-CON104,"Justifier des méthodes de transformation M, N (cas 4) vs. 1,1 (cas 3)",0
modeliser-1.2,Déterminer les propriétés des entrées sorties d’un composant logiciel ou matériel,BD1-CON105,Définir une clé primaire appropriée pour une table au regard du contexte,0
modeliser-1.2,Déterminer les propriétés des entrées sorties d’un composant logiciel ou matériel,BD1-CON106,Définir une clé primaire appropriée pour une table au regard d'un ensemble de dépendances fonctionnelles,0
modeliser-1.2,Déterminer les propriétés des entrées sorties d’un composant logiciel ou matériel,BD1-CON107,Définir les contraintes d'intégrité référentielles,0
modeliser-1.2,Déterminer les propriétés des entrées sorties d’un composant logiciel ou matériel,BD1-CON108,Définir les (autres) contraintes d'intégrité appropriées au regard du contexte,0
modeliser-1.2,Déterminer les propriétés des entrées sorties d’un composant logiciel ou matériel,BD1-EVA201,Identifier les anomalies d'un schéma relationnel,0
modeliser-1.2,Déterminer les propriétés des entrées sorties d’un composant logiciel ou matériel,BD1-EVA202,Définir les dépendances fonctionnelles entre les attributs,0
modeliser-1.2,Déterminer les propriétés des entrées sorties d’un composant logiciel ou matériel,BD1-EVA203,Décomposer un schéma relationnel de manière approprié,0
modeliser-1.2,Déterminer les propriétés des entrées sorties d’un composant logiciel ou matériel,BD1-EVA204,Évaluer la forme normale d'un schéma relationnel,0
modeliser-1.2,Déterminer les propriétés des entrées sorties d’un composant logiciel ou matériel,BD1-EVA205,Réaliser la fermeture transitive d'une couverture minimale,0
modeliser-1.2,Déterminer les propriétés des entrées sorties d’un composant logiciel ou matériel,BD1-EVA206,Transformer un schéma relationnel pour « améliorer » sa forme normale,0
modeliser-1.2,Déterminer les propriétés des entrées sorties d’un composant logiciel ou matériel,BD1-EVA207,Argumenter en faveur ou non (dénormalisation) de l'équivalence modèle logique vs. modèle physique,0
modeliser-1.2,Déterminer les propriétés des entrées sorties d’un composant logiciel ou matériel,BD1-LAN101,Expliciter les éléments d'une requête en algèbre relationnelle au format textuel,0
modeliser-1.2,Déterminer les propriétés des entrées sorties d’un composant logiciel ou matériel,BD1-LAN102,Écrire une requête en algèbre relationnelle en utilisant les arbres algébriques,0
modeliser-1.2,Déterminer les propriétés des entrées sorties d’un composant logiciel ou matériel,BD1-LAN103,Avoir une intuition de l'optimisation de requête,0
modeliser-1.2,Déterminer les propriétés des entrées sorties d’un composant logiciel ou matériel,BD1-LAN201,Ecrire une requête simple de manipulation de données (LMD) en langage SQL,0
modeliser-1.2,Déterminer les propriétés des entrées sorties d’un composant logiciel ou matériel,BD1-LAN202,Ecrire une requête complexe de manipulation de données (LMD) en langage SQL,0
modeliser-1.2,Déterminer les propriétés des entrées sorties d’un composant logiciel ou matériel,BD1-LAN203,Ecrire une requête de définition de données (LDD) en langage SQL,0
modeliser-1.2,Déterminer les propriétés des entrées sorties d’un composant logiciel ou matériel,BD1-LAN204,Définir des contraintes d'intégrité simples en langage SQL,0
modeliser-1.2,Déterminer les propriétés des entrées sorties d’un composant logiciel ou matériel,BD1-LAN205,Identifier la nécessité de l'usage d'un trigger dans le cadre de la définition des CI (sans l'écrire),0
modeliser-1.2,Déterminer les propriétés des entrées sorties d’un composant logiciel ou matériel,BD1-LAN206,Ecrire une requête d'attribution de droits en langage SQL (centralisé ou non),0
modeliser-1.2,Déterminer les propriétés des entrées sorties d’un composant logiciel ou matériel,BD1-CONT101,Différencier sécurité (contrôle d'autorisation) et consistance (contrôle d'intégrité) des données,0
modeliser-1.2,Déterminer les propriétés des entrées sorties d’un composant logiciel ou matériel,BD1-CONT102,Différencier gestion centralisé/non centralisé des droits,0
modeliser-1.2,Déterminer les propriétés des entrées sorties d’un composant logiciel ou matériel,BD1-CONT201,Différencier vue relationnelle et relation,0
modeliser-1.2,Déterminer les propriétés des entrées sorties d’un composant logiciel ou matériel,BD1-CONT202,Ecrire la requête effectivement réalisée par le SGBD à partir de la définition de la vue interrogée.,0
modeliser-1.2,Déterminer les propriétés des entrées sorties d’un composant logiciel ou matériel,BD1-CONT203,Expliciter les avantages et inconvénients de l'usage des vues relationnelles,0
modeliser-1.2,Déterminer les propriétés des entrées sorties d’un composant logiciel ou matériel,BD1-CONT204,Identifier les problèmes de mise à jour dans les vues relationnelles,0
modeliser-1.2,Déterminer les propriétés des entrées sorties d’un composant logiciel ou matériel,BD1-CONT205,Utiliser la clause « with check option » dans la définition d'une vue relationnelle,0
modeliser-1.2,Déterminer les propriétés des entrées sorties d’un composant logiciel ou matériel,BD1-INT101,Identifier le besoin en optimisation au niveau du stockage. I. e. quand définir un index.,0
modeliser-1.2,Déterminer les propriétés des entrées sorties d’un composant logiciel ou matériel,BD1-INT102,Différencier le placement de l'accès aux données,0
modeliser-1.2,Déterminer les propriétés des entrées sorties d’un composant logiciel ou matériel,BD1-INT201,Identifier le besoin de mise en œuvre de la gestion de la concurrence d'accès,0
modeliser-1.2,Déterminer les propriétés des entrées sorties d’un composant logiciel ou matériel,BD1-INT202,Définir les opérations élémentaires (lecture/écriture) réalisées par le SGBD à partir d'un algorithme,0
modeliser-1.2,Déterminer les propriétés des entrées sorties d’un composant logiciel ou matériel,BD1-INT203,Poser les verrous en lecture et en écriture (en assurant le verrouillage 2 phases) pour assurer une sérialisation des transactions,0
modeliser-1.2,Déterminer les propriétés des entrées sorties d’un composant logiciel ou matériel,BD1-INT204,Associer problème de gestion de la concurrence et propriétés ACID,0
modeliser-1.2,Déterminer les propriétés des entrées sorties d’un composant logiciel ou matériel,BD1-INT205,Définir la granule de verrouillage utilisée à partir de l'exécution de transactions,0
modeliser-1.2,Déterminer les propriétés des entrées sorties d’un composant logiciel ou matériel,BD1-INT206,Identifier un interblocage (i.e. deadlock),0
modeliser-1.2,Déterminer les propriétés des entrées sorties d’un composant logiciel ou matériel,,,0
modeliser-1.3,Déterminer la famille d’algorithmes à utiliser au regard des données numériques ou symboliques à traiter,BD1-GEN101,Identifier les caractéristiques d'un problème permettant de justifier d'une base de données selon le modèle relationnel,1
modeliser-1.3,Déterminer la famille d’algorithmes à utiliser au regard des données numériques ou symboliques à traiter,BD1-GEN102,Expliquer le fonctionnement général et les principaux objectifs d'un SGBD,0
modeliser-1.3,Déterminer la famille d’algorithmes à utiliser au regard des données numériques ou symboliques à traiter,BD1-GEN103,Expliciter les étapes de réalisation d'une base de données relationnelle,0
modeliser-1.3,Déterminer la famille d’algorithmes à utiliser au regard des données numériques ou symboliques à traiter,BD1-GEN201,Donner un exemple de relation contenue dans la méta-base,0
modeliser-1.3,Déterminer la famille d’algorithmes à utiliser au regard des données numériques ou symboliques à traiter,BD1-GEN202,Différencier le schéma d'une instance de base de données,0
modeliser-1.3,Déterminer la famille d’algorithmes à utiliser au regard des données numériques ou symboliques à traiter,BD1-CON101,"Concevoir (i.e. définir les schéma) une base de données relationnelle selon les 3 niveaux d'abstraction : externe, conceptuel, interne",0
modeliser-1.3,Déterminer la famille d’algorithmes à utiliser au regard des données numériques ou symboliques à traiter,BD1-CON102,Expliciter les éléments d'un schéma E/A,0
modeliser-1.3,Déterminer la famille d’algorithmes à utiliser au regard des données numériques ou symboliques à traiter,BD1-CON103,Produire un schéma relationnel cohérent vis à vis du schéma E/A à partir des règles du cours,0
modeliser-1.3,Déterminer la famille d’algorithmes à utiliser au regard des données numériques ou symboliques à traiter,BD1-CON104,"Justifier des méthodes de transformation M, N (cas 4) vs. 1,1 (cas 3)",0
modeliser-1.3,Déterminer la famille d’algorithmes à utiliser au regard des données numériques ou symboliques à traiter,BD1-CON105,Définir une clé primaire appropriée pour une table au regard du contexte,0
modeliser-1.3,Déterminer la famille d’algorithmes à utiliser au regard des données numériques ou symboliques à traiter,BD1-CON106,Définir une clé primaire appropriée pour une table au regard d'un ensemble de dépendances fonctionnelles,0
modeliser-1.3,Déterminer la famille d’algorithmes à utiliser au regard des données numériques ou symboliques à traiter,BD1-CON107,Définir les contraintes d'intégrité référentielles,0
modeliser-1.3,Déterminer la famille d’algorithmes à utiliser au regard des données numériques ou symboliques à traiter,BD1-CON108,Définir les (autres) contraintes d'intégrité appropriées au regard du contexte,0
modeliser-1.3,Déterminer la famille d’algorithmes à utiliser au regard des données numériques ou symboliques à traiter,BD1-EVA201,Identifier les anomalies d'un schéma relationnel,0
modeliser-1.3,Déterminer la famille d’algorithmes à utiliser au regard des données numériques ou symboliques à traiter,BD1-EVA202,Définir les dépendances fonctionnelles entre les attributs,0
modeliser-1.3,Déterminer la famille d’algorithmes à utiliser au regard des données numériques ou symboliques à traiter,BD1-EVA203,Décomposer un schéma relationnel de manière approprié,0
modeliser-1.3,Déterminer la famille d’algorithmes à utiliser au regard des données numériques ou symboliques à traiter,BD1-EVA204,Évaluer la forme normale d'un schéma relationnel,0
modeliser-1.3,Déterminer la famille d’algorithmes à utiliser au regard des données numériques ou symboliques à traiter,BD1-EVA205,Réaliser la fermeture transitive d'une couverture minimale,0
modeliser-1.3,Déterminer la famille d’algorithmes à utiliser au regard des données numériques ou symboliques à traiter,BD1-EVA206,Transformer un schéma relationnel pour « améliorer » sa forme normale,0
modeliser-1.3,Déterminer la famille d’algorithmes à utiliser au regard des données numériques ou symboliques à traiter,BD1-EVA207,Argumenter en faveur ou non (dénormalisation) de l'équivalence modèle logique vs. modèle physique,0
modeliser-1.3,Déterminer la famille d’algorithmes à utiliser au regard des données numériques ou symboliques à traiter,BD1-LAN101,Expliciter les éléments d'une requête en algèbre relationnelle au format textuel,0
modeliser-1.3,Déterminer la famille d’algorithmes à utiliser au regard des données numériques ou symboliques à traiter,BD1-LAN102,Écrire une requête en algèbre relationnelle en utilisant les arbres algébriques,0
modeliser-1.3,Déterminer la famille d’algorithmes à utiliser au regard des données numériques ou symboliques à traiter,BD1-LAN103,Avoir une intuition de l'optimisation de requête,0
modeliser-1.3,Déterminer la famille d’algorithmes à utiliser au regard des données numériques ou symboliques à traiter,BD1-LAN201,Ecrire une requête simple de manipulation de données (LMD) en langage SQL,0
modeliser-1.3,Déterminer la famille d’algorithmes à utiliser au regard des données numériques ou symboliques à traiter,BD1-LAN202,Ecrire une requête complexe de manipulation de données (LMD) en langage SQL,0
modeliser-1.3,Déterminer la famille d’algorithmes à utiliser au regard des données numériques ou symboliques à traiter,BD1-LAN203,Ecrire une requête de définition de données (LDD) en langage SQL,0
modeliser-1.3,Déterminer la famille d’algorithmes à utiliser au regard des données numériques ou symboliques à traiter,BD1-LAN204,Définir des contraintes d'intégrité simples en langage SQL,0
modeliser-1.3,Déterminer la famille d’algorithmes à utiliser au regard des données numériques ou symboliques à traiter,BD1-LAN205,Identifier la nécessité de l'usage d'un trigger dans le cadre de la définition des CI (sans l'écrire),0
modeliser-1.3,Déterminer la famille d’algorithmes à utiliser au regard des données numériques ou symboliques à traiter,BD1-LAN206,Ecrire une requête d'attribution de droits en langage SQL (centralisé ou non),0
modeliser-1.3,Déterminer la famille d’algorithmes à utiliser au regard des données numériques ou symboliques à traiter,BD1-CONT101,Différencier sécurité (contrôle d'autorisation) et consistance (contrôle d'intégrité) des données,0
modeliser-1.3,Déterminer la famille d’algorithmes à utiliser au regard des données numériques ou symboliques à traiter,BD1-CONT102,Différencier gestion centralisé/non centralisé des droits,0
modeliser-1.3,Déterminer la famille d’algorithmes à utiliser au regard des données numériques ou symboliques à traiter,BD1-CONT201,Différencier vue relationnelle et relation,0
modeliser-1.3,Déterminer la famille d’algorithmes à utiliser au regard des données numériques ou symboliques à traiter,BD1-CONT202,Ecrire la requête effectivement réalisée par le SGBD à partir de la définition de la vue interrogée.,0
modeliser-1.3,Déterminer la famille d’algorithmes à utiliser au regard des données numériques ou symboliques à traiter,BD1-CONT203,Expliciter les avantages et inconvénients de l'usage des vues relationnelles,0
modeliser-1.3,Déterminer la famille d’algorithmes à utiliser au regard des données numériques ou symboliques à traiter,BD1-CONT204,Identifier les problèmes de mise à jour dans les vues relationnelles,0
modeliser-1.3,Déterminer la famille d’algorithmes à utiliser au regard des données numériques ou symboliques à traiter,BD1-CONT205,Utiliser la clause « with check option » dans la définition d'une vue relationnelle,0
modeliser-1.3,Déterminer la famille d’algorithmes à utiliser au regard des données numériques ou symboliques à traiter,BD1-INT101,Identifier le besoin en optimisation au niveau du stockage. I. e. quand définir un index.,1
modeliser-1.3,Déterminer la famille d’algorithmes à utiliser au regard des données numériques ou symboliques à traiter,BD1-INT102,Différencier le placement de l'accès aux données,1
modeliser-1.3,Déterminer la famille d’algorithmes à utiliser au regard des données numériques ou symboliques à traiter,BD1-INT201,Identifier le besoin de mise en œuvre de la gestion de la concurrence d'accès,1
modeliser-1.3,Déterminer la famille d’algorithmes à utiliser au regard des données numériques ou symboliques à traiter,BD1-INT202,Définir les opérations élémentaires (lecture/écriture) réalisées par le SGBD à partir d'un algorithme,0
modeliser-1.3,Déterminer la famille d’algorithmes à utiliser au regard des données numériques ou symboliques à traiter,BD1-INT203,Poser les verrous en lecture et en écriture (en assurant le verrouillage 2 phases) pour assurer une sérialisation des transactions,0
modeliser-1.3,Déterminer la famille d’algorithmes à utiliser au regard des données numériques ou symboliques à traiter,BD1-INT204,Associer problème de gestion de la concurrence et propriétés ACID,0
modeliser-1.3,Déterminer la famille d’algorithmes à utiliser au regard des données numériques ou symboliques à traiter,BD1-INT205,Définir la granule de verrouillage utilisée à partir de l'exécution de transactions,0
modeliser-1.3,Déterminer la famille d’algorithmes à utiliser au regard des données numériques ou symboliques à traiter,BD1-INT206,Identifier un interblocage (i.e. deadlock),0
modeliser-1.3,Déterminer la famille d’algorithmes à utiliser au regard des données numériques ou symboliques à traiter,,,0
modeliser-1.4,Identifier le rôle des composants d’un ordinateur ou des systèmes électroniques,BD1-GEN101,Identifier les caractéristiques d'un problème permettant de justifier d'une base de données selon le modèle relationnel,0
modeliser-1.4,Identifier le rôle des composants d’un ordinateur ou des systèmes électroniques,BD1-GEN102,Expliquer le fonctionnement général et les principaux objectifs d'un SGBD,0
modeliser-1.4,Identifier le rôle des composants d’un ordinateur ou des systèmes électroniques,BD1-GEN103,Expliciter les étapes de réalisation d'une base de données relationnelle,0
modeliser-1.4,Identifier le rôle des composants d’un ordinateur ou des systèmes électroniques,BD1-GEN201,Donner un exemple de relation contenue dans la méta-base,0
modeliser-1.4,Identifier le rôle des composants d’un ordinateur ou des systèmes électroniques,BD1-GEN202,Différencier le schéma d'une instance de base de données,0
modeliser-1.4,Identifier le rôle des composants d’un ordinateur ou des systèmes électroniques,BD1-CON101,"Concevoir (i.e. définir les schéma) une base de données relationnelle selon les 3 niveaux d'abstraction : externe, conceptuel, interne",0
modeliser-1.4,Identifier le rôle des composants d’un ordinateur ou des systèmes électroniques,BD1-CON102,Expliciter les éléments d'un schéma E/A,0
modeliser-1.4,Identifier le rôle des composants d’un ordinateur ou des systèmes électroniques,BD1-CON103,Produire un schéma relationnel cohérent vis à vis du schéma E/A à partir des règles du cours,0
modeliser-1.4,Identifier le rôle des composants d’un ordinateur ou des systèmes électroniques,BD1-CON104,"Justifier des méthodes de transformation M, N (cas 4) vs. 1,1 (cas 3)",0
modeliser-1.4,Identifier le rôle des composants d’un ordinateur ou des systèmes électroniques,BD1-CON105,Définir une clé primaire appropriée pour une table au regard du contexte,0
modeliser-1.4,Identifier le rôle des composants d’un ordinateur ou des systèmes électroniques,BD1-CON106,Définir une clé primaire appropriée pour une table au regard d'un ensemble de dépendances fonctionnelles,0
modeliser-1.4,Identifier le rôle des composants d’un ordinateur ou des systèmes électroniques,BD1-CON107,Définir les contraintes d'intégrité référentielles,0
modeliser-1.4,Identifier le rôle des composants d’un ordinateur ou des systèmes électroniques,BD1-CON108,Définir les (autres) contraintes d'intégrité appropriées au regard du contexte,0
modeliser-1.4,Identifier le rôle des composants d’un ordinateur ou des systèmes électroniques,BD1-EVA201,Identifier les anomalies d'un schéma relationnel,0
modeliser-1.4,Identifier le rôle des composants d’un ordinateur ou des systèmes électroniques,BD1-EVA202,Définir les dépendances fonctionnelles entre les attributs,0
modeliser-1.4,Identifier le rôle des composants d’un ordinateur ou des systèmes électroniques,BD1-EVA203,Décomposer un schéma relationnel de manière approprié,0
modeliser-1.4,Identifier le rôle des composants d’un ordinateur ou des systèmes électroniques,BD1-EVA204,Évaluer la forme normale d'un schéma relationnel,0
modeliser-1.4,Identifier le rôle des composants d’un ordinateur ou des systèmes électroniques,BD1-EVA205,Réaliser la fermeture transitive d'une couverture minimale,0
modeliser-1.4,Identifier le rôle des composants d’un ordinateur ou des systèmes électroniques,BD1-EVA206,Transformer un schéma relationnel pour « améliorer » sa forme normale,0
modeliser-1.4,Identifier le rôle des composants d’un ordinateur ou des systèmes électroniques,BD1-EVA207,Argumenter en faveur ou non (dénormalisation) de l'équivalence modèle logique vs. modèle physique,0
modeliser-1.4,Identifier le rôle des composants d’un ordinateur ou des systèmes électroniques,BD1-LAN101,Expliciter les éléments d'une requête en algèbre relationnelle au format textuel,0
modeliser-1.4,Identifier le rôle des composants d’un ordinateur ou des systèmes électroniques,BD1-LAN102,Écrire une requête en algèbre relationnelle en utilisant les arbres algébriques,0
modeliser-1.4,Identifier le rôle des composants d’un ordinateur ou des systèmes électroniques,BD1-LAN103,Avoir une intuition de l'optimisation de requête,0
modeliser-1.4,Identifier le rôle des composants d’un ordinateur ou des systèmes électroniques,BD1-LAN201,Ecrire une requête simple de manipulation de données (LMD) en langage SQL,0
modeliser-1.4,Identifier le rôle des composants d’un ordinateur ou des systèmes électroniques,BD1-LAN202,Ecrire une requête complexe de manipulation de données (LMD) en langage SQL,0
modeliser-1.4,Identifier le rôle des composants d’un ordinateur ou des systèmes électroniques,BD1-LAN203,Ecrire une requête de définition de données (LDD) en langage SQL,0
modeliser-1.4,Identifier le rôle des composants d’un ordinateur ou des systèmes électroniques,BD1-LAN204,Définir des contraintes d'intégrité simples en langage SQL,0
modeliser-1.4,Identifier le rôle des composants d’un ordinateur ou des systèmes électroniques,BD1-LAN205,Identifier la nécessité de l'usage d'un trigger dans le cadre de la définition des CI (sans l'écrire),0
modeliser-1.4,Identifier le rôle des composants d’un ordinateur ou des systèmes électroniques,BD1-LAN206,Ecrire une requête d'attribution de droits en langage SQL (centralisé ou non),0
modeliser-1.4,Identifier le rôle des composants d’un ordinateur ou des systèmes électroniques,BD1-CONT101,Différencier sécurité (contrôle d'autorisation) et consistance (contrôle d'intégrité) des données,0
modeliser-1.4,Identifier le rôle des composants d’un ordinateur ou des systèmes électroniques,BD1-CONT102,Différencier gestion centralisé/non centralisé des droits,0
modeliser-1.4,Identifier le rôle des composants d’un ordinateur ou des systèmes électroniques,BD1-CONT201,Différencier vue relationnelle et relation,0
modeliser-1.4,Identifier le rôle des composants d’un ordinateur ou des systèmes électroniques,BD1-CONT202,Ecrire la requête effectivement réalisée par le SGBD à partir de la définition de la vue interrogée.,0
modeliser-1.4,Identifier le rôle des composants d’un ordinateur ou des systèmes électroniques,BD1-CONT203,Expliciter les avantages et inconvénients de l'usage des vues relationnelles,0
modeliser-1.4,Identifier le rôle des composants d’un ordinateur ou des systèmes électroniques,BD1-CONT204,Identifier les problèmes de mise à jour dans les vues relationnelles,0
modeliser-1.4,Identifier le rôle des composants d’un ordinateur ou des systèmes électroniques,BD1-CONT205,Utiliser la clause « with check option » dans la définition d'une vue relationnelle,0
modeliser-1.4,Identifier le rôle des composants d’un ordinateur ou des systèmes électroniques,BD1-INT101,Identifier le besoin en optimisation au niveau du stockage. I. e. quand définir un index.,0
modeliser-1.4,Identifier le rôle des composants d’un ordinateur ou des systèmes électroniques,BD1-INT102,Différencier le placement de l'accès aux données,0
modeliser-1.4,Identifier le rôle des composants d’un ordinateur ou des systèmes électroniques,BD1-INT201,Identifier le besoin de mise en œuvre de la gestion de la concurrence d'accès,0
modeliser-1.4,Identifier le rôle des composants d’un ordinateur ou des systèmes électroniques,BD1-INT202,Définir les opérations élémentaires (lecture/écriture) réalisées par le SGBD à partir d'un algorithme,0
modeliser-1.4,Identifier le rôle des composants d’un ordinateur ou des systèmes électroniques,BD1-INT203,Poser les verrous en lecture et en écriture (en assurant le verrouillage 2 phases) pour assurer une sérialisation des transactions,0
modeliser-1.4,Identifier le rôle des composants d’un ordinateur ou des systèmes électroniques,BD1-INT204,Associer problème de gestion de la concurrence et propriétés ACID,0
modeliser-1.4,Identifier le rôle des composants d’un ordinateur ou des systèmes électroniques,BD1-INT205,Définir la granule de verrouillage utilisée à partir de l'exécution de transactions,0
modeliser-1.4,Identifier le rôle des composants d’un ordinateur ou des systèmes électroniques,BD1-INT206,Identifier un interblocage (i.e. deadlock),0
modeliser-1.4,Identifier le rôle des composants d’un ordinateur ou des systèmes électroniques,,,0
modeliser-2.1,Analyser les données numériques et symboliques du problème,BD1-GEN101,Identifier les caractéristiques d'un problème permettant de justifier d'une base de données selon le modèle relationnel,0
modeliser-2.1,Analyser les données numériques et symboliques du problème,BD1-GEN102,Expliquer le fonctionnement général et les principaux objectifs d'un SGBD,0
modeliser-2.1,Analyser les données numériques et symboliques du problème,BD1-GEN103,Expliciter les étapes de réalisation d'une base de données relationnelle,0
modeliser-2.1,Analyser les données numériques et symboliques du problème,BD1-GEN201,Donner un exemple de relation contenue dans la méta-base,0
modeliser-2.1,Analyser les données numériques et symboliques du problème,BD1-GEN202,Différencier le schéma d'une instance de base de données,0
modeliser-2.1,Analyser les données numériques et symboliques du problème,BD1-CON101,"Concevoir (i.e. définir les schéma) une base de données relationnelle selon les 3 niveaux d'abstraction : externe, conceptuel, interne",1
modeliser-2.1,Analyser les données numériques et symboliques du problème,BD1-CON102,Expliciter les éléments d'un schéma E/A,1
modeliser-2.1,Analyser les données numériques et symboliques du problème,BD1-CON103,Produire un schéma relationnel cohérent vis à vis du schéma E/A à partir des règles du cours,1
modeliser-2.1,Analyser les données numériques et symboliques du problème,BD1-CON104,"Justifier des méthodes de transformation M, N (cas 4) vs. 1,1 (cas 3)",1
modeliser-2.1,Analyser les données numériques et symboliques du problème,BD1-CON105,Définir une clé primaire appropriée pour une table au regard du contexte,1
modeliser-2.1,Analyser les données numériques et symboliques du problème,BD1-CON106,Définir une clé primaire appropriée pour une table au regard d'un ensemble de dépendances fonctionnelles,1
modeliser-2.1,Analyser les données numériques et symboliques du problème,BD1-CON107,Définir les contraintes d'intégrité référentielles,1
modeliser-2.1,Analyser les données numériques et symboliques du problème,BD1-CON108,Définir les (autres) contraintes d'intégrité appropriées au regard du contexte,1
modeliser-2.1,Analyser les données numériques et symboliques du problème,BD1-EVA201,Identifier les anomalies d'un schéma relationnel,0
modeliser-2.1,Analyser les données numériques et symboliques du problème,BD1-EVA202,Définir les dépendances fonctionnelles entre les attributs,0
modeliser-2.1,Analyser les données numériques et symboliques du problème,BD1-EVA203,Décomposer un schéma relationnel de manière approprié,0
modeliser-2.1,Analyser les données numériques et symboliques du problème,BD1-EVA204,Évaluer la forme normale d'un schéma relationnel,0
modeliser-2.1,Analyser les données numériques et symboliques du problème,BD1-EVA205,Réaliser la fermeture transitive d'une couverture minimale,0
modeliser-2.1,Analyser les données numériques et symboliques du problème,BD1-EVA206,Transformer un schéma relationnel pour « améliorer » sa forme normale,0
modeliser-2.1,Analyser les données numériques et symboliques du problème,BD1-EVA207,Argumenter en faveur ou non (dénormalisation) de l'équivalence modèle logique vs. modèle physique,0
modeliser-2.1,Analyser les données numériques et symboliques du problème,BD1-LAN101,Expliciter les éléments d'une requête en algèbre relationnelle au format textuel,0
modeliser-2.1,Analyser les données numériques et symboliques du problème,BD1-LAN102,Écrire une requête en algèbre relationnelle en utilisant les arbres algébriques,0
modeliser-2.1,Analyser les données numériques et symboliques du problème,BD1-LAN103,Avoir une intuition de l'optimisation de requête,0
modeliser-2.1,Analyser les données numériques et symboliques du problème,BD1-LAN201,Ecrire une requête simple de manipulation de données (LMD) en langage SQL,0
modeliser-2.1,Analyser les données numériques et symboliques du problème,BD1-LAN202,Ecrire une requête complexe de manipulation de données (LMD) en langage SQL,0
modeliser-2.1,Analyser les données numériques et symboliques du problème,BD1-LAN203,Ecrire une requête de définition de données (LDD) en langage SQL,0
modeliser-2.1,Analyser les données numériques et symboliques du problème,BD1-LAN204,Définir des contraintes d'intégrité simples en langage SQL,0
modeliser-2.1,Analyser les données numériques et symboliques du problème,BD1-LAN205,Identifier la nécessité de l'usage d'un trigger dans le cadre de la définition des CI (sans l'écrire),0
modeliser-2.1,Analyser les données numériques et symboliques du problème,BD1-LAN206,Ecrire une requête d'attribution de droits en langage SQL (centralisé ou non),0
modeliser-2.1,Analyser les données numériques et symboliques du problème,BD1-CONT101,Différencier sécurité (contrôle d'autorisation) et consistance (contrôle d'intégrité) des données,0
modeliser-2.1,Analyser les données numériques et symboliques du problème,BD1-CONT102,Différencier gestion centralisé/non centralisé des droits,0
modeliser-2.1,Analyser les données numériques et symboliques du problème,BD1-CONT201,Différencier vue relationnelle et relation,0
modeliser-2.1,Analyser les données numériques et symboliques du problème,BD1-CONT202,Ecrire la requête effectivement réalisée par le SGBD à partir de la définition de la vue interrogée.,0
modeliser-2.1,Analyser les données numériques et symboliques du problème,BD1-CONT203,Expliciter les avantages et inconvénients de l'usage des vues relationnelles,0
modeliser-2.1,Analyser les données numériques et symboliques du problème,BD1-CONT204,Identifier les problèmes de mise à jour dans les vues relationnelles,0
modeliser-2.1,Analyser les données numériques et symboliques du problème,BD1-CONT205,Utiliser la clause « with check option » dans la définition d'une vue relationnelle,0
modeliser-2.1,Analyser les données numériques et symboliques du problème,BD1-INT101,Identifier le besoin en optimisation au niveau du stockage. I. e. quand définir un index.,0
modeliser-2.1,Analyser les données numériques et symboliques du problème,BD1-INT102,Différencier le placement de l'accès aux données,0
modeliser-2.1,Analyser les données numériques et symboliques du problème,BD1-INT201,Identifier le besoin de mise en œuvre de la gestion de la concurrence d'accès,0
modeliser-2.1,Analyser les données numériques et symboliques du problème,BD1-INT202,Définir les opérations élémentaires (lecture/écriture) réalisées par le SGBD à partir d'un algorithme,0
modeliser-2.1,Analyser les données numériques et symboliques du problème,BD1-INT203,Poser les verrous en lecture et en écriture (en assurant le verrouillage 2 phases) pour assurer une sérialisation des transactions,0
modeliser-2.1,Analyser les données numériques et symboliques du problème,BD1-INT204,Associer problème de gestion de la concurrence et propriétés ACID,0
modeliser-2.1,Analyser les données numériques et symboliques du problème,BD1-INT205,Définir la granule de verrouillage utilisée à partir de l'exécution de transactions,0
modeliser-2.1,Analyser les données numériques et symboliques du problème,BD1-INT206,Identifier un interblocage (i.e. deadlock),0
modeliser-2.1,Analyser les données numériques et symboliques du problème,,,0
modeliser-2.2,Comparer les différentes représentations numériques et symboliques des données,BD1-GEN101,Identifier les caractéristiques d'un problème permettant de justifier d'une base de données selon le modèle relationnel,0
modeliser-2.2,Comparer les différentes représentations numériques et symboliques des données,BD1-GEN102,Expliquer le fonctionnement général et les principaux objectifs d'un SGBD,0
modeliser-2.2,Comparer les différentes représentations numériques et symboliques des données,BD1-GEN103,Expliciter les étapes de réalisation d'une base de données relationnelle,0
modeliser-2.2,Comparer les différentes représentations numériques et symboliques des données,BD1-GEN201,Donner un exemple de relation contenue dans la méta-base,0
modeliser-2.2,Comparer les différentes représentations numériques et symboliques des données,BD1-GEN202,Différencier le schéma d'une instance de base de données,0
modeliser-2.2,Comparer les différentes représentations numériques et symboliques des données,BD1-CON101,"Concevoir (i.e. définir les schéma) une base de données relationnelle selon les 3 niveaux d'abstraction : externe, conceptuel, interne",0
modeliser-2.2,Comparer les différentes représentations numériques et symboliques des données,BD1-CON102,Expliciter les éléments d'un schéma E/A,0
modeliser-2.2,Comparer les différentes représentations numériques et symboliques des données,BD1-CON103,Produire un schéma relationnel cohérent vis à vis du schéma E/A à partir des règles du cours,0
modeliser-2.2,Comparer les différentes représentations numériques et symboliques des données,BD1-CON104,"Justifier des méthodes de transformation M, N (cas 4) vs. 1,1 (cas 3)",0
modeliser-2.2,Comparer les différentes représentations numériques et symboliques des données,BD1-CON105,Définir une clé primaire appropriée pour une table au regard du contexte,0
modeliser-2.2,Comparer les différentes représentations numériques et symboliques des données,BD1-CON106,Définir une clé primaire appropriée pour une table au regard d'un ensemble de dépendances fonctionnelles,0
modeliser-2.2,Comparer les différentes représentations numériques et symboliques des données,BD1-CON107,Définir les contraintes d'intégrité référentielles,0
modeliser-2.2,Comparer les différentes représentations numériques et symboliques des données,BD1-CON108,Définir les (autres) contraintes d'intégrité appropriées au regard du contexte,0
modeliser-2.2,Comparer les différentes représentations numériques et symboliques des données,BD1-EVA201,Identifier les anomalies d'un schéma relationnel,0
modeliser-2.2,Comparer les différentes représentations numériques et symboliques des données,BD1-EVA202,Définir les dépendances fonctionnelles entre les attributs,0
modeliser-2.2,Comparer les différentes représentations numériques et symboliques des données,BD1-EVA203,Décomposer un schéma relationnel de manière approprié,0
modeliser-2.2,Comparer les différentes représentations numériques et symboliques des données,BD1-EVA204,Évaluer la forme normale d'un schéma relationnel,0
modeliser-2.2,Comparer les différentes représentations numériques et symboliques des données,BD1-EVA205,Réaliser la fermeture transitive d'une couverture minimale,0
modeliser-2.2,Comparer les différentes représentations numériques et symboliques des données,BD1-EVA206,Transformer un schéma relationnel pour « améliorer » sa forme normale,0
modeliser-2.2,Comparer les différentes représentations numériques et symboliques des données,BD1-EVA207,Argumenter en faveur ou non (dénormalisation) de l'équivalence modèle logique vs. modèle physique,0
modeliser-2.2,Comparer les différentes représentations numériques et symboliques des données,BD1-LAN101,Expliciter les éléments d'une requête en algèbre relationnelle au format textuel,0
modeliser-2.2,Comparer les différentes représentations numériques et symboliques des données,BD1-LAN102,Écrire une requête en algèbre relationnelle en utilisant les arbres algébriques,0
modeliser-2.2,Comparer les différentes représentations numériques et symboliques des données,BD1-LAN103,Avoir une intuition de l'optimisation de requête,0
modeliser-2.2,Comparer les différentes représentations numériques et symboliques des données,BD1-LAN201,Ecrire une requête simple de manipulation de données (LMD) en langage SQL,0
modeliser-2.2,Comparer les différentes représentations numériques et symboliques des données,BD1-LAN202,Ecrire une requête complexe de manipulation de données (LMD) en langage SQL,0
modeliser-2.2,Comparer les différentes représentations numériques et symboliques des données,BD1-LAN203,Ecrire une requête de définition de données (LDD) en langage SQL,0
modeliser-2.2,Comparer les différentes représentations numériques et symboliques des données,BD1-LAN204,Définir des contraintes d'intégrité simples en langage SQL,0
modeliser-2.2,Comparer les différentes représentations numériques et symboliques des données,BD1-LAN205,Identifier la nécessité de l'usage d'un trigger dans le cadre de la définition des CI (sans l'écrire),0
modeliser-2.2,Comparer les différentes représentations numériques et symboliques des données,BD1-LAN206,Ecrire une requête d'attribution de droits en langage SQL (centralisé ou non),0
modeliser-2.2,Comparer les différentes représentations numériques et symboliques des données,BD1-CONT101,Différencier sécurité (contrôle d'autorisation) et consistance (contrôle d'intégrité) des données,0
modeliser-2.2,Comparer les différentes représentations numériques et symboliques des données,BD1-CONT102,Différencier gestion centralisé/non centralisé des droits,0
modeliser-2.2,Comparer les différentes représentations numériques et symboliques des données,BD1-CONT201,Différencier vue relationnelle et relation,0
modeliser-2.2,Comparer les différentes représentations numériques et symboliques des données,BD1-CONT202,Ecrire la requête effectivement réalisée par le SGBD à partir de la définition de la vue interrogée.,0
modeliser-2.2,Comparer les différentes représentations numériques et symboliques des données,BD1-CONT203,Expliciter les avantages et inconvénients de l'usage des vues relationnelles,0
modeliser-2.2,Comparer les différentes représentations numériques et symboliques des données,BD1-CONT204,Identifier les problèmes de mise à jour dans les vues relationnelles,0
modeliser-2.2,Comparer les différentes représentations numériques et symboliques des données,BD1-CONT205,Utiliser la clause « with check option » dans la définition d'une vue relationnelle,0
modeliser-2.2,Comparer les différentes représentations numériques et symboliques des données,BD1-INT101,Identifier le besoin en optimisation au niveau du stockage. I. e. quand définir un index.,0
modeliser-2.2,Comparer les différentes représentations numériques et symboliques des données,BD1-INT102,Différencier le placement de l'accès aux données,0
modeliser-2.2,Comparer les différentes représentations numériques et symboliques des données,BD1-INT201,Identifier le besoin de mise en œuvre de la gestion de la concurrence d'accès,0
modeliser-2.2,Comparer les différentes représentations numériques et symboliques des données,BD1-INT202,Définir les opérations élémentaires (lecture/écriture) réalisées par le SGBD à partir d'un algorithme,0
modeliser-2.2,Comparer les différentes représentations numériques et symboliques des données,BD1-INT203,Poser les verrous en lecture et en écriture (en assurant le verrouillage 2 phases) pour assurer une sérialisation des transactions,0
modeliser-2.2,Comparer les différentes représentations numériques et symboliques des données,BD1-INT204,Associer problème de gestion de la concurrence et propriétés ACID,0
modeliser-2.2,Comparer les différentes représentations numériques et symboliques des données,BD1-INT205,Définir la granule de verrouillage utilisée à partir de l'exécution de transactions,0
modeliser-2.2,Comparer les différentes représentations numériques et symboliques des données,BD1-INT206,Identifier un interblocage (i.e. deadlock),0
modeliser-2.2,Comparer les différentes représentations numériques et symboliques des données,,,0
modeliser-2.3,Représenter dans le paradigme de la programmation orienté objet aussi bien les données que les fonctionnalités du problème,BD1-GEN101,Identifier les caractéristiques d'un problème permettant de justifier d'une base de données selon le modèle relationnel,0
modeliser-2.3,Représenter dans le paradigme de la programmation orienté objet aussi bien les données que les fonctionnalités du problème,BD1-GEN102,Expliquer le fonctionnement général et les principaux objectifs d'un SGBD,0
modeliser-2.3,Représenter dans le paradigme de la programmation orienté objet aussi bien les données que les fonctionnalités du problème,BD1-GEN103,Expliciter les étapes de réalisation d'une base de données relationnelle,0
modeliser-2.3,Représenter dans le paradigme de la programmation orienté objet aussi bien les données que les fonctionnalités du problème,BD1-GEN201,Donner un exemple de relation contenue dans la méta-base,0
modeliser-2.3,Représenter dans le paradigme de la programmation orienté objet aussi bien les données que les fonctionnalités du problème,BD1-GEN202,Différencier le schéma d'une instance de base de données,0
modeliser-2.3,Représenter dans le paradigme de la programmation orienté objet aussi bien les données que les fonctionnalités du problème,BD1-CON101,"Concevoir (i.e. définir les schéma) une base de données relationnelle selon les 3 niveaux d'abstraction : externe, conceptuel, interne",0
modeliser-2.3,Représenter dans le paradigme de la programmation orienté objet aussi bien les données que les fonctionnalités du problème,BD1-CON102,Expliciter les éléments d'un schéma E/A,0
modeliser-2.3,Représenter dans le paradigme de la programmation orienté objet aussi bien les données que les fonctionnalités du problème,BD1-CON103,Produire un schéma relationnel cohérent vis à vis du schéma E/A à partir des règles du cours,0
modeliser-2.3,Représenter dans le paradigme de la programmation orienté objet aussi bien les données que les fonctionnalités du problème,BD1-CON104,"Justifier des méthodes de transformation M, N (cas 4) vs. 1,1 (cas 3)",0
modeliser-2.3,Représenter dans le paradigme de la programmation orienté objet aussi bien les données que les fonctionnalités du problème,BD1-CON105,Définir une clé primaire appropriée pour une table au regard du contexte,0
modeliser-2.3,Représenter dans le paradigme de la programmation orienté objet aussi bien les données que les fonctionnalités du problème,BD1-CON106,Définir une clé primaire appropriée pour une table au regard d'un ensemble de dépendances fonctionnelles,0
modeliser-2.3,Représenter dans le paradigme de la programmation orienté objet aussi bien les données que les fonctionnalités du problème,BD1-CON107,Définir les contraintes d'intégrité référentielles,0
modeliser-2.3,Représenter dans le paradigme de la programmation orienté objet aussi bien les données que les fonctionnalités du problème,BD1-CON108,Définir les (autres) contraintes d'intégrité appropriées au regard du contexte,0
modeliser-2.3,Représenter dans le paradigme de la programmation orienté objet aussi bien les données que les fonctionnalités du problème,BD1-EVA201,Identifier les anomalies d'un schéma relationnel,0
modeliser-2.3,Représenter dans le paradigme de la programmation orienté objet aussi bien les données que les fonctionnalités du problème,BD1-EVA202,Définir les dépendances fonctionnelles entre les attributs,0
modeliser-2.3,Représenter dans le paradigme de la programmation orienté objet aussi bien les données que les fonctionnalités du problème,BD1-EVA203,Décomposer un schéma relationnel de manière approprié,0
modeliser-2.3,Représenter dans le paradigme de la programmation orienté objet aussi bien les données que les fonctionnalités du problème,BD1-EVA204,Évaluer la forme normale d'un schéma relationnel,0
modeliser-2.3,Représenter dans le paradigme de la programmation orienté objet aussi bien les données que les fonctionnalités du problème,BD1-EVA205,Réaliser la fermeture transitive d'une couverture minimale,0
modeliser-2.3,Représenter dans le paradigme de la programmation orienté objet aussi bien les données que les fonctionnalités du problème,BD1-EVA206,Transformer un schéma relationnel pour « améliorer » sa forme normale,0
modeliser-2.3,Représenter dans le paradigme de la programmation orienté objet aussi bien les données que les fonctionnalités du problème,BD1-EVA207,Argumenter en faveur ou non (dénormalisation) de l'équivalence modèle logique vs. modèle physique,0
modeliser-2.3,Représenter dans le paradigme de la programmation orienté objet aussi bien les données que les fonctionnalités du problème,BD1-LAN101,Expliciter les éléments d'une requête en algèbre relationnelle au format textuel,0
modeliser-2.3,Représenter dans le paradigme de la programmation orienté objet aussi bien les données que les fonctionnalités du problème,BD1-LAN102,Écrire une requête en algèbre relationnelle en utilisant les arbres algébriques,0
modeliser-2.3,Représenter dans le paradigme de la programmation orienté objet aussi bien les données que les fonctionnalités du problème,BD1-LAN103,Avoir une intuition de l'optimisation de requête,0
modeliser-2.3,Représenter dans le paradigme de la programmation orienté objet aussi bien les données que les fonctionnalités du problème,BD1-LAN201,Ecrire une requête simple de manipulation de données (LMD) en langage SQL,0
modeliser-2.3,Représenter dans le paradigme de la programmation orienté objet aussi bien les données que les fonctionnalités du problème,BD1-LAN202,Ecrire une requête complexe de manipulation de données (LMD) en langage SQL,0
modeliser-2.3,Représenter dans le paradigme de la programmation orienté objet aussi bien les données que les fonctionnalités du problème,BD1-LAN203,Ecrire une requête de définition de données (LDD) en langage SQL,0
modeliser-2.3,Représenter dans le paradigme de la programmation orienté objet aussi bien les données que les fonctionnalités du problème,BD1-LAN204,Définir des contraintes d'intégrité simples en langage SQL,0
modeliser-2.3,Représenter dans le paradigme de la programmation orienté objet aussi bien les données que les fonctionnalités du problème,BD1-LAN205,Identifier la nécessité de l'usage d'un trigger dans le cadre de la définition des CI (sans l'écrire),0
modeliser-2.3,Représenter dans le paradigme de la programmation orienté objet aussi bien les données que les fonctionnalités du problème,BD1-LAN206,Ecrire une requête d'attribution de droits en langage SQL (centralisé ou non),0
modeliser-2.3,Représenter dans le paradigme de la programmation orienté objet aussi bien les données que les fonctionnalités du problème,BD1-CONT101,Différencier sécurité (contrôle d'autorisation) et consistance (contrôle d'intégrité) des données,0
modeliser-2.3,Représenter dans le paradigme de la programmation orienté objet aussi bien les données que les fonctionnalités du problème,BD1-CONT102,Différencier gestion centralisé/non centralisé des droits,0
modeliser-2.3,Représenter dans le paradigme de la programmation orienté objet aussi bien les données que les fonctionnalités du problème,BD1-CONT201,Différencier vue relationnelle et relation,0
modeliser-2.3,Représenter dans le paradigme de la programmation orienté objet aussi bien les données que les fonctionnalités du problème,BD1-CONT202,Ecrire la requête effectivement réalisée par le SGBD à partir de la définition de la vue interrogée.,0
modeliser-2.3,Représenter dans le paradigme de la programmation orienté objet aussi bien les données que les fonctionnalités du problème,BD1-CONT203,Expliciter les avantages et inconvénients de l'usage des vues relationnelles,0
modeliser-2.3,Représenter dans le paradigme de la programmation orienté objet aussi bien les données que les fonctionnalités du problème,BD1-CONT204,Identifier les problèmes de mise à jour dans les vues relationnelles,0
modeliser-2.3,Représenter dans le paradigme de la programmation orienté objet aussi bien les données que les fonctionnalités du problème,BD1-CONT205,Utiliser la clause « with check option » dans la définition d'une vue relationnelle,0
modeliser-2.3,Représenter dans le paradigme de la programmation orienté objet aussi bien les données que les fonctionnalités du problème,BD1-INT101,Identifier le besoin en optimisation au niveau du stockage. I. e. quand définir un index.,0
modeliser-2.3,Représenter dans le paradigme de la programmation orienté objet aussi bien les données que les fonctionnalités du problème,BD1-INT102,Différencier le placement de l'accès aux données,0
modeliser-2.3,Représenter dans le paradigme de la programmation orienté objet aussi bien les données que les fonctionnalités du problème,BD1-INT201,Identifier le besoin de mise en œuvre de la gestion de la concurrence d'accès,0
modeliser-2.3,Représenter dans le paradigme de la programmation orienté objet aussi bien les données que les fonctionnalités du problème,BD1-INT202,Définir les opérations élémentaires (lecture/écriture) réalisées par le SGBD à partir d'un algorithme,0
modeliser-2.3,Représenter dans le paradigme de la programmation orienté objet aussi bien les données que les fonctionnalités du problème,BD1-INT203,Poser les verrous en lecture et en écriture (en assurant le verrouillage 2 phases) pour assurer une sérialisation des transactions,0
modeliser-2.3,Représenter dans le paradigme de la programmation orienté objet aussi bien les données que les fonctionnalités du problème,BD1-INT204,Associer problème de gestion de la concurrence et propriétés ACID,0
modeliser-2.3,Représenter dans le paradigme de la programmation orienté objet aussi bien les données que les fonctionnalités du problème,BD1-INT205,Définir la granule de verrouillage utilisée à partir de l'exécution de transactions,0
modeliser-2.3,Représenter dans le paradigme de la programmation orienté objet aussi bien les données que les fonctionnalités du problème,BD1-INT206,Identifier un interblocage (i.e. deadlock),0
modeliser-2.3,Représenter dans le paradigme de la programmation orienté objet aussi bien les données que les fonctionnalités du problème,,,0
modeliser-2.4,Identifier le fonctionnement et les différentes implantations des composants d’un ordinateur ou des systèmes électroniques,BD1-GEN101,Identifier les caractéristiques d'un problème permettant de justifier d'une base de données selon le modèle relationnel,0
modeliser-2.4,Identifier le fonctionnement et les différentes implantations des composants d’un ordinateur ou des systèmes électroniques,BD1-GEN102,Expliquer le fonctionnement général et les principaux objectifs d'un SGBD,0
modeliser-2.4,Identifier le fonctionnement et les différentes implantations des composants d’un ordinateur ou des systèmes électroniques,BD1-GEN103,Expliciter les étapes de réalisation d'une base de données relationnelle,0
modeliser-2.4,Identifier le fonctionnement et les différentes implantations des composants d’un ordinateur ou des systèmes électroniques,BD1-GEN201,Donner un exemple de relation contenue dans la méta-base,0
modeliser-2.4,Identifier le fonctionnement et les différentes implantations des composants d’un ordinateur ou des systèmes électroniques,BD1-GEN202,Différencier le schéma d'une instance de base de données,0
modeliser-2.4,Identifier le fonctionnement et les différentes implantations des composants d’un ordinateur ou des systèmes électroniques,BD1-CON101,"Concevoir (i.e. définir les schéma) une base de données relationnelle selon les 3 niveaux d'abstraction : externe, conceptuel, interne",0
modeliser-2.4,Identifier le fonctionnement et les différentes implantations des composants d’un ordinateur ou des systèmes électroniques,BD1-CON102,Expliciter les éléments d'un schéma E/A,0
modeliser-2.4,Identifier le fonctionnement et les différentes implantations des composants d’un ordinateur ou des systèmes électroniques,BD1-CON103,Produire un schéma relationnel cohérent vis à vis du schéma E/A à partir des règles du cours,0
modeliser-2.4,Identifier le fonctionnement et les différentes implantations des composants d’un ordinateur ou des systèmes électroniques,BD1-CON104,"Justifier des méthodes de transformation M, N (cas 4) vs. 1,1 (cas 3)",0
modeliser-2.4,Identifier le fonctionnement et les différentes implantations des composants d’un ordinateur ou des systèmes électroniques,BD1-CON105,Définir une clé primaire appropriée pour une table au regard du contexte,0
modeliser-2.4,Identifier le fonctionnement et les différentes implantations des composants d’un ordinateur ou des systèmes électroniques,BD1-CON106,Définir une clé primaire appropriée pour une table au regard d'un ensemble de dépendances fonctionnelles,0
modeliser-2.4,Identifier le fonctionnement et les différentes implantations des composants d’un ordinateur ou des systèmes électroniques,BD1-CON107,Définir les contraintes d'intégrité référentielles,0
modeliser-2.4,Identifier le fonctionnement et les différentes implantations des composants d’un ordinateur ou des systèmes électroniques,BD1-CON108,Définir les (autres) contraintes d'intégrité appropriées au regard du contexte,0
modeliser-2.4,Identifier le fonctionnement et les différentes implantations des composants d’un ordinateur ou des systèmes électroniques,BD1-EVA201,Identifier les anomalies d'un schéma relationnel,0
modeliser-2.4,Identifier le fonctionnement et les différentes implantations des composants d’un ordinateur ou des systèmes électroniques,BD1-EVA202,Définir les dépendances fonctionnelles entre les attributs,0
modeliser-2.4,Identifier le fonctionnement et les différentes implantations des composants d’un ordinateur ou des systèmes électroniques,BD1-EVA203,Décomposer un schéma relationnel de manière approprié,0
modeliser-2.4,Identifier le fonctionnement et les différentes implantations des composants d’un ordinateur ou des systèmes électroniques,BD1-EVA204,Évaluer la forme normale d'un schéma relationnel,0
modeliser-2.4,Identifier le fonctionnement et les différentes implantations des composants d’un ordinateur ou des systèmes électroniques,BD1-EVA205,Réaliser la fermeture transitive d'une couverture minimale,0
modeliser-2.4,Identifier le fonctionnement et les différentes implantations des composants d’un ordinateur ou des systèmes électroniques,BD1-EVA206,Transformer un schéma relationnel pour « améliorer » sa forme normale,0
modeliser-2.4,Identifier le fonctionnement et les différentes implantations des composants d’un ordinateur ou des systèmes électroniques,BD1-EVA207,Argumenter en faveur ou non (dénormalisation) de l'équivalence modèle logique vs. modèle physique,0
modeliser-2.4,Identifier le fonctionnement et les différentes implantations des composants d’un ordinateur ou des systèmes électroniques,BD1-LAN101,Expliciter les éléments d'une requête en algèbre relationnelle au format textuel,0
modeliser-2.4,Identifier le fonctionnement et les différentes implantations des composants d’un ordinateur ou des systèmes électroniques,BD1-LAN102,Écrire une requête en algèbre relationnelle en utilisant les arbres algébriques,0
modeliser-2.4,Identifier le fonctionnement et les différentes implantations des composants d’un ordinateur ou des systèmes électroniques,BD1-LAN103,Avoir une intuition de l'optimisation de requête,0
modeliser-2.4,Identifier le fonctionnement et les différentes implantations des composants d’un ordinateur ou des systèmes électroniques,BD1-LAN201,Ecrire une requête simple de manipulation de données (LMD) en langage SQL,0
modeliser-2.4,Identifier le fonctionnement et les différentes implantations des composants d’un ordinateur ou des systèmes électroniques,BD1-LAN202,Ecrire une requête complexe de manipulation de données (LMD) en langage SQL,0
modeliser-2.4,Identifier le fonctionnement et les différentes implantations des composants d’un ordinateur ou des systèmes électroniques,BD1-LAN203,Ecrire une requête de définition de données (LDD) en langage SQL,0
modeliser-2.4,Identifier le fonctionnement et les différentes implantations des composants d’un ordinateur ou des systèmes électroniques,BD1-LAN204,Définir des contraintes d'intégrité simples en langage SQL,0
modeliser-2.4,Identifier le fonctionnement et les différentes implantations des composants d’un ordinateur ou des systèmes électroniques,BD1-LAN205,Identifier la nécessité de l'usage d'un trigger dans le cadre de la définition des CI (sans l'écrire),0
modeliser-2.4,Identifier le fonctionnement et les différentes implantations des composants d’un ordinateur ou des systèmes électroniques,BD1-LAN206,Ecrire une requête d'attribution de droits en langage SQL (centralisé ou non),0
modeliser-2.4,Identifier le fonctionnement et les différentes implantations des composants d’un ordinateur ou des systèmes électroniques,BD1-CONT101,Différencier sécurité (contrôle d'autorisation) et consistance (contrôle d'intégrité) des données,0
modeliser-2.4,Identifier le fonctionnement et les différentes implantations des composants d’un ordinateur ou des systèmes électroniques,BD1-CONT102,Différencier gestion centralisé/non centralisé des droits,0
modeliser-2.4,Identifier le fonctionnement et les différentes implantations des composants d’un ordinateur ou des systèmes électroniques,BD1-CONT201,Différencier vue relationnelle et relation,0
modeliser-2.4,Identifier le fonctionnement et les différentes implantations des composants d’un ordinateur ou des systèmes électroniques,BD1-CONT202,Ecrire la requête effectivement réalisée par le SGBD à partir de la définition de la vue interrogée.,0
modeliser-2.4,Identifier le fonctionnement et les différentes implantations des composants d’un ordinateur ou des systèmes électroniques,BD1-CONT203,Expliciter les avantages et inconvénients de l'usage des vues relationnelles,0
modeliser-2.4,Identifier le fonctionnement et les différentes implantations des composants d’un ordinateur ou des systèmes électroniques,BD1-CONT204,Identifier les problèmes de mise à jour dans les vues relationnelles,0
modeliser-2.4,Identifier le fonctionnement et les différentes implantations des composants d’un ordinateur ou des systèmes électroniques,BD1-CONT205,Utiliser la clause « with check option » dans la définition d'une vue relationnelle,0
modeliser-2.4,Identifier le fonctionnement et les différentes implantations des composants d’un ordinateur ou des systèmes électroniques,BD1-INT101,Identifier le besoin en optimisation au niveau du stockage. I. e. quand définir un index.,0
modeliser-2.4,Identifier le fonctionnement et les différentes implantations des composants d’un ordinateur ou des systèmes électroniques,BD1-INT102,Différencier le placement de l'accès aux données,0
modeliser-2.4,Identifier le fonctionnement et les différentes implantations des composants d’un ordinateur ou des systèmes électroniques,BD1-INT201,Identifier le besoin de mise en œuvre de la gestion de la concurrence d'accès,0
modeliser-2.4,Identifier le fonctionnement et les différentes implantations des composants d’un ordinateur ou des systèmes électroniques,BD1-INT202,Définir les opérations élémentaires (lecture/écriture) réalisées par le SGBD à partir d'un algorithme,0
modeliser-2.4,Identifier le fonctionnement et les différentes implantations des composants d’un ordinateur ou des systèmes électroniques,BD1-INT203,Poser les verrous en lecture et en écriture (en assurant le verrouillage 2 phases) pour assurer une sérialisation des transactions,0
modeliser-2.4,Identifier le fonctionnement et les différentes implantations des composants d’un ordinateur ou des systèmes électroniques,BD1-INT204,Associer problème de gestion de la concurrence et propriétés ACID,0
modeliser-2.4,Identifier le fonctionnement et les différentes implantations des composants d’un ordinateur ou des systèmes électroniques,BD1-INT205,Définir la granule de verrouillage utilisée à partir de l'exécution de transactions,0
modeliser-2.4,Identifier le fonctionnement et les différentes implantations des composants d’un ordinateur ou des systèmes électroniques,BD1-INT206,Identifier un interblocage (i.e. deadlock),0
modeliser-2.4,Identifier le fonctionnement et les différentes implantations des composants d’un ordinateur ou des systèmes électroniques,,,0
modeliser-3.1,Normaliser des données pour appliquer un modèle,BD1-GEN101,Identifier les caractéristiques d'un problème permettant de justifier d'une base de données selon le modèle relationnel,0
modeliser-3.1,Normaliser des données pour appliquer un modèle,BD1-GEN102,Expliquer le fonctionnement général et les principaux objectifs d'un SGBD,0
modeliser-3.1,Normaliser des données pour appliquer un modèle,BD1-GEN103,Expliciter les étapes de réalisation d'une base de données relationnelle,0
modeliser-3.1,Normaliser des données pour appliquer un modèle,BD1-GEN201,Donner un exemple de relation contenue dans la méta-base,0
modeliser-3.1,Normaliser des données pour appliquer un modèle,BD1-GEN202,Différencier le schéma d'une instance de base de données,0
modeliser-3.1,Normaliser des données pour appliquer un modèle,BD1-CON101,"Concevoir (i.e. définir les schéma) une base de données relationnelle selon les 3 niveaux d'abstraction : externe, conceptuel, interne",0
modeliser-3.1,Normaliser des données pour appliquer un modèle,BD1-CON102,Expliciter les éléments d'un schéma E/A,0
modeliser-3.1,Normaliser des données pour appliquer un modèle,BD1-CON103,Produire un schéma relationnel cohérent vis à vis du schéma E/A à partir des règles du cours,0
modeliser-3.1,Normaliser des données pour appliquer un modèle,BD1-CON104,"Justifier des méthodes de transformation M, N (cas 4) vs. 1,1 (cas 3)",0
modeliser-3.1,Normaliser des données pour appliquer un modèle,BD1-CON105,Définir une clé primaire appropriée pour une table au regard du contexte,0
modeliser-3.1,Normaliser des données pour appliquer un modèle,BD1-CON106,Définir une clé primaire appropriée pour une table au regard d'un ensemble de dépendances fonctionnelles,0
modeliser-3.1,Normaliser des données pour appliquer un modèle,BD1-CON107,Définir les contraintes d'intégrité référentielles,0
modeliser-3.1,Normaliser des données pour appliquer un modèle,BD1-CON108,Définir les (autres) contraintes d'intégrité appropriées au regard du contexte,0
modeliser-3.1,Normaliser des données pour appliquer un modèle,BD1-EVA201,Identifier les anomalies d'un schéma relationnel,0
modeliser-3.1,Normaliser des données pour appliquer un modèle,BD1-EVA202,Définir les dépendances fonctionnelles entre les attributs,0
modeliser-3.1,Normaliser des données pour appliquer un modèle,BD1-EVA203,Décomposer un schéma relationnel de manière approprié,0
modeliser-3.1,Normaliser des données pour appliquer un modèle,BD1-EVA204,Évaluer la forme normale d'un schéma relationnel,0
modeliser-3.1,Normaliser des données pour appliquer un modèle,BD1-EVA205,Réaliser la fermeture transitive d'une couverture minimale,0
modeliser-3.1,Normaliser des données pour appliquer un modèle,BD1-EVA206,Transformer un schéma relationnel pour « améliorer » sa forme normale,0
modeliser-3.1,Normaliser des données pour appliquer un modèle,BD1-EVA207,Argumenter en faveur ou non (dénormalisation) de l'équivalence modèle logique vs. modèle physique,0
modeliser-3.1,Normaliser des données pour appliquer un modèle,BD1-LAN101,Expliciter les éléments d'une requête en algèbre relationnelle au format textuel,0
modeliser-3.1,Normaliser des données pour appliquer un modèle,BD1-LAN102,Écrire une requête en algèbre relationnelle en utilisant les arbres algébriques,0
modeliser-3.1,Normaliser des données pour appliquer un modèle,BD1-LAN103,Avoir une intuition de l'optimisation de requête,0
modeliser-3.1,Normaliser des données pour appliquer un modèle,BD1-LAN201,Ecrire une requête simple de manipulation de données (LMD) en langage SQL,0
modeliser-3.1,Normaliser des données pour appliquer un modèle,BD1-LAN202,Ecrire une requête complexe de manipulation de données (LMD) en langage SQL,0
modeliser-3.1,Normaliser des données pour appliquer un modèle,BD1-LAN203,Ecrire une requête de définition de données (LDD) en langage SQL,0
modeliser-3.1,Normaliser des données pour appliquer un modèle,BD1-LAN204,Définir des contraintes d'intégrité simples en langage SQL,0
modeliser-3.1,Normaliser des données pour appliquer un modèle,BD1-LAN205,Identifier la nécessité de l'usage d'un trigger dans le cadre de la définition des CI (sans l'écrire),0
modeliser-3.1,Normaliser des données pour appliquer un modèle,BD1-LAN206,Ecrire une requête d'attribution de droits en langage SQL (centralisé ou non),0
modeliser-3.1,Normaliser des données pour appliquer un modèle,BD1-CONT101,Différencier sécurité (contrôle d'autorisation) et consistance (contrôle d'intégrité) des données,0
modeliser-3.1,Normaliser des données pour appliquer un modèle,BD1-CONT102,Différencier gestion centralisé/non centralisé des droits,0
modeliser-3.1,Normaliser des données pour appliquer un modèle,BD1-CONT201,Différencier vue relationnelle et relation,0
modeliser-3.1,Normaliser des données pour appliquer un modèle,BD1-CONT202,Ecrire la requête effectivement réalisée par le SGBD à partir de la définition de la vue interrogée.,0
modeliser-3.1,Normaliser des données pour appliquer un modèle,BD1-CONT203,Expliciter les avantages et inconvénients de l'usage des vues relationnelles,0
modeliser-3.1,Normaliser des données pour appliquer un modèle,BD1-CONT204,Identifier les problèmes de mise à jour dans les vues relationnelles,0
modeliser-3.1,Normaliser des données pour appliquer un modèle,BD1-CONT205,Utiliser la clause « with check option » dans la définition d'une vue relationnelle,0
modeliser-3.1,Normaliser des données pour appliquer un modèle,BD1-INT101,Identifier le besoin en optimisation au niveau du stockage. I. e. quand définir un index.,0
modeliser-3.1,Normaliser des données pour appliquer un modèle,BD1-INT102,Différencier le placement de l'accès aux données,0
modeliser-3.1,Normaliser des données pour appliquer un modèle,BD1-INT201,Identifier le besoin de mise en œuvre de la gestion de la concurrence d'accès,0
modeliser-3.1,Normaliser des données pour appliquer un modèle,BD1-INT202,Définir les opérations élémentaires (lecture/écriture) réalisées par le SGBD à partir d'un algorithme,0
modeliser-3.1,Normaliser des données pour appliquer un modèle,BD1-INT203,Poser les verrous en lecture et en écriture (en assurant le verrouillage 2 phases) pour assurer une sérialisation des transactions,0
modeliser-3.1,Normaliser des données pour appliquer un modèle,BD1-INT204,Associer problème de gestion de la concurrence et propriétés ACID,0
modeliser-3.1,Normaliser des données pour appliquer un modèle,BD1-INT205,Définir la granule de verrouillage utilisée à partir de l'exécution de transactions,0
modeliser-3.1,Normaliser des données pour appliquer un modèle,BD1-INT206,Identifier un interblocage (i.e. deadlock),0
modeliser-3.1,Normaliser des données pour appliquer un modèle,,,0
modeliser-3.2,Caractériser les données pour en déduire le modèle,BD1-GEN101,Identifier les caractéristiques d'un problème permettant de justifier d'une base de données selon le modèle relationnel,0
modeliser-3.2,Caractériser les données pour en déduire le modèle,BD1-GEN102,Expliquer le fonctionnement général et les principaux objectifs d'un SGBD,0
modeliser-3.2,Caractériser les données pour en déduire le modèle,BD1-GEN103,Expliciter les étapes de réalisation d'une base de données relationnelle,0
modeliser-3.2,Caractériser les données pour en déduire le modèle,BD1-GEN201,Donner un exemple de relation contenue dans la méta-base,0
modeliser-3.2,Caractériser les données pour en déduire le modèle,BD1-GEN202,Différencier le schéma d'une instance de base de données,0
modeliser-3.2,Caractériser les données pour en déduire le modèle,BD1-CON101,"Concevoir (i.e. définir les schéma) une base de données relationnelle selon les 3 niveaux d'abstraction : externe, conceptuel, interne",0
modeliser-3.2,Caractériser les données pour en déduire le modèle,BD1-CON102,Expliciter les éléments d'un schéma E/A,0
modeliser-3.2,Caractériser les données pour en déduire le modèle,BD1-CON103,Produire un schéma relationnel cohérent vis à vis du schéma E/A à partir des règles du cours,0
modeliser-3.2,Caractériser les données pour en déduire le modèle,BD1-CON104,"Justifier des méthodes de transformation M, N (cas 4) vs. 1,1 (cas 3)",0
modeliser-3.2,Caractériser les données pour en déduire le modèle,BD1-CON105,Définir une clé primaire appropriée pour une table au regard du contexte,0
modeliser-3.2,Caractériser les données pour en déduire le modèle,BD1-CON106,Définir une clé primaire appropriée pour une table au regard d'un ensemble de dépendances fonctionnelles,0
modeliser-3.2,Caractériser les données pour en déduire le modèle,BD1-CON107,Définir les contraintes d'intégrité référentielles,0
modeliser-3.2,Caractériser les données pour en déduire le modèle,BD1-CON108,Définir les (autres) contraintes d'intégrité appropriées au regard du contexte,0
modeliser-3.2,Caractériser les données pour en déduire le modèle,BD1-EVA201,Identifier les anomalies d'un schéma relationnel,0
modeliser-3.2,Caractériser les données pour en déduire le modèle,BD1-EVA202,Définir les dépendances fonctionnelles entre les attributs,0
modeliser-3.2,Caractériser les données pour en déduire le modèle,BD1-EVA203,Décomposer un schéma relationnel de manière approprié,0
modeliser-3.2,Caractériser les données pour en déduire le modèle,BD1-EVA204,Évaluer la forme normale d'un schéma relationnel,0
modeliser-3.2,Caractériser les données pour en déduire le modèle,BD1-EVA205,Réaliser la fermeture transitive d'une couverture minimale,0
modeliser-3.2,Caractériser les données pour en déduire le modèle,BD1-EVA206,Transformer un schéma relationnel pour « améliorer » sa forme normale,0
modeliser-3.2,Caractériser les données pour en déduire le modèle,BD1-EVA207,Argumenter en faveur ou non (dénormalisation) de l'équivalence modèle logique vs. modèle physique,0
modeliser-3.2,Caractériser les données pour en déduire le modèle,BD1-LAN101,Expliciter les éléments d'une requête en algèbre relationnelle au format textuel,0
modeliser-3.2,Caractériser les données pour en déduire le modèle,BD1-LAN102,Écrire une requête en algèbre relationnelle en utilisant les arbres algébriques,0
modeliser-3.2,Caractériser les données pour en déduire le modèle,BD1-LAN103,Avoir une intuition de l'optimisation de requête,0
modeliser-3.2,Caractériser les données pour en déduire le modèle,BD1-LAN201,Ecrire une requête simple de manipulation de données (LMD) en langage SQL,0
modeliser-3.2,Caractériser les données pour en déduire le modèle,BD1-LAN202,Ecrire une requête complexe de manipulation de données (LMD) en langage SQL,0
modeliser-3.2,Caractériser les données pour en déduire le modèle,BD1-LAN203,Ecrire une requête de définition de données (LDD) en langage SQL,0
modeliser-3.2,Caractériser les données pour en déduire le modèle,BD1-LAN204,Définir des contraintes d'intégrité simples en langage SQL,0
modeliser-3.2,Caractériser les données pour en déduire le modèle,BD1-LAN205,Identifier la nécessité de l'usage d'un trigger dans le cadre de la définition des CI (sans l'écrire),0
modeliser-3.2,Caractériser les données pour en déduire le modèle,BD1-LAN206,Ecrire une requête d'attribution de droits en langage SQL (centralisé ou non),0
modeliser-3.2,Caractériser les données pour en déduire le modèle,BD1-CONT101,Différencier sécurité (contrôle d'autorisation) et consistance (contrôle d'intégrité) des données,0
modeliser-3.2,Caractériser les données pour en déduire le modèle,BD1-CONT102,Différencier gestion centralisé/non centralisé des droits,0
modeliser-3.2,Caractériser les données pour en déduire le modèle,BD1-CONT201,Différencier vue relationnelle et relation,0
modeliser-3.2,Caractériser les données pour en déduire le modèle,BD1-CONT202,Ecrire la requête effectivement réalisée par le SGBD à partir de la définition de la vue interrogée.,0
modeliser-3.2,Caractériser les données pour en déduire le modèle,BD1-CONT203,Expliciter les avantages et inconvénients de l'usage des vues relationnelles,0
modeliser-3.2,Caractériser les données pour en déduire le modèle,BD1-CONT204,Identifier les problèmes de mise à jour dans les vues relationnelles,0
modeliser-3.2,Caractériser les données pour en déduire le modèle,BD1-CONT205,Utiliser la clause « with check option » dans la définition d'une vue relationnelle,0
modeliser-3.2,Caractériser les données pour en déduire le modèle,BD1-INT101,Identifier le besoin en optimisation au niveau du stockage. I. e. quand définir un index.,0
modeliser-3.2,Caractériser les données pour en déduire le modèle,BD1-INT102,Différencier le placement de l'accès aux données,0
modeliser-3.2,Caractériser les données pour en déduire le modèle,BD1-INT201,Identifier le besoin de mise en œuvre de la gestion de la concurrence d'accès,0
modeliser-3.2,Caractériser les données pour en déduire le modèle,BD1-INT202,Définir les opérations élémentaires (lecture/écriture) réalisées par le SGBD à partir d'un algorithme,0
modeliser-3.2,Caractériser les données pour en déduire le modèle,BD1-INT203,Poser les verrous en lecture et en écriture (en assurant le verrouillage 2 phases) pour assurer une sérialisation des transactions,0
modeliser-3.2,Caractériser les données pour en déduire le modèle,BD1-INT204,Associer problème de gestion de la concurrence et propriétés ACID,0
modeliser-3.2,Caractériser les données pour en déduire le modèle,BD1-INT205,Définir la granule de verrouillage utilisée à partir de l'exécution de transactions,0
modeliser-3.2,Caractériser les données pour en déduire le modèle,BD1-INT206,Identifier un interblocage (i.e. deadlock),0
modeliser-3.2,Caractériser les données pour en déduire le modèle,,,0
modeliser-4.1,Transformer le modèle pour obtenir une résolution acceptable,BD1-GEN101,Identifier les caractéristiques d'un problème permettant de justifier d'une base de données selon le modèle relationnel,0
modeliser-4.1,Transformer le modèle pour obtenir une résolution acceptable,BD1-GEN102,Expliquer le fonctionnement général et les principaux objectifs d'un SGBD,0
modeliser-4.1,Transformer le modèle pour obtenir une résolution acceptable,BD1-GEN103,Expliciter les étapes de réalisation d'une base de données relationnelle,0
modeliser-4.1,Transformer le modèle pour obtenir une résolution acceptable,BD1-GEN201,Donner un exemple de relation contenue dans la méta-base,0
modeliser-4.1,Transformer le modèle pour obtenir une résolution acceptable,BD1-GEN202,Différencier le schéma d'une instance de base de données,0
modeliser-4.1,Transformer le modèle pour obtenir une résolution acceptable,BD1-CON101,"Concevoir (i.e. définir les schéma) une base de données relationnelle selon les 3 niveaux d'abstraction : externe, conceptuel, interne",0
modeliser-4.1,Transformer le modèle pour obtenir une résolution acceptable,BD1-CON102,Expliciter les éléments d'un schéma E/A,0
modeliser-4.1,Transformer le modèle pour obtenir une résolution acceptable,BD1-CON103,Produire un schéma relationnel cohérent vis à vis du schéma E/A à partir des règles du cours,0
modeliser-4.1,Transformer le modèle pour obtenir une résolution acceptable,BD1-CON104,"Justifier des méthodes de transformation M, N (cas 4) vs. 1,1 (cas 3)",0
modeliser-4.1,Transformer le modèle pour obtenir une résolution acceptable,BD1-CON105,Définir une clé primaire appropriée pour une table au regard du contexte,0
modeliser-4.1,Transformer le modèle pour obtenir une résolution acceptable,BD1-CON106,Définir une clé primaire appropriée pour une table au regard d'un ensemble de dépendances fonctionnelles,0
modeliser-4.1,Transformer le modèle pour obtenir une résolution acceptable,BD1-CON107,Définir les contraintes d'intégrité référentielles,0
modeliser-4.1,Transformer le modèle pour obtenir une résolution acceptable,BD1-CON108,Définir les (autres) contraintes d'intégrité appropriées au regard du contexte,0
modeliser-4.1,Transformer le modèle pour obtenir une résolution acceptable,BD1-EVA201,Identifier les anomalies d'un schéma relationnel,1
modeliser-4.1,Transformer le modèle pour obtenir une résolution acceptable,BD1-EVA202,Définir les dépendances fonctionnelles entre les attributs,1
modeliser-4.1,Transformer le modèle pour obtenir une résolution acceptable,BD1-EVA203,Décomposer un schéma relationnel de manière approprié,1
modeliser-4.1,Transformer le modèle pour obtenir une résolution acceptable,BD1-EVA204,Évaluer la forme normale d'un schéma relationnel,1
modeliser-4.1,Transformer le modèle pour obtenir une résolution acceptable,BD1-EVA205,Réaliser la fermeture transitive d'une couverture minimale,1
modeliser-4.1,Transformer le modèle pour obtenir une résolution acceptable,BD1-EVA206,Transformer un schéma relationnel pour « améliorer » sa forme normale,1
modeliser-4.1,Transformer le modèle pour obtenir une résolution acceptable,BD1-EVA207,Argumenter en faveur ou non (dénormalisation) de l'équivalence modèle logique vs. modèle physique,1
modeliser-4.1,Transformer le modèle pour obtenir une résolution acceptable,BD1-LAN101,Expliciter les éléments d'une requête en algèbre relationnelle au format textuel,0
modeliser-4.1,Transformer le modèle pour obtenir une résolution acceptable,BD1-LAN102,Écrire une requête en algèbre relationnelle en utilisant les arbres algébriques,0
modeliser-4.1,Transformer le modèle pour obtenir une résolution acceptable,BD1-LAN103,Avoir une intuition de l'optimisation de requête,0
modeliser-4.1,Transformer le modèle pour obtenir une résolution acceptable,BD1-LAN201,Ecrire une requête simple de manipulation de données (LMD) en langage SQL,0
modeliser-4.1,Transformer le modèle pour obtenir une résolution acceptable,BD1-LAN202,Ecrire une requête complexe de manipulation de données (LMD) en langage SQL,0
modeliser-4.1,Transformer le modèle pour obtenir une résolution acceptable,BD1-LAN203,Ecrire une requête de définition de données (LDD) en langage SQL,0
modeliser-4.1,Transformer le modèle pour obtenir une résolution acceptable,BD1-LAN204,Définir des contraintes d'intégrité simples en langage SQL,0
modeliser-4.1,Transformer le modèle pour obtenir une résolution acceptable,BD1-LAN205,Identifier la nécessité de l'usage d'un trigger dans le cadre de la définition des CI (sans l'écrire),0
modeliser-4.1,Transformer le modèle pour obtenir une résolution acceptable,BD1-LAN206,Ecrire une requête d'attribution de droits en langage SQL (centralisé ou non),0
modeliser-4.1,Transformer le modèle pour obtenir une résolution acceptable,BD1-CONT101,Différencier sécurité (contrôle d'autorisation) et consistance (contrôle d'intégrité) des données,0
modeliser-4.1,Transformer le modèle pour obtenir une résolution acceptable,BD1-CONT102,Différencier gestion centralisé/non centralisé des droits,0
modeliser-4.1,Transformer le modèle pour obtenir une résolution acceptable,BD1-CONT201,Différencier vue relationnelle et relation,0
modeliser-4.1,Transformer le modèle pour obtenir une résolution acceptable,BD1-CONT202,Ecrire la requête effectivement réalisée par le SGBD à partir de la définition de la vue interrogée.,0
modeliser-4.1,Transformer le modèle pour obtenir une résolution acceptable,BD1-CONT203,Expliciter les avantages et inconvénients de l'usage des vues relationnelles,0
modeliser-4.1,Transformer le modèle pour obtenir une résolution acceptable,BD1-CONT204,Identifier les problèmes de mise à jour dans les vues relationnelles,0
modeliser-4.1,Transformer le modèle pour obtenir une résolution acceptable,BD1-CONT205,Utiliser la clause « with check option » dans la définition d'une vue relationnelle,0
modeliser-4.1,Transformer le modèle pour obtenir une résolution acceptable,BD1-INT101,Identifier le besoin en optimisation au niveau du stockage. I. e. quand définir un index.,0
modeliser-4.1,Transformer le modèle pour obtenir une résolution acceptable,BD1-INT102,Différencier le placement de l'accès aux données,0
modeliser-4.1,Transformer le modèle pour obtenir une résolution acceptable,BD1-INT201,Identifier le besoin de mise en œuvre de la gestion de la concurrence d'accès,0
modeliser-4.1,Transformer le modèle pour obtenir une résolution acceptable,BD1-INT202,Définir les opérations élémentaires (lecture/écriture) réalisées par le SGBD à partir d'un algorithme,0
modeliser-4.1,Transformer le modèle pour obtenir une résolution acceptable,BD1-INT203,Poser les verrous en lecture et en écriture (en assurant le verrouillage 2 phases) pour assurer une sérialisation des transactions,0
modeliser-4.1,Transformer le modèle pour obtenir une résolution acceptable,BD1-INT204,Associer problème de gestion de la concurrence et propriétés ACID,0
modeliser-4.1,Transformer le modèle pour obtenir une résolution acceptable,BD1-INT205,Définir la granule de verrouillage utilisée à partir de l'exécution de transactions,0
modeliser-4.1,Transformer le modèle pour obtenir une résolution acceptable,BD1-INT206,Identifier un interblocage (i.e. deadlock),0
modeliser-4.1,Transformer le modèle pour obtenir une résolution acceptable,,,0
modeliser-4.2,Transformer les données pour obtenir une résolution acceptable,BD1-GEN101,Identifier les caractéristiques d'un problème permettant de justifier d'une base de données selon le modèle relationnel,0
modeliser-4.2,Transformer les données pour obtenir une résolution acceptable,BD1-GEN102,Expliquer le fonctionnement général et les principaux objectifs d'un SGBD,0
modeliser-4.2,Transformer les données pour obtenir une résolution acceptable,BD1-GEN103,Expliciter les étapes de réalisation d'une base de données relationnelle,0
modeliser-4.2,Transformer les données pour obtenir une résolution acceptable,BD1-GEN201,Donner un exemple de relation contenue dans la méta-base,0
modeliser-4.2,Transformer les données pour obtenir une résolution acceptable,BD1-GEN202,Différencier le schéma d'une instance de base de données,0
modeliser-4.2,Transformer les données pour obtenir une résolution acceptable,BD1-CON101,"Concevoir (i.e. définir les schéma) une base de données relationnelle selon les 3 niveaux d'abstraction : externe, conceptuel, interne",0
modeliser-4.2,Transformer les données pour obtenir une résolution acceptable,BD1-CON102,Expliciter les éléments d'un schéma E/A,0
modeliser-4.2,Transformer les données pour obtenir une résolution acceptable,BD1-CON103,Produire un schéma relationnel cohérent vis à vis du schéma E/A à partir des règles du cours,0
modeliser-4.2,Transformer les données pour obtenir une résolution acceptable,BD1-CON104,"Justifier des méthodes de transformation M, N (cas 4) vs. 1,1 (cas 3)",0
modeliser-4.2,Transformer les données pour obtenir une résolution acceptable,BD1-CON105,Définir une clé primaire appropriée pour une table au regard du contexte,0
modeliser-4.2,Transformer les données pour obtenir une résolution acceptable,BD1-CON106,Définir une clé primaire appropriée pour une table au regard d'un ensemble de dépendances fonctionnelles,0
modeliser-4.2,Transformer les données pour obtenir une résolution acceptable,BD1-CON107,Définir les contraintes d'intégrité référentielles,0
modeliser-4.2,Transformer les données pour obtenir une résolution acceptable,BD1-CON108,Définir les (autres) contraintes d'intégrité appropriées au regard du contexte,0
modeliser-4.2,Transformer les données pour obtenir une résolution acceptable,BD1-EVA201,Identifier les anomalies d'un schéma relationnel,0
modeliser-4.2,Transformer les données pour obtenir une résolution acceptable,BD1-EVA202,Définir les dépendances fonctionnelles entre les attributs,0
modeliser-4.2,Transformer les données pour obtenir une résolution acceptable,BD1-EVA203,Décomposer un schéma relationnel de manière approprié,0
modeliser-4.2,Transformer les données pour obtenir une résolution acceptable,BD1-EVA204,Évaluer la forme normale d'un schéma relationnel,0
modeliser-4.2,Transformer les données pour obtenir une résolution acceptable,BD1-EVA205,Réaliser la fermeture transitive d'une couverture minimale,0
modeliser-4.2,Transformer les données pour obtenir une résolution acceptable,BD1-EVA206,Transformer un schéma relationnel pour « améliorer » sa forme normale,0
modeliser-4.2,Transformer les données pour obtenir une résolution acceptable,BD1-EVA207,Argumenter en faveur ou non (dénormalisation) de l'équivalence modèle logique vs. modèle physique,0
modeliser-4.2,Transformer les données pour obtenir une résolution acceptable,BD1-LAN101,Expliciter les éléments d'une requête en algèbre relationnelle au format textuel,0
modeliser-4.2,Transformer les données pour obtenir une résolution acceptable,BD1-LAN102,Écrire une requête en algèbre relationnelle en utilisant les arbres algébriques,0
modeliser-4.2,Transformer les données pour obtenir une résolution acceptable,BD1-LAN103,Avoir une intuition de l'optimisation de requête,0
modeliser-4.2,Transformer les données pour obtenir une résolution acceptable,BD1-LAN201,Ecrire une requête simple de manipulation de données (LMD) en langage SQL,0
modeliser-4.2,Transformer les données pour obtenir une résolution acceptable,BD1-LAN202,Ecrire une requête complexe de manipulation de données (LMD) en langage SQL,0
modeliser-4.2,Transformer les données pour obtenir une résolution acceptable,BD1-LAN203,Ecrire une requête de définition de données (LDD) en langage SQL,0
modeliser-4.2,Transformer les données pour obtenir une résolution acceptable,BD1-LAN204,Définir des contraintes d'intégrité simples en langage SQL,0
modeliser-4.2,Transformer les données pour obtenir une résolution acceptable,BD1-LAN205,Identifier la nécessité de l'usage d'un trigger dans le cadre de la définition des CI (sans l'écrire),0
modeliser-4.2,Transformer les données pour obtenir une résolution acceptable,BD1-LAN206,Ecrire une requête d'attribution de droits en langage SQL (centralisé ou non),0
modeliser-4.2,Transformer les données pour obtenir une résolution acceptable,BD1-CONT101,Différencier sécurité (contrôle d'autorisation) et consistance (contrôle d'intégrité) des données,0
modeliser-4.2,Transformer les données pour obtenir une résolution acceptable,BD1-CONT102,Différencier gestion centralisé/non centralisé des droits,0
modeliser-4.2,Transformer les données pour obtenir une résolution acceptable,BD1-CONT201,Différencier vue relationnelle et relation,0
modeliser-4.2,Transformer les données pour obtenir une résolution acceptable,BD1-CONT202,Ecrire la requête effectivement réalisée par le SGBD à partir de la définition de la vue interrogée.,0
modeliser-4.2,Transformer les données pour obtenir une résolution acceptable,BD1-CONT203,Expliciter les avantages et inconvénients de l'usage des vues relationnelles,0
modeliser-4.2,Transformer les données pour obtenir une résolution acceptable,BD1-CONT204,Identifier les problèmes de mise à jour dans les vues relationnelles,0
modeliser-4.2,Transformer les données pour obtenir une résolution acceptable,BD1-CONT205,Utiliser la clause « with check option » dans la définition d'une vue relationnelle,0
modeliser-4.2,Transformer les données pour obtenir une résolution acceptable,BD1-INT101,Identifier le besoin en optimisation au niveau du stockage. I. e. quand définir un index.,0
modeliser-4.2,Transformer les données pour obtenir une résolution acceptable,BD1-INT102,Différencier le placement de l'accès aux données,0
modeliser-4.2,Transformer les données pour obtenir une résolution acceptable,BD1-INT201,Identifier le besoin de mise en œuvre de la gestion de la concurrence d'accès,0
modeliser-4.2,Transformer les données pour obtenir une résolution acceptable,BD1-INT202,Définir les opérations élémentaires (lecture/écriture) réalisées par le SGBD à partir d'un algorithme,0
modeliser-4.2,Transformer les données pour obtenir une résolution acceptable,BD1-INT203,Poser les verrous en lecture et en écriture (en assurant le verrouillage 2 phases) pour assurer une sérialisation des transactions,0
modeliser-4.2,Transformer les données pour obtenir une résolution acceptable,BD1-INT204,Associer problème de gestion de la concurrence et propriétés ACID,0
modeliser-4.2,Transformer les données pour obtenir une résolution acceptable,BD1-INT205,Définir la granule de verrouillage utilisée à partir de l'exécution de transactions,0
modeliser-4.2,Transformer les données pour obtenir une résolution acceptable,BD1-INT206,Identifier un interblocage (i.e. deadlock),0
modeliser-4.2,Transformer les données pour obtenir une résolution acceptable,,,0
modeliser-4.3,Construire les modèles statistiques adaptés aux données,BD1-GEN101,Identifier les caractéristiques d'un problème permettant de justifier d'une base de données selon le modèle relationnel,0
modeliser-4.3,Construire les modèles statistiques adaptés aux données,BD1-GEN102,Expliquer le fonctionnement général et les principaux objectifs d'un SGBD,0
modeliser-4.3,Construire les modèles statistiques adaptés aux données,BD1-GEN103,Expliciter les étapes de réalisation d'une base de données relationnelle,0
modeliser-4.3,Construire les modèles statistiques adaptés aux données,BD1-GEN201,Donner un exemple de relation contenue dans la méta-base,0
modeliser-4.3,Construire les modèles statistiques adaptés aux données,BD1-GEN202,Différencier le schéma d'une instance de base de données,0
modeliser-4.3,Construire les modèles statistiques adaptés aux données,BD1-CON101,"Concevoir (i.e. définir les schéma) une base de données relationnelle selon les 3 niveaux d'abstraction : externe, conceptuel, interne",0
modeliser-4.3,Construire les modèles statistiques adaptés aux données,BD1-CON102,Expliciter les éléments d'un schéma E/A,0
modeliser-4.3,Construire les modèles statistiques adaptés aux données,BD1-CON103,Produire un schéma relationnel cohérent vis à vis du schéma E/A à partir des règles du cours,0
modeliser-4.3,Construire les modèles statistiques adaptés aux données,BD1-CON104,"Justifier des méthodes de transformation M, N (cas 4) vs. 1,1 (cas 3)",0
modeliser-4.3,Construire les modèles statistiques adaptés aux données,BD1-CON105,Définir une clé primaire appropriée pour une table au regard du contexte,0
modeliser-4.3,Construire les modèles statistiques adaptés aux données,BD1-CON106,Définir une clé primaire appropriée pour une table au regard d'un ensemble de dépendances fonctionnelles,0
modeliser-4.3,Construire les modèles statistiques adaptés aux données,BD1-CON107,Définir les contraintes d'intégrité référentielles,0
modeliser-4.3,Construire les modèles statistiques adaptés aux données,BD1-CON108,Définir les (autres) contraintes d'intégrité appropriées au regard du contexte,0
modeliser-4.3,Construire les modèles statistiques adaptés aux données,BD1-EVA201,Identifier les anomalies d'un schéma relationnel,0
modeliser-4.3,Construire les modèles statistiques adaptés aux données,BD1-EVA202,Définir les dépendances fonctionnelles entre les attributs,0
modeliser-4.3,Construire les modèles statistiques adaptés aux données,BD1-EVA203,Décomposer un schéma relationnel de manière approprié,0
modeliser-4.3,Construire les modèles statistiques adaptés aux données,BD1-EVA204,Évaluer la forme normale d'un schéma relationnel,0
modeliser-4.3,Construire les modèles statistiques adaptés aux données,BD1-EVA205,Réaliser la fermeture transitive d'une couverture minimale,0
modeliser-4.3,Construire les modèles statistiques adaptés aux données,BD1-EVA206,Transformer un schéma relationnel pour « améliorer » sa forme normale,0
modeliser-4.3,Construire les modèles statistiques adaptés aux données,BD1-EVA207,Argumenter en faveur ou non (dénormalisation) de l'équivalence modèle logique vs. modèle physique,0
modeliser-4.3,Construire les modèles statistiques adaptés aux données,BD1-LAN101,Expliciter les éléments d'une requête en algèbre relationnelle au format textuel,0
modeliser-4.3,Construire les modèles statistiques adaptés aux données,BD1-LAN102,Écrire une requête en algèbre relationnelle en utilisant les arbres algébriques,0
modeliser-4.3,Construire les modèles statistiques adaptés aux données,BD1-LAN103,Avoir une intuition de l'optimisation de requête,0
modeliser-4.3,Construire les modèles statistiques adaptés aux données,BD1-LAN201,Ecrire une requête simple de manipulation de données (LMD) en langage SQL,0
modeliser-4.3,Construire les modèles statistiques adaptés aux données,BD1-LAN202,Ecrire une requête complexe de manipulation de données (LMD) en langage SQL,0
modeliser-4.3,Construire les modèles statistiques adaptés aux données,BD1-LAN203,Ecrire une requête de définition de données (LDD) en langage SQL,0
modeliser-4.3,Construire les modèles statistiques adaptés aux données,BD1-LAN204,Définir des contraintes d'intégrité simples en langage SQL,0
modeliser-4.3,Construire les modèles statistiques adaptés aux données,BD1-LAN205,Identifier la nécessité de l'usage d'un trigger dans le cadre de la définition des CI (sans l'écrire),0
modeliser-4.3,Construire les modèles statistiques adaptés aux données,BD1-LAN206,Ecrire une requête d'attribution de droits en langage SQL (centralisé ou non),0
modeliser-4.3,Construire les modèles statistiques adaptés aux données,BD1-CONT101,Différencier sécurité (contrôle d'autorisation) et consistance (contrôle d'intégrité) des données,0
modeliser-4.3,Construire les modèles statistiques adaptés aux données,BD1-CONT102,Différencier gestion centralisé/non centralisé des droits,0
modeliser-4.3,Construire les modèles statistiques adaptés aux données,BD1-CONT201,Différencier vue relationnelle et relation,0
modeliser-4.3,Construire les modèles statistiques adaptés aux données,BD1-CONT202,Ecrire la requête effectivement réalisée par le SGBD à partir de la définition de la vue interrogée.,0
modeliser-4.3,Construire les modèles statistiques adaptés aux données,BD1-CONT203,Expliciter les avantages et inconvénients de l'usage des vues relationnelles,0
modeliser-4.3,Construire les modèles statistiques adaptés aux données,BD1-CONT204,Identifier les problèmes de mise à jour dans les vues relationnelles,0
modeliser-4.3,Construire les modèles statistiques adaptés aux données,BD1-CONT205,Utiliser la clause « with check option » dans la définition d'une vue relationnelle,0
modeliser-4.3,Construire les modèles statistiques adaptés aux données,BD1-INT101,Identifier le besoin en optimisation au niveau du stockage. I. e. quand définir un index.,0
modeliser-4.3,Construire les modèles statistiques adaptés aux données,BD1-INT102,Différencier le placement de l'accès aux données,0
modeliser-4.3,Construire les modèles statistiques adaptés aux données,BD1-INT201,Identifier le besoin de mise en œuvre de la gestion de la concurrence d'accès,0
modeliser-4.3,Construire les modèles statistiques adaptés aux données,BD1-INT202,Définir les opérations élémentaires (lecture/écriture) réalisées par le SGBD à partir d'un algorithme,0
modeliser-4.3,Construire les modèles statistiques adaptés aux données,BD1-INT203,Poser les verrous en lecture et en écriture (en assurant le verrouillage 2 phases) pour assurer une sérialisation des transactions,0
modeliser-4.3,Construire les modèles statistiques adaptés aux données,BD1-INT204,Associer problème de gestion de la concurrence et propriétés ACID,0
modeliser-4.3,Construire les modèles statistiques adaptés aux données,BD1-INT205,Définir la granule de verrouillage utilisée à partir de l'exécution de transactions,0
modeliser-4.3,Construire les modèles statistiques adaptés aux données,BD1-INT206,Identifier un interblocage (i.e. deadlock),0
modeliser-4.3,Construire les modèles statistiques adaptés aux données,,,0
modeliser-4.4,Évaluer les besoins en ressources,BD1-GEN101,Identifier les caractéristiques d'un problème permettant de justifier d'une base de données selon le modèle relationnel,0
modeliser-4.4,Évaluer les besoins en ressources,BD1-GEN102,Expliquer le fonctionnement général et les principaux objectifs d'un SGBD,0
modeliser-4.4,Évaluer les besoins en ressources,BD1-GEN103,Expliciter les étapes de réalisation d'une base de données relationnelle,0
modeliser-4.4,Évaluer les besoins en ressources,BD1-GEN201,Donner un exemple de relation contenue dans la méta-base,0
modeliser-4.4,Évaluer les besoins en ressources,BD1-GEN202,Différencier le schéma d'une instance de base de données,0
modeliser-4.4,Évaluer les besoins en ressources,BD1-CON101,"Concevoir (i.e. définir les schéma) une base de données relationnelle selon les 3 niveaux d'abstraction : externe, conceptuel, interne",0
modeliser-4.4,Évaluer les besoins en ressources,BD1-CON102,Expliciter les éléments d'un schéma E/A,0
modeliser-4.4,Évaluer les besoins en ressources,BD1-CON103,Produire un schéma relationnel cohérent vis à vis du schéma E/A à partir des règles du cours,0
modeliser-4.4,Évaluer les besoins en ressources,BD1-CON104,"Justifier des méthodes de transformation M, N (cas 4) vs. 1,1 (cas 3)",0
modeliser-4.4,Évaluer les besoins en ressources,BD1-CON105,Définir une clé primaire appropriée pour une table au regard du contexte,0
modeliser-4.4,Évaluer les besoins en ressources,BD1-CON106,Définir une clé primaire appropriée pour une table au regard d'un ensemble de dépendances fonctionnelles,0
modeliser-4.4,Évaluer les besoins en ressources,BD1-CON107,Définir les contraintes d'intégrité référentielles,0
modeliser-4.4,Évaluer les besoins en ressources,BD1-CON108,Définir les (autres) contraintes d'intégrité appropriées au regard du contexte,0
modeliser-4.4,Évaluer les besoins en ressources,BD1-EVA201,Identifier les anomalies d'un schéma relationnel,0
modeliser-4.4,Évaluer les besoins en ressources,BD1-EVA202,Définir les dépendances fonctionnelles entre les attributs,0
modeliser-4.4,Évaluer les besoins en ressources,BD1-EVA203,Décomposer un schéma relationnel de manière approprié,0
modeliser-4.4,Évaluer les besoins en ressources,BD1-EVA204,Évaluer la forme normale d'un schéma relationnel,0
modeliser-4.4,Évaluer les besoins en ressources,BD1-EVA205,Réaliser la fermeture transitive d'une couverture minimale,0
modeliser-4.4,Évaluer les besoins en ressources,BD1-EVA206,Transformer un schéma relationnel pour « améliorer » sa forme normale,0
modeliser-4.4,Évaluer les besoins en ressources,BD1-EVA207,Argumenter en faveur ou non (dénormalisation) de l'équivalence modèle logique vs. modèle physique,0
modeliser-4.4,Évaluer les besoins en ressources,BD1-LAN101,Expliciter les éléments d'une requête en algèbre relationnelle au format textuel,0
modeliser-4.4,Évaluer les besoins en ressources,BD1-LAN102,Écrire une requête en algèbre relationnelle en utilisant les arbres algébriques,0
modeliser-4.4,Évaluer les besoins en ressources,BD1-LAN103,Avoir une intuition de l'optimisation de requête,0
modeliser-4.4,Évaluer les besoins en ressources,BD1-LAN201,Ecrire une requête simple de manipulation de données (LMD) en langage SQL,0
modeliser-4.4,Évaluer les besoins en ressources,BD1-LAN202,Ecrire une requête complexe de manipulation de données (LMD) en langage SQL,0
modeliser-4.4,Évaluer les besoins en ressources,BD1-LAN203,Ecrire une requête de définition de données (LDD) en langage SQL,0
modeliser-4.4,Évaluer les besoins en ressources,BD1-LAN204,Définir des contraintes d'intégrité simples en langage SQL,0
modeliser-4.4,Évaluer les besoins en ressources,BD1-LAN205,Identifier la nécessité de l'usage d'un trigger dans le cadre de la définition des CI (sans l'écrire),0
modeliser-4.4,Évaluer les besoins en ressources,BD1-LAN206,Ecrire une requête d'attribution de droits en langage SQL (centralisé ou non),0
modeliser-4.4,Évaluer les besoins en ressources,BD1-CONT101,Différencier sécurité (contrôle d'autorisation) et consistance (contrôle d'intégrité) des données,0
modeliser-4.4,Évaluer les besoins en ressources,BD1-CONT102,Différencier gestion centralisé/non centralisé des droits,0
modeliser-4.4,Évaluer les besoins en ressources,BD1-CONT201,Différencier vue relationnelle et relation,0
modeliser-4.4,Évaluer les besoins en ressources,BD1-CONT202,Ecrire la requête effectivement réalisée par le SGBD à partir de la définition de la vue interrogée.,0
modeliser-4.4,Évaluer les besoins en ressources,BD1-CONT203,Expliciter les avantages et inconvénients de l'usage des vues relationnelles,0
modeliser-4.4,Évaluer les besoins en ressources,BD1-CONT204,Identifier les problèmes de mise à jour dans les vues relationnelles,0
modeliser-4.4,Évaluer les besoins en ressources,BD1-CONT205,Utiliser la clause « with check option » dans la définition d'une vue relationnelle,0
modeliser-4.4,Évaluer les besoins en ressources,BD1-INT101,Identifier le besoin en optimisation au niveau du stockage. I. e. quand définir un index.,0
modeliser-4.4,Évaluer les besoins en ressources,BD1-INT102,Différencier le placement de l'accès aux données,0
modeliser-4.4,Évaluer les besoins en ressources,BD1-INT201,Identifier le besoin de mise en œuvre de la gestion de la concurrence d'accès,0
modeliser-4.4,Évaluer les besoins en ressources,BD1-INT202,Définir les opérations élémentaires (lecture/écriture) réalisées par le SGBD à partir d'un algorithme,0
modeliser-4.4,Évaluer les besoins en ressources,BD1-INT203,Poser les verrous en lecture et en écriture (en assurant le verrouillage 2 phases) pour assurer une sérialisation des transactions,0
modeliser-4.4,Évaluer les besoins en ressources,BD1-INT204,Associer problème de gestion de la concurrence et propriétés ACID,0
modeliser-4.4,Évaluer les besoins en ressources,BD1-INT205,Définir la granule de verrouillage utilisée à partir de l'exécution de transactions,0
modeliser-4.4,Évaluer les besoins en ressources,BD1-INT206,Identifier un interblocage (i.e. deadlock),0
modeliser-4.4,Évaluer les besoins en ressources,,,0
concevoir-1.1,Transposer une expression formelle en algorithme et vice-versa,BD1-GEN101,Identifier les caractéristiques d'un problème permettant de justifier d'une base de données selon le modèle relationnel,0
concevoir-1.1,Transposer une expression formelle en algorithme et vice-versa,BD1-GEN102,Expliquer le fonctionnement général et les principaux objectifs d'un SGBD,0
concevoir-1.1,Transposer une expression formelle en algorithme et vice-versa,BD1-GEN103,Expliciter les étapes de réalisation d'une base de données relationnelle,0
concevoir-1.1,Transposer une expression formelle en algorithme et vice-versa,BD1-GEN201,Donner un exemple de relation contenue dans la méta-base,0
concevoir-1.1,Transposer une expression formelle en algorithme et vice-versa,BD1-GEN202,Différencier le schéma d'une instance de base de données,0
concevoir-1.1,Transposer une expression formelle en algorithme et vice-versa,BD1-CON101,"Concevoir (i.e. définir les schéma) une base de données relationnelle selon les 3 niveaux d'abstraction : externe, conceptuel, interne",1
concevoir-1.1,Transposer une expression formelle en algorithme et vice-versa,BD1-CON102,Expliciter les éléments d'un schéma E/A,1
concevoir-1.1,Transposer une expression formelle en algorithme et vice-versa,BD1-CON103,Produire un schéma relationnel cohérent vis à vis du schéma E/A à partir des règles du cours,1
concevoir-1.1,Transposer une expression formelle en algorithme et vice-versa,BD1-CON104,"Justifier des méthodes de transformation M, N (cas 4) vs. 1,1 (cas 3)",1
concevoir-1.1,Transposer une expression formelle en algorithme et vice-versa,BD1-CON105,Définir une clé primaire appropriée pour une table au regard du contexte,1
concevoir-1.1,Transposer une expression formelle en algorithme et vice-versa,BD1-CON106,Définir une clé primaire appropriée pour une table au regard d'un ensemble de dépendances fonctionnelles,1
concevoir-1.1,Transposer une expression formelle en algorithme et vice-versa,BD1-CON107,Définir les contraintes d'intégrité référentielles,1
concevoir-1.1,Transposer une expression formelle en algorithme et vice-versa,BD1-CON108,Définir les (autres) contraintes d'intégrité appropriées au regard du contexte,1
concevoir-1.1,Transposer une expression formelle en algorithme et vice-versa,BD1-EVA201,Identifier les anomalies d'un schéma relationnel,0
concevoir-1.1,Transposer une expression formelle en algorithme et vice-versa,BD1-EVA202,Définir les dépendances fonctionnelles entre les attributs,0
concevoir-1.1,Transposer une expression formelle en algorithme et vice-versa,BD1-EVA203,Décomposer un schéma relationnel de manière approprié,0
concevoir-1.1,Transposer une expression formelle en algorithme et vice-versa,BD1-EVA204,Évaluer la forme normale d'un schéma relationnel,0
concevoir-1.1,Transposer une expression formelle en algorithme et vice-versa,BD1-EVA205,Réaliser la fermeture transitive d'une couverture minimale,0
concevoir-1.1,Transposer une expression formelle en algorithme et vice-versa,BD1-EVA206,Transformer un schéma relationnel pour « améliorer » sa forme normale,0
concevoir-1.1,Transposer une expression formelle en algorithme et vice-versa,BD1-EVA207,Argumenter en faveur ou non (dénormalisation) de l'équivalence modèle logique vs. modèle physique,0
concevoir-1.1,Transposer une expression formelle en algorithme et vice-versa,BD1-LAN101,Expliciter les éléments d'une requête en algèbre relationnelle au format textuel,0
concevoir-1.1,Transposer une expression formelle en algorithme et vice-versa,BD1-LAN102,Écrire une requête en algèbre relationnelle en utilisant les arbres algébriques,0
concevoir-1.1,Transposer une expression formelle en algorithme et vice-versa,BD1-LAN103,Avoir une intuition de l'optimisation de requête,0
concevoir-1.1,Transposer une expression formelle en algorithme et vice-versa,BD1-LAN201,Ecrire une requête simple de manipulation de données (LMD) en langage SQL,0
concevoir-1.1,Transposer une expression formelle en algorithme et vice-versa,BD1-LAN202,Ecrire une requête complexe de manipulation de données (LMD) en langage SQL,0
concevoir-1.1,Transposer une expression formelle en algorithme et vice-versa,BD1-LAN203,Ecrire une requête de définition de données (LDD) en langage SQL,0
concevoir-1.1,Transposer une expression formelle en algorithme et vice-versa,BD1-LAN204,Définir des contraintes d'intégrité simples en langage SQL,0
concevoir-1.1,Transposer une expression formelle en algorithme et vice-versa,BD1-LAN205,Identifier la nécessité de l'usage d'un trigger dans le cadre de la définition des CI (sans l'écrire),0
concevoir-1.1,Transposer une expression formelle en algorithme et vice-versa,BD1-LAN206,Ecrire une requête d'attribution de droits en langage SQL (centralisé ou non),0
concevoir-1.1,Transposer une expression formelle en algorithme et vice-versa,BD1-CONT101,Différencier sécurité (contrôle d'autorisation) et consistance (contrôle d'intégrité) des données,0
concevoir-1.1,Transposer une expression formelle en algorithme et vice-versa,BD1-CONT102,Différencier gestion centralisé/non centralisé des droits,0
concevoir-1.1,Transposer une expression formelle en algorithme et vice-versa,BD1-CONT201,Différencier vue relationnelle et relation,0
concevoir-1.1,Transposer une expression formelle en algorithme et vice-versa,BD1-CONT202,Ecrire la requête effectivement réalisée par le SGBD à partir de la définition de la vue interrogée.,0
concevoir-1.1,Transposer une expression formelle en algorithme et vice-versa,BD1-CONT203,Expliciter les avantages et inconvénients de l'usage des vues relationnelles,0
concevoir-1.1,Transposer une expression formelle en algorithme et vice-versa,BD1-CONT204,Identifier les problèmes de mise à jour dans les vues relationnelles,0
concevoir-1.1,Transposer une expression formelle en algorithme et vice-versa,BD1-CONT205,Utiliser la clause « with check option » dans la définition d'une vue relationnelle,0
concevoir-1.1,Transposer une expression formelle en algorithme et vice-versa,BD1-INT101,Identifier le besoin en optimisation au niveau du stockage. I. e. quand définir un index.,0
concevoir-1.1,Transposer une expression formelle en algorithme et vice-versa,BD1-INT102,Différencier le placement de l'accès aux données,0
concevoir-1.1,Transposer une expression formelle en algorithme et vice-versa,BD1-INT201,Identifier le besoin de mise en œuvre de la gestion de la concurrence d'accès,0
concevoir-1.1,Transposer une expression formelle en algorithme et vice-versa,BD1-INT202,Définir les opérations élémentaires (lecture/écriture) réalisées par le SGBD à partir d'un algorithme,0
concevoir-1.1,Transposer une expression formelle en algorithme et vice-versa,BD1-INT203,Poser les verrous en lecture et en écriture (en assurant le verrouillage 2 phases) pour assurer une sérialisation des transactions,0
concevoir-1.1,Transposer une expression formelle en algorithme et vice-versa,BD1-INT204,Associer problème de gestion de la concurrence et propriétés ACID,0
concevoir-1.1,Transposer une expression formelle en algorithme et vice-versa,BD1-INT205,Définir la granule de verrouillage utilisée à partir de l'exécution de transactions,0
concevoir-1.1,Transposer une expression formelle en algorithme et vice-versa,BD1-INT206,Identifier un interblocage (i.e. deadlock),0
concevoir-1.1,Transposer une expression formelle en algorithme et vice-versa,,,0
concevoir-1.2,Transposer une représentation formelle en structure de données et vice-versa,BD1-GEN101,Identifier les caractéristiques d'un problème permettant de justifier d'une base de données selon le modèle relationnel,0
concevoir-1.2,Transposer une représentation formelle en structure de données et vice-versa,BD1-GEN102,Expliquer le fonctionnement général et les principaux objectifs d'un SGBD,0
concevoir-1.2,Transposer une représentation formelle en structure de données et vice-versa,BD1-GEN103,Expliciter les étapes de réalisation d'une base de données relationnelle,0
concevoir-1.2,Transposer une représentation formelle en structure de données et vice-versa,BD1-GEN201,Donner un exemple de relation contenue dans la méta-base,0
concevoir-1.2,Transposer une représentation formelle en structure de données et vice-versa,BD1-GEN202,Différencier le schéma d'une instance de base de données,0
concevoir-1.2,Transposer une représentation formelle en structure de données et vice-versa,BD1-CON101,"Concevoir (i.e. définir les schéma) une base de données relationnelle selon les 3 niveaux d'abstraction : externe, conceptuel, interne",0
concevoir-1.2,Transposer une représentation formelle en structure de données et vice-versa,BD1-CON102,Expliciter les éléments d'un schéma E/A,0
concevoir-1.2,Transposer une représentation formelle en structure de données et vice-versa,BD1-CON103,Produire un schéma relationnel cohérent vis à vis du schéma E/A à partir des règles du cours,0
concevoir-1.2,Transposer une représentation formelle en structure de données et vice-versa,BD1-CON104,"Justifier des méthodes de transformation M, N (cas 4) vs. 1,1 (cas 3)",0
concevoir-1.2,Transposer une représentation formelle en structure de données et vice-versa,BD1-CON105,Définir une clé primaire appropriée pour une table au regard du contexte,0
concevoir-1.2,Transposer une représentation formelle en structure de données et vice-versa,BD1-CON106,Définir une clé primaire appropriée pour une table au regard d'un ensemble de dépendances fonctionnelles,0
concevoir-1.2,Transposer une représentation formelle en structure de données et vice-versa,BD1-CON107,Définir les contraintes d'intégrité référentielles,0
concevoir-1.2,Transposer une représentation formelle en structure de données et vice-versa,BD1-CON108,Définir les (autres) contraintes d'intégrité appropriées au regard du contexte,0
concevoir-1.2,Transposer une représentation formelle en structure de données et vice-versa,BD1-EVA201,Identifier les anomalies d'un schéma relationnel,0
concevoir-1.2,Transposer une représentation formelle en structure de données et vice-versa,BD1-EVA202,Définir les dépendances fonctionnelles entre les attributs,0
concevoir-1.2,Transposer une représentation formelle en structure de données et vice-versa,BD1-EVA203,Décomposer un schéma relationnel de manière approprié,0
concevoir-1.2,Transposer une représentation formelle en structure de données et vice-versa,BD1-EVA204,Évaluer la forme normale d'un schéma relationnel,0
concevoir-1.2,Transposer une représentation formelle en structure de données et vice-versa,BD1-EVA205,Réaliser la fermeture transitive d'une couverture minimale,0
concevoir-1.2,Transposer une représentation formelle en structure de données et vice-versa,BD1-EVA206,Transformer un schéma relationnel pour « améliorer » sa forme normale,0
concevoir-1.2,Transposer une représentation formelle en structure de données et vice-versa,BD1-EVA207,Argumenter en faveur ou non (dénormalisation) de l'équivalence modèle logique vs. modèle physique,0
concevoir-1.2,Transposer une représentation formelle en structure de données et vice-versa,BD1-LAN101,Expliciter les éléments d'une requête en algèbre relationnelle au format textuel,0
concevoir-1.2,Transposer une représentation formelle en structure de données et vice-versa,BD1-LAN102,Écrire une requête en algèbre relationnelle en utilisant les arbres algébriques,0
concevoir-1.2,Transposer une représentation formelle en structure de données et vice-versa,BD1-LAN103,Avoir une intuition de l'optimisation de requête,0
concevoir-1.2,Transposer une représentation formelle en structure de données et vice-versa,BD1-LAN201,Ecrire une requête simple de manipulation de données (LMD) en langage SQL,0
concevoir-1.2,Transposer une représentation formelle en structure de données et vice-versa,BD1-LAN202,Ecrire une requête complexe de manipulation de données (LMD) en langage SQL,0
concevoir-1.2,Transposer une représentation formelle en structure de données et vice-versa,BD1-LAN203,Ecrire une requête de définition de données (LDD) en langage SQL,0
concevoir-1.2,Transposer une représentation formelle en structure de données et vice-versa,BD1-LAN204,Définir des contraintes d'intégrité simples en langage SQL,0
concevoir-1.2,Transposer une représentation formelle en structure de données et vice-versa,BD1-LAN205,Identifier la nécessité de l'usage d'un trigger dans le cadre de la définition des CI (sans l'écrire),0
concevoir-1.2,Transposer une représentation formelle en structure de données et vice-versa,BD1-LAN206,Ecrire une requête d'attribution de droits en langage SQL (centralisé ou non),0
concevoir-1.2,Transposer une représentation formelle en structure de données et vice-versa,BD1-CONT101,Différencier sécurité (contrôle d'autorisation) et consistance (contrôle d'intégrité) des données,0
concevoir-1.2,Transposer une représentation formelle en structure de données et vice-versa,BD1-CONT102,Différencier gestion centralisé/non centralisé des droits,0
concevoir-1.2,Transposer une représentation formelle en structure de données et vice-versa,BD1-CONT201,Différencier vue relationnelle et relation,0
concevoir-1.2,Transposer une représentation formelle en structure de données et vice-versa,BD1-CONT202,Ecrire la requête effectivement réalisée par le SGBD à partir de la définition de la vue interrogée.,0
concevoir-1.2,Transposer une représentation formelle en structure de données et vice-versa,BD1-CONT203,Expliciter les avantages et inconvénients de l'usage des vues relationnelles,0
concevoir-1.2,Transposer une représentation formelle en structure de données et vice-versa,BD1-CONT204,Identifier les problèmes de mise à jour dans les vues relationnelles,0
concevoir-1.2,Transposer une représentation formelle en structure de données et vice-versa,BD1-CONT205,Utiliser la clause « with check option » dans la définition d'une vue relationnelle,0
concevoir-1.2,Transposer une représentation formelle en structure de données et vice-versa,BD1-INT101,Identifier le besoin en optimisation au niveau du stockage. I. e. quand définir un index.,0
concevoir-1.2,Transposer une représentation formelle en structure de données et vice-versa,BD1-INT102,Différencier le placement de l'accès aux données,0
concevoir-1.2,Transposer une représentation formelle en structure de données et vice-versa,BD1-INT201,Identifier le besoin de mise en œuvre de la gestion de la concurrence d'accès,0
concevoir-1.2,Transposer une représentation formelle en structure de données et vice-versa,BD1-INT202,Définir les opérations élémentaires (lecture/écriture) réalisées par le SGBD à partir d'un algorithme,0
concevoir-1.2,Transposer une représentation formelle en structure de données et vice-versa,BD1-INT203,Poser les verrous en lecture et en écriture (en assurant le verrouillage 2 phases) pour assurer une sérialisation des transactions,0
concevoir-1.2,Transposer une représentation formelle en structure de données et vice-versa,BD1-INT204,Associer problème de gestion de la concurrence et propriétés ACID,0
concevoir-1.2,Transposer une représentation formelle en structure de données et vice-versa,BD1-INT205,Définir la granule de verrouillage utilisée à partir de l'exécution de transactions,0
concevoir-1.2,Transposer une représentation formelle en structure de données et vice-versa,BD1-INT206,Identifier un interblocage (i.e. deadlock),0
concevoir-1.2,Transposer une représentation formelle en structure de données et vice-versa,,,0
concevoir-1.3,Intégrer des composants logiciels ou physiques au sein d’un système,BD1-GEN101,Identifier les caractéristiques d'un problème permettant de justifier d'une base de données selon le modèle relationnel,0
concevoir-1.3,Intégrer des composants logiciels ou physiques au sein d’un système,BD1-GEN102,Expliquer le fonctionnement général et les principaux objectifs d'un SGBD,0
concevoir-1.3,Intégrer des composants logiciels ou physiques au sein d’un système,BD1-GEN103,Expliciter les étapes de réalisation d'une base de données relationnelle,0
concevoir-1.3,Intégrer des composants logiciels ou physiques au sein d’un système,BD1-GEN201,Donner un exemple de relation contenue dans la méta-base,0
concevoir-1.3,Intégrer des composants logiciels ou physiques au sein d’un système,BD1-GEN202,Différencier le schéma d'une instance de base de données,0
concevoir-1.3,Intégrer des composants logiciels ou physiques au sein d’un système,BD1-CON101,"Concevoir (i.e. définir les schéma) une base de données relationnelle selon les 3 niveaux d'abstraction : externe, conceptuel, interne",0
concevoir-1.3,Intégrer des composants logiciels ou physiques au sein d’un système,BD1-CON102,Expliciter les éléments d'un schéma E/A,0
concevoir-1.3,Intégrer des composants logiciels ou physiques au sein d’un système,BD1-CON103,Produire un schéma relationnel cohérent vis à vis du schéma E/A à partir des règles du cours,0
concevoir-1.3,Intégrer des composants logiciels ou physiques au sein d’un système,BD1-CON104,"Justifier des méthodes de transformation M, N (cas 4) vs. 1,1 (cas 3)",0
concevoir-1.3,Intégrer des composants logiciels ou physiques au sein d’un système,BD1-CON105,Définir une clé primaire appropriée pour une table au regard du contexte,0
concevoir-1.3,Intégrer des composants logiciels ou physiques au sein d’un système,BD1-CON106,Définir une clé primaire appropriée pour une table au regard d'un ensemble de dépendances fonctionnelles,0
concevoir-1.3,Intégrer des composants logiciels ou physiques au sein d’un système,BD1-CON107,Définir les contraintes d'intégrité référentielles,0
concevoir-1.3,Intégrer des composants logiciels ou physiques au sein d’un système,BD1-CON108,Définir les (autres) contraintes d'intégrité appropriées au regard du contexte,0
concevoir-1.3,Intégrer des composants logiciels ou physiques au sein d’un système,BD1-EVA201,Identifier les anomalies d'un schéma relationnel,0
concevoir-1.3,Intégrer des composants logiciels ou physiques au sein d’un système,BD1-EVA202,Définir les dépendances fonctionnelles entre les attributs,0
concevoir-1.3,Intégrer des composants logiciels ou physiques au sein d’un système,BD1-EVA203,Décomposer un schéma relationnel de manière approprié,0
concevoir-1.3,Intégrer des composants logiciels ou physiques au sein d’un système,BD1-EVA204,Évaluer la forme normale d'un schéma relationnel,0
concevoir-1.3,Intégrer des composants logiciels ou physiques au sein d’un système,BD1-EVA205,Réaliser la fermeture transitive d'une couverture minimale,0
concevoir-1.3,Intégrer des composants logiciels ou physiques au sein d’un système,BD1-EVA206,Transformer un schéma relationnel pour « améliorer » sa forme normale,0
concevoir-1.3,Intégrer des composants logiciels ou physiques au sein d’un système,BD1-EVA207,Argumenter en faveur ou non (dénormalisation) de l'équivalence modèle logique vs. modèle physique,0
concevoir-1.3,Intégrer des composants logiciels ou physiques au sein d’un système,BD1-LAN101,Expliciter les éléments d'une requête en algèbre relationnelle au format textuel,0
concevoir-1.3,Intégrer des composants logiciels ou physiques au sein d’un système,BD1-LAN102,Écrire une requête en algèbre relationnelle en utilisant les arbres algébriques,0
concevoir-1.3,Intégrer des composants logiciels ou physiques au sein d’un système,BD1-LAN103,Avoir une intuition de l'optimisation de requête,0
concevoir-1.3,Intégrer des composants logiciels ou physiques au sein d’un système,BD1-LAN201,Ecrire une requête simple de manipulation de données (LMD) en langage SQL,0
concevoir-1.3,Intégrer des composants logiciels ou physiques au sein d’un système,BD1-LAN202,Ecrire une requête complexe de manipulation de données (LMD) en langage SQL,0
concevoir-1.3,Intégrer des composants logiciels ou physiques au sein d’un système,BD1-LAN203,Ecrire une requête de définition de données (LDD) en langage SQL,0
concevoir-1.3,Intégrer des composants logiciels ou physiques au sein d’un système,BD1-LAN204,Définir des contraintes d'intégrité simples en langage SQL,0
concevoir-1.3,Intégrer des composants logiciels ou physiques au sein d’un système,BD1-LAN205,Identifier la nécessité de l'usage d'un trigger dans le cadre de la définition des CI (sans l'écrire),0
concevoir-1.3,Intégrer des composants logiciels ou physiques au sein d’un système,BD1-LAN206,Ecrire une requête d'attribution de droits en langage SQL (centralisé ou non),0
concevoir-1.3,Intégrer des composants logiciels ou physiques au sein d’un système,BD1-CONT101,Différencier sécurité (contrôle d'autorisation) et consistance (contrôle d'intégrité) des données,0
concevoir-1.3,Intégrer des composants logiciels ou physiques au sein d’un système,BD1-CONT102,Différencier gestion centralisé/non centralisé des droits,0
concevoir-1.3,Intégrer des composants logiciels ou physiques au sein d’un système,BD1-CONT201,Différencier vue relationnelle et relation,0
concevoir-1.3,Intégrer des composants logiciels ou physiques au sein d’un système,BD1-CONT202,Ecrire la requête effectivement réalisée par le SGBD à partir de la définition de la vue interrogée.,0
concevoir-1.3,Intégrer des composants logiciels ou physiques au sein d’un système,BD1-CONT203,Expliciter les avantages et inconvénients de l'usage des vues relationnelles,0
concevoir-1.3,Intégrer des composants logiciels ou physiques au sein d’un système,BD1-CONT204,Identifier les problèmes de mise à jour dans les vues relationnelles,0
concevoir-1.3,Intégrer des composants logiciels ou physiques au sein d’un système,BD1-CONT205,Utiliser la clause « with check option » dans la définition d'une vue relationnelle,0
concevoir-1.3,Intégrer des composants logiciels ou physiques au sein d’un système,BD1-INT101,Identifier le besoin en optimisation au niveau du stockage. I. e. quand définir un index.,0
concevoir-1.3,Intégrer des composants logiciels ou physiques au sein d’un système,BD1-INT102,Différencier le placement de l'accès aux données,0
concevoir-1.3,Intégrer des composants logiciels ou physiques au sein d’un système,BD1-INT201,Identifier le besoin de mise en œuvre de la gestion de la concurrence d'accès,0
concevoir-1.3,Intégrer des composants logiciels ou physiques au sein d’un système,BD1-INT202,Définir les opérations élémentaires (lecture/écriture) réalisées par le SGBD à partir d'un algorithme,0
concevoir-1.3,Intégrer des composants logiciels ou physiques au sein d’un système,BD1-INT203,Poser les verrous en lecture et en écriture (en assurant le verrouillage 2 phases) pour assurer une sérialisation des transactions,0
concevoir-1.3,Intégrer des composants logiciels ou physiques au sein d’un système,BD1-INT204,Associer problème de gestion de la concurrence et propriétés ACID,0
concevoir-1.3,Intégrer des composants logiciels ou physiques au sein d’un système,BD1-INT205,Définir la granule de verrouillage utilisée à partir de l'exécution de transactions,0
concevoir-1.3,Intégrer des composants logiciels ou physiques au sein d’un système,BD1-INT206,Identifier un interblocage (i.e. deadlock),0
concevoir-1.3,Intégrer des composants logiciels ou physiques au sein d’un système,,,0
concevoir-2.1,Sélectionner les structures de données dont la complexité (en temps et en espace) est adaptée,BD1-GEN101,Identifier les caractéristiques d'un problème permettant de justifier d'une base de données selon le modèle relationnel,0
concevoir-2.1,Sélectionner les structures de données dont la complexité (en temps et en espace) est adaptée,BD1-GEN102,Expliquer le fonctionnement général et les principaux objectifs d'un SGBD,0
concevoir-2.1,Sélectionner les structures de données dont la complexité (en temps et en espace) est adaptée,BD1-GEN103,Expliciter les étapes de réalisation d'une base de données relationnelle,0
concevoir-2.1,Sélectionner les structures de données dont la complexité (en temps et en espace) est adaptée,BD1-GEN201,Donner un exemple de relation contenue dans la méta-base,0
concevoir-2.1,Sélectionner les structures de données dont la complexité (en temps et en espace) est adaptée,BD1-GEN202,Différencier le schéma d'une instance de base de données,0
concevoir-2.1,Sélectionner les structures de données dont la complexité (en temps et en espace) est adaptée,BD1-CON101,"Concevoir (i.e. définir les schéma) une base de données relationnelle selon les 3 niveaux d'abstraction : externe, conceptuel, interne",0
concevoir-2.1,Sélectionner les structures de données dont la complexité (en temps et en espace) est adaptée,BD1-CON102,Expliciter les éléments d'un schéma E/A,0
concevoir-2.1,Sélectionner les structures de données dont la complexité (en temps et en espace) est adaptée,BD1-CON103,Produire un schéma relationnel cohérent vis à vis du schéma E/A à partir des règles du cours,0
concevoir-2.1,Sélectionner les structures de données dont la complexité (en temps et en espace) est adaptée,BD1-CON104,"Justifier des méthodes de transformation M, N (cas 4) vs. 1,1 (cas 3)",0
concevoir-2.1,Sélectionner les structures de données dont la complexité (en temps et en espace) est adaptée,BD1-CON105,Définir une clé primaire appropriée pour une table au regard du contexte,0
concevoir-2.1,Sélectionner les structures de données dont la complexité (en temps et en espace) est adaptée,BD1-CON106,Définir une clé primaire appropriée pour une table au regard d'un ensemble de dépendances fonctionnelles,0
concevoir-2.1,Sélectionner les structures de données dont la complexité (en temps et en espace) est adaptée,BD1-CON107,Définir les contraintes d'intégrité référentielles,0
concevoir-2.1,Sélectionner les structures de données dont la complexité (en temps et en espace) est adaptée,BD1-CON108,Définir les (autres) contraintes d'intégrité appropriées au regard du contexte,0
concevoir-2.1,Sélectionner les structures de données dont la complexité (en temps et en espace) est adaptée,BD1-EVA201,Identifier les anomalies d'un schéma relationnel,0
concevoir-2.1,Sélectionner les structures de données dont la complexité (en temps et en espace) est adaptée,BD1-EVA202,Définir les dépendances fonctionnelles entre les attributs,0
concevoir-2.1,Sélectionner les structures de données dont la complexité (en temps et en espace) est adaptée,BD1-EVA203,Décomposer un schéma relationnel de manière approprié,0
concevoir-2.1,Sélectionner les structures de données dont la complexité (en temps et en espace) est adaptée,BD1-EVA204,Évaluer la forme normale d'un schéma relationnel,0
concevoir-2.1,Sélectionner les structures de données dont la complexité (en temps et en espace) est adaptée,BD1-EVA205,Réaliser la fermeture transitive d'une couverture minimale,0
concevoir-2.1,Sélectionner les structures de données dont la complexité (en temps et en espace) est adaptée,BD1-EVA206,Transformer un schéma relationnel pour « améliorer » sa forme normale,0
concevoir-2.1,Sélectionner les structures de données dont la complexité (en temps et en espace) est adaptée,BD1-EVA207,Argumenter en faveur ou non (dénormalisation) de l'équivalence modèle logique vs. modèle physique,0
concevoir-2.1,Sélectionner les structures de données dont la complexité (en temps et en espace) est adaptée,BD1-LAN101,Expliciter les éléments d'une requête en algèbre relationnelle au format textuel,0
concevoir-2.1,Sélectionner les structures de données dont la complexité (en temps et en espace) est adaptée,BD1-LAN102,Écrire une requête en algèbre relationnelle en utilisant les arbres algébriques,0
concevoir-2.1,Sélectionner les structures de données dont la complexité (en temps et en espace) est adaptée,BD1-LAN103,Avoir une intuition de l'optimisation de requête,0
concevoir-2.1,Sélectionner les structures de données dont la complexité (en temps et en espace) est adaptée,BD1-LAN201,Ecrire une requête simple de manipulation de données (LMD) en langage SQL,0
concevoir-2.1,Sélectionner les structures de données dont la complexité (en temps et en espace) est adaptée,BD1-LAN202,Ecrire une requête complexe de manipulation de données (LMD) en langage SQL,0
concevoir-2.1,Sélectionner les structures de données dont la complexité (en temps et en espace) est adaptée,BD1-LAN203,Ecrire une requête de définition de données (LDD) en langage SQL,0
concevoir-2.1,Sélectionner les structures de données dont la complexité (en temps et en espace) est adaptée,BD1-LAN204,Définir des contraintes d'intégrité simples en langage SQL,0
concevoir-2.1,Sélectionner les structures de données dont la complexité (en temps et en espace) est adaptée,BD1-LAN205,Identifier la nécessité de l'usage d'un trigger dans le cadre de la définition des CI (sans l'écrire),0
concevoir-2.1,Sélectionner les structures de données dont la complexité (en temps et en espace) est adaptée,BD1-LAN206,Ecrire une requête d'attribution de droits en langage SQL (centralisé ou non),0
concevoir-2.1,Sélectionner les structures de données dont la complexité (en temps et en espace) est adaptée,BD1-CONT101,Différencier sécurité (contrôle d'autorisation) et consistance (contrôle d'intégrité) des données,0
concevoir-2.1,Sélectionner les structures de données dont la complexité (en temps et en espace) est adaptée,BD1-CONT102,Différencier gestion centralisé/non centralisé des droits,0
concevoir-2.1,Sélectionner les structures de données dont la complexité (en temps et en espace) est adaptée,BD1-CONT201,Différencier vue relationnelle et relation,0
concevoir-2.1,Sélectionner les structures de données dont la complexité (en temps et en espace) est adaptée,BD1-CONT202,Ecrire la requête effectivement réalisée par le SGBD à partir de la définition de la vue interrogée.,0
concevoir-2.1,Sélectionner les structures de données dont la complexité (en temps et en espace) est adaptée,BD1-CONT203,Expliciter les avantages et inconvénients de l'usage des vues relationnelles,0
concevoir-2.1,Sélectionner les structures de données dont la complexité (en temps et en espace) est adaptée,BD1-CONT204,Identifier les problèmes de mise à jour dans les vues relationnelles,0
concevoir-2.1,Sélectionner les structures de données dont la complexité (en temps et en espace) est adaptée,BD1-CONT205,Utiliser la clause « with check option » dans la définition d'une vue relationnelle,0
concevoir-2.1,Sélectionner les structures de données dont la complexité (en temps et en espace) est adaptée,BD1-INT101,Identifier le besoin en optimisation au niveau du stockage. I. e. quand définir un index.,0
concevoir-2.1,Sélectionner les structures de données dont la complexité (en temps et en espace) est adaptée,BD1-INT102,Différencier le placement de l'accès aux données,0
concevoir-2.1,Sélectionner les structures de données dont la complexité (en temps et en espace) est adaptée,BD1-INT201,Identifier le besoin de mise en œuvre de la gestion de la concurrence d'accès,0
concevoir-2.1,Sélectionner les structures de données dont la complexité (en temps et en espace) est adaptée,BD1-INT202,Définir les opérations élémentaires (lecture/écriture) réalisées par le SGBD à partir d'un algorithme,0
concevoir-2.1,Sélectionner les structures de données dont la complexité (en temps et en espace) est adaptée,BD1-INT203,Poser les verrous en lecture et en écriture (en assurant le verrouillage 2 phases) pour assurer une sérialisation des transactions,0
concevoir-2.1,Sélectionner les structures de données dont la complexité (en temps et en espace) est adaptée,BD1-INT204,Associer problème de gestion de la concurrence et propriétés ACID,0
concevoir-2.1,Sélectionner les structures de données dont la complexité (en temps et en espace) est adaptée,BD1-INT205,Définir la granule de verrouillage utilisée à partir de l'exécution de transactions,0
concevoir-2.1,Sélectionner les structures de données dont la complexité (en temps et en espace) est adaptée,BD1-INT206,Identifier un interblocage (i.e. deadlock),0
concevoir-2.1,Sélectionner les structures de données dont la complexité (en temps et en espace) est adaptée,,,0
concevoir-2.2,Choisir les patrons de conception,BD1-GEN101,Identifier les caractéristiques d'un problème permettant de justifier d'une base de données selon le modèle relationnel,0
concevoir-2.2,Choisir les patrons de conception,BD1-GEN102,Expliquer le fonctionnement général et les principaux objectifs d'un SGBD,0
concevoir-2.2,Choisir les patrons de conception,BD1-GEN103,Expliciter les étapes de réalisation d'une base de données relationnelle,0
concevoir-2.2,Choisir les patrons de conception,BD1-GEN201,Donner un exemple de relation contenue dans la méta-base,0
concevoir-2.2,Choisir les patrons de conception,BD1-GEN202,Différencier le schéma d'une instance de base de données,0
concevoir-2.2,Choisir les patrons de conception,BD1-CON101,"Concevoir (i.e. définir les schéma) une base de données relationnelle selon les 3 niveaux d'abstraction : externe, conceptuel, interne",0
concevoir-2.2,Choisir les patrons de conception,BD1-CON102,Expliciter les éléments d'un schéma E/A,0
concevoir-2.2,Choisir les patrons de conception,BD1-CON103,Produire un schéma relationnel cohérent vis à vis du schéma E/A à partir des règles du cours,0
concevoir-2.2,Choisir les patrons de conception,BD1-CON104,"Justifier des méthodes de transformation M, N (cas 4) vs. 1,1 (cas 3)",0
concevoir-2.2,Choisir les patrons de conception,BD1-CON105,Définir une clé primaire appropriée pour une table au regard du contexte,0
concevoir-2.2,Choisir les patrons de conception,BD1-CON106,Définir une clé primaire appropriée pour une table au regard d'un ensemble de dépendances fonctionnelles,0
concevoir-2.2,Choisir les patrons de conception,BD1-CON107,Définir les contraintes d'intégrité référentielles,0
concevoir-2.2,Choisir les patrons de conception,BD1-CON108,Définir les (autres) contraintes d'intégrité appropriées au regard du contexte,0
concevoir-2.2,Choisir les patrons de conception,BD1-EVA201,Identifier les anomalies d'un schéma relationnel,0
concevoir-2.2,Choisir les patrons de conception,BD1-EVA202,Définir les dépendances fonctionnelles entre les attributs,0
concevoir-2.2,Choisir les patrons de conception,BD1-EVA203,Décomposer un schéma relationnel de manière approprié,0
concevoir-2.2,Choisir les patrons de conception,BD1-EVA204,Évaluer la forme normale d'un schéma relationnel,0
concevoir-2.2,Choisir les patrons de conception,BD1-EVA205,Réaliser la fermeture transitive d'une couverture minimale,0
concevoir-2.2,Choisir les patrons de conception,BD1-EVA206,Transformer un schéma relationnel pour « améliorer » sa forme normale,0
concevoir-2.2,Choisir les patrons de conception,BD1-EVA207,Argumenter en faveur ou non (dénormalisation) de l'équivalence modèle logique vs. modèle physique,0
concevoir-2.2,Choisir les patrons de conception,BD1-LAN101,Expliciter les éléments d'une requête en algèbre relationnelle au format textuel,0
concevoir-2.2,Choisir les patrons de conception,BD1-LAN102,Écrire une requête en algèbre relationnelle en utilisant les arbres algébriques,0
concevoir-2.2,Choisir les patrons de conception,BD1-LAN103,Avoir une intuition de l'optimisation de requête,0
concevoir-2.2,Choisir les patrons de conception,BD1-LAN201,Ecrire une requête simple de manipulation de données (LMD) en langage SQL,0
concevoir-2.2,Choisir les patrons de conception,BD1-LAN202,Ecrire une requête complexe de manipulation de données (LMD) en langage SQL,0
concevoir-2.2,Choisir les patrons de conception,BD1-LAN203,Ecrire une requête de définition de données (LDD) en langage SQL,0
concevoir-2.2,Choisir les patrons de conception,BD1-LAN204,Définir des contraintes d'intégrité simples en langage SQL,0
concevoir-2.2,Choisir les patrons de conception,BD1-LAN205,Identifier la nécessité de l'usage d'un trigger dans le cadre de la définition des CI (sans l'écrire),0
concevoir-2.2,Choisir les patrons de conception,BD1-LAN206,Ecrire une requête d'attribution de droits en langage SQL (centralisé ou non),0
concevoir-2.2,Choisir les patrons de conception,BD1-CONT101,Différencier sécurité (contrôle d'autorisation) et consistance (contrôle d'intégrité) des données,0
concevoir-2.2,Choisir les patrons de conception,BD1-CONT102,Différencier gestion centralisé/non centralisé des droits,0
concevoir-2.2,Choisir les patrons de conception,BD1-CONT201,Différencier vue relationnelle et relation,0
concevoir-2.2,Choisir les patrons de conception,BD1-CONT202,Ecrire la requête effectivement réalisée par le SGBD à partir de la définition de la vue interrogée.,0
concevoir-2.2,Choisir les patrons de conception,BD1-CONT203,Expliciter les avantages et inconvénients de l'usage des vues relationnelles,0
concevoir-2.2,Choisir les patrons de conception,BD1-CONT204,Identifier les problèmes de mise à jour dans les vues relationnelles,0
concevoir-2.2,Choisir les patrons de conception,BD1-CONT205,Utiliser la clause « with check option » dans la définition d'une vue relationnelle,0
concevoir-2.2,Choisir les patrons de conception,BD1-INT101,Identifier le besoin en optimisation au niveau du stockage. I. e. quand définir un index.,0
concevoir-2.2,Choisir les patrons de conception,BD1-INT102,Différencier le placement de l'accès aux données,0
concevoir-2.2,Choisir les patrons de conception,BD1-INT201,Identifier le besoin de mise en œuvre de la gestion de la concurrence d'accès,0
concevoir-2.2,Choisir les patrons de conception,BD1-INT202,Définir les opérations élémentaires (lecture/écriture) réalisées par le SGBD à partir d'un algorithme,0
concevoir-2.2,Choisir les patrons de conception,BD1-INT203,Poser les verrous en lecture et en écriture (en assurant le verrouillage 2 phases) pour assurer une sérialisation des transactions,0
concevoir-2.2,Choisir les patrons de conception,BD1-INT204,Associer problème de gestion de la concurrence et propriétés ACID,0
concevoir-2.2,Choisir les patrons de conception,BD1-INT205,Définir la granule de verrouillage utilisée à partir de l'exécution de transactions,0
concevoir-2.2,Choisir les patrons de conception,BD1-INT206,Identifier un interblocage (i.e. deadlock),0
concevoir-2.2,Choisir les patrons de conception,,,0
concevoir-2.3,Choisir le framework,BD1-GEN101,Identifier les caractéristiques d'un problème permettant de justifier d'une base de données selon le modèle relationnel,0
concevoir-2.3,Choisir le framework,BD1-GEN102,Expliquer le fonctionnement général et les principaux objectifs d'un SGBD,0
concevoir-2.3,Choisir le framework,BD1-GEN103,Expliciter les étapes de réalisation d'une base de données relationnelle,0
concevoir-2.3,Choisir le framework,BD1-GEN201,Donner un exemple de relation contenue dans la méta-base,0
concevoir-2.3,Choisir le framework,BD1-GEN202,Différencier le schéma d'une instance de base de données,0
concevoir-2.3,Choisir le framework,BD1-CON101,"Concevoir (i.e. définir les schéma) une base de données relationnelle selon les 3 niveaux d'abstraction : externe, conceptuel, interne",0
concevoir-2.3,Choisir le framework,BD1-CON102,Expliciter les éléments d'un schéma E/A,0
concevoir-2.3,Choisir le framework,BD1-CON103,Produire un schéma relationnel cohérent vis à vis du schéma E/A à partir des règles du cours,0
concevoir-2.3,Choisir le framework,BD1-CON104,"Justifier des méthodes de transformation M, N (cas 4) vs. 1,1 (cas 3)",0
concevoir-2.3,Choisir le framework,BD1-CON105,Définir une clé primaire appropriée pour une table au regard du contexte,0
concevoir-2.3,Choisir le framework,BD1-CON106,Définir une clé primaire appropriée pour une table au regard d'un ensemble de dépendances fonctionnelles,0
concevoir-2.3,Choisir le framework,BD1-CON107,Définir les contraintes d'intégrité référentielles,0
concevoir-2.3,Choisir le framework,BD1-CON108,Définir les (autres) contraintes d'intégrité appropriées au regard du contexte,0
concevoir-2.3,Choisir le framework,BD1-EVA201,Identifier les anomalies d'un schéma relationnel,0
concevoir-2.3,Choisir le framework,BD1-EVA202,Définir les dépendances fonctionnelles entre les attributs,0
concevoir-2.3,Choisir le framework,BD1-EVA203,Décomposer un schéma relationnel de manière approprié,0
concevoir-2.3,Choisir le framework,BD1-EVA204,Évaluer la forme normale d'un schéma relationnel,0
concevoir-2.3,Choisir le framework,BD1-EVA205,Réaliser la fermeture transitive d'une couverture minimale,0
concevoir-2.3,Choisir le framework,BD1-EVA206,Transformer un schéma relationnel pour « améliorer » sa forme normale,0
concevoir-2.3,Choisir le framework,BD1-EVA207,Argumenter en faveur ou non (dénormalisation) de l'équivalence modèle logique vs. modèle physique,0
concevoir-2.3,Choisir le framework,BD1-LAN101,Expliciter les éléments d'une requête en algèbre relationnelle au format textuel,0
concevoir-2.3,Choisir le framework,BD1-LAN102,Écrire une requête en algèbre relationnelle en utilisant les arbres algébriques,0
concevoir-2.3,Choisir le framework,BD1-LAN103,Avoir une intuition de l'optimisation de requête,0
concevoir-2.3,Choisir le framework,BD1-LAN201,Ecrire une requête simple de manipulation de données (LMD) en langage SQL,0
concevoir-2.3,Choisir le framework,BD1-LAN202,Ecrire une requête complexe de manipulation de données (LMD) en langage SQL,0
concevoir-2.3,Choisir le framework,BD1-LAN203,Ecrire une requête de définition de données (LDD) en langage SQL,0
concevoir-2.3,Choisir le framework,BD1-LAN204,Définir des contraintes d'intégrité simples en langage SQL,0
concevoir-2.3,Choisir le framework,BD1-LAN205,Identifier la nécessité de l'usage d'un trigger dans le cadre de la définition des CI (sans l'écrire),0
concevoir-2.3,Choisir le framework,BD1-LAN206,Ecrire une requête d'attribution de droits en langage SQL (centralisé ou non),0
concevoir-2.3,Choisir le framework,BD1-CONT101,Différencier sécurité (contrôle d'autorisation) et consistance (contrôle d'intégrité) des données,0
concevoir-2.3,Choisir le framework,BD1-CONT102,Différencier gestion centralisé/non centralisé des droits,0
concevoir-2.3,Choisir le framework,BD1-CONT201,Différencier vue relationnelle et relation,0
concevoir-2.3,Choisir le framework,BD1-CONT202,Ecrire la requête effectivement réalisée par le SGBD à partir de la définition de la vue interrogée.,0
concevoir-2.3,Choisir le framework,BD1-CONT203,Expliciter les avantages et inconvénients de l'usage des vues relationnelles,0
concevoir-2.3,Choisir le framework,BD1-CONT204,Identifier les problèmes de mise à jour dans les vues relationnelles,0
concevoir-2.3,Choisir le framework,BD1-CONT205,Utiliser la clause « with check option » dans la définition d'une vue relationnelle,0
concevoir-2.3,Choisir le framework,BD1-INT101,Identifier le besoin en optimisation au niveau du stockage. I. e. quand définir un index.,0
concevoir-2.3,Choisir le framework,BD1-INT102,Différencier le placement de l'accès aux données,0
concevoir-2.3,Choisir le framework,BD1-INT201,Identifier le besoin de mise en œuvre de la gestion de la concurrence d'accès,0
concevoir-2.3,Choisir le framework,BD1-INT202,Définir les opérations élémentaires (lecture/écriture) réalisées par le SGBD à partir d'un algorithme,0
concevoir-2.3,Choisir le framework,BD1-INT203,Poser les verrous en lecture et en écriture (en assurant le verrouillage 2 phases) pour assurer une sérialisation des transactions,0
concevoir-2.3,Choisir le framework,BD1-INT204,Associer problème de gestion de la concurrence et propriétés ACID,0
concevoir-2.3,Choisir le framework,BD1-INT205,Définir la granule de verrouillage utilisée à partir de l'exécution de transactions,0
concevoir-2.3,Choisir le framework,BD1-INT206,Identifier un interblocage (i.e. deadlock),0
concevoir-2.3,Choisir le framework,,,0
concevoir-2.4,"Prétraiter, estimer et prédire un signal à l’aide d’un système linéaire",BD1-GEN101,Identifier les caractéristiques d'un problème permettant de justifier d'une base de données selon le modèle relationnel,0
concevoir-2.4,"Prétraiter, estimer et prédire un signal à l’aide d’un système linéaire",BD1-GEN102,Expliquer le fonctionnement général et les principaux objectifs d'un SGBD,0
concevoir-2.4,"Prétraiter, estimer et prédire un signal à l’aide d’un système linéaire",BD1-GEN103,Expliciter les étapes de réalisation d'une base de données relationnelle,0
concevoir-2.4,"Prétraiter, estimer et prédire un signal à l’aide d’un système linéaire",BD1-GEN201,Donner un exemple de relation contenue dans la méta-base,0
concevoir-2.4,"Prétraiter, estimer et prédire un signal à l’aide d’un système linéaire",BD1-GEN202,Différencier le schéma d'une instance de base de données,0
concevoir-2.4,"Prétraiter, estimer et prédire un signal à l’aide d’un système linéaire",BD1-CON101,"Concevoir (i.e. définir les schéma) une base de données relationnelle selon les 3 niveaux d'abstraction : externe, conceptuel, interne",0
concevoir-2.4,"Prétraiter, estimer et prédire un signal à l’aide d’un système linéaire",BD1-CON102,Expliciter les éléments d'un schéma E/A,0
concevoir-2.4,"Prétraiter, estimer et prédire un signal à l’aide d’un système linéaire",BD1-CON103,Produire un schéma relationnel cohérent vis à vis du schéma E/A à partir des règles du cours,0
concevoir-2.4,"Prétraiter, estimer et prédire un signal à l’aide d’un système linéaire",BD1-CON104,"Justifier des méthodes de transformation M, N (cas 4) vs. 1,1 (cas 3)",0
concevoir-2.4,"Prétraiter, estimer et prédire un signal à l’aide d’un système linéaire",BD1-CON105,Définir une clé primaire appropriée pour une table au regard du contexte,0
concevoir-2.4,"Prétraiter, estimer et prédire un signal à l’aide d’un système linéaire",BD1-CON106,Définir une clé primaire appropriée pour une table au regard d'un ensemble de dépendances fonctionnelles,0
concevoir-2.4,"Prétraiter, estimer et prédire un signal à l’aide d’un système linéaire",BD1-CON107,Définir les contraintes d'intégrité référentielles,0
concevoir-2.4,"Prétraiter, estimer et prédire un signal à l’aide d’un système linéaire",BD1-CON108,Définir les (autres) contraintes d'intégrité appropriées au regard du contexte,0
concevoir-2.4,"Prétraiter, estimer et prédire un signal à l’aide d’un système linéaire",BD1-EVA201,Identifier les anomalies d'un schéma relationnel,0
concevoir-2.4,"Prétraiter, estimer et prédire un signal à l’aide d’un système linéaire",BD1-EVA202,Définir les dépendances fonctionnelles entre les attributs,0
concevoir-2.4,"Prétraiter, estimer et prédire un signal à l’aide d’un système linéaire",BD1-EVA203,Décomposer un schéma relationnel de manière approprié,0
concevoir-2.4,"Prétraiter, estimer et prédire un signal à l’aide d’un système linéaire",BD1-EVA204,Évaluer la forme normale d'un schéma relationnel,0
concevoir-2.4,"Prétraiter, estimer et prédire un signal à l’aide d’un système linéaire",BD1-EVA205,Réaliser la fermeture transitive d'une couverture minimale,0
concevoir-2.4,"Prétraiter, estimer et prédire un signal à l’aide d’un système linéaire",BD1-EVA206,Transformer un schéma relationnel pour « améliorer » sa forme normale,0
concevoir-2.4,"Prétraiter, estimer et prédire un signal à l’aide d’un système linéaire",BD1-EVA207,Argumenter en faveur ou non (dénormalisation) de l'équivalence modèle logique vs. modèle physique,0
concevoir-2.4,"Prétraiter, estimer et prédire un signal à l’aide d’un système linéaire",BD1-LAN101,Expliciter les éléments d'une requête en algèbre relationnelle au format textuel,0
concevoir-2.4,"Prétraiter, estimer et prédire un signal à l’aide d’un système linéaire",BD1-LAN102,Écrire une requête en algèbre relationnelle en utilisant les arbres algébriques,0
concevoir-2.4,"Prétraiter, estimer et prédire un signal à l’aide d’un système linéaire",BD1-LAN103,Avoir une intuition de l'optimisation de requête,0
concevoir-2.4,"Prétraiter, estimer et prédire un signal à l’aide d’un système linéaire",BD1-LAN201,Ecrire une requête simple de manipulation de données (LMD) en langage SQL,0
concevoir-2.4,"Prétraiter, estimer et prédire un signal à l’aide d’un système linéaire",BD1-LAN202,Ecrire une requête complexe de manipulation de données (LMD) en langage SQL,0
concevoir-2.4,"Prétraiter, estimer et prédire un signal à l’aide d’un système linéaire",BD1-LAN203,Ecrire une requête de définition de données (LDD) en langage SQL,0
concevoir-2.4,"Prétraiter, estimer et prédire un signal à l’aide d’un système linéaire",BD1-LAN204,Définir des contraintes d'intégrité simples en langage SQL,0
concevoir-2.4,"Prétraiter, estimer et prédire un signal à l’aide d’un système linéaire",BD1-LAN205,Identifier la nécessité de l'usage d'un trigger dans le cadre de la définition des CI (sans l'écrire),0
concevoir-2.4,"Prétraiter, estimer et prédire un signal à l’aide d’un système linéaire",BD1-LAN206,Ecrire une requête d'attribution de droits en langage SQL (centralisé ou non),0
concevoir-2.4,"Prétraiter, estimer et prédire un signal à l’aide d’un système linéaire",BD1-CONT101,Différencier sécurité (contrôle d'autorisation) et consistance (contrôle d'intégrité) des données,0
concevoir-2.4,"Prétraiter, estimer et prédire un signal à l’aide d’un système linéaire",BD1-CONT102,Différencier gestion centralisé/non centralisé des droits,0
concevoir-2.4,"Prétraiter, estimer et prédire un signal à l’aide d’un système linéaire",BD1-CONT201,Différencier vue relationnelle et relation,0
concevoir-2.4,"Prétraiter, estimer et prédire un signal à l’aide d’un système linéaire",BD1-CONT202,Ecrire la requête effectivement réalisée par le SGBD à partir de la définition de la vue interrogée.,0
concevoir-2.4,"Prétraiter, estimer et prédire un signal à l’aide d’un système linéaire",BD1-CONT203,Expliciter les avantages et inconvénients de l'usage des vues relationnelles,0
concevoir-2.4,"Prétraiter, estimer et prédire un signal à l’aide d’un système linéaire",BD1-CONT204,Identifier les problèmes de mise à jour dans les vues relationnelles,0
concevoir-2.4,"Prétraiter, estimer et prédire un signal à l’aide d’un système linéaire",BD1-CONT205,Utiliser la clause « with check option » dans la définition d'une vue relationnelle,0
concevoir-2.4,"Prétraiter, estimer et prédire un signal à l’aide d’un système linéaire",BD1-INT101,Identifier le besoin en optimisation au niveau du stockage. I. e. quand définir un index.,0
concevoir-2.4,"Prétraiter, estimer et prédire un signal à l’aide d’un système linéaire",BD1-INT102,Différencier le placement de l'accès aux données,0
concevoir-2.4,"Prétraiter, estimer et prédire un signal à l’aide d’un système linéaire",BD1-INT201,Identifier le besoin de mise en œuvre de la gestion de la concurrence d'accès,0
concevoir-2.4,"Prétraiter, estimer et prédire un signal à l’aide d’un système linéaire",BD1-INT202,Définir les opérations élémentaires (lecture/écriture) réalisées par le SGBD à partir d'un algorithme,0
concevoir-2.4,"Prétraiter, estimer et prédire un signal à l’aide d’un système linéaire",BD1-INT203,Poser les verrous en lecture et en écriture (en assurant le verrouillage 2 phases) pour assurer une sérialisation des transactions,0
concevoir-2.4,"Prétraiter, estimer et prédire un signal à l’aide d’un système linéaire",BD1-INT204,Associer problème de gestion de la concurrence et propriétés ACID,0
concevoir-2.4,"Prétraiter, estimer et prédire un signal à l’aide d’un système linéaire",BD1-INT205,Définir la granule de verrouillage utilisée à partir de l'exécution de transactions,0
concevoir-2.4,"Prétraiter, estimer et prédire un signal à l’aide d’un système linéaire",BD1-INT206,Identifier un interblocage (i.e. deadlock),0
concevoir-2.4,"Prétraiter, estimer et prédire un signal à l’aide d’un système linéaire",,,0
concevoir-2.5,Identifier le paradigme de traitement de données statistique,BD1-GEN101,Identifier les caractéristiques d'un problème permettant de justifier d'une base de données selon le modèle relationnel,0
concevoir-2.5,Identifier le paradigme de traitement de données statistique,BD1-GEN102,Expliquer le fonctionnement général et les principaux objectifs d'un SGBD,0
concevoir-2.5,Identifier le paradigme de traitement de données statistique,BD1-GEN103,Expliciter les étapes de réalisation d'une base de données relationnelle,0
concevoir-2.5,Identifier le paradigme de traitement de données statistique,BD1-GEN201,Donner un exemple de relation contenue dans la méta-base,0
concevoir-2.5,Identifier le paradigme de traitement de données statistique,BD1-GEN202,Différencier le schéma d'une instance de base de données,0
concevoir-2.5,Identifier le paradigme de traitement de données statistique,BD1-CON101,"Concevoir (i.e. définir les schéma) une base de données relationnelle selon les 3 niveaux d'abstraction : externe, conceptuel, interne",0
concevoir-2.5,Identifier le paradigme de traitement de données statistique,BD1-CON102,Expliciter les éléments d'un schéma E/A,0
concevoir-2.5,Identifier le paradigme de traitement de données statistique,BD1-CON103,Produire un schéma relationnel cohérent vis à vis du schéma E/A à partir des règles du cours,0
concevoir-2.5,Identifier le paradigme de traitement de données statistique,BD1-CON104,"Justifier des méthodes de transformation M, N (cas 4) vs. 1,1 (cas 3)",0
concevoir-2.5,Identifier le paradigme de traitement de données statistique,BD1-CON105,Définir une clé primaire appropriée pour une table au regard du contexte,0
concevoir-2.5,Identifier le paradigme de traitement de données statistique,BD1-CON106,Définir une clé primaire appropriée pour une table au regard d'un ensemble de dépendances fonctionnelles,0
concevoir-2.5,Identifier le paradigme de traitement de données statistique,BD1-CON107,Définir les contraintes d'intégrité référentielles,0
concevoir-2.5,Identifier le paradigme de traitement de données statistique,BD1-CON108,Définir les (autres) contraintes d'intégrité appropriées au regard du contexte,0
concevoir-2.5,Identifier le paradigme de traitement de données statistique,BD1-EVA201,Identifier les anomalies d'un schéma relationnel,0
concevoir-2.5,Identifier le paradigme de traitement de données statistique,BD1-EVA202,Définir les dépendances fonctionnelles entre les attributs,0
concevoir-2.5,Identifier le paradigme de traitement de données statistique,BD1-EVA203,Décomposer un schéma relationnel de manière approprié,0
concevoir-2.5,Identifier le paradigme de traitement de données statistique,BD1-EVA204,Évaluer la forme normale d'un schéma relationnel,0
concevoir-2.5,Identifier le paradigme de traitement de données statistique,BD1-EVA205,Réaliser la fermeture transitive d'une couverture minimale,0
concevoir-2.5,Identifier le paradigme de traitement de données statistique,BD1-EVA206,Transformer un schéma relationnel pour « améliorer » sa forme normale,0
concevoir-2.5,Identifier le paradigme de traitement de données statistique,BD1-EVA207,Argumenter en faveur ou non (dénormalisation) de l'équivalence modèle logique vs. modèle physique,0
concevoir-2.5,Identifier le paradigme de traitement de données statistique,BD1-LAN101,Expliciter les éléments d'une requête en algèbre relationnelle au format textuel,0
concevoir-2.5,Identifier le paradigme de traitement de données statistique,BD1-LAN102,Écrire une requête en algèbre relationnelle en utilisant les arbres algébriques,0
concevoir-2.5,Identifier le paradigme de traitement de données statistique,BD1-LAN103,Avoir une intuition de l'optimisation de requête,0
concevoir-2.5,Identifier le paradigme de traitement de données statistique,BD1-LAN201,Ecrire une requête simple de manipulation de données (LMD) en langage SQL,0
concevoir-2.5,Identifier le paradigme de traitement de données statistique,BD1-LAN202,Ecrire une requête complexe de manipulation de données (LMD) en langage SQL,0
concevoir-2.5,Identifier le paradigme de traitement de données statistique,BD1-LAN203,Ecrire une requête de définition de données (LDD) en langage SQL,0
concevoir-2.5,Identifier le paradigme de traitement de données statistique,BD1-LAN204,Définir des contraintes d'intégrité simples en langage SQL,0
concevoir-2.5,Identifier le paradigme de traitement de données statistique,BD1-LAN205,Identifier la nécessité de l'usage d'un trigger dans le cadre de la définition des CI (sans l'écrire),0
concevoir-2.5,Identifier le paradigme de traitement de données statistique,BD1-LAN206,Ecrire une requête d'attribution de droits en langage SQL (centralisé ou non),0
concevoir-2.5,Identifier le paradigme de traitement de données statistique,BD1-CONT101,Différencier sécurité (contrôle d'autorisation) et consistance (contrôle d'intégrité) des données,0
concevoir-2.5,Identifier le paradigme de traitement de données statistique,BD1-CONT102,Différencier gestion centralisé/non centralisé des droits,0
concevoir-2.5,Identifier le paradigme de traitement de données statistique,BD1-CONT201,Différencier vue relationnelle et relation,0
concevoir-2.5,Identifier le paradigme de traitement de données statistique,BD1-CONT202,Ecrire la requête effectivement réalisée par le SGBD à partir de la définition de la vue interrogée.,0
concevoir-2.5,Identifier le paradigme de traitement de données statistique,BD1-CONT203,Expliciter les avantages et inconvénients de l'usage des vues relationnelles,0
concevoir-2.5,Identifier le paradigme de traitement de données statistique,BD1-CONT204,Identifier les problèmes de mise à jour dans les vues relationnelles,0
concevoir-2.5,Identifier le paradigme de traitement de données statistique,BD1-CONT205,Utiliser la clause « with check option » dans la définition d'une vue relationnelle,0
concevoir-2.5,Identifier le paradigme de traitement de données statistique,BD1-INT101,Identifier le besoin en optimisation au niveau du stockage. I. e. quand définir un index.,0
concevoir-2.5,Identifier le paradigme de traitement de données statistique,BD1-INT102,Différencier le placement de l'accès aux données,0
concevoir-2.5,Identifier le paradigme de traitement de données statistique,BD1-INT201,Identifier le besoin de mise en œuvre de la gestion de la concurrence d'accès,0
concevoir-2.5,Identifier le paradigme de traitement de données statistique,BD1-INT202,Définir les opérations élémentaires (lecture/écriture) réalisées par le SGBD à partir d'un algorithme,0
concevoir-2.5,Identifier le paradigme de traitement de données statistique,BD1-INT203,Poser les verrous en lecture et en écriture (en assurant le verrouillage 2 phases) pour assurer une sérialisation des transactions,0
concevoir-2.5,Identifier le paradigme de traitement de données statistique,BD1-INT204,Associer problème de gestion de la concurrence et propriétés ACID,0
concevoir-2.5,Identifier le paradigme de traitement de données statistique,BD1-INT205,Définir la granule de verrouillage utilisée à partir de l'exécution de transactions,0
concevoir-2.5,Identifier le paradigme de traitement de données statistique,BD1-INT206,Identifier un interblocage (i.e. deadlock),0
concevoir-2.5,Identifier le paradigme de traitement de données statistique,,,0
concevoir-3.1,Évaluer la complexité du traitement,BD1-GEN101,Identifier les caractéristiques d'un problème permettant de justifier d'une base de données selon le modèle relationnel,0
concevoir-3.1,Évaluer la complexité du traitement,BD1-GEN102,Expliquer le fonctionnement général et les principaux objectifs d'un SGBD,0
concevoir-3.1,Évaluer la complexité du traitement,BD1-GEN103,Expliciter les étapes de réalisation d'une base de données relationnelle,0
concevoir-3.1,Évaluer la complexité du traitement,BD1-GEN201,Donner un exemple de relation contenue dans la méta-base,0
concevoir-3.1,Évaluer la complexité du traitement,BD1-GEN202,Différencier le schéma d'une instance de base de données,0
concevoir-3.1,Évaluer la complexité du traitement,BD1-CON101,"Concevoir (i.e. définir les schéma) une base de données relationnelle selon les 3 niveaux d'abstraction : externe, conceptuel, interne",0
concevoir-3.1,Évaluer la complexité du traitement,BD1-CON102,Expliciter les éléments d'un schéma E/A,0
concevoir-3.1,Évaluer la complexité du traitement,BD1-CON103,Produire un schéma relationnel cohérent vis à vis du schéma E/A à partir des règles du cours,0
concevoir-3.1,Évaluer la complexité du traitement,BD1-CON104,"Justifier des méthodes de transformation M, N (cas 4) vs. 1,1 (cas 3)",0
concevoir-3.1,Évaluer la complexité du traitement,BD1-CON105,Définir une clé primaire appropriée pour une table au regard du contexte,0
concevoir-3.1,Évaluer la complexité du traitement,BD1-CON106,Définir une clé primaire appropriée pour une table au regard d'un ensemble de dépendances fonctionnelles,0
concevoir-3.1,Évaluer la complexité du traitement,BD1-CON107,Définir les contraintes d'intégrité référentielles,0
concevoir-3.1,Évaluer la complexité du traitement,BD1-CON108,Définir les (autres) contraintes d'intégrité appropriées au regard du contexte,0
concevoir-3.1,Évaluer la complexité du traitement,BD1-EVA201,Identifier les anomalies d'un schéma relationnel,0
concevoir-3.1,Évaluer la complexité du traitement,BD1-EVA202,Définir les dépendances fonctionnelles entre les attributs,0
concevoir-3.1,Évaluer la complexité du traitement,BD1-EVA203,Décomposer un schéma relationnel de manière approprié,0
concevoir-3.1,Évaluer la complexité du traitement,BD1-EVA204,Évaluer la forme normale d'un schéma relationnel,0
concevoir-3.1,Évaluer la complexité du traitement,BD1-EVA205,Réaliser la fermeture transitive d'une couverture minimale,0
concevoir-3.1,Évaluer la complexité du traitement,BD1-EVA206,Transformer un schéma relationnel pour « améliorer » sa forme normale,0
concevoir-3.1,Évaluer la complexité du traitement,BD1-EVA207,Argumenter en faveur ou non (dénormalisation) de l'équivalence modèle logique vs. modèle physique,0
concevoir-3.1,Évaluer la complexité du traitement,BD1-LAN101,Expliciter les éléments d'une requête en algèbre relationnelle au format textuel,0
concevoir-3.1,Évaluer la complexité du traitement,BD1-LAN102,Écrire une requête en algèbre relationnelle en utilisant les arbres algébriques,0
concevoir-3.1,Évaluer la complexité du traitement,BD1-LAN103,Avoir une intuition de l'optimisation de requête,0
concevoir-3.1,Évaluer la complexité du traitement,BD1-LAN201,Ecrire une requête simple de manipulation de données (LMD) en langage SQL,0
concevoir-3.1,Évaluer la complexité du traitement,BD1-LAN202,Ecrire une requête complexe de manipulation de données (LMD) en langage SQL,0
concevoir-3.1,Évaluer la complexité du traitement,BD1-LAN203,Ecrire une requête de définition de données (LDD) en langage SQL,0
concevoir-3.1,Évaluer la complexité du traitement,BD1-LAN204,Définir des contraintes d'intégrité simples en langage SQL,0
concevoir-3.1,Évaluer la complexité du traitement,BD1-LAN205,Identifier la nécessité de l'usage d'un trigger dans le cadre de la définition des CI (sans l'écrire),0
concevoir-3.1,Évaluer la complexité du traitement,BD1-LAN206,Ecrire une requête d'attribution de droits en langage SQL (centralisé ou non),0
concevoir-3.1,Évaluer la complexité du traitement,BD1-CONT101,Différencier sécurité (contrôle d'autorisation) et consistance (contrôle d'intégrité) des données,0
concevoir-3.1,Évaluer la complexité du traitement,BD1-CONT102,Différencier gestion centralisé/non centralisé des droits,0
concevoir-3.1,Évaluer la complexité du traitement,BD1-CONT201,Différencier vue relationnelle et relation,0
concevoir-3.1,Évaluer la complexité du traitement,BD1-CONT202,Ecrire la requête effectivement réalisée par le SGBD à partir de la définition de la vue interrogée.,0
concevoir-3.1,Évaluer la complexité du traitement,BD1-CONT203,Expliciter les avantages et inconvénients de l'usage des vues relationnelles,0
concevoir-3.1,Évaluer la complexité du traitement,BD1-CONT204,Identifier les problèmes de mise à jour dans les vues relationnelles,0
concevoir-3.1,Évaluer la complexité du traitement,BD1-CONT205,Utiliser la clause « with check option » dans la définition d'une vue relationnelle,0
concevoir-3.1,Évaluer la complexité du traitement,BD1-INT101,Identifier le besoin en optimisation au niveau du stockage. I. e. quand définir un index.,0
concevoir-3.1,Évaluer la complexité du traitement,BD1-INT102,Différencier le placement de l'accès aux données,0
concevoir-3.1,Évaluer la complexité du traitement,BD1-INT201,Identifier le besoin de mise en œuvre de la gestion de la concurrence d'accès,0
concevoir-3.1,Évaluer la complexité du traitement,BD1-INT202,Définir les opérations élémentaires (lecture/écriture) réalisées par le SGBD à partir d'un algorithme,0
concevoir-3.1,Évaluer la complexité du traitement,BD1-INT203,Poser les verrous en lecture et en écriture (en assurant le verrouillage 2 phases) pour assurer une sérialisation des transactions,0
concevoir-3.1,Évaluer la complexité du traitement,BD1-INT204,Associer problème de gestion de la concurrence et propriétés ACID,0
concevoir-3.1,Évaluer la complexité du traitement,BD1-INT205,Définir la granule de verrouillage utilisée à partir de l'exécution de transactions,0
concevoir-3.1,Évaluer la complexité du traitement,BD1-INT206,Identifier un interblocage (i.e. deadlock),0
concevoir-3.1,Évaluer la complexité du traitement,,,0
concevoir-3.2,Intégrer des patrons de conception,BD1-GEN101,Identifier les caractéristiques d'un problème permettant de justifier d'une base de données selon le modèle relationnel,0
concevoir-3.2,Intégrer des patrons de conception,BD1-GEN102,Expliquer le fonctionnement général et les principaux objectifs d'un SGBD,0
concevoir-3.2,Intégrer des patrons de conception,BD1-GEN103,Expliciter les étapes de réalisation d'une base de données relationnelle,0
concevoir-3.2,Intégrer des patrons de conception,BD1-GEN201,Donner un exemple de relation contenue dans la méta-base,0
concevoir-3.2,Intégrer des patrons de conception,BD1-GEN202,Différencier le schéma d'une instance de base de données,0
concevoir-3.2,Intégrer des patrons de conception,BD1-CON101,"Concevoir (i.e. définir les schéma) une base de données relationnelle selon les 3 niveaux d'abstraction : externe, conceptuel, interne",0
concevoir-3.2,Intégrer des patrons de conception,BD1-CON102,Expliciter les éléments d'un schéma E/A,0
concevoir-3.2,Intégrer des patrons de conception,BD1-CON103,Produire un schéma relationnel cohérent vis à vis du schéma E/A à partir des règles du cours,0
concevoir-3.2,Intégrer des patrons de conception,BD1-CON104,"Justifier des méthodes de transformation M, N (cas 4) vs. 1,1 (cas 3)",0
concevoir-3.2,Intégrer des patrons de conception,BD1-CON105,Définir une clé primaire appropriée pour une table au regard du contexte,0
concevoir-3.2,Intégrer des patrons de conception,BD1-CON106,Définir une clé primaire appropriée pour une table au regard d'un ensemble de dépendances fonctionnelles,0
concevoir-3.2,Intégrer des patrons de conception,BD1-CON107,Définir les contraintes d'intégrité référentielles,0
concevoir-3.2,Intégrer des patrons de conception,BD1-CON108,Définir les (autres) contraintes d'intégrité appropriées au regard du contexte,0
concevoir-3.2,Intégrer des patrons de conception,BD1-EVA201,Identifier les anomalies d'un schéma relationnel,0
concevoir-3.2,Intégrer des patrons de conception,BD1-EVA202,Définir les dépendances fonctionnelles entre les attributs,0
concevoir-3.2,Intégrer des patrons de conception,BD1-EVA203,Décomposer un schéma relationnel de manière approprié,0
concevoir-3.2,Intégrer des patrons de conception,BD1-EVA204,Évaluer la forme normale d'un schéma relationnel,0
concevoir-3.2,Intégrer des patrons de conception,BD1-EVA205,Réaliser la fermeture transitive d'une couverture minimale,0
concevoir-3.2,Intégrer des patrons de conception,BD1-EVA206,Transformer un schéma relationnel pour « améliorer » sa forme normale,0
concevoir-3.2,Intégrer des patrons de conception,BD1-EVA207,Argumenter en faveur ou non (dénormalisation) de l'équivalence modèle logique vs. modèle physique,0
concevoir-3.2,Intégrer des patrons de conception,BD1-LAN101,Expliciter les éléments d'une requête en algèbre relationnelle au format textuel,0
concevoir-3.2,Intégrer des patrons de conception,BD1-LAN102,Écrire une requête en algèbre relationnelle en utilisant les arbres algébriques,0
concevoir-3.2,Intégrer des patrons de conception,BD1-LAN103,Avoir une intuition de l'optimisation de requête,0
concevoir-3.2,Intégrer des patrons de conception,BD1-LAN201,Ecrire une requête simple de manipulation de données (LMD) en langage SQL,0
concevoir-3.2,Intégrer des patrons de conception,BD1-LAN202,Ecrire une requête complexe de manipulation de données (LMD) en langage SQL,0
concevoir-3.2,Intégrer des patrons de conception,BD1-LAN203,Ecrire une requête de définition de données (LDD) en langage SQL,0
concevoir-3.2,Intégrer des patrons de conception,BD1-LAN204,Définir des contraintes d'intégrité simples en langage SQL,0
concevoir-3.2,Intégrer des patrons de conception,BD1-LAN205,Identifier la nécessité de l'usage d'un trigger dans le cadre de la définition des CI (sans l'écrire),0
concevoir-3.2,Intégrer des patrons de conception,BD1-LAN206,Ecrire une requête d'attribution de droits en langage SQL (centralisé ou non),0
concevoir-3.2,Intégrer des patrons de conception,BD1-CONT101,Différencier sécurité (contrôle d'autorisation) et consistance (contrôle d'intégrité) des données,0
concevoir-3.2,Intégrer des patrons de conception,BD1-CONT102,Différencier gestion centralisé/non centralisé des droits,0
concevoir-3.2,Intégrer des patrons de conception,BD1-CONT201,Différencier vue relationnelle et relation,0
concevoir-3.2,Intégrer des patrons de conception,BD1-CONT202,Ecrire la requête effectivement réalisée par le SGBD à partir de la définition de la vue interrogée.,0
concevoir-3.2,Intégrer des patrons de conception,BD1-CONT203,Expliciter les avantages et inconvénients de l'usage des vues relationnelles,0
concevoir-3.2,Intégrer des patrons de conception,BD1-CONT204,Identifier les problèmes de mise à jour dans les vues relationnelles,0
concevoir-3.2,Intégrer des patrons de conception,BD1-CONT205,Utiliser la clause « with check option » dans la définition d'une vue relationnelle,0
concevoir-3.2,Intégrer des patrons de conception,BD1-INT101,Identifier le besoin en optimisation au niveau du stockage. I. e. quand définir un index.,0
concevoir-3.2,Intégrer des patrons de conception,BD1-INT102,Différencier le placement de l'accès aux données,0
concevoir-3.2,Intégrer des patrons de conception,BD1-INT201,Identifier le besoin de mise en œuvre de la gestion de la concurrence d'accès,0
concevoir-3.2,Intégrer des patrons de conception,BD1-INT202,Définir les opérations élémentaires (lecture/écriture) réalisées par le SGBD à partir d'un algorithme,0
concevoir-3.2,Intégrer des patrons de conception,BD1-INT203,Poser les verrous en lecture et en écriture (en assurant le verrouillage 2 phases) pour assurer une sérialisation des transactions,0
concevoir-3.2,Intégrer des patrons de conception,BD1-INT204,Associer problème de gestion de la concurrence et propriétés ACID,0
concevoir-3.2,Intégrer des patrons de conception,BD1-INT205,Définir la granule de verrouillage utilisée à partir de l'exécution de transactions,0
concevoir-3.2,Intégrer des patrons de conception,BD1-INT206,Identifier un interblocage (i.e. deadlock),0
concevoir-3.2,Intégrer des patrons de conception,,,0
concevoir-3.3,Adapter le framework,BD1-GEN101,Identifier les caractéristiques d'un problème permettant de justifier d'une base de données selon le modèle relationnel,0
concevoir-3.3,Adapter le framework,BD1-GEN102,Expliquer le fonctionnement général et les principaux objectifs d'un SGBD,0
concevoir-3.3,Adapter le framework,BD1-GEN103,Expliciter les étapes de réalisation d'une base de données relationnelle,0
concevoir-3.3,Adapter le framework,BD1-GEN201,Donner un exemple de relation contenue dans la méta-base,0
concevoir-3.3,Adapter le framework,BD1-GEN202,Différencier le schéma d'une instance de base de données,0
concevoir-3.3,Adapter le framework,BD1-CON101,"Concevoir (i.e. définir les schéma) une base de données relationnelle selon les 3 niveaux d'abstraction : externe, conceptuel, interne",0
concevoir-3.3,Adapter le framework,BD1-CON102,Expliciter les éléments d'un schéma E/A,0
concevoir-3.3,Adapter le framework,BD1-CON103,Produire un schéma relationnel cohérent vis à vis du schéma E/A à partir des règles du cours,0
concevoir-3.3,Adapter le framework,BD1-CON104,"Justifier des méthodes de transformation M, N (cas 4) vs. 1,1 (cas 3)",0
concevoir-3.3,Adapter le framework,BD1-CON105,Définir une clé primaire appropriée pour une table au regard du contexte,0
concevoir-3.3,Adapter le framework,BD1-CON106,Définir une clé primaire appropriée pour une table au regard d'un ensemble de dépendances fonctionnelles,0
concevoir-3.3,Adapter le framework,BD1-CON107,Définir les contraintes d'intégrité référentielles,0
concevoir-3.3,Adapter le framework,BD1-CON108,Définir les (autres) contraintes d'intégrité appropriées au regard du contexte,0
concevoir-3.3,Adapter le framework,BD1-EVA201,Identifier les anomalies d'un schéma relationnel,0
concevoir-3.3,Adapter le framework,BD1-EVA202,Définir les dépendances fonctionnelles entre les attributs,0
concevoir-3.3,Adapter le framework,BD1-EVA203,Décomposer un schéma relationnel de manière approprié,0
concevoir-3.3,Adapter le framework,BD1-EVA204,Évaluer la forme normale d'un schéma relationnel,0
concevoir-3.3,Adapter le framework,BD1-EVA205,Réaliser la fermeture transitive d'une couverture minimale,0
concevoir-3.3,Adapter le framework,BD1-EVA206,Transformer un schéma relationnel pour « améliorer » sa forme normale,0
concevoir-3.3,Adapter le framework,BD1-EVA207,Argumenter en faveur ou non (dénormalisation) de l'équivalence modèle logique vs. modèle physique,0
concevoir-3.3,Adapter le framework,BD1-LAN101,Expliciter les éléments d'une requête en algèbre relationnelle au format textuel,0
concevoir-3.3,Adapter le framework,BD1-LAN102,Écrire une requête en algèbre relationnelle en utilisant les arbres algébriques,0
concevoir-3.3,Adapter le framework,BD1-LAN103,Avoir une intuition de l'optimisation de requête,0
concevoir-3.3,Adapter le framework,BD1-LAN201,Ecrire une requête simple de manipulation de données (LMD) en langage SQL,0
concevoir-3.3,Adapter le framework,BD1-LAN202,Ecrire une requête complexe de manipulation de données (LMD) en langage SQL,0
concevoir-3.3,Adapter le framework,BD1-LAN203,Ecrire une requête de définition de données (LDD) en langage SQL,0
concevoir-3.3,Adapter le framework,BD1-LAN204,Définir des contraintes d'intégrité simples en langage SQL,0
concevoir-3.3,Adapter le framework,BD1-LAN205,Identifier la nécessité de l'usage d'un trigger dans le cadre de la définition des CI (sans l'écrire),0
concevoir-3.3,Adapter le framework,BD1-LAN206,Ecrire une requête d'attribution de droits en langage SQL (centralisé ou non),0
concevoir-3.3,Adapter le framework,BD1-CONT101,Différencier sécurité (contrôle d'autorisation) et consistance (contrôle d'intégrité) des données,0
concevoir-3.3,Adapter le framework,BD1-CONT102,Différencier gestion centralisé/non centralisé des droits,0
concevoir-3.3,Adapter le framework,BD1-CONT201,Différencier vue relationnelle et relation,0
concevoir-3.3,Adapter le framework,BD1-CONT202,Ecrire la requête effectivement réalisée par le SGBD à partir de la définition de la vue interrogée.,0
concevoir-3.3,Adapter le framework,BD1-CONT203,Expliciter les avantages et inconvénients de l'usage des vues relationnelles,0
concevoir-3.3,Adapter le framework,BD1-CONT204,Identifier les problèmes de mise à jour dans les vues relationnelles,0
concevoir-3.3,Adapter le framework,BD1-CONT205,Utiliser la clause « with check option » dans la définition d'une vue relationnelle,0
concevoir-3.3,Adapter le framework,BD1-INT101,Identifier le besoin en optimisation au niveau du stockage. I. e. quand définir un index.,0
concevoir-3.3,Adapter le framework,BD1-INT102,Différencier le placement de l'accès aux données,0
concevoir-3.3,Adapter le framework,BD1-INT201,Identifier le besoin de mise en œuvre de la gestion de la concurrence d'accès,0
concevoir-3.3,Adapter le framework,BD1-INT202,Définir les opérations élémentaires (lecture/écriture) réalisées par le SGBD à partir d'un algorithme,0
concevoir-3.3,Adapter le framework,BD1-INT203,Poser les verrous en lecture et en écriture (en assurant le verrouillage 2 phases) pour assurer une sérialisation des transactions,0
concevoir-3.3,Adapter le framework,BD1-INT204,Associer problème de gestion de la concurrence et propriétés ACID,0
concevoir-3.3,Adapter le framework,BD1-INT205,Définir la granule de verrouillage utilisée à partir de l'exécution de transactions,0
concevoir-3.3,Adapter le framework,BD1-INT206,Identifier un interblocage (i.e. deadlock),0
concevoir-3.3,Adapter le framework,,,0
concevoir-3.4,Échanger de manière adaptée et sécurisée les données,BD1-GEN101,Identifier les caractéristiques d'un problème permettant de justifier d'une base de données selon le modèle relationnel,0
concevoir-3.4,Échanger de manière adaptée et sécurisée les données,BD1-GEN102,Expliquer le fonctionnement général et les principaux objectifs d'un SGBD,0
concevoir-3.4,Échanger de manière adaptée et sécurisée les données,BD1-GEN103,Expliciter les étapes de réalisation d'une base de données relationnelle,0
concevoir-3.4,Échanger de manière adaptée et sécurisée les données,BD1-GEN201,Donner un exemple de relation contenue dans la méta-base,0
concevoir-3.4,Échanger de manière adaptée et sécurisée les données,BD1-GEN202,Différencier le schéma d'une instance de base de données,0
concevoir-3.4,Échanger de manière adaptée et sécurisée les données,BD1-CON101,"Concevoir (i.e. définir les schéma) une base de données relationnelle selon les 3 niveaux d'abstraction : externe, conceptuel, interne",0
concevoir-3.4,Échanger de manière adaptée et sécurisée les données,BD1-CON102,Expliciter les éléments d'un schéma E/A,0
concevoir-3.4,Échanger de manière adaptée et sécurisée les données,BD1-CON103,Produire un schéma relationnel cohérent vis à vis du schéma E/A à partir des règles du cours,0
concevoir-3.4,Échanger de manière adaptée et sécurisée les données,BD1-CON104,"Justifier des méthodes de transformation M, N (cas 4) vs. 1,1 (cas 3)",0
concevoir-3.4,Échanger de manière adaptée et sécurisée les données,BD1-CON105,Définir une clé primaire appropriée pour une table au regard du contexte,0
concevoir-3.4,Échanger de manière adaptée et sécurisée les données,BD1-CON106,Définir une clé primaire appropriée pour une table au regard d'un ensemble de dépendances fonctionnelles,0
concevoir-3.4,Échanger de manière adaptée et sécurisée les données,BD1-CON107,Définir les contraintes d'intégrité référentielles,0
concevoir-3.4,Échanger de manière adaptée et sécurisée les données,BD1-CON108,Définir les (autres) contraintes d'intégrité appropriées au regard du contexte,0
concevoir-3.4,Échanger de manière adaptée et sécurisée les données,BD1-EVA201,Identifier les anomalies d'un schéma relationnel,0
concevoir-3.4,Échanger de manière adaptée et sécurisée les données,BD1-EVA202,Définir les dépendances fonctionnelles entre les attributs,0
concevoir-3.4,Échanger de manière adaptée et sécurisée les données,BD1-EVA203,Décomposer un schéma relationnel de manière approprié,0
concevoir-3.4,Échanger de manière adaptée et sécurisée les données,BD1-EVA204,Évaluer la forme normale d'un schéma relationnel,0
concevoir-3.4,Échanger de manière adaptée et sécurisée les données,BD1-EVA205,Réaliser la fermeture transitive d'une couverture minimale,0
concevoir-3.4,Échanger de manière adaptée et sécurisée les données,BD1-EVA206,Transformer un schéma relationnel pour « améliorer » sa forme normale,0
concevoir-3.4,Échanger de manière adaptée et sécurisée les données,BD1-EVA207,Argumenter en faveur ou non (dénormalisation) de l'équivalence modèle logique vs. modèle physique,0
concevoir-3.4,Échanger de manière adaptée et sécurisée les données,BD1-LAN101,Expliciter les éléments d'une requête en algèbre relationnelle au format textuel,0
concevoir-3.4,Échanger de manière adaptée et sécurisée les données,BD1-LAN102,Écrire une requête en algèbre relationnelle en utilisant les arbres algébriques,0
concevoir-3.4,Échanger de manière adaptée et sécurisée les données,BD1-LAN103,Avoir une intuition de l'optimisation de requête,0
concevoir-3.4,Échanger de manière adaptée et sécurisée les données,BD1-LAN201,Ecrire une requête simple de manipulation de données (LMD) en langage SQL,0
concevoir-3.4,Échanger de manière adaptée et sécurisée les données,BD1-LAN202,Ecrire une requête complexe de manipulation de données (LMD) en langage SQL,0
concevoir-3.4,Échanger de manière adaptée et sécurisée les données,BD1-LAN203,Ecrire une requête de définition de données (LDD) en langage SQL,0
concevoir-3.4,Échanger de manière adaptée et sécurisée les données,BD1-LAN204,Définir des contraintes d'intégrité simples en langage SQL,0
concevoir-3.4,Échanger de manière adaptée et sécurisée les données,BD1-LAN205,Identifier la nécessité de l'usage d'un trigger dans le cadre de la définition des CI (sans l'écrire),0
concevoir-3.4,Échanger de manière adaptée et sécurisée les données,BD1-LAN206,Ecrire une requête d'attribution de droits en langage SQL (centralisé ou non),0
concevoir-3.4,Échanger de manière adaptée et sécurisée les données,BD1-CONT101,Différencier sécurité (contrôle d'autorisation) et consistance (contrôle d'intégrité) des données,0
concevoir-3.4,Échanger de manière adaptée et sécurisée les données,BD1-CONT102,Différencier gestion centralisé/non centralisé des droits,0
concevoir-3.4,Échanger de manière adaptée et sécurisée les données,BD1-CONT201,Différencier vue relationnelle et relation,0
concevoir-3.4,Échanger de manière adaptée et sécurisée les données,BD1-CONT202,Ecrire la requête effectivement réalisée par le SGBD à partir de la définition de la vue interrogée.,0
concevoir-3.4,Échanger de manière adaptée et sécurisée les données,BD1-CONT203,Expliciter les avantages et inconvénients de l'usage des vues relationnelles,0
concevoir-3.4,Échanger de manière adaptée et sécurisée les données,BD1-CONT204,Identifier les problèmes de mise à jour dans les vues relationnelles,0
concevoir-3.4,Échanger de manière adaptée et sécurisée les données,BD1-CONT205,Utiliser la clause « with check option » dans la définition d'une vue relationnelle,0
concevoir-3.4,Échanger de manière adaptée et sécurisée les données,BD1-INT101,Identifier le besoin en optimisation au niveau du stockage. I. e. quand définir un index.,0
concevoir-3.4,Échanger de manière adaptée et sécurisée les données,BD1-INT102,Différencier le placement de l'accès aux données,0
concevoir-3.4,Échanger de manière adaptée et sécurisée les données,BD1-INT201,Identifier le besoin de mise en œuvre de la gestion de la concurrence d'accès,0
concevoir-3.4,Échanger de manière adaptée et sécurisée les données,BD1-INT202,Définir les opérations élémentaires (lecture/écriture) réalisées par le SGBD à partir d'un algorithme,0
concevoir-3.4,Échanger de manière adaptée et sécurisée les données,BD1-INT203,Poser les verrous en lecture et en écriture (en assurant le verrouillage 2 phases) pour assurer une sérialisation des transactions,0
concevoir-3.4,Échanger de manière adaptée et sécurisée les données,BD1-INT204,Associer problème de gestion de la concurrence et propriétés ACID,0
concevoir-3.4,Échanger de manière adaptée et sécurisée les données,BD1-INT205,Définir la granule de verrouillage utilisée à partir de l'exécution de transactions,0
concevoir-3.4,Échanger de manière adaptée et sécurisée les données,BD1-INT206,Identifier un interblocage (i.e. deadlock),0
concevoir-3.4,Échanger de manière adaptée et sécurisée les données,,,0
concevoir-4.1,Aligner des structures de données issues de différents paradigmes,BD1-GEN101,Identifier les caractéristiques d'un problème permettant de justifier d'une base de données selon le modèle relationnel,0
concevoir-4.1,Aligner des structures de données issues de différents paradigmes,BD1-GEN102,Expliquer le fonctionnement général et les principaux objectifs d'un SGBD,0
concevoir-4.1,Aligner des structures de données issues de différents paradigmes,BD1-GEN103,Expliciter les étapes de réalisation d'une base de données relationnelle,0
concevoir-4.1,Aligner des structures de données issues de différents paradigmes,BD1-GEN201,Donner un exemple de relation contenue dans la méta-base,0
concevoir-4.1,Aligner des structures de données issues de différents paradigmes,BD1-GEN202,Différencier le schéma d'une instance de base de données,0
concevoir-4.1,Aligner des structures de données issues de différents paradigmes,BD1-CON101,"Concevoir (i.e. définir les schéma) une base de données relationnelle selon les 3 niveaux d'abstraction : externe, conceptuel, interne",0
concevoir-4.1,Aligner des structures de données issues de différents paradigmes,BD1-CON102,Expliciter les éléments d'un schéma E/A,0
concevoir-4.1,Aligner des structures de données issues de différents paradigmes,BD1-CON103,Produire un schéma relationnel cohérent vis à vis du schéma E/A à partir des règles du cours,0
concevoir-4.1,Aligner des structures de données issues de différents paradigmes,BD1-CON104,"Justifier des méthodes de transformation M, N (cas 4) vs. 1,1 (cas 3)",0
concevoir-4.1,Aligner des structures de données issues de différents paradigmes,BD1-CON105,Définir une clé primaire appropriée pour une table au regard du contexte,0
concevoir-4.1,Aligner des structures de données issues de différents paradigmes,BD1-CON106,Définir une clé primaire appropriée pour une table au regard d'un ensemble de dépendances fonctionnelles,0
concevoir-4.1,Aligner des structures de données issues de différents paradigmes,BD1-CON107,Définir les contraintes d'intégrité référentielles,0
concevoir-4.1,Aligner des structures de données issues de différents paradigmes,BD1-CON108,Définir les (autres) contraintes d'intégrité appropriées au regard du contexte,0
concevoir-4.1,Aligner des structures de données issues de différents paradigmes,BD1-EVA201,Identifier les anomalies d'un schéma relationnel,0
concevoir-4.1,Aligner des structures de données issues de différents paradigmes,BD1-EVA202,Définir les dépendances fonctionnelles entre les attributs,0
concevoir-4.1,Aligner des structures de données issues de différents paradigmes,BD1-EVA203,Décomposer un schéma relationnel de manière approprié,0
concevoir-4.1,Aligner des structures de données issues de différents paradigmes,BD1-EVA204,Évaluer la forme normale d'un schéma relationnel,0
concevoir-4.1,Aligner des structures de données issues de différents paradigmes,BD1-EVA205,Réaliser la fermeture transitive d'une couverture minimale,0
concevoir-4.1,Aligner des structures de données issues de différents paradigmes,BD1-EVA206,Transformer un schéma relationnel pour « améliorer » sa forme normale,0
concevoir-4.1,Aligner des structures de données issues de différents paradigmes,BD1-EVA207,Argumenter en faveur ou non (dénormalisation) de l'équivalence modèle logique vs. modèle physique,0
concevoir-4.1,Aligner des structures de données issues de différents paradigmes,BD1-LAN101,Expliciter les éléments d'une requête en algèbre relationnelle au format textuel,0
concevoir-4.1,Aligner des structures de données issues de différents paradigmes,BD1-LAN102,Écrire une requête en algèbre relationnelle en utilisant les arbres algébriques,0
concevoir-4.1,Aligner des structures de données issues de différents paradigmes,BD1-LAN103,Avoir une intuition de l'optimisation de requête,0
concevoir-4.1,Aligner des structures de données issues de différents paradigmes,BD1-LAN201,Ecrire une requête simple de manipulation de données (LMD) en langage SQL,0
concevoir-4.1,Aligner des structures de données issues de différents paradigmes,BD1-LAN202,Ecrire une requête complexe de manipulation de données (LMD) en langage SQL,0
concevoir-4.1,Aligner des structures de données issues de différents paradigmes,BD1-LAN203,Ecrire une requête de définition de données (LDD) en langage SQL,0
concevoir-4.1,Aligner des structures de données issues de différents paradigmes,BD1-LAN204,Définir des contraintes d'intégrité simples en langage SQL,0
concevoir-4.1,Aligner des structures de données issues de différents paradigmes,BD1-LAN205,Identifier la nécessité de l'usage d'un trigger dans le cadre de la définition des CI (sans l'écrire),0
concevoir-4.1,Aligner des structures de données issues de différents paradigmes,BD1-LAN206,Ecrire une requête d'attribution de droits en langage SQL (centralisé ou non),0
concevoir-4.1,Aligner des structures de données issues de différents paradigmes,BD1-CONT101,Différencier sécurité (contrôle d'autorisation) et consistance (contrôle d'intégrité) des données,0
concevoir-4.1,Aligner des structures de données issues de différents paradigmes,BD1-CONT102,Différencier gestion centralisé/non centralisé des droits,0
concevoir-4.1,Aligner des structures de données issues de différents paradigmes,BD1-CONT201,Différencier vue relationnelle et relation,0
concevoir-4.1,Aligner des structures de données issues de différents paradigmes,BD1-CONT202,Ecrire la requête effectivement réalisée par le SGBD à partir de la définition de la vue interrogée.,0
concevoir-4.1,Aligner des structures de données issues de différents paradigmes,BD1-CONT203,Expliciter les avantages et inconvénients de l'usage des vues relationnelles,0
concevoir-4.1,Aligner des structures de données issues de différents paradigmes,BD1-CONT204,Identifier les problèmes de mise à jour dans les vues relationnelles,0
concevoir-4.1,Aligner des structures de données issues de différents paradigmes,BD1-CONT205,Utiliser la clause « with check option » dans la définition d'une vue relationnelle,0
concevoir-4.1,Aligner des structures de données issues de différents paradigmes,BD1-INT101,Identifier le besoin en optimisation au niveau du stockage. I. e. quand définir un index.,0
concevoir-4.1,Aligner des structures de données issues de différents paradigmes,BD1-INT102,Différencier le placement de l'accès aux données,0
concevoir-4.1,Aligner des structures de données issues de différents paradigmes,BD1-INT201,Identifier le besoin de mise en œuvre de la gestion de la concurrence d'accès,0
concevoir-4.1,Aligner des structures de données issues de différents paradigmes,BD1-INT202,Définir les opérations élémentaires (lecture/écriture) réalisées par le SGBD à partir d'un algorithme,0
concevoir-4.1,Aligner des structures de données issues de différents paradigmes,BD1-INT203,Poser les verrous en lecture et en écriture (en assurant le verrouillage 2 phases) pour assurer une sérialisation des transactions,0
concevoir-4.1,Aligner des structures de données issues de différents paradigmes,BD1-INT204,Associer problème de gestion de la concurrence et propriétés ACID,0
concevoir-4.1,Aligner des structures de données issues de différents paradigmes,BD1-INT205,Définir la granule de verrouillage utilisée à partir de l'exécution de transactions,0
concevoir-4.1,Aligner des structures de données issues de différents paradigmes,BD1-INT206,Identifier un interblocage (i.e. deadlock),0
concevoir-4.1,Aligner des structures de données issues de différents paradigmes,,,0
concevoir-4.2,Choisir le paradigme de programmation le mieux adapté aux traitements,BD1-GEN101,Identifier les caractéristiques d'un problème permettant de justifier d'une base de données selon le modèle relationnel,0
concevoir-4.2,Choisir le paradigme de programmation le mieux adapté aux traitements,BD1-GEN102,Expliquer le fonctionnement général et les principaux objectifs d'un SGBD,0
concevoir-4.2,Choisir le paradigme de programmation le mieux adapté aux traitements,BD1-GEN103,Expliciter les étapes de réalisation d'une base de données relationnelle,0
concevoir-4.2,Choisir le paradigme de programmation le mieux adapté aux traitements,BD1-GEN201,Donner un exemple de relation contenue dans la méta-base,0
concevoir-4.2,Choisir le paradigme de programmation le mieux adapté aux traitements,BD1-GEN202,Différencier le schéma d'une instance de base de données,0
concevoir-4.2,Choisir le paradigme de programmation le mieux adapté aux traitements,BD1-CON101,"Concevoir (i.e. définir les schéma) une base de données relationnelle selon les 3 niveaux d'abstraction : externe, conceptuel, interne",0
concevoir-4.2,Choisir le paradigme de programmation le mieux adapté aux traitements,BD1-CON102,Expliciter les éléments d'un schéma E/A,0
concevoir-4.2,Choisir le paradigme de programmation le mieux adapté aux traitements,BD1-CON103,Produire un schéma relationnel cohérent vis à vis du schéma E/A à partir des règles du cours,0
concevoir-4.2,Choisir le paradigme de programmation le mieux adapté aux traitements,BD1-CON104,"Justifier des méthodes de transformation M, N (cas 4) vs. 1,1 (cas 3)",0
concevoir-4.2,Choisir le paradigme de programmation le mieux adapté aux traitements,BD1-CON105,Définir une clé primaire appropriée pour une table au regard du contexte,0
concevoir-4.2,Choisir le paradigme de programmation le mieux adapté aux traitements,BD1-CON106,Définir une clé primaire appropriée pour une table au regard d'un ensemble de dépendances fonctionnelles,0
concevoir-4.2,Choisir le paradigme de programmation le mieux adapté aux traitements,BD1-CON107,Définir les contraintes d'intégrité référentielles,0
concevoir-4.2,Choisir le paradigme de programmation le mieux adapté aux traitements,BD1-CON108,Définir les (autres) contraintes d'intégrité appropriées au regard du contexte,0
concevoir-4.2,Choisir le paradigme de programmation le mieux adapté aux traitements,BD1-EVA201,Identifier les anomalies d'un schéma relationnel,0
concevoir-4.2,Choisir le paradigme de programmation le mieux adapté aux traitements,BD1-EVA202,Définir les dépendances fonctionnelles entre les attributs,0
concevoir-4.2,Choisir le paradigme de programmation le mieux adapté aux traitements,BD1-EVA203,Décomposer un schéma relationnel de manière approprié,0
concevoir-4.2,Choisir le paradigme de programmation le mieux adapté aux traitements,BD1-EVA204,Évaluer la forme normale d'un schéma relationnel,0
concevoir-4.2,Choisir le paradigme de programmation le mieux adapté aux traitements,BD1-EVA205,Réaliser la fermeture transitive d'une couverture minimale,0
concevoir-4.2,Choisir le paradigme de programmation le mieux adapté aux traitements,BD1-EVA206,Transformer un schéma relationnel pour « améliorer » sa forme normale,0
concevoir-4.2,Choisir le paradigme de programmation le mieux adapté aux traitements,BD1-EVA207,Argumenter en faveur ou non (dénormalisation) de l'équivalence modèle logique vs. modèle physique,0
concevoir-4.2,Choisir le paradigme de programmation le mieux adapté aux traitements,BD1-LAN101,Expliciter les éléments d'une requête en algèbre relationnelle au format textuel,0
concevoir-4.2,Choisir le paradigme de programmation le mieux adapté aux traitements,BD1-LAN102,Écrire une requête en algèbre relationnelle en utilisant les arbres algébriques,0
concevoir-4.2,Choisir le paradigme de programmation le mieux adapté aux traitements,BD1-LAN103,Avoir une intuition de l'optimisation de requête,0
concevoir-4.2,Choisir le paradigme de programmation le mieux adapté aux traitements,BD1-LAN201,Ecrire une requête simple de manipulation de données (LMD) en langage SQL,0
concevoir-4.2,Choisir le paradigme de programmation le mieux adapté aux traitements,BD1-LAN202,Ecrire une requête complexe de manipulation de données (LMD) en langage SQL,0
concevoir-4.2,Choisir le paradigme de programmation le mieux adapté aux traitements,BD1-LAN203,Ecrire une requête de définition de données (LDD) en langage SQL,0
concevoir-4.2,Choisir le paradigme de programmation le mieux adapté aux traitements,BD1-LAN204,Définir des contraintes d'intégrité simples en langage SQL,0
concevoir-4.2,Choisir le paradigme de programmation le mieux adapté aux traitements,BD1-LAN205,Identifier la nécessité de l'usage d'un trigger dans le cadre de la définition des CI (sans l'écrire),0
concevoir-4.2,Choisir le paradigme de programmation le mieux adapté aux traitements,BD1-LAN206,Ecrire une requête d'attribution de droits en langage SQL (centralisé ou non),0
concevoir-4.2,Choisir le paradigme de programmation le mieux adapté aux traitements,BD1-CONT101,Différencier sécurité (contrôle d'autorisation) et consistance (contrôle d'intégrité) des données,0
concevoir-4.2,Choisir le paradigme de programmation le mieux adapté aux traitements,BD1-CONT102,Différencier gestion centralisé/non centralisé des droits,0
concevoir-4.2,Choisir le paradigme de programmation le mieux adapté aux traitements,BD1-CONT201,Différencier vue relationnelle et relation,0
concevoir-4.2,Choisir le paradigme de programmation le mieux adapté aux traitements,BD1-CONT202,Ecrire la requête effectivement réalisée par le SGBD à partir de la définition de la vue interrogée.,0
concevoir-4.2,Choisir le paradigme de programmation le mieux adapté aux traitements,BD1-CONT203,Expliciter les avantages et inconvénients de l'usage des vues relationnelles,0
concevoir-4.2,Choisir le paradigme de programmation le mieux adapté aux traitements,BD1-CONT204,Identifier les problèmes de mise à jour dans les vues relationnelles,0
concevoir-4.2,Choisir le paradigme de programmation le mieux adapté aux traitements,BD1-CONT205,Utiliser la clause « with check option » dans la définition d'une vue relationnelle,0
concevoir-4.2,Choisir le paradigme de programmation le mieux adapté aux traitements,BD1-INT101,Identifier le besoin en optimisation au niveau du stockage. I. e. quand définir un index.,0
concevoir-4.2,Choisir le paradigme de programmation le mieux adapté aux traitements,BD1-INT102,Différencier le placement de l'accès aux données,0
concevoir-4.2,Choisir le paradigme de programmation le mieux adapté aux traitements,BD1-INT201,Identifier le besoin de mise en œuvre de la gestion de la concurrence d'accès,0
concevoir-4.2,Choisir le paradigme de programmation le mieux adapté aux traitements,BD1-INT202,Définir les opérations élémentaires (lecture/écriture) réalisées par le SGBD à partir d'un algorithme,0
concevoir-4.2,Choisir le paradigme de programmation le mieux adapté aux traitements,BD1-INT203,Poser les verrous en lecture et en écriture (en assurant le verrouillage 2 phases) pour assurer une sérialisation des transactions,0
concevoir-4.2,Choisir le paradigme de programmation le mieux adapté aux traitements,BD1-INT204,Associer problème de gestion de la concurrence et propriétés ACID,0
concevoir-4.2,Choisir le paradigme de programmation le mieux adapté aux traitements,BD1-INT205,Définir la granule de verrouillage utilisée à partir de l'exécution de transactions,0
concevoir-4.2,Choisir le paradigme de programmation le mieux adapté aux traitements,BD1-INT206,Identifier un interblocage (i.e. deadlock),0
concevoir-4.2,Choisir le paradigme de programmation le mieux adapté aux traitements,,,0
concevoir-4.3,Choisir les patrons d'architecture,BD1-GEN101,Identifier les caractéristiques d'un problème permettant de justifier d'une base de données selon le modèle relationnel,0
concevoir-4.3,Choisir les patrons d'architecture,BD1-GEN102,Expliquer le fonctionnement général et les principaux objectifs d'un SGBD,0
concevoir-4.3,Choisir les patrons d'architecture,BD1-GEN103,Expliciter les étapes de réalisation d'une base de données relationnelle,0
concevoir-4.3,Choisir les patrons d'architecture,BD1-GEN201,Donner un exemple de relation contenue dans la méta-base,0
concevoir-4.3,Choisir les patrons d'architecture,BD1-GEN202,Différencier le schéma d'une instance de base de données,0
concevoir-4.3,Choisir les patrons d'architecture,BD1-CON101,"Concevoir (i.e. définir les schéma) une base de données relationnelle selon les 3 niveaux d'abstraction : externe, conceptuel, interne",0
concevoir-4.3,Choisir les patrons d'architecture,BD1-CON102,Expliciter les éléments d'un schéma E/A,0
concevoir-4.3,Choisir les patrons d'architecture,BD1-CON103,Produire un schéma relationnel cohérent vis à vis du schéma E/A à partir des règles du cours,0
concevoir-4.3,Choisir les patrons d'architecture,BD1-CON104,"Justifier des méthodes de transformation M, N (cas 4) vs. 1,1 (cas 3)",0
concevoir-4.3,Choisir les patrons d'architecture,BD1-CON105,Définir une clé primaire appropriée pour une table au regard du contexte,0
concevoir-4.3,Choisir les patrons d'architecture,BD1-CON106,Définir une clé primaire appropriée pour une table au regard d'un ensemble de dépendances fonctionnelles,0
concevoir-4.3,Choisir les patrons d'architecture,BD1-CON107,Définir les contraintes d'intégrité référentielles,0
concevoir-4.3,Choisir les patrons d'architecture,BD1-CON108,Définir les (autres) contraintes d'intégrité appropriées au regard du contexte,0
concevoir-4.3,Choisir les patrons d'architecture,BD1-EVA201,Identifier les anomalies d'un schéma relationnel,0
concevoir-4.3,Choisir les patrons d'architecture,BD1-EVA202,Définir les dépendances fonctionnelles entre les attributs,0
concevoir-4.3,Choisir les patrons d'architecture,BD1-EVA203,Décomposer un schéma relationnel de manière approprié,0
concevoir-4.3,Choisir les patrons d'architecture,BD1-EVA204,Évaluer la forme normale d'un schéma relationnel,0
concevoir-4.3,Choisir les patrons d'architecture,BD1-EVA205,Réaliser la fermeture transitive d'une couverture minimale,0
concevoir-4.3,Choisir les patrons d'architecture,BD1-EVA206,Transformer un schéma relationnel pour « améliorer » sa forme normale,0
concevoir-4.3,Choisir les patrons d'architecture,BD1-EVA207,Argumenter en faveur ou non (dénormalisation) de l'équivalence modèle logique vs. modèle physique,0
concevoir-4.3,Choisir les patrons d'architecture,BD1-LAN101,Expliciter les éléments d'une requête en algèbre relationnelle au format textuel,0
concevoir-4.3,Choisir les patrons d'architecture,BD1-LAN102,Écrire une requête en algèbre relationnelle en utilisant les arbres algébriques,0
concevoir-4.3,Choisir les patrons d'architecture,BD1-LAN103,Avoir une intuition de l'optimisation de requête,0
concevoir-4.3,Choisir les patrons d'architecture,BD1-LAN201,Ecrire une requête simple de manipulation de données (LMD) en langage SQL,0
concevoir-4.3,Choisir les patrons d'architecture,BD1-LAN202,Ecrire une requête complexe de manipulation de données (LMD) en langage SQL,0
concevoir-4.3,Choisir les patrons d'architecture,BD1-LAN203,Ecrire une requête de définition de données (LDD) en langage SQL,0
concevoir-4.3,Choisir les patrons d'architecture,BD1-LAN204,Définir des contraintes d'intégrité simples en langage SQL,0
concevoir-4.3,Choisir les patrons d'architecture,BD1-LAN205,Identifier la nécessité de l'usage d'un trigger dans le cadre de la définition des CI (sans l'écrire),0
concevoir-4.3,Choisir les patrons d'architecture,BD1-LAN206,Ecrire une requête d'attribution de droits en langage SQL (centralisé ou non),0
concevoir-4.3,Choisir les patrons d'architecture,BD1-CONT101,Différencier sécurité (contrôle d'autorisation) et consistance (contrôle d'intégrité) des données,0
concevoir-4.3,Choisir les patrons d'architecture,BD1-CONT102,Différencier gestion centralisé/non centralisé des droits,0
concevoir-4.3,Choisir les patrons d'architecture,BD1-CONT201,Différencier vue relationnelle et relation,0
concevoir-4.3,Choisir les patrons d'architecture,BD1-CONT202,Ecrire la requête effectivement réalisée par le SGBD à partir de la définition de la vue interrogée.,0
concevoir-4.3,Choisir les patrons d'architecture,BD1-CONT203,Expliciter les avantages et inconvénients de l'usage des vues relationnelles,0
concevoir-4.3,Choisir les patrons d'architecture,BD1-CONT204,Identifier les problèmes de mise à jour dans les vues relationnelles,0
concevoir-4.3,Choisir les patrons d'architecture,BD1-CONT205,Utiliser la clause « with check option » dans la définition d'une vue relationnelle,0
concevoir-4.3,Choisir les patrons d'architecture,BD1-INT101,Identifier le besoin en optimisation au niveau du stockage. I. e. quand définir un index.,0
concevoir-4.3,Choisir les patrons d'architecture,BD1-INT102,Différencier le placement de l'accès aux données,0
concevoir-4.3,Choisir les patrons d'architecture,BD1-INT201,Identifier le besoin de mise en œuvre de la gestion de la concurrence d'accès,0
concevoir-4.3,Choisir les patrons d'architecture,BD1-INT202,Définir les opérations élémentaires (lecture/écriture) réalisées par le SGBD à partir d'un algorithme,0
concevoir-4.3,Choisir les patrons d'architecture,BD1-INT203,Poser les verrous en lecture et en écriture (en assurant le verrouillage 2 phases) pour assurer une sérialisation des transactions,0
concevoir-4.3,Choisir les patrons d'architecture,BD1-INT204,Associer problème de gestion de la concurrence et propriétés ACID,0
concevoir-4.3,Choisir les patrons d'architecture,BD1-INT205,Définir la granule de verrouillage utilisée à partir de l'exécution de transactions,0
concevoir-4.3,Choisir les patrons d'architecture,BD1-INT206,Identifier un interblocage (i.e. deadlock),0
concevoir-4.3,Choisir les patrons d'architecture,,,0
concevoir-4.4,"Prétraiter, estimer et prédire un signal à l’aide d’un système non linéaire",BD1-GEN101,Identifier les caractéristiques d'un problème permettant de justifier d'une base de données selon le modèle relationnel,0
concevoir-4.4,"Prétraiter, estimer et prédire un signal à l’aide d’un système non linéaire",BD1-GEN102,Expliquer le fonctionnement général et les principaux objectifs d'un SGBD,0
concevoir-4.4,"Prétraiter, estimer et prédire un signal à l’aide d’un système non linéaire",BD1-GEN103,Expliciter les étapes de réalisation d'une base de données relationnelle,0
concevoir-4.4,"Prétraiter, estimer et prédire un signal à l’aide d’un système non linéaire",BD1-GEN201,Donner un exemple de relation contenue dans la méta-base,0
concevoir-4.4,"Prétraiter, estimer et prédire un signal à l’aide d’un système non linéaire",BD1-GEN202,Différencier le schéma d'une instance de base de données,0
concevoir-4.4,"Prétraiter, estimer et prédire un signal à l’aide d’un système non linéaire",BD1-CON101,"Concevoir (i.e. définir les schéma) une base de données relationnelle selon les 3 niveaux d'abstraction : externe, conceptuel, interne",0
concevoir-4.4,"Prétraiter, estimer et prédire un signal à l’aide d’un système non linéaire",BD1-CON102,Expliciter les éléments d'un schéma E/A,0
concevoir-4.4,"Prétraiter, estimer et prédire un signal à l’aide d’un système non linéaire",BD1-CON103,Produire un schéma relationnel cohérent vis à vis du schéma E/A à partir des règles du cours,0
concevoir-4.4,"Prétraiter, estimer et prédire un signal à l’aide d’un système non linéaire",BD1-CON104,"Justifier des méthodes de transformation M, N (cas 4) vs. 1,1 (cas 3)",0
concevoir-4.4,"Prétraiter, estimer et prédire un signal à l’aide d’un système non linéaire",BD1-CON105,Définir une clé primaire appropriée pour une table au regard du contexte,0
concevoir-4.4,"Prétraiter, estimer et prédire un signal à l’aide d’un système non linéaire",BD1-CON106,Définir une clé primaire appropriée pour une table au regard d'un ensemble de dépendances fonctionnelles,0
concevoir-4.4,"Prétraiter, estimer et prédire un signal à l’aide d’un système non linéaire",BD1-CON107,Définir les contraintes d'intégrité référentielles,0
concevoir-4.4,"Prétraiter, estimer et prédire un signal à l’aide d’un système non linéaire",BD1-CON108,Définir les (autres) contraintes d'intégrité appropriées au regard du contexte,0
concevoir-4.4,"Prétraiter, estimer et prédire un signal à l’aide d’un système non linéaire",BD1-EVA201,Identifier les anomalies d'un schéma relationnel,0
concevoir-4.4,"Prétraiter, estimer et prédire un signal à l’aide d’un système non linéaire",BD1-EVA202,Définir les dépendances fonctionnelles entre les attributs,0
concevoir-4.4,"Prétraiter, estimer et prédire un signal à l’aide d’un système non linéaire",BD1-EVA203,Décomposer un schéma relationnel de manière approprié,0
concevoir-4.4,"Prétraiter, estimer et prédire un signal à l’aide d’un système non linéaire",BD1-EVA204,Évaluer la forme normale d'un schéma relationnel,0
concevoir-4.4,"Prétraiter, estimer et prédire un signal à l’aide d’un système non linéaire",BD1-EVA205,Réaliser la fermeture transitive d'une couverture minimale,0
concevoir-4.4,"Prétraiter, estimer et prédire un signal à l’aide d’un système non linéaire",BD1-EVA206,Transformer un schéma relationnel pour « améliorer » sa forme normale,0
concevoir-4.4,"Prétraiter, estimer et prédire un signal à l’aide d’un système non linéaire",BD1-EVA207,Argumenter en faveur ou non (dénormalisation) de l'équivalence modèle logique vs. modèle physique,0
concevoir-4.4,"Prétraiter, estimer et prédire un signal à l’aide d’un système non linéaire",BD1-LAN101,Expliciter les éléments d'une requête en algèbre relationnelle au format textuel,0
concevoir-4.4,"Prétraiter, estimer et prédire un signal à l’aide d’un système non linéaire",BD1-LAN102,Écrire une requête en algèbre relationnelle en utilisant les arbres algébriques,0
concevoir-4.4,"Prétraiter, estimer et prédire un signal à l’aide d’un système non linéaire",BD1-LAN103,Avoir une intuition de l'optimisation de requête,0
concevoir-4.4,"Prétraiter, estimer et prédire un signal à l’aide d’un système non linéaire",BD1-LAN201,Ecrire une requête simple de manipulation de données (LMD) en langage SQL,0
concevoir-4.4,"Prétraiter, estimer et prédire un signal à l’aide d’un système non linéaire",BD1-LAN202,Ecrire une requête complexe de manipulation de données (LMD) en langage SQL,0
concevoir-4.4,"Prétraiter, estimer et prédire un signal à l’aide d’un système non linéaire",BD1-LAN203,Ecrire une requête de définition de données (LDD) en langage SQL,0
concevoir-4.4,"Prétraiter, estimer et prédire un signal à l’aide d’un système non linéaire",BD1-LAN204,Définir des contraintes d'intégrité simples en langage SQL,0
concevoir-4.4,"Prétraiter, estimer et prédire un signal à l’aide d’un système non linéaire",BD1-LAN205,Identifier la nécessité de l'usage d'un trigger dans le cadre de la définition des CI (sans l'écrire),0
concevoir-4.4,"Prétraiter, estimer et prédire un signal à l’aide d’un système non linéaire",BD1-LAN206,Ecrire une requête d'attribution de droits en langage SQL (centralisé ou non),0
concevoir-4.4,"Prétraiter, estimer et prédire un signal à l’aide d’un système non linéaire",BD1-CONT101,Différencier sécurité (contrôle d'autorisation) et consistance (contrôle d'intégrité) des données,0
concevoir-4.4,"Prétraiter, estimer et prédire un signal à l’aide d’un système non linéaire",BD1-CONT102,Différencier gestion centralisé/non centralisé des droits,0
concevoir-4.4,"Prétraiter, estimer et prédire un signal à l’aide d’un système non linéaire",BD1-CONT201,Différencier vue relationnelle et relation,0
concevoir-4.4,"Prétraiter, estimer et prédire un signal à l’aide d’un système non linéaire",BD1-CONT202,Ecrire la requête effectivement réalisée par le SGBD à partir de la définition de la vue interrogée.,0
concevoir-4.4,"Prétraiter, estimer et prédire un signal à l’aide d’un système non linéaire",BD1-CONT203,Expliciter les avantages et inconvénients de l'usage des vues relationnelles,0
concevoir-4.4,"Prétraiter, estimer et prédire un signal à l’aide d’un système non linéaire",BD1-CONT204,Identifier les problèmes de mise à jour dans les vues relationnelles,0
concevoir-4.4,"Prétraiter, estimer et prédire un signal à l’aide d’un système non linéaire",BD1-CONT205,Utiliser la clause « with check option » dans la définition d'une vue relationnelle,0
concevoir-4.4,"Prétraiter, estimer et prédire un signal à l’aide d’un système non linéaire",BD1-INT101,Identifier le besoin en optimisation au niveau du stockage. I. e. quand définir un index.,0
concevoir-4.4,"Prétraiter, estimer et prédire un signal à l’aide d’un système non linéaire",BD1-INT102,Différencier le placement de l'accès aux données,0
concevoir-4.4,"Prétraiter, estimer et prédire un signal à l’aide d’un système non linéaire",BD1-INT201,Identifier le besoin de mise en œuvre de la gestion de la concurrence d'accès,0
concevoir-4.4,"Prétraiter, estimer et prédire un signal à l’aide d’un système non linéaire",BD1-INT202,Définir les opérations élémentaires (lecture/écriture) réalisées par le SGBD à partir d'un algorithme,0
concevoir-4.4,"Prétraiter, estimer et prédire un signal à l’aide d’un système non linéaire",BD1-INT203,Poser les verrous en lecture et en écriture (en assurant le verrouillage 2 phases) pour assurer une sérialisation des transactions,0
concevoir-4.4,"Prétraiter, estimer et prédire un signal à l’aide d’un système non linéaire",BD1-INT204,Associer problème de gestion de la concurrence et propriétés ACID,0
concevoir-4.4,"Prétraiter, estimer et prédire un signal à l’aide d’un système non linéaire",BD1-INT205,Définir la granule de verrouillage utilisée à partir de l'exécution de transactions,0
concevoir-4.4,"Prétraiter, estimer et prédire un signal à l’aide d’un système non linéaire",BD1-INT206,Identifier un interblocage (i.e. deadlock),0
concevoir-4.4,"Prétraiter, estimer et prédire un signal à l’aide d’un système non linéaire",,,0
concevoir-4.5,Échanger de manière adaptée et sécurisée les données en temps réel,BD1-GEN101,Identifier les caractéristiques d'un problème permettant de justifier d'une base de données selon le modèle relationnel,0
concevoir-4.5,Échanger de manière adaptée et sécurisée les données en temps réel,BD1-GEN102,Expliquer le fonctionnement général et les principaux objectifs d'un SGBD,0
concevoir-4.5,Échanger de manière adaptée et sécurisée les données en temps réel,BD1-GEN103,Expliciter les étapes de réalisation d'une base de données relationnelle,0
concevoir-4.5,Échanger de manière adaptée et sécurisée les données en temps réel,BD1-GEN201,Donner un exemple de relation contenue dans la méta-base,0
concevoir-4.5,Échanger de manière adaptée et sécurisée les données en temps réel,BD1-GEN202,Différencier le schéma d'une instance de base de données,0
concevoir-4.5,Échanger de manière adaptée et sécurisée les données en temps réel,BD1-CON101,"Concevoir (i.e. définir les schéma) une base de données relationnelle selon les 3 niveaux d'abstraction : externe, conceptuel, interne",0
concevoir-4.5,Échanger de manière adaptée et sécurisée les données en temps réel,BD1-CON102,Expliciter les éléments d'un schéma E/A,0
concevoir-4.5,Échanger de manière adaptée et sécurisée les données en temps réel,BD1-CON103,Produire un schéma relationnel cohérent vis à vis du schéma E/A à partir des règles du cours,0
concevoir-4.5,Échanger de manière adaptée et sécurisée les données en temps réel,BD1-CON104,"Justifier des méthodes de transformation M, N (cas 4) vs. 1,1 (cas 3)",0
concevoir-4.5,Échanger de manière adaptée et sécurisée les données en temps réel,BD1-CON105,Définir une clé primaire appropriée pour une table au regard du contexte,0
concevoir-4.5,Échanger de manière adaptée et sécurisée les données en temps réel,BD1-CON106,Définir une clé primaire appropriée pour une table au regard d'un ensemble de dépendances fonctionnelles,0
concevoir-4.5,Échanger de manière adaptée et sécurisée les données en temps réel,BD1-CON107,Définir les contraintes d'intégrité référentielles,0
concevoir-4.5,Échanger de manière adaptée et sécurisée les données en temps réel,BD1-CON108,Définir les (autres) contraintes d'intégrité appropriées au regard du contexte,0
concevoir-4.5,Échanger de manière adaptée et sécurisée les données en temps réel,BD1-EVA201,Identifier les anomalies d'un schéma relationnel,0
concevoir-4.5,Échanger de manière adaptée et sécurisée les données en temps réel,BD1-EVA202,Définir les dépendances fonctionnelles entre les attributs,0
concevoir-4.5,Échanger de manière adaptée et sécurisée les données en temps réel,BD1-EVA203,Décomposer un schéma relationnel de manière approprié,0
concevoir-4.5,Échanger de manière adaptée et sécurisée les données en temps réel,BD1-EVA204,Évaluer la forme normale d'un schéma relationnel,0
concevoir-4.5,Échanger de manière adaptée et sécurisée les données en temps réel,BD1-EVA205,Réaliser la fermeture transitive d'une couverture minimale,0
concevoir-4.5,Échanger de manière adaptée et sécurisée les données en temps réel,BD1-EVA206,Transformer un schéma relationnel pour « améliorer » sa forme normale,0
concevoir-4.5,Échanger de manière adaptée et sécurisée les données en temps réel,BD1-EVA207,Argumenter en faveur ou non (dénormalisation) de l'équivalence modèle logique vs. modèle physique,0
concevoir-4.5,Échanger de manière adaptée et sécurisée les données en temps réel,BD1-LAN101,Expliciter les éléments d'une requête en algèbre relationnelle au format textuel,0
concevoir-4.5,Échanger de manière adaptée et sécurisée les données en temps réel,BD1-LAN102,Écrire une requête en algèbre relationnelle en utilisant les arbres algébriques,0
concevoir-4.5,Échanger de manière adaptée et sécurisée les données en temps réel,BD1-LAN103,Avoir une intuition de l'optimisation de requête,0
concevoir-4.5,Échanger de manière adaptée et sécurisée les données en temps réel,BD1-LAN201,Ecrire une requête simple de manipulation de données (LMD) en langage SQL,0
concevoir-4.5,Échanger de manière adaptée et sécurisée les données en temps réel,BD1-LAN202,Ecrire une requête complexe de manipulation de données (LMD) en langage SQL,0
concevoir-4.5,Échanger de manière adaptée et sécurisée les données en temps réel,BD1-LAN203,Ecrire une requête de définition de données (LDD) en langage SQL,0
concevoir-4.5,Échanger de manière adaptée et sécurisée les données en temps réel,BD1-LAN204,Définir des contraintes d'intégrité simples en langage SQL,0
concevoir-4.5,Échanger de manière adaptée et sécurisée les données en temps réel,BD1-LAN205,Identifier la nécessité de l'usage d'un trigger dans le cadre de la définition des CI (sans l'écrire),0
concevoir-4.5,Échanger de manière adaptée et sécurisée les données en temps réel,BD1-LAN206,Ecrire une requête d'attribution de droits en langage SQL (centralisé ou non),0
concevoir-4.5,Échanger de manière adaptée et sécurisée les données en temps réel,BD1-CONT101,Différencier sécurité (contrôle d'autorisation) et consistance (contrôle d'intégrité) des données,0
concevoir-4.5,Échanger de manière adaptée et sécurisée les données en temps réel,BD1-CONT102,Différencier gestion centralisé/non centralisé des droits,0
concevoir-4.5,Échanger de manière adaptée et sécurisée les données en temps réel,BD1-CONT201,Différencier vue relationnelle et relation,0
concevoir-4.5,Échanger de manière adaptée et sécurisée les données en temps réel,BD1-CONT202,Ecrire la requête effectivement réalisée par le SGBD à partir de la définition de la vue interrogée.,0
concevoir-4.5,Échanger de manière adaptée et sécurisée les données en temps réel,BD1-CONT203,Expliciter les avantages et inconvénients de l'usage des vues relationnelles,0
concevoir-4.5,Échanger de manière adaptée et sécurisée les données en temps réel,BD1-CONT204,Identifier les problèmes de mise à jour dans les vues relationnelles,0
concevoir-4.5,Échanger de manière adaptée et sécurisée les données en temps réel,BD1-CONT205,Utiliser la clause « with check option » dans la définition d'une vue relationnelle,0
concevoir-4.5,Échanger de manière adaptée et sécurisée les données en temps réel,BD1-INT101,Identifier le besoin en optimisation au niveau du stockage. I. e. quand définir un index.,0
concevoir-4.5,Échanger de manière adaptée et sécurisée les données en temps réel,BD1-INT102,Différencier le placement de l'accès aux données,0
concevoir-4.5,Échanger de manière adaptée et sécurisée les données en temps réel,BD1-INT201,Identifier le besoin de mise en œuvre de la gestion de la concurrence d'accès,0
concevoir-4.5,Échanger de manière adaptée et sécurisée les données en temps réel,BD1-INT202,Définir les opérations élémentaires (lecture/écriture) réalisées par le SGBD à partir d'un algorithme,0
concevoir-4.5,Échanger de manière adaptée et sécurisée les données en temps réel,BD1-INT203,Poser les verrous en lecture et en écriture (en assurant le verrouillage 2 phases) pour assurer une sérialisation des transactions,0
concevoir-4.5,Échanger de manière adaptée et sécurisée les données en temps réel,BD1-INT204,Associer problème de gestion de la concurrence et propriétés ACID,0
concevoir-4.5,Échanger de manière adaptée et sécurisée les données en temps réel,BD1-INT205,Définir la granule de verrouillage utilisée à partir de l'exécution de transactions,0
concevoir-4.5,Échanger de manière adaptée et sécurisée les données en temps réel,BD1-INT206,Identifier un interblocage (i.e. deadlock),0
concevoir-4.5,Échanger de manière adaptée et sécurisée les données en temps réel,,,0
concevoir-4.6,Choisir un modèle optimal d'un problème de traitement de données et évaluer ses performances,BD1-GEN101,Identifier les caractéristiques d'un problème permettant de justifier d'une base de données selon le modèle relationnel,0
concevoir-4.6,Choisir un modèle optimal d'un problème de traitement de données et évaluer ses performances,BD1-GEN102,Expliquer le fonctionnement général et les principaux objectifs d'un SGBD,0
concevoir-4.6,Choisir un modèle optimal d'un problème de traitement de données et évaluer ses performances,BD1-GEN103,Expliciter les étapes de réalisation d'une base de données relationnelle,0
concevoir-4.6,Choisir un modèle optimal d'un problème de traitement de données et évaluer ses performances,BD1-GEN201,Donner un exemple de relation contenue dans la méta-base,0
concevoir-4.6,Choisir un modèle optimal d'un problème de traitement de données et évaluer ses performances,BD1-GEN202,Différencier le schéma d'une instance de base de données,0
concevoir-4.6,Choisir un modèle optimal d'un problème de traitement de données et évaluer ses performances,BD1-CON101,"Concevoir (i.e. définir les schéma) une base de données relationnelle selon les 3 niveaux d'abstraction : externe, conceptuel, interne",0
concevoir-4.6,Choisir un modèle optimal d'un problème de traitement de données et évaluer ses performances,BD1-CON102,Expliciter les éléments d'un schéma E/A,0
concevoir-4.6,Choisir un modèle optimal d'un problème de traitement de données et évaluer ses performances,BD1-CON103,Produire un schéma relationnel cohérent vis à vis du schéma E/A à partir des règles du cours,0
concevoir-4.6,Choisir un modèle optimal d'un problème de traitement de données et évaluer ses performances,BD1-CON104,"Justifier des méthodes de transformation M, N (cas 4) vs. 1,1 (cas 3)",0
concevoir-4.6,Choisir un modèle optimal d'un problème de traitement de données et évaluer ses performances,BD1-CON105,Définir une clé primaire appropriée pour une table au regard du contexte,0
concevoir-4.6,Choisir un modèle optimal d'un problème de traitement de données et évaluer ses performances,BD1-CON106,Définir une clé primaire appropriée pour une table au regard d'un ensemble de dépendances fonctionnelles,0
concevoir-4.6,Choisir un modèle optimal d'un problème de traitement de données et évaluer ses performances,BD1-CON107,Définir les contraintes d'intégrité référentielles,0
concevoir-4.6,Choisir un modèle optimal d'un problème de traitement de données et évaluer ses performances,BD1-CON108,Définir les (autres) contraintes d'intégrité appropriées au regard du contexte,0
concevoir-4.6,Choisir un modèle optimal d'un problème de traitement de données et évaluer ses performances,BD1-EVA201,Identifier les anomalies d'un schéma relationnel,0
concevoir-4.6,Choisir un modèle optimal d'un problème de traitement de données et évaluer ses performances,BD1-EVA202,Définir les dépendances fonctionnelles entre les attributs,0
concevoir-4.6,Choisir un modèle optimal d'un problème de traitement de données et évaluer ses performances,BD1-EVA203,Décomposer un schéma relationnel de manière approprié,0
concevoir-4.6,Choisir un modèle optimal d'un problème de traitement de données et évaluer ses performances,BD1-EVA204,Évaluer la forme normale d'un schéma relationnel,0
concevoir-4.6,Choisir un modèle optimal d'un problème de traitement de données et évaluer ses performances,BD1-EVA205,Réaliser la fermeture transitive d'une couverture minimale,0
concevoir-4.6,Choisir un modèle optimal d'un problème de traitement de données et évaluer ses performances,BD1-EVA206,Transformer un schéma relationnel pour « améliorer » sa forme normale,0
concevoir-4.6,Choisir un modèle optimal d'un problème de traitement de données et évaluer ses performances,BD1-EVA207,Argumenter en faveur ou non (dénormalisation) de l'équivalence modèle logique vs. modèle physique,0
concevoir-4.6,Choisir un modèle optimal d'un problème de traitement de données et évaluer ses performances,BD1-LAN101,Expliciter les éléments d'une requête en algèbre relationnelle au format textuel,0
concevoir-4.6,Choisir un modèle optimal d'un problème de traitement de données et évaluer ses performances,BD1-LAN102,Écrire une requête en algèbre relationnelle en utilisant les arbres algébriques,0
concevoir-4.6,Choisir un modèle optimal d'un problème de traitement de données et évaluer ses performances,BD1-LAN103,Avoir une intuition de l'optimisation de requête,0
concevoir-4.6,Choisir un modèle optimal d'un problème de traitement de données et évaluer ses performances,BD1-LAN201,Ecrire une requête simple de manipulation de données (LMD) en langage SQL,0
concevoir-4.6,Choisir un modèle optimal d'un problème de traitement de données et évaluer ses performances,BD1-LAN202,Ecrire une requête complexe de manipulation de données (LMD) en langage SQL,0
concevoir-4.6,Choisir un modèle optimal d'un problème de traitement de données et évaluer ses performances,BD1-LAN203,Ecrire une requête de définition de données (LDD) en langage SQL,0
concevoir-4.6,Choisir un modèle optimal d'un problème de traitement de données et évaluer ses performances,BD1-LAN204,Définir des contraintes d'intégrité simples en langage SQL,0
concevoir-4.6,Choisir un modèle optimal d'un problème de traitement de données et évaluer ses performances,BD1-LAN205,Identifier la nécessité de l'usage d'un trigger dans le cadre de la définition des CI (sans l'écrire),0
concevoir-4.6,Choisir un modèle optimal d'un problème de traitement de données et évaluer ses performances,BD1-LAN206,Ecrire une requête d'attribution de droits en langage SQL (centralisé ou non),0
concevoir-4.6,Choisir un modèle optimal d'un problème de traitement de données et évaluer ses performances,BD1-CONT101,Différencier sécurité (contrôle d'autorisation) et consistance (contrôle d'intégrité) des données,0
concevoir-4.6,Choisir un modèle optimal d'un problème de traitement de données et évaluer ses performances,BD1-CONT102,Différencier gestion centralisé/non centralisé des droits,0
concevoir-4.6,Choisir un modèle optimal d'un problème de traitement de données et évaluer ses performances,BD1-CONT201,Différencier vue relationnelle et relation,0
concevoir-4.6,Choisir un modèle optimal d'un problème de traitement de données et évaluer ses performances,BD1-CONT202,Ecrire la requête effectivement réalisée par le SGBD à partir de la définition de la vue interrogée.,0
concevoir-4.6,Choisir un modèle optimal d'un problème de traitement de données et évaluer ses performances,BD1-CONT203,Expliciter les avantages et inconvénients de l'usage des vues relationnelles,0
concevoir-4.6,Choisir un modèle optimal d'un problème de traitement de données et évaluer ses performances,BD1-CONT204,Identifier les problèmes de mise à jour dans les vues relationnelles,0
concevoir-4.6,Choisir un modèle optimal d'un problème de traitement de données et évaluer ses performances,BD1-CONT205,Utiliser la clause « with check option » dans la définition d'une vue relationnelle,0
concevoir-4.6,Choisir un modèle optimal d'un problème de traitement de données et évaluer ses performances,BD1-INT101,Identifier le besoin en optimisation au niveau du stockage. I. e. quand définir un index.,0
concevoir-4.6,Choisir un modèle optimal d'un problème de traitement de données et évaluer ses performances,BD1-INT102,Différencier le placement de l'accès aux données,0
concevoir-4.6,Choisir un modèle optimal d'un problème de traitement de données et évaluer ses performances,BD1-INT201,Identifier le besoin de mise en œuvre de la gestion de la concurrence d'accès,0
concevoir-4.6,Choisir un modèle optimal d'un problème de traitement de données et évaluer ses performances,BD1-INT202,Définir les opérations élémentaires (lecture/écriture) réalisées par le SGBD à partir d'un algorithme,0
concevoir-4.6,Choisir un modèle optimal d'un problème de traitement de données et évaluer ses performances,BD1-INT203,Poser les verrous en lecture et en écriture (en assurant le verrouillage 2 phases) pour assurer une sérialisation des transactions,0
concevoir-4.6,Choisir un modèle optimal d'un problème de traitement de données et évaluer ses performances,BD1-INT204,Associer problème de gestion de la concurrence et propriétés ACID,0
concevoir-4.6,Choisir un modèle optimal d'un problème de traitement de données et évaluer ses performances,BD1-INT205,Définir la granule de verrouillage utilisée à partir de l'exécution de transactions,0
concevoir-4.6,Choisir un modèle optimal d'un problème de traitement de données et évaluer ses performances,BD1-INT206,Identifier un interblocage (i.e. deadlock),0
concevoir-4.6,Choisir un modèle optimal d'un problème de traitement de données et évaluer ses performances,,,0
developper-1.1,Implémenter efficacement un algorithme dans un langage de la programmation structurée,BD1-GEN101,Identifier les caractéristiques d'un problème permettant de justifier d'une base de données selon le modèle relationnel,0
developper-1.1,Implémenter efficacement un algorithme dans un langage de la programmation structurée,BD1-GEN102,Expliquer le fonctionnement général et les principaux objectifs d'un SGBD,0
developper-1.1,Implémenter efficacement un algorithme dans un langage de la programmation structurée,BD1-GEN103,Expliciter les étapes de réalisation d'une base de données relationnelle,0
developper-1.1,Implémenter efficacement un algorithme dans un langage de la programmation structurée,BD1-GEN201,Donner un exemple de relation contenue dans la méta-base,0
developper-1.1,Implémenter efficacement un algorithme dans un langage de la programmation structurée,BD1-GEN202,Différencier le schéma d'une instance de base de données,0
developper-1.1,Implémenter efficacement un algorithme dans un langage de la programmation structurée,BD1-CON101,"Concevoir (i.e. définir les schéma) une base de données relationnelle selon les 3 niveaux d'abstraction : externe, conceptuel, interne",0
developper-1.1,Implémenter efficacement un algorithme dans un langage de la programmation structurée,BD1-CON102,Expliciter les éléments d'un schéma E/A,0
developper-1.1,Implémenter efficacement un algorithme dans un langage de la programmation structurée,BD1-CON103,Produire un schéma relationnel cohérent vis à vis du schéma E/A à partir des règles du cours,0
developper-1.1,Implémenter efficacement un algorithme dans un langage de la programmation structurée,BD1-CON104,"Justifier des méthodes de transformation M, N (cas 4) vs. 1,1 (cas 3)",0
developper-1.1,Implémenter efficacement un algorithme dans un langage de la programmation structurée,BD1-CON105,Définir une clé primaire appropriée pour une table au regard du contexte,0
developper-1.1,Implémenter efficacement un algorithme dans un langage de la programmation structurée,BD1-CON106,Définir une clé primaire appropriée pour une table au regard d'un ensemble de dépendances fonctionnelles,0
developper-1.1,Implémenter efficacement un algorithme dans un langage de la programmation structurée,BD1-CON107,Définir les contraintes d'intégrité référentielles,0
developper-1.1,Implémenter efficacement un algorithme dans un langage de la programmation structurée,BD1-CON108,Définir les (autres) contraintes d'intégrité appropriées au regard du contexte,0
developper-1.1,Implémenter efficacement un algorithme dans un langage de la programmation structurée,BD1-EVA201,Identifier les anomalies d'un schéma relationnel,0
developper-1.1,Implémenter efficacement un algorithme dans un langage de la programmation structurée,BD1-EVA202,Définir les dépendances fonctionnelles entre les attributs,0
developper-1.1,Implémenter efficacement un algorithme dans un langage de la programmation structurée,BD1-EVA203,Décomposer un schéma relationnel de manière approprié,0
developper-1.1,Implémenter efficacement un algorithme dans un langage de la programmation structurée,BD1-EVA204,Évaluer la forme normale d'un schéma relationnel,0
developper-1.1,Implémenter efficacement un algorithme dans un langage de la programmation structurée,BD1-EVA205,Réaliser la fermeture transitive d'une couverture minimale,0
developper-1.1,Implémenter efficacement un algorithme dans un langage de la programmation structurée,BD1-EVA206,Transformer un schéma relationnel pour « améliorer » sa forme normale,0
developper-1.1,Implémenter efficacement un algorithme dans un langage de la programmation structurée,BD1-EVA207,Argumenter en faveur ou non (dénormalisation) de l'équivalence modèle logique vs. modèle physique,0
developper-1.1,Implémenter efficacement un algorithme dans un langage de la programmation structurée,BD1-LAN101,Expliciter les éléments d'une requête en algèbre relationnelle au format textuel,0
developper-1.1,Implémenter efficacement un algorithme dans un langage de la programmation structurée,BD1-LAN102,Écrire une requête en algèbre relationnelle en utilisant les arbres algébriques,0
developper-1.1,Implémenter efficacement un algorithme dans un langage de la programmation structurée,BD1-LAN103,Avoir une intuition de l'optimisation de requête,0
developper-1.1,Implémenter efficacement un algorithme dans un langage de la programmation structurée,BD1-LAN201,Ecrire une requête simple de manipulation de données (LMD) en langage SQL,0
developper-1.1,Implémenter efficacement un algorithme dans un langage de la programmation structurée,BD1-LAN202,Ecrire une requête complexe de manipulation de données (LMD) en langage SQL,0
developper-1.1,Implémenter efficacement un algorithme dans un langage de la programmation structurée,BD1-LAN203,Ecrire une requête de définition de données (LDD) en langage SQL,0
developper-1.1,Implémenter efficacement un algorithme dans un langage de la programmation structurée,BD1-LAN204,Définir des contraintes d'intégrité simples en langage SQL,0
developper-1.1,Implémenter efficacement un algorithme dans un langage de la programmation structurée,BD1-LAN205,Identifier la nécessité de l'usage d'un trigger dans le cadre de la définition des CI (sans l'écrire),0
developper-1.1,Implémenter efficacement un algorithme dans un langage de la programmation structurée,BD1-LAN206,Ecrire une requête d'attribution de droits en langage SQL (centralisé ou non),0
developper-1.1,Implémenter efficacement un algorithme dans un langage de la programmation structurée,BD1-CONT101,Différencier sécurité (contrôle d'autorisation) et consistance (contrôle d'intégrité) des données,0
developper-1.1,Implémenter efficacement un algorithme dans un langage de la programmation structurée,BD1-CONT102,Différencier gestion centralisé/non centralisé des droits,0
developper-1.1,Implémenter efficacement un algorithme dans un langage de la programmation structurée,BD1-CONT201,Différencier vue relationnelle et relation,0
developper-1.1,Implémenter efficacement un algorithme dans un langage de la programmation structurée,BD1-CONT202,Ecrire la requête effectivement réalisée par le SGBD à partir de la définition de la vue interrogée.,0
developper-1.1,Implémenter efficacement un algorithme dans un langage de la programmation structurée,BD1-CONT203,Expliciter les avantages et inconvénients de l'usage des vues relationnelles,0
developper-1.1,Implémenter efficacement un algorithme dans un langage de la programmation structurée,BD1-CONT204,Identifier les problèmes de mise à jour dans les vues relationnelles,0
developper-1.1,Implémenter efficacement un algorithme dans un langage de la programmation structurée,BD1-CONT205,Utiliser la clause « with check option » dans la définition d'une vue relationnelle,0
developper-1.1,Implémenter efficacement un algorithme dans un langage de la programmation structurée,BD1-INT101,Identifier le besoin en optimisation au niveau du stockage. I. e. quand définir un index.,0
developper-1.1,Implémenter efficacement un algorithme dans un langage de la programmation structurée,BD1-INT102,Différencier le placement de l'accès aux données,0
developper-1.1,Implémenter efficacement un algorithme dans un langage de la programmation structurée,BD1-INT201,Identifier le besoin de mise en œuvre de la gestion de la concurrence d'accès,0
developper-1.1,Implémenter efficacement un algorithme dans un langage de la programmation structurée,BD1-INT202,Définir les opérations élémentaires (lecture/écriture) réalisées par le SGBD à partir d'un algorithme,0
developper-1.1,Implémenter efficacement un algorithme dans un langage de la programmation structurée,BD1-INT203,Poser les verrous en lecture et en écriture (en assurant le verrouillage 2 phases) pour assurer une sérialisation des transactions,0
developper-1.1,Implémenter efficacement un algorithme dans un langage de la programmation structurée,BD1-INT204,Associer problème de gestion de la concurrence et propriétés ACID,0
developper-1.1,Implémenter efficacement un algorithme dans un langage de la programmation structurée,BD1-INT205,Définir la granule de verrouillage utilisée à partir de l'exécution de transactions,0
developper-1.1,Implémenter efficacement un algorithme dans un langage de la programmation structurée,BD1-INT206,Identifier un interblocage (i.e. deadlock),0
developper-1.1,Implémenter efficacement un algorithme dans un langage de la programmation structurée,,,0
developper-1.2,Utiliser un logiciel de suivi de version,BD1-GEN101,Identifier les caractéristiques d'un problème permettant de justifier d'une base de données selon le modèle relationnel,0
developper-1.2,Utiliser un logiciel de suivi de version,BD1-GEN102,Expliquer le fonctionnement général et les principaux objectifs d'un SGBD,0
developper-1.2,Utiliser un logiciel de suivi de version,BD1-GEN103,Expliciter les étapes de réalisation d'une base de données relationnelle,0
developper-1.2,Utiliser un logiciel de suivi de version,BD1-GEN201,Donner un exemple de relation contenue dans la méta-base,0
developper-1.2,Utiliser un logiciel de suivi de version,BD1-GEN202,Différencier le schéma d'une instance de base de données,0
developper-1.2,Utiliser un logiciel de suivi de version,BD1-CON101,"Concevoir (i.e. définir les schéma) une base de données relationnelle selon les 3 niveaux d'abstraction : externe, conceptuel, interne",0
developper-1.2,Utiliser un logiciel de suivi de version,BD1-CON102,Expliciter les éléments d'un schéma E/A,0
developper-1.2,Utiliser un logiciel de suivi de version,BD1-CON103,Produire un schéma relationnel cohérent vis à vis du schéma E/A à partir des règles du cours,0
developper-1.2,Utiliser un logiciel de suivi de version,BD1-CON104,"Justifier des méthodes de transformation M, N (cas 4) vs. 1,1 (cas 3)",0
developper-1.2,Utiliser un logiciel de suivi de version,BD1-CON105,Définir une clé primaire appropriée pour une table au regard du contexte,0
developper-1.2,Utiliser un logiciel de suivi de version,BD1-CON106,Définir une clé primaire appropriée pour une table au regard d'un ensemble de dépendances fonctionnelles,0
developper-1.2,Utiliser un logiciel de suivi de version,BD1-CON107,Définir les contraintes d'intégrité référentielles,0
developper-1.2,Utiliser un logiciel de suivi de version,BD1-CON108,Définir les (autres) contraintes d'intégrité appropriées au regard du contexte,0
developper-1.2,Utiliser un logiciel de suivi de version,BD1-EVA201,Identifier les anomalies d'un schéma relationnel,0
developper-1.2,Utiliser un logiciel de suivi de version,BD1-EVA202,Définir les dépendances fonctionnelles entre les attributs,0
developper-1.2,Utiliser un logiciel de suivi de version,BD1-EVA203,Décomposer un schéma relationnel de manière approprié,0
developper-1.2,Utiliser un logiciel de suivi de version,BD1-EVA204,Évaluer la forme normale d'un schéma relationnel,0
developper-1.2,Utiliser un logiciel de suivi de version,BD1-EVA205,Réaliser la fermeture transitive d'une couverture minimale,0
developper-1.2,Utiliser un logiciel de suivi de version,BD1-EVA206,Transformer un schéma relationnel pour « améliorer » sa forme normale,0
developper-1.2,Utiliser un logiciel de suivi de version,BD1-EVA207,Argumenter en faveur ou non (dénormalisation) de l'équivalence modèle logique vs. modèle physique,0
developper-1.2,Utiliser un logiciel de suivi de version,BD1-LAN101,Expliciter les éléments d'une requête en algèbre relationnelle au format textuel,0
developper-1.2,Utiliser un logiciel de suivi de version,BD1-LAN102,Écrire une requête en algèbre relationnelle en utilisant les arbres algébriques,0
developper-1.2,Utiliser un logiciel de suivi de version,BD1-LAN103,Avoir une intuition de l'optimisation de requête,0
developper-1.2,Utiliser un logiciel de suivi de version,BD1-LAN201,Ecrire une requête simple de manipulation de données (LMD) en langage SQL,0
developper-1.2,Utiliser un logiciel de suivi de version,BD1-LAN202,Ecrire une requête complexe de manipulation de données (LMD) en langage SQL,0
developper-1.2,Utiliser un logiciel de suivi de version,BD1-LAN203,Ecrire une requête de définition de données (LDD) en langage SQL,0
developper-1.2,Utiliser un logiciel de suivi de version,BD1-LAN204,Définir des contraintes d'intégrité simples en langage SQL,0
developper-1.2,Utiliser un logiciel de suivi de version,BD1-LAN205,Identifier la nécessité de l'usage d'un trigger dans le cadre de la définition des CI (sans l'écrire),0
developper-1.2,Utiliser un logiciel de suivi de version,BD1-LAN206,Ecrire une requête d'attribution de droits en langage SQL (centralisé ou non),0
developper-1.2,Utiliser un logiciel de suivi de version,BD1-CONT101,Différencier sécurité (contrôle d'autorisation) et consistance (contrôle d'intégrité) des données,0
developper-1.2,Utiliser un logiciel de suivi de version,BD1-CONT102,Différencier gestion centralisé/non centralisé des droits,0
developper-1.2,Utiliser un logiciel de suivi de version,BD1-CONT201,Différencier vue relationnelle et relation,0
developper-1.2,Utiliser un logiciel de suivi de version,BD1-CONT202,Ecrire la requête effectivement réalisée par le SGBD à partir de la définition de la vue interrogée.,0
developper-1.2,Utiliser un logiciel de suivi de version,BD1-CONT203,Expliciter les avantages et inconvénients de l'usage des vues relationnelles,0
developper-1.2,Utiliser un logiciel de suivi de version,BD1-CONT204,Identifier les problèmes de mise à jour dans les vues relationnelles,0
developper-1.2,Utiliser un logiciel de suivi de version,BD1-CONT205,Utiliser la clause « with check option » dans la définition d'une vue relationnelle,0
developper-1.2,Utiliser un logiciel de suivi de version,BD1-INT101,Identifier le besoin en optimisation au niveau du stockage. I. e. quand définir un index.,0
developper-1.2,Utiliser un logiciel de suivi de version,BD1-INT102,Différencier le placement de l'accès aux données,0
developper-1.2,Utiliser un logiciel de suivi de version,BD1-INT201,Identifier le besoin de mise en œuvre de la gestion de la concurrence d'accès,0
developper-1.2,Utiliser un logiciel de suivi de version,BD1-INT202,Définir les opérations élémentaires (lecture/écriture) réalisées par le SGBD à partir d'un algorithme,0
developper-1.2,Utiliser un logiciel de suivi de version,BD1-INT203,Poser les verrous en lecture et en écriture (en assurant le verrouillage 2 phases) pour assurer une sérialisation des transactions,0
developper-1.2,Utiliser un logiciel de suivi de version,BD1-INT204,Associer problème de gestion de la concurrence et propriétés ACID,0
developper-1.2,Utiliser un logiciel de suivi de version,BD1-INT205,Définir la granule de verrouillage utilisée à partir de l'exécution de transactions,0
developper-1.2,Utiliser un logiciel de suivi de version,BD1-INT206,Identifier un interblocage (i.e. deadlock),0
developper-1.2,Utiliser un logiciel de suivi de version,,,0
developper-1.3,Caractériser le matériel et le système au regard des besoins,BD1-GEN101,Identifier les caractéristiques d'un problème permettant de justifier d'une base de données selon le modèle relationnel,0
developper-1.3,Caractériser le matériel et le système au regard des besoins,BD1-GEN102,Expliquer le fonctionnement général et les principaux objectifs d'un SGBD,0
developper-1.3,Caractériser le matériel et le système au regard des besoins,BD1-GEN103,Expliciter les étapes de réalisation d'une base de données relationnelle,0
developper-1.3,Caractériser le matériel et le système au regard des besoins,BD1-GEN201,Donner un exemple de relation contenue dans la méta-base,0
developper-1.3,Caractériser le matériel et le système au regard des besoins,BD1-GEN202,Différencier le schéma d'une instance de base de données,0
developper-1.3,Caractériser le matériel et le système au regard des besoins,BD1-CON101,"Concevoir (i.e. définir les schéma) une base de données relationnelle selon les 3 niveaux d'abstraction : externe, conceptuel, interne",0
developper-1.3,Caractériser le matériel et le système au regard des besoins,BD1-CON102,Expliciter les éléments d'un schéma E/A,0
developper-1.3,Caractériser le matériel et le système au regard des besoins,BD1-CON103,Produire un schéma relationnel cohérent vis à vis du schéma E/A à partir des règles du cours,0
developper-1.3,Caractériser le matériel et le système au regard des besoins,BD1-CON104,"Justifier des méthodes de transformation M, N (cas 4) vs. 1,1 (cas 3)",0
developper-1.3,Caractériser le matériel et le système au regard des besoins,BD1-CON105,Définir une clé primaire appropriée pour une table au regard du contexte,0
developper-1.3,Caractériser le matériel et le système au regard des besoins,BD1-CON106,Définir une clé primaire appropriée pour une table au regard d'un ensemble de dépendances fonctionnelles,0
developper-1.3,Caractériser le matériel et le système au regard des besoins,BD1-CON107,Définir les contraintes d'intégrité référentielles,0
developper-1.3,Caractériser le matériel et le système au regard des besoins,BD1-CON108,Définir les (autres) contraintes d'intégrité appropriées au regard du contexte,0
developper-1.3,Caractériser le matériel et le système au regard des besoins,BD1-EVA201,Identifier les anomalies d'un schéma relationnel,0
developper-1.3,Caractériser le matériel et le système au regard des besoins,BD1-EVA202,Définir les dépendances fonctionnelles entre les attributs,0
developper-1.3,Caractériser le matériel et le système au regard des besoins,BD1-EVA203,Décomposer un schéma relationnel de manière approprié,0
developper-1.3,Caractériser le matériel et le système au regard des besoins,BD1-EVA204,Évaluer la forme normale d'un schéma relationnel,0
developper-1.3,Caractériser le matériel et le système au regard des besoins,BD1-EVA205,Réaliser la fermeture transitive d'une couverture minimale,0
developper-1.3,Caractériser le matériel et le système au regard des besoins,BD1-EVA206,Transformer un schéma relationnel pour « améliorer » sa forme normale,0
developper-1.3,Caractériser le matériel et le système au regard des besoins,BD1-EVA207,Argumenter en faveur ou non (dénormalisation) de l'équivalence modèle logique vs. modèle physique,0
developper-1.3,Caractériser le matériel et le système au regard des besoins,BD1-LAN101,Expliciter les éléments d'une requête en algèbre relationnelle au format textuel,0
developper-1.3,Caractériser le matériel et le système au regard des besoins,BD1-LAN102,Écrire une requête en algèbre relationnelle en utilisant les arbres algébriques,0
developper-1.3,Caractériser le matériel et le système au regard des besoins,BD1-LAN103,Avoir une intuition de l'optimisation de requête,0
developper-1.3,Caractériser le matériel et le système au regard des besoins,BD1-LAN201,Ecrire une requête simple de manipulation de données (LMD) en langage SQL,0
developper-1.3,Caractériser le matériel et le système au regard des besoins,BD1-LAN202,Ecrire une requête complexe de manipulation de données (LMD) en langage SQL,0
developper-1.3,Caractériser le matériel et le système au regard des besoins,BD1-LAN203,Ecrire une requête de définition de données (LDD) en langage SQL,0
developper-1.3,Caractériser le matériel et le système au regard des besoins,BD1-LAN204,Définir des contraintes d'intégrité simples en langage SQL,0
developper-1.3,Caractériser le matériel et le système au regard des besoins,BD1-LAN205,Identifier la nécessité de l'usage d'un trigger dans le cadre de la définition des CI (sans l'écrire),0
developper-1.3,Caractériser le matériel et le système au regard des besoins,BD1-LAN206,Ecrire une requête d'attribution de droits en langage SQL (centralisé ou non),0
developper-1.3,Caractériser le matériel et le système au regard des besoins,BD1-CONT101,Différencier sécurité (contrôle d'autorisation) et consistance (contrôle d'intégrité) des données,0
developper-1.3,Caractériser le matériel et le système au regard des besoins,BD1-CONT102,Différencier gestion centralisé/non centralisé des droits,0
developper-1.3,Caractériser le matériel et le système au regard des besoins,BD1-CONT201,Différencier vue relationnelle et relation,0
developper-1.3,Caractériser le matériel et le système au regard des besoins,BD1-CONT202,Ecrire la requête effectivement réalisée par le SGBD à partir de la définition de la vue interrogée.,0
developper-1.3,Caractériser le matériel et le système au regard des besoins,BD1-CONT203,Expliciter les avantages et inconvénients de l'usage des vues relationnelles,0
developper-1.3,Caractériser le matériel et le système au regard des besoins,BD1-CONT204,Identifier les problèmes de mise à jour dans les vues relationnelles,0
developper-1.3,Caractériser le matériel et le système au regard des besoins,BD1-CONT205,Utiliser la clause « with check option » dans la définition d'une vue relationnelle,0
developper-1.3,Caractériser le matériel et le système au regard des besoins,BD1-INT101,Identifier le besoin en optimisation au niveau du stockage. I. e. quand définir un index.,0
developper-1.3,Caractériser le matériel et le système au regard des besoins,BD1-INT102,Différencier le placement de l'accès aux données,0
developper-1.3,Caractériser le matériel et le système au regard des besoins,BD1-INT201,Identifier le besoin de mise en œuvre de la gestion de la concurrence d'accès,0
developper-1.3,Caractériser le matériel et le système au regard des besoins,BD1-INT202,Définir les opérations élémentaires (lecture/écriture) réalisées par le SGBD à partir d'un algorithme,0
developper-1.3,Caractériser le matériel et le système au regard des besoins,BD1-INT203,Poser les verrous en lecture et en écriture (en assurant le verrouillage 2 phases) pour assurer une sérialisation des transactions,0
developper-1.3,Caractériser le matériel et le système au regard des besoins,BD1-INT204,Associer problème de gestion de la concurrence et propriétés ACID,0
developper-1.3,Caractériser le matériel et le système au regard des besoins,BD1-INT205,Définir la granule de verrouillage utilisée à partir de l'exécution de transactions,0
developper-1.3,Caractériser le matériel et le système au regard des besoins,BD1-INT206,Identifier un interblocage (i.e. deadlock),0
developper-1.3,Caractériser le matériel et le système au regard des besoins,,,0
developper-2.1,Implémenter dans un langage de la programmation orientée objet à partir de diagrammes UML,BD1-GEN101,Identifier les caractéristiques d'un problème permettant de justifier d'une base de données selon le modèle relationnel,0
developper-2.1,Implémenter dans un langage de la programmation orientée objet à partir de diagrammes UML,BD1-GEN102,Expliquer le fonctionnement général et les principaux objectifs d'un SGBD,0
developper-2.1,Implémenter dans un langage de la programmation orientée objet à partir de diagrammes UML,BD1-GEN103,Expliciter les étapes de réalisation d'une base de données relationnelle,0
developper-2.1,Implémenter dans un langage de la programmation orientée objet à partir de diagrammes UML,BD1-GEN201,Donner un exemple de relation contenue dans la méta-base,0
developper-2.1,Implémenter dans un langage de la programmation orientée objet à partir de diagrammes UML,BD1-GEN202,Différencier le schéma d'une instance de base de données,0
developper-2.1,Implémenter dans un langage de la programmation orientée objet à partir de diagrammes UML,BD1-CON101,"Concevoir (i.e. définir les schéma) une base de données relationnelle selon les 3 niveaux d'abstraction : externe, conceptuel, interne",0
developper-2.1,Implémenter dans un langage de la programmation orientée objet à partir de diagrammes UML,BD1-CON102,Expliciter les éléments d'un schéma E/A,0
developper-2.1,Implémenter dans un langage de la programmation orientée objet à partir de diagrammes UML,BD1-CON103,Produire un schéma relationnel cohérent vis à vis du schéma E/A à partir des règles du cours,0
developper-2.1,Implémenter dans un langage de la programmation orientée objet à partir de diagrammes UML,BD1-CON104,"Justifier des méthodes de transformation M, N (cas 4) vs. 1,1 (cas 3)",0
developper-2.1,Implémenter dans un langage de la programmation orientée objet à partir de diagrammes UML,BD1-CON105,Définir une clé primaire appropriée pour une table au regard du contexte,0
developper-2.1,Implémenter dans un langage de la programmation orientée objet à partir de diagrammes UML,BD1-CON106,Définir une clé primaire appropriée pour une table au regard d'un ensemble de dépendances fonctionnelles,0
developper-2.1,Implémenter dans un langage de la programmation orientée objet à partir de diagrammes UML,BD1-CON107,Définir les contraintes d'intégrité référentielles,0
developper-2.1,Implémenter dans un langage de la programmation orientée objet à partir de diagrammes UML,BD1-CON108,Définir les (autres) contraintes d'intégrité appropriées au regard du contexte,0
developper-2.1,Implémenter dans un langage de la programmation orientée objet à partir de diagrammes UML,BD1-EVA201,Identifier les anomalies d'un schéma relationnel,0
developper-2.1,Implémenter dans un langage de la programmation orientée objet à partir de diagrammes UML,BD1-EVA202,Définir les dépendances fonctionnelles entre les attributs,0
developper-2.1,Implémenter dans un langage de la programmation orientée objet à partir de diagrammes UML,BD1-EVA203,Décomposer un schéma relationnel de manière approprié,0
developper-2.1,Implémenter dans un langage de la programmation orientée objet à partir de diagrammes UML,BD1-EVA204,Évaluer la forme normale d'un schéma relationnel,0
developper-2.1,Implémenter dans un langage de la programmation orientée objet à partir de diagrammes UML,BD1-EVA205,Réaliser la fermeture transitive d'une couverture minimale,0
developper-2.1,Implémenter dans un langage de la programmation orientée objet à partir de diagrammes UML,BD1-EVA206,Transformer un schéma relationnel pour « améliorer » sa forme normale,0
developper-2.1,Implémenter dans un langage de la programmation orientée objet à partir de diagrammes UML,BD1-EVA207,Argumenter en faveur ou non (dénormalisation) de l'équivalence modèle logique vs. modèle physique,0
developper-2.1,Implémenter dans un langage de la programmation orientée objet à partir de diagrammes UML,BD1-LAN101,Expliciter les éléments d'une requête en algèbre relationnelle au format textuel,0
developper-2.1,Implémenter dans un langage de la programmation orientée objet à partir de diagrammes UML,BD1-LAN102,Écrire une requête en algèbre relationnelle en utilisant les arbres algébriques,0
developper-2.1,Implémenter dans un langage de la programmation orientée objet à partir de diagrammes UML,BD1-LAN103,Avoir une intuition de l'optimisation de requête,0
developper-2.1,Implémenter dans un langage de la programmation orientée objet à partir de diagrammes UML,BD1-LAN201,Ecrire une requête simple de manipulation de données (LMD) en langage SQL,0
developper-2.1,Implémenter dans un langage de la programmation orientée objet à partir de diagrammes UML,BD1-LAN202,Ecrire une requête complexe de manipulation de données (LMD) en langage SQL,0
developper-2.1,Implémenter dans un langage de la programmation orientée objet à partir de diagrammes UML,BD1-LAN203,Ecrire une requête de définition de données (LDD) en langage SQL,0
developper-2.1,Implémenter dans un langage de la programmation orientée objet à partir de diagrammes UML,BD1-LAN204,Définir des contraintes d'intégrité simples en langage SQL,0
developper-2.1,Implémenter dans un langage de la programmation orientée objet à partir de diagrammes UML,BD1-LAN205,Identifier la nécessité de l'usage d'un trigger dans le cadre de la définition des CI (sans l'écrire),0
developper-2.1,Implémenter dans un langage de la programmation orientée objet à partir de diagrammes UML,BD1-LAN206,Ecrire une requête d'attribution de droits en langage SQL (centralisé ou non),0
developper-2.1,Implémenter dans un langage de la programmation orientée objet à partir de diagrammes UML,BD1-CONT101,Différencier sécurité (contrôle d'autorisation) et consistance (contrôle d'intégrité) des données,0
developper-2.1,Implémenter dans un langage de la programmation orientée objet à partir de diagrammes UML,BD1-CONT102,Différencier gestion centralisé/non centralisé des droits,0
developper-2.1,Implémenter dans un langage de la programmation orientée objet à partir de diagrammes UML,BD1-CONT201,Différencier vue relationnelle et relation,0
developper-2.1,Implémenter dans un langage de la programmation orientée objet à partir de diagrammes UML,BD1-CONT202,Ecrire la requête effectivement réalisée par le SGBD à partir de la définition de la vue interrogée.,0
developper-2.1,Implémenter dans un langage de la programmation orientée objet à partir de diagrammes UML,BD1-CONT203,Expliciter les avantages et inconvénients de l'usage des vues relationnelles,0
developper-2.1,Implémenter dans un langage de la programmation orientée objet à partir de diagrammes UML,BD1-CONT204,Identifier les problèmes de mise à jour dans les vues relationnelles,0
developper-2.1,Implémenter dans un langage de la programmation orientée objet à partir de diagrammes UML,BD1-CONT205,Utiliser la clause « with check option » dans la définition d'une vue relationnelle,0
developper-2.1,Implémenter dans un langage de la programmation orientée objet à partir de diagrammes UML,BD1-INT101,Identifier le besoin en optimisation au niveau du stockage. I. e. quand définir un index.,0
developper-2.1,Implémenter dans un langage de la programmation orientée objet à partir de diagrammes UML,BD1-INT102,Différencier le placement de l'accès aux données,0
developper-2.1,Implémenter dans un langage de la programmation orientée objet à partir de diagrammes UML,BD1-INT201,Identifier le besoin de mise en œuvre de la gestion de la concurrence d'accès,0
developper-2.1,Implémenter dans un langage de la programmation orientée objet à partir de diagrammes UML,BD1-INT202,Définir les opérations élémentaires (lecture/écriture) réalisées par le SGBD à partir d'un algorithme,0
developper-2.1,Implémenter dans un langage de la programmation orientée objet à partir de diagrammes UML,BD1-INT203,Poser les verrous en lecture et en écriture (en assurant le verrouillage 2 phases) pour assurer une sérialisation des transactions,0
developper-2.1,Implémenter dans un langage de la programmation orientée objet à partir de diagrammes UML,BD1-INT204,Associer problème de gestion de la concurrence et propriétés ACID,0
developper-2.1,Implémenter dans un langage de la programmation orientée objet à partir de diagrammes UML,BD1-INT205,Définir la granule de verrouillage utilisée à partir de l'exécution de transactions,0
developper-2.1,Implémenter dans un langage de la programmation orientée objet à partir de diagrammes UML,BD1-INT206,Identifier un interblocage (i.e. deadlock),0
developper-2.1,Implémenter dans un langage de la programmation orientée objet à partir de diagrammes UML,,,0
developper-2.2,Exploiter une documentation,BD1-GEN101,Identifier les caractéristiques d'un problème permettant de justifier d'une base de données selon le modèle relationnel,0
developper-2.2,Exploiter une documentation,BD1-GEN102,Expliquer le fonctionnement général et les principaux objectifs d'un SGBD,0
developper-2.2,Exploiter une documentation,BD1-GEN103,Expliciter les étapes de réalisation d'une base de données relationnelle,0
developper-2.2,Exploiter une documentation,BD1-GEN201,Donner un exemple de relation contenue dans la méta-base,0
developper-2.2,Exploiter une documentation,BD1-GEN202,Différencier le schéma d'une instance de base de données,0
developper-2.2,Exploiter une documentation,BD1-CON101,"Concevoir (i.e. définir les schéma) une base de données relationnelle selon les 3 niveaux d'abstraction : externe, conceptuel, interne",0
developper-2.2,Exploiter une documentation,BD1-CON102,Expliciter les éléments d'un schéma E/A,0
developper-2.2,Exploiter une documentation,BD1-CON103,Produire un schéma relationnel cohérent vis à vis du schéma E/A à partir des règles du cours,0
developper-2.2,Exploiter une documentation,BD1-CON104,"Justifier des méthodes de transformation M, N (cas 4) vs. 1,1 (cas 3)",0
developper-2.2,Exploiter une documentation,BD1-CON105,Définir une clé primaire appropriée pour une table au regard du contexte,0
developper-2.2,Exploiter une documentation,BD1-CON106,Définir une clé primaire appropriée pour une table au regard d'un ensemble de dépendances fonctionnelles,0
developper-2.2,Exploiter une documentation,BD1-CON107,Définir les contraintes d'intégrité référentielles,0
developper-2.2,Exploiter une documentation,BD1-CON108,Définir les (autres) contraintes d'intégrité appropriées au regard du contexte,0
developper-2.2,Exploiter une documentation,BD1-EVA201,Identifier les anomalies d'un schéma relationnel,0
developper-2.2,Exploiter une documentation,BD1-EVA202,Définir les dépendances fonctionnelles entre les attributs,0
developper-2.2,Exploiter une documentation,BD1-EVA203,Décomposer un schéma relationnel de manière approprié,0
developper-2.2,Exploiter une documentation,BD1-EVA204,Évaluer la forme normale d'un schéma relationnel,0
developper-2.2,Exploiter une documentation,BD1-EVA205,Réaliser la fermeture transitive d'une couverture minimale,0
developper-2.2,Exploiter une documentation,BD1-EVA206,Transformer un schéma relationnel pour « améliorer » sa forme normale,0
developper-2.2,Exploiter une documentation,BD1-EVA207,Argumenter en faveur ou non (dénormalisation) de l'équivalence modèle logique vs. modèle physique,0
developper-2.2,Exploiter une documentation,BD1-LAN101,Expliciter les éléments d'une requête en algèbre relationnelle au format textuel,0
developper-2.2,Exploiter une documentation,BD1-LAN102,Écrire une requête en algèbre relationnelle en utilisant les arbres algébriques,0
developper-2.2,Exploiter une documentation,BD1-LAN103,Avoir une intuition de l'optimisation de requête,0
developper-2.2,Exploiter une documentation,BD1-LAN201,Ecrire une requête simple de manipulation de données (LMD) en langage SQL,1
developper-2.2,Exploiter une documentation,BD1-LAN202,Ecrire une requête complexe de manipulation de données (LMD) en langage SQL,1
developper-2.2,Exploiter une documentation,BD1-LAN203,Ecrire une requête de définition de données (LDD) en langage SQL,1
developper-2.2,Exploiter une documentation,BD1-LAN204,Définir des contraintes d'intégrité simples en langage SQL,1
developper-2.2,Exploiter une documentation,BD1-LAN205,Identifier la nécessité de l'usage d'un trigger dans le cadre de la définition des CI (sans l'écrire),1
developper-2.2,Exploiter une documentation,BD1-LAN206,Ecrire une requête d'attribution de droits en langage SQL (centralisé ou non),1
developper-2.2,Exploiter une documentation,BD1-CONT101,Différencier sécurité (contrôle d'autorisation) et consistance (contrôle d'intégrité) des données,0
developper-2.2,Exploiter une documentation,BD1-CONT102,Différencier gestion centralisé/non centralisé des droits,0
developper-2.2,Exploiter une documentation,BD1-CONT201,Différencier vue relationnelle et relation,0
developper-2.2,Exploiter une documentation,BD1-CONT202,Ecrire la requête effectivement réalisée par le SGBD à partir de la définition de la vue interrogée.,0
developper-2.2,Exploiter une documentation,BD1-CONT203,Expliciter les avantages et inconvénients de l'usage des vues relationnelles,0
developper-2.2,Exploiter une documentation,BD1-CONT204,Identifier les problèmes de mise à jour dans les vues relationnelles,0
developper-2.2,Exploiter une documentation,BD1-CONT205,Utiliser la clause « with check option » dans la définition d'une vue relationnelle,0
developper-2.2,Exploiter une documentation,BD1-INT101,Identifier le besoin en optimisation au niveau du stockage. I. e. quand définir un index.,0
developper-2.2,Exploiter une documentation,BD1-INT102,Différencier le placement de l'accès aux données,0
developper-2.2,Exploiter une documentation,BD1-INT201,Identifier le besoin de mise en œuvre de la gestion de la concurrence d'accès,0
developper-2.2,Exploiter une documentation,BD1-INT202,Définir les opérations élémentaires (lecture/écriture) réalisées par le SGBD à partir d'un algorithme,0
developper-2.2,Exploiter une documentation,BD1-INT203,Poser les verrous en lecture et en écriture (en assurant le verrouillage 2 phases) pour assurer une sérialisation des transactions,0
developper-2.2,Exploiter une documentation,BD1-INT204,Associer problème de gestion de la concurrence et propriétés ACID,0
developper-2.2,Exploiter une documentation,BD1-INT205,Définir la granule de verrouillage utilisée à partir de l'exécution de transactions,0
developper-2.2,Exploiter une documentation,BD1-INT206,Identifier un interblocage (i.e. deadlock),0
developper-2.2,Exploiter une documentation,,,0
developper-3.1,Caractériser et représenter l’information,BD1-GEN101,Identifier les caractéristiques d'un problème permettant de justifier d'une base de données selon le modèle relationnel,0
developper-3.1,Caractériser et représenter l’information,BD1-GEN102,Expliquer le fonctionnement général et les principaux objectifs d'un SGBD,0
developper-3.1,Caractériser et représenter l’information,BD1-GEN103,Expliciter les étapes de réalisation d'une base de données relationnelle,0
developper-3.1,Caractériser et représenter l’information,BD1-GEN201,Donner un exemple de relation contenue dans la méta-base,0
developper-3.1,Caractériser et représenter l’information,BD1-GEN202,Différencier le schéma d'une instance de base de données,0
developper-3.1,Caractériser et représenter l’information,BD1-CON101,"Concevoir (i.e. définir les schéma) une base de données relationnelle selon les 3 niveaux d'abstraction : externe, conceptuel, interne",1
developper-3.1,Caractériser et représenter l’information,BD1-CON102,Expliciter les éléments d'un schéma E/A,1
developper-3.1,Caractériser et représenter l’information,BD1-CON103,Produire un schéma relationnel cohérent vis à vis du schéma E/A à partir des règles du cours,1
developper-3.1,Caractériser et représenter l’information,BD1-CON104,"Justifier des méthodes de transformation M, N (cas 4) vs. 1,1 (cas 3)",1
developper-3.1,Caractériser et représenter l’information,BD1-CON105,Définir une clé primaire appropriée pour une table au regard du contexte,1
developper-3.1,Caractériser et représenter l’information,BD1-CON106,Définir une clé primaire appropriée pour une table au regard d'un ensemble de dépendances fonctionnelles,1
developper-3.1,Caractériser et représenter l’information,BD1-CON107,Définir les contraintes d'intégrité référentielles,1
developper-3.1,Caractériser et représenter l’information,BD1-CON108,Définir les (autres) contraintes d'intégrité appropriées au regard du contexte,1
developper-3.1,Caractériser et représenter l’information,BD1-EVA201,Identifier les anomalies d'un schéma relationnel,0
developper-3.1,Caractériser et représenter l’information,BD1-EVA202,Définir les dépendances fonctionnelles entre les attributs,0
developper-3.1,Caractériser et représenter l’information,BD1-EVA203,Décomposer un schéma relationnel de manière approprié,0
developper-3.1,Caractériser et représenter l’information,BD1-EVA204,Évaluer la forme normale d'un schéma relationnel,0
developper-3.1,Caractériser et représenter l’information,BD1-EVA205,Réaliser la fermeture transitive d'une couverture minimale,0
developper-3.1,Caractériser et représenter l’information,BD1-EVA206,Transformer un schéma relationnel pour « améliorer » sa forme normale,0
developper-3.1,Caractériser et représenter l’information,BD1-EVA207,Argumenter en faveur ou non (dénormalisation) de l'équivalence modèle logique vs. modèle physique,0
developper-3.1,Caractériser et représenter l’information,BD1-LAN101,Expliciter les éléments d'une requête en algèbre relationnelle au format textuel,0
developper-3.1,Caractériser et représenter l’information,BD1-LAN102,Écrire une requête en algèbre relationnelle en utilisant les arbres algébriques,0
developper-3.1,Caractériser et représenter l’information,BD1-LAN103,Avoir une intuition de l'optimisation de requête,0
developper-3.1,Caractériser et représenter l’information,BD1-LAN201,Ecrire une requête simple de manipulation de données (LMD) en langage SQL,0
developper-3.1,Caractériser et représenter l’information,BD1-LAN202,Ecrire une requête complexe de manipulation de données (LMD) en langage SQL,0
developper-3.1,Caractériser et représenter l’information,BD1-LAN203,Ecrire une requête de définition de données (LDD) en langage SQL,0
developper-3.1,Caractériser et représenter l’information,BD1-LAN204,Définir des contraintes d'intégrité simples en langage SQL,0
developper-3.1,Caractériser et représenter l’information,BD1-LAN205,Identifier la nécessité de l'usage d'un trigger dans le cadre de la définition des CI (sans l'écrire),0
developper-3.1,Caractériser et représenter l’information,BD1-LAN206,Ecrire une requête d'attribution de droits en langage SQL (centralisé ou non),0
developper-3.1,Caractériser et représenter l’information,BD1-CONT101,Différencier sécurité (contrôle d'autorisation) et consistance (contrôle d'intégrité) des données,0
developper-3.1,Caractériser et représenter l’information,BD1-CONT102,Différencier gestion centralisé/non centralisé des droits,0
developper-3.1,Caractériser et représenter l’information,BD1-CONT201,Différencier vue relationnelle et relation,0
developper-3.1,Caractériser et représenter l’information,BD1-CONT202,Ecrire la requête effectivement réalisée par le SGBD à partir de la définition de la vue interrogée.,0
developper-3.1,Caractériser et représenter l’information,BD1-CONT203,Expliciter les avantages et inconvénients de l'usage des vues relationnelles,0
developper-3.1,Caractériser et représenter l’information,BD1-CONT204,Identifier les problèmes de mise à jour dans les vues relationnelles,0
developper-3.1,Caractériser et représenter l’information,BD1-CONT205,Utiliser la clause « with check option » dans la définition d'une vue relationnelle,0
developper-3.1,Caractériser et représenter l’information,BD1-INT101,Identifier le besoin en optimisation au niveau du stockage. I. e. quand définir un index.,0
developper-3.1,Caractériser et représenter l’information,BD1-INT102,Différencier le placement de l'accès aux données,0
developper-3.1,Caractériser et représenter l’information,BD1-INT201,Identifier le besoin de mise en œuvre de la gestion de la concurrence d'accès,0
developper-3.1,Caractériser et représenter l’information,BD1-INT202,Définir les opérations élémentaires (lecture/écriture) réalisées par le SGBD à partir d'un algorithme,0
developper-3.1,Caractériser et représenter l’information,BD1-INT203,Poser les verrous en lecture et en écriture (en assurant le verrouillage 2 phases) pour assurer une sérialisation des transactions,0
developper-3.1,Caractériser et représenter l’information,BD1-INT204,Associer problème de gestion de la concurrence et propriétés ACID,0
developper-3.1,Caractériser et représenter l’information,BD1-INT205,Définir la granule de verrouillage utilisée à partir de l'exécution de transactions,0
developper-3.1,Caractériser et représenter l’information,BD1-INT206,Identifier un interblocage (i.e. deadlock),0
developper-3.1,Caractériser et représenter l’information,,,0
developper-3.2,Optimiser et sécuriser l’échange de données,BD1-GEN101,Identifier les caractéristiques d'un problème permettant de justifier d'une base de données selon le modèle relationnel,0
developper-3.2,Optimiser et sécuriser l’échange de données,BD1-GEN102,Expliquer le fonctionnement général et les principaux objectifs d'un SGBD,0
developper-3.2,Optimiser et sécuriser l’échange de données,BD1-GEN103,Expliciter les étapes de réalisation d'une base de données relationnelle,0
developper-3.2,Optimiser et sécuriser l’échange de données,BD1-GEN201,Donner un exemple de relation contenue dans la méta-base,0
developper-3.2,Optimiser et sécuriser l’échange de données,BD1-GEN202,Différencier le schéma d'une instance de base de données,0
developper-3.2,Optimiser et sécuriser l’échange de données,BD1-CON101,"Concevoir (i.e. définir les schéma) une base de données relationnelle selon les 3 niveaux d'abstraction : externe, conceptuel, interne",0
developper-3.2,Optimiser et sécuriser l’échange de données,BD1-CON102,Expliciter les éléments d'un schéma E/A,0
developper-3.2,Optimiser et sécuriser l’échange de données,BD1-CON103,Produire un schéma relationnel cohérent vis à vis du schéma E/A à partir des règles du cours,0
developper-3.2,Optimiser et sécuriser l’échange de données,BD1-CON104,"Justifier des méthodes de transformation M, N (cas 4) vs. 1,1 (cas 3)",0
developper-3.2,Optimiser et sécuriser l’échange de données,BD1-CON105,Définir une clé primaire appropriée pour une table au regard du contexte,0
developper-3.2,Optimiser et sécuriser l’échange de données,BD1-CON106,Définir une clé primaire appropriée pour une table au regard d'un ensemble de dépendances fonctionnelles,0
developper-3.2,Optimiser et sécuriser l’échange de données,BD1-CON107,Définir les contraintes d'intégrité référentielles,0
developper-3.2,Optimiser et sécuriser l’échange de données,BD1-CON108,Définir les (autres) contraintes d'intégrité appropriées au regard du contexte,0
developper-3.2,Optimiser et sécuriser l’échange de données,BD1-EVA201,Identifier les anomalies d'un schéma relationnel,0
developper-3.2,Optimiser et sécuriser l’échange de données,BD1-EVA202,Définir les dépendances fonctionnelles entre les attributs,0
developper-3.2,Optimiser et sécuriser l’échange de données,BD1-EVA203,Décomposer un schéma relationnel de manière approprié,0
developper-3.2,Optimiser et sécuriser l’échange de données,BD1-EVA204,Évaluer la forme normale d'un schéma relationnel,0
developper-3.2,Optimiser et sécuriser l’échange de données,BD1-EVA205,Réaliser la fermeture transitive d'une couverture minimale,0
developper-3.2,Optimiser et sécuriser l’échange de données,BD1-EVA206,Transformer un schéma relationnel pour « améliorer » sa forme normale,0
developper-3.2,Optimiser et sécuriser l’échange de données,BD1-EVA207,Argumenter en faveur ou non (dénormalisation) de l'équivalence modèle logique vs. modèle physique,0
developper-3.2,Optimiser et sécuriser l’échange de données,BD1-LAN101,Expliciter les éléments d'une requête en algèbre relationnelle au format textuel,0
developper-3.2,Optimiser et sécuriser l’échange de données,BD1-LAN102,Écrire une requête en algèbre relationnelle en utilisant les arbres algébriques,0
developper-3.2,Optimiser et sécuriser l’échange de données,BD1-LAN103,Avoir une intuition de l'optimisation de requête,0
developper-3.2,Optimiser et sécuriser l’échange de données,BD1-LAN201,Ecrire une requête simple de manipulation de données (LMD) en langage SQL,0
developper-3.2,Optimiser et sécuriser l’échange de données,BD1-LAN202,Ecrire une requête complexe de manipulation de données (LMD) en langage SQL,0
developper-3.2,Optimiser et sécuriser l’échange de données,BD1-LAN203,Ecrire une requête de définition de données (LDD) en langage SQL,0
developper-3.2,Optimiser et sécuriser l’échange de données,BD1-LAN204,Définir des contraintes d'intégrité simples en langage SQL,0
developper-3.2,Optimiser et sécuriser l’échange de données,BD1-LAN205,Identifier la nécessité de l'usage d'un trigger dans le cadre de la définition des CI (sans l'écrire),0
developper-3.2,Optimiser et sécuriser l’échange de données,BD1-LAN206,Ecrire une requête d'attribution de droits en langage SQL (centralisé ou non),0
developper-3.2,Optimiser et sécuriser l’échange de données,BD1-CONT101,Différencier sécurité (contrôle d'autorisation) et consistance (contrôle d'intégrité) des données,0
developper-3.2,Optimiser et sécuriser l’échange de données,BD1-CONT102,Différencier gestion centralisé/non centralisé des droits,0
developper-3.2,Optimiser et sécuriser l’échange de données,BD1-CONT201,Différencier vue relationnelle et relation,0
developper-3.2,Optimiser et sécuriser l’échange de données,BD1-CONT202,Ecrire la requête effectivement réalisée par le SGBD à partir de la définition de la vue interrogée.,0
developper-3.2,Optimiser et sécuriser l’échange de données,BD1-CONT203,Expliciter les avantages et inconvénients de l'usage des vues relationnelles,0
developper-3.2,Optimiser et sécuriser l’échange de données,BD1-CONT204,Identifier les problèmes de mise à jour dans les vues relationnelles,0
developper-3.2,Optimiser et sécuriser l’échange de données,BD1-CONT205,Utiliser la clause « with check option » dans la définition d'une vue relationnelle,0
developper-3.2,Optimiser et sécuriser l’échange de données,BD1-INT101,Identifier le besoin en optimisation au niveau du stockage. I. e. quand définir un index.,0
developper-3.2,Optimiser et sécuriser l’échange de données,BD1-INT102,Différencier le placement de l'accès aux données,0
developper-3.2,Optimiser et sécuriser l’échange de données,BD1-INT201,Identifier le besoin de mise en œuvre de la gestion de la concurrence d'accès,0
developper-3.2,Optimiser et sécuriser l’échange de données,BD1-INT202,Définir les opérations élémentaires (lecture/écriture) réalisées par le SGBD à partir d'un algorithme,0
developper-3.2,Optimiser et sécuriser l’échange de données,BD1-INT203,Poser les verrous en lecture et en écriture (en assurant le verrouillage 2 phases) pour assurer une sérialisation des transactions,0
developper-3.2,Optimiser et sécuriser l’échange de données,BD1-INT204,Associer problème de gestion de la concurrence et propriétés ACID,0
developper-3.2,Optimiser et sécuriser l’échange de données,BD1-INT205,Définir la granule de verrouillage utilisée à partir de l'exécution de transactions,0
developper-3.2,Optimiser et sécuriser l’échange de données,BD1-INT206,Identifier un interblocage (i.e. deadlock),0
developper-3.2,Optimiser et sécuriser l’échange de données,,,0
developper-3.3,Utiliser et paramétrer des frameworks adaptés,BD1-GEN101,Identifier les caractéristiques d'un problème permettant de justifier d'une base de données selon le modèle relationnel,0
developper-3.3,Utiliser et paramétrer des frameworks adaptés,BD1-GEN102,Expliquer le fonctionnement général et les principaux objectifs d'un SGBD,0
developper-3.3,Utiliser et paramétrer des frameworks adaptés,BD1-GEN103,Expliciter les étapes de réalisation d'une base de données relationnelle,0
developper-3.3,Utiliser et paramétrer des frameworks adaptés,BD1-GEN201,Donner un exemple de relation contenue dans la méta-base,0
developper-3.3,Utiliser et paramétrer des frameworks adaptés,BD1-GEN202,Différencier le schéma d'une instance de base de données,0
developper-3.3,Utiliser et paramétrer des frameworks adaptés,BD1-CON101,"Concevoir (i.e. définir les schéma) une base de données relationnelle selon les 3 niveaux d'abstraction : externe, conceptuel, interne",0
developper-3.3,Utiliser et paramétrer des frameworks adaptés,BD1-CON102,Expliciter les éléments d'un schéma E/A,0
developper-3.3,Utiliser et paramétrer des frameworks adaptés,BD1-CON103,Produire un schéma relationnel cohérent vis à vis du schéma E/A à partir des règles du cours,0
developper-3.3,Utiliser et paramétrer des frameworks adaptés,BD1-CON104,"Justifier des méthodes de transformation M, N (cas 4) vs. 1,1 (cas 3)",0
developper-3.3,Utiliser et paramétrer des frameworks adaptés,BD1-CON105,Définir une clé primaire appropriée pour une table au regard du contexte,0
developper-3.3,Utiliser et paramétrer des frameworks adaptés,BD1-CON106,Définir une clé primaire appropriée pour une table au regard d'un ensemble de dépendances fonctionnelles,0
developper-3.3,Utiliser et paramétrer des frameworks adaptés,BD1-CON107,Définir les contraintes d'intégrité référentielles,0
developper-3.3,Utiliser et paramétrer des frameworks adaptés,BD1-CON108,Définir les (autres) contraintes d'intégrité appropriées au regard du contexte,0
developper-3.3,Utiliser et paramétrer des frameworks adaptés,BD1-EVA201,Identifier les anomalies d'un schéma relationnel,0
developper-3.3,Utiliser et paramétrer des frameworks adaptés,BD1-EVA202,Définir les dépendances fonctionnelles entre les attributs,0
developper-3.3,Utiliser et paramétrer des frameworks adaptés,BD1-EVA203,Décomposer un schéma relationnel de manière approprié,0
developper-3.3,Utiliser et paramétrer des frameworks adaptés,BD1-EVA204,Évaluer la forme normale d'un schéma relationnel,0
developper-3.3,Utiliser et paramétrer des frameworks adaptés,BD1-EVA205,Réaliser la fermeture transitive d'une couverture minimale,0
developper-3.3,Utiliser et paramétrer des frameworks adaptés,BD1-EVA206,Transformer un schéma relationnel pour « améliorer » sa forme normale,0
developper-3.3,Utiliser et paramétrer des frameworks adaptés,BD1-EVA207,Argumenter en faveur ou non (dénormalisation) de l'équivalence modèle logique vs. modèle physique,0
developper-3.3,Utiliser et paramétrer des frameworks adaptés,BD1-LAN101,Expliciter les éléments d'une requête en algèbre relationnelle au format textuel,0
developper-3.3,Utiliser et paramétrer des frameworks adaptés,BD1-LAN102,Écrire une requête en algèbre relationnelle en utilisant les arbres algébriques,0
developper-3.3,Utiliser et paramétrer des frameworks adaptés,BD1-LAN103,Avoir une intuition de l'optimisation de requête,0
developper-3.3,Utiliser et paramétrer des frameworks adaptés,BD1-LAN201,Ecrire une requête simple de manipulation de données (LMD) en langage SQL,0
developper-3.3,Utiliser et paramétrer des frameworks adaptés,BD1-LAN202,Ecrire une requête complexe de manipulation de données (LMD) en langage SQL,0
developper-3.3,Utiliser et paramétrer des frameworks adaptés,BD1-LAN203,Ecrire une requête de définition de données (LDD) en langage SQL,0
developper-3.3,Utiliser et paramétrer des frameworks adaptés,BD1-LAN204,Définir des contraintes d'intégrité simples en langage SQL,0
developper-3.3,Utiliser et paramétrer des frameworks adaptés,BD1-LAN205,Identifier la nécessité de l'usage d'un trigger dans le cadre de la définition des CI (sans l'écrire),0
developper-3.3,Utiliser et paramétrer des frameworks adaptés,BD1-LAN206,Ecrire une requête d'attribution de droits en langage SQL (centralisé ou non),0
developper-3.3,Utiliser et paramétrer des frameworks adaptés,BD1-CONT101,Différencier sécurité (contrôle d'autorisation) et consistance (contrôle d'intégrité) des données,0
developper-3.3,Utiliser et paramétrer des frameworks adaptés,BD1-CONT102,Différencier gestion centralisé/non centralisé des droits,0
developper-3.3,Utiliser et paramétrer des frameworks adaptés,BD1-CONT201,Différencier vue relationnelle et relation,0
developper-3.3,Utiliser et paramétrer des frameworks adaptés,BD1-CONT202,Ecrire la requête effectivement réalisée par le SGBD à partir de la définition de la vue interrogée.,0
developper-3.3,Utiliser et paramétrer des frameworks adaptés,BD1-CONT203,Expliciter les avantages et inconvénients de l'usage des vues relationnelles,0
developper-3.3,Utiliser et paramétrer des frameworks adaptés,BD1-CONT204,Identifier les problèmes de mise à jour dans les vues relationnelles,0
developper-3.3,Utiliser et paramétrer des frameworks adaptés,BD1-CONT205,Utiliser la clause « with check option » dans la définition d'une vue relationnelle,0
developper-3.3,Utiliser et paramétrer des frameworks adaptés,BD1-INT101,Identifier le besoin en optimisation au niveau du stockage. I. e. quand définir un index.,0
developper-3.3,Utiliser et paramétrer des frameworks adaptés,BD1-INT102,Différencier le placement de l'accès aux données,0
developper-3.3,Utiliser et paramétrer des frameworks adaptés,BD1-INT201,Identifier le besoin de mise en œuvre de la gestion de la concurrence d'accès,0
developper-3.3,Utiliser et paramétrer des frameworks adaptés,BD1-INT202,Définir les opérations élémentaires (lecture/écriture) réalisées par le SGBD à partir d'un algorithme,0
developper-3.3,Utiliser et paramétrer des frameworks adaptés,BD1-INT203,Poser les verrous en lecture et en écriture (en assurant le verrouillage 2 phases) pour assurer une sérialisation des transactions,0
developper-3.3,Utiliser et paramétrer des frameworks adaptés,BD1-INT204,Associer problème de gestion de la concurrence et propriétés ACID,0
developper-3.3,Utiliser et paramétrer des frameworks adaptés,BD1-INT205,Définir la granule de verrouillage utilisée à partir de l'exécution de transactions,0
developper-3.3,Utiliser et paramétrer des frameworks adaptés,BD1-INT206,Identifier un interblocage (i.e. deadlock),0
developper-3.3,Utiliser et paramétrer des frameworks adaptés,,,0
developper-4.1,Automatiser les tâches de validation et de déploiement,BD1-GEN101,Identifier les caractéristiques d'un problème permettant de justifier d'une base de données selon le modèle relationnel,0
developper-4.1,Automatiser les tâches de validation et de déploiement,BD1-GEN102,Expliquer le fonctionnement général et les principaux objectifs d'un SGBD,0
developper-4.1,Automatiser les tâches de validation et de déploiement,BD1-GEN103,Expliciter les étapes de réalisation d'une base de données relationnelle,0
developper-4.1,Automatiser les tâches de validation et de déploiement,BD1-GEN201,Donner un exemple de relation contenue dans la méta-base,0
developper-4.1,Automatiser les tâches de validation et de déploiement,BD1-GEN202,Différencier le schéma d'une instance de base de données,0
developper-4.1,Automatiser les tâches de validation et de déploiement,BD1-CON101,"Concevoir (i.e. définir les schéma) une base de données relationnelle selon les 3 niveaux d'abstraction : externe, conceptuel, interne",0
developper-4.1,Automatiser les tâches de validation et de déploiement,BD1-CON102,Expliciter les éléments d'un schéma E/A,0
developper-4.1,Automatiser les tâches de validation et de déploiement,BD1-CON103,Produire un schéma relationnel cohérent vis à vis du schéma E/A à partir des règles du cours,0
developper-4.1,Automatiser les tâches de validation et de déploiement,BD1-CON104,"Justifier des méthodes de transformation M, N (cas 4) vs. 1,1 (cas 3)",0
developper-4.1,Automatiser les tâches de validation et de déploiement,BD1-CON105,Définir une clé primaire appropriée pour une table au regard du contexte,0
developper-4.1,Automatiser les tâches de validation et de déploiement,BD1-CON106,Définir une clé primaire appropriée pour une table au regard d'un ensemble de dépendances fonctionnelles,0
developper-4.1,Automatiser les tâches de validation et de déploiement,BD1-CON107,Définir les contraintes d'intégrité référentielles,0
developper-4.1,Automatiser les tâches de validation et de déploiement,BD1-CON108,Définir les (autres) contraintes d'intégrité appropriées au regard du contexte,0
developper-4.1,Automatiser les tâches de validation et de déploiement,BD1-EVA201,Identifier les anomalies d'un schéma relationnel,0
developper-4.1,Automatiser les tâches de validation et de déploiement,BD1-EVA202,Définir les dépendances fonctionnelles entre les attributs,0
developper-4.1,Automatiser les tâches de validation et de déploiement,BD1-EVA203,Décomposer un schéma relationnel de manière approprié,0
developper-4.1,Automatiser les tâches de validation et de déploiement,BD1-EVA204,Évaluer la forme normale d'un schéma relationnel,0
developper-4.1,Automatiser les tâches de validation et de déploiement,BD1-EVA205,Réaliser la fermeture transitive d'une couverture minimale,0
developper-4.1,Automatiser les tâches de validation et de déploiement,BD1-EVA206,Transformer un schéma relationnel pour « améliorer » sa forme normale,0
developper-4.1,Automatiser les tâches de validation et de déploiement,BD1-EVA207,Argumenter en faveur ou non (dénormalisation) de l'équivalence modèle logique vs. modèle physique,0
developper-4.1,Automatiser les tâches de validation et de déploiement,BD1-LAN101,Expliciter les éléments d'une requête en algèbre relationnelle au format textuel,0
developper-4.1,Automatiser les tâches de validation et de déploiement,BD1-LAN102,Écrire une requête en algèbre relationnelle en utilisant les arbres algébriques,0
developper-4.1,Automatiser les tâches de validation et de déploiement,BD1-LAN103,Avoir une intuition de l'optimisation de requête,0
developper-4.1,Automatiser les tâches de validation et de déploiement,BD1-LAN201,Ecrire une requête simple de manipulation de données (LMD) en langage SQL,0
developper-4.1,Automatiser les tâches de validation et de déploiement,BD1-LAN202,Ecrire une requête complexe de manipulation de données (LMD) en langage SQL,0
developper-4.1,Automatiser les tâches de validation et de déploiement,BD1-LAN203,Ecrire une requête de définition de données (LDD) en langage SQL,0
developper-4.1,Automatiser les tâches de validation et de déploiement,BD1-LAN204,Définir des contraintes d'intégrité simples en langage SQL,0
developper-4.1,Automatiser les tâches de validation et de déploiement,BD1-LAN205,Identifier la nécessité de l'usage d'un trigger dans le cadre de la définition des CI (sans l'écrire),0
developper-4.1,Automatiser les tâches de validation et de déploiement,BD1-LAN206,Ecrire une requête d'attribution de droits en langage SQL (centralisé ou non),0
developper-4.1,Automatiser les tâches de validation et de déploiement,BD1-CONT101,Différencier sécurité (contrôle d'autorisation) et consistance (contrôle d'intégrité) des données,0
developper-4.1,Automatiser les tâches de validation et de déploiement,BD1-CONT102,Différencier gestion centralisé/non centralisé des droits,0
developper-4.1,Automatiser les tâches de validation et de déploiement,BD1-CONT201,Différencier vue relationnelle et relation,0
developper-4.1,Automatiser les tâches de validation et de déploiement,BD1-CONT202,Ecrire la requête effectivement réalisée par le SGBD à partir de la définition de la vue interrogée.,0
developper-4.1,Automatiser les tâches de validation et de déploiement,BD1-CONT203,Expliciter les avantages et inconvénients de l'usage des vues relationnelles,0
developper-4.1,Automatiser les tâches de validation et de déploiement,BD1-CONT204,Identifier les problèmes de mise à jour dans les vues relationnelles,0
developper-4.1,Automatiser les tâches de validation et de déploiement,BD1-CONT205,Utiliser la clause « with check option » dans la définition d'une vue relationnelle,0
developper-4.1,Automatiser les tâches de validation et de déploiement,BD1-INT101,Identifier le besoin en optimisation au niveau du stockage. I. e. quand définir un index.,0
developper-4.1,Automatiser les tâches de validation et de déploiement,BD1-INT102,Différencier le placement de l'accès aux données,0
developper-4.1,Automatiser les tâches de validation et de déploiement,BD1-INT201,Identifier le besoin de mise en œuvre de la gestion de la concurrence d'accès,0
developper-4.1,Automatiser les tâches de validation et de déploiement,BD1-INT202,Définir les opérations élémentaires (lecture/écriture) réalisées par le SGBD à partir d'un algorithme,0
developper-4.1,Automatiser les tâches de validation et de déploiement,BD1-INT203,Poser les verrous en lecture et en écriture (en assurant le verrouillage 2 phases) pour assurer une sérialisation des transactions,0
developper-4.1,Automatiser les tâches de validation et de déploiement,BD1-INT204,Associer problème de gestion de la concurrence et propriétés ACID,0
developper-4.1,Automatiser les tâches de validation et de déploiement,BD1-INT205,Définir la granule de verrouillage utilisée à partir de l'exécution de transactions,0
developper-4.1,Automatiser les tâches de validation et de déploiement,BD1-INT206,Identifier un interblocage (i.e. deadlock),0
developper-4.1,Automatiser les tâches de validation et de déploiement,,,0
developper-4.2,Mettre en œuvre l’architecture matérielle et logicielle,BD1-GEN101,Identifier les caractéristiques d'un problème permettant de justifier d'une base de données selon le modèle relationnel,0
developper-4.2,Mettre en œuvre l’architecture matérielle et logicielle,BD1-GEN102,Expliquer le fonctionnement général et les principaux objectifs d'un SGBD,0
developper-4.2,Mettre en œuvre l’architecture matérielle et logicielle,BD1-GEN103,Expliciter les étapes de réalisation d'une base de données relationnelle,0
developper-4.2,Mettre en œuvre l’architecture matérielle et logicielle,BD1-GEN201,Donner un exemple de relation contenue dans la méta-base,0
developper-4.2,Mettre en œuvre l’architecture matérielle et logicielle,BD1-GEN202,Différencier le schéma d'une instance de base de données,0
developper-4.2,Mettre en œuvre l’architecture matérielle et logicielle,BD1-CON101,"Concevoir (i.e. définir les schéma) une base de données relationnelle selon les 3 niveaux d'abstraction : externe, conceptuel, interne",0
developper-4.2,Mettre en œuvre l’architecture matérielle et logicielle,BD1-CON102,Expliciter les éléments d'un schéma E/A,0
developper-4.2,Mettre en œuvre l’architecture matérielle et logicielle,BD1-CON103,Produire un schéma relationnel cohérent vis à vis du schéma E/A à partir des règles du cours,0
developper-4.2,Mettre en œuvre l’architecture matérielle et logicielle,BD1-CON104,"Justifier des méthodes de transformation M, N (cas 4) vs. 1,1 (cas 3)",0
developper-4.2,Mettre en œuvre l’architecture matérielle et logicielle,BD1-CON105,Définir une clé primaire appropriée pour une table au regard du contexte,0
developper-4.2,Mettre en œuvre l’architecture matérielle et logicielle,BD1-CON106,Définir une clé primaire appropriée pour une table au regard d'un ensemble de dépendances fonctionnelles,0
developper-4.2,Mettre en œuvre l’architecture matérielle et logicielle,BD1-CON107,Définir les contraintes d'intégrité référentielles,0
developper-4.2,Mettre en œuvre l’architecture matérielle et logicielle,BD1-CON108,Définir les (autres) contraintes d'intégrité appropriées au regard du contexte,0
developper-4.2,Mettre en œuvre l’architecture matérielle et logicielle,BD1-EVA201,Identifier les anomalies d'un schéma relationnel,0
developper-4.2,Mettre en œuvre l’architecture matérielle et logicielle,BD1-EVA202,Définir les dépendances fonctionnelles entre les attributs,0
developper-4.2,Mettre en œuvre l’architecture matérielle et logicielle,BD1-EVA203,Décomposer un schéma relationnel de manière approprié,0
developper-4.2,Mettre en œuvre l’architecture matérielle et logicielle,BD1-EVA204,Évaluer la forme normale d'un schéma relationnel,0
developper-4.2,Mettre en œuvre l’architecture matérielle et logicielle,BD1-EVA205,Réaliser la fermeture transitive d'une couverture minimale,0
developper-4.2,Mettre en œuvre l’architecture matérielle et logicielle,BD1-EVA206,Transformer un schéma relationnel pour « améliorer » sa forme normale,0
developper-4.2,Mettre en œuvre l’architecture matérielle et logicielle,BD1-EVA207,Argumenter en faveur ou non (dénormalisation) de l'équivalence modèle logique vs. modèle physique,0
developper-4.2,Mettre en œuvre l’architecture matérielle et logicielle,BD1-LAN101,Expliciter les éléments d'une requête en algèbre relationnelle au format textuel,0
developper-4.2,Mettre en œuvre l’architecture matérielle et logicielle,BD1-LAN102,Écrire une requête en algèbre relationnelle en utilisant les arbres algébriques,0
developper-4.2,Mettre en œuvre l’architecture matérielle et logicielle,BD1-LAN103,Avoir une intuition de l'optimisation de requête,0
developper-4.2,Mettre en œuvre l’architecture matérielle et logicielle,BD1-LAN201,Ecrire une requête simple de manipulation de données (LMD) en langage SQL,0
developper-4.2,Mettre en œuvre l’architecture matérielle et logicielle,BD1-LAN202,Ecrire une requête complexe de manipulation de données (LMD) en langage SQL,0
developper-4.2,Mettre en œuvre l’architecture matérielle et logicielle,BD1-LAN203,Ecrire une requête de définition de données (LDD) en langage SQL,0
developper-4.2,Mettre en œuvre l’architecture matérielle et logicielle,BD1-LAN204,Définir des contraintes d'intégrité simples en langage SQL,0
developper-4.2,Mettre en œuvre l’architecture matérielle et logicielle,BD1-LAN205,Identifier la nécessité de l'usage d'un trigger dans le cadre de la définition des CI (sans l'écrire),0
developper-4.2,Mettre en œuvre l’architecture matérielle et logicielle,BD1-LAN206,Ecrire une requête d'attribution de droits en langage SQL (centralisé ou non),0
developper-4.2,Mettre en œuvre l’architecture matérielle et logicielle,BD1-CONT101,Différencier sécurité (contrôle d'autorisation) et consistance (contrôle d'intégrité) des données,0
developper-4.2,Mettre en œuvre l’architecture matérielle et logicielle,BD1-CONT102,Différencier gestion centralisé/non centralisé des droits,0
developper-4.2,Mettre en œuvre l’architecture matérielle et logicielle,BD1-CONT201,Différencier vue relationnelle et relation,0
developper-4.2,Mettre en œuvre l’architecture matérielle et logicielle,BD1-CONT202,Ecrire la requête effectivement réalisée par le SGBD à partir de la définition de la vue interrogée.,0
developper-4.2,Mettre en œuvre l’architecture matérielle et logicielle,BD1-CONT203,Expliciter les avantages et inconvénients de l'usage des vues relationnelles,0
developper-4.2,Mettre en œuvre l’architecture matérielle et logicielle,BD1-CONT204,Identifier les problèmes de mise à jour dans les vues relationnelles,0
developper-4.2,Mettre en œuvre l’architecture matérielle et logicielle,BD1-CONT205,Utiliser la clause « with check option » dans la définition d'une vue relationnelle,0
developper-4.2,Mettre en œuvre l’architecture matérielle et logicielle,BD1-INT101,Identifier le besoin en optimisation au niveau du stockage. I. e. quand définir un index.,0
developper-4.2,Mettre en œuvre l’architecture matérielle et logicielle,BD1-INT102,Différencier le placement de l'accès aux données,0
developper-4.2,Mettre en œuvre l’architecture matérielle et logicielle,BD1-INT201,Identifier le besoin de mise en œuvre de la gestion de la concurrence d'accès,0
developper-4.2,Mettre en œuvre l’architecture matérielle et logicielle,BD1-INT202,Définir les opérations élémentaires (lecture/écriture) réalisées par le SGBD à partir d'un algorithme,0
developper-4.2,Mettre en œuvre l’architecture matérielle et logicielle,BD1-INT203,Poser les verrous en lecture et en écriture (en assurant le verrouillage 2 phases) pour assurer une sérialisation des transactions,0
developper-4.2,Mettre en œuvre l’architecture matérielle et logicielle,BD1-INT204,Associer problème de gestion de la concurrence et propriétés ACID,0
developper-4.2,Mettre en œuvre l’architecture matérielle et logicielle,BD1-INT205,Définir la granule de verrouillage utilisée à partir de l'exécution de transactions,0
developper-4.2,Mettre en œuvre l’architecture matérielle et logicielle,BD1-INT206,Identifier un interblocage (i.e. deadlock),0
developper-4.2,Mettre en œuvre l’architecture matérielle et logicielle,,,0
gerer-1.1,Utiliser une forge pour la gestion des tickets,BD1-GEN101,Identifier les caractéristiques d'un problème permettant de justifier d'une base de données selon le modèle relationnel,0
gerer-1.1,Utiliser une forge pour la gestion des tickets,BD1-GEN102,Expliquer le fonctionnement général et les principaux objectifs d'un SGBD,0
gerer-1.1,Utiliser une forge pour la gestion des tickets,BD1-GEN103,Expliciter les étapes de réalisation d'une base de données relationnelle,0
gerer-1.1,Utiliser une forge pour la gestion des tickets,BD1-GEN201,Donner un exemple de relation contenue dans la méta-base,0
gerer-1.1,Utiliser une forge pour la gestion des tickets,BD1-GEN202,Différencier le schéma d'une instance de base de données,0
gerer-1.1,Utiliser une forge pour la gestion des tickets,BD1-CON101,"Concevoir (i.e. définir les schéma) une base de données relationnelle selon les 3 niveaux d'abstraction : externe, conceptuel, interne",0
gerer-1.1,Utiliser une forge pour la gestion des tickets,BD1-CON102,Expliciter les éléments d'un schéma E/A,0
gerer-1.1,Utiliser une forge pour la gestion des tickets,BD1-CON103,Produire un schéma relationnel cohérent vis à vis du schéma E/A à partir des règles du cours,0
gerer-1.1,Utiliser une forge pour la gestion des tickets,BD1-CON104,"Justifier des méthodes de transformation M, N (cas 4) vs. 1,1 (cas 3)",0
gerer-1.1,Utiliser une forge pour la gestion des tickets,BD1-CON105,Définir une clé primaire appropriée pour une table au regard du contexte,0
gerer-1.1,Utiliser une forge pour la gestion des tickets,BD1-CON106,Définir une clé primaire appropriée pour une table au regard d'un ensemble de dépendances fonctionnelles,0
gerer-1.1,Utiliser une forge pour la gestion des tickets,BD1-CON107,Définir les contraintes d'intégrité référentielles,0
gerer-1.1,Utiliser une forge pour la gestion des tickets,BD1-CON108,Définir les (autres) contraintes d'intégrité appropriées au regard du contexte,0
gerer-1.1,Utiliser une forge pour la gestion des tickets,BD1-EVA201,Identifier les anomalies d'un schéma relationnel,0
gerer-1.1,Utiliser une forge pour la gestion des tickets,BD1-EVA202,Définir les dépendances fonctionnelles entre les attributs,0
gerer-1.1,Utiliser une forge pour la gestion des tickets,BD1-EVA203,Décomposer un schéma relationnel de manière approprié,0
gerer-1.1,Utiliser une forge pour la gestion des tickets,BD1-EVA204,Évaluer la forme normale d'un schéma relationnel,0
gerer-1.1,Utiliser une forge pour la gestion des tickets,BD1-EVA205,Réaliser la fermeture transitive d'une couverture minimale,0
gerer-1.1,Utiliser une forge pour la gestion des tickets,BD1-EVA206,Transformer un schéma relationnel pour « améliorer » sa forme normale,0
gerer-1.1,Utiliser une forge pour la gestion des tickets,BD1-EVA207,Argumenter en faveur ou non (dénormalisation) de l'équivalence modèle logique vs. modèle physique,0
gerer-1.1,Utiliser une forge pour la gestion des tickets,BD1-LAN101,Expliciter les éléments d'une requête en algèbre relationnelle au format textuel,0
gerer-1.1,Utiliser une forge pour la gestion des tickets,BD1-LAN102,Écrire une requête en algèbre relationnelle en utilisant les arbres algébriques,0
gerer-1.1,Utiliser une forge pour la gestion des tickets,BD1-LAN103,Avoir une intuition de l'optimisation de requête,0
gerer-1.1,Utiliser une forge pour la gestion des tickets,BD1-LAN201,Ecrire une requête simple de manipulation de données (LMD) en langage SQL,0
gerer-1.1,Utiliser une forge pour la gestion des tickets,BD1-LAN202,Ecrire une requête complexe de manipulation de données (LMD) en langage SQL,0
gerer-1.1,Utiliser une forge pour la gestion des tickets,BD1-LAN203,Ecrire une requête de définition de données (LDD) en langage SQL,0
gerer-1.1,Utiliser une forge pour la gestion des tickets,BD1-LAN204,Définir des contraintes d'intégrité simples en langage SQL,0
gerer-1.1,Utiliser une forge pour la gestion des tickets,BD1-LAN205,Identifier la nécessité de l'usage d'un trigger dans le cadre de la définition des CI (sans l'écrire),0
gerer-1.1,Utiliser une forge pour la gestion des tickets,BD1-LAN206,Ecrire une requête d'attribution de droits en langage SQL (centralisé ou non),0
gerer-1.1,Utiliser une forge pour la gestion des tickets,BD1-CONT101,Différencier sécurité (contrôle d'autorisation) et consistance (contrôle d'intégrité) des données,0
gerer-1.1,Utiliser une forge pour la gestion des tickets,BD1-CONT102,Différencier gestion centralisé/non centralisé des droits,0
gerer-1.1,Utiliser une forge pour la gestion des tickets,BD1-CONT201,Différencier vue relationnelle et relation,0
gerer-1.1,Utiliser une forge pour la gestion des tickets,BD1-CONT202,Ecrire la requête effectivement réalisée par le SGBD à partir de la définition de la vue interrogée.,0
gerer-1.1,Utiliser une forge pour la gestion des tickets,BD1-CONT203,Expliciter les avantages et inconvénients de l'usage des vues relationnelles,0
gerer-1.1,Utiliser une forge pour la gestion des tickets,BD1-CONT204,Identifier les problèmes de mise à jour dans les vues relationnelles,0
gerer-1.1,Utiliser une forge pour la gestion des tickets,BD1-CONT205,Utiliser la clause « with check option » dans la définition d'une vue relationnelle,0
gerer-1.1,Utiliser une forge pour la gestion des tickets,BD1-INT101,Identifier le besoin en optimisation au niveau du stockage. I. e. quand définir un index.,0
gerer-1.1,Utiliser une forge pour la gestion des tickets,BD1-INT102,Différencier le placement de l'accès aux données,0
gerer-1.1,Utiliser une forge pour la gestion des tickets,BD1-INT201,Identifier le besoin de mise en œuvre de la gestion de la concurrence d'accès,0
gerer-1.1,Utiliser une forge pour la gestion des tickets,BD1-INT202,Définir les opérations élémentaires (lecture/écriture) réalisées par le SGBD à partir d'un algorithme,0
gerer-1.1,Utiliser une forge pour la gestion des tickets,BD1-INT203,Poser les verrous en lecture et en écriture (en assurant le verrouillage 2 phases) pour assurer une sérialisation des transactions,0
gerer-1.1,Utiliser une forge pour la gestion des tickets,BD1-INT204,Associer problème de gestion de la concurrence et propriétés ACID,0
gerer-1.1,Utiliser une forge pour la gestion des tickets,BD1-INT205,Définir la granule de verrouillage utilisée à partir de l'exécution de transactions,0
gerer-1.1,Utiliser une forge pour la gestion des tickets,BD1-INT206,Identifier un interblocage (i.e. deadlock),0
gerer-1.1,Utiliser une forge pour la gestion des tickets,,,0
gerer-1.2,Utiliser le cycle de développement en V,BD1-GEN101,Identifier les caractéristiques d'un problème permettant de justifier d'une base de données selon le modèle relationnel,0
gerer-1.2,Utiliser le cycle de développement en V,BD1-GEN102,Expliquer le fonctionnement général et les principaux objectifs d'un SGBD,0
gerer-1.2,Utiliser le cycle de développement en V,BD1-GEN103,Expliciter les étapes de réalisation d'une base de données relationnelle,0
gerer-1.2,Utiliser le cycle de développement en V,BD1-GEN201,Donner un exemple de relation contenue dans la méta-base,0
gerer-1.2,Utiliser le cycle de développement en V,BD1-GEN202,Différencier le schéma d'une instance de base de données,0
gerer-1.2,Utiliser le cycle de développement en V,BD1-CON101,"Concevoir (i.e. définir les schéma) une base de données relationnelle selon les 3 niveaux d'abstraction : externe, conceptuel, interne",0
gerer-1.2,Utiliser le cycle de développement en V,BD1-CON102,Expliciter les éléments d'un schéma E/A,0
gerer-1.2,Utiliser le cycle de développement en V,BD1-CON103,Produire un schéma relationnel cohérent vis à vis du schéma E/A à partir des règles du cours,0
gerer-1.2,Utiliser le cycle de développement en V,BD1-CON104,"Justifier des méthodes de transformation M, N (cas 4) vs. 1,1 (cas 3)",0
gerer-1.2,Utiliser le cycle de développement en V,BD1-CON105,Définir une clé primaire appropriée pour une table au regard du contexte,0
gerer-1.2,Utiliser le cycle de développement en V,BD1-CON106,Définir une clé primaire appropriée pour une table au regard d'un ensemble de dépendances fonctionnelles,0
gerer-1.2,Utiliser le cycle de développement en V,BD1-CON107,Définir les contraintes d'intégrité référentielles,0
gerer-1.2,Utiliser le cycle de développement en V,BD1-CON108,Définir les (autres) contraintes d'intégrité appropriées au regard du contexte,0
gerer-1.2,Utiliser le cycle de développement en V,BD1-EVA201,Identifier les anomalies d'un schéma relationnel,0
gerer-1.2,Utiliser le cycle de développement en V,BD1-EVA202,Définir les dépendances fonctionnelles entre les attributs,0
gerer-1.2,Utiliser le cycle de développement en V,BD1-EVA203,Décomposer un schéma relationnel de manière approprié,0
gerer-1.2,Utiliser le cycle de développement en V,BD1-EVA204,Évaluer la forme normale d'un schéma relationnel,0
gerer-1.2,Utiliser le cycle de développement en V,BD1-EVA205,Réaliser la fermeture transitive d'une couverture minimale,0
gerer-1.2,Utiliser le cycle de développement en V,BD1-EVA206,Transformer un schéma relationnel pour « améliorer » sa forme normale,0
gerer-1.2,Utiliser le cycle de développement en V,BD1-EVA207,Argumenter en faveur ou non (dénormalisation) de l'équivalence modèle logique vs. modèle physique,0
gerer-1.2,Utiliser le cycle de développement en V,BD1-LAN101,Expliciter les éléments d'une requête en algèbre relationnelle au format textuel,0
gerer-1.2,Utiliser le cycle de développement en V,BD1-LAN102,Écrire une requête en algèbre relationnelle en utilisant les arbres algébriques,0
gerer-1.2,Utiliser le cycle de développement en V,BD1-LAN103,Avoir une intuition de l'optimisation de requête,0
gerer-1.2,Utiliser le cycle de développement en V,BD1-LAN201,Ecrire une requête simple de manipulation de données (LMD) en langage SQL,0
gerer-1.2,Utiliser le cycle de développement en V,BD1-LAN202,Ecrire une requête complexe de manipulation de données (LMD) en langage SQL,0
gerer-1.2,Utiliser le cycle de développement en V,BD1-LAN203,Ecrire une requête de définition de données (LDD) en langage SQL,0
gerer-1.2,Utiliser le cycle de développement en V,BD1-LAN204,Définir des contraintes d'intégrité simples en langage SQL,0
gerer-1.2,Utiliser le cycle de développement en V,BD1-LAN205,Identifier la nécessité de l'usage d'un trigger dans le cadre de la définition des CI (sans l'écrire),0
gerer-1.2,Utiliser le cycle de développement en V,BD1-LAN206,Ecrire une requête d'attribution de droits en langage SQL (centralisé ou non),0
gerer-1.2,Utiliser le cycle de développement en V,BD1-CONT101,Différencier sécurité (contrôle d'autorisation) et consistance (contrôle d'intégrité) des données,0
gerer-1.2,Utiliser le cycle de développement en V,BD1-CONT102,Différencier gestion centralisé/non centralisé des droits,0
gerer-1.2,Utiliser le cycle de développement en V,BD1-CONT201,Différencier vue relationnelle et relation,0
gerer-1.2,Utiliser le cycle de développement en V,BD1-CONT202,Ecrire la requête effectivement réalisée par le SGBD à partir de la définition de la vue interrogée.,0
gerer-1.2,Utiliser le cycle de développement en V,BD1-CONT203,Expliciter les avantages et inconvénients de l'usage des vues relationnelles,0
gerer-1.2,Utiliser le cycle de développement en V,BD1-CONT204,Identifier les problèmes de mise à jour dans les vues relationnelles,0
gerer-1.2,Utiliser le cycle de développement en V,BD1-CONT205,Utiliser la clause « with check option » dans la définition d'une vue relationnelle,0
gerer-1.2,Utiliser le cycle de développement en V,BD1-INT101,Identifier le besoin en optimisation au niveau du stockage. I. e. quand définir un index.,0
gerer-1.2,Utiliser le cycle de développement en V,BD1-INT102,Différencier le placement de l'accès aux données,0
gerer-1.2,Utiliser le cycle de développement en V,BD1-INT201,Identifier le besoin de mise en œuvre de la gestion de la concurrence d'accès,0
gerer-1.2,Utiliser le cycle de développement en V,BD1-INT202,Définir les opérations élémentaires (lecture/écriture) réalisées par le SGBD à partir d'un algorithme,0
gerer-1.2,Utiliser le cycle de développement en V,BD1-INT203,Poser les verrous en lecture et en écriture (en assurant le verrouillage 2 phases) pour assurer une sérialisation des transactions,0
gerer-1.2,Utiliser le cycle de développement en V,BD1-INT204,Associer problème de gestion de la concurrence et propriétés ACID,0
gerer-1.2,Utiliser le cycle de développement en V,BD1-INT205,Définir la granule de verrouillage utilisée à partir de l'exécution de transactions,0
gerer-1.2,Utiliser le cycle de développement en V,BD1-INT206,Identifier un interblocage (i.e. deadlock),0
gerer-1.2,Utiliser le cycle de développement en V,,,0
gerer-2.1,Utiliser un framework de tests unitaires,BD1-GEN101,Identifier les caractéristiques d'un problème permettant de justifier d'une base de données selon le modèle relationnel,0
gerer-2.1,Utiliser un framework de tests unitaires,BD1-GEN102,Expliquer le fonctionnement général et les principaux objectifs d'un SGBD,0
gerer-2.1,Utiliser un framework de tests unitaires,BD1-GEN103,Expliciter les étapes de réalisation d'une base de données relationnelle,0
gerer-2.1,Utiliser un framework de tests unitaires,BD1-GEN201,Donner un exemple de relation contenue dans la méta-base,0
gerer-2.1,Utiliser un framework de tests unitaires,BD1-GEN202,Différencier le schéma d'une instance de base de données,0
gerer-2.1,Utiliser un framework de tests unitaires,BD1-CON101,"Concevoir (i.e. définir les schéma) une base de données relationnelle selon les 3 niveaux d'abstraction : externe, conceptuel, interne",0
gerer-2.1,Utiliser un framework de tests unitaires,BD1-CON102,Expliciter les éléments d'un schéma E/A,0
gerer-2.1,Utiliser un framework de tests unitaires,BD1-CON103,Produire un schéma relationnel cohérent vis à vis du schéma E/A à partir des règles du cours,0
gerer-2.1,Utiliser un framework de tests unitaires,BD1-CON104,"Justifier des méthodes de transformation M, N (cas 4) vs. 1,1 (cas 3)",0
gerer-2.1,Utiliser un framework de tests unitaires,BD1-CON105,Définir une clé primaire appropriée pour une table au regard du contexte,0
gerer-2.1,Utiliser un framework de tests unitaires,BD1-CON106,Définir une clé primaire appropriée pour une table au regard d'un ensemble de dépendances fonctionnelles,0
gerer-2.1,Utiliser un framework de tests unitaires,BD1-CON107,Définir les contraintes d'intégrité référentielles,0
gerer-2.1,Utiliser un framework de tests unitaires,BD1-CON108,Définir les (autres) contraintes d'intégrité appropriées au regard du contexte,0
gerer-2.1,Utiliser un framework de tests unitaires,BD1-EVA201,Identifier les anomalies d'un schéma relationnel,0
gerer-2.1,Utiliser un framework de tests unitaires,BD1-EVA202,Définir les dépendances fonctionnelles entre les attributs,0
gerer-2.1,Utiliser un framework de tests unitaires,BD1-EVA203,Décomposer un schéma relationnel de manière approprié,0
gerer-2.1,Utiliser un framework de tests unitaires,BD1-EVA204,Évaluer la forme normale d'un schéma relationnel,0
gerer-2.1,Utiliser un framework de tests unitaires,BD1-EVA205,Réaliser la fermeture transitive d'une couverture minimale,0
gerer-2.1,Utiliser un framework de tests unitaires,BD1-EVA206,Transformer un schéma relationnel pour « améliorer » sa forme normale,0
gerer-2.1,Utiliser un framework de tests unitaires,BD1-EVA207,Argumenter en faveur ou non (dénormalisation) de l'équivalence modèle logique vs. modèle physique,0
gerer-2.1,Utiliser un framework de tests unitaires,BD1-LAN101,Expliciter les éléments d'une requête en algèbre relationnelle au format textuel,0
gerer-2.1,Utiliser un framework de tests unitaires,BD1-LAN102,Écrire une requête en algèbre relationnelle en utilisant les arbres algébriques,0
gerer-2.1,Utiliser un framework de tests unitaires,BD1-LAN103,Avoir une intuition de l'optimisation de requête,0
gerer-2.1,Utiliser un framework de tests unitaires,BD1-LAN201,Ecrire une requête simple de manipulation de données (LMD) en langage SQL,0
gerer-2.1,Utiliser un framework de tests unitaires,BD1-LAN202,Ecrire une requête complexe de manipulation de données (LMD) en langage SQL,0
gerer-2.1,Utiliser un framework de tests unitaires,BD1-LAN203,Ecrire une requête de définition de données (LDD) en langage SQL,0
gerer-2.1,Utiliser un framework de tests unitaires,BD1-LAN204,Définir des contraintes d'intégrité simples en langage SQL,0
gerer-2.1,Utiliser un framework de tests unitaires,BD1-LAN205,Identifier la nécessité de l'usage d'un trigger dans le cadre de la définition des CI (sans l'écrire),0
gerer-2.1,Utiliser un framework de tests unitaires,BD1-LAN206,Ecrire une requête d'attribution de droits en langage SQL (centralisé ou non),0
gerer-2.1,Utiliser un framework de tests unitaires,BD1-CONT101,Différencier sécurité (contrôle d'autorisation) et consistance (contrôle d'intégrité) des données,0
gerer-2.1,Utiliser un framework de tests unitaires,BD1-CONT102,Différencier gestion centralisé/non centralisé des droits,0
gerer-2.1,Utiliser un framework de tests unitaires,BD1-CONT201,Différencier vue relationnelle et relation,0
gerer-2.1,Utiliser un framework de tests unitaires,BD1-CONT202,Ecrire la requête effectivement réalisée par le SGBD à partir de la définition de la vue interrogée.,0
gerer-2.1,Utiliser un framework de tests unitaires,BD1-CONT203,Expliciter les avantages et inconvénients de l'usage des vues relationnelles,0
gerer-2.1,Utiliser un framework de tests unitaires,BD1-CONT204,Identifier les problèmes de mise à jour dans les vues relationnelles,0
gerer-2.1,Utiliser un framework de tests unitaires,BD1-CONT205,Utiliser la clause « with check option » dans la définition d'une vue relationnelle,0
gerer-2.1,Utiliser un framework de tests unitaires,BD1-INT101,Identifier le besoin en optimisation au niveau du stockage. I. e. quand définir un index.,0
gerer-2.1,Utiliser un framework de tests unitaires,BD1-INT102,Différencier le placement de l'accès aux données,0
gerer-2.1,Utiliser un framework de tests unitaires,BD1-INT201,Identifier le besoin de mise en œuvre de la gestion de la concurrence d'accès,0
gerer-2.1,Utiliser un framework de tests unitaires,BD1-INT202,Définir les opérations élémentaires (lecture/écriture) réalisées par le SGBD à partir d'un algorithme,0
gerer-2.1,Utiliser un framework de tests unitaires,BD1-INT203,Poser les verrous en lecture et en écriture (en assurant le verrouillage 2 phases) pour assurer une sérialisation des transactions,0
gerer-2.1,Utiliser un framework de tests unitaires,BD1-INT204,Associer problème de gestion de la concurrence et propriétés ACID,0
gerer-2.1,Utiliser un framework de tests unitaires,BD1-INT205,Définir la granule de verrouillage utilisée à partir de l'exécution de transactions,0
gerer-2.1,Utiliser un framework de tests unitaires,BD1-INT206,Identifier un interblocage (i.e. deadlock),0
gerer-2.1,Utiliser un framework de tests unitaires,,,0
gerer-2.2,Utiliser un logiciel d’audit de code statique,BD1-GEN101,Identifier les caractéristiques d'un problème permettant de justifier d'une base de données selon le modèle relationnel,0
gerer-2.2,Utiliser un logiciel d’audit de code statique,BD1-GEN102,Expliquer le fonctionnement général et les principaux objectifs d'un SGBD,0
gerer-2.2,Utiliser un logiciel d’audit de code statique,BD1-GEN103,Expliciter les étapes de réalisation d'une base de données relationnelle,0
gerer-2.2,Utiliser un logiciel d’audit de code statique,BD1-GEN201,Donner un exemple de relation contenue dans la méta-base,0
gerer-2.2,Utiliser un logiciel d’audit de code statique,BD1-GEN202,Différencier le schéma d'une instance de base de données,0
gerer-2.2,Utiliser un logiciel d’audit de code statique,BD1-CON101,"Concevoir (i.e. définir les schéma) une base de données relationnelle selon les 3 niveaux d'abstraction : externe, conceptuel, interne",0
gerer-2.2,Utiliser un logiciel d’audit de code statique,BD1-CON102,Expliciter les éléments d'un schéma E/A,0
gerer-2.2,Utiliser un logiciel d’audit de code statique,BD1-CON103,Produire un schéma relationnel cohérent vis à vis du schéma E/A à partir des règles du cours,0
gerer-2.2,Utiliser un logiciel d’audit de code statique,BD1-CON104,"Justifier des méthodes de transformation M, N (cas 4) vs. 1,1 (cas 3)",0
gerer-2.2,Utiliser un logiciel d’audit de code statique,BD1-CON105,Définir une clé primaire appropriée pour une table au regard du contexte,0
gerer-2.2,Utiliser un logiciel d’audit de code statique,BD1-CON106,Définir une clé primaire appropriée pour une table au regard d'un ensemble de dépendances fonctionnelles,0
gerer-2.2,Utiliser un logiciel d’audit de code statique,BD1-CON107,Définir les contraintes d'intégrité référentielles,0
gerer-2.2,Utiliser un logiciel d’audit de code statique,BD1-CON108,Définir les (autres) contraintes d'intégrité appropriées au regard du contexte,0
gerer-2.2,Utiliser un logiciel d’audit de code statique,BD1-EVA201,Identifier les anomalies d'un schéma relationnel,0
gerer-2.2,Utiliser un logiciel d’audit de code statique,BD1-EVA202,Définir les dépendances fonctionnelles entre les attributs,0
gerer-2.2,Utiliser un logiciel d’audit de code statique,BD1-EVA203,Décomposer un schéma relationnel de manière approprié,0
gerer-2.2,Utiliser un logiciel d’audit de code statique,BD1-EVA204,Évaluer la forme normale d'un schéma relationnel,0
gerer-2.2,Utiliser un logiciel d’audit de code statique,BD1-EVA205,Réaliser la fermeture transitive d'une couverture minimale,0
gerer-2.2,Utiliser un logiciel d’audit de code statique,BD1-EVA206,Transformer un schéma relationnel pour « améliorer » sa forme normale,0
gerer-2.2,Utiliser un logiciel d’audit de code statique,BD1-EVA207,Argumenter en faveur ou non (dénormalisation) de l'équivalence modèle logique vs. modèle physique,0
gerer-2.2,Utiliser un logiciel d’audit de code statique,BD1-LAN101,Expliciter les éléments d'une requête en algèbre relationnelle au format textuel,0
gerer-2.2,Utiliser un logiciel d’audit de code statique,BD1-LAN102,Écrire une requête en algèbre relationnelle en utilisant les arbres algébriques,0
gerer-2.2,Utiliser un logiciel d’audit de code statique,BD1-LAN103,Avoir une intuition de l'optimisation de requête,0
gerer-2.2,Utiliser un logiciel d’audit de code statique,BD1-LAN201,Ecrire une requête simple de manipulation de données (LMD) en langage SQL,0
gerer-2.2,Utiliser un logiciel d’audit de code statique,BD1-LAN202,Ecrire une requête complexe de manipulation de données (LMD) en langage SQL,0
gerer-2.2,Utiliser un logiciel d’audit de code statique,BD1-LAN203,Ecrire une requête de définition de données (LDD) en langage SQL,0
gerer-2.2,Utiliser un logiciel d’audit de code statique,BD1-LAN204,Définir des contraintes d'intégrité simples en langage SQL,0
gerer-2.2,Utiliser un logiciel d’audit de code statique,BD1-LAN205,Identifier la nécessité de l'usage d'un trigger dans le cadre de la définition des CI (sans l'écrire),0
gerer-2.2,Utiliser un logiciel d’audit de code statique,BD1-LAN206,Ecrire une requête d'attribution de droits en langage SQL (centralisé ou non),0
gerer-2.2,Utiliser un logiciel d’audit de code statique,BD1-CONT101,Différencier sécurité (contrôle d'autorisation) et consistance (contrôle d'intégrité) des données,0
gerer-2.2,Utiliser un logiciel d’audit de code statique,BD1-CONT102,Différencier gestion centralisé/non centralisé des droits,0
gerer-2.2,Utiliser un logiciel d’audit de code statique,BD1-CONT201,Différencier vue relationnelle et relation,0
gerer-2.2,Utiliser un logiciel d’audit de code statique,BD1-CONT202,Ecrire la requête effectivement réalisée par le SGBD à partir de la définition de la vue interrogée.,0
gerer-2.2,Utiliser un logiciel d’audit de code statique,BD1-CONT203,Expliciter les avantages et inconvénients de l'usage des vues relationnelles,0
gerer-2.2,Utiliser un logiciel d’audit de code statique,BD1-CONT204,Identifier les problèmes de mise à jour dans les vues relationnelles,0
gerer-2.2,Utiliser un logiciel d’audit de code statique,BD1-CONT205,Utiliser la clause « with check option » dans la définition d'une vue relationnelle,0
gerer-2.2,Utiliser un logiciel d’audit de code statique,BD1-INT101,Identifier le besoin en optimisation au niveau du stockage. I. e. quand définir un index.,0
gerer-2.2,Utiliser un logiciel d’audit de code statique,BD1-INT102,Différencier le placement de l'accès aux données,0
gerer-2.2,Utiliser un logiciel d’audit de code statique,BD1-INT201,Identifier le besoin de mise en œuvre de la gestion de la concurrence d'accès,0
gerer-2.2,Utiliser un logiciel d’audit de code statique,BD1-INT202,Définir les opérations élémentaires (lecture/écriture) réalisées par le SGBD à partir d'un algorithme,0
gerer-2.2,Utiliser un logiciel d’audit de code statique,BD1-INT203,Poser les verrous en lecture et en écriture (en assurant le verrouillage 2 phases) pour assurer une sérialisation des transactions,0
gerer-2.2,Utiliser un logiciel d’audit de code statique,BD1-INT204,Associer problème de gestion de la concurrence et propriétés ACID,0
gerer-2.2,Utiliser un logiciel d’audit de code statique,BD1-INT205,Définir la granule de verrouillage utilisée à partir de l'exécution de transactions,0
gerer-2.2,Utiliser un logiciel d’audit de code statique,BD1-INT206,Identifier un interblocage (i.e. deadlock),0
gerer-2.2,Utiliser un logiciel d’audit de code statique,,,0
gerer-2.3,Mettre en place des tests de non régression,BD1-GEN101,Identifier les caractéristiques d'un problème permettant de justifier d'une base de données selon le modèle relationnel,0
gerer-2.3,Mettre en place des tests de non régression,BD1-GEN102,Expliquer le fonctionnement général et les principaux objectifs d'un SGBD,0
gerer-2.3,Mettre en place des tests de non régression,BD1-GEN103,Expliciter les étapes de réalisation d'une base de données relationnelle,0
gerer-2.3,Mettre en place des tests de non régression,BD1-GEN201,Donner un exemple de relation contenue dans la méta-base,0
gerer-2.3,Mettre en place des tests de non régression,BD1-GEN202,Différencier le schéma d'une instance de base de données,0
gerer-2.3,Mettre en place des tests de non régression,BD1-CON101,"Concevoir (i.e. définir les schéma) une base de données relationnelle selon les 3 niveaux d'abstraction : externe, conceptuel, interne",0
gerer-2.3,Mettre en place des tests de non régression,BD1-CON102,Expliciter les éléments d'un schéma E/A,0
gerer-2.3,Mettre en place des tests de non régression,BD1-CON103,Produire un schéma relationnel cohérent vis à vis du schéma E/A à partir des règles du cours,0
gerer-2.3,Mettre en place des tests de non régression,BD1-CON104,"Justifier des méthodes de transformation M, N (cas 4) vs. 1,1 (cas 3)",0
gerer-2.3,Mettre en place des tests de non régression,BD1-CON105,Définir une clé primaire appropriée pour une table au regard du contexte,0
gerer-2.3,Mettre en place des tests de non régression,BD1-CON106,Définir une clé primaire appropriée pour une table au regard d'un ensemble de dépendances fonctionnelles,0
gerer-2.3,Mettre en place des tests de non régression,BD1-CON107,Définir les contraintes d'intégrité référentielles,0
gerer-2.3,Mettre en place des tests de non régression,BD1-CON108,Définir les (autres) contraintes d'intégrité appropriées au regard du contexte,0
gerer-2.3,Mettre en place des tests de non régression,BD1-EVA201,Identifier les anomalies d'un schéma relationnel,0
gerer-2.3,Mettre en place des tests de non régression,BD1-EVA202,Définir les dépendances fonctionnelles entre les attributs,0
gerer-2.3,Mettre en place des tests de non régression,BD1-EVA203,Décomposer un schéma relationnel de manière approprié,0
gerer-2.3,Mettre en place des tests de non régression,BD1-EVA204,Évaluer la forme normale d'un schéma relationnel,0
gerer-2.3,Mettre en place des tests de non régression,BD1-EVA205,Réaliser la fermeture transitive d'une couverture minimale,0
gerer-2.3,Mettre en place des tests de non régression,BD1-EVA206,Transformer un schéma relationnel pour « améliorer » sa forme normale,0
gerer-2.3,Mettre en place des tests de non régression,BD1-EVA207,Argumenter en faveur ou non (dénormalisation) de l'équivalence modèle logique vs. modèle physique,0
gerer-2.3,Mettre en place des tests de non régression,BD1-LAN101,Expliciter les éléments d'une requête en algèbre relationnelle au format textuel,0
gerer-2.3,Mettre en place des tests de non régression,BD1-LAN102,Écrire une requête en algèbre relationnelle en utilisant les arbres algébriques,0
gerer-2.3,Mettre en place des tests de non régression,BD1-LAN103,Avoir une intuition de l'optimisation de requête,0
gerer-2.3,Mettre en place des tests de non régression,BD1-LAN201,Ecrire une requête simple de manipulation de données (LMD) en langage SQL,0
gerer-2.3,Mettre en place des tests de non régression,BD1-LAN202,Ecrire une requête complexe de manipulation de données (LMD) en langage SQL,0
gerer-2.3,Mettre en place des tests de non régression,BD1-LAN203,Ecrire une requête de définition de données (LDD) en langage SQL,0
gerer-2.3,Mettre en place des tests de non régression,BD1-LAN204,Définir des contraintes d'intégrité simples en langage SQL,0
gerer-2.3,Mettre en place des tests de non régression,BD1-LAN205,Identifier la nécessité de l'usage d'un trigger dans le cadre de la définition des CI (sans l'écrire),0
gerer-2.3,Mettre en place des tests de non régression,BD1-LAN206,Ecrire une requête d'attribution de droits en langage SQL (centralisé ou non),0
gerer-2.3,Mettre en place des tests de non régression,BD1-CONT101,Différencier sécurité (contrôle d'autorisation) et consistance (contrôle d'intégrité) des données,0
gerer-2.3,Mettre en place des tests de non régression,BD1-CONT102,Différencier gestion centralisé/non centralisé des droits,0
gerer-2.3,Mettre en place des tests de non régression,BD1-CONT201,Différencier vue relationnelle et relation,0
gerer-2.3,Mettre en place des tests de non régression,BD1-CONT202,Ecrire la requête effectivement réalisée par le SGBD à partir de la définition de la vue interrogée.,0
gerer-2.3,Mettre en place des tests de non régression,BD1-CONT203,Expliciter les avantages et inconvénients de l'usage des vues relationnelles,0
gerer-2.3,Mettre en place des tests de non régression,BD1-CONT204,Identifier les problèmes de mise à jour dans les vues relationnelles,0
gerer-2.3,Mettre en place des tests de non régression,BD1-CONT205,Utiliser la clause « with check option » dans la définition d'une vue relationnelle,0
gerer-2.3,Mettre en place des tests de non régression,BD1-INT101,Identifier le besoin en optimisation au niveau du stockage. I. e. quand définir un index.,0
gerer-2.3,Mettre en place des tests de non régression,BD1-INT102,Différencier le placement de l'accès aux données,0
gerer-2.3,Mettre en place des tests de non régression,BD1-INT201,Identifier le besoin de mise en œuvre de la gestion de la concurrence d'accès,0
gerer-2.3,Mettre en place des tests de non régression,BD1-INT202,Définir les opérations élémentaires (lecture/écriture) réalisées par le SGBD à partir d'un algorithme,0
gerer-2.3,Mettre en place des tests de non régression,BD1-INT203,Poser les verrous en lecture et en écriture (en assurant le verrouillage 2 phases) pour assurer une sérialisation des transactions,0
gerer-2.3,Mettre en place des tests de non régression,BD1-INT204,Associer problème de gestion de la concurrence et propriétés ACID,0
gerer-2.3,Mettre en place des tests de non régression,BD1-INT205,Définir la granule de verrouillage utilisée à partir de l'exécution de transactions,0
gerer-2.3,Mettre en place des tests de non régression,BD1-INT206,Identifier un interblocage (i.e. deadlock),0
gerer-2.3,Mettre en place des tests de non régression,,,0
gerer-3.1,Utiliser un cycle de développement Agile,BD1-GEN101,Identifier les caractéristiques d'un problème permettant de justifier d'une base de données selon le modèle relationnel,0
gerer-3.1,Utiliser un cycle de développement Agile,BD1-GEN102,Expliquer le fonctionnement général et les principaux objectifs d'un SGBD,0
gerer-3.1,Utiliser un cycle de développement Agile,BD1-GEN103,Expliciter les étapes de réalisation d'une base de données relationnelle,0
gerer-3.1,Utiliser un cycle de développement Agile,BD1-GEN201,Donner un exemple de relation contenue dans la méta-base,0
gerer-3.1,Utiliser un cycle de développement Agile,BD1-GEN202,Différencier le schéma d'une instance de base de données,0
gerer-3.1,Utiliser un cycle de développement Agile,BD1-CON101,"Concevoir (i.e. définir les schéma) une base de données relationnelle selon les 3 niveaux d'abstraction : externe, conceptuel, interne",0
gerer-3.1,Utiliser un cycle de développement Agile,BD1-CON102,Expliciter les éléments d'un schéma E/A,0
gerer-3.1,Utiliser un cycle de développement Agile,BD1-CON103,Produire un schéma relationnel cohérent vis à vis du schéma E/A à partir des règles du cours,0
gerer-3.1,Utiliser un cycle de développement Agile,BD1-CON104,"Justifier des méthodes de transformation M, N (cas 4) vs. 1,1 (cas 3)",0
gerer-3.1,Utiliser un cycle de développement Agile,BD1-CON105,Définir une clé primaire appropriée pour une table au regard du contexte,0
gerer-3.1,Utiliser un cycle de développement Agile,BD1-CON106,Définir une clé primaire appropriée pour une table au regard d'un ensemble de dépendances fonctionnelles,0
gerer-3.1,Utiliser un cycle de développement Agile,BD1-CON107,Définir les contraintes d'intégrité référentielles,0
gerer-3.1,Utiliser un cycle de développement Agile,BD1-CON108,Définir les (autres) contraintes d'intégrité appropriées au regard du contexte,0
gerer-3.1,Utiliser un cycle de développement Agile,BD1-EVA201,Identifier les anomalies d'un schéma relationnel,0
gerer-3.1,Utiliser un cycle de développement Agile,BD1-EVA202,Définir les dépendances fonctionnelles entre les attributs,0
gerer-3.1,Utiliser un cycle de développement Agile,BD1-EVA203,Décomposer un schéma relationnel de manière approprié,0
gerer-3.1,Utiliser un cycle de développement Agile,BD1-EVA204,Évaluer la forme normale d'un schéma relationnel,0
gerer-3.1,Utiliser un cycle de développement Agile,BD1-EVA205,Réaliser la fermeture transitive d'une couverture minimale,0
gerer-3.1,Utiliser un cycle de développement Agile,BD1-EVA206,Transformer un schéma relationnel pour « améliorer » sa forme normale,0
gerer-3.1,Utiliser un cycle de développement Agile,BD1-EVA207,Argumenter en faveur ou non (dénormalisation) de l'équivalence modèle logique vs. modèle physique,0
gerer-3.1,Utiliser un cycle de développement Agile,BD1-LAN101,Expliciter les éléments d'une requête en algèbre relationnelle au format textuel,0
gerer-3.1,Utiliser un cycle de développement Agile,BD1-LAN102,Écrire une requête en algèbre relationnelle en utilisant les arbres algébriques,0
gerer-3.1,Utiliser un cycle de développement Agile,BD1-LAN103,Avoir une intuition de l'optimisation de requête,0
gerer-3.1,Utiliser un cycle de développement Agile,BD1-LAN201,Ecrire une requête simple de manipulation de données (LMD) en langage SQL,0
gerer-3.1,Utiliser un cycle de développement Agile,BD1-LAN202,Ecrire une requête complexe de manipulation de données (LMD) en langage SQL,0
gerer-3.1,Utiliser un cycle de développement Agile,BD1-LAN203,Ecrire une requête de définition de données (LDD) en langage SQL,0
gerer-3.1,Utiliser un cycle de développement Agile,BD1-LAN204,Définir des contraintes d'intégrité simples en langage SQL,0
gerer-3.1,Utiliser un cycle de développement Agile,BD1-LAN205,Identifier la nécessité de l'usage d'un trigger dans le cadre de la définition des CI (sans l'écrire),0
gerer-3.1,Utiliser un cycle de développement Agile,BD1-LAN206,Ecrire une requête d'attribution de droits en langage SQL (centralisé ou non),0
gerer-3.1,Utiliser un cycle de développement Agile,BD1-CONT101,Différencier sécurité (contrôle d'autorisation) et consistance (contrôle d'intégrité) des données,0
gerer-3.1,Utiliser un cycle de développement Agile,BD1-CONT102,Différencier gestion centralisé/non centralisé des droits,0
gerer-3.1,Utiliser un cycle de développement Agile,BD1-CONT201,Différencier vue relationnelle et relation,0
gerer-3.1,Utiliser un cycle de développement Agile,BD1-CONT202,Ecrire la requête effectivement réalisée par le SGBD à partir de la définition de la vue interrogée.,0
gerer-3.1,Utiliser un cycle de développement Agile,BD1-CONT203,Expliciter les avantages et inconvénients de l'usage des vues relationnelles,0
gerer-3.1,Utiliser un cycle de développement Agile,BD1-CONT204,Identifier les problèmes de mise à jour dans les vues relationnelles,0
gerer-3.1,Utiliser un cycle de développement Agile,BD1-CONT205,Utiliser la clause « with check option » dans la définition d'une vue relationnelle,0
gerer-3.1,Utiliser un cycle de développement Agile,BD1-INT101,Identifier le besoin en optimisation au niveau du stockage. I. e. quand définir un index.,0
gerer-3.1,Utiliser un cycle de développement Agile,BD1-INT102,Différencier le placement de l'accès aux données,0
gerer-3.1,Utiliser un cycle de développement Agile,BD1-INT201,Identifier le besoin de mise en œuvre de la gestion de la concurrence d'accès,0
gerer-3.1,Utiliser un cycle de développement Agile,BD1-INT202,Définir les opérations élémentaires (lecture/écriture) réalisées par le SGBD à partir d'un algorithme,0
gerer-3.1,Utiliser un cycle de développement Agile,BD1-INT203,Poser les verrous en lecture et en écriture (en assurant le verrouillage 2 phases) pour assurer une sérialisation des transactions,0
gerer-3.1,Utiliser un cycle de développement Agile,BD1-INT204,Associer problème de gestion de la concurrence et propriétés ACID,0
gerer-3.1,Utiliser un cycle de développement Agile,BD1-INT205,Définir la granule de verrouillage utilisée à partir de l'exécution de transactions,0
gerer-3.1,Utiliser un cycle de développement Agile,BD1-INT206,Identifier un interblocage (i.e. deadlock),0
gerer-3.1,Utiliser un cycle de développement Agile,,,0
gerer-3.2,Suivre des procédures,BD1-GEN101,Identifier les caractéristiques d'un problème permettant de justifier d'une base de données selon le modèle relationnel,0
gerer-3.2,Suivre des procédures,BD1-GEN102,Expliquer le fonctionnement général et les principaux objectifs d'un SGBD,0
gerer-3.2,Suivre des procédures,BD1-GEN103,Expliciter les étapes de réalisation d'une base de données relationnelle,0
gerer-3.2,Suivre des procédures,BD1-GEN201,Donner un exemple de relation contenue dans la méta-base,0
gerer-3.2,Suivre des procédures,BD1-GEN202,Différencier le schéma d'une instance de base de données,0
gerer-3.2,Suivre des procédures,BD1-CON101,"Concevoir (i.e. définir les schéma) une base de données relationnelle selon les 3 niveaux d'abstraction : externe, conceptuel, interne",0
gerer-3.2,Suivre des procédures,BD1-CON102,Expliciter les éléments d'un schéma E/A,0
gerer-3.2,Suivre des procédures,BD1-CON103,Produire un schéma relationnel cohérent vis à vis du schéma E/A à partir des règles du cours,0
gerer-3.2,Suivre des procédures,BD1-CON104,"Justifier des méthodes de transformation M, N (cas 4) vs. 1,1 (cas 3)",0
gerer-3.2,Suivre des procédures,BD1-CON105,Définir une clé primaire appropriée pour une table au regard du contexte,0
gerer-3.2,Suivre des procédures,BD1-CON106,Définir une clé primaire appropriée pour une table au regard d'un ensemble de dépendances fonctionnelles,0
gerer-3.2,Suivre des procédures,BD1-CON107,Définir les contraintes d'intégrité référentielles,0
gerer-3.2,Suivre des procédures,BD1-CON108,Définir les (autres) contraintes d'intégrité appropriées au regard du contexte,0
gerer-3.2,Suivre des procédures,BD1-EVA201,Identifier les anomalies d'un schéma relationnel,0
gerer-3.2,Suivre des procédures,BD1-EVA202,Définir les dépendances fonctionnelles entre les attributs,0
gerer-3.2,Suivre des procédures,BD1-EVA203,Décomposer un schéma relationnel de manière approprié,0
gerer-3.2,Suivre des procédures,BD1-EVA204,Évaluer la forme normale d'un schéma relationnel,0
gerer-3.2,Suivre des procédures,BD1-EVA205,Réaliser la fermeture transitive d'une couverture minimale,0
gerer-3.2,Suivre des procédures,BD1-EVA206,Transformer un schéma relationnel pour « améliorer » sa forme normale,0
gerer-3.2,Suivre des procédures,BD1-EVA207,Argumenter en faveur ou non (dénormalisation) de l'équivalence modèle logique vs. modèle physique,0
gerer-3.2,Suivre des procédures,BD1-LAN101,Expliciter les éléments d'une requête en algèbre relationnelle au format textuel,0
gerer-3.2,Suivre des procédures,BD1-LAN102,Écrire une requête en algèbre relationnelle en utilisant les arbres algébriques,0
gerer-3.2,Suivre des procédures,BD1-LAN103,Avoir une intuition de l'optimisation de requête,0
gerer-3.2,Suivre des procédures,BD1-LAN201,Ecrire une requête simple de manipulation de données (LMD) en langage SQL,0
gerer-3.2,Suivre des procédures,BD1-LAN202,Ecrire une requête complexe de manipulation de données (LMD) en langage SQL,0
gerer-3.2,Suivre des procédures,BD1-LAN203,Ecrire une requête de définition de données (LDD) en langage SQL,0
gerer-3.2,Suivre des procédures,BD1-LAN204,Définir des contraintes d'intégrité simples en langage SQL,0
gerer-3.2,Suivre des procédures,BD1-LAN205,Identifier la nécessité de l'usage d'un trigger dans le cadre de la définition des CI (sans l'écrire),0
gerer-3.2,Suivre des procédures,BD1-LAN206,Ecrire une requête d'attribution de droits en langage SQL (centralisé ou non),0
gerer-3.2,Suivre des procédures,BD1-CONT101,Différencier sécurité (contrôle d'autorisation) et consistance (contrôle d'intégrité) des données,0
gerer-3.2,Suivre des procédures,BD1-CONT102,Différencier gestion centralisé/non centralisé des droits,0
gerer-3.2,Suivre des procédures,BD1-CONT201,Différencier vue relationnelle et relation,0
gerer-3.2,Suivre des procédures,BD1-CONT202,Ecrire la requête effectivement réalisée par le SGBD à partir de la définition de la vue interrogée.,0
gerer-3.2,Suivre des procédures,BD1-CONT203,Expliciter les avantages et inconvénients de l'usage des vues relationnelles,0
gerer-3.2,Suivre des procédures,BD1-CONT204,Identifier les problèmes de mise à jour dans les vues relationnelles,0
gerer-3.2,Suivre des procédures,BD1-CONT205,Utiliser la clause « with check option » dans la définition d'une vue relationnelle,0
gerer-3.2,Suivre des procédures,BD1-INT101,Identifier le besoin en optimisation au niveau du stockage. I. e. quand définir un index.,0
gerer-3.2,Suivre des procédures,BD1-INT102,Différencier le placement de l'accès aux données,0
gerer-3.2,Suivre des procédures,BD1-INT201,Identifier le besoin de mise en œuvre de la gestion de la concurrence d'accès,0
gerer-3.2,Suivre des procédures,BD1-INT202,Définir les opérations élémentaires (lecture/écriture) réalisées par le SGBD à partir d'un algorithme,0
gerer-3.2,Suivre des procédures,BD1-INT203,Poser les verrous en lecture et en écriture (en assurant le verrouillage 2 phases) pour assurer une sérialisation des transactions,0
gerer-3.2,Suivre des procédures,BD1-INT204,Associer problème de gestion de la concurrence et propriétés ACID,0
gerer-3.2,Suivre des procédures,BD1-INT205,Définir la granule de verrouillage utilisée à partir de l'exécution de transactions,0
gerer-3.2,Suivre des procédures,BD1-INT206,Identifier un interblocage (i.e. deadlock),0
gerer-3.2,Suivre des procédures,,,0
gerer-3.3,Rédiger des procédures,BD1-GEN101,Identifier les caractéristiques d'un problème permettant de justifier d'une base de données selon le modèle relationnel,0
gerer-3.3,Rédiger des procédures,BD1-GEN102,Expliquer le fonctionnement général et les principaux objectifs d'un SGBD,0
gerer-3.3,Rédiger des procédures,BD1-GEN103,Expliciter les étapes de réalisation d'une base de données relationnelle,0
gerer-3.3,Rédiger des procédures,BD1-GEN201,Donner un exemple de relation contenue dans la méta-base,0
gerer-3.3,Rédiger des procédures,BD1-GEN202,Différencier le schéma d'une instance de base de données,0
gerer-3.3,Rédiger des procédures,BD1-CON101,"Concevoir (i.e. définir les schéma) une base de données relationnelle selon les 3 niveaux d'abstraction : externe, conceptuel, interne",0
gerer-3.3,Rédiger des procédures,BD1-CON102,Expliciter les éléments d'un schéma E/A,0
gerer-3.3,Rédiger des procédures,BD1-CON103,Produire un schéma relationnel cohérent vis à vis du schéma E/A à partir des règles du cours,0
gerer-3.3,Rédiger des procédures,BD1-CON104,"Justifier des méthodes de transformation M, N (cas 4) vs. 1,1 (cas 3)",0
gerer-3.3,Rédiger des procédures,BD1-CON105,Définir une clé primaire appropriée pour une table au regard du contexte,0
gerer-3.3,Rédiger des procédures,BD1-CON106,Définir une clé primaire appropriée pour une table au regard d'un ensemble de dépendances fonctionnelles,0
gerer-3.3,Rédiger des procédures,BD1-CON107,Définir les contraintes d'intégrité référentielles,0
gerer-3.3,Rédiger des procédures,BD1-CON108,Définir les (autres) contraintes d'intégrité appropriées au regard du contexte,0
gerer-3.3,Rédiger des procédures,BD1-EVA201,Identifier les anomalies d'un schéma relationnel,0
gerer-3.3,Rédiger des procédures,BD1-EVA202,Définir les dépendances fonctionnelles entre les attributs,0
gerer-3.3,Rédiger des procédures,BD1-EVA203,Décomposer un schéma relationnel de manière approprié,0
gerer-3.3,Rédiger des procédures,BD1-EVA204,Évaluer la forme normale d'un schéma relationnel,0
gerer-3.3,Rédiger des procédures,BD1-EVA205,Réaliser la fermeture transitive d'une couverture minimale,0
gerer-3.3,Rédiger des procédures,BD1-EVA206,Transformer un schéma relationnel pour « améliorer » sa forme normale,0
gerer-3.3,Rédiger des procédures,BD1-EVA207,Argumenter en faveur ou non (dénormalisation) de l'équivalence modèle logique vs. modèle physique,0
gerer-3.3,Rédiger des procédures,BD1-LAN101,Expliciter les éléments d'une requête en algèbre relationnelle au format textuel,0
gerer-3.3,Rédiger des procédures,BD1-LAN102,Écrire une requête en algèbre relationnelle en utilisant les arbres algébriques,0
gerer-3.3,Rédiger des procédures,BD1-LAN103,Avoir une intuition de l'optimisation de requête,0
gerer-3.3,Rédiger des procédures,BD1-LAN201,Ecrire une requête simple de manipulation de données (LMD) en langage SQL,0
gerer-3.3,Rédiger des procédures,BD1-LAN202,Ecrire une requête complexe de manipulation de données (LMD) en langage SQL,0
gerer-3.3,Rédiger des procédures,BD1-LAN203,Ecrire une requête de définition de données (LDD) en langage SQL,0
gerer-3.3,Rédiger des procédures,BD1-LAN204,Définir des contraintes d'intégrité simples en langage SQL,0
gerer-3.3,Rédiger des procédures,BD1-LAN205,Identifier la nécessité de l'usage d'un trigger dans le cadre de la définition des CI (sans l'écrire),0
gerer-3.3,Rédiger des procédures,BD1-LAN206,Ecrire une requête d'attribution de droits en langage SQL (centralisé ou non),0
gerer-3.3,Rédiger des procédures,BD1-CONT101,Différencier sécurité (contrôle d'autorisation) et consistance (contrôle d'intégrité) des données,0
gerer-3.3,Rédiger des procédures,BD1-CONT102,Différencier gestion centralisé/non centralisé des droits,0
gerer-3.3,Rédiger des procédures,BD1-CONT201,Différencier vue relationnelle et relation,0
gerer-3.3,Rédiger des procédures,BD1-CONT202,Ecrire la requête effectivement réalisée par le SGBD à partir de la définition de la vue interrogée.,0
gerer-3.3,Rédiger des procédures,BD1-CONT203,Expliciter les avantages et inconvénients de l'usage des vues relationnelles,0
gerer-3.3,Rédiger des procédures,BD1-CONT204,Identifier les problèmes de mise à jour dans les vues relationnelles,0
gerer-3.3,Rédiger des procédures,BD1-CONT205,Utiliser la clause « with check option » dans la définition d'une vue relationnelle,0
gerer-3.3,Rédiger des procédures,BD1-INT101,Identifier le besoin en optimisation au niveau du stockage. I. e. quand définir un index.,0
gerer-3.3,Rédiger des procédures,BD1-INT102,Différencier le placement de l'accès aux données,0
gerer-3.3,Rédiger des procédures,BD1-INT201,Identifier le besoin de mise en œuvre de la gestion de la concurrence d'accès,0
gerer-3.3,Rédiger des procédures,BD1-INT202,Définir les opérations élémentaires (lecture/écriture) réalisées par le SGBD à partir d'un algorithme,0
gerer-3.3,Rédiger des procédures,BD1-INT203,Poser les verrous en lecture et en écriture (en assurant le verrouillage 2 phases) pour assurer une sérialisation des transactions,0
gerer-3.3,Rédiger des procédures,BD1-INT204,Associer problème de gestion de la concurrence et propriétés ACID,0
gerer-3.3,Rédiger des procédures,BD1-INT205,Définir la granule de verrouillage utilisée à partir de l'exécution de transactions,0
gerer-3.3,Rédiger des procédures,BD1-INT206,Identifier un interblocage (i.e. deadlock),0
gerer-3.3,Rédiger des procédures,,,0
gerer-4.1,Auditer des projets,BD1-GEN101,Identifier les caractéristiques d'un problème permettant de justifier d'une base de données selon le modèle relationnel,0
gerer-4.1,Auditer des projets,BD1-GEN102,Expliquer le fonctionnement général et les principaux objectifs d'un SGBD,0
gerer-4.1,Auditer des projets,BD1-GEN103,Expliciter les étapes de réalisation d'une base de données relationnelle,0
gerer-4.1,Auditer des projets,BD1-GEN201,Donner un exemple de relation contenue dans la méta-base,0
gerer-4.1,Auditer des projets,BD1-GEN202,Différencier le schéma d'une instance de base de données,0
gerer-4.1,Auditer des projets,BD1-CON101,"Concevoir (i.e. définir les schéma) une base de données relationnelle selon les 3 niveaux d'abstraction : externe, conceptuel, interne",0
gerer-4.1,Auditer des projets,BD1-CON102,Expliciter les éléments d'un schéma E/A,0
gerer-4.1,Auditer des projets,BD1-CON103,Produire un schéma relationnel cohérent vis à vis du schéma E/A à partir des règles du cours,0
gerer-4.1,Auditer des projets,BD1-CON104,"Justifier des méthodes de transformation M, N (cas 4) vs. 1,1 (cas 3)",0
gerer-4.1,Auditer des projets,BD1-CON105,Définir une clé primaire appropriée pour une table au regard du contexte,0
gerer-4.1,Auditer des projets,BD1-CON106,Définir une clé primaire appropriée pour une table au regard d'un ensemble de dépendances fonctionnelles,0
gerer-4.1,Auditer des projets,BD1-CON107,Définir les contraintes d'intégrité référentielles,0
gerer-4.1,Auditer des projets,BD1-CON108,Définir les (autres) contraintes d'intégrité appropriées au regard du contexte,0
gerer-4.1,Auditer des projets,BD1-EVA201,Identifier les anomalies d'un schéma relationnel,0
gerer-4.1,Auditer des projets,BD1-EVA202,Définir les dépendances fonctionnelles entre les attributs,0
gerer-4.1,Auditer des projets,BD1-EVA203,Décomposer un schéma relationnel de manière approprié,0
gerer-4.1,Auditer des projets,BD1-EVA204,Évaluer la forme normale d'un schéma relationnel,0
gerer-4.1,Auditer des projets,BD1-EVA205,Réaliser la fermeture transitive d'une couverture minimale,0
gerer-4.1,Auditer des projets,BD1-EVA206,Transformer un schéma relationnel pour « améliorer » sa forme normale,0
gerer-4.1,Auditer des projets,BD1-EVA207,Argumenter en faveur ou non (dénormalisation) de l'équivalence modèle logique vs. modèle physique,0
gerer-4.1,Auditer des projets,BD1-LAN101,Expliciter les éléments d'une requête en algèbre relationnelle au format textuel,0
gerer-4.1,Auditer des projets,BD1-LAN102,Écrire une requête en algèbre relationnelle en utilisant les arbres algébriques,0
gerer-4.1,Auditer des projets,BD1-LAN103,Avoir une intuition de l'optimisation de requête,0
gerer-4.1,Auditer des projets,BD1-LAN201,Ecrire une requête simple de manipulation de données (LMD) en langage SQL,0
gerer-4.1,Auditer des projets,BD1-LAN202,Ecrire une requête complexe de manipulation de données (LMD) en langage SQL,0
gerer-4.1,Auditer des projets,BD1-LAN203,Ecrire une requête de définition de données (LDD) en langage SQL,0
gerer-4.1,Auditer des projets,BD1-LAN204,Définir des contraintes d'intégrité simples en langage SQL,0
gerer-4.1,Auditer des projets,BD1-LAN205,Identifier la nécessité de l'usage d'un trigger dans le cadre de la définition des CI (sans l'écrire),0
gerer-4.1,Auditer des projets,BD1-LAN206,Ecrire une requête d'attribution de droits en langage SQL (centralisé ou non),0
gerer-4.1,Auditer des projets,BD1-CONT101,Différencier sécurité (contrôle d'autorisation) et consistance (contrôle d'intégrité) des données,0
gerer-4.1,Auditer des projets,BD1-CONT102,Différencier gestion centralisé/non centralisé des droits,0
gerer-4.1,Auditer des projets,BD1-CONT201,Différencier vue relationnelle et relation,0
gerer-4.1,Auditer des projets,BD1-CONT202,Ecrire la requête effectivement réalisée par le SGBD à partir de la définition de la vue interrogée.,0
gerer-4.1,Auditer des projets,BD1-CONT203,Expliciter les avantages et inconvénients de l'usage des vues relationnelles,0
gerer-4.1,Auditer des projets,BD1-CONT204,Identifier les problèmes de mise à jour dans les vues relationnelles,0
gerer-4.1,Auditer des projets,BD1-CONT205,Utiliser la clause « with check option » dans la définition d'une vue relationnelle,0
gerer-4.1,Auditer des projets,BD1-INT101,Identifier le besoin en optimisation au niveau du stockage. I. e. quand définir un index.,0
gerer-4.1,Auditer des projets,BD1-INT102,Différencier le placement de l'accès aux données,0
gerer-4.1,Auditer des projets,BD1-INT201,Identifier le besoin de mise en œuvre de la gestion de la concurrence d'accès,0
gerer-4.1,Auditer des projets,BD1-INT202,Définir les opérations élémentaires (lecture/écriture) réalisées par le SGBD à partir d'un algorithme,0
gerer-4.1,Auditer des projets,BD1-INT203,Poser les verrous en lecture et en écriture (en assurant le verrouillage 2 phases) pour assurer une sérialisation des transactions,0
gerer-4.1,Auditer des projets,BD1-INT204,Associer problème de gestion de la concurrence et propriétés ACID,0
gerer-4.1,Auditer des projets,BD1-INT205,Définir la granule de verrouillage utilisée à partir de l'exécution de transactions,0
gerer-4.1,Auditer des projets,BD1-INT206,Identifier un interblocage (i.e. deadlock),0
gerer-4.1,Auditer des projets,,,0
gerer-4.2,Passer des audits,BD1-GEN101,Identifier les caractéristiques d'un problème permettant de justifier d'une base de données selon le modèle relationnel,0
gerer-4.2,Passer des audits,BD1-GEN102,Expliquer le fonctionnement général et les principaux objectifs d'un SGBD,0
gerer-4.2,Passer des audits,BD1-GEN103,Expliciter les étapes de réalisation d'une base de données relationnelle,0
gerer-4.2,Passer des audits,BD1-GEN201,Donner un exemple de relation contenue dans la méta-base,0
gerer-4.2,Passer des audits,BD1-GEN202,Différencier le schéma d'une instance de base de données,0
gerer-4.2,Passer des audits,BD1-CON101,"Concevoir (i.e. définir les schéma) une base de données relationnelle selon les 3 niveaux d'abstraction : externe, conceptuel, interne",0
gerer-4.2,Passer des audits,BD1-CON102,Expliciter les éléments d'un schéma E/A,0
gerer-4.2,Passer des audits,BD1-CON103,Produire un schéma relationnel cohérent vis à vis du schéma E/A à partir des règles du cours,0
gerer-4.2,Passer des audits,BD1-CON104,"Justifier des méthodes de transformation M, N (cas 4) vs. 1,1 (cas 3)",0
gerer-4.2,Passer des audits,BD1-CON105,Définir une clé primaire appropriée pour une table au regard du contexte,0
gerer-4.2,Passer des audits,BD1-CON106,Définir une clé primaire appropriée pour une table au regard d'un ensemble de dépendances fonctionnelles,0
gerer-4.2,Passer des audits,BD1-CON107,Définir les contraintes d'intégrité référentielles,0
gerer-4.2,Passer des audits,BD1-CON108,Définir les (autres) contraintes d'intégrité appropriées au regard du contexte,0
gerer-4.2,Passer des audits,BD1-EVA201,Identifier les anomalies d'un schéma relationnel,0
gerer-4.2,Passer des audits,BD1-EVA202,Définir les dépendances fonctionnelles entre les attributs,0
gerer-4.2,Passer des audits,BD1-EVA203,Décomposer un schéma relationnel de manière approprié,0
gerer-4.2,Passer des audits,BD1-EVA204,Évaluer la forme normale d'un schéma relationnel,0
gerer-4.2,Passer des audits,BD1-EVA205,Réaliser la fermeture transitive d'une couverture minimale,0
gerer-4.2,Passer des audits,BD1-EVA206,Transformer un schéma relationnel pour « améliorer » sa forme normale,0
gerer-4.2,Passer des audits,BD1-EVA207,Argumenter en faveur ou non (dénormalisation) de l'équivalence modèle logique vs. modèle physique,0
gerer-4.2,Passer des audits,BD1-LAN101,Expliciter les éléments d'une requête en algèbre relationnelle au format textuel,0
gerer-4.2,Passer des audits,BD1-LAN102,Écrire une requête en algèbre relationnelle en utilisant les arbres algébriques,0
gerer-4.2,Passer des audits,BD1-LAN103,Avoir une intuition de l'optimisation de requête,0
gerer-4.2,Passer des audits,BD1-LAN201,Ecrire une requête simple de manipulation de données (LMD) en langage SQL,0
gerer-4.2,Passer des audits,BD1-LAN202,Ecrire une requête complexe de manipulation de données (LMD) en langage SQL,0
gerer-4.2,Passer des audits,BD1-LAN203,Ecrire une requête de définition de données (LDD) en langage SQL,0
gerer-4.2,Passer des audits,BD1-LAN204,Définir des contraintes d'intégrité simples en langage SQL,0
gerer-4.2,Passer des audits,BD1-LAN205,Identifier la nécessité de l'usage d'un trigger dans le cadre de la définition des CI (sans l'écrire),0
gerer-4.2,Passer des audits,BD1-LAN206,Ecrire une requête d'attribution de droits en langage SQL (centralisé ou non),0
gerer-4.2,Passer des audits,BD1-CONT101,Différencier sécurité (contrôle d'autorisation) et consistance (contrôle d'intégrité) des données,0
gerer-4.2,Passer des audits,BD1-CONT102,Différencier gestion centralisé/non centralisé des droits,0
gerer-4.2,Passer des audits,BD1-CONT201,Différencier vue relationnelle et relation,0
gerer-4.2,Passer des audits,BD1-CONT202,Ecrire la requête effectivement réalisée par le SGBD à partir de la définition de la vue interrogée.,0
gerer-4.2,Passer des audits,BD1-CONT203,Expliciter les avantages et inconvénients de l'usage des vues relationnelles,0
gerer-4.2,Passer des audits,BD1-CONT204,Identifier les problèmes de mise à jour dans les vues relationnelles,0
gerer-4.2,Passer des audits,BD1-CONT205,Utiliser la clause « with check option » dans la définition d'une vue relationnelle,0
gerer-4.2,Passer des audits,BD1-INT101,Identifier le besoin en optimisation au niveau du stockage. I. e. quand définir un index.,0
gerer-4.2,Passer des audits,BD1-INT102,Différencier le placement de l'accès aux données,0
gerer-4.2,Passer des audits,BD1-INT201,Identifier le besoin de mise en œuvre de la gestion de la concurrence d'accès,0
gerer-4.2,Passer des audits,BD1-INT202,Définir les opérations élémentaires (lecture/écriture) réalisées par le SGBD à partir d'un algorithme,0
gerer-4.2,Passer des audits,BD1-INT203,Poser les verrous en lecture et en écriture (en assurant le verrouillage 2 phases) pour assurer une sérialisation des transactions,0
gerer-4.2,Passer des audits,BD1-INT204,Associer problème de gestion de la concurrence et propriétés ACID,0
gerer-4.2,Passer des audits,BD1-INT205,Définir la granule de verrouillage utilisée à partir de l'exécution de transactions,0
gerer-4.2,Passer des audits,BD1-INT206,Identifier un interblocage (i.e. deadlock),0
gerer-4.2,Passer des audits,,,0
gerer-4.3,Organiser les rôles et les tâches,BD1-GEN101,Identifier les caractéristiques d'un problème permettant de justifier d'une base de données selon le modèle relationnel,0
gerer-4.3,Organiser les rôles et les tâches,BD1-GEN102,Expliquer le fonctionnement général et les principaux objectifs d'un SGBD,0
gerer-4.3,Organiser les rôles et les tâches,BD1-GEN103,Expliciter les étapes de réalisation d'une base de données relationnelle,0
gerer-4.3,Organiser les rôles et les tâches,BD1-GEN201,Donner un exemple de relation contenue dans la méta-base,0
gerer-4.3,Organiser les rôles et les tâches,BD1-GEN202,Différencier le schéma d'une instance de base de données,0
gerer-4.3,Organiser les rôles et les tâches,BD1-CON101,"Concevoir (i.e. définir les schéma) une base de données relationnelle selon les 3 niveaux d'abstraction : externe, conceptuel, interne",0
gerer-4.3,Organiser les rôles et les tâches,BD1-CON102,Expliciter les éléments d'un schéma E/A,0
gerer-4.3,Organiser les rôles et les tâches,BD1-CON103,Produire un schéma relationnel cohérent vis à vis du schéma E/A à partir des règles du cours,0
gerer-4.3,Organiser les rôles et les tâches,BD1-CON104,"Justifier des méthodes de transformation M, N (cas 4) vs. 1,1 (cas 3)",0
gerer-4.3,Organiser les rôles et les tâches,BD1-CON105,Définir une clé primaire appropriée pour une table au regard du contexte,0
gerer-4.3,Organiser les rôles et les tâches,BD1-CON106,Définir une clé primaire appropriée pour une table au regard d'un ensemble de dépendances fonctionnelles,0
gerer-4.3,Organiser les rôles et les tâches,BD1-CON107,Définir les contraintes d'intégrité référentielles,0
gerer-4.3,Organiser les rôles et les tâches,BD1-CON108,Définir les (autres) contraintes d'intégrité appropriées au regard du contexte,0
gerer-4.3,Organiser les rôles et les tâches,BD1-EVA201,Identifier les anomalies d'un schéma relationnel,0
gerer-4.3,Organiser les rôles et les tâches,BD1-EVA202,Définir les dépendances fonctionnelles entre les attributs,0
gerer-4.3,Organiser les rôles et les tâches,BD1-EVA203,Décomposer un schéma relationnel de manière approprié,0
gerer-4.3,Organiser les rôles et les tâches,BD1-EVA204,Évaluer la forme normale d'un schéma relationnel,0
gerer-4.3,Organiser les rôles et les tâches,BD1-EVA205,Réaliser la fermeture transitive d'une couverture minimale,0
gerer-4.3,Organiser les rôles et les tâches,BD1-EVA206,Transformer un schéma relationnel pour « améliorer » sa forme normale,0
gerer-4.3,Organiser les rôles et les tâches,BD1-EVA207,Argumenter en faveur ou non (dénormalisation) de l'équivalence modèle logique vs. modèle physique,0
gerer-4.3,Organiser les rôles et les tâches,BD1-LAN101,Expliciter les éléments d'une requête en algèbre relationnelle au format textuel,0
gerer-4.3,Organiser les rôles et les tâches,BD1-LAN102,Écrire une requête en algèbre relationnelle en utilisant les arbres algébriques,0
gerer-4.3,Organiser les rôles et les tâches,BD1-LAN103,Avoir une intuition de l'optimisation de requête,0
gerer-4.3,Organiser les rôles et les tâches,BD1-LAN201,Ecrire une requête simple de manipulation de données (LMD) en langage SQL,0
gerer-4.3,Organiser les rôles et les tâches,BD1-LAN202,Ecrire une requête complexe de manipulation de données (LMD) en langage SQL,0
gerer-4.3,Organiser les rôles et les tâches,BD1-LAN203,Ecrire une requête de définition de données (LDD) en langage SQL,0
gerer-4.3,Organiser les rôles et les tâches,BD1-LAN204,Définir des contraintes d'intégrité simples en langage SQL,0
gerer-4.3,Organiser les rôles et les tâches,BD1-LAN205,Identifier la nécessité de l'usage d'un trigger dans le cadre de la définition des CI (sans l'écrire),0
gerer-4.3,Organiser les rôles et les tâches,BD1-LAN206,Ecrire une requête d'attribution de droits en langage SQL (centralisé ou non),0
gerer-4.3,Organiser les rôles et les tâches,BD1-CONT101,Différencier sécurité (contrôle d'autorisation) et consistance (contrôle d'intégrité) des données,0
gerer-4.3,Organiser les rôles et les tâches,BD1-CONT102,Différencier gestion centralisé/non centralisé des droits,0
gerer-4.3,Organiser les rôles et les tâches,BD1-CONT201,Différencier vue relationnelle et relation,0
gerer-4.3,Organiser les rôles et les tâches,BD1-CONT202,Ecrire la requête effectivement réalisée par le SGBD à partir de la définition de la vue interrogée.,0
gerer-4.3,Organiser les rôles et les tâches,BD1-CONT203,Expliciter les avantages et inconvénients de l'usage des vues relationnelles,0
gerer-4.3,Organiser les rôles et les tâches,BD1-CONT204,Identifier les problèmes de mise à jour dans les vues relationnelles,0
gerer-4.3,Organiser les rôles et les tâches,BD1-CONT205,Utiliser la clause « with check option » dans la définition d'une vue relationnelle,0
gerer-4.3,Organiser les rôles et les tâches,BD1-INT101,Identifier le besoin en optimisation au niveau du stockage. I. e. quand définir un index.,0
gerer-4.3,Organiser les rôles et les tâches,BD1-INT102,Différencier le placement de l'accès aux données,0
gerer-4.3,Organiser les rôles et les tâches,BD1-INT201,Identifier le besoin de mise en œuvre de la gestion de la concurrence d'accès,0
gerer-4.3,Organiser les rôles et les tâches,BD1-INT202,Définir les opérations élémentaires (lecture/écriture) réalisées par le SGBD à partir d'un algorithme,0
gerer-4.3,Organiser les rôles et les tâches,BD1-INT203,Poser les verrous en lecture et en écriture (en assurant le verrouillage 2 phases) pour assurer une sérialisation des transactions,0
gerer-4.3,Organiser les rôles et les tâches,BD1-INT204,Associer problème de gestion de la concurrence et propriétés ACID,0
gerer-4.3,Organiser les rôles et les tâches,BD1-INT205,Définir la granule de verrouillage utilisée à partir de l'exécution de transactions,0
gerer-4.3,Organiser les rôles et les tâches,BD1-INT206,Identifier un interblocage (i.e. deadlock),0
gerer-4.3,Organiser les rôles et les tâches,,,0
communiquer-1.1,Documenter le code à l’aide d’un framework,BD1-GEN101,Identifier les caractéristiques d'un problème permettant de justifier d'une base de données selon le modèle relationnel,0
communiquer-1.1,Documenter le code à l’aide d’un framework,BD1-GEN102,Expliquer le fonctionnement général et les principaux objectifs d'un SGBD,0
communiquer-1.1,Documenter le code à l’aide d’un framework,BD1-GEN103,Expliciter les étapes de réalisation d'une base de données relationnelle,0
communiquer-1.1,Documenter le code à l’aide d’un framework,BD1-GEN201,Donner un exemple de relation contenue dans la méta-base,0
communiquer-1.1,Documenter le code à l’aide d’un framework,BD1-GEN202,Différencier le schéma d'une instance de base de données,0
communiquer-1.1,Documenter le code à l’aide d’un framework,BD1-CON101,"Concevoir (i.e. définir les schéma) une base de données relationnelle selon les 3 niveaux d'abstraction : externe, conceptuel, interne",0
communiquer-1.1,Documenter le code à l’aide d’un framework,BD1-CON102,Expliciter les éléments d'un schéma E/A,0
communiquer-1.1,Documenter le code à l’aide d’un framework,BD1-CON103,Produire un schéma relationnel cohérent vis à vis du schéma E/A à partir des règles du cours,0
communiquer-1.1,Documenter le code à l’aide d’un framework,BD1-CON104,"Justifier des méthodes de transformation M, N (cas 4) vs. 1,1 (cas 3)",0
communiquer-1.1,Documenter le code à l’aide d’un framework,BD1-CON105,Définir une clé primaire appropriée pour une table au regard du contexte,0
communiquer-1.1,Documenter le code à l’aide d’un framework,BD1-CON106,Définir une clé primaire appropriée pour une table au regard d'un ensemble de dépendances fonctionnelles,0
communiquer-1.1,Documenter le code à l’aide d’un framework,BD1-CON107,Définir les contraintes d'intégrité référentielles,0
communiquer-1.1,Documenter le code à l’aide d’un framework,BD1-CON108,Définir les (autres) contraintes d'intégrité appropriées au regard du contexte,0
communiquer-1.1,Documenter le code à l’aide d’un framework,BD1-EVA201,Identifier les anomalies d'un schéma relationnel,0
communiquer-1.1,Documenter le code à l’aide d’un framework,BD1-EVA202,Définir les dépendances fonctionnelles entre les attributs,0
communiquer-1.1,Documenter le code à l’aide d’un framework,BD1-EVA203,Décomposer un schéma relationnel de manière approprié,0
communiquer-1.1,Documenter le code à l’aide d’un framework,BD1-EVA204,Évaluer la forme normale d'un schéma relationnel,0
communiquer-1.1,Documenter le code à l’aide d’un framework,BD1-EVA205,Réaliser la fermeture transitive d'une couverture minimale,0
communiquer-1.1,Documenter le code à l’aide d’un framework,BD1-EVA206,Transformer un schéma relationnel pour « améliorer » sa forme normale,0
communiquer-1.1,Documenter le code à l’aide d’un framework,BD1-EVA207,Argumenter en faveur ou non (dénormalisation) de l'équivalence modèle logique vs. modèle physique,0
communiquer-1.1,Documenter le code à l’aide d’un framework,BD1-LAN101,Expliciter les éléments d'une requête en algèbre relationnelle au format textuel,0
communiquer-1.1,Documenter le code à l’aide d’un framework,BD1-LAN102,Écrire une requête en algèbre relationnelle en utilisant les arbres algébriques,0
communiquer-1.1,Documenter le code à l’aide d’un framework,BD1-LAN103,Avoir une intuition de l'optimisation de requête,0
communiquer-1.1,Documenter le code à l’aide d’un framework,BD1-LAN201,Ecrire une requête simple de manipulation de données (LMD) en langage SQL,0
communiquer-1.1,Documenter le code à l’aide d’un framework,BD1-LAN202,Ecrire une requête complexe de manipulation de données (LMD) en langage SQL,0
communiquer-1.1,Documenter le code à l’aide d’un framework,BD1-LAN203,Ecrire une requête de définition de données (LDD) en langage SQL,0
communiquer-1.1,Documenter le code à l’aide d’un framework,BD1-LAN204,Définir des contraintes d'intégrité simples en langage SQL,0
communiquer-1.1,Documenter le code à l’aide d’un framework,BD1-LAN205,Identifier la nécessité de l'usage d'un trigger dans le cadre de la définition des CI (sans l'écrire),0
communiquer-1.1,Documenter le code à l’aide d’un framework,BD1-LAN206,Ecrire une requête d'attribution de droits en langage SQL (centralisé ou non),0
communiquer-1.1,Documenter le code à l’aide d’un framework,BD1-CONT101,Différencier sécurité (contrôle d'autorisation) et consistance (contrôle d'intégrité) des données,0
communiquer-1.1,Documenter le code à l’aide d’un framework,BD1-CONT102,Différencier gestion centralisé/non centralisé des droits,0
communiquer-1.1,Documenter le code à l’aide d’un framework,BD1-CONT201,Différencier vue relationnelle et relation,0
communiquer-1.1,Documenter le code à l’aide d’un framework,BD1-CONT202,Ecrire la requête effectivement réalisée par le SGBD à partir de la définition de la vue interrogée.,0
communiquer-1.1,Documenter le code à l’aide d’un framework,BD1-CONT203,Expliciter les avantages et inconvénients de l'usage des vues relationnelles,0
communiquer-1.1,Documenter le code à l’aide d’un framework,BD1-CONT204,Identifier les problèmes de mise à jour dans les vues relationnelles,0
communiquer-1.1,Documenter le code à l’aide d’un framework,BD1-CONT205,Utiliser la clause « with check option » dans la définition d'une vue relationnelle,0
communiquer-1.1,Documenter le code à l’aide d’un framework,BD1-INT101,Identifier le besoin en optimisation au niveau du stockage. I. e. quand définir un index.,0
communiquer-1.1,Documenter le code à l’aide d’un framework,BD1-INT102,Différencier le placement de l'accès aux données,0
communiquer-1.1,Documenter le code à l’aide d’un framework,BD1-INT201,Identifier le besoin de mise en œuvre de la gestion de la concurrence d'accès,0
communiquer-1.1,Documenter le code à l’aide d’un framework,BD1-INT202,Définir les opérations élémentaires (lecture/écriture) réalisées par le SGBD à partir d'un algorithme,0
communiquer-1.1,Documenter le code à l’aide d’un framework,BD1-INT203,Poser les verrous en lecture et en écriture (en assurant le verrouillage 2 phases) pour assurer une sérialisation des transactions,0
communiquer-1.1,Documenter le code à l’aide d’un framework,BD1-INT204,Associer problème de gestion de la concurrence et propriétés ACID,0
communiquer-1.1,Documenter le code à l’aide d’un framework,BD1-INT205,Définir la granule de verrouillage utilisée à partir de l'exécution de transactions,0
communiquer-1.1,Documenter le code à l’aide d’un framework,BD1-INT206,Identifier un interblocage (i.e. deadlock),0
communiquer-1.1,Documenter le code à l’aide d’un framework,,,0
communiquer-1.2,Rédiger un rapport cohérent retraçant toutes les étapes du cycle de vie du projet,BD1-GEN101,Identifier les caractéristiques d'un problème permettant de justifier d'une base de données selon le modèle relationnel,0
communiquer-1.2,Rédiger un rapport cohérent retraçant toutes les étapes du cycle de vie du projet,BD1-GEN102,Expliquer le fonctionnement général et les principaux objectifs d'un SGBD,0
communiquer-1.2,Rédiger un rapport cohérent retraçant toutes les étapes du cycle de vie du projet,BD1-GEN103,Expliciter les étapes de réalisation d'une base de données relationnelle,0
communiquer-1.2,Rédiger un rapport cohérent retraçant toutes les étapes du cycle de vie du projet,BD1-GEN201,Donner un exemple de relation contenue dans la méta-base,0
communiquer-1.2,Rédiger un rapport cohérent retraçant toutes les étapes du cycle de vie du projet,BD1-GEN202,Différencier le schéma d'une instance de base de données,0
communiquer-1.2,Rédiger un rapport cohérent retraçant toutes les étapes du cycle de vie du projet,BD1-CON101,"Concevoir (i.e. définir les schéma) une base de données relationnelle selon les 3 niveaux d'abstraction : externe, conceptuel, interne",0
communiquer-1.2,Rédiger un rapport cohérent retraçant toutes les étapes du cycle de vie du projet,BD1-CON102,Expliciter les éléments d'un schéma E/A,0
communiquer-1.2,Rédiger un rapport cohérent retraçant toutes les étapes du cycle de vie du projet,BD1-CON103,Produire un schéma relationnel cohérent vis à vis du schéma E/A à partir des règles du cours,0
communiquer-1.2,Rédiger un rapport cohérent retraçant toutes les étapes du cycle de vie du projet,BD1-CON104,"Justifier des méthodes de transformation M, N (cas 4) vs. 1,1 (cas 3)",0
communiquer-1.2,Rédiger un rapport cohérent retraçant toutes les étapes du cycle de vie du projet,BD1-CON105,Définir une clé primaire appropriée pour une table au regard du contexte,0
communiquer-1.2,Rédiger un rapport cohérent retraçant toutes les étapes du cycle de vie du projet,BD1-CON106,Définir une clé primaire appropriée pour une table au regard d'un ensemble de dépendances fonctionnelles,0
communiquer-1.2,Rédiger un rapport cohérent retraçant toutes les étapes du cycle de vie du projet,BD1-CON107,Définir les contraintes d'intégrité référentielles,0
communiquer-1.2,Rédiger un rapport cohérent retraçant toutes les étapes du cycle de vie du projet,BD1-CON108,Définir les (autres) contraintes d'intégrité appropriées au regard du contexte,0
communiquer-1.2,Rédiger un rapport cohérent retraçant toutes les étapes du cycle de vie du projet,BD1-EVA201,Identifier les anomalies d'un schéma relationnel,0
communiquer-1.2,Rédiger un rapport cohérent retraçant toutes les étapes du cycle de vie du projet,BD1-EVA202,Définir les dépendances fonctionnelles entre les attributs,0
communiquer-1.2,Rédiger un rapport cohérent retraçant toutes les étapes du cycle de vie du projet,BD1-EVA203,Décomposer un schéma relationnel de manière approprié,0
communiquer-1.2,Rédiger un rapport cohérent retraçant toutes les étapes du cycle de vie du projet,BD1-EVA204,Évaluer la forme normale d'un schéma relationnel,0
communiquer-1.2,Rédiger un rapport cohérent retraçant toutes les étapes du cycle de vie du projet,BD1-EVA205,Réaliser la fermeture transitive d'une couverture minimale,0
communiquer-1.2,Rédiger un rapport cohérent retraçant toutes les étapes du cycle de vie du projet,BD1-EVA206,Transformer un schéma relationnel pour « améliorer » sa forme normale,0
communiquer-1.2,Rédiger un rapport cohérent retraçant toutes les étapes du cycle de vie du projet,BD1-EVA207,Argumenter en faveur ou non (dénormalisation) de l'équivalence modèle logique vs. modèle physique,0
communiquer-1.2,Rédiger un rapport cohérent retraçant toutes les étapes du cycle de vie du projet,BD1-LAN101,Expliciter les éléments d'une requête en algèbre relationnelle au format textuel,0
communiquer-1.2,Rédiger un rapport cohérent retraçant toutes les étapes du cycle de vie du projet,BD1-LAN102,Écrire une requête en algèbre relationnelle en utilisant les arbres algébriques,0
communiquer-1.2,Rédiger un rapport cohérent retraçant toutes les étapes du cycle de vie du projet,BD1-LAN103,Avoir une intuition de l'optimisation de requête,0
communiquer-1.2,Rédiger un rapport cohérent retraçant toutes les étapes du cycle de vie du projet,BD1-LAN201,Ecrire une requête simple de manipulation de données (LMD) en langage SQL,0
communiquer-1.2,Rédiger un rapport cohérent retraçant toutes les étapes du cycle de vie du projet,BD1-LAN202,Ecrire une requête complexe de manipulation de données (LMD) en langage SQL,0
communiquer-1.2,Rédiger un rapport cohérent retraçant toutes les étapes du cycle de vie du projet,BD1-LAN203,Ecrire une requête de définition de données (LDD) en langage SQL,0
communiquer-1.2,Rédiger un rapport cohérent retraçant toutes les étapes du cycle de vie du projet,BD1-LAN204,Définir des contraintes d'intégrité simples en langage SQL,0
communiquer-1.2,Rédiger un rapport cohérent retraçant toutes les étapes du cycle de vie du projet,BD1-LAN205,Identifier la nécessité de l'usage d'un trigger dans le cadre de la définition des CI (sans l'écrire),0
communiquer-1.2,Rédiger un rapport cohérent retraçant toutes les étapes du cycle de vie du projet,BD1-LAN206,Ecrire une requête d'attribution de droits en langage SQL (centralisé ou non),0
communiquer-1.2,Rédiger un rapport cohérent retraçant toutes les étapes du cycle de vie du projet,BD1-CONT101,Différencier sécurité (contrôle d'autorisation) et consistance (contrôle d'intégrité) des données,0
communiquer-1.2,Rédiger un rapport cohérent retraçant toutes les étapes du cycle de vie du projet,BD1-CONT102,Différencier gestion centralisé/non centralisé des droits,0
communiquer-1.2,Rédiger un rapport cohérent retraçant toutes les étapes du cycle de vie du projet,BD1-CONT201,Différencier vue relationnelle et relation,0
communiquer-1.2,Rédiger un rapport cohérent retraçant toutes les étapes du cycle de vie du projet,BD1-CONT202,Ecrire la requête effectivement réalisée par le SGBD à partir de la définition de la vue interrogée.,0
communiquer-1.2,Rédiger un rapport cohérent retraçant toutes les étapes du cycle de vie du projet,BD1-CONT203,Expliciter les avantages et inconvénients de l'usage des vues relationnelles,0
communiquer-1.2,Rédiger un rapport cohérent retraçant toutes les étapes du cycle de vie du projet,BD1-CONT204,Identifier les problèmes de mise à jour dans les vues relationnelles,0
communiquer-1.2,Rédiger un rapport cohérent retraçant toutes les étapes du cycle de vie du projet,BD1-CONT205,Utiliser la clause « with check option » dans la définition d'une vue relationnelle,0
communiquer-1.2,Rédiger un rapport cohérent retraçant toutes les étapes du cycle de vie du projet,BD1-INT101,Identifier le besoin en optimisation au niveau du stockage. I. e. quand définir un index.,0
communiquer-1.2,Rédiger un rapport cohérent retraçant toutes les étapes du cycle de vie du projet,BD1-INT102,Différencier le placement de l'accès aux données,0
communiquer-1.2,Rédiger un rapport cohérent retraçant toutes les étapes du cycle de vie du projet,BD1-INT201,Identifier le besoin de mise en œuvre de la gestion de la concurrence d'accès,0
communiquer-1.2,Rédiger un rapport cohérent retraçant toutes les étapes du cycle de vie du projet,BD1-INT202,Définir les opérations élémentaires (lecture/écriture) réalisées par le SGBD à partir d'un algorithme,0
communiquer-1.2,Rédiger un rapport cohérent retraçant toutes les étapes du cycle de vie du projet,BD1-INT203,Poser les verrous en lecture et en écriture (en assurant le verrouillage 2 phases) pour assurer une sérialisation des transactions,0
communiquer-1.2,Rédiger un rapport cohérent retraçant toutes les étapes du cycle de vie du projet,BD1-INT204,Associer problème de gestion de la concurrence et propriétés ACID,0
communiquer-1.2,Rédiger un rapport cohérent retraçant toutes les étapes du cycle de vie du projet,BD1-INT205,Définir la granule de verrouillage utilisée à partir de l'exécution de transactions,0
communiquer-1.2,Rédiger un rapport cohérent retraçant toutes les étapes du cycle de vie du projet,BD1-INT206,Identifier un interblocage (i.e. deadlock),0
communiquer-1.2,Rédiger un rapport cohérent retraçant toutes les étapes du cycle de vie du projet,,,0
communiquer-1.3,Représenter les modèles à l’aide de langage formel,BD1-GEN101,Identifier les caractéristiques d'un problème permettant de justifier d'une base de données selon le modèle relationnel,0
communiquer-1.3,Représenter les modèles à l’aide de langage formel,BD1-GEN102,Expliquer le fonctionnement général et les principaux objectifs d'un SGBD,0
communiquer-1.3,Représenter les modèles à l’aide de langage formel,BD1-GEN103,Expliciter les étapes de réalisation d'une base de données relationnelle,0
communiquer-1.3,Représenter les modèles à l’aide de langage formel,BD1-GEN201,Donner un exemple de relation contenue dans la méta-base,0
communiquer-1.3,Représenter les modèles à l’aide de langage formel,BD1-GEN202,Différencier le schéma d'une instance de base de données,0
communiquer-1.3,Représenter les modèles à l’aide de langage formel,BD1-CON101,"Concevoir (i.e. définir les schéma) une base de données relationnelle selon les 3 niveaux d'abstraction : externe, conceptuel, interne",1
communiquer-1.3,Représenter les modèles à l’aide de langage formel,BD1-CON102,Expliciter les éléments d'un schéma E/A,1
communiquer-1.3,Représenter les modèles à l’aide de langage formel,BD1-CON103,Produire un schéma relationnel cohérent vis à vis du schéma E/A à partir des règles du cours,1
communiquer-1.3,Représenter les modèles à l’aide de langage formel,BD1-CON104,"Justifier des méthodes de transformation M, N (cas 4) vs. 1,1 (cas 3)",1
communiquer-1.3,Représenter les modèles à l’aide de langage formel,BD1-CON105,Définir une clé primaire appropriée pour une table au regard du contexte,1
communiquer-1.3,Représenter les modèles à l’aide de langage formel,BD1-CON106,Définir une clé primaire appropriée pour une table au regard d'un ensemble de dépendances fonctionnelles,1
communiquer-1.3,Représenter les modèles à l’aide de langage formel,BD1-CON107,Définir les contraintes d'intégrité référentielles,1
communiquer-1.3,Représenter les modèles à l’aide de langage formel,BD1-CON108,Définir les (autres) contraintes d'intégrité appropriées au regard du contexte,1
communiquer-1.3,Représenter les modèles à l’aide de langage formel,BD1-EVA201,Identifier les anomalies d'un schéma relationnel,0
communiquer-1.3,Représenter les modèles à l’aide de langage formel,BD1-EVA202,Définir les dépendances fonctionnelles entre les attributs,0
communiquer-1.3,Représenter les modèles à l’aide de langage formel,BD1-EVA203,Décomposer un schéma relationnel de manière approprié,0
communiquer-1.3,Représenter les modèles à l’aide de langage formel,BD1-EVA204,Évaluer la forme normale d'un schéma relationnel,0
communiquer-1.3,Représenter les modèles à l’aide de langage formel,BD1-EVA205,Réaliser la fermeture transitive d'une couverture minimale,0
communiquer-1.3,Représenter les modèles à l’aide de langage formel,BD1-EVA206,Transformer un schéma relationnel pour « améliorer » sa forme normale,0
communiquer-1.3,Représenter les modèles à l’aide de langage formel,BD1-EVA207,Argumenter en faveur ou non (dénormalisation) de l'équivalence modèle logique vs. modèle physique,0
communiquer-1.3,Représenter les modèles à l’aide de langage formel,BD1-LAN101,Expliciter les éléments d'une requête en algèbre relationnelle au format textuel,0
communiquer-1.3,Représenter les modèles à l’aide de langage formel,BD1-LAN102,Écrire une requête en algèbre relationnelle en utilisant les arbres algébriques,0
communiquer-1.3,Représenter les modèles à l’aide de langage formel,BD1-LAN103,Avoir une intuition de l'optimisation de requête,0
communiquer-1.3,Représenter les modèles à l’aide de langage formel,BD1-LAN201,Ecrire une requête simple de manipulation de données (LMD) en langage SQL,0
communiquer-1.3,Représenter les modèles à l’aide de langage formel,BD1-LAN202,Ecrire une requête complexe de manipulation de données (LMD) en langage SQL,0
communiquer-1.3,Représenter les modèles à l’aide de langage formel,BD1-LAN203,Ecrire une requête de définition de données (LDD) en langage SQL,0
communiquer-1.3,Représenter les modèles à l’aide de langage formel,BD1-LAN204,Définir des contraintes d'intégrité simples en langage SQL,0
communiquer-1.3,Représenter les modèles à l’aide de langage formel,BD1-LAN205,Identifier la nécessité de l'usage d'un trigger dans le cadre de la définition des CI (sans l'écrire),0
communiquer-1.3,Représenter les modèles à l’aide de langage formel,BD1-LAN206,Ecrire une requête d'attribution de droits en langage SQL (centralisé ou non),0
communiquer-1.3,Représenter les modèles à l’aide de langage formel,BD1-CONT101,Différencier sécurité (contrôle d'autorisation) et consistance (contrôle d'intégrité) des données,0
communiquer-1.3,Représenter les modèles à l’aide de langage formel,BD1-CONT102,Différencier gestion centralisé/non centralisé des droits,0
communiquer-1.3,Représenter les modèles à l’aide de langage formel,BD1-CONT201,Différencier vue relationnelle et relation,0
communiquer-1.3,Représenter les modèles à l’aide de langage formel,BD1-CONT202,Ecrire la requête effectivement réalisée par le SGBD à partir de la définition de la vue interrogée.,0
communiquer-1.3,Représenter les modèles à l’aide de langage formel,BD1-CONT203,Expliciter les avantages et inconvénients de l'usage des vues relationnelles,0
communiquer-1.3,Représenter les modèles à l’aide de langage formel,BD1-CONT204,Identifier les problèmes de mise à jour dans les vues relationnelles,0
communiquer-1.3,Représenter les modèles à l’aide de langage formel,BD1-CONT205,Utiliser la clause « with check option » dans la définition d'une vue relationnelle,0
communiquer-1.3,Représenter les modèles à l’aide de langage formel,BD1-INT101,Identifier le besoin en optimisation au niveau du stockage. I. e. quand définir un index.,0
communiquer-1.3,Représenter les modèles à l’aide de langage formel,BD1-INT102,Différencier le placement de l'accès aux données,0
communiquer-1.3,Représenter les modèles à l’aide de langage formel,BD1-INT201,Identifier le besoin de mise en œuvre de la gestion de la concurrence d'accès,0
communiquer-1.3,Représenter les modèles à l’aide de langage formel,BD1-INT202,Définir les opérations élémentaires (lecture/écriture) réalisées par le SGBD à partir d'un algorithme,0
communiquer-1.3,Représenter les modèles à l’aide de langage formel,BD1-INT203,Poser les verrous en lecture et en écriture (en assurant le verrouillage 2 phases) pour assurer une sérialisation des transactions,0
communiquer-1.3,Représenter les modèles à l’aide de langage formel,BD1-INT204,Associer problème de gestion de la concurrence et propriétés ACID,0
communiquer-1.3,Représenter les modèles à l’aide de langage formel,BD1-INT205,Définir la granule de verrouillage utilisée à partir de l'exécution de transactions,0
communiquer-1.3,Représenter les modèles à l’aide de langage formel,BD1-INT206,Identifier un interblocage (i.e. deadlock),0
communiquer-1.3,Représenter les modèles à l’aide de langage formel,,,0
communiquer-2.1,Rédiger des supports de présentation,BD1-GEN101,Identifier les caractéristiques d'un problème permettant de justifier d'une base de données selon le modèle relationnel,0
communiquer-2.1,Rédiger des supports de présentation,BD1-GEN102,Expliquer le fonctionnement général et les principaux objectifs d'un SGBD,0
communiquer-2.1,Rédiger des supports de présentation,BD1-GEN103,Expliciter les étapes de réalisation d'une base de données relationnelle,0
communiquer-2.1,Rédiger des supports de présentation,BD1-GEN201,Donner un exemple de relation contenue dans la méta-base,0
communiquer-2.1,Rédiger des supports de présentation,BD1-GEN202,Différencier le schéma d'une instance de base de données,0
communiquer-2.1,Rédiger des supports de présentation,BD1-CON101,"Concevoir (i.e. définir les schéma) une base de données relationnelle selon les 3 niveaux d'abstraction : externe, conceptuel, interne",0
communiquer-2.1,Rédiger des supports de présentation,BD1-CON102,Expliciter les éléments d'un schéma E/A,0
communiquer-2.1,Rédiger des supports de présentation,BD1-CON103,Produire un schéma relationnel cohérent vis à vis du schéma E/A à partir des règles du cours,0
communiquer-2.1,Rédiger des supports de présentation,BD1-CON104,"Justifier des méthodes de transformation M, N (cas 4) vs. 1,1 (cas 3)",0
communiquer-2.1,Rédiger des supports de présentation,BD1-CON105,Définir une clé primaire appropriée pour une table au regard du contexte,0
communiquer-2.1,Rédiger des supports de présentation,BD1-CON106,Définir une clé primaire appropriée pour une table au regard d'un ensemble de dépendances fonctionnelles,0
communiquer-2.1,Rédiger des supports de présentation,BD1-CON107,Définir les contraintes d'intégrité référentielles,0
communiquer-2.1,Rédiger des supports de présentation,BD1-CON108,Définir les (autres) contraintes d'intégrité appropriées au regard du contexte,0
communiquer-2.1,Rédiger des supports de présentation,BD1-EVA201,Identifier les anomalies d'un schéma relationnel,0
communiquer-2.1,Rédiger des supports de présentation,BD1-EVA202,Définir les dépendances fonctionnelles entre les attributs,0
communiquer-2.1,Rédiger des supports de présentation,BD1-EVA203,Décomposer un schéma relationnel de manière approprié,0
communiquer-2.1,Rédiger des supports de présentation,BD1-EVA204,Évaluer la forme normale d'un schéma relationnel,0
communiquer-2.1,Rédiger des supports de présentation,BD1-EVA205,Réaliser la fermeture transitive d'une couverture minimale,0
communiquer-2.1,Rédiger des supports de présentation,BD1-EVA206,Transformer un schéma relationnel pour « améliorer » sa forme normale,0
communiquer-2.1,Rédiger des supports de présentation,BD1-EVA207,Argumenter en faveur ou non (dénormalisation) de l'équivalence modèle logique vs. modèle physique,0
communiquer-2.1,Rédiger des supports de présentation,BD1-LAN101,Expliciter les éléments d'une requête en algèbre relationnelle au format textuel,0
communiquer-2.1,Rédiger des supports de présentation,BD1-LAN102,Écrire une requête en algèbre relationnelle en utilisant les arbres algébriques,0
communiquer-2.1,Rédiger des supports de présentation,BD1-LAN103,Avoir une intuition de l'optimisation de requête,0
communiquer-2.1,Rédiger des supports de présentation,BD1-LAN201,Ecrire une requête simple de manipulation de données (LMD) en langage SQL,0
communiquer-2.1,Rédiger des supports de présentation,BD1-LAN202,Ecrire une requête complexe de manipulation de données (LMD) en langage SQL,0
communiquer-2.1,Rédiger des supports de présentation,BD1-LAN203,Ecrire une requête de définition de données (LDD) en langage SQL,0
communiquer-2.1,Rédiger des supports de présentation,BD1-LAN204,Définir des contraintes d'intégrité simples en langage SQL,0
communiquer-2.1,Rédiger des supports de présentation,BD1-LAN205,Identifier la nécessité de l'usage d'un trigger dans le cadre de la définition des CI (sans l'écrire),0
communiquer-2.1,Rédiger des supports de présentation,BD1-LAN206,Ecrire une requête d'attribution de droits en langage SQL (centralisé ou non),0
communiquer-2.1,Rédiger des supports de présentation,BD1-CONT101,Différencier sécurité (contrôle d'autorisation) et consistance (contrôle d'intégrité) des données,0
communiquer-2.1,Rédiger des supports de présentation,BD1-CONT102,Différencier gestion centralisé/non centralisé des droits,0
communiquer-2.1,Rédiger des supports de présentation,BD1-CONT201,Différencier vue relationnelle et relation,0
communiquer-2.1,Rédiger des supports de présentation,BD1-CONT202,Ecrire la requête effectivement réalisée par le SGBD à partir de la définition de la vue interrogée.,0
communiquer-2.1,Rédiger des supports de présentation,BD1-CONT203,Expliciter les avantages et inconvénients de l'usage des vues relationnelles,0
communiquer-2.1,Rédiger des supports de présentation,BD1-CONT204,Identifier les problèmes de mise à jour dans les vues relationnelles,0
communiquer-2.1,Rédiger des supports de présentation,BD1-CONT205,Utiliser la clause « with check option » dans la définition d'une vue relationnelle,0
communiquer-2.1,Rédiger des supports de présentation,BD1-INT101,Identifier le besoin en optimisation au niveau du stockage. I. e. quand définir un index.,0
communiquer-2.1,Rédiger des supports de présentation,BD1-INT102,Différencier le placement de l'accès aux données,0
communiquer-2.1,Rédiger des supports de présentation,BD1-INT201,Identifier le besoin de mise en œuvre de la gestion de la concurrence d'accès,0
communiquer-2.1,Rédiger des supports de présentation,BD1-INT202,Définir les opérations élémentaires (lecture/écriture) réalisées par le SGBD à partir d'un algorithme,0
communiquer-2.1,Rédiger des supports de présentation,BD1-INT203,Poser les verrous en lecture et en écriture (en assurant le verrouillage 2 phases) pour assurer une sérialisation des transactions,0
communiquer-2.1,Rédiger des supports de présentation,BD1-INT204,Associer problème de gestion de la concurrence et propriétés ACID,0
communiquer-2.1,Rédiger des supports de présentation,BD1-INT205,Définir la granule de verrouillage utilisée à partir de l'exécution de transactions,0
communiquer-2.1,Rédiger des supports de présentation,BD1-INT206,Identifier un interblocage (i.e. deadlock),0
communiquer-2.1,Rédiger des supports de présentation,,,0
communiquer-2.2,Restituer oralement le travail réalisé,BD1-GEN101,Identifier les caractéristiques d'un problème permettant de justifier d'une base de données selon le modèle relationnel,0
communiquer-2.2,Restituer oralement le travail réalisé,BD1-GEN102,Expliquer le fonctionnement général et les principaux objectifs d'un SGBD,0
communiquer-2.2,Restituer oralement le travail réalisé,BD1-GEN103,Expliciter les étapes de réalisation d'une base de données relationnelle,0
communiquer-2.2,Restituer oralement le travail réalisé,BD1-GEN201,Donner un exemple de relation contenue dans la méta-base,0
communiquer-2.2,Restituer oralement le travail réalisé,BD1-GEN202,Différencier le schéma d'une instance de base de données,0
communiquer-2.2,Restituer oralement le travail réalisé,BD1-CON101,"Concevoir (i.e. définir les schéma) une base de données relationnelle selon les 3 niveaux d'abstraction : externe, conceptuel, interne",0
communiquer-2.2,Restituer oralement le travail réalisé,BD1-CON102,Expliciter les éléments d'un schéma E/A,0
communiquer-2.2,Restituer oralement le travail réalisé,BD1-CON103,Produire un schéma relationnel cohérent vis à vis du schéma E/A à partir des règles du cours,0
communiquer-2.2,Restituer oralement le travail réalisé,BD1-CON104,"Justifier des méthodes de transformation M, N (cas 4) vs. 1,1 (cas 3)",0
communiquer-2.2,Restituer oralement le travail réalisé,BD1-CON105,Définir une clé primaire appropriée pour une table au regard du contexte,0
communiquer-2.2,Restituer oralement le travail réalisé,BD1-CON106,Définir une clé primaire appropriée pour une table au regard d'un ensemble de dépendances fonctionnelles,0
communiquer-2.2,Restituer oralement le travail réalisé,BD1-CON107,Définir les contraintes d'intégrité référentielles,0
communiquer-2.2,Restituer oralement le travail réalisé,BD1-CON108,Définir les (autres) contraintes d'intégrité appropriées au regard du contexte,0
communiquer-2.2,Restituer oralement le travail réalisé,BD1-EVA201,Identifier les anomalies d'un schéma relationnel,0
communiquer-2.2,Restituer oralement le travail réalisé,BD1-EVA202,Définir les dépendances fonctionnelles entre les attributs,0
communiquer-2.2,Restituer oralement le travail réalisé,BD1-EVA203,Décomposer un schéma relationnel de manière approprié,0
communiquer-2.2,Restituer oralement le travail réalisé,BD1-EVA204,Évaluer la forme normale d'un schéma relationnel,0
communiquer-2.2,Restituer oralement le travail réalisé,BD1-EVA205,Réaliser la fermeture transitive d'une couverture minimale,0
communiquer-2.2,Restituer oralement le travail réalisé,BD1-EVA206,Transformer un schéma relationnel pour « améliorer » sa forme normale,0
communiquer-2.2,Restituer oralement le travail réalisé,BD1-EVA207,Argumenter en faveur ou non (dénormalisation) de l'équivalence modèle logique vs. modèle physique,0
communiquer-2.2,Restituer oralement le travail réalisé,BD1-LAN101,Expliciter les éléments d'une requête en algèbre relationnelle au format textuel,0
communiquer-2.2,Restituer oralement le travail réalisé,BD1-LAN102,Écrire une requête en algèbre relationnelle en utilisant les arbres algébriques,0
communiquer-2.2,Restituer oralement le travail réalisé,BD1-LAN103,Avoir une intuition de l'optimisation de requête,0
communiquer-2.2,Restituer oralement le travail réalisé,BD1-LAN201,Ecrire une requête simple de manipulation de données (LMD) en langage SQL,0
communiquer-2.2,Restituer oralement le travail réalisé,BD1-LAN202,Ecrire une requête complexe de manipulation de données (LMD) en langage SQL,0
communiquer-2.2,Restituer oralement le travail réalisé,BD1-LAN203,Ecrire une requête de définition de données (LDD) en langage SQL,0
communiquer-2.2,Restituer oralement le travail réalisé,BD1-LAN204,Définir des contraintes d'intégrité simples en langage SQL,0
communiquer-2.2,Restituer oralement le travail réalisé,BD1-LAN205,Identifier la nécessité de l'usage d'un trigger dans le cadre de la définition des CI (sans l'écrire),0
communiquer-2.2,Restituer oralement le travail réalisé,BD1-LAN206,Ecrire une requête d'attribution de droits en langage SQL (centralisé ou non),0
communiquer-2.2,Restituer oralement le travail réalisé,BD1-CONT101,Différencier sécurité (contrôle d'autorisation) et consistance (contrôle d'intégrité) des données,0
communiquer-2.2,Restituer oralement le travail réalisé,BD1-CONT102,Différencier gestion centralisé/non centralisé des droits,0
communiquer-2.2,Restituer oralement le travail réalisé,BD1-CONT201,Différencier vue relationnelle et relation,0
communiquer-2.2,Restituer oralement le travail réalisé,BD1-CONT202,Ecrire la requête effectivement réalisée par le SGBD à partir de la définition de la vue interrogée.,0
communiquer-2.2,Restituer oralement le travail réalisé,BD1-CONT203,Expliciter les avantages et inconvénients de l'usage des vues relationnelles,0
communiquer-2.2,Restituer oralement le travail réalisé,BD1-CONT204,Identifier les problèmes de mise à jour dans les vues relationnelles,0
communiquer-2.2,Restituer oralement le travail réalisé,BD1-CONT205,Utiliser la clause « with check option » dans la définition d'une vue relationnelle,0
communiquer-2.2,Restituer oralement le travail réalisé,BD1-INT101,Identifier le besoin en optimisation au niveau du stockage. I. e. quand définir un index.,0
communiquer-2.2,Restituer oralement le travail réalisé,BD1-INT102,Différencier le placement de l'accès aux données,0
communiquer-2.2,Restituer oralement le travail réalisé,BD1-INT201,Identifier le besoin de mise en œuvre de la gestion de la concurrence d'accès,0
communiquer-2.2,Restituer oralement le travail réalisé,BD1-INT202,Définir les opérations élémentaires (lecture/écriture) réalisées par le SGBD à partir d'un algorithme,0
communiquer-2.2,Restituer oralement le travail réalisé,BD1-INT203,Poser les verrous en lecture et en écriture (en assurant le verrouillage 2 phases) pour assurer une sérialisation des transactions,0
communiquer-2.2,Restituer oralement le travail réalisé,BD1-INT204,Associer problème de gestion de la concurrence et propriétés ACID,0
communiquer-2.2,Restituer oralement le travail réalisé,BD1-INT205,Définir la granule de verrouillage utilisée à partir de l'exécution de transactions,0
communiquer-2.2,Restituer oralement le travail réalisé,BD1-INT206,Identifier un interblocage (i.e. deadlock),0
communiquer-2.2,Restituer oralement le travail réalisé,,,0
communiquer-2.3,Synthétiser le travail réalisé,BD1-GEN101,Identifier les caractéristiques d'un problème permettant de justifier d'une base de données selon le modèle relationnel,0
communiquer-2.3,Synthétiser le travail réalisé,BD1-GEN102,Expliquer le fonctionnement général et les principaux objectifs d'un SGBD,0
communiquer-2.3,Synthétiser le travail réalisé,BD1-GEN103,Expliciter les étapes de réalisation d'une base de données relationnelle,0
communiquer-2.3,Synthétiser le travail réalisé,BD1-GEN201,Donner un exemple de relation contenue dans la méta-base,0
communiquer-2.3,Synthétiser le travail réalisé,BD1-GEN202,Différencier le schéma d'une instance de base de données,0
communiquer-2.3,Synthétiser le travail réalisé,BD1-CON101,"Concevoir (i.e. définir les schéma) une base de données relationnelle selon les 3 niveaux d'abstraction : externe, conceptuel, interne",0
communiquer-2.3,Synthétiser le travail réalisé,BD1-CON102,Expliciter les éléments d'un schéma E/A,0
communiquer-2.3,Synthétiser le travail réalisé,BD1-CON103,Produire un schéma relationnel cohérent vis à vis du schéma E/A à partir des règles du cours,0
communiquer-2.3,Synthétiser le travail réalisé,BD1-CON104,"Justifier des méthodes de transformation M, N (cas 4) vs. 1,1 (cas 3)",0
communiquer-2.3,Synthétiser le travail réalisé,BD1-CON105,Définir une clé primaire appropriée pour une table au regard du contexte,0
communiquer-2.3,Synthétiser le travail réalisé,BD1-CON106,Définir une clé primaire appropriée pour une table au regard d'un ensemble de dépendances fonctionnelles,0
communiquer-2.3,Synthétiser le travail réalisé,BD1-CON107,Définir les contraintes d'intégrité référentielles,0
communiquer-2.3,Synthétiser le travail réalisé,BD1-CON108,Définir les (autres) contraintes d'intégrité appropriées au regard du contexte,0
communiquer-2.3,Synthétiser le travail réalisé,BD1-EVA201,Identifier les anomalies d'un schéma relationnel,0
communiquer-2.3,Synthétiser le travail réalisé,BD1-EVA202,Définir les dépendances fonctionnelles entre les attributs,0
communiquer-2.3,Synthétiser le travail réalisé,BD1-EVA203,Décomposer un schéma relationnel de manière approprié,0
communiquer-2.3,Synthétiser le travail réalisé,BD1-EVA204,Évaluer la forme normale d'un schéma relationnel,0
communiquer-2.3,Synthétiser le travail réalisé,BD1-EVA205,Réaliser la fermeture transitive d'une couverture minimale,0
communiquer-2.3,Synthétiser le travail réalisé,BD1-EVA206,Transformer un schéma relationnel pour « améliorer » sa forme normale,0
communiquer-2.3,Synthétiser le travail réalisé,BD1-EVA207,Argumenter en faveur ou non (dénormalisation) de l'équivalence modèle logique vs. modèle physique,0
communiquer-2.3,Synthétiser le travail réalisé,BD1-LAN101,Expliciter les éléments d'une requête en algèbre relationnelle au format textuel,0
communiquer-2.3,Synthétiser le travail réalisé,BD1-LAN102,Écrire une requête en algèbre relationnelle en utilisant les arbres algébriques,0
communiquer-2.3,Synthétiser le travail réalisé,BD1-LAN103,Avoir une intuition de l'optimisation de requête,0
communiquer-2.3,Synthétiser le travail réalisé,BD1-LAN201,Ecrire une requête simple de manipulation de données (LMD) en langage SQL,0
communiquer-2.3,Synthétiser le travail réalisé,BD1-LAN202,Ecrire une requête complexe de manipulation de données (LMD) en langage SQL,0
communiquer-2.3,Synthétiser le travail réalisé,BD1-LAN203,Ecrire une requête de définition de données (LDD) en langage SQL,0
communiquer-2.3,Synthétiser le travail réalisé,BD1-LAN204,Définir des contraintes d'intégrité simples en langage SQL,0
communiquer-2.3,Synthétiser le travail réalisé,BD1-LAN205,Identifier la nécessité de l'usage d'un trigger dans le cadre de la définition des CI (sans l'écrire),0
communiquer-2.3,Synthétiser le travail réalisé,BD1-LAN206,Ecrire une requête d'attribution de droits en langage SQL (centralisé ou non),0
communiquer-2.3,Synthétiser le travail réalisé,BD1-CONT101,Différencier sécurité (contrôle d'autorisation) et consistance (contrôle d'intégrité) des données,0
communiquer-2.3,Synthétiser le travail réalisé,BD1-CONT102,Différencier gestion centralisé/non centralisé des droits,0
communiquer-2.3,Synthétiser le travail réalisé,BD1-CONT201,Différencier vue relationnelle et relation,0
communiquer-2.3,Synthétiser le travail réalisé,BD1-CONT202,Ecrire la requête effectivement réalisée par le SGBD à partir de la définition de la vue interrogée.,0
communiquer-2.3,Synthétiser le travail réalisé,BD1-CONT203,Expliciter les avantages et inconvénients de l'usage des vues relationnelles,0
communiquer-2.3,Synthétiser le travail réalisé,BD1-CONT204,Identifier les problèmes de mise à jour dans les vues relationnelles,0
communiquer-2.3,Synthétiser le travail réalisé,BD1-CONT205,Utiliser la clause « with check option » dans la définition d'une vue relationnelle,0
communiquer-2.3,Synthétiser le travail réalisé,BD1-INT101,Identifier le besoin en optimisation au niveau du stockage. I. e. quand définir un index.,0
communiquer-2.3,Synthétiser le travail réalisé,BD1-INT102,Différencier le placement de l'accès aux données,0
communiquer-2.3,Synthétiser le travail réalisé,BD1-INT201,Identifier le besoin de mise en œuvre de la gestion de la concurrence d'accès,0
communiquer-2.3,Synthétiser le travail réalisé,BD1-INT202,Définir les opérations élémentaires (lecture/écriture) réalisées par le SGBD à partir d'un algorithme,0
communiquer-2.3,Synthétiser le travail réalisé,BD1-INT203,Poser les verrous en lecture et en écriture (en assurant le verrouillage 2 phases) pour assurer une sérialisation des transactions,0
communiquer-2.3,Synthétiser le travail réalisé,BD1-INT204,Associer problème de gestion de la concurrence et propriétés ACID,0
communiquer-2.3,Synthétiser le travail réalisé,BD1-INT205,Définir la granule de verrouillage utilisée à partir de l'exécution de transactions,0
communiquer-2.3,Synthétiser le travail réalisé,BD1-INT206,Identifier un interblocage (i.e. deadlock),0
communiquer-2.3,Synthétiser le travail réalisé,,,0
communiquer-3.1,Interpréter les résultats dans le contexte du problème,BD1-GEN101,Identifier les caractéristiques d'un problème permettant de justifier d'une base de données selon le modèle relationnel,0
communiquer-3.1,Interpréter les résultats dans le contexte du problème,BD1-GEN102,Expliquer le fonctionnement général et les principaux objectifs d'un SGBD,0
communiquer-3.1,Interpréter les résultats dans le contexte du problème,BD1-GEN103,Expliciter les étapes de réalisation d'une base de données relationnelle,0
communiquer-3.1,Interpréter les résultats dans le contexte du problème,BD1-GEN201,Donner un exemple de relation contenue dans la méta-base,0
communiquer-3.1,Interpréter les résultats dans le contexte du problème,BD1-GEN202,Différencier le schéma d'une instance de base de données,0
communiquer-3.1,Interpréter les résultats dans le contexte du problème,BD1-CON101,"Concevoir (i.e. définir les schéma) une base de données relationnelle selon les 3 niveaux d'abstraction : externe, conceptuel, interne",0
communiquer-3.1,Interpréter les résultats dans le contexte du problème,BD1-CON102,Expliciter les éléments d'un schéma E/A,0
communiquer-3.1,Interpréter les résultats dans le contexte du problème,BD1-CON103,Produire un schéma relationnel cohérent vis à vis du schéma E/A à partir des règles du cours,0
communiquer-3.1,Interpréter les résultats dans le contexte du problème,BD1-CON104,"Justifier des méthodes de transformation M, N (cas 4) vs. 1,1 (cas 3)",0
communiquer-3.1,Interpréter les résultats dans le contexte du problème,BD1-CON105,Définir une clé primaire appropriée pour une table au regard du contexte,0
communiquer-3.1,Interpréter les résultats dans le contexte du problème,BD1-CON106,Définir une clé primaire appropriée pour une table au regard d'un ensemble de dépendances fonctionnelles,0
communiquer-3.1,Interpréter les résultats dans le contexte du problème,BD1-CON107,Définir les contraintes d'intégrité référentielles,0
communiquer-3.1,Interpréter les résultats dans le contexte du problème,BD1-CON108,Définir les (autres) contraintes d'intégrité appropriées au regard du contexte,0
communiquer-3.1,Interpréter les résultats dans le contexte du problème,BD1-EVA201,Identifier les anomalies d'un schéma relationnel,0
communiquer-3.1,Interpréter les résultats dans le contexte du problème,BD1-EVA202,Définir les dépendances fonctionnelles entre les attributs,0
communiquer-3.1,Interpréter les résultats dans le contexte du problème,BD1-EVA203,Décomposer un schéma relationnel de manière approprié,0
communiquer-3.1,Interpréter les résultats dans le contexte du problème,BD1-EVA204,Évaluer la forme normale d'un schéma relationnel,0
communiquer-3.1,Interpréter les résultats dans le contexte du problème,BD1-EVA205,Réaliser la fermeture transitive d'une couverture minimale,0
communiquer-3.1,Interpréter les résultats dans le contexte du problème,BD1-EVA206,Transformer un schéma relationnel pour « améliorer » sa forme normale,0
communiquer-3.1,Interpréter les résultats dans le contexte du problème,BD1-EVA207,Argumenter en faveur ou non (dénormalisation) de l'équivalence modèle logique vs. modèle physique,0
communiquer-3.1,Interpréter les résultats dans le contexte du problème,BD1-LAN101,Expliciter les éléments d'une requête en algèbre relationnelle au format textuel,0
communiquer-3.1,Interpréter les résultats dans le contexte du problème,BD1-LAN102,Écrire une requête en algèbre relationnelle en utilisant les arbres algébriques,0
communiquer-3.1,Interpréter les résultats dans le contexte du problème,BD1-LAN103,Avoir une intuition de l'optimisation de requête,0
communiquer-3.1,Interpréter les résultats dans le contexte du problème,BD1-LAN201,Ecrire une requête simple de manipulation de données (LMD) en langage SQL,0
communiquer-3.1,Interpréter les résultats dans le contexte du problème,BD1-LAN202,Ecrire une requête complexe de manipulation de données (LMD) en langage SQL,0
communiquer-3.1,Interpréter les résultats dans le contexte du problème,BD1-LAN203,Ecrire une requête de définition de données (LDD) en langage SQL,0
communiquer-3.1,Interpréter les résultats dans le contexte du problème,BD1-LAN204,Définir des contraintes d'intégrité simples en langage SQL,0
communiquer-3.1,Interpréter les résultats dans le contexte du problème,BD1-LAN205,Identifier la nécessité de l'usage d'un trigger dans le cadre de la définition des CI (sans l'écrire),0
communiquer-3.1,Interpréter les résultats dans le contexte du problème,BD1-LAN206,Ecrire une requête d'attribution de droits en langage SQL (centralisé ou non),0
communiquer-3.1,Interpréter les résultats dans le contexte du problème,BD1-CONT101,Différencier sécurité (contrôle d'autorisation) et consistance (contrôle d'intégrité) des données,0
communiquer-3.1,Interpréter les résultats dans le contexte du problème,BD1-CONT102,Différencier gestion centralisé/non centralisé des droits,0
communiquer-3.1,Interpréter les résultats dans le contexte du problème,BD1-CONT201,Différencier vue relationnelle et relation,0
communiquer-3.1,Interpréter les résultats dans le contexte du problème,BD1-CONT202,Ecrire la requête effectivement réalisée par le SGBD à partir de la définition de la vue interrogée.,0
communiquer-3.1,Interpréter les résultats dans le contexte du problème,BD1-CONT203,Expliciter les avantages et inconvénients de l'usage des vues relationnelles,0
communiquer-3.1,Interpréter les résultats dans le contexte du problème,BD1-CONT204,Identifier les problèmes de mise à jour dans les vues relationnelles,0
communiquer-3.1,Interpréter les résultats dans le contexte du problème,BD1-CONT205,Utiliser la clause « with check option » dans la définition d'une vue relationnelle,0
communiquer-3.1,Interpréter les résultats dans le contexte du problème,BD1-INT101,Identifier le besoin en optimisation au niveau du stockage. I. e. quand définir un index.,0
communiquer-3.1,Interpréter les résultats dans le contexte du problème,BD1-INT102,Différencier le placement de l'accès aux données,0
communiquer-3.1,Interpréter les résultats dans le contexte du problème,BD1-INT201,Identifier le besoin de mise en œuvre de la gestion de la concurrence d'accès,0
communiquer-3.1,Interpréter les résultats dans le contexte du problème,BD1-INT202,Définir les opérations élémentaires (lecture/écriture) réalisées par le SGBD à partir d'un algorithme,0
communiquer-3.1,Interpréter les résultats dans le contexte du problème,BD1-INT203,Poser les verrous en lecture et en écriture (en assurant le verrouillage 2 phases) pour assurer une sérialisation des transactions,0
communiquer-3.1,Interpréter les résultats dans le contexte du problème,BD1-INT204,Associer problème de gestion de la concurrence et propriétés ACID,0
communiquer-3.1,Interpréter les résultats dans le contexte du problème,BD1-INT205,Définir la granule de verrouillage utilisée à partir de l'exécution de transactions,0
communiquer-3.1,Interpréter les résultats dans le contexte du problème,BD1-INT206,Identifier un interblocage (i.e. deadlock),0
communiquer-3.1,Interpréter les résultats dans le contexte du problème,,,0
communiquer-3.2,Critiquer les résultats,BD1-GEN101,Identifier les caractéristiques d'un problème permettant de justifier d'une base de données selon le modèle relationnel,0
communiquer-3.2,Critiquer les résultats,BD1-GEN102,Expliquer le fonctionnement général et les principaux objectifs d'un SGBD,0
communiquer-3.2,Critiquer les résultats,BD1-GEN103,Expliciter les étapes de réalisation d'une base de données relationnelle,0
communiquer-3.2,Critiquer les résultats,BD1-GEN201,Donner un exemple de relation contenue dans la méta-base,0
communiquer-3.2,Critiquer les résultats,BD1-GEN202,Différencier le schéma d'une instance de base de données,0
communiquer-3.2,Critiquer les résultats,BD1-CON101,"Concevoir (i.e. définir les schéma) une base de données relationnelle selon les 3 niveaux d'abstraction : externe, conceptuel, interne",0
communiquer-3.2,Critiquer les résultats,BD1-CON102,Expliciter les éléments d'un schéma E/A,0
communiquer-3.2,Critiquer les résultats,BD1-CON103,Produire un schéma relationnel cohérent vis à vis du schéma E/A à partir des règles du cours,0
communiquer-3.2,Critiquer les résultats,BD1-CON104,"Justifier des méthodes de transformation M, N (cas 4) vs. 1,1 (cas 3)",0
communiquer-3.2,Critiquer les résultats,BD1-CON105,Définir une clé primaire appropriée pour une table au regard du contexte,0
communiquer-3.2,Critiquer les résultats,BD1-CON106,Définir une clé primaire appropriée pour une table au regard d'un ensemble de dépendances fonctionnelles,0
communiquer-3.2,Critiquer les résultats,BD1-CON107,Définir les contraintes d'intégrité référentielles,0
communiquer-3.2,Critiquer les résultats,BD1-CON108,Définir les (autres) contraintes d'intégrité appropriées au regard du contexte,0
communiquer-3.2,Critiquer les résultats,BD1-EVA201,Identifier les anomalies d'un schéma relationnel,0
communiquer-3.2,Critiquer les résultats,BD1-EVA202,Définir les dépendances fonctionnelles entre les attributs,0
communiquer-3.2,Critiquer les résultats,BD1-EVA203,Décomposer un schéma relationnel de manière approprié,0
communiquer-3.2,Critiquer les résultats,BD1-EVA204,Évaluer la forme normale d'un schéma relationnel,0
communiquer-3.2,Critiquer les résultats,BD1-EVA205,Réaliser la fermeture transitive d'une couverture minimale,0
communiquer-3.2,Critiquer les résultats,BD1-EVA206,Transformer un schéma relationnel pour « améliorer » sa forme normale,0
communiquer-3.2,Critiquer les résultats,BD1-EVA207,Argumenter en faveur ou non (dénormalisation) de l'équivalence modèle logique vs. modèle physique,0
communiquer-3.2,Critiquer les résultats,BD1-LAN101,Expliciter les éléments d'une requête en algèbre relationnelle au format textuel,0
communiquer-3.2,Critiquer les résultats,BD1-LAN102,Écrire une requête en algèbre relationnelle en utilisant les arbres algébriques,0
communiquer-3.2,Critiquer les résultats,BD1-LAN103,Avoir une intuition de l'optimisation de requête,0
communiquer-3.2,Critiquer les résultats,BD1-LAN201,Ecrire une requête simple de manipulation de données (LMD) en langage SQL,0
communiquer-3.2,Critiquer les résultats,BD1-LAN202,Ecrire une requête complexe de manipulation de données (LMD) en langage SQL,0
communiquer-3.2,Critiquer les résultats,BD1-LAN203,Ecrire une requête de définition de données (LDD) en langage SQL,0
communiquer-3.2,Critiquer les résultats,BD1-LAN204,Définir des contraintes d'intégrité simples en langage SQL,0
communiquer-3.2,Critiquer les résultats,BD1-LAN205,Identifier la nécessité de l'usage d'un trigger dans le cadre de la définition des CI (sans l'écrire),0
communiquer-3.2,Critiquer les résultats,BD1-LAN206,Ecrire une requête d'attribution de droits en langage SQL (centralisé ou non),0
communiquer-3.2,Critiquer les résultats,BD1-CONT101,Différencier sécurité (contrôle d'autorisation) et consistance (contrôle d'intégrité) des données,0
communiquer-3.2,Critiquer les résultats,BD1-CONT102,Différencier gestion centralisé/non centralisé des droits,0
communiquer-3.2,Critiquer les résultats,BD1-CONT201,Différencier vue relationnelle et relation,0
communiquer-3.2,Critiquer les résultats,BD1-CONT202,Ecrire la requête effectivement réalisée par le SGBD à partir de la définition de la vue interrogée.,0
communiquer-3.2,Critiquer les résultats,BD1-CONT203,Expliciter les avantages et inconvénients de l'usage des vues relationnelles,0
communiquer-3.2,Critiquer les résultats,BD1-CONT204,Identifier les problèmes de mise à jour dans les vues relationnelles,0
communiquer-3.2,Critiquer les résultats,BD1-CONT205,Utiliser la clause « with check option » dans la définition d'une vue relationnelle,0
communiquer-3.2,Critiquer les résultats,BD1-INT101,Identifier le besoin en optimisation au niveau du stockage. I. e. quand définir un index.,0
communiquer-3.2,Critiquer les résultats,BD1-INT102,Différencier le placement de l'accès aux données,0
communiquer-3.2,Critiquer les résultats,BD1-INT201,Identifier le besoin de mise en œuvre de la gestion de la concurrence d'accès,0
communiquer-3.2,Critiquer les résultats,BD1-INT202,Définir les opérations élémentaires (lecture/écriture) réalisées par le SGBD à partir d'un algorithme,0
communiquer-3.2,Critiquer les résultats,BD1-INT203,Poser les verrous en lecture et en écriture (en assurant le verrouillage 2 phases) pour assurer une sérialisation des transactions,0
communiquer-3.2,Critiquer les résultats,BD1-INT204,Associer problème de gestion de la concurrence et propriétés ACID,0
communiquer-3.2,Critiquer les résultats,BD1-INT205,Définir la granule de verrouillage utilisée à partir de l'exécution de transactions,0
communiquer-3.2,Critiquer les résultats,BD1-INT206,Identifier un interblocage (i.e. deadlock),0
communiquer-3.2,Critiquer les résultats,,,0
communiquer-3.3,Proposer des perspectives,BD1-GEN101,Identifier les caractéristiques d'un problème permettant de justifier d'une base de données selon le modèle relationnel,0
communiquer-3.3,Proposer des perspectives,BD1-GEN102,Expliquer le fonctionnement général et les principaux objectifs d'un SGBD,0
communiquer-3.3,Proposer des perspectives,BD1-GEN103,Expliciter les étapes de réalisation d'une base de données relationnelle,0
communiquer-3.3,Proposer des perspectives,BD1-GEN201,Donner un exemple de relation contenue dans la méta-base,0
communiquer-3.3,Proposer des perspectives,BD1-GEN202,Différencier le schéma d'une instance de base de données,0
communiquer-3.3,Proposer des perspectives,BD1-CON101,"Concevoir (i.e. définir les schéma) une base de données relationnelle selon les 3 niveaux d'abstraction : externe, conceptuel, interne",0
communiquer-3.3,Proposer des perspectives,BD1-CON102,Expliciter les éléments d'un schéma E/A,0
communiquer-3.3,Proposer des perspectives,BD1-CON103,Produire un schéma relationnel cohérent vis à vis du schéma E/A à partir des règles du cours,0
communiquer-3.3,Proposer des perspectives,BD1-CON104,"Justifier des méthodes de transformation M, N (cas 4) vs. 1,1 (cas 3)",0
communiquer-3.3,Proposer des perspectives,BD1-CON105,Définir une clé primaire appropriée pour une table au regard du contexte,0
communiquer-3.3,Proposer des perspectives,BD1-CON106,Définir une clé primaire appropriée pour une table au regard d'un ensemble de dépendances fonctionnelles,0
communiquer-3.3,Proposer des perspectives,BD1-CON107,Définir les contraintes d'intégrité référentielles,0
communiquer-3.3,Proposer des perspectives,BD1-CON108,Définir les (autres) contraintes d'intégrité appropriées au regard du contexte,0
communiquer-3.3,Proposer des perspectives,BD1-EVA201,Identifier les anomalies d'un schéma relationnel,0
communiquer-3.3,Proposer des perspectives,BD1-EVA202,Définir les dépendances fonctionnelles entre les attributs,0
communiquer-3.3,Proposer des perspectives,BD1-EVA203,Décomposer un schéma relationnel de manière approprié,0
communiquer-3.3,Proposer des perspectives,BD1-EVA204,Évaluer la forme normale d'un schéma relationnel,0
communiquer-3.3,Proposer des perspectives,BD1-EVA205,Réaliser la fermeture transitive d'une couverture minimale,0
communiquer-3.3,Proposer des perspectives,BD1-EVA206,Transformer un schéma relationnel pour « améliorer » sa forme normale,0
communiquer-3.3,Proposer des perspectives,BD1-EVA207,Argumenter en faveur ou non (dénormalisation) de l'équivalence modèle logique vs. modèle physique,0
communiquer-3.3,Proposer des perspectives,BD1-LAN101,Expliciter les éléments d'une requête en algèbre relationnelle au format textuel,0
communiquer-3.3,Proposer des perspectives,BD1-LAN102,Écrire une requête en algèbre relationnelle en utilisant les arbres algébriques,0
communiquer-3.3,Proposer des perspectives,BD1-LAN103,Avoir une intuition de l'optimisation de requête,0
communiquer-3.3,Proposer des perspectives,BD1-LAN201,Ecrire une requête simple de manipulation de données (LMD) en langage SQL,0
communiquer-3.3,Proposer des perspectives,BD1-LAN202,Ecrire une requête complexe de manipulation de données (LMD) en langage SQL,0
communiquer-3.3,Proposer des perspectives,BD1-LAN203,Ecrire une requête de définition de données (LDD) en langage SQL,0
communiquer-3.3,Proposer des perspectives,BD1-LAN204,Définir des contraintes d'intégrité simples en langage SQL,0
communiquer-3.3,Proposer des perspectives,BD1-LAN205,Identifier la nécessité de l'usage d'un trigger dans le cadre de la définition des CI (sans l'écrire),0
communiquer-3.3,Proposer des perspectives,BD1-LAN206,Ecrire une requête d'attribution de droits en langage SQL (centralisé ou non),0
communiquer-3.3,Proposer des perspectives,BD1-CONT101,Différencier sécurité (contrôle d'autorisation) et consistance (contrôle d'intégrité) des données,0
communiquer-3.3,Proposer des perspectives,BD1-CONT102,Différencier gestion centralisé/non centralisé des droits,0
communiquer-3.3,Proposer des perspectives,BD1-CONT201,Différencier vue relationnelle et relation,0
communiquer-3.3,Proposer des perspectives,BD1-CONT202,Ecrire la requête effectivement réalisée par le SGBD à partir de la définition de la vue interrogée.,0
communiquer-3.3,Proposer des perspectives,BD1-CONT203,Expliciter les avantages et inconvénients de l'usage des vues relationnelles,0
communiquer-3.3,Proposer des perspectives,BD1-CONT204,Identifier les problèmes de mise à jour dans les vues relationnelles,0
communiquer-3.3,Proposer des perspectives,BD1-CONT205,Utiliser la clause « with check option » dans la définition d'une vue relationnelle,0
communiquer-3.3,Proposer des perspectives,BD1-INT101,Identifier le besoin en optimisation au niveau du stockage. I. e. quand définir un index.,0
communiquer-3.3,Proposer des perspectives,BD1-INT102,Différencier le placement de l'accès aux données,0
communiquer-3.3,Proposer des perspectives,BD1-INT201,Identifier le besoin de mise en œuvre de la gestion de la concurrence d'accès,0
communiquer-3.3,Proposer des perspectives,BD1-INT202,Définir les opérations élémentaires (lecture/écriture) réalisées par le SGBD à partir d'un algorithme,0
communiquer-3.3,Proposer des perspectives,BD1-INT203,Poser les verrous en lecture et en écriture (en assurant le verrouillage 2 phases) pour assurer une sérialisation des transactions,0
communiquer-3.3,Proposer des perspectives,BD1-INT204,Associer problème de gestion de la concurrence et propriétés ACID,0
communiquer-3.3,Proposer des perspectives,BD1-INT205,Définir la granule de verrouillage utilisée à partir de l'exécution de transactions,0
communiquer-3.3,Proposer des perspectives,BD1-INT206,Identifier un interblocage (i.e. deadlock),0
communiquer-3.3,Proposer des perspectives,,,0
communiquer-3.4,Représenter de manière humainement compréhensible (graphiquement) les résultats,BD1-GEN101,Identifier les caractéristiques d'un problème permettant de justifier d'une base de données selon le modèle relationnel,0
communiquer-3.4,Représenter de manière humainement compréhensible (graphiquement) les résultats,BD1-GEN102,Expliquer le fonctionnement général et les principaux objectifs d'un SGBD,0
communiquer-3.4,Représenter de manière humainement compréhensible (graphiquement) les résultats,BD1-GEN103,Expliciter les étapes de réalisation d'une base de données relationnelle,0
communiquer-3.4,Représenter de manière humainement compréhensible (graphiquement) les résultats,BD1-GEN201,Donner un exemple de relation contenue dans la méta-base,0
communiquer-3.4,Représenter de manière humainement compréhensible (graphiquement) les résultats,BD1-GEN202,Différencier le schéma d'une instance de base de données,0
communiquer-3.4,Représenter de manière humainement compréhensible (graphiquement) les résultats,BD1-CON101,"Concevoir (i.e. définir les schéma) une base de données relationnelle selon les 3 niveaux d'abstraction : externe, conceptuel, interne",0
communiquer-3.4,Représenter de manière humainement compréhensible (graphiquement) les résultats,BD1-CON102,Expliciter les éléments d'un schéma E/A,0
communiquer-3.4,Représenter de manière humainement compréhensible (graphiquement) les résultats,BD1-CON103,Produire un schéma relationnel cohérent vis à vis du schéma E/A à partir des règles du cours,0
communiquer-3.4,Représenter de manière humainement compréhensible (graphiquement) les résultats,BD1-CON104,"Justifier des méthodes de transformation M, N (cas 4) vs. 1,1 (cas 3)",0
communiquer-3.4,Représenter de manière humainement compréhensible (graphiquement) les résultats,BD1-CON105,Définir une clé primaire appropriée pour une table au regard du contexte,0
communiquer-3.4,Représenter de manière humainement compréhensible (graphiquement) les résultats,BD1-CON106,Définir une clé primaire appropriée pour une table au regard d'un ensemble de dépendances fonctionnelles,0
communiquer-3.4,Représenter de manière humainement compréhensible (graphiquement) les résultats,BD1-CON107,Définir les contraintes d'intégrité référentielles,0
communiquer-3.4,Représenter de manière humainement compréhensible (graphiquement) les résultats,BD1-CON108,Définir les (autres) contraintes d'intégrité appropriées au regard du contexte,0
communiquer-3.4,Représenter de manière humainement compréhensible (graphiquement) les résultats,BD1-EVA201,Identifier les anomalies d'un schéma relationnel,0
communiquer-3.4,Représenter de manière humainement compréhensible (graphiquement) les résultats,BD1-EVA202,Définir les dépendances fonctionnelles entre les attributs,0
communiquer-3.4,Représenter de manière humainement compréhensible (graphiquement) les résultats,BD1-EVA203,Décomposer un schéma relationnel de manière approprié,0
communiquer-3.4,Représenter de manière humainement compréhensible (graphiquement) les résultats,BD1-EVA204,Évaluer la forme normale d'un schéma relationnel,0
communiquer-3.4,Représenter de manière humainement compréhensible (graphiquement) les résultats,BD1-EVA205,Réaliser la fermeture transitive d'une couverture minimale,0
communiquer-3.4,Représenter de manière humainement compréhensible (graphiquement) les résultats,BD1-EVA206,Transformer un schéma relationnel pour « améliorer » sa forme normale,0
communiquer-3.4,Représenter de manière humainement compréhensible (graphiquement) les résultats,BD1-EVA207,Argumenter en faveur ou non (dénormalisation) de l'équivalence modèle logique vs. modèle physique,0
communiquer-3.4,Représenter de manière humainement compréhensible (graphiquement) les résultats,BD1-LAN101,Expliciter les éléments d'une requête en algèbre relationnelle au format textuel,0
communiquer-3.4,Représenter de manière humainement compréhensible (graphiquement) les résultats,BD1-LAN102,Écrire une requête en algèbre relationnelle en utilisant les arbres algébriques,0
communiquer-3.4,Représenter de manière humainement compréhensible (graphiquement) les résultats,BD1-LAN103,Avoir une intuition de l'optimisation de requête,0
communiquer-3.4,Représenter de manière humainement compréhensible (graphiquement) les résultats,BD1-LAN201,Ecrire une requête simple de manipulation de données (LMD) en langage SQL,0
communiquer-3.4,Représenter de manière humainement compréhensible (graphiquement) les résultats,BD1-LAN202,Ecrire une requête complexe de manipulation de données (LMD) en langage SQL,0
communiquer-3.4,Représenter de manière humainement compréhensible (graphiquement) les résultats,BD1-LAN203,Ecrire une requête de définition de données (LDD) en langage SQL,0
communiquer-3.4,Représenter de manière humainement compréhensible (graphiquement) les résultats,BD1-LAN204,Définir des contraintes d'intégrité simples en langage SQL,0
communiquer-3.4,Représenter de manière humainement compréhensible (graphiquement) les résultats,BD1-LAN205,Identifier la nécessité de l'usage d'un trigger dans le cadre de la définition des CI (sans l'écrire),0
communiquer-3.4,Représenter de manière humainement compréhensible (graphiquement) les résultats,BD1-LAN206,Ecrire une requête d'attribution de droits en langage SQL (centralisé ou non),0
communiquer-3.4,Représenter de manière humainement compréhensible (graphiquement) les résultats,BD1-CONT101,Différencier sécurité (contrôle d'autorisation) et consistance (contrôle d'intégrité) des données,0
communiquer-3.4,Représenter de manière humainement compréhensible (graphiquement) les résultats,BD1-CONT102,Différencier gestion centralisé/non centralisé des droits,0
communiquer-3.4,Représenter de manière humainement compréhensible (graphiquement) les résultats,BD1-CONT201,Différencier vue relationnelle et relation,0
communiquer-3.4,Représenter de manière humainement compréhensible (graphiquement) les résultats,BD1-CONT202,Ecrire la requête effectivement réalisée par le SGBD à partir de la définition de la vue interrogée.,0
communiquer-3.4,Représenter de manière humainement compréhensible (graphiquement) les résultats,BD1-CONT203,Expliciter les avantages et inconvénients de l'usage des vues relationnelles,0
communiquer-3.4,Représenter de manière humainement compréhensible (graphiquement) les résultats,BD1-CONT204,Identifier les problèmes de mise à jour dans les vues relationnelles,0
communiquer-3.4,Représenter de manière humainement compréhensible (graphiquement) les résultats,BD1-CONT205,Utiliser la clause « with check option » dans la définition d'une vue relationnelle,0
communiquer-3.4,Représenter de manière humainement compréhensible (graphiquement) les résultats,BD1-INT101,Identifier le besoin en optimisation au niveau du stockage. I. e. quand définir un index.,0
communiquer-3.4,Représenter de manière humainement compréhensible (graphiquement) les résultats,BD1-INT102,Différencier le placement de l'accès aux données,0
communiquer-3.4,Représenter de manière humainement compréhensible (graphiquement) les résultats,BD1-INT201,Identifier le besoin de mise en œuvre de la gestion de la concurrence d'accès,0
communiquer-3.4,Représenter de manière humainement compréhensible (graphiquement) les résultats,BD1-INT202,Définir les opérations élémentaires (lecture/écriture) réalisées par le SGBD à partir d'un algorithme,0
communiquer-3.4,Représenter de manière humainement compréhensible (graphiquement) les résultats,BD1-INT203,Poser les verrous en lecture et en écriture (en assurant le verrouillage 2 phases) pour assurer une sérialisation des transactions,0
communiquer-3.4,Représenter de manière humainement compréhensible (graphiquement) les résultats,BD1-INT204,Associer problème de gestion de la concurrence et propriétés ACID,0
communiquer-3.4,Représenter de manière humainement compréhensible (graphiquement) les résultats,BD1-INT205,Définir la granule de verrouillage utilisée à partir de l'exécution de transactions,0
communiquer-3.4,Représenter de manière humainement compréhensible (graphiquement) les résultats,BD1-INT206,Identifier un interblocage (i.e. deadlock),0
communiquer-3.4,Représenter de manière humainement compréhensible (graphiquement) les résultats,,,0
communiquer-4.1,Résumer une méthode de l’état de l’art,BD1-GEN101,Identifier les caractéristiques d'un problème permettant de justifier d'une base de données selon le modèle relationnel,0
communiquer-4.1,Résumer une méthode de l’état de l’art,BD1-GEN102,Expliquer le fonctionnement général et les principaux objectifs d'un SGBD,0
communiquer-4.1,Résumer une méthode de l’état de l’art,BD1-GEN103,Expliciter les étapes de réalisation d'une base de données relationnelle,0
communiquer-4.1,Résumer une méthode de l’état de l’art,BD1-GEN201,Donner un exemple de relation contenue dans la méta-base,0
communiquer-4.1,Résumer une méthode de l’état de l’art,BD1-GEN202,Différencier le schéma d'une instance de base de données,0
communiquer-4.1,Résumer une méthode de l’état de l’art,BD1-CON101,"Concevoir (i.e. définir les schéma) une base de données relationnelle selon les 3 niveaux d'abstraction : externe, conceptuel, interne",0
communiquer-4.1,Résumer une méthode de l’état de l’art,BD1-CON102,Expliciter les éléments d'un schéma E/A,0
communiquer-4.1,Résumer une méthode de l’état de l’art,BD1-CON103,Produire un schéma relationnel cohérent vis à vis du schéma E/A à partir des règles du cours,0
communiquer-4.1,Résumer une méthode de l’état de l’art,BD1-CON104,"Justifier des méthodes de transformation M, N (cas 4) vs. 1,1 (cas 3)",0
communiquer-4.1,Résumer une méthode de l’état de l’art,BD1-CON105,Définir une clé primaire appropriée pour une table au regard du contexte,0
communiquer-4.1,Résumer une méthode de l’état de l’art,BD1-CON106,Définir une clé primaire appropriée pour une table au regard d'un ensemble de dépendances fonctionnelles,0
communiquer-4.1,Résumer une méthode de l’état de l’art,BD1-CON107,Définir les contraintes d'intégrité référentielles,0
communiquer-4.1,Résumer une méthode de l’état de l’art,BD1-CON108,Définir les (autres) contraintes d'intégrité appropriées au regard du contexte,0
communiquer-4.1,Résumer une méthode de l’état de l’art,BD1-EVA201,Identifier les anomalies d'un schéma relationnel,0
communiquer-4.1,Résumer une méthode de l’état de l’art,BD1-EVA202,Définir les dépendances fonctionnelles entre les attributs,0
communiquer-4.1,Résumer une méthode de l’état de l’art,BD1-EVA203,Décomposer un schéma relationnel de manière approprié,0
communiquer-4.1,Résumer une méthode de l’état de l’art,BD1-EVA204,Évaluer la forme normale d'un schéma relationnel,0
communiquer-4.1,Résumer une méthode de l’état de l’art,BD1-EVA205,Réaliser la fermeture transitive d'une couverture minimale,0
communiquer-4.1,Résumer une méthode de l’état de l’art,BD1-EVA206,Transformer un schéma relationnel pour « améliorer » sa forme normale,0
communiquer-4.1,Résumer une méthode de l’état de l’art,BD1-EVA207,Argumenter en faveur ou non (dénormalisation) de l'équivalence modèle logique vs. modèle physique,0
communiquer-4.1,Résumer une méthode de l’état de l’art,BD1-LAN101,Expliciter les éléments d'une requête en algèbre relationnelle au format textuel,0
communiquer-4.1,Résumer une méthode de l’état de l’art,BD1-LAN102,Écrire une requête en algèbre relationnelle en utilisant les arbres algébriques,0
communiquer-4.1,Résumer une méthode de l’état de l’art,BD1-LAN103,Avoir une intuition de l'optimisation de requête,0
communiquer-4.1,Résumer une méthode de l’état de l’art,BD1-LAN201,Ecrire une requête simple de manipulation de données (LMD) en langage SQL,0
communiquer-4.1,Résumer une méthode de l’état de l’art,BD1-LAN202,Ecrire une requête complexe de manipulation de données (LMD) en langage SQL,0
communiquer-4.1,Résumer une méthode de l’état de l’art,BD1-LAN203,Ecrire une requête de définition de données (LDD) en langage SQL,0
communiquer-4.1,Résumer une méthode de l’état de l’art,BD1-LAN204,Définir des contraintes d'intégrité simples en langage SQL,0
communiquer-4.1,Résumer une méthode de l’état de l’art,BD1-LAN205,Identifier la nécessité de l'usage d'un trigger dans le cadre de la définition des CI (sans l'écrire),0
communiquer-4.1,Résumer une méthode de l’état de l’art,BD1-LAN206,Ecrire une requête d'attribution de droits en langage SQL (centralisé ou non),0
communiquer-4.1,Résumer une méthode de l’état de l’art,BD1-CONT101,Différencier sécurité (contrôle d'autorisation) et consistance (contrôle d'intégrité) des données,0
communiquer-4.1,Résumer une méthode de l’état de l’art,BD1-CONT102,Différencier gestion centralisé/non centralisé des droits,0
communiquer-4.1,Résumer une méthode de l’état de l’art,BD1-CONT201,Différencier vue relationnelle et relation,0
communiquer-4.1,Résumer une méthode de l’état de l’art,BD1-CONT202,Ecrire la requête effectivement réalisée par le SGBD à partir de la définition de la vue interrogée.,0
communiquer-4.1,Résumer une méthode de l’état de l’art,BD1-CONT203,Expliciter les avantages et inconvénients de l'usage des vues relationnelles,0
communiquer-4.1,Résumer une méthode de l’état de l’art,BD1-CONT204,Identifier les problèmes de mise à jour dans les vues relationnelles,0
communiquer-4.1,Résumer une méthode de l’état de l’art,BD1-CONT205,Utiliser la clause « with check option » dans la définition d'une vue relationnelle,0
communiquer-4.1,Résumer une méthode de l’état de l’art,BD1-INT101,Identifier le besoin en optimisation au niveau du stockage. I. e. quand définir un index.,0
communiquer-4.1,Résumer une méthode de l’état de l’art,BD1-INT102,Différencier le placement de l'accès aux données,0
communiquer-4.1,Résumer une méthode de l’état de l’art,BD1-INT201,Identifier le besoin de mise en œuvre de la gestion de la concurrence d'accès,0
communiquer-4.1,Résumer une méthode de l’état de l’art,BD1-INT202,Définir les opérations élémentaires (lecture/écriture) réalisées par le SGBD à partir d'un algorithme,0
communiquer-4.1,Résumer une méthode de l’état de l’art,BD1-INT203,Poser les verrous en lecture et en écriture (en assurant le verrouillage 2 phases) pour assurer une sérialisation des transactions,0
communiquer-4.1,Résumer une méthode de l’état de l’art,BD1-INT204,Associer problème de gestion de la concurrence et propriétés ACID,0
communiquer-4.1,Résumer une méthode de l’état de l’art,BD1-INT205,Définir la granule de verrouillage utilisée à partir de l'exécution de transactions,0
communiquer-4.1,Résumer une méthode de l’état de l’art,BD1-INT206,Identifier un interblocage (i.e. deadlock),0
communiquer-4.1,Résumer une méthode de l’état de l’art,,,0
communiquer-4.2,Adapter son discours au public,BD1-GEN101,Identifier les caractéristiques d'un problème permettant de justifier d'une base de données selon le modèle relationnel,0
communiquer-4.2,Adapter son discours au public,BD1-GEN102,Expliquer le fonctionnement général et les principaux objectifs d'un SGBD,0
communiquer-4.2,Adapter son discours au public,BD1-GEN103,Expliciter les étapes de réalisation d'une base de données relationnelle,0
communiquer-4.2,Adapter son discours au public,BD1-GEN201,Donner un exemple de relation contenue dans la méta-base,0
communiquer-4.2,Adapter son discours au public,BD1-GEN202,Différencier le schéma d'une instance de base de données,0
communiquer-4.2,Adapter son discours au public,BD1-CON101,"Concevoir (i.e. définir les schéma) une base de données relationnelle selon les 3 niveaux d'abstraction : externe, conceptuel, interne",0
communiquer-4.2,Adapter son discours au public,BD1-CON102,Expliciter les éléments d'un schéma E/A,0
communiquer-4.2,Adapter son discours au public,BD1-CON103,Produire un schéma relationnel cohérent vis à vis du schéma E/A à partir des règles du cours,0
communiquer-4.2,Adapter son discours au public,BD1-CON104,"Justifier des méthodes de transformation M, N (cas 4) vs. 1,1 (cas 3)",0
communiquer-4.2,Adapter son discours au public,BD1-CON105,Définir une clé primaire appropriée pour une table au regard du contexte,0
communiquer-4.2,Adapter son discours au public,BD1-CON106,Définir une clé primaire appropriée pour une table au regard d'un ensemble de dépendances fonctionnelles,0
communiquer-4.2,Adapter son discours au public,BD1-CON107,Définir les contraintes d'intégrité référentielles,0
communiquer-4.2,Adapter son discours au public,BD1-CON108,Définir les (autres) contraintes d'intégrité appropriées au regard du contexte,0
communiquer-4.2,Adapter son discours au public,BD1-EVA201,Identifier les anomalies d'un schéma relationnel,0
communiquer-4.2,Adapter son discours au public,BD1-EVA202,Définir les dépendances fonctionnelles entre les attributs,0
communiquer-4.2,Adapter son discours au public,BD1-EVA203,Décomposer un schéma relationnel de manière approprié,0
communiquer-4.2,Adapter son discours au public,BD1-EVA204,Évaluer la forme normale d'un schéma relationnel,0
communiquer-4.2,Adapter son discours au public,BD1-EVA205,Réaliser la fermeture transitive d'une couverture minimale,0
communiquer-4.2,Adapter son discours au public,BD1-EVA206,Transformer un schéma relationnel pour « améliorer » sa forme normale,0
communiquer-4.2,Adapter son discours au public,BD1-EVA207,Argumenter en faveur ou non (dénormalisation) de l'équivalence modèle logique vs. modèle physique,0
communiquer-4.2,Adapter son discours au public,BD1-LAN101,Expliciter les éléments d'une requête en algèbre relationnelle au format textuel,0
communiquer-4.2,Adapter son discours au public,BD1-LAN102,Écrire une requête en algèbre relationnelle en utilisant les arbres algébriques,0
communiquer-4.2,Adapter son discours au public,BD1-LAN103,Avoir une intuition de l'optimisation de requête,0
communiquer-4.2,Adapter son discours au public,BD1-LAN201,Ecrire une requête simple de manipulation de données (LMD) en langage SQL,0
communiquer-4.2,Adapter son discours au public,BD1-LAN202,Ecrire une requête complexe de manipulation de données (LMD) en langage SQL,0
communiquer-4.2,Adapter son discours au public,BD1-LAN203,Ecrire une requête de définition de données (LDD) en langage SQL,0
communiquer-4.2,Adapter son discours au public,BD1-LAN204,Définir des contraintes d'intégrité simples en langage SQL,0
communiquer-4.2,Adapter son discours au public,BD1-LAN205,Identifier la nécessité de l'usage d'un trigger dans le cadre de la définition des CI (sans l'écrire),0
communiquer-4.2,Adapter son discours au public,BD1-LAN206,Ecrire une requête d'attribution de droits en langage SQL (centralisé ou non),0
communiquer-4.2,Adapter son discours au public,BD1-CONT101,Différencier sécurité (contrôle d'autorisation) et consistance (contrôle d'intégrité) des données,0
communiquer-4.2,Adapter son discours au public,BD1-CONT102,Différencier gestion centralisé/non centralisé des droits,0
communiquer-4.2,Adapter son discours au public,BD1-CONT201,Différencier vue relationnelle et relation,0
communiquer-4.2,Adapter son discours au public,BD1-CONT202,Ecrire la requête effectivement réalisée par le SGBD à partir de la définition de la vue interrogée.,0
communiquer-4.2,Adapter son discours au public,BD1-CONT203,Expliciter les avantages et inconvénients de l'usage des vues relationnelles,0
communiquer-4.2,Adapter son discours au public,BD1-CONT204,Identifier les problèmes de mise à jour dans les vues relationnelles,0
communiquer-4.2,Adapter son discours au public,BD1-CONT205,Utiliser la clause « with check option » dans la définition d'une vue relationnelle,0
communiquer-4.2,Adapter son discours au public,BD1-INT101,Identifier le besoin en optimisation au niveau du stockage. I. e. quand définir un index.,0
communiquer-4.2,Adapter son discours au public,BD1-INT102,Différencier le placement de l'accès aux données,0
communiquer-4.2,Adapter son discours au public,BD1-INT201,Identifier le besoin de mise en œuvre de la gestion de la concurrence d'accès,0
communiquer-4.2,Adapter son discours au public,BD1-INT202,Définir les opérations élémentaires (lecture/écriture) réalisées par le SGBD à partir d'un algorithme,0
communiquer-4.2,Adapter son discours au public,BD1-INT203,Poser les verrous en lecture et en écriture (en assurant le verrouillage 2 phases) pour assurer une sérialisation des transactions,0
communiquer-4.2,Adapter son discours au public,BD1-INT204,Associer problème de gestion de la concurrence et propriétés ACID,0
communiquer-4.2,Adapter son discours au public,BD1-INT205,Définir la granule de verrouillage utilisée à partir de l'exécution de transactions,0
communiquer-4.2,Adapter son discours au public,BD1-INT206,Identifier un interblocage (i.e. deadlock),0
communiquer-4.2,Adapter son discours au public,,,0
communiquer-4.3,Organiser la parole au sein d’un groupe,BD1-GEN101,Identifier les caractéristiques d'un problème permettant de justifier d'une base de données selon le modèle relationnel,0
communiquer-4.3,Organiser la parole au sein d’un groupe,BD1-GEN102,Expliquer le fonctionnement général et les principaux objectifs d'un SGBD,0
communiquer-4.3,Organiser la parole au sein d’un groupe,BD1-GEN103,Expliciter les étapes de réalisation d'une base de données relationnelle,0
communiquer-4.3,Organiser la parole au sein d’un groupe,BD1-GEN201,Donner un exemple de relation contenue dans la méta-base,0
communiquer-4.3,Organiser la parole au sein d’un groupe,BD1-GEN202,Différencier le schéma d'une instance de base de données,0
communiquer-4.3,Organiser la parole au sein d’un groupe,BD1-CON101,"Concevoir (i.e. définir les schéma) une base de données relationnelle selon les 3 niveaux d'abstraction : externe, conceptuel, interne",0
communiquer-4.3,Organiser la parole au sein d’un groupe,BD1-CON102,Expliciter les éléments d'un schéma E/A,0
communiquer-4.3,Organiser la parole au sein d’un groupe,BD1-CON103,Produire un schéma relationnel cohérent vis à vis du schéma E/A à partir des règles du cours,0
communiquer-4.3,Organiser la parole au sein d’un groupe,BD1-CON104,"Justifier des méthodes de transformation M, N (cas 4) vs. 1,1 (cas 3)",0
communiquer-4.3,Organiser la parole au sein d’un groupe,BD1-CON105,Définir une clé primaire appropriée pour une table au regard du contexte,0
communiquer-4.3,Organiser la parole au sein d’un groupe,BD1-CON106,Définir une clé primaire appropriée pour une table au regard d'un ensemble de dépendances fonctionnelles,0
communiquer-4.3,Organiser la parole au sein d’un groupe,BD1-CON107,Définir les contraintes d'intégrité référentielles,0
communiquer-4.3,Organiser la parole au sein d’un groupe,BD1-CON108,Définir les (autres) contraintes d'intégrité appropriées au regard du contexte,0
communiquer-4.3,Organiser la parole au sein d’un groupe,BD1-EVA201,Identifier les anomalies d'un schéma relationnel,0
communiquer-4.3,Organiser la parole au sein d’un groupe,BD1-EVA202,Définir les dépendances fonctionnelles entre les attributs,0
communiquer-4.3,Organiser la parole au sein d’un groupe,BD1-EVA203,Décomposer un schéma relationnel de manière approprié,0
communiquer-4.3,Organiser la parole au sein d’un groupe,BD1-EVA204,Évaluer la forme normale d'un schéma relationnel,0
communiquer-4.3,Organiser la parole au sein d’un groupe,BD1-EVA205,Réaliser la fermeture transitive d'une couverture minimale,0
communiquer-4.3,Organiser la parole au sein d’un groupe,BD1-EVA206,Transformer un schéma relationnel pour « améliorer » sa forme normale,0
communiquer-4.3,Organiser la parole au sein d’un groupe,BD1-EVA207,Argumenter en faveur ou non (dénormalisation) de l'équivalence modèle logique vs. modèle physique,0
communiquer-4.3,Organiser la parole au sein d’un groupe,BD1-LAN101,Expliciter les éléments d'une requête en algèbre relationnelle au format textuel,0
communiquer-4.3,Organiser la parole au sein d’un groupe,BD1-LAN102,Écrire une requête en algèbre relationnelle en utilisant les arbres algébriques,0
communiquer-4.3,Organiser la parole au sein d’un groupe,BD1-LAN103,Avoir une intuition de l'optimisation de requête,0
communiquer-4.3,Organiser la parole au sein d’un groupe,BD1-LAN201,Ecrire une requête simple de manipulation de données (LMD) en langage SQL,0
communiquer-4.3,Organiser la parole au sein d’un groupe,BD1-LAN202,Ecrire une requête complexe de manipulation de données (LMD) en langage SQL,0
communiquer-4.3,Organiser la parole au sein d’un groupe,BD1-LAN203,Ecrire une requête de définition de données (LDD) en langage SQL,0
communiquer-4.3,Organiser la parole au sein d’un groupe,BD1-LAN204,Définir des contraintes d'intégrité simples en langage SQL,0
communiquer-4.3,Organiser la parole au sein d’un groupe,BD1-LAN205,Identifier la nécessité de l'usage d'un trigger dans le cadre de la définition des CI (sans l'écrire),0
communiquer-4.3,Organiser la parole au sein d’un groupe,BD1-LAN206,Ecrire une requête d'attribution de droits en langage SQL (centralisé ou non),0
communiquer-4.3,Organiser la parole au sein d’un groupe,BD1-CONT101,Différencier sécurité (contrôle d'autorisation) et consistance (contrôle d'intégrité) des données,0
communiquer-4.3,Organiser la parole au sein d’un groupe,BD1-CONT102,Différencier gestion centralisé/non centralisé des droits,0
communiquer-4.3,Organiser la parole au sein d’un groupe,BD1-CONT201,Différencier vue relationnelle et relation,0
communiquer-4.3,Organiser la parole au sein d’un groupe,BD1-CONT202,Ecrire la requête effectivement réalisée par le SGBD à partir de la définition de la vue interrogée.,0
communiquer-4.3,Organiser la parole au sein d’un groupe,BD1-CONT203,Expliciter les avantages et inconvénients de l'usage des vues relationnelles,0
communiquer-4.3,Organiser la parole au sein d’un groupe,BD1-CONT204,Identifier les problèmes de mise à jour dans les vues relationnelles,0
communiquer-4.3,Organiser la parole au sein d’un groupe,BD1-CONT205,Utiliser la clause « with check option » dans la définition d'une vue relationnelle,0
communiquer-4.3,Organiser la parole au sein d’un groupe,BD1-INT101,Identifier le besoin en optimisation au niveau du stockage. I. e. quand définir un index.,0
communiquer-4.3,Organiser la parole au sein d’un groupe,BD1-INT102,Différencier le placement de l'accès aux données,0
communiquer-4.3,Organiser la parole au sein d’un groupe,BD1-INT201,Identifier le besoin de mise en œuvre de la gestion de la concurrence d'accès,0
communiquer-4.3,Organiser la parole au sein d’un groupe,BD1-INT202,Définir les opérations élémentaires (lecture/écriture) réalisées par le SGBD à partir d'un algorithme,0
communiquer-4.3,Organiser la parole au sein d’un groupe,BD1-INT203,Poser les verrous en lecture et en écriture (en assurant le verrouillage 2 phases) pour assurer une sérialisation des transactions,0
communiquer-4.3,Organiser la parole au sein d’un groupe,BD1-INT204,Associer problème de gestion de la concurrence et propriétés ACID,0
communiquer-4.3,Organiser la parole au sein d’un groupe,BD1-INT205,Définir la granule de verrouillage utilisée à partir de l'exécution de transactions,0
communiquer-4.3,Organiser la parole au sein d’un groupe,BD1-INT206,Identifier un interblocage (i.e. deadlock),0
communiquer-4.3,Organiser la parole au sein d’un groupe,,,0
communiquer-4.4,Convaincre son interlocuteur,BD1-GEN101,Identifier les caractéristiques d'un problème permettant de justifier d'une base de données selon le modèle relationnel,0
communiquer-4.4,Convaincre son interlocuteur,BD1-GEN102,Expliquer le fonctionnement général et les principaux objectifs d'un SGBD,0
communiquer-4.4,Convaincre son interlocuteur,BD1-GEN103,Expliciter les étapes de réalisation d'une base de données relationnelle,0
communiquer-4.4,Convaincre son interlocuteur,BD1-GEN201,Donner un exemple de relation contenue dans la méta-base,0
communiquer-4.4,Convaincre son interlocuteur,BD1-GEN202,Différencier le schéma d'une instance de base de données,0
communiquer-4.4,Convaincre son interlocuteur,BD1-CON101,"Concevoir (i.e. définir les schéma) une base de données relationnelle selon les 3 niveaux d'abstraction : externe, conceptuel, interne",0
communiquer-4.4,Convaincre son interlocuteur,BD1-CON102,Expliciter les éléments d'un schéma E/A,0
communiquer-4.4,Convaincre son interlocuteur,BD1-CON103,Produire un schéma relationnel cohérent vis à vis du schéma E/A à partir des règles du cours,0
communiquer-4.4,Convaincre son interlocuteur,BD1-CON104,"Justifier des méthodes de transformation M, N (cas 4) vs. 1,1 (cas 3)",0
communiquer-4.4,Convaincre son interlocuteur,BD1-CON105,Définir une clé primaire appropriée pour une table au regard du contexte,0
communiquer-4.4,Convaincre son interlocuteur,BD1-CON106,Définir une clé primaire appropriée pour une table au regard d'un ensemble de dépendances fonctionnelles,0
communiquer-4.4,Convaincre son interlocuteur,BD1-CON107,Définir les contraintes d'intégrité référentielles,0
communiquer-4.4,Convaincre son interlocuteur,BD1-CON108,Définir les (autres) contraintes d'intégrité appropriées au regard du contexte,0
communiquer-4.4,Convaincre son interlocuteur,BD1-EVA201,Identifier les anomalies d'un schéma relationnel,0
communiquer-4.4,Convaincre son interlocuteur,BD1-EVA202,Définir les dépendances fonctionnelles entre les attributs,0
communiquer-4.4,Convaincre son interlocuteur,BD1-EVA203,Décomposer un schéma relationnel de manière approprié,0
communiquer-4.4,Convaincre son interlocuteur,BD1-EVA204,Évaluer la forme normale d'un schéma relationnel,0
communiquer-4.4,Convaincre son interlocuteur,BD1-EVA205,Réaliser la fermeture transitive d'une couverture minimale,0
communiquer-4.4,Convaincre son interlocuteur,BD1-EVA206,Transformer un schéma relationnel pour « améliorer » sa forme normale,0
communiquer-4.4,Convaincre son interlocuteur,BD1-EVA207,Argumenter en faveur ou non (dénormalisation) de l'équivalence modèle logique vs. modèle physique,0
communiquer-4.4,Convaincre son interlocuteur,BD1-LAN101,Expliciter les éléments d'une requête en algèbre relationnelle au format textuel,0
communiquer-4.4,Convaincre son interlocuteur,BD1-LAN102,Écrire une requête en algèbre relationnelle en utilisant les arbres algébriques,0
communiquer-4.4,Convaincre son interlocuteur,BD1-LAN103,Avoir une intuition de l'optimisation de requête,0
communiquer-4.4,Convaincre son interlocuteur,BD1-LAN201,Ecrire une requête simple de manipulation de données (LMD) en langage SQL,0
communiquer-4.4,Convaincre son interlocuteur,BD1-LAN202,Ecrire une requête complexe de manipulation de données (LMD) en langage SQL,0
communiquer-4.4,Convaincre son interlocuteur,BD1-LAN203,Ecrire une requête de définition de données (LDD) en langage SQL,0
communiquer-4.4,Convaincre son interlocuteur,BD1-LAN204,Définir des contraintes d'intégrité simples en langage SQL,0
communiquer-4.4,Convaincre son interlocuteur,BD1-LAN205,Identifier la nécessité de l'usage d'un trigger dans le cadre de la définition des CI (sans l'écrire),0
communiquer-4.4,Convaincre son interlocuteur,BD1-LAN206,Ecrire une requête d'attribution de droits en langage SQL (centralisé ou non),0
communiquer-4.4,Convaincre son interlocuteur,BD1-CONT101,Différencier sécurité (contrôle d'autorisation) et consistance (contrôle d'intégrité) des données,0
communiquer-4.4,Convaincre son interlocuteur,BD1-CONT102,Différencier gestion centralisé/non centralisé des droits,0
communiquer-4.4,Convaincre son interlocuteur,BD1-CONT201,Différencier vue relationnelle et relation,0
communiquer-4.4,Convaincre son interlocuteur,BD1-CONT202,Ecrire la requête effectivement réalisée par le SGBD à partir de la définition de la vue interrogée.,0
communiquer-4.4,Convaincre son interlocuteur,BD1-CONT203,Expliciter les avantages et inconvénients de l'usage des vues relationnelles,0
communiquer-4.4,Convaincre son interlocuteur,BD1-CONT204,Identifier les problèmes de mise à jour dans les vues relationnelles,0
communiquer-4.4,Convaincre son interlocuteur,BD1-CONT205,Utiliser la clause « with check option » dans la définition d'une vue relationnelle,0
communiquer-4.4,Convaincre son interlocuteur,BD1-INT101,Identifier le besoin en optimisation au niveau du stockage. I. e. quand définir un index.,0
communiquer-4.4,Convaincre son interlocuteur,BD1-INT102,Différencier le placement de l'accès aux données,0
communiquer-4.4,Convaincre son interlocuteur,BD1-INT201,Identifier le besoin de mise en œuvre de la gestion de la concurrence d'accès,0
communiquer-4.4,Convaincre son interlocuteur,BD1-INT202,Définir les opérations élémentaires (lecture/écriture) réalisées par le SGBD à partir d'un algorithme,0
communiquer-4.4,Convaincre son interlocuteur,BD1-INT203,Poser les verrous en lecture et en écriture (en assurant le verrouillage 2 phases) pour assurer une sérialisation des transactions,0
communiquer-4.4,Convaincre son interlocuteur,BD1-INT204,Associer problème de gestion de la concurrence et propriétés ACID,0
communiquer-4.4,Convaincre son interlocuteur,BD1-INT205,Définir la granule de verrouillage utilisée à partir de l'exécution de transactions,0
communiquer-4.4,Convaincre son interlocuteur,BD1-INT206,Identifier un interblocage (i.e. deadlock),0
communiquer-4.4,Convaincre son interlocuteur,,,0
